flow,product_id,source_raw_file,classification_code
Exports,010511,COMTRADE-FINAL-CA0082000H1[2005-01-11].gz,H1
Exports,010592,COMTRADE-FINAL-CA0082000H1[2005-01-11].gz,H1
Exports,010600,COMTRADE-FINAL-CA0082000H1[2005-01-11].gz,H1
Exports,020410,COMTRADE-FINAL-CA0082000H1[2005-01-11].gz,H1
Exports,020421,COMTRADE-FINAL-CA0082000H1[2005-01-11].gz,H1
Exports,020430,COMTRADE-FINAL-CA0082000H1[2005-01-11].gz,H1
Exports,020712,COMTRADE-FINAL-CA0082000H1[2005-01-11].gz,H1
Exports,020820,COMTRADE-FINAL-CA0082000H1[2005-01-11].gz,H1
Exports,030110,COMTRADE-FINAL-CA0082000H1[2005-01-11].gz,H1
Exports,030192,COMTRADE-FINAL-CA0082000H1[2005-01-11].gz,H1
Exports,030199,COMTRADE-FINAL-CA0082000H1[2005-01-11].gz,H1
Exports,030211,COMTRADE-FINAL-CA0082000H1[2005-01-11].gz,H1
Exports,030219,COMTRADE-FINAL-CA0082000H1[2005-01-11].gz,H1
Exports,030232,COMTRADE-FINAL-CA0082000H1[2005-01-11].gz,H1
Exports,030233,COMTRADE-FINAL-CA0082000H1[2005-01-11].gz,H1
Exports,030239,COMTRADE-FINAL-CA0082000H1[2005-01-11].gz,H1
Exports,030250,COMTRADE-FINAL-CA0082000H1[2005-01-11].gz,H1
Exports,030261,COMTRADE-FINAL-CA0082000H1[2005-01-11].gz,H1
Exports,030263,COMTRADE-FINAL-CA0082000H1[2005-01-11].gz,H1
Exports,030266,COMTRADE-FINAL-CA0082000H1[2005-01-11].gz,H1
Exports,030269,COMTRADE-FINAL-CA0082000H1[2005-01-11].gz,H1
Exports,030329,COMTRADE-FINAL-CA0082000H1[2005-01-11].gz,H1
Exports,030339,COMTRADE-FINAL-CA0082000H1[2005-01-11].gz,H1
Exports,030375,COMTRADE-FINAL-CA0082000H1[2005-01-11].gz,H1
Exports,030379,COMTRADE-FINAL-CA0082000H1[2005-01-11].gz,H1
Exports,030410,COMTRADE-FINAL-CA0082000H1[2005-01-11].gz,H1
Exports,030563,COMTRADE-FINAL-CA0082000H1[2005-01-11].gz,H1
Exports,030619,COMTRADE-FINAL-CA0082000H1[2005-01-11].gz,H1
Exports,030629,COMTRADE-FINAL-CA0082000H1[2005-01-11].gz,H1
Exports,030710,COMTRADE-FINAL-CA0082000H1[2005-01-11].gz,H1
Exports,030721,COMTRADE-FINAL-CA0082000H1[2005-01-11].gz,H1
Exports,030729,COMTRADE-FINAL-CA0082000H1[2005-01-11].gz,H1
Exports,030739,COMTRADE-FINAL-CA0082000H1[2005-01-11].gz,H1
Exports,030741,COMTRADE-FINAL-CA0082000H1[2005-01-11].gz,H1
Exports,030749,COMTRADE-FINAL-CA0082000H1[2005-01-11].gz,H1
Exports,030759,COMTRADE-FINAL-CA0082000H1[2005-01-11].gz,H1
Exports,030791,COMTRADE-FINAL-CA0082000H1[2005-01-11].gz,H1
Exports,030799,COMTRADE-FINAL-CA0082000H1[2005-01-11].gz,H1
Exports,040110,COMTRADE-FINAL-CA0082000H1[2005-01-11].gz,H1
Exports,040120,COMTRADE-FINAL-CA0082000H1[2005-01-11].gz,H1
Exports,040210,COMTRADE-FINAL-CA0082000H1[2005-01-11].gz,H1
Exports,040229,COMTRADE-FINAL-CA0082000H1[2005-01-11].gz,H1
Exports,040900,COMTRADE-FINAL-CA0082000H1[2005-01-11].gz,H1
Exports,050400,COMTRADE-FINAL-CA0082000H1[2005-01-11].gz,H1
Exports,050800,COMTRADE-FINAL-CA0082000H1[2005-01-11].gz,H1
Exports,060110,COMTRADE-FINAL-CA0082000H1[2005-01-11].gz,H1
Exports,060120,COMTRADE-FINAL-CA0082000H1[2005-01-11].gz,H1
Exports,060210,COMTRADE-FINAL-CA0082000H1[2005-01-11].gz,H1
Exports,060220,COMTRADE-FINAL-CA0082000H1[2005-01-11].gz,H1
Exports,060290,COMTRADE-FINAL-CA0082000H1[2005-01-11].gz,H1
Exports,060491,COMTRADE-FINAL-CA0082000H1[2005-01-11].gz,H1
Exports,060499,COMTRADE-FINAL-CA0082000H1[2005-01-11].gz,H1
Exports,070110,COMTRADE-FINAL-CA0082000H1[2005-01-11].gz,H1
Exports,070190,COMTRADE-FINAL-CA0082000H1[2005-01-11].gz,H1
Exports,070200,COMTRADE-FINAL-CA0082000H1[2005-01-11].gz,H1
Exports,070390,COMTRADE-FINAL-CA0082000H1[2005-01-11].gz,H1
Exports,070820,COMTRADE-FINAL-CA0082000H1[2005-01-11].gz,H1
Exports,070890,COMTRADE-FINAL-CA0082000H1[2005-01-11].gz,H1
Exports,071010,COMTRADE-FINAL-CA0082000H1[2005-01-11].gz,H1
Exports,071022,COMTRADE-FINAL-CA0082000H1[2005-01-11].gz,H1
Exports,071029,COMTRADE-FINAL-CA0082000H1[2005-01-11].gz,H1
Exports,071080,COMTRADE-FINAL-CA0082000H1[2005-01-11].gz,H1
Exports,071190,COMTRADE-FINAL-CA0082000H1[2005-01-11].gz,H1
Exports,071290,COMTRADE-FINAL-CA0082000H1[2005-01-11].gz,H1
Exports,071331,COMTRADE-FINAL-CA0082000H1[2005-01-11].gz,H1
Exports,071332,COMTRADE-FINAL-CA0082000H1[2005-01-11].gz,H1
Exports,071333,COMTRADE-FINAL-CA0082000H1[2005-01-11].gz,H1
Exports,071339,COMTRADE-FINAL-CA0082000H1[2005-01-11].gz,H1
Exports,071350,COMTRADE-FINAL-CA0082000H1[2005-01-11].gz,H1
Exports,080240,COMTRADE-FINAL-CA0082000H1[2005-01-11].gz,H1
Exports,080610,COMTRADE-FINAL-CA0082000H1[2005-01-11].gz,H1
Exports,080711,COMTRADE-FINAL-CA0082000H1[2005-01-11].gz,H1
Exports,090121,COMTRADE-FINAL-CA0082000H1[2005-01-11].gz,H1
Exports,090122,COMTRADE-FINAL-CA0082000H1[2005-01-11].gz,H1
Exports,090210,COMTRADE-FINAL-CA0082000H1[2005-01-11].gz,H1
Exports,090420,COMTRADE-FINAL-CA0082000H1[2005-01-11].gz,H1
Exports,090950,COMTRADE-FINAL-CA0082000H1[2005-01-11].gz,H1
Exports,091010,COMTRADE-FINAL-CA0082000H1[2005-01-11].gz,H1
Exports,091040,COMTRADE-FINAL-CA0082000H1[2005-01-11].gz,H1
Exports,091050,COMTRADE-FINAL-CA0082000H1[2005-01-11].gz,H1
Exports,091099,COMTRADE-FINAL-CA0082000H1[2005-01-11].gz,H1
Exports,100190,COMTRADE-FINAL-CA0082000H1[2005-01-11].gz,H1
Exports,100610,COMTRADE-FINAL-CA0082000H1[2005-01-11].gz,H1
Exports,120929,COMTRADE-FINAL-CA0082000H1[2005-01-11].gz,H1
Exports,121020,COMTRADE-FINAL-CA0082000H1[2005-01-11].gz,H1
Exports,121190,COMTRADE-FINAL-CA0082000H1[2005-01-11].gz,H1
Exports,121210,COMTRADE-FINAL-CA0082000H1[2005-01-11].gz,H1
Exports,121490,COMTRADE-FINAL-CA0082000H1[2005-01-11].gz,H1
Exports,130219,COMTRADE-FINAL-CA0082000H1[2005-01-11].gz,H1
Exports,130239,COMTRADE-FINAL-CA0082000H1[2005-01-11].gz,H1
Exports,150910,COMTRADE-FINAL-CA0082000H1[2005-01-11].gz,H1
Exports,151000,COMTRADE-FINAL-CA0082000H1[2005-01-11].gz,H1
Exports,160220,COMTRADE-FINAL-CA0082000H1[2005-01-11].gz,H1
Exports,160416,COMTRADE-FINAL-CA0082000H1[2005-01-11].gz,H1
Exports,160420,COMTRADE-FINAL-CA0082000H1[2005-01-11].gz,H1
Exports,170111,COMTRADE-FINAL-CA0082000H1[2005-01-11].gz,H1
Exports,170112,COMTRADE-FINAL-CA0082000H1[2005-01-11].gz,H1
Exports,170199,COMTRADE-FINAL-CA0082000H1[2005-01-11].gz,H1
Exports,170290,COMTRADE-FINAL-CA0082000H1[2005-01-11].gz,H1
Exports,170410,COMTRADE-FINAL-CA0082000H1[2005-01-11].gz,H1
Exports,170490,COMTRADE-FINAL-CA0082000H1[2005-01-11].gz,H1
Exports,190219,COMTRADE-FINAL-CA0082000H1[2005-01-11].gz,H1
Exports,190220,COMTRADE-FINAL-CA0082000H1[2005-01-11].gz,H1
Exports,190530,COMTRADE-FINAL-CA0082000H1[2005-01-11].gz,H1
Exports,190590,COMTRADE-FINAL-CA0082000H1[2005-01-11].gz,H1
Exports,200190,COMTRADE-FINAL-CA0082000H1[2005-01-11].gz,H1
Exports,200210,COMTRADE-FINAL-CA0082000H1[2005-01-11].gz,H1
Exports,200290,COMTRADE-FINAL-CA0082000H1[2005-01-11].gz,H1
Exports,200310,COMTRADE-FINAL-CA0082000H1[2005-01-11].gz,H1
Exports,200410,COMTRADE-FINAL-CA0082000H1[2005-01-11].gz,H1
Exports,200600,COMTRADE-FINAL-CA0082000H1[2005-01-11].gz,H1
Exports,200710,COMTRADE-FINAL-CA0082000H1[2005-01-11].gz,H1
Exports,200799,COMTRADE-FINAL-CA0082000H1[2005-01-11].gz,H1
Exports,200819,COMTRADE-FINAL-CA0082000H1[2005-01-11].gz,H1
Exports,200840,COMTRADE-FINAL-CA0082000H1[2005-01-11].gz,H1
Exports,200860,COMTRADE-FINAL-CA0082000H1[2005-01-11].gz,H1
Exports,200870,COMTRADE-FINAL-CA0082000H1[2005-01-11].gz,H1
Exports,200880,COMTRADE-FINAL-CA0082000H1[2005-01-11].gz,H1
Exports,200892,COMTRADE-FINAL-CA0082000H1[2005-01-11].gz,H1
Exports,200899,COMTRADE-FINAL-CA0082000H1[2005-01-11].gz,H1
Exports,200911,COMTRADE-FINAL-CA0082000H1[2005-01-11].gz,H1
Exports,200919,COMTRADE-FINAL-CA0082000H1[2005-01-11].gz,H1
Exports,200930,COMTRADE-FINAL-CA0082000H1[2005-01-11].gz,H1
Exports,200960,COMTRADE-FINAL-CA0082000H1[2005-01-11].gz,H1
Exports,200970,COMTRADE-FINAL-CA0082000H1[2005-01-11].gz,H1
Exports,200980,COMTRADE-FINAL-CA0082000H1[2005-01-11].gz,H1
Exports,200990,COMTRADE-FINAL-CA0082000H1[2005-01-11].gz,H1
Exports,210310,COMTRADE-FINAL-CA0082000H1[2005-01-11].gz,H1
Exports,210320,COMTRADE-FINAL-CA0082000H1[2005-01-11].gz,H1
Exports,210390,COMTRADE-FINAL-CA0082000H1[2005-01-11].gz,H1
Exports,210610,COMTRADE-FINAL-CA0082000H1[2005-01-11].gz,H1
Exports,210690,COMTRADE-FINAL-CA0082000H1[2005-01-11].gz,H1
Exports,220110,COMTRADE-FINAL-CA0082000H1[2005-01-11].gz,H1
Exports,220190,COMTRADE-FINAL-CA0082000H1[2005-01-11].gz,H1
Exports,220210,COMTRADE-FINAL-CA0082000H1[2005-01-11].gz,H1
Exports,220510,COMTRADE-FINAL-CA0082000H1[2005-01-11].gz,H1
Exports,220820,COMTRADE-FINAL-CA0082000H1[2005-01-11].gz,H1
Exports,230230,COMTRADE-FINAL-CA0082000H1[2005-01-11].gz,H1
Exports,230990,COMTRADE-FINAL-CA0082000H1[2005-01-11].gz,H1
Exports,240110,COMTRADE-FINAL-CA0082000H1[2005-01-11].gz,H1
Exports,240120,COMTRADE-FINAL-CA0082000H1[2005-01-11].gz,H1
Exports,240220,COMTRADE-FINAL-CA0082000H1[2005-01-11].gz,H1
Exports,240310,COMTRADE-FINAL-CA0082000H1[2005-01-11].gz,H1
Exports,250100,COMTRADE-FINAL-CA0082000H1[2005-01-11].gz,H1
Exports,250510,COMTRADE-FINAL-CA0082000H1[2005-01-11].gz,H1
Exports,250590,COMTRADE-FINAL-CA0082000H1[2005-01-11].gz,H1
Exports,250820,COMTRADE-FINAL-CA0082000H1[2005-01-11].gz,H1
Exports,251311,COMTRADE-FINAL-CA0082000H1[2005-01-11].gz,H1
Exports,251319,COMTRADE-FINAL-CA0082000H1[2005-01-11].gz,H1
Exports,251400,COMTRADE-FINAL-CA0082000H1[2005-01-11].gz,H1
Exports,251511,COMTRADE-FINAL-CA0082000H1[2005-01-11].gz,H1
Exports,251512,COMTRADE-FINAL-CA0082000H1[2005-01-11].gz,H1
Exports,251520,COMTRADE-FINAL-CA0082000H1[2005-01-11].gz,H1
Exports,251611,COMTRADE-FINAL-CA0082000H1[2005-01-11].gz,H1
Exports,251612,COMTRADE-FINAL-CA0082000H1[2005-01-11].gz,H1
Exports,251621,COMTRADE-FINAL-CA0082000H1[2005-01-11].gz,H1
Exports,251622,COMTRADE-FINAL-CA0082000H1[2005-01-11].gz,H1
Exports,251690,COMTRADE-FINAL-CA0082000H1[2005-01-11].gz,H1
Exports,251710,COMTRADE-FINAL-CA0082000H1[2005-01-11].gz,H1
Exports,252020,COMTRADE-FINAL-CA0082000H1[2005-01-11].gz,H1
Exports,252210,COMTRADE-FINAL-CA0082000H1[2005-01-11].gz,H1
Exports,252220,COMTRADE-FINAL-CA0082000H1[2005-01-11].gz,H1
Exports,252310,COMTRADE-FINAL-CA0082000H1[2005-01-11].gz,H1
Exports,252321,COMTRADE-FINAL-CA0082000H1[2005-01-11].gz,H1
Exports,252329,COMTRADE-FINAL-CA0082000H1[2005-01-11].gz,H1
Exports,252390,COMTRADE-FINAL-CA0082000H1[2005-01-11].gz,H1
Exports,260400,COMTRADE-FINAL-CA0082000H1[2005-01-11].gz,H1
Exports,260800,COMTRADE-FINAL-CA0082000H1[2005-01-11].gz,H1
Exports,261000,COMTRADE-FINAL-CA0082000H1[2005-01-11].gz,H1
Exports,261100,COMTRADE-FINAL-CA0082000H1[2005-01-11].gz,H1
Exports,261690,COMTRADE-FINAL-CA0082000H1[2005-01-11].gz,H1
Exports,261790,COMTRADE-FINAL-CA0082000H1[2005-01-11].gz,H1
Exports,261800,COMTRADE-FINAL-CA0082000H1[2005-01-11].gz,H1
Exports,262090,COMTRADE-FINAL-CA0082000H1[2005-01-11].gz,H1
Exports,262100,COMTRADE-FINAL-CA0082000H1[2005-01-11].gz,H1
Exports,270111,COMTRADE-FINAL-CA0082000H1[2005-01-11].gz,H1
Exports,270112,COMTRADE-FINAL-CA0082000H1[2005-01-11].gz,H1
Exports,270119,COMTRADE-FINAL-CA0082000H1[2005-01-11].gz,H1
Exports,270120,COMTRADE-FINAL-CA0082000H1[2005-01-11].gz,H1
Exports,270400,COMTRADE-FINAL-CA0082000H1[2005-01-11].gz,H1
Exports,270799,COMTRADE-FINAL-CA0082000H1[2005-01-11].gz,H1
Exports,270820,COMTRADE-FINAL-CA0082000H1[2005-01-11].gz,H1
Exports,270900,COMTRADE-FINAL-CA0082000H1[2005-01-11].gz,H1
Exports,271000,COMTRADE-FINAL-CA0082000H1[2005-01-11].gz,H1
Exports,271112,COMTRADE-FINAL-CA0082000H1[2005-01-11].gz,H1
Exports,271290,COMTRADE-FINAL-CA0082000H1[2005-01-11].gz,H1
Exports,271311,COMTRADE-FINAL-CA0082000H1[2005-01-11].gz,H1
Exports,271312,COMTRADE-FINAL-CA0082000H1[2005-01-11].gz,H1
Exports,271320,COMTRADE-FINAL-CA0082000H1[2005-01-11].gz,H1
Exports,271390,COMTRADE-FINAL-CA0082000H1[2005-01-11].gz,H1
Exports,271490,COMTRADE-FINAL-CA0082000H1[2005-01-11].gz,H1
Exports,271500,COMTRADE-FINAL-CA0082000H1[2005-01-11].gz,H1
Exports,280440,COMTRADE-FINAL-CA0082000H1[2005-01-11].gz,H1
Exports,280700,COMTRADE-FINAL-CA0082000H1[2005-01-11].gz,H1
Exports,281119,COMTRADE-FINAL-CA0082000H1[2005-01-11].gz,H1
Exports,281121,COMTRADE-FINAL-CA0082000H1[2005-01-11].gz,H1
Exports,281123,COMTRADE-FINAL-CA0082000H1[2005-01-11].gz,H1
Exports,281290,COMTRADE-FINAL-CA0082000H1[2005-01-11].gz,H1
Exports,281310,COMTRADE-FINAL-CA0082000H1[2005-01-11].gz,H1
Exports,281390,COMTRADE-FINAL-CA0082000H1[2005-01-11].gz,H1
Exports,281511,COMTRADE-FINAL-CA0082000H1[2005-01-11].gz,H1
Exports,281700,COMTRADE-FINAL-CA0082000H1[2005-01-11].gz,H1
Exports,282720,COMTRADE-FINAL-CA0082000H1[2005-01-11].gz,H1
Exports,283311,COMTRADE-FINAL-CA0082000H1[2005-01-11].gz,H1
Exports,283429,COMTRADE-FINAL-CA0082000H1[2005-01-11].gz,H1
Exports,283699,COMTRADE-FINAL-CA0082000H1[2005-01-11].gz,H1
Exports,284390,COMTRADE-FINAL-CA0082000H1[2005-01-11].gz,H1
Exports,290613,COMTRADE-FINAL-CA0082000H1[2005-01-11].gz,H1
Exports,293299,COMTRADE-FINAL-CA0082000H1[2005-01-11].gz,H1
Exports,293627,COMTRADE-FINAL-CA0082000H1[2005-01-11].gz,H1
Exports,293721,COMTRADE-FINAL-CA0082000H1[2005-01-11].gz,H1
Exports,300210,COMTRADE-FINAL-CA0082000H1[2005-01-11].gz,H1
Exports,300220,COMTRADE-FINAL-CA0082000H1[2005-01-11].gz,H1
Exports,300290,COMTRADE-FINAL-CA0082000H1[2005-01-11].gz,H1
Exports,300331,COMTRADE-FINAL-CA0082000H1[2005-01-11].gz,H1
Exports,300339,COMTRADE-FINAL-CA0082000H1[2005-01-11].gz,H1
Exports,300390,COMTRADE-FINAL-CA0082000H1[2005-01-11].gz,H1
Exports,300410,COMTRADE-FINAL-CA0082000H1[2005-01-11].gz,H1
Exports,300420,COMTRADE-FINAL-CA0082000H1[2005-01-11].gz,H1
Exports,300440,COMTRADE-FINAL-CA0082000H1[2005-01-11].gz,H1
Exports,300490,COMTRADE-FINAL-CA0082000H1[2005-01-11].gz,H1
Exports,300590,COMTRADE-FINAL-CA0082000H1[2005-01-11].gz,H1
Exports,320417,COMTRADE-FINAL-CA0082000H1[2005-01-11].gz,H1
Exports,320490,COMTRADE-FINAL-CA0082000H1[2005-01-11].gz,H1
Exports,320730,COMTRADE-FINAL-CA0082000H1[2005-01-11].gz,H1
Exports,320810,COMTRADE-FINAL-CA0082000H1[2005-01-11].gz,H1
Exports,320990,COMTRADE-FINAL-CA0082000H1[2005-01-11].gz,H1
Exports,321000,COMTRADE-FINAL-CA0082000H1[2005-01-11].gz,H1
Exports,321290,COMTRADE-FINAL-CA0082000H1[2005-01-11].gz,H1
Exports,321410,COMTRADE-FINAL-CA0082000H1[2005-01-11].gz,H1
Exports,321490,COMTRADE-FINAL-CA0082000H1[2005-01-11].gz,H1
Exports,330125,COMTRADE-FINAL-CA0082000H1[2005-01-11].gz,H1
Exports,330190,COMTRADE-FINAL-CA0082000H1[2005-01-11].gz,H1
Exports,330210,COMTRADE-FINAL-CA0082000H1[2005-01-11].gz,H1
Exports,330510,COMTRADE-FINAL-CA0082000H1[2005-01-11].gz,H1
Exports,330520,COMTRADE-FINAL-CA0082000H1[2005-01-11].gz,H1
Exports,330590,COMTRADE-FINAL-CA0082000H1[2005-01-11].gz,H1
Exports,330710,COMTRADE-FINAL-CA0082000H1[2005-01-11].gz,H1
Exports,340120,COMTRADE-FINAL-CA0082000H1[2005-01-11].gz,H1
Exports,340211,COMTRADE-FINAL-CA0082000H1[2005-01-11].gz,H1
Exports,340219,COMTRADE-FINAL-CA0082000H1[2005-01-11].gz,H1
Exports,340220,COMTRADE-FINAL-CA0082000H1[2005-01-11].gz,H1
Exports,340290,COMTRADE-FINAL-CA0082000H1[2005-01-11].gz,H1
Exports,340510,COMTRADE-FINAL-CA0082000H1[2005-01-11].gz,H1
Exports,350699,COMTRADE-FINAL-CA0082000H1[2005-01-11].gz,H1
Exports,360100,COMTRADE-FINAL-CA0082000H1[2005-01-11].gz,H1
Exports,360200,COMTRADE-FINAL-CA0082000H1[2005-01-11].gz,H1
Exports,370390,COMTRADE-FINAL-CA0082000H1[2005-01-11].gz,H1
Exports,370610,COMTRADE-FINAL-CA0082000H1[2005-01-11].gz,H1
Exports,370710,COMTRADE-FINAL-CA0082000H1[2005-01-11].gz,H1
Exports,380300,COMTRADE-FINAL-CA0082000H1[2005-01-11].gz,H1
Exports,380590,COMTRADE-FINAL-CA0082000H1[2005-01-11].gz,H1
Exports,380890,COMTRADE-FINAL-CA0082000H1[2005-01-11].gz,H1
Exports,390190,COMTRADE-FINAL-CA0082000H1[2005-01-11].gz,H1
Exports,390210,COMTRADE-FINAL-CA0082000H1[2005-01-11].gz,H1
Exports,390311,COMTRADE-FINAL-CA0082000H1[2005-01-11].gz,H1
Exports,390319,COMTRADE-FINAL-CA0082000H1[2005-01-11].gz,H1
Exports,390450,COMTRADE-FINAL-CA0082000H1[2005-01-11].gz,H1
Exports,390599,COMTRADE-FINAL-CA0082000H1[2005-01-11].gz,H1
Exports,390690,COMTRADE-FINAL-CA0082000H1[2005-01-11].gz,H1
Exports,390740,COMTRADE-FINAL-CA0082000H1[2005-01-11].gz,H1
Exports,390760,COMTRADE-FINAL-CA0082000H1[2005-01-11].gz,H1
Exports,390950,COMTRADE-FINAL-CA0082000H1[2005-01-11].gz,H1
Exports,391190,COMTRADE-FINAL-CA0082000H1[2005-01-11].gz,H1
Exports,391530,COMTRADE-FINAL-CA0082000H1[2005-01-11].gz,H1
Exports,391590,COMTRADE-FINAL-CA0082000H1[2005-01-11].gz,H1
Exports,391721,COMTRADE-FINAL-CA0082000H1[2005-01-11].gz,H1
Exports,391729,COMTRADE-FINAL-CA0082000H1[2005-01-11].gz,H1
Exports,391731,COMTRADE-FINAL-CA0082000H1[2005-01-11].gz,H1
Exports,391740,COMTRADE-FINAL-CA0082000H1[2005-01-11].gz,H1
Exports,391910,COMTRADE-FINAL-CA0082000H1[2005-01-11].gz,H1
Exports,392010,COMTRADE-FINAL-CA0082000H1[2005-01-11].gz,H1
Exports,392020,COMTRADE-FINAL-CA0082000H1[2005-01-11].gz,H1
Exports,392061,COMTRADE-FINAL-CA0082000H1[2005-01-11].gz,H1
Exports,392113,COMTRADE-FINAL-CA0082000H1[2005-01-11].gz,H1
Exports,392190,COMTRADE-FINAL-CA0082000H1[2005-01-11].gz,H1
Exports,392310,COMTRADE-FINAL-CA0082000H1[2005-01-11].gz,H1
Exports,392329,COMTRADE-FINAL-CA0082000H1[2005-01-11].gz,H1
Exports,392330,COMTRADE-FINAL-CA0082000H1[2005-01-11].gz,H1
Exports,392350,COMTRADE-FINAL-CA0082000H1[2005-01-11].gz,H1
Exports,392390,COMTRADE-FINAL-CA0082000H1[2005-01-11].gz,H1
Exports,392410,COMTRADE-FINAL-CA0082000H1[2005-01-11].gz,H1
Exports,392490,COMTRADE-FINAL-CA0082000H1[2005-01-11].gz,H1
Exports,392510,COMTRADE-FINAL-CA0082000H1[2005-01-11].gz,H1
Exports,392590,COMTRADE-FINAL-CA0082000H1[2005-01-11].gz,H1
Exports,392610,COMTRADE-FINAL-CA0082000H1[2005-01-11].gz,H1
Exports,392620,COMTRADE-FINAL-CA0082000H1[2005-01-11].gz,H1
Exports,392630,COMTRADE-FINAL-CA0082000H1[2005-01-11].gz,H1
Exports,392640,COMTRADE-FINAL-CA0082000H1[2005-01-11].gz,H1
Exports,392690,COMTRADE-FINAL-CA0082000H1[2005-01-11].gz,H1
Exports,400239,COMTRADE-FINAL-CA0082000H1[2005-01-11].gz,H1
Exports,400599,COMTRADE-FINAL-CA0082000H1[2005-01-11].gz,H1
Exports,401110,COMTRADE-FINAL-CA0082000H1[2005-01-11].gz,H1
Exports,401120,COMTRADE-FINAL-CA0082000H1[2005-01-11].gz,H1
Exports,401410,COMTRADE-FINAL-CA0082000H1[2005-01-11].gz,H1
Exports,401490,COMTRADE-FINAL-CA0082000H1[2005-01-11].gz,H1
Exports,401590,COMTRADE-FINAL-CA0082000H1[2005-01-11].gz,H1
Exports,401610,COMTRADE-FINAL-CA0082000H1[2005-01-11].gz,H1
Exports,401695,COMTRADE-FINAL-CA0082000H1[2005-01-11].gz,H1
Exports,410110,COMTRADE-FINAL-CA0082000H1[2005-01-11].gz,H1
Exports,410129,COMTRADE-FINAL-CA0082000H1[2005-01-11].gz,H1
Exports,410210,COMTRADE-FINAL-CA0082000H1[2005-01-11].gz,H1
Exports,410310,COMTRADE-FINAL-CA0082000H1[2005-01-11].gz,H1
Exports,410390,COMTRADE-FINAL-CA0082000H1[2005-01-11].gz,H1
Exports,410410,COMTRADE-FINAL-CA0082000H1[2005-01-11].gz,H1
Exports,410421,COMTRADE-FINAL-CA0082000H1[2005-01-11].gz,H1
Exports,410422,COMTRADE-FINAL-CA0082000H1[2005-01-11].gz,H1
Exports,410429,COMTRADE-FINAL-CA0082000H1[2005-01-11].gz,H1
Exports,410431,COMTRADE-FINAL-CA0082000H1[2005-01-11].gz,H1
Exports,410439,COMTRADE-FINAL-CA0082000H1[2005-01-11].gz,H1
Exports,410511,COMTRADE-FINAL-CA0082000H1[2005-01-11].gz,H1
Exports,410512,COMTRADE-FINAL-CA0082000H1[2005-01-11].gz,H1
Exports,410519,COMTRADE-FINAL-CA0082000H1[2005-01-11].gz,H1
Exports,410611,COMTRADE-FINAL-CA0082000H1[2005-01-11].gz,H1
Exports,410619,COMTRADE-FINAL-CA0082000H1[2005-01-11].gz,H1
Exports,420211,COMTRADE-FINAL-CA0082000H1[2005-01-11].gz,H1
Exports,420212,COMTRADE-FINAL-CA0082000H1[2005-01-11].gz,H1
Exports,420219,COMTRADE-FINAL-CA0082000H1[2005-01-11].gz,H1
Exports,420222,COMTRADE-FINAL-CA0082000H1[2005-01-11].gz,H1
Exports,420229,COMTRADE-FINAL-CA0082000H1[2005-01-11].gz,H1
Exports,420232,COMTRADE-FINAL-CA0082000H1[2005-01-11].gz,H1
Exports,420239,COMTRADE-FINAL-CA0082000H1[2005-01-11].gz,H1
Exports,420291,COMTRADE-FINAL-CA0082000H1[2005-01-11].gz,H1
Exports,420292,COMTRADE-FINAL-CA0082000H1[2005-01-11].gz,H1
Exports,420299,COMTRADE-FINAL-CA0082000H1[2005-01-11].gz,H1
Exports,430110,COMTRADE-FINAL-CA0082000H1[2005-01-11].gz,H1
Exports,430211,COMTRADE-FINAL-CA0082000H1[2005-01-11].gz,H1
Exports,430230,COMTRADE-FINAL-CA0082000H1[2005-01-11].gz,H1
Exports,430310,COMTRADE-FINAL-CA0082000H1[2005-01-11].gz,H1
Exports,430390,COMTRADE-FINAL-CA0082000H1[2005-01-11].gz,H1
Exports,440110,COMTRADE-FINAL-CA0082000H1[2005-01-11].gz,H1
Exports,440121,COMTRADE-FINAL-CA0082000H1[2005-01-11].gz,H1
Exports,440122,COMTRADE-FINAL-CA0082000H1[2005-01-11].gz,H1
Exports,440130,COMTRADE-FINAL-CA0082000H1[2005-01-11].gz,H1
Exports,440200,COMTRADE-FINAL-CA0082000H1[2005-01-11].gz,H1
Exports,440310,COMTRADE-FINAL-CA0082000H1[2005-01-11].gz,H1
Exports,440320,COMTRADE-FINAL-CA0082000H1[2005-01-11].gz,H1
Exports,440392,COMTRADE-FINAL-CA0082000H1[2005-01-11].gz,H1
Exports,440399,COMTRADE-FINAL-CA0082000H1[2005-01-11].gz,H1
Exports,440410,COMTRADE-FINAL-CA0082000H1[2005-01-11].gz,H1
Exports,440420,COMTRADE-FINAL-CA0082000H1[2005-01-11].gz,H1
Exports,440690,COMTRADE-FINAL-CA0082000H1[2005-01-11].gz,H1
Exports,440710,COMTRADE-FINAL-CA0082000H1[2005-01-11].gz,H1
Exports,440724,COMTRADE-FINAL-CA0082000H1[2005-01-11].gz,H1
Exports,440725,COMTRADE-FINAL-CA0082000H1[2005-01-11].gz,H1
Exports,440726,COMTRADE-FINAL-CA0082000H1[2005-01-11].gz,H1
Exports,440729,COMTRADE-FINAL-CA0082000H1[2005-01-11].gz,H1
Exports,440791,COMTRADE-FINAL-CA0082000H1[2005-01-11].gz,H1
Exports,440792,COMTRADE-FINAL-CA0082000H1[2005-01-11].gz,H1
Exports,440799,COMTRADE-FINAL-CA0082000H1[2005-01-11].gz,H1
Exports,440810,COMTRADE-FINAL-CA0082000H1[2005-01-11].gz,H1
Exports,440839,COMTRADE-FINAL-CA0082000H1[2005-01-11].gz,H1
Exports,440890,COMTRADE-FINAL-CA0082000H1[2005-01-11].gz,H1
Exports,440910,COMTRADE-FINAL-CA0082000H1[2005-01-11].gz,H1
Exports,440920,COMTRADE-FINAL-CA0082000H1[2005-01-11].gz,H1
Exports,441011,COMTRADE-FINAL-CA0082000H1[2005-01-11].gz,H1
Exports,441111,COMTRADE-FINAL-CA0082000H1[2005-01-11].gz,H1
Exports,441119,COMTRADE-FINAL-CA0082000H1[2005-01-11].gz,H1
Exports,441199,COMTRADE-FINAL-CA0082000H1[2005-01-11].gz,H1
Exports,441299,COMTRADE-FINAL-CA0082000H1[2005-01-11].gz,H1
Exports,441300,COMTRADE-FINAL-CA0082000H1[2005-01-11].gz,H1
Exports,441400,COMTRADE-FINAL-CA0082000H1[2005-01-11].gz,H1
Exports,441510,COMTRADE-FINAL-CA0082000H1[2005-01-11].gz,H1
Exports,441520,COMTRADE-FINAL-CA0082000H1[2005-01-11].gz,H1
Exports,441600,COMTRADE-FINAL-CA0082000H1[2005-01-11].gz,H1
Exports,441700,COMTRADE-FINAL-CA0082000H1[2005-01-11].gz,H1
Exports,441810,COMTRADE-FINAL-CA0082000H1[2005-01-11].gz,H1
Exports,441820,COMTRADE-FINAL-CA0082000H1[2005-01-11].gz,H1
Exports,441830,COMTRADE-FINAL-CA0082000H1[2005-01-11].gz,H1
Exports,441890,COMTRADE-FINAL-CA0082000H1[2005-01-11].gz,H1
Exports,441900,COMTRADE-FINAL-CA0082000H1[2005-01-11].gz,H1
Exports,442010,COMTRADE-FINAL-CA0082000H1[2005-01-11].gz,H1
Exports,442090,COMTRADE-FINAL-CA0082000H1[2005-01-11].gz,H1
Exports,442190,COMTRADE-FINAL-CA0082000H1[2005-01-11].gz,H1
Exports,460199,COMTRADE-FINAL-CA0082000H1[2005-01-11].gz,H1
Exports,460210,COMTRADE-FINAL-CA0082000H1[2005-01-11].gz,H1
Exports,470100,COMTRADE-FINAL-CA0082000H1[2005-01-11].gz,H1
Exports,480100,COMTRADE-FINAL-CA0082000H1[2005-01-11].gz,H1
Exports,480300,COMTRADE-FINAL-CA0082000H1[2005-01-11].gz,H1
Exports,480419,COMTRADE-FINAL-CA0082000H1[2005-01-11].gz,H1
Exports,480790,COMTRADE-FINAL-CA0082000H1[2005-01-11].gz,H1
Exports,480990,COMTRADE-FINAL-CA0082000H1[2005-01-11].gz,H1
Exports,481129,COMTRADE-FINAL-CA0082000H1[2005-01-11].gz,H1
Exports,481310,COMTRADE-FINAL-CA0082000H1[2005-01-11].gz,H1
Exports,481810,COMTRADE-FINAL-CA0082000H1[2005-01-11].gz,H1
Exports,481820,COMTRADE-FINAL-CA0082000H1[2005-01-11].gz,H1
Exports,481840,COMTRADE-FINAL-CA0082000H1[2005-01-11].gz,H1
Exports,481910,COMTRADE-FINAL-CA0082000H1[2005-01-11].gz,H1
Exports,481920,COMTRADE-FINAL-CA0082000H1[2005-01-11].gz,H1
Exports,481930,COMTRADE-FINAL-CA0082000H1[2005-01-11].gz,H1
Exports,481940,COMTRADE-FINAL-CA0082000H1[2005-01-11].gz,H1
Exports,482010,COMTRADE-FINAL-CA0082000H1[2005-01-11].gz,H1
Exports,482020,COMTRADE-FINAL-CA0082000H1[2005-01-11].gz,H1
Exports,482090,COMTRADE-FINAL-CA0082000H1[2005-01-11].gz,H1
Exports,482311,COMTRADE-FINAL-CA0082000H1[2005-01-11].gz,H1
Exports,482360,COMTRADE-FINAL-CA0082000H1[2005-01-11].gz,H1
Exports,482370,COMTRADE-FINAL-CA0082000H1[2005-01-11].gz,H1
Exports,482390,COMTRADE-FINAL-CA0082000H1[2005-01-11].gz,H1
Exports,490110,COMTRADE-FINAL-CA0082000H1[2005-01-11].gz,H1
Exports,490199,COMTRADE-FINAL-CA0082000H1[2005-01-11].gz,H1
Exports,490210,COMTRADE-FINAL-CA0082000H1[2005-01-11].gz,H1
Exports,490290,COMTRADE-FINAL-CA0082000H1[2005-01-11].gz,H1
Exports,490700,COMTRADE-FINAL-CA0082000H1[2005-01-11].gz,H1
Exports,491110,COMTRADE-FINAL-CA0082000H1[2005-01-11].gz,H1
Exports,491191,COMTRADE-FINAL-CA0082000H1[2005-01-11].gz,H1
Exports,491199,COMTRADE-FINAL-CA0082000H1[2005-01-11].gz,H1
Exports,500400,COMTRADE-FINAL-CA0082000H1[2005-01-11].gz,H1
Exports,510119,COMTRADE-FINAL-CA0082000H1[2005-01-11].gz,H1
Exports,510129,COMTRADE-FINAL-CA0082000H1[2005-01-11].gz,H1
Exports,510529,COMTRADE-FINAL-CA0082000H1[2005-01-11].gz,H1
Exports,520419,COMTRADE-FINAL-CA0082000H1[2005-01-11].gz,H1
Exports,520512,COMTRADE-FINAL-CA0082000H1[2005-01-11].gz,H1
Exports,520839,COMTRADE-FINAL-CA0082000H1[2005-01-11].gz,H1
Exports,520942,COMTRADE-FINAL-CA0082000H1[2005-01-11].gz,H1
Exports,540620,COMTRADE-FINAL-CA0082000H1[2005-01-11].gz,H1
Exports,540710,COMTRADE-FINAL-CA0082000H1[2005-01-11].gz,H1
Exports,540720,COMTRADE-FINAL-CA0082000H1[2005-01-11].gz,H1
Exports,540773,COMTRADE-FINAL-CA0082000H1[2005-01-11].gz,H1
Exports,540774,COMTRADE-FINAL-CA0082000H1[2005-01-11].gz,H1
Exports,551341,COMTRADE-FINAL-CA0082000H1[2005-01-11].gz,H1
Exports,551449,COMTRADE-FINAL-CA0082000H1[2005-01-11].gz,H1
Exports,560110,COMTRADE-FINAL-CA0082000H1[2005-01-11].gz,H1
Exports,560410,COMTRADE-FINAL-CA0082000H1[2005-01-11].gz,H1
Exports,560749,COMTRADE-FINAL-CA0082000H1[2005-01-11].gz,H1
Exports,560890,COMTRADE-FINAL-CA0082000H1[2005-01-11].gz,H1
Exports,570259,COMTRADE-FINAL-CA0082000H1[2005-01-11].gz,H1
Exports,570500,COMTRADE-FINAL-CA0082000H1[2005-01-11].gz,H1
Exports,580132,COMTRADE-FINAL-CA0082000H1[2005-01-11].gz,H1
Exports,580190,COMTRADE-FINAL-CA0082000H1[2005-01-11].gz,H1
Exports,580410,COMTRADE-FINAL-CA0082000H1[2005-01-11].gz,H1
Exports,580620,COMTRADE-FINAL-CA0082000H1[2005-01-11].gz,H1
Exports,580639,COMTRADE-FINAL-CA0082000H1[2005-01-11].gz,H1
Exports,580710,COMTRADE-FINAL-CA0082000H1[2005-01-11].gz,H1
Exports,580890,COMTRADE-FINAL-CA0082000H1[2005-01-11].gz,H1
Exports,581010,COMTRADE-FINAL-CA0082000H1[2005-01-11].gz,H1
Exports,581091,COMTRADE-FINAL-CA0082000H1[2005-01-11].gz,H1
Exports,581099,COMTRADE-FINAL-CA0082000H1[2005-01-11].gz,H1
Exports,590310,COMTRADE-FINAL-CA0082000H1[2005-01-11].gz,H1
Exports,590390,COMTRADE-FINAL-CA0082000H1[2005-01-11].gz,H1
Exports,590800,COMTRADE-FINAL-CA0082000H1[2005-01-11].gz,H1
Exports,600230,COMTRADE-FINAL-CA0082000H1[2005-01-11].gz,H1
Exports,600292,COMTRADE-FINAL-CA0082000H1[2005-01-11].gz,H1
Exports,610110,COMTRADE-FINAL-CA0082000H1[2005-01-11].gz,H1
Exports,610190,COMTRADE-FINAL-CA0082000H1[2005-01-11].gz,H1
Exports,610210,COMTRADE-FINAL-CA0082000H1[2005-01-11].gz,H1
Exports,610220,COMTRADE-FINAL-CA0082000H1[2005-01-11].gz,H1
Exports,610230,COMTRADE-FINAL-CA0082000H1[2005-01-11].gz,H1
Exports,610290,COMTRADE-FINAL-CA0082000H1[2005-01-11].gz,H1
Exports,610312,COMTRADE-FINAL-CA0082000H1[2005-01-11].gz,H1
Exports,610321,COMTRADE-FINAL-CA0082000H1[2005-01-11].gz,H1
Exports,610329,COMTRADE-FINAL-CA0082000H1[2005-01-11].gz,H1
Exports,610332,COMTRADE-FINAL-CA0082000H1[2005-01-11].gz,H1
Exports,610333,COMTRADE-FINAL-CA0082000H1[2005-01-11].gz,H1
Exports,610339,COMTRADE-FINAL-CA0082000H1[2005-01-11].gz,H1
Exports,610341,COMTRADE-FINAL-CA0082000H1[2005-01-11].gz,H1
Exports,610342,COMTRADE-FINAL-CA0082000H1[2005-01-11].gz,H1
Exports,610343,COMTRADE-FINAL-CA0082000H1[2005-01-11].gz,H1
Exports,610349,COMTRADE-FINAL-CA0082000H1[2005-01-11].gz,H1
Exports,610412,COMTRADE-FINAL-CA0082000H1[2005-01-11].gz,H1
Exports,610419,COMTRADE-FINAL-CA0082000H1[2005-01-11].gz,H1
Exports,610421,COMTRADE-FINAL-CA0082000H1[2005-01-11].gz,H1
Exports,610429,COMTRADE-FINAL-CA0082000H1[2005-01-11].gz,H1
Exports,610433,COMTRADE-FINAL-CA0082000H1[2005-01-11].gz,H1
Exports,610443,COMTRADE-FINAL-CA0082000H1[2005-01-11].gz,H1
Exports,610451,COMTRADE-FINAL-CA0082000H1[2005-01-11].gz,H1
Exports,610453,COMTRADE-FINAL-CA0082000H1[2005-01-11].gz,H1
Exports,610459,COMTRADE-FINAL-CA0082000H1[2005-01-11].gz,H1
Exports,610461,COMTRADE-FINAL-CA0082000H1[2005-01-11].gz,H1
Exports,610462,COMTRADE-FINAL-CA0082000H1[2005-01-11].gz,H1
Exports,610463,COMTRADE-FINAL-CA0082000H1[2005-01-11].gz,H1
Exports,610469,COMTRADE-FINAL-CA0082000H1[2005-01-11].gz,H1
Exports,610510,COMTRADE-FINAL-CA0082000H1[2005-01-11].gz,H1
Exports,610520,COMTRADE-FINAL-CA0082000H1[2005-01-11].gz,H1
Exports,610590,COMTRADE-FINAL-CA0082000H1[2005-01-11].gz,H1
Exports,610610,COMTRADE-FINAL-CA0082000H1[2005-01-11].gz,H1
Exports,610620,COMTRADE-FINAL-CA0082000H1[2005-01-11].gz,H1
Exports,610690,COMTRADE-FINAL-CA0082000H1[2005-01-11].gz,H1
Exports,610711,COMTRADE-FINAL-CA0082000H1[2005-01-11].gz,H1
Exports,610712,COMTRADE-FINAL-CA0082000H1[2005-01-11].gz,H1
Exports,610719,COMTRADE-FINAL-CA0082000H1[2005-01-11].gz,H1
Exports,610721,COMTRADE-FINAL-CA0082000H1[2005-01-11].gz,H1
Exports,610722,COMTRADE-FINAL-CA0082000H1[2005-01-11].gz,H1
Exports,610729,COMTRADE-FINAL-CA0082000H1[2005-01-11].gz,H1
Exports,610791,COMTRADE-FINAL-CA0082000H1[2005-01-11].gz,H1
Exports,610811,COMTRADE-FINAL-CA0082000H1[2005-01-11].gz,H1
Exports,610819,COMTRADE-FINAL-CA0082000H1[2005-01-11].gz,H1
Exports,610821,COMTRADE-FINAL-CA0082000H1[2005-01-11].gz,H1
Exports,610822,COMTRADE-FINAL-CA0082000H1[2005-01-11].gz,H1
Exports,610829,COMTRADE-FINAL-CA0082000H1[2005-01-11].gz,H1
Exports,610831,COMTRADE-FINAL-CA0082000H1[2005-01-11].gz,H1
Exports,610832,COMTRADE-FINAL-CA0082000H1[2005-01-11].gz,H1
Exports,610891,COMTRADE-FINAL-CA0082000H1[2005-01-11].gz,H1
Exports,610892,COMTRADE-FINAL-CA0082000H1[2005-01-11].gz,H1
Exports,610899,COMTRADE-FINAL-CA0082000H1[2005-01-11].gz,H1
Exports,610990,COMTRADE-FINAL-CA0082000H1[2005-01-11].gz,H1
Exports,611010,COMTRADE-FINAL-CA0082000H1[2005-01-11].gz,H1
Exports,611020,COMTRADE-FINAL-CA0082000H1[2005-01-11].gz,H1
Exports,611030,COMTRADE-FINAL-CA0082000H1[2005-01-11].gz,H1
Exports,611090,COMTRADE-FINAL-CA0082000H1[2005-01-11].gz,H1
Exports,611110,COMTRADE-FINAL-CA0082000H1[2005-01-11].gz,H1
Exports,611120,COMTRADE-FINAL-CA0082000H1[2005-01-11].gz,H1
Exports,611130,COMTRADE-FINAL-CA0082000H1[2005-01-11].gz,H1
Exports,611190,COMTRADE-FINAL-CA0082000H1[2005-01-11].gz,H1
Exports,611211,COMTRADE-FINAL-CA0082000H1[2005-01-11].gz,H1
Exports,611212,COMTRADE-FINAL-CA0082000H1[2005-01-11].gz,H1
Exports,611219,COMTRADE-FINAL-CA0082000H1[2005-01-11].gz,H1
Exports,611220,COMTRADE-FINAL-CA0082000H1[2005-01-11].gz,H1
Exports,611231,COMTRADE-FINAL-CA0082000H1[2005-01-11].gz,H1
Exports,611239,COMTRADE-FINAL-CA0082000H1[2005-01-11].gz,H1
Exports,611241,COMTRADE-FINAL-CA0082000H1[2005-01-11].gz,H1
Exports,611249,COMTRADE-FINAL-CA0082000H1[2005-01-11].gz,H1
Exports,611300,COMTRADE-FINAL-CA0082000H1[2005-01-11].gz,H1
Exports,611490,COMTRADE-FINAL-CA0082000H1[2005-01-11].gz,H1
Exports,611511,COMTRADE-FINAL-CA0082000H1[2005-01-11].gz,H1
Exports,611520,COMTRADE-FINAL-CA0082000H1[2005-01-11].gz,H1
Exports,611591,COMTRADE-FINAL-CA0082000H1[2005-01-11].gz,H1
Exports,611592,COMTRADE-FINAL-CA0082000H1[2005-01-11].gz,H1
Exports,611593,COMTRADE-FINAL-CA0082000H1[2005-01-11].gz,H1
Exports,611780,COMTRADE-FINAL-CA0082000H1[2005-01-11].gz,H1
Exports,611790,COMTRADE-FINAL-CA0082000H1[2005-01-11].gz,H1
Exports,620111,COMTRADE-FINAL-CA0082000H1[2005-01-11].gz,H1
Exports,620112,COMTRADE-FINAL-CA0082000H1[2005-01-11].gz,H1
Exports,620119,COMTRADE-FINAL-CA0082000H1[2005-01-11].gz,H1
Exports,620192,COMTRADE-FINAL-CA0082000H1[2005-01-11].gz,H1
Exports,620193,COMTRADE-FINAL-CA0082000H1[2005-01-11].gz,H1
Exports,620199,COMTRADE-FINAL-CA0082000H1[2005-01-11].gz,H1
Exports,620211,COMTRADE-FINAL-CA0082000H1[2005-01-11].gz,H1
Exports,620212,COMTRADE-FINAL-CA0082000H1[2005-01-11].gz,H1
Exports,620213,COMTRADE-FINAL-CA0082000H1[2005-01-11].gz,H1
Exports,620219,COMTRADE-FINAL-CA0082000H1[2005-01-11].gz,H1
Exports,620292,COMTRADE-FINAL-CA0082000H1[2005-01-11].gz,H1
Exports,620299,COMTRADE-FINAL-CA0082000H1[2005-01-11].gz,H1
Exports,620311,COMTRADE-FINAL-CA0082000H1[2005-01-11].gz,H1
Exports,620312,COMTRADE-FINAL-CA0082000H1[2005-01-11].gz,H1
Exports,620319,COMTRADE-FINAL-CA0082000H1[2005-01-11].gz,H1
Exports,620329,COMTRADE-FINAL-CA0082000H1[2005-01-11].gz,H1
Exports,620331,COMTRADE-FINAL-CA0082000H1[2005-01-11].gz,H1
Exports,620332,COMTRADE-FINAL-CA0082000H1[2005-01-11].gz,H1
Exports,620333,COMTRADE-FINAL-CA0082000H1[2005-01-11].gz,H1
Exports,620339,COMTRADE-FINAL-CA0082000H1[2005-01-11].gz,H1
Exports,620341,COMTRADE-FINAL-CA0082000H1[2005-01-11].gz,H1
Exports,620342,COMTRADE-FINAL-CA0082000H1[2005-01-11].gz,H1
Exports,620343,COMTRADE-FINAL-CA0082000H1[2005-01-11].gz,H1
Exports,620349,COMTRADE-FINAL-CA0082000H1[2005-01-11].gz,H1
Exports,620411,COMTRADE-FINAL-CA0082000H1[2005-01-11].gz,H1
Exports,620412,COMTRADE-FINAL-CA0082000H1[2005-01-11].gz,H1
Exports,620413,COMTRADE-FINAL-CA0082000H1[2005-01-11].gz,H1
Exports,620419,COMTRADE-FINAL-CA0082000H1[2005-01-11].gz,H1
Exports,620421,COMTRADE-FINAL-CA0082000H1[2005-01-11].gz,H1
Exports,620422,COMTRADE-FINAL-CA0082000H1[2005-01-11].gz,H1
Exports,620429,COMTRADE-FINAL-CA0082000H1[2005-01-11].gz,H1
Exports,620431,COMTRADE-FINAL-CA0082000H1[2005-01-11].gz,H1
Exports,620432,COMTRADE-FINAL-CA0082000H1[2005-01-11].gz,H1
Exports,620433,COMTRADE-FINAL-CA0082000H1[2005-01-11].gz,H1
Exports,620439,COMTRADE-FINAL-CA0082000H1[2005-01-11].gz,H1
Exports,620442,COMTRADE-FINAL-CA0082000H1[2005-01-11].gz,H1
Exports,620443,COMTRADE-FINAL-CA0082000H1[2005-01-11].gz,H1
Exports,620449,COMTRADE-FINAL-CA0082000H1[2005-01-11].gz,H1
Exports,620452,COMTRADE-FINAL-CA0082000H1[2005-01-11].gz,H1
Exports,620453,COMTRADE-FINAL-CA0082000H1[2005-01-11].gz,H1
Exports,620459,COMTRADE-FINAL-CA0082000H1[2005-01-11].gz,H1
Exports,620461,COMTRADE-FINAL-CA0082000H1[2005-01-11].gz,H1
Exports,620462,COMTRADE-FINAL-CA0082000H1[2005-01-11].gz,H1
Exports,620463,COMTRADE-FINAL-CA0082000H1[2005-01-11].gz,H1
Exports,620469,COMTRADE-FINAL-CA0082000H1[2005-01-11].gz,H1
Exports,620510,COMTRADE-FINAL-CA0082000H1[2005-01-11].gz,H1
Exports,620520,COMTRADE-FINAL-CA0082000H1[2005-01-11].gz,H1
Exports,620530,COMTRADE-FINAL-CA0082000H1[2005-01-11].gz,H1
Exports,620590,COMTRADE-FINAL-CA0082000H1[2005-01-11].gz,H1
Exports,620610,COMTRADE-FINAL-CA0082000H1[2005-01-11].gz,H1
Exports,620620,COMTRADE-FINAL-CA0082000H1[2005-01-11].gz,H1
Exports,620630,COMTRADE-FINAL-CA0082000H1[2005-01-11].gz,H1
Exports,620640,COMTRADE-FINAL-CA0082000H1[2005-01-11].gz,H1
Exports,620690,COMTRADE-FINAL-CA0082000H1[2005-01-11].gz,H1
Exports,620711,COMTRADE-FINAL-CA0082000H1[2005-01-11].gz,H1
Exports,620719,COMTRADE-FINAL-CA0082000H1[2005-01-11].gz,H1
Exports,620721,COMTRADE-FINAL-CA0082000H1[2005-01-11].gz,H1
Exports,620722,COMTRADE-FINAL-CA0082000H1[2005-01-11].gz,H1
Exports,620729,COMTRADE-FINAL-CA0082000H1[2005-01-11].gz,H1
Exports,620791,COMTRADE-FINAL-CA0082000H1[2005-01-11].gz,H1
Exports,620799,COMTRADE-FINAL-CA0082000H1[2005-01-11].gz,H1
Exports,620819,COMTRADE-FINAL-CA0082000H1[2005-01-11].gz,H1
Exports,620821,COMTRADE-FINAL-CA0082000H1[2005-01-11].gz,H1
Exports,620822,COMTRADE-FINAL-CA0082000H1[2005-01-11].gz,H1
Exports,620829,COMTRADE-FINAL-CA0082000H1[2005-01-11].gz,H1
Exports,620891,COMTRADE-FINAL-CA0082000H1[2005-01-11].gz,H1
Exports,620892,COMTRADE-FINAL-CA0082000H1[2005-01-11].gz,H1
Exports,620910,COMTRADE-FINAL-CA0082000H1[2005-01-11].gz,H1
Exports,620920,COMTRADE-FINAL-CA0082000H1[2005-01-11].gz,H1
Exports,620930,COMTRADE-FINAL-CA0082000H1[2005-01-11].gz,H1
Exports,620990,COMTRADE-FINAL-CA0082000H1[2005-01-11].gz,H1
Exports,621010,COMTRADE-FINAL-CA0082000H1[2005-01-11].gz,H1
Exports,621020,COMTRADE-FINAL-CA0082000H1[2005-01-11].gz,H1
Exports,621050,COMTRADE-FINAL-CA0082000H1[2005-01-11].gz,H1
Exports,621111,COMTRADE-FINAL-CA0082000H1[2005-01-11].gz,H1
Exports,621112,COMTRADE-FINAL-CA0082000H1[2005-01-11].gz,H1
Exports,621120,COMTRADE-FINAL-CA0082000H1[2005-01-11].gz,H1
Exports,621132,COMTRADE-FINAL-CA0082000H1[2005-01-11].gz,H1
Exports,621133,COMTRADE-FINAL-CA0082000H1[2005-01-11].gz,H1
Exports,621139,COMTRADE-FINAL-CA0082000H1[2005-01-11].gz,H1
Exports,621141,COMTRADE-FINAL-CA0082000H1[2005-01-11].gz,H1
Exports,621142,COMTRADE-FINAL-CA0082000H1[2005-01-11].gz,H1
Exports,621143,COMTRADE-FINAL-CA0082000H1[2005-01-11].gz,H1
Exports,621210,COMTRADE-FINAL-CA0082000H1[2005-01-11].gz,H1
Exports,621290,COMTRADE-FINAL-CA0082000H1[2005-01-11].gz,H1
Exports,621320,COMTRADE-FINAL-CA0082000H1[2005-01-11].gz,H1
Exports,621390,COMTRADE-FINAL-CA0082000H1[2005-01-11].gz,H1
Exports,621490,COMTRADE-FINAL-CA0082000H1[2005-01-11].gz,H1
Exports,621710,COMTRADE-FINAL-CA0082000H1[2005-01-11].gz,H1
Exports,621790,COMTRADE-FINAL-CA0082000H1[2005-01-11].gz,H1
Exports,630110,COMTRADE-FINAL-CA0082000H1[2005-01-11].gz,H1
Exports,630190,COMTRADE-FINAL-CA0082000H1[2005-01-11].gz,H1
Exports,630210,COMTRADE-FINAL-CA0082000H1[2005-01-11].gz,H1
Exports,630221,COMTRADE-FINAL-CA0082000H1[2005-01-11].gz,H1
Exports,630222,COMTRADE-FINAL-CA0082000H1[2005-01-11].gz,H1
Exports,630229,COMTRADE-FINAL-CA0082000H1[2005-01-11].gz,H1
Exports,630499,COMTRADE-FINAL-CA0082000H1[2005-01-11].gz,H1
Exports,630510,COMTRADE-FINAL-CA0082000H1[2005-01-11].gz,H1
Exports,630520,COMTRADE-FINAL-CA0082000H1[2005-01-11].gz,H1
Exports,630539,COMTRADE-FINAL-CA0082000H1[2005-01-11].gz,H1
Exports,630619,COMTRADE-FINAL-CA0082000H1[2005-01-11].gz,H1
Exports,630641,COMTRADE-FINAL-CA0082000H1[2005-01-11].gz,H1
Exports,630699,COMTRADE-FINAL-CA0082000H1[2005-01-11].gz,H1
Exports,630710,COMTRADE-FINAL-CA0082000H1[2005-01-11].gz,H1
Exports,630790,COMTRADE-FINAL-CA0082000H1[2005-01-11].gz,H1
Exports,630900,COMTRADE-FINAL-CA0082000H1[2005-01-11].gz,H1
Exports,631090,COMTRADE-FINAL-CA0082000H1[2005-01-11].gz,H1
Exports,640110,COMTRADE-FINAL-CA0082000H1[2005-01-11].gz,H1
Exports,640191,COMTRADE-FINAL-CA0082000H1[2005-01-11].gz,H1
Exports,640192,COMTRADE-FINAL-CA0082000H1[2005-01-11].gz,H1
Exports,640199,COMTRADE-FINAL-CA0082000H1[2005-01-11].gz,H1
Exports,640219,COMTRADE-FINAL-CA0082000H1[2005-01-11].gz,H1
Exports,640220,COMTRADE-FINAL-CA0082000H1[2005-01-11].gz,H1
Exports,640299,COMTRADE-FINAL-CA0082000H1[2005-01-11].gz,H1
Exports,640312,COMTRADE-FINAL-CA0082000H1[2005-01-11].gz,H1
Exports,640319,COMTRADE-FINAL-CA0082000H1[2005-01-11].gz,H1
Exports,640320,COMTRADE-FINAL-CA0082000H1[2005-01-11].gz,H1
Exports,640351,COMTRADE-FINAL-CA0082000H1[2005-01-11].gz,H1
Exports,640359,COMTRADE-FINAL-CA0082000H1[2005-01-11].gz,H1
Exports,640399,COMTRADE-FINAL-CA0082000H1[2005-01-11].gz,H1
Exports,640419,COMTRADE-FINAL-CA0082000H1[2005-01-11].gz,H1
Exports,640420,COMTRADE-FINAL-CA0082000H1[2005-01-11].gz,H1
Exports,640510,COMTRADE-FINAL-CA0082000H1[2005-01-11].gz,H1
Exports,640520,COMTRADE-FINAL-CA0082000H1[2005-01-11].gz,H1
Exports,640590,COMTRADE-FINAL-CA0082000H1[2005-01-11].gz,H1
Exports,640610,COMTRADE-FINAL-CA0082000H1[2005-01-11].gz,H1
Exports,640620,COMTRADE-FINAL-CA0082000H1[2005-01-11].gz,H1
Exports,640691,COMTRADE-FINAL-CA0082000H1[2005-01-11].gz,H1
Exports,640699,COMTRADE-FINAL-CA0082000H1[2005-01-11].gz,H1
Exports,650699,COMTRADE-FINAL-CA0082000H1[2005-01-11].gz,H1
Exports,660110,COMTRADE-FINAL-CA0082000H1[2005-01-11].gz,H1
Exports,670290,COMTRADE-FINAL-CA0082000H1[2005-01-11].gz,H1
Exports,680100,COMTRADE-FINAL-CA0082000H1[2005-01-11].gz,H1
Exports,680210,COMTRADE-FINAL-CA0082000H1[2005-01-11].gz,H1
Exports,680221,COMTRADE-FINAL-CA0082000H1[2005-01-11].gz,H1
Exports,680229,COMTRADE-FINAL-CA0082000H1[2005-01-11].gz,H1
Exports,680291,COMTRADE-FINAL-CA0082000H1[2005-01-11].gz,H1
Exports,680292,COMTRADE-FINAL-CA0082000H1[2005-01-11].gz,H1
Exports,680299,COMTRADE-FINAL-CA0082000H1[2005-01-11].gz,H1
Exports,680300,COMTRADE-FINAL-CA0082000H1[2005-01-11].gz,H1
Exports,680422,COMTRADE-FINAL-CA0082000H1[2005-01-11].gz,H1
Exports,680423,COMTRADE-FINAL-CA0082000H1[2005-01-11].gz,H1
Exports,680530,COMTRADE-FINAL-CA0082000H1[2005-01-11].gz,H1
Exports,680710,COMTRADE-FINAL-CA0082000H1[2005-01-11].gz,H1
Exports,680790,COMTRADE-FINAL-CA0082000H1[2005-01-11].gz,H1
Exports,680990,COMTRADE-FINAL-CA0082000H1[2005-01-11].gz,H1
Exports,681019,COMTRADE-FINAL-CA0082000H1[2005-01-11].gz,H1
Exports,681099,COMTRADE-FINAL-CA0082000H1[2005-01-11].gz,H1
Exports,681190,COMTRADE-FINAL-CA0082000H1[2005-01-11].gz,H1
Exports,681599,COMTRADE-FINAL-CA0082000H1[2005-01-11].gz,H1
Exports,690100,COMTRADE-FINAL-CA0082000H1[2005-01-11].gz,H1
Exports,690290,COMTRADE-FINAL-CA0082000H1[2005-01-11].gz,H1
Exports,690410,COMTRADE-FINAL-CA0082000H1[2005-01-11].gz,H1
Exports,690490,COMTRADE-FINAL-CA0082000H1[2005-01-11].gz,H1
Exports,690510,COMTRADE-FINAL-CA0082000H1[2005-01-11].gz,H1
Exports,690590,COMTRADE-FINAL-CA0082000H1[2005-01-11].gz,H1
Exports,690710,COMTRADE-FINAL-CA0082000H1[2005-01-11].gz,H1
Exports,690790,COMTRADE-FINAL-CA0082000H1[2005-01-11].gz,H1
Exports,690810,COMTRADE-FINAL-CA0082000H1[2005-01-11].gz,H1
Exports,690890,COMTRADE-FINAL-CA0082000H1[2005-01-11].gz,H1
Exports,690990,COMTRADE-FINAL-CA0082000H1[2005-01-11].gz,H1
Exports,691010,COMTRADE-FINAL-CA0082000H1[2005-01-11].gz,H1
Exports,691200,COMTRADE-FINAL-CA0082000H1[2005-01-11].gz,H1
Exports,691390,COMTRADE-FINAL-CA0082000H1[2005-01-11].gz,H1
Exports,691490,COMTRADE-FINAL-CA0082000H1[2005-01-11].gz,H1
Exports,700100,COMTRADE-FINAL-CA0082000H1[2005-01-11].gz,H1
Exports,700800,COMTRADE-FINAL-CA0082000H1[2005-01-11].gz,H1
Exports,700910,COMTRADE-FINAL-CA0082000H1[2005-01-11].gz,H1
Exports,700991,COMTRADE-FINAL-CA0082000H1[2005-01-11].gz,H1
Exports,700992,COMTRADE-FINAL-CA0082000H1[2005-01-11].gz,H1
Exports,701093,COMTRADE-FINAL-CA0082000H1[2005-01-11].gz,H1
Exports,701790,COMTRADE-FINAL-CA0082000H1[2005-01-11].gz,H1
Exports,701810,COMTRADE-FINAL-CA0082000H1[2005-01-11].gz,H1
Exports,702000,COMTRADE-FINAL-CA0082000H1[2005-01-11].gz,H1
Exports,710122,COMTRADE-FINAL-CA0082000H1[2005-01-11].gz,H1
Exports,710231,COMTRADE-FINAL-CA0082000H1[2005-01-11].gz,H1
Exports,710691,COMTRADE-FINAL-CA0082000H1[2005-01-11].gz,H1
Exports,711311,COMTRADE-FINAL-CA0082000H1[2005-01-11].gz,H1
Exports,711411,COMTRADE-FINAL-CA0082000H1[2005-01-11].gz,H1
Exports,711719,COMTRADE-FINAL-CA0082000H1[2005-01-11].gz,H1
Exports,711790,COMTRADE-FINAL-CA0082000H1[2005-01-11].gz,H1
Exports,720150,COMTRADE-FINAL-CA0082000H1[2005-01-11].gz,H1
Exports,720211,COMTRADE-FINAL-CA0082000H1[2005-01-11].gz,H1
Exports,720219,COMTRADE-FINAL-CA0082000H1[2005-01-11].gz,H1
Exports,720241,COMTRADE-FINAL-CA0082000H1[2005-01-11].gz,H1
Exports,720410,COMTRADE-FINAL-CA0082000H1[2005-01-11].gz,H1
Exports,720421,COMTRADE-FINAL-CA0082000H1[2005-01-11].gz,H1
Exports,720429,COMTRADE-FINAL-CA0082000H1[2005-01-11].gz,H1
Exports,720441,COMTRADE-FINAL-CA0082000H1[2005-01-11].gz,H1
Exports,720449,COMTRADE-FINAL-CA0082000H1[2005-01-11].gz,H1
Exports,720450,COMTRADE-FINAL-CA0082000H1[2005-01-11].gz,H1
Exports,720610,COMTRADE-FINAL-CA0082000H1[2005-01-11].gz,H1
Exports,720690,COMTRADE-FINAL-CA0082000H1[2005-01-11].gz,H1
Exports,720719,COMTRADE-FINAL-CA0082000H1[2005-01-11].gz,H1
Exports,720851,COMTRADE-FINAL-CA0082000H1[2005-01-11].gz,H1
Exports,720890,COMTRADE-FINAL-CA0082000H1[2005-01-11].gz,H1
Exports,720918,COMTRADE-FINAL-CA0082000H1[2005-01-11].gz,H1
Exports,720928,COMTRADE-FINAL-CA0082000H1[2005-01-11].gz,H1
Exports,721119,COMTRADE-FINAL-CA0082000H1[2005-01-11].gz,H1
Exports,721190,COMTRADE-FINAL-CA0082000H1[2005-01-11].gz,H1
Exports,721230,COMTRADE-FINAL-CA0082000H1[2005-01-11].gz,H1
Exports,721310,COMTRADE-FINAL-CA0082000H1[2005-01-11].gz,H1
Exports,721410,COMTRADE-FINAL-CA0082000H1[2005-01-11].gz,H1
Exports,721420,COMTRADE-FINAL-CA0082000H1[2005-01-11].gz,H1
Exports,721590,COMTRADE-FINAL-CA0082000H1[2005-01-11].gz,H1
Exports,721650,COMTRADE-FINAL-CA0082000H1[2005-01-11].gz,H1
Exports,721661,COMTRADE-FINAL-CA0082000H1[2005-01-11].gz,H1
Exports,721710,COMTRADE-FINAL-CA0082000H1[2005-01-11].gz,H1
Exports,721899,COMTRADE-FINAL-CA0082000H1[2005-01-11].gz,H1
Exports,722300,COMTRADE-FINAL-CA0082000H1[2005-01-11].gz,H1
Exports,722620,COMTRADE-FINAL-CA0082000H1[2005-01-11].gz,H1
Exports,730300,COMTRADE-FINAL-CA0082000H1[2005-01-11].gz,H1
Exports,730410,COMTRADE-FINAL-CA0082000H1[2005-01-11].gz,H1
Exports,730439,COMTRADE-FINAL-CA0082000H1[2005-01-11].gz,H1
Exports,730490,COMTRADE-FINAL-CA0082000H1[2005-01-11].gz,H1
Exports,730640,COMTRADE-FINAL-CA0082000H1[2005-01-11].gz,H1
Exports,730719,COMTRADE-FINAL-CA0082000H1[2005-01-11].gz,H1
Exports,730840,COMTRADE-FINAL-CA0082000H1[2005-01-11].gz,H1
Exports,730890,COMTRADE-FINAL-CA0082000H1[2005-01-11].gz,H1
Exports,730900,COMTRADE-FINAL-CA0082000H1[2005-01-11].gz,H1
Exports,731010,COMTRADE-FINAL-CA0082000H1[2005-01-11].gz,H1
Exports,731029,COMTRADE-FINAL-CA0082000H1[2005-01-11].gz,H1
Exports,731100,COMTRADE-FINAL-CA0082000H1[2005-01-11].gz,H1
Exports,731210,COMTRADE-FINAL-CA0082000H1[2005-01-11].gz,H1
Exports,731700,COMTRADE-FINAL-CA0082000H1[2005-01-11].gz,H1
Exports,731815,COMTRADE-FINAL-CA0082000H1[2005-01-11].gz,H1
Exports,731819,COMTRADE-FINAL-CA0082000H1[2005-01-11].gz,H1
Exports,731829,COMTRADE-FINAL-CA0082000H1[2005-01-11].gz,H1
Exports,732111,COMTRADE-FINAL-CA0082000H1[2005-01-11].gz,H1
Exports,732113,COMTRADE-FINAL-CA0082000H1[2005-01-11].gz,H1
Exports,732181,COMTRADE-FINAL-CA0082000H1[2005-01-11].gz,H1
Exports,732190,COMTRADE-FINAL-CA0082000H1[2005-01-11].gz,H1
Exports,732219,COMTRADE-FINAL-CA0082000H1[2005-01-11].gz,H1
Exports,732510,COMTRADE-FINAL-CA0082000H1[2005-01-11].gz,H1
Exports,732620,COMTRADE-FINAL-CA0082000H1[2005-01-11].gz,H1
Exports,732690,COMTRADE-FINAL-CA0082000H1[2005-01-11].gz,H1
Exports,740319,COMTRADE-FINAL-CA0082000H1[2005-01-11].gz,H1
Exports,740322,COMTRADE-FINAL-CA0082000H1[2005-01-11].gz,H1
Exports,740400,COMTRADE-FINAL-CA0082000H1[2005-01-11].gz,H1
Exports,740729,COMTRADE-FINAL-CA0082000H1[2005-01-11].gz,H1
Exports,740821,COMTRADE-FINAL-CA0082000H1[2005-01-11].gz,H1
Exports,740822,COMTRADE-FINAL-CA0082000H1[2005-01-11].gz,H1
Exports,740829,COMTRADE-FINAL-CA0082000H1[2005-01-11].gz,H1
Exports,740929,COMTRADE-FINAL-CA0082000H1[2005-01-11].gz,H1
Exports,740939,COMTRADE-FINAL-CA0082000H1[2005-01-11].gz,H1
Exports,741820,COMTRADE-FINAL-CA0082000H1[2005-01-11].gz,H1
Exports,750522,COMTRADE-FINAL-CA0082000H1[2005-01-11].gz,H1
Exports,760110,COMTRADE-FINAL-CA0082000H1[2005-01-11].gz,H1
Exports,760120,COMTRADE-FINAL-CA0082000H1[2005-01-11].gz,H1
Exports,760200,COMTRADE-FINAL-CA0082000H1[2005-01-11].gz,H1
Exports,760310,COMTRADE-FINAL-CA0082000H1[2005-01-11].gz,H1
Exports,760410,COMTRADE-FINAL-CA0082000H1[2005-01-11].gz,H1
Exports,760421,COMTRADE-FINAL-CA0082000H1[2005-01-11].gz,H1
Exports,760429,COMTRADE-FINAL-CA0082000H1[2005-01-11].gz,H1
Exports,760511,COMTRADE-FINAL-CA0082000H1[2005-01-11].gz,H1
Exports,760519,COMTRADE-FINAL-CA0082000H1[2005-01-11].gz,H1
Exports,760612,COMTRADE-FINAL-CA0082000H1[2005-01-11].gz,H1
Exports,760692,COMTRADE-FINAL-CA0082000H1[2005-01-11].gz,H1
Exports,760810,COMTRADE-FINAL-CA0082000H1[2005-01-11].gz,H1
Exports,760900,COMTRADE-FINAL-CA0082000H1[2005-01-11].gz,H1
Exports,761010,COMTRADE-FINAL-CA0082000H1[2005-01-11].gz,H1
Exports,761090,COMTRADE-FINAL-CA0082000H1[2005-01-11].gz,H1
Exports,761100,COMTRADE-FINAL-CA0082000H1[2005-01-11].gz,H1
Exports,761290,COMTRADE-FINAL-CA0082000H1[2005-01-11].gz,H1
Exports,761519,COMTRADE-FINAL-CA0082000H1[2005-01-11].gz,H1
Exports,761610,COMTRADE-FINAL-CA0082000H1[2005-01-11].gz,H1
Exports,761691,COMTRADE-FINAL-CA0082000H1[2005-01-11].gz,H1
Exports,761699,COMTRADE-FINAL-CA0082000H1[2005-01-11].gz,H1
Exports,780199,COMTRADE-FINAL-CA0082000H1[2005-01-11].gz,H1
Exports,780200,COMTRADE-FINAL-CA0082000H1[2005-01-11].gz,H1
Exports,780419,COMTRADE-FINAL-CA0082000H1[2005-01-11].gz,H1
Exports,790200,COMTRADE-FINAL-CA0082000H1[2005-01-11].gz,H1
Exports,790390,COMTRADE-FINAL-CA0082000H1[2005-01-11].gz,H1
Exports,820330,COMTRADE-FINAL-CA0082000H1[2005-01-11].gz,H1
Exports,820520,COMTRADE-FINAL-CA0082000H1[2005-01-11].gz,H1
Exports,820559,COMTRADE-FINAL-CA0082000H1[2005-01-11].gz,H1
Exports,820590,COMTRADE-FINAL-CA0082000H1[2005-01-11].gz,H1
Exports,820730,COMTRADE-FINAL-CA0082000H1[2005-01-11].gz,H1
Exports,820760,COMTRADE-FINAL-CA0082000H1[2005-01-11].gz,H1
Exports,820790,COMTRADE-FINAL-CA0082000H1[2005-01-11].gz,H1
Exports,820810,COMTRADE-FINAL-CA0082000H1[2005-01-11].gz,H1
Exports,820830,COMTRADE-FINAL-CA0082000H1[2005-01-11].gz,H1
Exports,830140,COMTRADE-FINAL-CA0082000H1[2005-01-11].gz,H1
Exports,830160,COMTRADE-FINAL-CA0082000H1[2005-01-11].gz,H1
Exports,830170,COMTRADE-FINAL-CA0082000H1[2005-01-11].gz,H1
Exports,830210,COMTRADE-FINAL-CA0082000H1[2005-01-11].gz,H1
Exports,830220,COMTRADE-FINAL-CA0082000H1[2005-01-11].gz,H1
Exports,830230,COMTRADE-FINAL-CA0082000H1[2005-01-11].gz,H1
Exports,830520,COMTRADE-FINAL-CA0082000H1[2005-01-11].gz,H1
Exports,830810,COMTRADE-FINAL-CA0082000H1[2005-01-11].gz,H1
Exports,830820,COMTRADE-FINAL-CA0082000H1[2005-01-11].gz,H1
Exports,830890,COMTRADE-FINAL-CA0082000H1[2005-01-11].gz,H1
Exports,831110,COMTRADE-FINAL-CA0082000H1[2005-01-11].gz,H1
Exports,840290,COMTRADE-FINAL-CA0082000H1[2005-01-11].gz,H1
Exports,840410,COMTRADE-FINAL-CA0082000H1[2005-01-11].gz,H1
Exports,840490,COMTRADE-FINAL-CA0082000H1[2005-01-11].gz,H1
Exports,840610,COMTRADE-FINAL-CA0082000H1[2005-01-11].gz,H1
Exports,840690,COMTRADE-FINAL-CA0082000H1[2005-01-11].gz,H1
Exports,840721,COMTRADE-FINAL-CA0082000H1[2005-01-11].gz,H1
Exports,841121,COMTRADE-FINAL-CA0082000H1[2005-01-11].gz,H1
Exports,841181,COMTRADE-FINAL-CA0082000H1[2005-01-11].gz,H1
Exports,841229,COMTRADE-FINAL-CA0082000H1[2005-01-11].gz,H1
Exports,841311,COMTRADE-FINAL-CA0082000H1[2005-01-11].gz,H1
Exports,841319,COMTRADE-FINAL-CA0082000H1[2005-01-11].gz,H1
Exports,841360,COMTRADE-FINAL-CA0082000H1[2005-01-11].gz,H1
Exports,841370,COMTRADE-FINAL-CA0082000H1[2005-01-11].gz,H1
Exports,841440,COMTRADE-FINAL-CA0082000H1[2005-01-11].gz,H1
Exports,841451,COMTRADE-FINAL-CA0082000H1[2005-01-11].gz,H1
Exports,841480,COMTRADE-FINAL-CA0082000H1[2005-01-11].gz,H1
Exports,841510,COMTRADE-FINAL-CA0082000H1[2005-01-11].gz,H1
Exports,841810,COMTRADE-FINAL-CA0082000H1[2005-01-11].gz,H1
Exports,841821,COMTRADE-FINAL-CA0082000H1[2005-01-11].gz,H1
Exports,841822,COMTRADE-FINAL-CA0082000H1[2005-01-11].gz,H1
Exports,841830,COMTRADE-FINAL-CA0082000H1[2005-01-11].gz,H1
Exports,841840,COMTRADE-FINAL-CA0082000H1[2005-01-11].gz,H1
Exports,841850,COMTRADE-FINAL-CA0082000H1[2005-01-11].gz,H1
Exports,841861,COMTRADE-FINAL-CA0082000H1[2005-01-11].gz,H1
Exports,841869,COMTRADE-FINAL-CA0082000H1[2005-01-11].gz,H1
Exports,841981,COMTRADE-FINAL-CA0082000H1[2005-01-11].gz,H1
Exports,842010,COMTRADE-FINAL-CA0082000H1[2005-01-11].gz,H1
Exports,842111,COMTRADE-FINAL-CA0082000H1[2005-01-11].gz,H1
Exports,842119,COMTRADE-FINAL-CA0082000H1[2005-01-11].gz,H1
Exports,842123,COMTRADE-FINAL-CA0082000H1[2005-01-11].gz,H1
Exports,842410,COMTRADE-FINAL-CA0082000H1[2005-01-11].gz,H1
Exports,842481,COMTRADE-FINAL-CA0082000H1[2005-01-11].gz,H1
Exports,842489,COMTRADE-FINAL-CA0082000H1[2005-01-11].gz,H1
Exports,842531,COMTRADE-FINAL-CA0082000H1[2005-01-11].gz,H1
Exports,842691,COMTRADE-FINAL-CA0082000H1[2005-01-11].gz,H1
Exports,842911,COMTRADE-FINAL-CA0082000H1[2005-01-11].gz,H1
Exports,842940,COMTRADE-FINAL-CA0082000H1[2005-01-11].gz,H1
Exports,842951,COMTRADE-FINAL-CA0082000H1[2005-01-11].gz,H1
Exports,842952,COMTRADE-FINAL-CA0082000H1[2005-01-11].gz,H1
Exports,843049,COMTRADE-FINAL-CA0082000H1[2005-01-11].gz,H1
Exports,843050,COMTRADE-FINAL-CA0082000H1[2005-01-11].gz,H1
Exports,843069,COMTRADE-FINAL-CA0082000H1[2005-01-11].gz,H1
Exports,843110,COMTRADE-FINAL-CA0082000H1[2005-01-11].gz,H1
Exports,843149,COMTRADE-FINAL-CA0082000H1[2005-01-11].gz,H1
Exports,843330,COMTRADE-FINAL-CA0082000H1[2005-01-11].gz,H1
Exports,843390,COMTRADE-FINAL-CA0082000H1[2005-01-11].gz,H1
Exports,843780,COMTRADE-FINAL-CA0082000H1[2005-01-11].gz,H1
Exports,843810,COMTRADE-FINAL-CA0082000H1[2005-01-11].gz,H1
Exports,843840,COMTRADE-FINAL-CA0082000H1[2005-01-11].gz,H1
Exports,843850,COMTRADE-FINAL-CA0082000H1[2005-01-11].gz,H1
Exports,843880,COMTRADE-FINAL-CA0082000H1[2005-01-11].gz,H1
Exports,843991,COMTRADE-FINAL-CA0082000H1[2005-01-11].gz,H1
Exports,844010,COMTRADE-FINAL-CA0082000H1[2005-01-11].gz,H1
Exports,844230,COMTRADE-FINAL-CA0082000H1[2005-01-11].gz,H1
Exports,845011,COMTRADE-FINAL-CA0082000H1[2005-01-11].gz,H1
Exports,845019,COMTRADE-FINAL-CA0082000H1[2005-01-11].gz,H1
Exports,845180,COMTRADE-FINAL-CA0082000H1[2005-01-11].gz,H1
Exports,845221,COMTRADE-FINAL-CA0082000H1[2005-01-11].gz,H1
Exports,845229,COMTRADE-FINAL-CA0082000H1[2005-01-11].gz,H1
Exports,845230,COMTRADE-FINAL-CA0082000H1[2005-01-11].gz,H1
Exports,845290,COMTRADE-FINAL-CA0082000H1[2005-01-11].gz,H1
Exports,845320,COMTRADE-FINAL-CA0082000H1[2005-01-11].gz,H1
Exports,845390,COMTRADE-FINAL-CA0082000H1[2005-01-11].gz,H1
Exports,846239,COMTRADE-FINAL-CA0082000H1[2005-01-11].gz,H1
Exports,846490,COMTRADE-FINAL-CA0082000H1[2005-01-11].gz,H1
Exports,846692,COMTRADE-FINAL-CA0082000H1[2005-01-11].gz,H1
Exports,846719,COMTRADE-FINAL-CA0082000H1[2005-01-11].gz,H1
Exports,847310,COMTRADE-FINAL-CA0082000H1[2005-01-11].gz,H1
Exports,847329,COMTRADE-FINAL-CA0082000H1[2005-01-11].gz,H1
Exports,847330,COMTRADE-FINAL-CA0082000H1[2005-01-11].gz,H1
Exports,847410,COMTRADE-FINAL-CA0082000H1[2005-01-11].gz,H1
Exports,847432,COMTRADE-FINAL-CA0082000H1[2005-01-11].gz,H1
Exports,847490,COMTRADE-FINAL-CA0082000H1[2005-01-11].gz,H1
Exports,847780,COMTRADE-FINAL-CA0082000H1[2005-01-11].gz,H1
Exports,847810,COMTRADE-FINAL-CA0082000H1[2005-01-11].gz,H1
Exports,848190,COMTRADE-FINAL-CA0082000H1[2005-01-11].gz,H1
Exports,848280,COMTRADE-FINAL-CA0082000H1[2005-01-11].gz,H1
Exports,848590,COMTRADE-FINAL-CA0082000H1[2005-01-11].gz,H1
Exports,850120,COMTRADE-FINAL-CA0082000H1[2005-01-11].gz,H1
Exports,850131,COMTRADE-FINAL-CA0082000H1[2005-01-11].gz,H1
Exports,850132,COMTRADE-FINAL-CA0082000H1[2005-01-11].gz,H1
Exports,850134,COMTRADE-FINAL-CA0082000H1[2005-01-11].gz,H1
Exports,850162,COMTRADE-FINAL-CA0082000H1[2005-01-11].gz,H1
Exports,850163,COMTRADE-FINAL-CA0082000H1[2005-01-11].gz,H1
Exports,850164,COMTRADE-FINAL-CA0082000H1[2005-01-11].gz,H1
Exports,850211,COMTRADE-FINAL-CA0082000H1[2005-01-11].gz,H1
Exports,850300,COMTRADE-FINAL-CA0082000H1[2005-01-11].gz,H1
Exports,850410,COMTRADE-FINAL-CA0082000H1[2005-01-11].gz,H1
Exports,850421,COMTRADE-FINAL-CA0082000H1[2005-01-11].gz,H1
Exports,850422,COMTRADE-FINAL-CA0082000H1[2005-01-11].gz,H1
Exports,850431,COMTRADE-FINAL-CA0082000H1[2005-01-11].gz,H1
Exports,850440,COMTRADE-FINAL-CA0082000H1[2005-01-11].gz,H1
Exports,850450,COMTRADE-FINAL-CA0082000H1[2005-01-11].gz,H1
Exports,850490,COMTRADE-FINAL-CA0082000H1[2005-01-11].gz,H1
Exports,850590,COMTRADE-FINAL-CA0082000H1[2005-01-11].gz,H1
Exports,850680,COMTRADE-FINAL-CA0082000H1[2005-01-11].gz,H1
Exports,850710,COMTRADE-FINAL-CA0082000H1[2005-01-11].gz,H1
Exports,850720,COMTRADE-FINAL-CA0082000H1[2005-01-11].gz,H1
Exports,850780,COMTRADE-FINAL-CA0082000H1[2005-01-11].gz,H1
Exports,850790,COMTRADE-FINAL-CA0082000H1[2005-01-11].gz,H1
Exports,850880,COMTRADE-FINAL-CA0082000H1[2005-01-11].gz,H1
Exports,850980,COMTRADE-FINAL-CA0082000H1[2005-01-11].gz,H1
Exports,851220,COMTRADE-FINAL-CA0082000H1[2005-01-11].gz,H1
Exports,851610,COMTRADE-FINAL-CA0082000H1[2005-01-11].gz,H1
Exports,851629,COMTRADE-FINAL-CA0082000H1[2005-01-11].gz,H1
Exports,851660,COMTRADE-FINAL-CA0082000H1[2005-01-11].gz,H1
Exports,851671,COMTRADE-FINAL-CA0082000H1[2005-01-11].gz,H1
Exports,851690,COMTRADE-FINAL-CA0082000H1[2005-01-11].gz,H1
Exports,851719,COMTRADE-FINAL-CA0082000H1[2005-01-11].gz,H1
Exports,851780,COMTRADE-FINAL-CA0082000H1[2005-01-11].gz,H1
Exports,851790,COMTRADE-FINAL-CA0082000H1[2005-01-11].gz,H1
Exports,851890,COMTRADE-FINAL-CA0082000H1[2005-01-11].gz,H1
Exports,851929,COMTRADE-FINAL-CA0082000H1[2005-01-11].gz,H1
Exports,851999,COMTRADE-FINAL-CA0082000H1[2005-01-11].gz,H1
Exports,852020,COMTRADE-FINAL-CA0082000H1[2005-01-11].gz,H1
Exports,852033,COMTRADE-FINAL-CA0082000H1[2005-01-11].gz,H1
Exports,852290,COMTRADE-FINAL-CA0082000H1[2005-01-11].gz,H1
Exports,852432,COMTRADE-FINAL-CA0082000H1[2005-01-11].gz,H1
Exports,852491,COMTRADE-FINAL-CA0082000H1[2005-01-11].gz,H1
Exports,852510,COMTRADE-FINAL-CA0082000H1[2005-01-11].gz,H1
Exports,852520,COMTRADE-FINAL-CA0082000H1[2005-01-11].gz,H1
Exports,852812,COMTRADE-FINAL-CA0082000H1[2005-01-11].gz,H1
Exports,853110,COMTRADE-FINAL-CA0082000H1[2005-01-11].gz,H1
Exports,853210,COMTRADE-FINAL-CA0082000H1[2005-01-11].gz,H1
Exports,853321,COMTRADE-FINAL-CA0082000H1[2005-01-11].gz,H1
Exports,853590,COMTRADE-FINAL-CA0082000H1[2005-01-11].gz,H1
Exports,853610,COMTRADE-FINAL-CA0082000H1[2005-01-11].gz,H1
Exports,853650,COMTRADE-FINAL-CA0082000H1[2005-01-11].gz,H1
Exports,853661,COMTRADE-FINAL-CA0082000H1[2005-01-11].gz,H1
Exports,853669,COMTRADE-FINAL-CA0082000H1[2005-01-11].gz,H1
Exports,853710,COMTRADE-FINAL-CA0082000H1[2005-01-11].gz,H1
Exports,854140,COMTRADE-FINAL-CA0082000H1[2005-01-11].gz,H1
Exports,870130,COMTRADE-FINAL-CA0082000H1[2005-01-11].gz,H1
Exports,870190,COMTRADE-FINAL-CA0082000H1[2005-01-11].gz,H1
Exports,870323,COMTRADE-FINAL-CA0082000H1[2005-01-11].gz,H1
Exports,870410,COMTRADE-FINAL-CA0082000H1[2005-01-11].gz,H1
Exports,870422,COMTRADE-FINAL-CA0082000H1[2005-01-11].gz,H1
Exports,870510,COMTRADE-FINAL-CA0082000H1[2005-01-11].gz,H1
Exports,870540,COMTRADE-FINAL-CA0082000H1[2005-01-11].gz,H1
Exports,870590,COMTRADE-FINAL-CA0082000H1[2005-01-11].gz,H1
Exports,870710,COMTRADE-FINAL-CA0082000H1[2005-01-11].gz,H1
Exports,870810,COMTRADE-FINAL-CA0082000H1[2005-01-11].gz,H1
Exports,870821,COMTRADE-FINAL-CA0082000H1[2005-01-11].gz,H1
Exports,870840,COMTRADE-FINAL-CA0082000H1[2005-01-11].gz,H1
Exports,870850,COMTRADE-FINAL-CA0082000H1[2005-01-11].gz,H1
Exports,870870,COMTRADE-FINAL-CA0082000H1[2005-01-11].gz,H1
Exports,870899,COMTRADE-FINAL-CA0082000H1[2005-01-11].gz,H1
Exports,870990,COMTRADE-FINAL-CA0082000H1[2005-01-11].gz,H1
Exports,880310,COMTRADE-FINAL-CA0082000H1[2005-01-11].gz,H1
Exports,880330,COMTRADE-FINAL-CA0082000H1[2005-01-11].gz,H1
Exports,900630,COMTRADE-FINAL-CA0082000H1[2005-01-11].gz,H1
Exports,900652,COMTRADE-FINAL-CA0082000H1[2005-01-11].gz,H1
Exports,900890,COMTRADE-FINAL-CA0082000H1[2005-01-11].gz,H1
Exports,900911,COMTRADE-FINAL-CA0082000H1[2005-01-11].gz,H1
Exports,900922,COMTRADE-FINAL-CA0082000H1[2005-01-11].gz,H1
Exports,901530,COMTRADE-FINAL-CA0082000H1[2005-01-11].gz,H1
Exports,901580,COMTRADE-FINAL-CA0082000H1[2005-01-11].gz,H1
Exports,901600,COMTRADE-FINAL-CA0082000H1[2005-01-11].gz,H1
Exports,901831,COMTRADE-FINAL-CA0082000H1[2005-01-11].gz,H1
Exports,901849,COMTRADE-FINAL-CA0082000H1[2005-01-11].gz,H1
Exports,901850,COMTRADE-FINAL-CA0082000H1[2005-01-11].gz,H1
Exports,902610,COMTRADE-FINAL-CA0082000H1[2005-01-11].gz,H1
Exports,903290,COMTRADE-FINAL-CA0082000H1[2005-01-11].gz,H1
Exports,910521,COMTRADE-FINAL-CA0082000H1[2005-01-11].gz,H1
Exports,911120,COMTRADE-FINAL-CA0082000H1[2005-01-11].gz,H1
Exports,920110,COMTRADE-FINAL-CA0082000H1[2005-01-11].gz,H1
Exports,930100,COMTRADE-FINAL-CA0082000H1[2005-01-11].gz,H1
Exports,930621,COMTRADE-FINAL-CA0082000H1[2005-01-11].gz,H1
Exports,930690,COMTRADE-FINAL-CA0082000H1[2005-01-11].gz,H1
Exports,940110,COMTRADE-FINAL-CA0082000H1[2005-01-11].gz,H1
Exports,940120,COMTRADE-FINAL-CA0082000H1[2005-01-11].gz,H1
Exports,940130,COMTRADE-FINAL-CA0082000H1[2005-01-11].gz,H1
Exports,940140,COMTRADE-FINAL-CA0082000H1[2005-01-11].gz,H1
Exports,940150,COMTRADE-FINAL-CA0082000H1[2005-01-11].gz,H1
Exports,940161,COMTRADE-FINAL-CA0082000H1[2005-01-11].gz,H1
Exports,940169,COMTRADE-FINAL-CA0082000H1[2005-01-11].gz,H1
Exports,940171,COMTRADE-FINAL-CA0082000H1[2005-01-11].gz,H1
Exports,940179,COMTRADE-FINAL-CA0082000H1[2005-01-11].gz,H1
Exports,940180,COMTRADE-FINAL-CA0082000H1[2005-01-11].gz,H1
Exports,940190,COMTRADE-FINAL-CA0082000H1[2005-01-11].gz,H1
Exports,940310,COMTRADE-FINAL-CA0082000H1[2005-01-11].gz,H1
Exports,940320,COMTRADE-FINAL-CA0082000H1[2005-01-11].gz,H1
Exports,940330,COMTRADE-FINAL-CA0082000H1[2005-01-11].gz,H1
Exports,940340,COMTRADE-FINAL-CA0082000H1[2005-01-11].gz,H1
Exports,940350,COMTRADE-FINAL-CA0082000H1[2005-01-11].gz,H1
Exports,940360,COMTRADE-FINAL-CA0082000H1[2005-01-11].gz,H1
Exports,940380,COMTRADE-FINAL-CA0082000H1[2005-01-11].gz,H1
Exports,940390,COMTRADE-FINAL-CA0082000H1[2005-01-11].gz,H1
Exports,940410,COMTRADE-FINAL-CA0082000H1[2005-01-11].gz,H1
Exports,940429,COMTRADE-FINAL-CA0082000H1[2005-01-11].gz,H1
Exports,940430,COMTRADE-FINAL-CA0082000H1[2005-01-11].gz,H1
Exports,940490,COMTRADE-FINAL-CA0082000H1[2005-01-11].gz,H1
Exports,940510,COMTRADE-FINAL-CA0082000H1[2005-01-11].gz,H1
Exports,940540,COMTRADE-FINAL-CA0082000H1[2005-01-11].gz,H1
Exports,940560,COMTRADE-FINAL-CA0082000H1[2005-01-11].gz,H1
Exports,940600,COMTRADE-FINAL-CA0082000H1[2005-01-11].gz,H1
Exports,950100,COMTRADE-FINAL-CA0082000H1[2005-01-11].gz,H1
Exports,950310,COMTRADE-FINAL-CA0082000H1[2005-01-11].gz,H1
Exports,950320,COMTRADE-FINAL-CA0082000H1[2005-01-11].gz,H1
Exports,950330,COMTRADE-FINAL-CA0082000H1[2005-01-11].gz,H1
Exports,950349,COMTRADE-FINAL-CA0082000H1[2005-01-11].gz,H1
Exports,950370,COMTRADE-FINAL-CA0082000H1[2005-01-11].gz,H1
Exports,950390,COMTRADE-FINAL-CA0082000H1[2005-01-11].gz,H1
Exports,950410,COMTRADE-FINAL-CA0082000H1[2005-01-11].gz,H1
Exports,950420,COMTRADE-FINAL-CA0082000H1[2005-01-11].gz,H1
Exports,950430,COMTRADE-FINAL-CA0082000H1[2005-01-11].gz,H1
Exports,950490,COMTRADE-FINAL-CA0082000H1[2005-01-11].gz,H1
Exports,950510,COMTRADE-FINAL-CA0082000H1[2005-01-11].gz,H1
Exports,950590,COMTRADE-FINAL-CA0082000H1[2005-01-11].gz,H1
Exports,960110,COMTRADE-FINAL-CA0082000H1[2005-01-11].gz,H1
Exports,960200,COMTRADE-FINAL-CA0082000H1[2005-01-11].gz,H1
Exports,960340,COMTRADE-FINAL-CA0082000H1[2005-01-11].gz,H1
Exports,960390,COMTRADE-FINAL-CA0082000H1[2005-01-11].gz,H1
Exports,960610,COMTRADE-FINAL-CA0082000H1[2005-01-11].gz,H1
Exports,960622,COMTRADE-FINAL-CA0082000H1[2005-01-11].gz,H1
Exports,960720,COMTRADE-FINAL-CA0082000H1[2005-01-11].gz,H1
Exports,961420,COMTRADE-FINAL-CA0082000H1[2005-01-11].gz,H1
Exports,970190,COMTRADE-FINAL-CA0082000H1[2005-01-11].gz,H1
Exports,970600,COMTRADE-FINAL-CA0082000H1[2005-01-11].gz,H1
Imports,010111,COMTRADE-FINAL-CA0082000H1[2005-01-11].gz,H1
Imports,010119,COMTRADE-FINAL-CA0082000H1[2005-01-11].gz,H1
Imports,010210,COMTRADE-FINAL-CA0082000H1[2005-01-11].gz,H1
Imports,010290,COMTRADE-FINAL-CA0082000H1[2005-01-11].gz,H1
Imports,010392,COMTRADE-FINAL-CA0082000H1[2005-01-11].gz,H1
Imports,010511,COMTRADE-FINAL-CA0082000H1[2005-01-11].gz,H1
Imports,010592,COMTRADE-FINAL-CA0082000H1[2005-01-11].gz,H1
Imports,010593,COMTRADE-FINAL-CA0082000H1[2005-01-11].gz,H1
Imports,010600,COMTRADE-FINAL-CA0082000H1[2005-01-11].gz,H1
Imports,020120,COMTRADE-FINAL-CA0082000H1[2005-01-11].gz,H1
Imports,020130,COMTRADE-FINAL-CA0082000H1[2005-01-11].gz,H1
Imports,020220,COMTRADE-FINAL-CA0082000H1[2005-01-11].gz,H1
Imports,020230,COMTRADE-FINAL-CA0082000H1[2005-01-11].gz,H1
Imports,020311,COMTRADE-FINAL-CA0082000H1[2005-01-11].gz,H1
Imports,020312,COMTRADE-FINAL-CA0082000H1[2005-01-11].gz,H1
Imports,020319,COMTRADE-FINAL-CA0082000H1[2005-01-11].gz,H1
Imports,020321,COMTRADE-FINAL-CA0082000H1[2005-01-11].gz,H1
Imports,020322,COMTRADE-FINAL-CA0082000H1[2005-01-11].gz,H1
Imports,020329,COMTRADE-FINAL-CA0082000H1[2005-01-11].gz,H1
Imports,020410,COMTRADE-FINAL-CA0082000H1[2005-01-11].gz,H1
Imports,020422,COMTRADE-FINAL-CA0082000H1[2005-01-11].gz,H1
Imports,020430,COMTRADE-FINAL-CA0082000H1[2005-01-11].gz,H1
Imports,020442,COMTRADE-FINAL-CA0082000H1[2005-01-11].gz,H1
Imports,020610,COMTRADE-FINAL-CA0082000H1[2005-01-11].gz,H1
Imports,020621,COMTRADE-FINAL-CA0082000H1[2005-01-11].gz,H1
Imports,020622,COMTRADE-FINAL-CA0082000H1[2005-01-11].gz,H1
Imports,020629,COMTRADE-FINAL-CA0082000H1[2005-01-11].gz,H1
Imports,020630,COMTRADE-FINAL-CA0082000H1[2005-01-11].gz,H1
Imports,020641,COMTRADE-FINAL-CA0082000H1[2005-01-11].gz,H1
Imports,020649,COMTRADE-FINAL-CA0082000H1[2005-01-11].gz,H1
Imports,020690,COMTRADE-FINAL-CA0082000H1[2005-01-11].gz,H1
Imports,020711,COMTRADE-FINAL-CA0082000H1[2005-01-11].gz,H1
Imports,020712,COMTRADE-FINAL-CA0082000H1[2005-01-11].gz,H1
Imports,020713,COMTRADE-FINAL-CA0082000H1[2005-01-11].gz,H1
Imports,020714,COMTRADE-FINAL-CA0082000H1[2005-01-11].gz,H1
Imports,020724,COMTRADE-FINAL-CA0082000H1[2005-01-11].gz,H1
Imports,020725,COMTRADE-FINAL-CA0082000H1[2005-01-11].gz,H1
Imports,020726,COMTRADE-FINAL-CA0082000H1[2005-01-11].gz,H1
Imports,020727,COMTRADE-FINAL-CA0082000H1[2005-01-11].gz,H1
Imports,020733,COMTRADE-FINAL-CA0082000H1[2005-01-11].gz,H1
Imports,020810,COMTRADE-FINAL-CA0082000H1[2005-01-11].gz,H1
Imports,020890,COMTRADE-FINAL-CA0082000H1[2005-01-11].gz,H1
Imports,020900,COMTRADE-FINAL-CA0082000H1[2005-01-11].gz,H1
Imports,021011,COMTRADE-FINAL-CA0082000H1[2005-01-11].gz,H1
Imports,021012,COMTRADE-FINAL-CA0082000H1[2005-01-11].gz,H1
Imports,021019,COMTRADE-FINAL-CA0082000H1[2005-01-11].gz,H1
Imports,021090,COMTRADE-FINAL-CA0082000H1[2005-01-11].gz,H1
Imports,030110,COMTRADE-FINAL-CA0082000H1[2005-01-11].gz,H1
Imports,030191,COMTRADE-FINAL-CA0082000H1[2005-01-11].gz,H1
Imports,030199,COMTRADE-FINAL-CA0082000H1[2005-01-11].gz,H1
Imports,030211,COMTRADE-FINAL-CA0082000H1[2005-01-11].gz,H1
Imports,030219,COMTRADE-FINAL-CA0082000H1[2005-01-11].gz,H1
Imports,030229,COMTRADE-FINAL-CA0082000H1[2005-01-11].gz,H1
Imports,030231,COMTRADE-FINAL-CA0082000H1[2005-01-11].gz,H1
Imports,030232,COMTRADE-FINAL-CA0082000H1[2005-01-11].gz,H1
Imports,030240,COMTRADE-FINAL-CA0082000H1[2005-01-11].gz,H1
Imports,030250,COMTRADE-FINAL-CA0082000H1[2005-01-11].gz,H1
Imports,030261,COMTRADE-FINAL-CA0082000H1[2005-01-11].gz,H1
Imports,030265,COMTRADE-FINAL-CA0082000H1[2005-01-11].gz,H1
Imports,030269,COMTRADE-FINAL-CA0082000H1[2005-01-11].gz,H1
Imports,030321,COMTRADE-FINAL-CA0082000H1[2005-01-11].gz,H1
Imports,030339,COMTRADE-FINAL-CA0082000H1[2005-01-11].gz,H1
Imports,030350,COMTRADE-FINAL-CA0082000H1[2005-01-11].gz,H1
Imports,030360,COMTRADE-FINAL-CA0082000H1[2005-01-11].gz,H1
Imports,030371,COMTRADE-FINAL-CA0082000H1[2005-01-11].gz,H1
Imports,030374,COMTRADE-FINAL-CA0082000H1[2005-01-11].gz,H1
Imports,030375,COMTRADE-FINAL-CA0082000H1[2005-01-11].gz,H1
Imports,030378,COMTRADE-FINAL-CA0082000H1[2005-01-11].gz,H1
Imports,030379,COMTRADE-FINAL-CA0082000H1[2005-01-11].gz,H1
Imports,030410,COMTRADE-FINAL-CA0082000H1[2005-01-11].gz,H1
Imports,030420,COMTRADE-FINAL-CA0082000H1[2005-01-11].gz,H1
Imports,030520,COMTRADE-FINAL-CA0082000H1[2005-01-11].gz,H1
Imports,030530,COMTRADE-FINAL-CA0082000H1[2005-01-11].gz,H1
Imports,030559,COMTRADE-FINAL-CA0082000H1[2005-01-11].gz,H1
Imports,030563,COMTRADE-FINAL-CA0082000H1[2005-01-11].gz,H1
Imports,030569,COMTRADE-FINAL-CA0082000H1[2005-01-11].gz,H1
Imports,030613,COMTRADE-FINAL-CA0082000H1[2005-01-11].gz,H1
Imports,030623,COMTRADE-FINAL-CA0082000H1[2005-01-11].gz,H1
Imports,030710,COMTRADE-FINAL-CA0082000H1[2005-01-11].gz,H1
Imports,030721,COMTRADE-FINAL-CA0082000H1[2005-01-11].gz,H1
Imports,030729,COMTRADE-FINAL-CA0082000H1[2005-01-11].gz,H1
Imports,030731,COMTRADE-FINAL-CA0082000H1[2005-01-11].gz,H1
Imports,030741,COMTRADE-FINAL-CA0082000H1[2005-01-11].gz,H1
Imports,030759,COMTRADE-FINAL-CA0082000H1[2005-01-11].gz,H1
Imports,030799,COMTRADE-FINAL-CA0082000H1[2005-01-11].gz,H1
Imports,040110,COMTRADE-FINAL-CA0082000H1[2005-01-11].gz,H1
Imports,040120,COMTRADE-FINAL-CA0082000H1[2005-01-11].gz,H1
Imports,040130,COMTRADE-FINAL-CA0082000H1[2005-01-11].gz,H1
Imports,040210,COMTRADE-FINAL-CA0082000H1[2005-01-11].gz,H1
Imports,040221,COMTRADE-FINAL-CA0082000H1[2005-01-11].gz,H1
Imports,040229,COMTRADE-FINAL-CA0082000H1[2005-01-11].gz,H1
Imports,040291,COMTRADE-FINAL-CA0082000H1[2005-01-11].gz,H1
Imports,040299,COMTRADE-FINAL-CA0082000H1[2005-01-11].gz,H1
Imports,040310,COMTRADE-FINAL-CA0082000H1[2005-01-11].gz,H1
Imports,040390,COMTRADE-FINAL-CA0082000H1[2005-01-11].gz,H1
Imports,040410,COMTRADE-FINAL-CA0082000H1[2005-01-11].gz,H1
Imports,040490,COMTRADE-FINAL-CA0082000H1[2005-01-11].gz,H1
Imports,040510,COMTRADE-FINAL-CA0082000H1[2005-01-11].gz,H1
Imports,040520,COMTRADE-FINAL-CA0082000H1[2005-01-11].gz,H1
Imports,040590,COMTRADE-FINAL-CA0082000H1[2005-01-11].gz,H1
Imports,040610,COMTRADE-FINAL-CA0082000H1[2005-01-11].gz,H1
Imports,040620,COMTRADE-FINAL-CA0082000H1[2005-01-11].gz,H1
Imports,040630,COMTRADE-FINAL-CA0082000H1[2005-01-11].gz,H1
Imports,040690,COMTRADE-FINAL-CA0082000H1[2005-01-11].gz,H1
Imports,040700,COMTRADE-FINAL-CA0082000H1[2005-01-11].gz,H1
Imports,040819,COMTRADE-FINAL-CA0082000H1[2005-01-11].gz,H1
Imports,040900,COMTRADE-FINAL-CA0082000H1[2005-01-11].gz,H1
Imports,050400,COMTRADE-FINAL-CA0082000H1[2005-01-11].gz,H1
Imports,050800,COMTRADE-FINAL-CA0082000H1[2005-01-11].gz,H1
Imports,051110,COMTRADE-FINAL-CA0082000H1[2005-01-11].gz,H1
Imports,051199,COMTRADE-FINAL-CA0082000H1[2005-01-11].gz,H1
Imports,060110,COMTRADE-FINAL-CA0082000H1[2005-01-11].gz,H1
Imports,060120,COMTRADE-FINAL-CA0082000H1[2005-01-11].gz,H1
Imports,060210,COMTRADE-FINAL-CA0082000H1[2005-01-11].gz,H1
Imports,060220,COMTRADE-FINAL-CA0082000H1[2005-01-11].gz,H1
Imports,060240,COMTRADE-FINAL-CA0082000H1[2005-01-11].gz,H1
Imports,060290,COMTRADE-FINAL-CA0082000H1[2005-01-11].gz,H1
Imports,060310,COMTRADE-FINAL-CA0082000H1[2005-01-11].gz,H1
Imports,060390,COMTRADE-FINAL-CA0082000H1[2005-01-11].gz,H1
Imports,060410,COMTRADE-FINAL-CA0082000H1[2005-01-11].gz,H1
Imports,060491,COMTRADE-FINAL-CA0082000H1[2005-01-11].gz,H1
Imports,060499,COMTRADE-FINAL-CA0082000H1[2005-01-11].gz,H1
Imports,070110,COMTRADE-FINAL-CA0082000H1[2005-01-11].gz,H1
Imports,070190,COMTRADE-FINAL-CA0082000H1[2005-01-11].gz,H1
Imports,070200,COMTRADE-FINAL-CA0082000H1[2005-01-11].gz,H1
Imports,070310,COMTRADE-FINAL-CA0082000H1[2005-01-11].gz,H1
Imports,070320,COMTRADE-FINAL-CA0082000H1[2005-01-11].gz,H1
Imports,070390,COMTRADE-FINAL-CA0082000H1[2005-01-11].gz,H1
Imports,070410,COMTRADE-FINAL-CA0082000H1[2005-01-11].gz,H1
Imports,070420,COMTRADE-FINAL-CA0082000H1[2005-01-11].gz,H1
Imports,070490,COMTRADE-FINAL-CA0082000H1[2005-01-11].gz,H1
Imports,070519,COMTRADE-FINAL-CA0082000H1[2005-01-11].gz,H1
Imports,070529,COMTRADE-FINAL-CA0082000H1[2005-01-11].gz,H1
Imports,070610,COMTRADE-FINAL-CA0082000H1[2005-01-11].gz,H1
Imports,070690,COMTRADE-FINAL-CA0082000H1[2005-01-11].gz,H1
Imports,070700,COMTRADE-FINAL-CA0082000H1[2005-01-11].gz,H1
Imports,070810,COMTRADE-FINAL-CA0082000H1[2005-01-11].gz,H1
Imports,070820,COMTRADE-FINAL-CA0082000H1[2005-01-11].gz,H1
Imports,070890,COMTRADE-FINAL-CA0082000H1[2005-01-11].gz,H1
Imports,070910,COMTRADE-FINAL-CA0082000H1[2005-01-11].gz,H1
Imports,070920,COMTRADE-FINAL-CA0082000H1[2005-01-11].gz,H1
Imports,070930,COMTRADE-FINAL-CA0082000H1[2005-01-11].gz,H1
Imports,070940,COMTRADE-FINAL-CA0082000H1[2005-01-11].gz,H1
Imports,070951,COMTRADE-FINAL-CA0082000H1[2005-01-11].gz,H1
Imports,070952,COMTRADE-FINAL-CA0082000H1[2005-01-11].gz,H1
Imports,070960,COMTRADE-FINAL-CA0082000H1[2005-01-11].gz,H1
Imports,070970,COMTRADE-FINAL-CA0082000H1[2005-01-11].gz,H1
Imports,070990,COMTRADE-FINAL-CA0082000H1[2005-01-11].gz,H1
Imports,071010,COMTRADE-FINAL-CA0082000H1[2005-01-11].gz,H1
Imports,071021,COMTRADE-FINAL-CA0082000H1[2005-01-11].gz,H1
Imports,071022,COMTRADE-FINAL-CA0082000H1[2005-01-11].gz,H1
Imports,071029,COMTRADE-FINAL-CA0082000H1[2005-01-11].gz,H1
Imports,071030,COMTRADE-FINAL-CA0082000H1[2005-01-11].gz,H1
Imports,071040,COMTRADE-FINAL-CA0082000H1[2005-01-11].gz,H1
Imports,071080,COMTRADE-FINAL-CA0082000H1[2005-01-11].gz,H1
Imports,071090,COMTRADE-FINAL-CA0082000H1[2005-01-11].gz,H1
Imports,071110,COMTRADE-FINAL-CA0082000H1[2005-01-11].gz,H1
Imports,071120,COMTRADE-FINAL-CA0082000H1[2005-01-11].gz,H1
Imports,071140,COMTRADE-FINAL-CA0082000H1[2005-01-11].gz,H1
Imports,071190,COMTRADE-FINAL-CA0082000H1[2005-01-11].gz,H1
Imports,071220,COMTRADE-FINAL-CA0082000H1[2005-01-11].gz,H1
Imports,071290,COMTRADE-FINAL-CA0082000H1[2005-01-11].gz,H1
Imports,071310,COMTRADE-FINAL-CA0082000H1[2005-01-11].gz,H1
Imports,071331,COMTRADE-FINAL-CA0082000H1[2005-01-11].gz,H1
Imports,071332,COMTRADE-FINAL-CA0082000H1[2005-01-11].gz,H1
Imports,071333,COMTRADE-FINAL-CA0082000H1[2005-01-11].gz,H1
Imports,071339,COMTRADE-FINAL-CA0082000H1[2005-01-11].gz,H1
Imports,071340,COMTRADE-FINAL-CA0082000H1[2005-01-11].gz,H1
Imports,071410,COMTRADE-FINAL-CA0082000H1[2005-01-11].gz,H1
Imports,071420,COMTRADE-FINAL-CA0082000H1[2005-01-11].gz,H1
Imports,071490,COMTRADE-FINAL-CA0082000H1[2005-01-11].gz,H1
Imports,080132,COMTRADE-FINAL-CA0082000H1[2005-01-11].gz,H1
Imports,080211,COMTRADE-FINAL-CA0082000H1[2005-01-11].gz,H1
Imports,080212,COMTRADE-FINAL-CA0082000H1[2005-01-11].gz,H1
Imports,080221,COMTRADE-FINAL-CA0082000H1[2005-01-11].gz,H1
Imports,080222,COMTRADE-FINAL-CA0082000H1[2005-01-11].gz,H1
Imports,080231,COMTRADE-FINAL-CA0082000H1[2005-01-11].gz,H1
Imports,080232,COMTRADE-FINAL-CA0082000H1[2005-01-11].gz,H1
Imports,080250,COMTRADE-FINAL-CA0082000H1[2005-01-11].gz,H1
Imports,080290,COMTRADE-FINAL-CA0082000H1[2005-01-11].gz,H1
Imports,080300,COMTRADE-FINAL-CA0082000H1[2005-01-11].gz,H1
Imports,080410,COMTRADE-FINAL-CA0082000H1[2005-01-11].gz,H1
Imports,080420,COMTRADE-FINAL-CA0082000H1[2005-01-11].gz,H1
Imports,080430,COMTRADE-FINAL-CA0082000H1[2005-01-11].gz,H1
Imports,080450,COMTRADE-FINAL-CA0082000H1[2005-01-11].gz,H1
Imports,080510,COMTRADE-FINAL-CA0082000H1[2005-01-11].gz,H1
Imports,080520,COMTRADE-FINAL-CA0082000H1[2005-01-11].gz,H1
Imports,080530,COMTRADE-FINAL-CA0082000H1[2005-01-11].gz,H1
Imports,080540,COMTRADE-FINAL-CA0082000H1[2005-01-11].gz,H1
Imports,080590,COMTRADE-FINAL-CA0082000H1[2005-01-11].gz,H1
Imports,080610,COMTRADE-FINAL-CA0082000H1[2005-01-11].gz,H1
Imports,080620,COMTRADE-FINAL-CA0082000H1[2005-01-11].gz,H1
Imports,080711,COMTRADE-FINAL-CA0082000H1[2005-01-11].gz,H1
Imports,080719,COMTRADE-FINAL-CA0082000H1[2005-01-11].gz,H1
Imports,080720,COMTRADE-FINAL-CA0082000H1[2005-01-11].gz,H1
Imports,080810,COMTRADE-FINAL-CA0082000H1[2005-01-11].gz,H1
Imports,080820,COMTRADE-FINAL-CA0082000H1[2005-01-11].gz,H1
Imports,080910,COMTRADE-FINAL-CA0082000H1[2005-01-11].gz,H1
Imports,080920,COMTRADE-FINAL-CA0082000H1[2005-01-11].gz,H1
Imports,080930,COMTRADE-FINAL-CA0082000H1[2005-01-11].gz,H1
Imports,080940,COMTRADE-FINAL-CA0082000H1[2005-01-11].gz,H1
Imports,081010,COMTRADE-FINAL-CA0082000H1[2005-01-11].gz,H1
Imports,081020,COMTRADE-FINAL-CA0082000H1[2005-01-11].gz,H1
Imports,081030,COMTRADE-FINAL-CA0082000H1[2005-01-11].gz,H1
Imports,081040,COMTRADE-FINAL-CA0082000H1[2005-01-11].gz,H1
Imports,081050,COMTRADE-FINAL-CA0082000H1[2005-01-11].gz,H1
Imports,081090,COMTRADE-FINAL-CA0082000H1[2005-01-11].gz,H1
Imports,081110,COMTRADE-FINAL-CA0082000H1[2005-01-11].gz,H1
Imports,081120,COMTRADE-FINAL-CA0082000H1[2005-01-11].gz,H1
Imports,081190,COMTRADE-FINAL-CA0082000H1[2005-01-11].gz,H1
Imports,081210,COMTRADE-FINAL-CA0082000H1[2005-01-11].gz,H1
Imports,081290,COMTRADE-FINAL-CA0082000H1[2005-01-11].gz,H1
Imports,081330,COMTRADE-FINAL-CA0082000H1[2005-01-11].gz,H1
Imports,081340,COMTRADE-FINAL-CA0082000H1[2005-01-11].gz,H1
Imports,081350,COMTRADE-FINAL-CA0082000H1[2005-01-11].gz,H1
Imports,090111,COMTRADE-FINAL-CA0082000H1[2005-01-11].gz,H1
Imports,090112,COMTRADE-FINAL-CA0082000H1[2005-01-11].gz,H1
Imports,090121,COMTRADE-FINAL-CA0082000H1[2005-01-11].gz,H1
Imports,090122,COMTRADE-FINAL-CA0082000H1[2005-01-11].gz,H1
Imports,090190,COMTRADE-FINAL-CA0082000H1[2005-01-11].gz,H1
Imports,090210,COMTRADE-FINAL-CA0082000H1[2005-01-11].gz,H1
Imports,090220,COMTRADE-FINAL-CA0082000H1[2005-01-11].gz,H1
Imports,090230,COMTRADE-FINAL-CA0082000H1[2005-01-11].gz,H1
Imports,090240,COMTRADE-FINAL-CA0082000H1[2005-01-11].gz,H1
Imports,090300,COMTRADE-FINAL-CA0082000H1[2005-01-11].gz,H1
Imports,090411,COMTRADE-FINAL-CA0082000H1[2005-01-11].gz,H1
Imports,090412,COMTRADE-FINAL-CA0082000H1[2005-01-11].gz,H1
Imports,090420,COMTRADE-FINAL-CA0082000H1[2005-01-11].gz,H1
Imports,090500,COMTRADE-FINAL-CA0082000H1[2005-01-11].gz,H1
Imports,090620,COMTRADE-FINAL-CA0082000H1[2005-01-11].gz,H1
Imports,090810,COMTRADE-FINAL-CA0082000H1[2005-01-11].gz,H1
Imports,090820,COMTRADE-FINAL-CA0082000H1[2005-01-11].gz,H1
Imports,090920,COMTRADE-FINAL-CA0082000H1[2005-01-11].gz,H1
Imports,090930,COMTRADE-FINAL-CA0082000H1[2005-01-11].gz,H1
Imports,090940,COMTRADE-FINAL-CA0082000H1[2005-01-11].gz,H1
Imports,090950,COMTRADE-FINAL-CA0082000H1[2005-01-11].gz,H1
Imports,091010,COMTRADE-FINAL-CA0082000H1[2005-01-11].gz,H1
Imports,091050,COMTRADE-FINAL-CA0082000H1[2005-01-11].gz,H1
Imports,091091,COMTRADE-FINAL-CA0082000H1[2005-01-11].gz,H1
Imports,091099,COMTRADE-FINAL-CA0082000H1[2005-01-11].gz,H1
Imports,100110,COMTRADE-FINAL-CA0082000H1[2005-01-11].gz,H1
Imports,100190,COMTRADE-FINAL-CA0082000H1[2005-01-11].gz,H1
Imports,100300,COMTRADE-FINAL-CA0082000H1[2005-01-11].gz,H1
Imports,100400,COMTRADE-FINAL-CA0082000H1[2005-01-11].gz,H1
Imports,100510,COMTRADE-FINAL-CA0082000H1[2005-01-11].gz,H1
Imports,100590,COMTRADE-FINAL-CA0082000H1[2005-01-11].gz,H1
Imports,100610,COMTRADE-FINAL-CA0082000H1[2005-01-11].gz,H1
Imports,100620,COMTRADE-FINAL-CA0082000H1[2005-01-11].gz,H1
Imports,100630,COMTRADE-FINAL-CA0082000H1[2005-01-11].gz,H1
Imports,100700,COMTRADE-FINAL-CA0082000H1[2005-01-11].gz,H1
Imports,100890,COMTRADE-FINAL-CA0082000H1[2005-01-11].gz,H1
Imports,110100,COMTRADE-FINAL-CA0082000H1[2005-01-11].gz,H1
Imports,110220,COMTRADE-FINAL-CA0082000H1[2005-01-11].gz,H1
Imports,110230,COMTRADE-FINAL-CA0082000H1[2005-01-11].gz,H1
Imports,110290,COMTRADE-FINAL-CA0082000H1[2005-01-11].gz,H1
Imports,110311,COMTRADE-FINAL-CA0082000H1[2005-01-11].gz,H1
Imports,110313,COMTRADE-FINAL-CA0082000H1[2005-01-11].gz,H1
Imports,110314,COMTRADE-FINAL-CA0082000H1[2005-01-11].gz,H1
Imports,110319,COMTRADE-FINAL-CA0082000H1[2005-01-11].gz,H1
Imports,110329,COMTRADE-FINAL-CA0082000H1[2005-01-11].gz,H1
Imports,110419,COMTRADE-FINAL-CA0082000H1[2005-01-11].gz,H1
Imports,110423,COMTRADE-FINAL-CA0082000H1[2005-01-11].gz,H1
Imports,110429,COMTRADE-FINAL-CA0082000H1[2005-01-11].gz,H1
Imports,110510,COMTRADE-FINAL-CA0082000H1[2005-01-11].gz,H1
Imports,110520,COMTRADE-FINAL-CA0082000H1[2005-01-11].gz,H1
Imports,110620,COMTRADE-FINAL-CA0082000H1[2005-01-11].gz,H1
Imports,110630,COMTRADE-FINAL-CA0082000H1[2005-01-11].gz,H1
Imports,110710,COMTRADE-FINAL-CA0082000H1[2005-01-11].gz,H1
Imports,110811,COMTRADE-FINAL-CA0082000H1[2005-01-11].gz,H1
Imports,110812,COMTRADE-FINAL-CA0082000H1[2005-01-11].gz,H1
Imports,110813,COMTRADE-FINAL-CA0082000H1[2005-01-11].gz,H1
Imports,110819,COMTRADE-FINAL-CA0082000H1[2005-01-11].gz,H1
Imports,110900,COMTRADE-FINAL-CA0082000H1[2005-01-11].gz,H1
Imports,120100,COMTRADE-FINAL-CA0082000H1[2005-01-11].gz,H1
Imports,120210,COMTRADE-FINAL-CA0082000H1[2005-01-11].gz,H1
Imports,120220,COMTRADE-FINAL-CA0082000H1[2005-01-11].gz,H1
Imports,120300,COMTRADE-FINAL-CA0082000H1[2005-01-11].gz,H1
Imports,120400,COMTRADE-FINAL-CA0082000H1[2005-01-11].gz,H1
Imports,120600,COMTRADE-FINAL-CA0082000H1[2005-01-11].gz,H1
Imports,120710,COMTRADE-FINAL-CA0082000H1[2005-01-11].gz,H1
Imports,120720,COMTRADE-FINAL-CA0082000H1[2005-01-11].gz,H1
Imports,120740,COMTRADE-FINAL-CA0082000H1[2005-01-11].gz,H1
Imports,120750,COMTRADE-FINAL-CA0082000H1[2005-01-11].gz,H1
Imports,120799,COMTRADE-FINAL-CA0082000H1[2005-01-11].gz,H1
Imports,120810,COMTRADE-FINAL-CA0082000H1[2005-01-11].gz,H1
Imports,120890,COMTRADE-FINAL-CA0082000H1[2005-01-11].gz,H1
Imports,120919,COMTRADE-FINAL-CA0082000H1[2005-01-11].gz,H1
Imports,120921,COMTRADE-FINAL-CA0082000H1[2005-01-11].gz,H1
Imports,120922,COMTRADE-FINAL-CA0082000H1[2005-01-11].gz,H1
Imports,120923,COMTRADE-FINAL-CA0082000H1[2005-01-11].gz,H1
Imports,120924,COMTRADE-FINAL-CA0082000H1[2005-01-11].gz,H1
Imports,120925,COMTRADE-FINAL-CA0082000H1[2005-01-11].gz,H1
Imports,120926,COMTRADE-FINAL-CA0082000H1[2005-01-11].gz,H1
Imports,120929,COMTRADE-FINAL-CA0082000H1[2005-01-11].gz,H1
Imports,120930,COMTRADE-FINAL-CA0082000H1[2005-01-11].gz,H1
Imports,120991,COMTRADE-FINAL-CA0082000H1[2005-01-11].gz,H1
Imports,120999,COMTRADE-FINAL-CA0082000H1[2005-01-11].gz,H1
Imports,121020,COMTRADE-FINAL-CA0082000H1[2005-01-11].gz,H1
Imports,121190,COMTRADE-FINAL-CA0082000H1[2005-01-11].gz,H1
Imports,121220,COMTRADE-FINAL-CA0082000H1[2005-01-11].gz,H1
Imports,121300,COMTRADE-FINAL-CA0082000H1[2005-01-11].gz,H1
Imports,121490,COMTRADE-FINAL-CA0082000H1[2005-01-11].gz,H1
Imports,130219,COMTRADE-FINAL-CA0082000H1[2005-01-11].gz,H1
Imports,130232,COMTRADE-FINAL-CA0082000H1[2005-01-11].gz,H1
Imports,130239,COMTRADE-FINAL-CA0082000H1[2005-01-11].gz,H1
Imports,140390,COMTRADE-FINAL-CA0082000H1[2005-01-11].gz,H1
Imports,140490,COMTRADE-FINAL-CA0082000H1[2005-01-11].gz,H1
Imports,150100,COMTRADE-FINAL-CA0082000H1[2005-01-11].gz,H1
Imports,150200,COMTRADE-FINAL-CA0082000H1[2005-01-11].gz,H1
Imports,150300,COMTRADE-FINAL-CA0082000H1[2005-01-11].gz,H1
Imports,150590,COMTRADE-FINAL-CA0082000H1[2005-01-11].gz,H1
Imports,150600,COMTRADE-FINAL-CA0082000H1[2005-01-11].gz,H1
Imports,150710,COMTRADE-FINAL-CA0082000H1[2005-01-11].gz,H1
Imports,150790,COMTRADE-FINAL-CA0082000H1[2005-01-11].gz,H1
Imports,150890,COMTRADE-FINAL-CA0082000H1[2005-01-11].gz,H1
Imports,150910,COMTRADE-FINAL-CA0082000H1[2005-01-11].gz,H1
Imports,150990,COMTRADE-FINAL-CA0082000H1[2005-01-11].gz,H1
Imports,151000,COMTRADE-FINAL-CA0082000H1[2005-01-11].gz,H1
Imports,151110,COMTRADE-FINAL-CA0082000H1[2005-01-11].gz,H1
Imports,151190,COMTRADE-FINAL-CA0082000H1[2005-01-11].gz,H1
Imports,151211,COMTRADE-FINAL-CA0082000H1[2005-01-11].gz,H1
Imports,151219,COMTRADE-FINAL-CA0082000H1[2005-01-11].gz,H1
Imports,151221,COMTRADE-FINAL-CA0082000H1[2005-01-11].gz,H1
Imports,151229,COMTRADE-FINAL-CA0082000H1[2005-01-11].gz,H1
Imports,151321,COMTRADE-FINAL-CA0082000H1[2005-01-11].gz,H1
Imports,151329,COMTRADE-FINAL-CA0082000H1[2005-01-11].gz,H1
Imports,151410,COMTRADE-FINAL-CA0082000H1[2005-01-11].gz,H1
Imports,151490,COMTRADE-FINAL-CA0082000H1[2005-01-11].gz,H1
Imports,151519,COMTRADE-FINAL-CA0082000H1[2005-01-11].gz,H1
Imports,151521,COMTRADE-FINAL-CA0082000H1[2005-01-11].gz,H1
Imports,151529,COMTRADE-FINAL-CA0082000H1[2005-01-11].gz,H1
Imports,151550,COMTRADE-FINAL-CA0082000H1[2005-01-11].gz,H1
Imports,151590,COMTRADE-FINAL-CA0082000H1[2005-01-11].gz,H1
Imports,151620,COMTRADE-FINAL-CA0082000H1[2005-01-11].gz,H1
Imports,151710,COMTRADE-FINAL-CA0082000H1[2005-01-11].gz,H1
Imports,151790,COMTRADE-FINAL-CA0082000H1[2005-01-11].gz,H1
Imports,151800,COMTRADE-FINAL-CA0082000H1[2005-01-11].gz,H1
Imports,152000,COMTRADE-FINAL-CA0082000H1[2005-01-11].gz,H1
Imports,152190,COMTRADE-FINAL-CA0082000H1[2005-01-11].gz,H1
Imports,152200,COMTRADE-FINAL-CA0082000H1[2005-01-11].gz,H1
Imports,160100,COMTRADE-FINAL-CA0082000H1[2005-01-11].gz,H1
Imports,160210,COMTRADE-FINAL-CA0082000H1[2005-01-11].gz,H1
Imports,160220,COMTRADE-FINAL-CA0082000H1[2005-01-11].gz,H1
Imports,160231,COMTRADE-FINAL-CA0082000H1[2005-01-11].gz,H1
Imports,160232,COMTRADE-FINAL-CA0082000H1[2005-01-11].gz,H1
Imports,160239,COMTRADE-FINAL-CA0082000H1[2005-01-11].gz,H1
Imports,160241,COMTRADE-FINAL-CA0082000H1[2005-01-11].gz,H1
Imports,160242,COMTRADE-FINAL-CA0082000H1[2005-01-11].gz,H1
Imports,160249,COMTRADE-FINAL-CA0082000H1[2005-01-11].gz,H1
Imports,160250,COMTRADE-FINAL-CA0082000H1[2005-01-11].gz,H1
Imports,160290,COMTRADE-FINAL-CA0082000H1[2005-01-11].gz,H1
Imports,160300,COMTRADE-FINAL-CA0082000H1[2005-01-11].gz,H1
Imports,160411,COMTRADE-FINAL-CA0082000H1[2005-01-11].gz,H1
Imports,160412,COMTRADE-FINAL-CA0082000H1[2005-01-11].gz,H1
Imports,160413,COMTRADE-FINAL-CA0082000H1[2005-01-11].gz,H1
Imports,160414,COMTRADE-FINAL-CA0082000H1[2005-01-11].gz,H1
Imports,160416,COMTRADE-FINAL-CA0082000H1[2005-01-11].gz,H1
Imports,160419,COMTRADE-FINAL-CA0082000H1[2005-01-11].gz,H1
Imports,160420,COMTRADE-FINAL-CA0082000H1[2005-01-11].gz,H1
Imports,160590,COMTRADE-FINAL-CA0082000H1[2005-01-11].gz,H1
Imports,170111,COMTRADE-FINAL-CA0082000H1[2005-01-11].gz,H1
Imports,170112,COMTRADE-FINAL-CA0082000H1[2005-01-11].gz,H1
Imports,170199,COMTRADE-FINAL-CA0082000H1[2005-01-11].gz,H1
Imports,170219,COMTRADE-FINAL-CA0082000H1[2005-01-11].gz,H1
Imports,170220,COMTRADE-FINAL-CA0082000H1[2005-01-11].gz,H1
Imports,170230,COMTRADE-FINAL-CA0082000H1[2005-01-11].gz,H1
Imports,170240,COMTRADE-FINAL-CA0082000H1[2005-01-11].gz,H1
Imports,170260,COMTRADE-FINAL-CA0082000H1[2005-01-11].gz,H1
Imports,170290,COMTRADE-FINAL-CA0082000H1[2005-01-11].gz,H1
Imports,170410,COMTRADE-FINAL-CA0082000H1[2005-01-11].gz,H1
Imports,170490,COMTRADE-FINAL-CA0082000H1[2005-01-11].gz,H1
Imports,180100,COMTRADE-FINAL-CA0082000H1[2005-01-11].gz,H1
Imports,180320,COMTRADE-FINAL-CA0082000H1[2005-01-11].gz,H1
Imports,180400,COMTRADE-FINAL-CA0082000H1[2005-01-11].gz,H1
Imports,180500,COMTRADE-FINAL-CA0082000H1[2005-01-11].gz,H1
Imports,180610,COMTRADE-FINAL-CA0082000H1[2005-01-11].gz,H1
Imports,180620,COMTRADE-FINAL-CA0082000H1[2005-01-11].gz,H1
Imports,180631,COMTRADE-FINAL-CA0082000H1[2005-01-11].gz,H1
Imports,180632,COMTRADE-FINAL-CA0082000H1[2005-01-11].gz,H1
Imports,180690,COMTRADE-FINAL-CA0082000H1[2005-01-11].gz,H1
Imports,190110,COMTRADE-FINAL-CA0082000H1[2005-01-11].gz,H1
Imports,190120,COMTRADE-FINAL-CA0082000H1[2005-01-11].gz,H1
Imports,190190,COMTRADE-FINAL-CA0082000H1[2005-01-11].gz,H1
Imports,190211,COMTRADE-FINAL-CA0082000H1[2005-01-11].gz,H1
Imports,190219,COMTRADE-FINAL-CA0082000H1[2005-01-11].gz,H1
Imports,190220,COMTRADE-FINAL-CA0082000H1[2005-01-11].gz,H1
Imports,190230,COMTRADE-FINAL-CA0082000H1[2005-01-11].gz,H1
Imports,190240,COMTRADE-FINAL-CA0082000H1[2005-01-11].gz,H1
Imports,190300,COMTRADE-FINAL-CA0082000H1[2005-01-11].gz,H1
Imports,190410,COMTRADE-FINAL-CA0082000H1[2005-01-11].gz,H1
Imports,190420,COMTRADE-FINAL-CA0082000H1[2005-01-11].gz,H1
Imports,190490,COMTRADE-FINAL-CA0082000H1[2005-01-11].gz,H1
Imports,190510,COMTRADE-FINAL-CA0082000H1[2005-01-11].gz,H1
Imports,190520,COMTRADE-FINAL-CA0082000H1[2005-01-11].gz,H1
Imports,190530,COMTRADE-FINAL-CA0082000H1[2005-01-11].gz,H1
Imports,190540,COMTRADE-FINAL-CA0082000H1[2005-01-11].gz,H1
Imports,190590,COMTRADE-FINAL-CA0082000H1[2005-01-11].gz,H1
Imports,200110,COMTRADE-FINAL-CA0082000H1[2005-01-11].gz,H1
Imports,200190,COMTRADE-FINAL-CA0082000H1[2005-01-11].gz,H1
Imports,200210,COMTRADE-FINAL-CA0082000H1[2005-01-11].gz,H1
Imports,200290,COMTRADE-FINAL-CA0082000H1[2005-01-11].gz,H1
Imports,200310,COMTRADE-FINAL-CA0082000H1[2005-01-11].gz,H1
Imports,200410,COMTRADE-FINAL-CA0082000H1[2005-01-11].gz,H1
Imports,200490,COMTRADE-FINAL-CA0082000H1[2005-01-11].gz,H1
Imports,200510,COMTRADE-FINAL-CA0082000H1[2005-01-11].gz,H1
Imports,200520,COMTRADE-FINAL-CA0082000H1[2005-01-11].gz,H1
Imports,200540,COMTRADE-FINAL-CA0082000H1[2005-01-11].gz,H1
Imports,200559,COMTRADE-FINAL-CA0082000H1[2005-01-11].gz,H1
Imports,200570,COMTRADE-FINAL-CA0082000H1[2005-01-11].gz,H1
Imports,200580,COMTRADE-FINAL-CA0082000H1[2005-01-11].gz,H1
Imports,200590,COMTRADE-FINAL-CA0082000H1[2005-01-11].gz,H1
Imports,200600,COMTRADE-FINAL-CA0082000H1[2005-01-11].gz,H1
Imports,200710,COMTRADE-FINAL-CA0082000H1[2005-01-11].gz,H1
Imports,200791,COMTRADE-FINAL-CA0082000H1[2005-01-11].gz,H1
Imports,200799,COMTRADE-FINAL-CA0082000H1[2005-01-11].gz,H1
Imports,200811,COMTRADE-FINAL-CA0082000H1[2005-01-11].gz,H1
Imports,200819,COMTRADE-FINAL-CA0082000H1[2005-01-11].gz,H1
Imports,200820,COMTRADE-FINAL-CA0082000H1[2005-01-11].gz,H1
Imports,200830,COMTRADE-FINAL-CA0082000H1[2005-01-11].gz,H1
Imports,200850,COMTRADE-FINAL-CA0082000H1[2005-01-11].gz,H1
Imports,200860,COMTRADE-FINAL-CA0082000H1[2005-01-11].gz,H1
Imports,200870,COMTRADE-FINAL-CA0082000H1[2005-01-11].gz,H1
Imports,200880,COMTRADE-FINAL-CA0082000H1[2005-01-11].gz,H1
Imports,200892,COMTRADE-FINAL-CA0082000H1[2005-01-11].gz,H1
Imports,200899,COMTRADE-FINAL-CA0082000H1[2005-01-11].gz,H1
Imports,200911,COMTRADE-FINAL-CA0082000H1[2005-01-11].gz,H1
Imports,200919,COMTRADE-FINAL-CA0082000H1[2005-01-11].gz,H1
Imports,200920,COMTRADE-FINAL-CA0082000H1[2005-01-11].gz,H1
Imports,200930,COMTRADE-FINAL-CA0082000H1[2005-01-11].gz,H1
Imports,200950,COMTRADE-FINAL-CA0082000H1[2005-01-11].gz,H1
Imports,200960,COMTRADE-FINAL-CA0082000H1[2005-01-11].gz,H1
Imports,200970,COMTRADE-FINAL-CA0082000H1[2005-01-11].gz,H1
Imports,200980,COMTRADE-FINAL-CA0082000H1[2005-01-11].gz,H1
Imports,200990,COMTRADE-FINAL-CA0082000H1[2005-01-11].gz,H1
Imports,210111,COMTRADE-FINAL-CA0082000H1[2005-01-11].gz,H1
Imports,210112,COMTRADE-FINAL-CA0082000H1[2005-01-11].gz,H1
Imports,210120,COMTRADE-FINAL-CA0082000H1[2005-01-11].gz,H1
Imports,210130,COMTRADE-FINAL-CA0082000H1[2005-01-11].gz,H1
Imports,210210,COMTRADE-FINAL-CA0082000H1[2005-01-11].gz,H1
Imports,210220,COMTRADE-FINAL-CA0082000H1[2005-01-11].gz,H1
Imports,210230,COMTRADE-FINAL-CA0082000H1[2005-01-11].gz,H1
Imports,210310,COMTRADE-FINAL-CA0082000H1[2005-01-11].gz,H1
Imports,210320,COMTRADE-FINAL-CA0082000H1[2005-01-11].gz,H1
Imports,210330,COMTRADE-FINAL-CA0082000H1[2005-01-11].gz,H1
Imports,210390,COMTRADE-FINAL-CA0082000H1[2005-01-11].gz,H1
Imports,210410,COMTRADE-FINAL-CA0082000H1[2005-01-11].gz,H1
Imports,210420,COMTRADE-FINAL-CA0082000H1[2005-01-11].gz,H1
Imports,210500,COMTRADE-FINAL-CA0082000H1[2005-01-11].gz,H1
Imports,210610,COMTRADE-FINAL-CA0082000H1[2005-01-11].gz,H1
Imports,210690,COMTRADE-FINAL-CA0082000H1[2005-01-11].gz,H1
Imports,220110,COMTRADE-FINAL-CA0082000H1[2005-01-11].gz,H1
Imports,220190,COMTRADE-FINAL-CA0082000H1[2005-01-11].gz,H1
Imports,220210,COMTRADE-FINAL-CA0082000H1[2005-01-11].gz,H1
Imports,220290,COMTRADE-FINAL-CA0082000H1[2005-01-11].gz,H1
Imports,220300,COMTRADE-FINAL-CA0082000H1[2005-01-11].gz,H1
Imports,220410,COMTRADE-FINAL-CA0082000H1[2005-01-11].gz,H1
Imports,220421,COMTRADE-FINAL-CA0082000H1[2005-01-11].gz,H1
Imports,220429,COMTRADE-FINAL-CA0082000H1[2005-01-11].gz,H1
Imports,220430,COMTRADE-FINAL-CA0082000H1[2005-01-11].gz,H1
Imports,220510,COMTRADE-FINAL-CA0082000H1[2005-01-11].gz,H1
Imports,220600,COMTRADE-FINAL-CA0082000H1[2005-01-11].gz,H1
Imports,220710,COMTRADE-FINAL-CA0082000H1[2005-01-11].gz,H1
Imports,220720,COMTRADE-FINAL-CA0082000H1[2005-01-11].gz,H1
Imports,220820,COMTRADE-FINAL-CA0082000H1[2005-01-11].gz,H1
Imports,220830,COMTRADE-FINAL-CA0082000H1[2005-01-11].gz,H1
Imports,220840,COMTRADE-FINAL-CA0082000H1[2005-01-11].gz,H1
Imports,220850,COMTRADE-FINAL-CA0082000H1[2005-01-11].gz,H1
Imports,220860,COMTRADE-FINAL-CA0082000H1[2005-01-11].gz,H1
Imports,220870,COMTRADE-FINAL-CA0082000H1[2005-01-11].gz,H1
Imports,220890,COMTRADE-FINAL-CA0082000H1[2005-01-11].gz,H1
Imports,220900,COMTRADE-FINAL-CA0082000H1[2005-01-11].gz,H1
Imports,230110,COMTRADE-FINAL-CA0082000H1[2005-01-11].gz,H1
Imports,230210,COMTRADE-FINAL-CA0082000H1[2005-01-11].gz,H1
Imports,230220,COMTRADE-FINAL-CA0082000H1[2005-01-11].gz,H1
Imports,230230,COMTRADE-FINAL-CA0082000H1[2005-01-11].gz,H1
Imports,230240,COMTRADE-FINAL-CA0082000H1[2005-01-11].gz,H1
Imports,230250,COMTRADE-FINAL-CA0082000H1[2005-01-11].gz,H1
Imports,230400,COMTRADE-FINAL-CA0082000H1[2005-01-11].gz,H1
Imports,230500,COMTRADE-FINAL-CA0082000H1[2005-01-11].gz,H1
Imports,230610,COMTRADE-FINAL-CA0082000H1[2005-01-11].gz,H1
Imports,230630,COMTRADE-FINAL-CA0082000H1[2005-01-11].gz,H1
Imports,230670,COMTRADE-FINAL-CA0082000H1[2005-01-11].gz,H1
Imports,230700,COMTRADE-FINAL-CA0082000H1[2005-01-11].gz,H1
Imports,230890,COMTRADE-FINAL-CA0082000H1[2005-01-11].gz,H1
Imports,230910,COMTRADE-FINAL-CA0082000H1[2005-01-11].gz,H1
Imports,230990,COMTRADE-FINAL-CA0082000H1[2005-01-11].gz,H1
Imports,240220,COMTRADE-FINAL-CA0082000H1[2005-01-11].gz,H1
Imports,240290,COMTRADE-FINAL-CA0082000H1[2005-01-11].gz,H1
Imports,240310,COMTRADE-FINAL-CA0082000H1[2005-01-11].gz,H1
Imports,240391,COMTRADE-FINAL-CA0082000H1[2005-01-11].gz,H1
Imports,240399,COMTRADE-FINAL-CA0082000H1[2005-01-11].gz,H1
Imports,250100,COMTRADE-FINAL-CA0082000H1[2005-01-11].gz,H1
Imports,250410,COMTRADE-FINAL-CA0082000H1[2005-01-11].gz,H1
Imports,250510,COMTRADE-FINAL-CA0082000H1[2005-01-11].gz,H1
Imports,250590,COMTRADE-FINAL-CA0082000H1[2005-01-11].gz,H1
Imports,250610,COMTRADE-FINAL-CA0082000H1[2005-01-11].gz,H1
Imports,250629,COMTRADE-FINAL-CA0082000H1[2005-01-11].gz,H1
Imports,250700,COMTRADE-FINAL-CA0082000H1[2005-01-11].gz,H1
Imports,250810,COMTRADE-FINAL-CA0082000H1[2005-01-11].gz,H1
Imports,250830,COMTRADE-FINAL-CA0082000H1[2005-01-11].gz,H1
Imports,250840,COMTRADE-FINAL-CA0082000H1[2005-01-11].gz,H1
Imports,250850,COMTRADE-FINAL-CA0082000H1[2005-01-11].gz,H1
Imports,250870,COMTRADE-FINAL-CA0082000H1[2005-01-11].gz,H1
Imports,250900,COMTRADE-FINAL-CA0082000H1[2005-01-11].gz,H1
Imports,251020,COMTRADE-FINAL-CA0082000H1[2005-01-11].gz,H1
Imports,251110,COMTRADE-FINAL-CA0082000H1[2005-01-11].gz,H1
Imports,251120,COMTRADE-FINAL-CA0082000H1[2005-01-11].gz,H1
Imports,251200,COMTRADE-FINAL-CA0082000H1[2005-01-11].gz,H1
Imports,251311,COMTRADE-FINAL-CA0082000H1[2005-01-11].gz,H1
Imports,251319,COMTRADE-FINAL-CA0082000H1[2005-01-11].gz,H1
Imports,251320,COMTRADE-FINAL-CA0082000H1[2005-01-11].gz,H1
Imports,251511,COMTRADE-FINAL-CA0082000H1[2005-01-11].gz,H1
Imports,251512,COMTRADE-FINAL-CA0082000H1[2005-01-11].gz,H1
Imports,251520,COMTRADE-FINAL-CA0082000H1[2005-01-11].gz,H1
Imports,251612,COMTRADE-FINAL-CA0082000H1[2005-01-11].gz,H1
Imports,251622,COMTRADE-FINAL-CA0082000H1[2005-01-11].gz,H1
Imports,251690,COMTRADE-FINAL-CA0082000H1[2005-01-11].gz,H1
Imports,251710,COMTRADE-FINAL-CA0082000H1[2005-01-11].gz,H1
Imports,251741,COMTRADE-FINAL-CA0082000H1[2005-01-11].gz,H1
Imports,251749,COMTRADE-FINAL-CA0082000H1[2005-01-11].gz,H1
Imports,251810,COMTRADE-FINAL-CA0082000H1[2005-01-11].gz,H1
Imports,251820,COMTRADE-FINAL-CA0082000H1[2005-01-11].gz,H1
Imports,251990,COMTRADE-FINAL-CA0082000H1[2005-01-11].gz,H1
Imports,252010,COMTRADE-FINAL-CA0082000H1[2005-01-11].gz,H1
Imports,252020,COMTRADE-FINAL-CA0082000H1[2005-01-11].gz,H1
Imports,252100,COMTRADE-FINAL-CA0082000H1[2005-01-11].gz,H1
Imports,252210,COMTRADE-FINAL-CA0082000H1[2005-01-11].gz,H1
Imports,252220,COMTRADE-FINAL-CA0082000H1[2005-01-11].gz,H1
Imports,252230,COMTRADE-FINAL-CA0082000H1[2005-01-11].gz,H1
Imports,252310,COMTRADE-FINAL-CA0082000H1[2005-01-11].gz,H1
Imports,252321,COMTRADE-FINAL-CA0082000H1[2005-01-11].gz,H1
Imports,252329,COMTRADE-FINAL-CA0082000H1[2005-01-11].gz,H1
Imports,252390,COMTRADE-FINAL-CA0082000H1[2005-01-11].gz,H1
Imports,252400,COMTRADE-FINAL-CA0082000H1[2005-01-11].gz,H1
Imports,252510,COMTRADE-FINAL-CA0082000H1[2005-01-11].gz,H1
Imports,252520,COMTRADE-FINAL-CA0082000H1[2005-01-11].gz,H1
Imports,252610,COMTRADE-FINAL-CA0082000H1[2005-01-11].gz,H1
Imports,252620,COMTRADE-FINAL-CA0082000H1[2005-01-11].gz,H1
Imports,252890,COMTRADE-FINAL-CA0082000H1[2005-01-11].gz,H1
Imports,253010,COMTRADE-FINAL-CA0082000H1[2005-01-11].gz,H1
Imports,253090,COMTRADE-FINAL-CA0082000H1[2005-01-11].gz,H1
Imports,260400,COMTRADE-FINAL-CA0082000H1[2005-01-11].gz,H1
Imports,261800,COMTRADE-FINAL-CA0082000H1[2005-01-11].gz,H1
Imports,270111,COMTRADE-FINAL-CA0082000H1[2005-01-11].gz,H1
Imports,270119,COMTRADE-FINAL-CA0082000H1[2005-01-11].gz,H1
Imports,270120,COMTRADE-FINAL-CA0082000H1[2005-01-11].gz,H1
Imports,270210,COMTRADE-FINAL-CA0082000H1[2005-01-11].gz,H1
Imports,270220,COMTRADE-FINAL-CA0082000H1[2005-01-11].gz,H1
Imports,270300,COMTRADE-FINAL-CA0082000H1[2005-01-11].gz,H1
Imports,270400,COMTRADE-FINAL-CA0082000H1[2005-01-11].gz,H1
Imports,270500,COMTRADE-FINAL-CA0082000H1[2005-01-11].gz,H1
Imports,270600,COMTRADE-FINAL-CA0082000H1[2005-01-11].gz,H1
Imports,270710,COMTRADE-FINAL-CA0082000H1[2005-01-11].gz,H1
Imports,270730,COMTRADE-FINAL-CA0082000H1[2005-01-11].gz,H1
Imports,270740,COMTRADE-FINAL-CA0082000H1[2005-01-11].gz,H1
Imports,270760,COMTRADE-FINAL-CA0082000H1[2005-01-11].gz,H1
Imports,270791,COMTRADE-FINAL-CA0082000H1[2005-01-11].gz,H1
Imports,270799,COMTRADE-FINAL-CA0082000H1[2005-01-11].gz,H1
Imports,270820,COMTRADE-FINAL-CA0082000H1[2005-01-11].gz,H1
Imports,270900,COMTRADE-FINAL-CA0082000H1[2005-01-11].gz,H1
Imports,271000,COMTRADE-FINAL-CA0082000H1[2005-01-11].gz,H1
Imports,271111,COMTRADE-FINAL-CA0082000H1[2005-01-11].gz,H1
Imports,271112,COMTRADE-FINAL-CA0082000H1[2005-01-11].gz,H1
Imports,271113,COMTRADE-FINAL-CA0082000H1[2005-01-11].gz,H1
Imports,271114,COMTRADE-FINAL-CA0082000H1[2005-01-11].gz,H1
Imports,271119,COMTRADE-FINAL-CA0082000H1[2005-01-11].gz,H1
Imports,271121,COMTRADE-FINAL-CA0082000H1[2005-01-11].gz,H1
Imports,271129,COMTRADE-FINAL-CA0082000H1[2005-01-11].gz,H1
Imports,271210,COMTRADE-FINAL-CA0082000H1[2005-01-11].gz,H1
Imports,271220,COMTRADE-FINAL-CA0082000H1[2005-01-11].gz,H1
Imports,271290,COMTRADE-FINAL-CA0082000H1[2005-01-11].gz,H1
Imports,271320,COMTRADE-FINAL-CA0082000H1[2005-01-11].gz,H1
Imports,271390,COMTRADE-FINAL-CA0082000H1[2005-01-11].gz,H1
Imports,271410,COMTRADE-FINAL-CA0082000H1[2005-01-11].gz,H1
Imports,271490,COMTRADE-FINAL-CA0082000H1[2005-01-11].gz,H1
Imports,271500,COMTRADE-FINAL-CA0082000H1[2005-01-11].gz,H1
Imports,271600,COMTRADE-FINAL-CA0082000H1[2005-01-11].gz,H1
Imports,280110,COMTRADE-FINAL-CA0082000H1[2005-01-11].gz,H1
Imports,280120,COMTRADE-FINAL-CA0082000H1[2005-01-11].gz,H1
Imports,280130,COMTRADE-FINAL-CA0082000H1[2005-01-11].gz,H1
Imports,280200,COMTRADE-FINAL-CA0082000H1[2005-01-11].gz,H1
Imports,280410,COMTRADE-FINAL-CA0082000H1[2005-01-11].gz,H1
Imports,280421,COMTRADE-FINAL-CA0082000H1[2005-01-11].gz,H1
Imports,280429,COMTRADE-FINAL-CA0082000H1[2005-01-11].gz,H1
Imports,280430,COMTRADE-FINAL-CA0082000H1[2005-01-11].gz,H1
Imports,280440,COMTRADE-FINAL-CA0082000H1[2005-01-11].gz,H1
Imports,280461,COMTRADE-FINAL-CA0082000H1[2005-01-11].gz,H1
Imports,280469,COMTRADE-FINAL-CA0082000H1[2005-01-11].gz,H1
Imports,280480,COMTRADE-FINAL-CA0082000H1[2005-01-11].gz,H1
Imports,280511,COMTRADE-FINAL-CA0082000H1[2005-01-11].gz,H1
Imports,280519,COMTRADE-FINAL-CA0082000H1[2005-01-11].gz,H1
Imports,280521,COMTRADE-FINAL-CA0082000H1[2005-01-11].gz,H1
Imports,280530,COMTRADE-FINAL-CA0082000H1[2005-01-11].gz,H1
Imports,280540,COMTRADE-FINAL-CA0082000H1[2005-01-11].gz,H1
Imports,280610,COMTRADE-FINAL-CA0082000H1[2005-01-11].gz,H1
Imports,280620,COMTRADE-FINAL-CA0082000H1[2005-01-11].gz,H1
Imports,280700,COMTRADE-FINAL-CA0082000H1[2005-01-11].gz,H1
Imports,280800,COMTRADE-FINAL-CA0082000H1[2005-01-11].gz,H1
Imports,280910,COMTRADE-FINAL-CA0082000H1[2005-01-11].gz,H1
Imports,280920,COMTRADE-FINAL-CA0082000H1[2005-01-11].gz,H1
Imports,281000,COMTRADE-FINAL-CA0082000H1[2005-01-11].gz,H1
Imports,281111,COMTRADE-FINAL-CA0082000H1[2005-01-11].gz,H1
Imports,281119,COMTRADE-FINAL-CA0082000H1[2005-01-11].gz,H1
Imports,281121,COMTRADE-FINAL-CA0082000H1[2005-01-11].gz,H1
Imports,281122,COMTRADE-FINAL-CA0082000H1[2005-01-11].gz,H1
Imports,281123,COMTRADE-FINAL-CA0082000H1[2005-01-11].gz,H1
Imports,281129,COMTRADE-FINAL-CA0082000H1[2005-01-11].gz,H1
Imports,281210,COMTRADE-FINAL-CA0082000H1[2005-01-11].gz,H1
Imports,281290,COMTRADE-FINAL-CA0082000H1[2005-01-11].gz,H1
Imports,281310,COMTRADE-FINAL-CA0082000H1[2005-01-11].gz,H1
Imports,281390,COMTRADE-FINAL-CA0082000H1[2005-01-11].gz,H1
Imports,281410,COMTRADE-FINAL-CA0082000H1[2005-01-11].gz,H1
Imports,281420,COMTRADE-FINAL-CA0082000H1[2005-01-11].gz,H1
Imports,281511,COMTRADE-FINAL-CA0082000H1[2005-01-11].gz,H1
Imports,281512,COMTRADE-FINAL-CA0082000H1[2005-01-11].gz,H1
Imports,281520,COMTRADE-FINAL-CA0082000H1[2005-01-11].gz,H1
Imports,281630,COMTRADE-FINAL-CA0082000H1[2005-01-11].gz,H1
Imports,281700,COMTRADE-FINAL-CA0082000H1[2005-01-11].gz,H1
Imports,281810,COMTRADE-FINAL-CA0082000H1[2005-01-11].gz,H1
Imports,281830,COMTRADE-FINAL-CA0082000H1[2005-01-11].gz,H1
Imports,282010,COMTRADE-FINAL-CA0082000H1[2005-01-11].gz,H1
Imports,282110,COMTRADE-FINAL-CA0082000H1[2005-01-11].gz,H1
Imports,282300,COMTRADE-FINAL-CA0082000H1[2005-01-11].gz,H1
Imports,282410,COMTRADE-FINAL-CA0082000H1[2005-01-11].gz,H1
Imports,282490,COMTRADE-FINAL-CA0082000H1[2005-01-11].gz,H1
Imports,282590,COMTRADE-FINAL-CA0082000H1[2005-01-11].gz,H1
Imports,282619,COMTRADE-FINAL-CA0082000H1[2005-01-11].gz,H1
Imports,282710,COMTRADE-FINAL-CA0082000H1[2005-01-11].gz,H1
Imports,282720,COMTRADE-FINAL-CA0082000H1[2005-01-11].gz,H1
Imports,282732,COMTRADE-FINAL-CA0082000H1[2005-01-11].gz,H1
Imports,282739,COMTRADE-FINAL-CA0082000H1[2005-01-11].gz,H1
Imports,282810,COMTRADE-FINAL-CA0082000H1[2005-01-11].gz,H1
Imports,282890,COMTRADE-FINAL-CA0082000H1[2005-01-11].gz,H1
Imports,282911,COMTRADE-FINAL-CA0082000H1[2005-01-11].gz,H1
Imports,282919,COMTRADE-FINAL-CA0082000H1[2005-01-11].gz,H1
Imports,283010,COMTRADE-FINAL-CA0082000H1[2005-01-11].gz,H1
Imports,283110,COMTRADE-FINAL-CA0082000H1[2005-01-11].gz,H1
Imports,283210,COMTRADE-FINAL-CA0082000H1[2005-01-11].gz,H1
Imports,283220,COMTRADE-FINAL-CA0082000H1[2005-01-11].gz,H1
Imports,283311,COMTRADE-FINAL-CA0082000H1[2005-01-11].gz,H1
Imports,283319,COMTRADE-FINAL-CA0082000H1[2005-01-11].gz,H1
Imports,283321,COMTRADE-FINAL-CA0082000H1[2005-01-11].gz,H1
Imports,283322,COMTRADE-FINAL-CA0082000H1[2005-01-11].gz,H1
Imports,283323,COMTRADE-FINAL-CA0082000H1[2005-01-11].gz,H1
Imports,283324,COMTRADE-FINAL-CA0082000H1[2005-01-11].gz,H1
Imports,283325,COMTRADE-FINAL-CA0082000H1[2005-01-11].gz,H1
Imports,283327,COMTRADE-FINAL-CA0082000H1[2005-01-11].gz,H1
Imports,283329,COMTRADE-FINAL-CA0082000H1[2005-01-11].gz,H1
Imports,283410,COMTRADE-FINAL-CA0082000H1[2005-01-11].gz,H1
Imports,283421,COMTRADE-FINAL-CA0082000H1[2005-01-11].gz,H1
Imports,283429,COMTRADE-FINAL-CA0082000H1[2005-01-11].gz,H1
Imports,283522,COMTRADE-FINAL-CA0082000H1[2005-01-11].gz,H1
Imports,283524,COMTRADE-FINAL-CA0082000H1[2005-01-11].gz,H1
Imports,283525,COMTRADE-FINAL-CA0082000H1[2005-01-11].gz,H1
Imports,283526,COMTRADE-FINAL-CA0082000H1[2005-01-11].gz,H1
Imports,283529,COMTRADE-FINAL-CA0082000H1[2005-01-11].gz,H1
Imports,283531,COMTRADE-FINAL-CA0082000H1[2005-01-11].gz,H1
Imports,283539,COMTRADE-FINAL-CA0082000H1[2005-01-11].gz,H1
Imports,283610,COMTRADE-FINAL-CA0082000H1[2005-01-11].gz,H1
Imports,283620,COMTRADE-FINAL-CA0082000H1[2005-01-11].gz,H1
Imports,283630,COMTRADE-FINAL-CA0082000H1[2005-01-11].gz,H1
Imports,283640,COMTRADE-FINAL-CA0082000H1[2005-01-11].gz,H1
Imports,283650,COMTRADE-FINAL-CA0082000H1[2005-01-11].gz,H1
Imports,283692,COMTRADE-FINAL-CA0082000H1[2005-01-11].gz,H1
Imports,283699,COMTRADE-FINAL-CA0082000H1[2005-01-11].gz,H1
Imports,283911,COMTRADE-FINAL-CA0082000H1[2005-01-11].gz,H1
Imports,283919,COMTRADE-FINAL-CA0082000H1[2005-01-11].gz,H1
Imports,284011,COMTRADE-FINAL-CA0082000H1[2005-01-11].gz,H1
Imports,284019,COMTRADE-FINAL-CA0082000H1[2005-01-11].gz,H1
Imports,284020,COMTRADE-FINAL-CA0082000H1[2005-01-11].gz,H1
Imports,284030,COMTRADE-FINAL-CA0082000H1[2005-01-11].gz,H1
Imports,284130,COMTRADE-FINAL-CA0082000H1[2005-01-11].gz,H1
Imports,284150,COMTRADE-FINAL-CA0082000H1[2005-01-11].gz,H1
Imports,284161,COMTRADE-FINAL-CA0082000H1[2005-01-11].gz,H1
Imports,284210,COMTRADE-FINAL-CA0082000H1[2005-01-11].gz,H1
Imports,284290,COMTRADE-FINAL-CA0082000H1[2005-01-11].gz,H1
Imports,284390,COMTRADE-FINAL-CA0082000H1[2005-01-11].gz,H1
Imports,284420,COMTRADE-FINAL-CA0082000H1[2005-01-11].gz,H1
Imports,284440,COMTRADE-FINAL-CA0082000H1[2005-01-11].gz,H1
Imports,284700,COMTRADE-FINAL-CA0082000H1[2005-01-11].gz,H1
Imports,284910,COMTRADE-FINAL-CA0082000H1[2005-01-11].gz,H1
Imports,284920,COMTRADE-FINAL-CA0082000H1[2005-01-11].gz,H1
Imports,285000,COMTRADE-FINAL-CA0082000H1[2005-01-11].gz,H1
Imports,285100,COMTRADE-FINAL-CA0082000H1[2005-01-11].gz,H1
Imports,290110,COMTRADE-FINAL-CA0082000H1[2005-01-11].gz,H1
Imports,290121,COMTRADE-FINAL-CA0082000H1[2005-01-11].gz,H1
Imports,290122,COMTRADE-FINAL-CA0082000H1[2005-01-11].gz,H1
Imports,290123,COMTRADE-FINAL-CA0082000H1[2005-01-11].gz,H1
Imports,290129,COMTRADE-FINAL-CA0082000H1[2005-01-11].gz,H1
Imports,290220,COMTRADE-FINAL-CA0082000H1[2005-01-11].gz,H1
Imports,290230,COMTRADE-FINAL-CA0082000H1[2005-01-11].gz,H1
Imports,290244,COMTRADE-FINAL-CA0082000H1[2005-01-11].gz,H1
Imports,290260,COMTRADE-FINAL-CA0082000H1[2005-01-11].gz,H1
Imports,290290,COMTRADE-FINAL-CA0082000H1[2005-01-11].gz,H1
Imports,290312,COMTRADE-FINAL-CA0082000H1[2005-01-11].gz,H1
Imports,290313,COMTRADE-FINAL-CA0082000H1[2005-01-11].gz,H1
Imports,290319,COMTRADE-FINAL-CA0082000H1[2005-01-11].gz,H1
Imports,290322,COMTRADE-FINAL-CA0082000H1[2005-01-11].gz,H1
Imports,290323,COMTRADE-FINAL-CA0082000H1[2005-01-11].gz,H1
Imports,290329,COMTRADE-FINAL-CA0082000H1[2005-01-11].gz,H1
Imports,290342,COMTRADE-FINAL-CA0082000H1[2005-01-11].gz,H1
Imports,290345,COMTRADE-FINAL-CA0082000H1[2005-01-11].gz,H1
Imports,290349,COMTRADE-FINAL-CA0082000H1[2005-01-11].gz,H1
Imports,290511,COMTRADE-FINAL-CA0082000H1[2005-01-11].gz,H1
Imports,290512,COMTRADE-FINAL-CA0082000H1[2005-01-11].gz,H1
Imports,290517,COMTRADE-FINAL-CA0082000H1[2005-01-11].gz,H1
Imports,290519,COMTRADE-FINAL-CA0082000H1[2005-01-11].gz,H1
Imports,290532,COMTRADE-FINAL-CA0082000H1[2005-01-11].gz,H1
Imports,290539,COMTRADE-FINAL-CA0082000H1[2005-01-11].gz,H1
Imports,290542,COMTRADE-FINAL-CA0082000H1[2005-01-11].gz,H1
Imports,290544,COMTRADE-FINAL-CA0082000H1[2005-01-11].gz,H1
Imports,290545,COMTRADE-FINAL-CA0082000H1[2005-01-11].gz,H1
Imports,290549,COMTRADE-FINAL-CA0082000H1[2005-01-11].gz,H1
Imports,290611,COMTRADE-FINAL-CA0082000H1[2005-01-11].gz,H1
Imports,290612,COMTRADE-FINAL-CA0082000H1[2005-01-11].gz,H1
Imports,290619,COMTRADE-FINAL-CA0082000H1[2005-01-11].gz,H1
Imports,290629,COMTRADE-FINAL-CA0082000H1[2005-01-11].gz,H1
Imports,290711,COMTRADE-FINAL-CA0082000H1[2005-01-11].gz,H1
Imports,290713,COMTRADE-FINAL-CA0082000H1[2005-01-11].gz,H1
Imports,290810,COMTRADE-FINAL-CA0082000H1[2005-01-11].gz,H1
Imports,290890,COMTRADE-FINAL-CA0082000H1[2005-01-11].gz,H1
Imports,290911,COMTRADE-FINAL-CA0082000H1[2005-01-11].gz,H1
Imports,290930,COMTRADE-FINAL-CA0082000H1[2005-01-11].gz,H1
Imports,290942,COMTRADE-FINAL-CA0082000H1[2005-01-11].gz,H1
Imports,290943,COMTRADE-FINAL-CA0082000H1[2005-01-11].gz,H1
Imports,290949,COMTRADE-FINAL-CA0082000H1[2005-01-11].gz,H1
Imports,290950,COMTRADE-FINAL-CA0082000H1[2005-01-11].gz,H1
Imports,290960,COMTRADE-FINAL-CA0082000H1[2005-01-11].gz,H1
Imports,291211,COMTRADE-FINAL-CA0082000H1[2005-01-11].gz,H1
Imports,291212,COMTRADE-FINAL-CA0082000H1[2005-01-11].gz,H1
Imports,291219,COMTRADE-FINAL-CA0082000H1[2005-01-11].gz,H1
Imports,291221,COMTRADE-FINAL-CA0082000H1[2005-01-11].gz,H1
Imports,291241,COMTRADE-FINAL-CA0082000H1[2005-01-11].gz,H1
Imports,291249,COMTRADE-FINAL-CA0082000H1[2005-01-11].gz,H1
Imports,291300,COMTRADE-FINAL-CA0082000H1[2005-01-11].gz,H1
Imports,291411,COMTRADE-FINAL-CA0082000H1[2005-01-11].gz,H1
Imports,291419,COMTRADE-FINAL-CA0082000H1[2005-01-11].gz,H1
Imports,291421,COMTRADE-FINAL-CA0082000H1[2005-01-11].gz,H1
Imports,291440,COMTRADE-FINAL-CA0082000H1[2005-01-11].gz,H1
Imports,291470,COMTRADE-FINAL-CA0082000H1[2005-01-11].gz,H1
Imports,291511,COMTRADE-FINAL-CA0082000H1[2005-01-11].gz,H1
Imports,291512,COMTRADE-FINAL-CA0082000H1[2005-01-11].gz,H1
Imports,291521,COMTRADE-FINAL-CA0082000H1[2005-01-11].gz,H1
Imports,291531,COMTRADE-FINAL-CA0082000H1[2005-01-11].gz,H1
Imports,291533,COMTRADE-FINAL-CA0082000H1[2005-01-11].gz,H1
Imports,291539,COMTRADE-FINAL-CA0082000H1[2005-01-11].gz,H1
Imports,291550,COMTRADE-FINAL-CA0082000H1[2005-01-11].gz,H1
Imports,291560,COMTRADE-FINAL-CA0082000H1[2005-01-11].gz,H1
Imports,291570,COMTRADE-FINAL-CA0082000H1[2005-01-11].gz,H1
Imports,291590,COMTRADE-FINAL-CA0082000H1[2005-01-11].gz,H1
Imports,291611,COMTRADE-FINAL-CA0082000H1[2005-01-11].gz,H1
Imports,291619,COMTRADE-FINAL-CA0082000H1[2005-01-11].gz,H1
Imports,291631,COMTRADE-FINAL-CA0082000H1[2005-01-11].gz,H1
Imports,291639,COMTRADE-FINAL-CA0082000H1[2005-01-11].gz,H1
Imports,291711,COMTRADE-FINAL-CA0082000H1[2005-01-11].gz,H1
Imports,291719,COMTRADE-FINAL-CA0082000H1[2005-01-11].gz,H1
Imports,291739,COMTRADE-FINAL-CA0082000H1[2005-01-11].gz,H1
Imports,291811,COMTRADE-FINAL-CA0082000H1[2005-01-11].gz,H1
Imports,291812,COMTRADE-FINAL-CA0082000H1[2005-01-11].gz,H1
Imports,291813,COMTRADE-FINAL-CA0082000H1[2005-01-11].gz,H1
Imports,291814,COMTRADE-FINAL-CA0082000H1[2005-01-11].gz,H1
Imports,291815,COMTRADE-FINAL-CA0082000H1[2005-01-11].gz,H1
Imports,291816,COMTRADE-FINAL-CA0082000H1[2005-01-11].gz,H1
Imports,291819,COMTRADE-FINAL-CA0082000H1[2005-01-11].gz,H1
Imports,291821,COMTRADE-FINAL-CA0082000H1[2005-01-11].gz,H1
Imports,291822,COMTRADE-FINAL-CA0082000H1[2005-01-11].gz,H1
Imports,291829,COMTRADE-FINAL-CA0082000H1[2005-01-11].gz,H1
Imports,291830,COMTRADE-FINAL-CA0082000H1[2005-01-11].gz,H1
Imports,291890,COMTRADE-FINAL-CA0082000H1[2005-01-11].gz,H1
Imports,291900,COMTRADE-FINAL-CA0082000H1[2005-01-11].gz,H1
Imports,292090,COMTRADE-FINAL-CA0082000H1[2005-01-11].gz,H1
Imports,292121,COMTRADE-FINAL-CA0082000H1[2005-01-11].gz,H1
Imports,292211,COMTRADE-FINAL-CA0082000H1[2005-01-11].gz,H1
Imports,292212,COMTRADE-FINAL-CA0082000H1[2005-01-11].gz,H1
Imports,292213,COMTRADE-FINAL-CA0082000H1[2005-01-11].gz,H1
Imports,292219,COMTRADE-FINAL-CA0082000H1[2005-01-11].gz,H1
Imports,292241,COMTRADE-FINAL-CA0082000H1[2005-01-11].gz,H1
Imports,292242,COMTRADE-FINAL-CA0082000H1[2005-01-11].gz,H1
Imports,292249,COMTRADE-FINAL-CA0082000H1[2005-01-11].gz,H1
Imports,292250,COMTRADE-FINAL-CA0082000H1[2005-01-11].gz,H1
Imports,292320,COMTRADE-FINAL-CA0082000H1[2005-01-11].gz,H1
Imports,292429,COMTRADE-FINAL-CA0082000H1[2005-01-11].gz,H1
Imports,292519,COMTRADE-FINAL-CA0082000H1[2005-01-11].gz,H1
Imports,292520,COMTRADE-FINAL-CA0082000H1[2005-01-11].gz,H1
Imports,292910,COMTRADE-FINAL-CA0082000H1[2005-01-11].gz,H1
Imports,292990,COMTRADE-FINAL-CA0082000H1[2005-01-11].gz,H1
Imports,293040,COMTRADE-FINAL-CA0082000H1[2005-01-11].gz,H1
Imports,293090,COMTRADE-FINAL-CA0082000H1[2005-01-11].gz,H1
Imports,293211,COMTRADE-FINAL-CA0082000H1[2005-01-11].gz,H1
Imports,293212,COMTRADE-FINAL-CA0082000H1[2005-01-11].gz,H1
Imports,293229,COMTRADE-FINAL-CA0082000H1[2005-01-11].gz,H1
Imports,293299,COMTRADE-FINAL-CA0082000H1[2005-01-11].gz,H1
Imports,293321,COMTRADE-FINAL-CA0082000H1[2005-01-11].gz,H1
Imports,293329,COMTRADE-FINAL-CA0082000H1[2005-01-11].gz,H1
Imports,293339,COMTRADE-FINAL-CA0082000H1[2005-01-11].gz,H1
Imports,293351,COMTRADE-FINAL-CA0082000H1[2005-01-11].gz,H1
Imports,293359,COMTRADE-FINAL-CA0082000H1[2005-01-11].gz,H1
Imports,293390,COMTRADE-FINAL-CA0082000H1[2005-01-11].gz,H1
Imports,293420,COMTRADE-FINAL-CA0082000H1[2005-01-11].gz,H1
Imports,293430,COMTRADE-FINAL-CA0082000H1[2005-01-11].gz,H1
Imports,293500,COMTRADE-FINAL-CA0082000H1[2005-01-11].gz,H1
Imports,293622,COMTRADE-FINAL-CA0082000H1[2005-01-11].gz,H1
Imports,293625,COMTRADE-FINAL-CA0082000H1[2005-01-11].gz,H1
Imports,293626,COMTRADE-FINAL-CA0082000H1[2005-01-11].gz,H1
Imports,293627,COMTRADE-FINAL-CA0082000H1[2005-01-11].gz,H1
Imports,293629,COMTRADE-FINAL-CA0082000H1[2005-01-11].gz,H1
Imports,293690,COMTRADE-FINAL-CA0082000H1[2005-01-11].gz,H1
Imports,293722,COMTRADE-FINAL-CA0082000H1[2005-01-11].gz,H1
Imports,293910,COMTRADE-FINAL-CA0082000H1[2005-01-11].gz,H1
Imports,293929,COMTRADE-FINAL-CA0082000H1[2005-01-11].gz,H1
Imports,293930,COMTRADE-FINAL-CA0082000H1[2005-01-11].gz,H1
Imports,293950,COMTRADE-FINAL-CA0082000H1[2005-01-11].gz,H1
Imports,293990,COMTRADE-FINAL-CA0082000H1[2005-01-11].gz,H1
Imports,294000,COMTRADE-FINAL-CA0082000H1[2005-01-11].gz,H1
Imports,294110,COMTRADE-FINAL-CA0082000H1[2005-01-11].gz,H1
Imports,294130,COMTRADE-FINAL-CA0082000H1[2005-01-11].gz,H1
Imports,294140,COMTRADE-FINAL-CA0082000H1[2005-01-11].gz,H1
Imports,294150,COMTRADE-FINAL-CA0082000H1[2005-01-11].gz,H1
Imports,294190,COMTRADE-FINAL-CA0082000H1[2005-01-11].gz,H1
Imports,294200,COMTRADE-FINAL-CA0082000H1[2005-01-11].gz,H1
Imports,300190,COMTRADE-FINAL-CA0082000H1[2005-01-11].gz,H1
Imports,300210,COMTRADE-FINAL-CA0082000H1[2005-01-11].gz,H1
Imports,300220,COMTRADE-FINAL-CA0082000H1[2005-01-11].gz,H1
Imports,300230,COMTRADE-FINAL-CA0082000H1[2005-01-11].gz,H1
Imports,300290,COMTRADE-FINAL-CA0082000H1[2005-01-11].gz,H1
Imports,300310,COMTRADE-FINAL-CA0082000H1[2005-01-11].gz,H1
Imports,300320,COMTRADE-FINAL-CA0082000H1[2005-01-11].gz,H1
Imports,300331,COMTRADE-FINAL-CA0082000H1[2005-01-11].gz,H1
Imports,300339,COMTRADE-FINAL-CA0082000H1[2005-01-11].gz,H1
Imports,300340,COMTRADE-FINAL-CA0082000H1[2005-01-11].gz,H1
Imports,300390,COMTRADE-FINAL-CA0082000H1[2005-01-11].gz,H1
Imports,300410,COMTRADE-FINAL-CA0082000H1[2005-01-11].gz,H1
Imports,300420,COMTRADE-FINAL-CA0082000H1[2005-01-11].gz,H1
Imports,300431,COMTRADE-FINAL-CA0082000H1[2005-01-11].gz,H1
Imports,300432,COMTRADE-FINAL-CA0082000H1[2005-01-11].gz,H1
Imports,300439,COMTRADE-FINAL-CA0082000H1[2005-01-11].gz,H1
Imports,300440,COMTRADE-FINAL-CA0082000H1[2005-01-11].gz,H1
Imports,300450,COMTRADE-FINAL-CA0082000H1[2005-01-11].gz,H1
Imports,300490,COMTRADE-FINAL-CA0082000H1[2005-01-11].gz,H1
Imports,300510,COMTRADE-FINAL-CA0082000H1[2005-01-11].gz,H1
Imports,300590,COMTRADE-FINAL-CA0082000H1[2005-01-11].gz,H1
Imports,300610,COMTRADE-FINAL-CA0082000H1[2005-01-11].gz,H1
Imports,300620,COMTRADE-FINAL-CA0082000H1[2005-01-11].gz,H1
Imports,300630,COMTRADE-FINAL-CA0082000H1[2005-01-11].gz,H1
Imports,300640,COMTRADE-FINAL-CA0082000H1[2005-01-11].gz,H1
Imports,300650,COMTRADE-FINAL-CA0082000H1[2005-01-11].gz,H1
Imports,300660,COMTRADE-FINAL-CA0082000H1[2005-01-11].gz,H1
Imports,310100,COMTRADE-FINAL-CA0082000H1[2005-01-11].gz,H1
Imports,310210,COMTRADE-FINAL-CA0082000H1[2005-01-11].gz,H1
Imports,310221,COMTRADE-FINAL-CA0082000H1[2005-01-11].gz,H1
Imports,310229,COMTRADE-FINAL-CA0082000H1[2005-01-11].gz,H1
Imports,310230,COMTRADE-FINAL-CA0082000H1[2005-01-11].gz,H1
Imports,310250,COMTRADE-FINAL-CA0082000H1[2005-01-11].gz,H1
Imports,310270,COMTRADE-FINAL-CA0082000H1[2005-01-11].gz,H1
Imports,310280,COMTRADE-FINAL-CA0082000H1[2005-01-11].gz,H1
Imports,310290,COMTRADE-FINAL-CA0082000H1[2005-01-11].gz,H1
Imports,310310,COMTRADE-FINAL-CA0082000H1[2005-01-11].gz,H1
Imports,310390,COMTRADE-FINAL-CA0082000H1[2005-01-11].gz,H1
Imports,310410,COMTRADE-FINAL-CA0082000H1[2005-01-11].gz,H1
Imports,310420,COMTRADE-FINAL-CA0082000H1[2005-01-11].gz,H1
Imports,310430,COMTRADE-FINAL-CA0082000H1[2005-01-11].gz,H1
Imports,310490,COMTRADE-FINAL-CA0082000H1[2005-01-11].gz,H1
Imports,310510,COMTRADE-FINAL-CA0082000H1[2005-01-11].gz,H1
Imports,310520,COMTRADE-FINAL-CA0082000H1[2005-01-11].gz,H1
Imports,310530,COMTRADE-FINAL-CA0082000H1[2005-01-11].gz,H1
Imports,310559,COMTRADE-FINAL-CA0082000H1[2005-01-11].gz,H1
Imports,310560,COMTRADE-FINAL-CA0082000H1[2005-01-11].gz,H1
Imports,310590,COMTRADE-FINAL-CA0082000H1[2005-01-11].gz,H1
Imports,320110,COMTRADE-FINAL-CA0082000H1[2005-01-11].gz,H1
Imports,320190,COMTRADE-FINAL-CA0082000H1[2005-01-11].gz,H1
Imports,320210,COMTRADE-FINAL-CA0082000H1[2005-01-11].gz,H1
Imports,320290,COMTRADE-FINAL-CA0082000H1[2005-01-11].gz,H1
Imports,320300,COMTRADE-FINAL-CA0082000H1[2005-01-11].gz,H1
Imports,320411,COMTRADE-FINAL-CA0082000H1[2005-01-11].gz,H1
Imports,320412,COMTRADE-FINAL-CA0082000H1[2005-01-11].gz,H1
Imports,320413,COMTRADE-FINAL-CA0082000H1[2005-01-11].gz,H1
Imports,320414,COMTRADE-FINAL-CA0082000H1[2005-01-11].gz,H1
Imports,320417,COMTRADE-FINAL-CA0082000H1[2005-01-11].gz,H1
Imports,320419,COMTRADE-FINAL-CA0082000H1[2005-01-11].gz,H1
Imports,320490,COMTRADE-FINAL-CA0082000H1[2005-01-11].gz,H1
Imports,320500,COMTRADE-FINAL-CA0082000H1[2005-01-11].gz,H1
Imports,320611,COMTRADE-FINAL-CA0082000H1[2005-01-11].gz,H1
Imports,320619,COMTRADE-FINAL-CA0082000H1[2005-01-11].gz,H1
Imports,320620,COMTRADE-FINAL-CA0082000H1[2005-01-11].gz,H1
Imports,320641,COMTRADE-FINAL-CA0082000H1[2005-01-11].gz,H1
Imports,320642,COMTRADE-FINAL-CA0082000H1[2005-01-11].gz,H1
Imports,320643,COMTRADE-FINAL-CA0082000H1[2005-01-11].gz,H1
Imports,320649,COMTRADE-FINAL-CA0082000H1[2005-01-11].gz,H1
Imports,320710,COMTRADE-FINAL-CA0082000H1[2005-01-11].gz,H1
Imports,320720,COMTRADE-FINAL-CA0082000H1[2005-01-11].gz,H1
Imports,320730,COMTRADE-FINAL-CA0082000H1[2005-01-11].gz,H1
Imports,320740,COMTRADE-FINAL-CA0082000H1[2005-01-11].gz,H1
Imports,320810,COMTRADE-FINAL-CA0082000H1[2005-01-11].gz,H1
Imports,320820,COMTRADE-FINAL-CA0082000H1[2005-01-11].gz,H1
Imports,320890,COMTRADE-FINAL-CA0082000H1[2005-01-11].gz,H1
Imports,320910,COMTRADE-FINAL-CA0082000H1[2005-01-11].gz,H1
Imports,320990,COMTRADE-FINAL-CA0082000H1[2005-01-11].gz,H1
Imports,321000,COMTRADE-FINAL-CA0082000H1[2005-01-11].gz,H1
Imports,321100,COMTRADE-FINAL-CA0082000H1[2005-01-11].gz,H1
Imports,321210,COMTRADE-FINAL-CA0082000H1[2005-01-11].gz,H1
Imports,321290,COMTRADE-FINAL-CA0082000H1[2005-01-11].gz,H1
Imports,321390,COMTRADE-FINAL-CA0082000H1[2005-01-11].gz,H1
Imports,321410,COMTRADE-FINAL-CA0082000H1[2005-01-11].gz,H1
Imports,321490,COMTRADE-FINAL-CA0082000H1[2005-01-11].gz,H1
Imports,321511,COMTRADE-FINAL-CA0082000H1[2005-01-11].gz,H1
Imports,321519,COMTRADE-FINAL-CA0082000H1[2005-01-11].gz,H1
Imports,321590,COMTRADE-FINAL-CA0082000H1[2005-01-11].gz,H1
Imports,330111,COMTRADE-FINAL-CA0082000H1[2005-01-11].gz,H1
Imports,330125,COMTRADE-FINAL-CA0082000H1[2005-01-11].gz,H1
Imports,330129,COMTRADE-FINAL-CA0082000H1[2005-01-11].gz,H1
Imports,330190,COMTRADE-FINAL-CA0082000H1[2005-01-11].gz,H1
Imports,330210,COMTRADE-FINAL-CA0082000H1[2005-01-11].gz,H1
Imports,330290,COMTRADE-FINAL-CA0082000H1[2005-01-11].gz,H1
Imports,330300,COMTRADE-FINAL-CA0082000H1[2005-01-11].gz,H1
Imports,330410,COMTRADE-FINAL-CA0082000H1[2005-01-11].gz,H1
Imports,330420,COMTRADE-FINAL-CA0082000H1[2005-01-11].gz,H1
Imports,330430,COMTRADE-FINAL-CA0082000H1[2005-01-11].gz,H1
Imports,330491,COMTRADE-FINAL-CA0082000H1[2005-01-11].gz,H1
Imports,330499,COMTRADE-FINAL-CA0082000H1[2005-01-11].gz,H1
Imports,330510,COMTRADE-FINAL-CA0082000H1[2005-01-11].gz,H1
Imports,330520,COMTRADE-FINAL-CA0082000H1[2005-01-11].gz,H1
Imports,330530,COMTRADE-FINAL-CA0082000H1[2005-01-11].gz,H1
Imports,330590,COMTRADE-FINAL-CA0082000H1[2005-01-11].gz,H1
Imports,330610,COMTRADE-FINAL-CA0082000H1[2005-01-11].gz,H1
Imports,330620,COMTRADE-FINAL-CA0082000H1[2005-01-11].gz,H1
Imports,330690,COMTRADE-FINAL-CA0082000H1[2005-01-11].gz,H1
Imports,330710,COMTRADE-FINAL-CA0082000H1[2005-01-11].gz,H1
Imports,330720,COMTRADE-FINAL-CA0082000H1[2005-01-11].gz,H1
Imports,330730,COMTRADE-FINAL-CA0082000H1[2005-01-11].gz,H1
Imports,330741,COMTRADE-FINAL-CA0082000H1[2005-01-11].gz,H1
Imports,330749,COMTRADE-FINAL-CA0082000H1[2005-01-11].gz,H1
Imports,330790,COMTRADE-FINAL-CA0082000H1[2005-01-11].gz,H1
Imports,340111,COMTRADE-FINAL-CA0082000H1[2005-01-11].gz,H1
Imports,340119,COMTRADE-FINAL-CA0082000H1[2005-01-11].gz,H1
Imports,340120,COMTRADE-FINAL-CA0082000H1[2005-01-11].gz,H1
Imports,340211,COMTRADE-FINAL-CA0082000H1[2005-01-11].gz,H1
Imports,340212,COMTRADE-FINAL-CA0082000H1[2005-01-11].gz,H1
Imports,340213,COMTRADE-FINAL-CA0082000H1[2005-01-11].gz,H1
Imports,340219,COMTRADE-FINAL-CA0082000H1[2005-01-11].gz,H1
Imports,340220,COMTRADE-FINAL-CA0082000H1[2005-01-11].gz,H1
Imports,340290,COMTRADE-FINAL-CA0082000H1[2005-01-11].gz,H1
Imports,340311,COMTRADE-FINAL-CA0082000H1[2005-01-11].gz,H1
Imports,340319,COMTRADE-FINAL-CA0082000H1[2005-01-11].gz,H1
Imports,340391,COMTRADE-FINAL-CA0082000H1[2005-01-11].gz,H1
Imports,340399,COMTRADE-FINAL-CA0082000H1[2005-01-11].gz,H1
Imports,340410,COMTRADE-FINAL-CA0082000H1[2005-01-11].gz,H1
Imports,340490,COMTRADE-FINAL-CA0082000H1[2005-01-11].gz,H1
Imports,340510,COMTRADE-FINAL-CA0082000H1[2005-01-11].gz,H1
Imports,340520,COMTRADE-FINAL-CA0082000H1[2005-01-11].gz,H1
Imports,340530,COMTRADE-FINAL-CA0082000H1[2005-01-11].gz,H1
Imports,340540,COMTRADE-FINAL-CA0082000H1[2005-01-11].gz,H1
Imports,340590,COMTRADE-FINAL-CA0082000H1[2005-01-11].gz,H1
Imports,340600,COMTRADE-FINAL-CA0082000H1[2005-01-11].gz,H1
Imports,340700,COMTRADE-FINAL-CA0082000H1[2005-01-11].gz,H1
Imports,350110,COMTRADE-FINAL-CA0082000H1[2005-01-11].gz,H1
Imports,350190,COMTRADE-FINAL-CA0082000H1[2005-01-11].gz,H1
Imports,350220,COMTRADE-FINAL-CA0082000H1[2005-01-11].gz,H1
Imports,350290,COMTRADE-FINAL-CA0082000H1[2005-01-11].gz,H1
Imports,350300,COMTRADE-FINAL-CA0082000H1[2005-01-11].gz,H1
Imports,350400,COMTRADE-FINAL-CA0082000H1[2005-01-11].gz,H1
Imports,350510,COMTRADE-FINAL-CA0082000H1[2005-01-11].gz,H1
Imports,350520,COMTRADE-FINAL-CA0082000H1[2005-01-11].gz,H1
Imports,350610,COMTRADE-FINAL-CA0082000H1[2005-01-11].gz,H1
Imports,350691,COMTRADE-FINAL-CA0082000H1[2005-01-11].gz,H1
Imports,350699,COMTRADE-FINAL-CA0082000H1[2005-01-11].gz,H1
Imports,350710,COMTRADE-FINAL-CA0082000H1[2005-01-11].gz,H1
Imports,350790,COMTRADE-FINAL-CA0082000H1[2005-01-11].gz,H1
Imports,360100,COMTRADE-FINAL-CA0082000H1[2005-01-11].gz,H1
Imports,360200,COMTRADE-FINAL-CA0082000H1[2005-01-11].gz,H1
Imports,360300,COMTRADE-FINAL-CA0082000H1[2005-01-11].gz,H1
Imports,360410,COMTRADE-FINAL-CA0082000H1[2005-01-11].gz,H1
Imports,360500,COMTRADE-FINAL-CA0082000H1[2005-01-11].gz,H1
Imports,360690,COMTRADE-FINAL-CA0082000H1[2005-01-11].gz,H1
Imports,370110,COMTRADE-FINAL-CA0082000H1[2005-01-11].gz,H1
Imports,370120,COMTRADE-FINAL-CA0082000H1[2005-01-11].gz,H1
Imports,370130,COMTRADE-FINAL-CA0082000H1[2005-01-11].gz,H1
Imports,370191,COMTRADE-FINAL-CA0082000H1[2005-01-11].gz,H1
Imports,370199,COMTRADE-FINAL-CA0082000H1[2005-01-11].gz,H1
Imports,370210,COMTRADE-FINAL-CA0082000H1[2005-01-11].gz,H1
Imports,370220,COMTRADE-FINAL-CA0082000H1[2005-01-11].gz,H1
Imports,370231,COMTRADE-FINAL-CA0082000H1[2005-01-11].gz,H1
Imports,370232,COMTRADE-FINAL-CA0082000H1[2005-01-11].gz,H1
Imports,370239,COMTRADE-FINAL-CA0082000H1[2005-01-11].gz,H1
Imports,370243,COMTRADE-FINAL-CA0082000H1[2005-01-11].gz,H1
Imports,370244,COMTRADE-FINAL-CA0082000H1[2005-01-11].gz,H1
Imports,370251,COMTRADE-FINAL-CA0082000H1[2005-01-11].gz,H1
Imports,370255,COMTRADE-FINAL-CA0082000H1[2005-01-11].gz,H1
Imports,370256,COMTRADE-FINAL-CA0082000H1[2005-01-11].gz,H1
Imports,370293,COMTRADE-FINAL-CA0082000H1[2005-01-11].gz,H1
Imports,370294,COMTRADE-FINAL-CA0082000H1[2005-01-11].gz,H1
Imports,370295,COMTRADE-FINAL-CA0082000H1[2005-01-11].gz,H1
Imports,370310,COMTRADE-FINAL-CA0082000H1[2005-01-11].gz,H1
Imports,370320,COMTRADE-FINAL-CA0082000H1[2005-01-11].gz,H1
Imports,370390,COMTRADE-FINAL-CA0082000H1[2005-01-11].gz,H1
Imports,370400,COMTRADE-FINAL-CA0082000H1[2005-01-11].gz,H1
Imports,370510,COMTRADE-FINAL-CA0082000H1[2005-01-11].gz,H1
Imports,370590,COMTRADE-FINAL-CA0082000H1[2005-01-11].gz,H1
Imports,370610,COMTRADE-FINAL-CA0082000H1[2005-01-11].gz,H1
Imports,370690,COMTRADE-FINAL-CA0082000H1[2005-01-11].gz,H1
Imports,370710,COMTRADE-FINAL-CA0082000H1[2005-01-11].gz,H1
Imports,370790,COMTRADE-FINAL-CA0082000H1[2005-01-11].gz,H1
Imports,380110,COMTRADE-FINAL-CA0082000H1[2005-01-11].gz,H1
Imports,380290,COMTRADE-FINAL-CA0082000H1[2005-01-11].gz,H1
Imports,380510,COMTRADE-FINAL-CA0082000H1[2005-01-11].gz,H1
Imports,380610,COMTRADE-FINAL-CA0082000H1[2005-01-11].gz,H1
Imports,380690,COMTRADE-FINAL-CA0082000H1[2005-01-11].gz,H1
Imports,380700,COMTRADE-FINAL-CA0082000H1[2005-01-11].gz,H1
Imports,380810,COMTRADE-FINAL-CA0082000H1[2005-01-11].gz,H1
Imports,380820,COMTRADE-FINAL-CA0082000H1[2005-01-11].gz,H1
Imports,380830,COMTRADE-FINAL-CA0082000H1[2005-01-11].gz,H1
Imports,380840,COMTRADE-FINAL-CA0082000H1[2005-01-11].gz,H1
Imports,380890,COMTRADE-FINAL-CA0082000H1[2005-01-11].gz,H1
Imports,380910,COMTRADE-FINAL-CA0082000H1[2005-01-11].gz,H1
Imports,380991,COMTRADE-FINAL-CA0082000H1[2005-01-11].gz,H1
Imports,380993,COMTRADE-FINAL-CA0082000H1[2005-01-11].gz,H1
Imports,381010,COMTRADE-FINAL-CA0082000H1[2005-01-11].gz,H1
Imports,381090,COMTRADE-FINAL-CA0082000H1[2005-01-11].gz,H1
Imports,381111,COMTRADE-FINAL-CA0082000H1[2005-01-11].gz,H1
Imports,381119,COMTRADE-FINAL-CA0082000H1[2005-01-11].gz,H1
Imports,381121,COMTRADE-FINAL-CA0082000H1[2005-01-11].gz,H1
Imports,381129,COMTRADE-FINAL-CA0082000H1[2005-01-11].gz,H1
Imports,381190,COMTRADE-FINAL-CA0082000H1[2005-01-11].gz,H1
Imports,381220,COMTRADE-FINAL-CA0082000H1[2005-01-11].gz,H1
Imports,381230,COMTRADE-FINAL-CA0082000H1[2005-01-11].gz,H1
Imports,381300,COMTRADE-FINAL-CA0082000H1[2005-01-11].gz,H1
Imports,381400,COMTRADE-FINAL-CA0082000H1[2005-01-11].gz,H1
Imports,381519,COMTRADE-FINAL-CA0082000H1[2005-01-11].gz,H1
Imports,381590,COMTRADE-FINAL-CA0082000H1[2005-01-11].gz,H1
Imports,381600,COMTRADE-FINAL-CA0082000H1[2005-01-11].gz,H1
Imports,381720,COMTRADE-FINAL-CA0082000H1[2005-01-11].gz,H1
Imports,381800,COMTRADE-FINAL-CA0082000H1[2005-01-11].gz,H1
Imports,381900,COMTRADE-FINAL-CA0082000H1[2005-01-11].gz,H1
Imports,382000,COMTRADE-FINAL-CA0082000H1[2005-01-11].gz,H1
Imports,382100,COMTRADE-FINAL-CA0082000H1[2005-01-11].gz,H1
Imports,382200,COMTRADE-FINAL-CA0082000H1[2005-01-11].gz,H1
Imports,382311,COMTRADE-FINAL-CA0082000H1[2005-01-11].gz,H1
Imports,382319,COMTRADE-FINAL-CA0082000H1[2005-01-11].gz,H1
Imports,382370,COMTRADE-FINAL-CA0082000H1[2005-01-11].gz,H1
Imports,382410,COMTRADE-FINAL-CA0082000H1[2005-01-11].gz,H1
Imports,382420,COMTRADE-FINAL-CA0082000H1[2005-01-11].gz,H1
Imports,382440,COMTRADE-FINAL-CA0082000H1[2005-01-11].gz,H1
Imports,382450,COMTRADE-FINAL-CA0082000H1[2005-01-11].gz,H1
Imports,382460,COMTRADE-FINAL-CA0082000H1[2005-01-11].gz,H1
Imports,382471,COMTRADE-FINAL-CA0082000H1[2005-01-11].gz,H1
Imports,382479,COMTRADE-FINAL-CA0082000H1[2005-01-11].gz,H1
Imports,382490,COMTRADE-FINAL-CA0082000H1[2005-01-11].gz,H1
Imports,390110,COMTRADE-FINAL-CA0082000H1[2005-01-11].gz,H1
Imports,390120,COMTRADE-FINAL-CA0082000H1[2005-01-11].gz,H1
Imports,390190,COMTRADE-FINAL-CA0082000H1[2005-01-11].gz,H1
Imports,390210,COMTRADE-FINAL-CA0082000H1[2005-01-11].gz,H1
Imports,390220,COMTRADE-FINAL-CA0082000H1[2005-01-11].gz,H1
Imports,390230,COMTRADE-FINAL-CA0082000H1[2005-01-11].gz,H1
Imports,390290,COMTRADE-FINAL-CA0082000H1[2005-01-11].gz,H1
Imports,390311,COMTRADE-FINAL-CA0082000H1[2005-01-11].gz,H1
Imports,390319,COMTRADE-FINAL-CA0082000H1[2005-01-11].gz,H1
Imports,390330,COMTRADE-FINAL-CA0082000H1[2005-01-11].gz,H1
Imports,390390,COMTRADE-FINAL-CA0082000H1[2005-01-11].gz,H1
Imports,390410,COMTRADE-FINAL-CA0082000H1[2005-01-11].gz,H1
Imports,390421,COMTRADE-FINAL-CA0082000H1[2005-01-11].gz,H1
Imports,390422,COMTRADE-FINAL-CA0082000H1[2005-01-11].gz,H1
Imports,390440,COMTRADE-FINAL-CA0082000H1[2005-01-11].gz,H1
Imports,390450,COMTRADE-FINAL-CA0082000H1[2005-01-11].gz,H1
Imports,390490,COMTRADE-FINAL-CA0082000H1[2005-01-11].gz,H1
Imports,390512,COMTRADE-FINAL-CA0082000H1[2005-01-11].gz,H1
Imports,390519,COMTRADE-FINAL-CA0082000H1[2005-01-11].gz,H1
Imports,390521,COMTRADE-FINAL-CA0082000H1[2005-01-11].gz,H1
Imports,390530,COMTRADE-FINAL-CA0082000H1[2005-01-11].gz,H1
Imports,390599,COMTRADE-FINAL-CA0082000H1[2005-01-11].gz,H1
Imports,390610,COMTRADE-FINAL-CA0082000H1[2005-01-11].gz,H1
Imports,390690,COMTRADE-FINAL-CA0082000H1[2005-01-11].gz,H1
Imports,390710,COMTRADE-FINAL-CA0082000H1[2005-01-11].gz,H1
Imports,390720,COMTRADE-FINAL-CA0082000H1[2005-01-11].gz,H1
Imports,390730,COMTRADE-FINAL-CA0082000H1[2005-01-11].gz,H1
Imports,390740,COMTRADE-FINAL-CA0082000H1[2005-01-11].gz,H1
Imports,390750,COMTRADE-FINAL-CA0082000H1[2005-01-11].gz,H1
Imports,390760,COMTRADE-FINAL-CA0082000H1[2005-01-11].gz,H1
Imports,390791,COMTRADE-FINAL-CA0082000H1[2005-01-11].gz,H1
Imports,390799,COMTRADE-FINAL-CA0082000H1[2005-01-11].gz,H1
Imports,390890,COMTRADE-FINAL-CA0082000H1[2005-01-11].gz,H1
Imports,390910,COMTRADE-FINAL-CA0082000H1[2005-01-11].gz,H1
Imports,390920,COMTRADE-FINAL-CA0082000H1[2005-01-11].gz,H1
Imports,390930,COMTRADE-FINAL-CA0082000H1[2005-01-11].gz,H1
Imports,390940,COMTRADE-FINAL-CA0082000H1[2005-01-11].gz,H1
Imports,390950,COMTRADE-FINAL-CA0082000H1[2005-01-11].gz,H1
Imports,391000,COMTRADE-FINAL-CA0082000H1[2005-01-11].gz,H1
Imports,391110,COMTRADE-FINAL-CA0082000H1[2005-01-11].gz,H1
Imports,391190,COMTRADE-FINAL-CA0082000H1[2005-01-11].gz,H1
Imports,391211,COMTRADE-FINAL-CA0082000H1[2005-01-11].gz,H1
Imports,391231,COMTRADE-FINAL-CA0082000H1[2005-01-11].gz,H1
Imports,391239,COMTRADE-FINAL-CA0082000H1[2005-01-11].gz,H1
Imports,391290,COMTRADE-FINAL-CA0082000H1[2005-01-11].gz,H1
Imports,391310,COMTRADE-FINAL-CA0082000H1[2005-01-11].gz,H1
Imports,391390,COMTRADE-FINAL-CA0082000H1[2005-01-11].gz,H1
Imports,391400,COMTRADE-FINAL-CA0082000H1[2005-01-11].gz,H1
Imports,391510,COMTRADE-FINAL-CA0082000H1[2005-01-11].gz,H1
Imports,391520,COMTRADE-FINAL-CA0082000H1[2005-01-11].gz,H1
Imports,391530,COMTRADE-FINAL-CA0082000H1[2005-01-11].gz,H1
Imports,391590,COMTRADE-FINAL-CA0082000H1[2005-01-11].gz,H1
Imports,391610,COMTRADE-FINAL-CA0082000H1[2005-01-11].gz,H1
Imports,391620,COMTRADE-FINAL-CA0082000H1[2005-01-11].gz,H1
Imports,391690,COMTRADE-FINAL-CA0082000H1[2005-01-11].gz,H1
Imports,391710,COMTRADE-FINAL-CA0082000H1[2005-01-11].gz,H1
Imports,391721,COMTRADE-FINAL-CA0082000H1[2005-01-11].gz,H1
Imports,391722,COMTRADE-FINAL-CA0082000H1[2005-01-11].gz,H1
Imports,391723,COMTRADE-FINAL-CA0082000H1[2005-01-11].gz,H1
Imports,391729,COMTRADE-FINAL-CA0082000H1[2005-01-11].gz,H1
Imports,391731,COMTRADE-FINAL-CA0082000H1[2005-01-11].gz,H1
Imports,391732,COMTRADE-FINAL-CA0082000H1[2005-01-11].gz,H1
Imports,391733,COMTRADE-FINAL-CA0082000H1[2005-01-11].gz,H1
Imports,391739,COMTRADE-FINAL-CA0082000H1[2005-01-11].gz,H1
Imports,391740,COMTRADE-FINAL-CA0082000H1[2005-01-11].gz,H1
Imports,391810,COMTRADE-FINAL-CA0082000H1[2005-01-11].gz,H1
Imports,391890,COMTRADE-FINAL-CA0082000H1[2005-01-11].gz,H1
Imports,391910,COMTRADE-FINAL-CA0082000H1[2005-01-11].gz,H1
Imports,391990,COMTRADE-FINAL-CA0082000H1[2005-01-11].gz,H1
Imports,392010,COMTRADE-FINAL-CA0082000H1[2005-01-11].gz,H1
Imports,392020,COMTRADE-FINAL-CA0082000H1[2005-01-11].gz,H1
Imports,392030,COMTRADE-FINAL-CA0082000H1[2005-01-11].gz,H1
Imports,392041,COMTRADE-FINAL-CA0082000H1[2005-01-11].gz,H1
Imports,392042,COMTRADE-FINAL-CA0082000H1[2005-01-11].gz,H1
Imports,392059,COMTRADE-FINAL-CA0082000H1[2005-01-11].gz,H1
Imports,392061,COMTRADE-FINAL-CA0082000H1[2005-01-11].gz,H1
Imports,392062,COMTRADE-FINAL-CA0082000H1[2005-01-11].gz,H1
Imports,392069,COMTRADE-FINAL-CA0082000H1[2005-01-11].gz,H1
Imports,392071,COMTRADE-FINAL-CA0082000H1[2005-01-11].gz,H1
Imports,392072,COMTRADE-FINAL-CA0082000H1[2005-01-11].gz,H1
Imports,392073,COMTRADE-FINAL-CA0082000H1[2005-01-11].gz,H1
Imports,392091,COMTRADE-FINAL-CA0082000H1[2005-01-11].gz,H1
Imports,392092,COMTRADE-FINAL-CA0082000H1[2005-01-11].gz,H1
Imports,392099,COMTRADE-FINAL-CA0082000H1[2005-01-11].gz,H1
Imports,392111,COMTRADE-FINAL-CA0082000H1[2005-01-11].gz,H1
Imports,392112,COMTRADE-FINAL-CA0082000H1[2005-01-11].gz,H1
Imports,392113,COMTRADE-FINAL-CA0082000H1[2005-01-11].gz,H1
Imports,392114,COMTRADE-FINAL-CA0082000H1[2005-01-11].gz,H1
Imports,392119,COMTRADE-FINAL-CA0082000H1[2005-01-11].gz,H1
Imports,392190,COMTRADE-FINAL-CA0082000H1[2005-01-11].gz,H1
Imports,392210,COMTRADE-FINAL-CA0082000H1[2005-01-11].gz,H1
Imports,392220,COMTRADE-FINAL-CA0082000H1[2005-01-11].gz,H1
Imports,392290,COMTRADE-FINAL-CA0082000H1[2005-01-11].gz,H1
Imports,392310,COMTRADE-FINAL-CA0082000H1[2005-01-11].gz,H1
Imports,392321,COMTRADE-FINAL-CA0082000H1[2005-01-11].gz,H1
Imports,392329,COMTRADE-FINAL-CA0082000H1[2005-01-11].gz,H1
Imports,392330,COMTRADE-FINAL-CA0082000H1[2005-01-11].gz,H1
Imports,392340,COMTRADE-FINAL-CA0082000H1[2005-01-11].gz,H1
Imports,392350,COMTRADE-FINAL-CA0082000H1[2005-01-11].gz,H1
Imports,392390,COMTRADE-FINAL-CA0082000H1[2005-01-11].gz,H1
Imports,392410,COMTRADE-FINAL-CA0082000H1[2005-01-11].gz,H1
Imports,392490,COMTRADE-FINAL-CA0082000H1[2005-01-11].gz,H1
Imports,392510,COMTRADE-FINAL-CA0082000H1[2005-01-11].gz,H1
Imports,392520,COMTRADE-FINAL-CA0082000H1[2005-01-11].gz,H1
Imports,392530,COMTRADE-FINAL-CA0082000H1[2005-01-11].gz,H1
Imports,392590,COMTRADE-FINAL-CA0082000H1[2005-01-11].gz,H1
Imports,392610,COMTRADE-FINAL-CA0082000H1[2005-01-11].gz,H1
Imports,392620,COMTRADE-FINAL-CA0082000H1[2005-01-11].gz,H1
Imports,392630,COMTRADE-FINAL-CA0082000H1[2005-01-11].gz,H1
Imports,392640,COMTRADE-FINAL-CA0082000H1[2005-01-11].gz,H1
Imports,392690,COMTRADE-FINAL-CA0082000H1[2005-01-11].gz,H1
Imports,400110,COMTRADE-FINAL-CA0082000H1[2005-01-11].gz,H1
Imports,400129,COMTRADE-FINAL-CA0082000H1[2005-01-11].gz,H1
Imports,400211,COMTRADE-FINAL-CA0082000H1[2005-01-11].gz,H1
Imports,400239,COMTRADE-FINAL-CA0082000H1[2005-01-11].gz,H1
Imports,400249,COMTRADE-FINAL-CA0082000H1[2005-01-11].gz,H1
Imports,400259,COMTRADE-FINAL-CA0082000H1[2005-01-11].gz,H1
Imports,400260,COMTRADE-FINAL-CA0082000H1[2005-01-11].gz,H1
Imports,400270,COMTRADE-FINAL-CA0082000H1[2005-01-11].gz,H1
Imports,400299,COMTRADE-FINAL-CA0082000H1[2005-01-11].gz,H1
Imports,400300,COMTRADE-FINAL-CA0082000H1[2005-01-11].gz,H1
Imports,400400,COMTRADE-FINAL-CA0082000H1[2005-01-11].gz,H1
Imports,400510,COMTRADE-FINAL-CA0082000H1[2005-01-11].gz,H1
Imports,400520,COMTRADE-FINAL-CA0082000H1[2005-01-11].gz,H1
Imports,400591,COMTRADE-FINAL-CA0082000H1[2005-01-11].gz,H1
Imports,400599,COMTRADE-FINAL-CA0082000H1[2005-01-11].gz,H1
Imports,400690,COMTRADE-FINAL-CA0082000H1[2005-01-11].gz,H1
Imports,400700,COMTRADE-FINAL-CA0082000H1[2005-01-11].gz,H1
Imports,400811,COMTRADE-FINAL-CA0082000H1[2005-01-11].gz,H1
Imports,400819,COMTRADE-FINAL-CA0082000H1[2005-01-11].gz,H1
Imports,400821,COMTRADE-FINAL-CA0082000H1[2005-01-11].gz,H1
Imports,400829,COMTRADE-FINAL-CA0082000H1[2005-01-11].gz,H1
Imports,400910,COMTRADE-FINAL-CA0082000H1[2005-01-11].gz,H1
Imports,400920,COMTRADE-FINAL-CA0082000H1[2005-01-11].gz,H1
Imports,400930,COMTRADE-FINAL-CA0082000H1[2005-01-11].gz,H1
Imports,400940,COMTRADE-FINAL-CA0082000H1[2005-01-11].gz,H1
Imports,400950,COMTRADE-FINAL-CA0082000H1[2005-01-11].gz,H1
Imports,401011,COMTRADE-FINAL-CA0082000H1[2005-01-11].gz,H1
Imports,401013,COMTRADE-FINAL-CA0082000H1[2005-01-11].gz,H1
Imports,401019,COMTRADE-FINAL-CA0082000H1[2005-01-11].gz,H1
Imports,401021,COMTRADE-FINAL-CA0082000H1[2005-01-11].gz,H1
Imports,401022,COMTRADE-FINAL-CA0082000H1[2005-01-11].gz,H1
Imports,401023,COMTRADE-FINAL-CA0082000H1[2005-01-11].gz,H1
Imports,401029,COMTRADE-FINAL-CA0082000H1[2005-01-11].gz,H1
Imports,401110,COMTRADE-FINAL-CA0082000H1[2005-01-11].gz,H1
Imports,401120,COMTRADE-FINAL-CA0082000H1[2005-01-11].gz,H1
Imports,401130,COMTRADE-FINAL-CA0082000H1[2005-01-11].gz,H1
Imports,401140,COMTRADE-FINAL-CA0082000H1[2005-01-11].gz,H1
Imports,401150,COMTRADE-FINAL-CA0082000H1[2005-01-11].gz,H1
Imports,401191,COMTRADE-FINAL-CA0082000H1[2005-01-11].gz,H1
Imports,401199,COMTRADE-FINAL-CA0082000H1[2005-01-11].gz,H1
Imports,401210,COMTRADE-FINAL-CA0082000H1[2005-01-11].gz,H1
Imports,401220,COMTRADE-FINAL-CA0082000H1[2005-01-11].gz,H1
Imports,401290,COMTRADE-FINAL-CA0082000H1[2005-01-11].gz,H1
Imports,401310,COMTRADE-FINAL-CA0082000H1[2005-01-11].gz,H1
Imports,401320,COMTRADE-FINAL-CA0082000H1[2005-01-11].gz,H1
Imports,401390,COMTRADE-FINAL-CA0082000H1[2005-01-11].gz,H1
Imports,401410,COMTRADE-FINAL-CA0082000H1[2005-01-11].gz,H1
Imports,401490,COMTRADE-FINAL-CA0082000H1[2005-01-11].gz,H1
Imports,401511,COMTRADE-FINAL-CA0082000H1[2005-01-11].gz,H1
Imports,401519,COMTRADE-FINAL-CA0082000H1[2005-01-11].gz,H1
Imports,401590,COMTRADE-FINAL-CA0082000H1[2005-01-11].gz,H1
Imports,401610,COMTRADE-FINAL-CA0082000H1[2005-01-11].gz,H1
Imports,401691,COMTRADE-FINAL-CA0082000H1[2005-01-11].gz,H1
Imports,401692,COMTRADE-FINAL-CA0082000H1[2005-01-11].gz,H1
Imports,401693,COMTRADE-FINAL-CA0082000H1[2005-01-11].gz,H1
Imports,401694,COMTRADE-FINAL-CA0082000H1[2005-01-11].gz,H1
Imports,401695,COMTRADE-FINAL-CA0082000H1[2005-01-11].gz,H1
Imports,401699,COMTRADE-FINAL-CA0082000H1[2005-01-11].gz,H1
Imports,401700,COMTRADE-FINAL-CA0082000H1[2005-01-11].gz,H1
Imports,410110,COMTRADE-FINAL-CA0082000H1[2005-01-11].gz,H1
Imports,410121,COMTRADE-FINAL-CA0082000H1[2005-01-11].gz,H1
Imports,410129,COMTRADE-FINAL-CA0082000H1[2005-01-11].gz,H1
Imports,410130,COMTRADE-FINAL-CA0082000H1[2005-01-11].gz,H1
Imports,410210,COMTRADE-FINAL-CA0082000H1[2005-01-11].gz,H1
Imports,410390,COMTRADE-FINAL-CA0082000H1[2005-01-11].gz,H1
Imports,410410,COMTRADE-FINAL-CA0082000H1[2005-01-11].gz,H1
Imports,410422,COMTRADE-FINAL-CA0082000H1[2005-01-11].gz,H1
Imports,410429,COMTRADE-FINAL-CA0082000H1[2005-01-11].gz,H1
Imports,410431,COMTRADE-FINAL-CA0082000H1[2005-01-11].gz,H1
Imports,410439,COMTRADE-FINAL-CA0082000H1[2005-01-11].gz,H1
Imports,410511,COMTRADE-FINAL-CA0082000H1[2005-01-11].gz,H1
Imports,410519,COMTRADE-FINAL-CA0082000H1[2005-01-11].gz,H1
Imports,410611,COMTRADE-FINAL-CA0082000H1[2005-01-11].gz,H1
Imports,410612,COMTRADE-FINAL-CA0082000H1[2005-01-11].gz,H1
Imports,410619,COMTRADE-FINAL-CA0082000H1[2005-01-11].gz,H1
Imports,410710,COMTRADE-FINAL-CA0082000H1[2005-01-11].gz,H1
Imports,410790,COMTRADE-FINAL-CA0082000H1[2005-01-11].gz,H1
Imports,410900,COMTRADE-FINAL-CA0082000H1[2005-01-11].gz,H1
Imports,411000,COMTRADE-FINAL-CA0082000H1[2005-01-11].gz,H1
Imports,411100,COMTRADE-FINAL-CA0082000H1[2005-01-11].gz,H1
Imports,420100,COMTRADE-FINAL-CA0082000H1[2005-01-11].gz,H1
Imports,420211,COMTRADE-FINAL-CA0082000H1[2005-01-11].gz,H1
Imports,420212,COMTRADE-FINAL-CA0082000H1[2005-01-11].gz,H1
Imports,420219,COMTRADE-FINAL-CA0082000H1[2005-01-11].gz,H1
Imports,420221,COMTRADE-FINAL-CA0082000H1[2005-01-11].gz,H1
Imports,420222,COMTRADE-FINAL-CA0082000H1[2005-01-11].gz,H1
Imports,420229,COMTRADE-FINAL-CA0082000H1[2005-01-11].gz,H1
Imports,420231,COMTRADE-FINAL-CA0082000H1[2005-01-11].gz,H1
Imports,420232,COMTRADE-FINAL-CA0082000H1[2005-01-11].gz,H1
Imports,420239,COMTRADE-FINAL-CA0082000H1[2005-01-11].gz,H1
Imports,420291,COMTRADE-FINAL-CA0082000H1[2005-01-11].gz,H1
Imports,420292,COMTRADE-FINAL-CA0082000H1[2005-01-11].gz,H1
Imports,420299,COMTRADE-FINAL-CA0082000H1[2005-01-11].gz,H1
Imports,420310,COMTRADE-FINAL-CA0082000H1[2005-01-11].gz,H1
Imports,420329,COMTRADE-FINAL-CA0082000H1[2005-01-11].gz,H1
Imports,420330,COMTRADE-FINAL-CA0082000H1[2005-01-11].gz,H1
Imports,420340,COMTRADE-FINAL-CA0082000H1[2005-01-11].gz,H1
Imports,420400,COMTRADE-FINAL-CA0082000H1[2005-01-11].gz,H1
Imports,420500,COMTRADE-FINAL-CA0082000H1[2005-01-11].gz,H1
Imports,420690,COMTRADE-FINAL-CA0082000H1[2005-01-11].gz,H1
Imports,430120,COMTRADE-FINAL-CA0082000H1[2005-01-11].gz,H1
Imports,430211,COMTRADE-FINAL-CA0082000H1[2005-01-11].gz,H1
Imports,430213,COMTRADE-FINAL-CA0082000H1[2005-01-11].gz,H1
Imports,430219,COMTRADE-FINAL-CA0082000H1[2005-01-11].gz,H1
Imports,430220,COMTRADE-FINAL-CA0082000H1[2005-01-11].gz,H1
Imports,430230,COMTRADE-FINAL-CA0082000H1[2005-01-11].gz,H1
Imports,430400,COMTRADE-FINAL-CA0082000H1[2005-01-11].gz,H1
Imports,440110,COMTRADE-FINAL-CA0082000H1[2005-01-11].gz,H1
Imports,440130,COMTRADE-FINAL-CA0082000H1[2005-01-11].gz,H1
Imports,440200,COMTRADE-FINAL-CA0082000H1[2005-01-11].gz,H1
Imports,440310,COMTRADE-FINAL-CA0082000H1[2005-01-11].gz,H1
Imports,440320,COMTRADE-FINAL-CA0082000H1[2005-01-11].gz,H1
Imports,440399,COMTRADE-FINAL-CA0082000H1[2005-01-11].gz,H1
Imports,440410,COMTRADE-FINAL-CA0082000H1[2005-01-11].gz,H1
Imports,440420,COMTRADE-FINAL-CA0082000H1[2005-01-11].gz,H1
Imports,440690,COMTRADE-FINAL-CA0082000H1[2005-01-11].gz,H1
Imports,440710,COMTRADE-FINAL-CA0082000H1[2005-01-11].gz,H1
Imports,440724,COMTRADE-FINAL-CA0082000H1[2005-01-11].gz,H1
Imports,440725,COMTRADE-FINAL-CA0082000H1[2005-01-11].gz,H1
Imports,440726,COMTRADE-FINAL-CA0082000H1[2005-01-11].gz,H1
Imports,440729,COMTRADE-FINAL-CA0082000H1[2005-01-11].gz,H1
Imports,440791,COMTRADE-FINAL-CA0082000H1[2005-01-11].gz,H1
Imports,440792,COMTRADE-FINAL-CA0082000H1[2005-01-11].gz,H1
Imports,440799,COMTRADE-FINAL-CA0082000H1[2005-01-11].gz,H1
Imports,440810,COMTRADE-FINAL-CA0082000H1[2005-01-11].gz,H1
Imports,440831,COMTRADE-FINAL-CA0082000H1[2005-01-11].gz,H1
Imports,440839,COMTRADE-FINAL-CA0082000H1[2005-01-11].gz,H1
Imports,440890,COMTRADE-FINAL-CA0082000H1[2005-01-11].gz,H1
Imports,440910,COMTRADE-FINAL-CA0082000H1[2005-01-11].gz,H1
Imports,440920,COMTRADE-FINAL-CA0082000H1[2005-01-11].gz,H1
Imports,441011,COMTRADE-FINAL-CA0082000H1[2005-01-11].gz,H1
Imports,441019,COMTRADE-FINAL-CA0082000H1[2005-01-11].gz,H1
Imports,441090,COMTRADE-FINAL-CA0082000H1[2005-01-11].gz,H1
Imports,441111,COMTRADE-FINAL-CA0082000H1[2005-01-11].gz,H1
Imports,441119,COMTRADE-FINAL-CA0082000H1[2005-01-11].gz,H1
Imports,441121,COMTRADE-FINAL-CA0082000H1[2005-01-11].gz,H1
Imports,441129,COMTRADE-FINAL-CA0082000H1[2005-01-11].gz,H1
Imports,441139,COMTRADE-FINAL-CA0082000H1[2005-01-11].gz,H1
Imports,441191,COMTRADE-FINAL-CA0082000H1[2005-01-11].gz,H1
Imports,441199,COMTRADE-FINAL-CA0082000H1[2005-01-11].gz,H1
Imports,441213,COMTRADE-FINAL-CA0082000H1[2005-01-11].gz,H1
Imports,441214,COMTRADE-FINAL-CA0082000H1[2005-01-11].gz,H1
Imports,441219,COMTRADE-FINAL-CA0082000H1[2005-01-11].gz,H1
Imports,441222,COMTRADE-FINAL-CA0082000H1[2005-01-11].gz,H1
Imports,441229,COMTRADE-FINAL-CA0082000H1[2005-01-11].gz,H1
Imports,441292,COMTRADE-FINAL-CA0082000H1[2005-01-11].gz,H1
Imports,441293,COMTRADE-FINAL-CA0082000H1[2005-01-11].gz,H1
Imports,441299,COMTRADE-FINAL-CA0082000H1[2005-01-11].gz,H1
Imports,441300,COMTRADE-FINAL-CA0082000H1[2005-01-11].gz,H1
Imports,441400,COMTRADE-FINAL-CA0082000H1[2005-01-11].gz,H1
Imports,441510,COMTRADE-FINAL-CA0082000H1[2005-01-11].gz,H1
Imports,441520,COMTRADE-FINAL-CA0082000H1[2005-01-11].gz,H1
Imports,441600,COMTRADE-FINAL-CA0082000H1[2005-01-11].gz,H1
Imports,441700,COMTRADE-FINAL-CA0082000H1[2005-01-11].gz,H1
Imports,441810,COMTRADE-FINAL-CA0082000H1[2005-01-11].gz,H1
Imports,441820,COMTRADE-FINAL-CA0082000H1[2005-01-11].gz,H1
Imports,441830,COMTRADE-FINAL-CA0082000H1[2005-01-11].gz,H1
Imports,441840,COMTRADE-FINAL-CA0082000H1[2005-01-11].gz,H1
Imports,441890,COMTRADE-FINAL-CA0082000H1[2005-01-11].gz,H1
Imports,441900,COMTRADE-FINAL-CA0082000H1[2005-01-11].gz,H1
Imports,442010,COMTRADE-FINAL-CA0082000H1[2005-01-11].gz,H1
Imports,442090,COMTRADE-FINAL-CA0082000H1[2005-01-11].gz,H1
Imports,442110,COMTRADE-FINAL-CA0082000H1[2005-01-11].gz,H1
Imports,442190,COMTRADE-FINAL-CA0082000H1[2005-01-11].gz,H1
Imports,450190,COMTRADE-FINAL-CA0082000H1[2005-01-11].gz,H1
Imports,450310,COMTRADE-FINAL-CA0082000H1[2005-01-11].gz,H1
Imports,450390,COMTRADE-FINAL-CA0082000H1[2005-01-11].gz,H1
Imports,450410,COMTRADE-FINAL-CA0082000H1[2005-01-11].gz,H1
Imports,450490,COMTRADE-FINAL-CA0082000H1[2005-01-11].gz,H1
Imports,460120,COMTRADE-FINAL-CA0082000H1[2005-01-11].gz,H1
Imports,460191,COMTRADE-FINAL-CA0082000H1[2005-01-11].gz,H1
Imports,460210,COMTRADE-FINAL-CA0082000H1[2005-01-11].gz,H1
Imports,460290,COMTRADE-FINAL-CA0082000H1[2005-01-11].gz,H1
Imports,470329,COMTRADE-FINAL-CA0082000H1[2005-01-11].gz,H1
Imports,470419,COMTRADE-FINAL-CA0082000H1[2005-01-11].gz,H1
Imports,470500,COMTRADE-FINAL-CA0082000H1[2005-01-11].gz,H1
Imports,480100,COMTRADE-FINAL-CA0082000H1[2005-01-11].gz,H1
Imports,480220,COMTRADE-FINAL-CA0082000H1[2005-01-11].gz,H1
Imports,480230,COMTRADE-FINAL-CA0082000H1[2005-01-11].gz,H1
Imports,480240,COMTRADE-FINAL-CA0082000H1[2005-01-11].gz,H1
Imports,480251,COMTRADE-FINAL-CA0082000H1[2005-01-11].gz,H1
Imports,480252,COMTRADE-FINAL-CA0082000H1[2005-01-11].gz,H1
Imports,480253,COMTRADE-FINAL-CA0082000H1[2005-01-11].gz,H1
Imports,480260,COMTRADE-FINAL-CA0082000H1[2005-01-11].gz,H1
Imports,480300,COMTRADE-FINAL-CA0082000H1[2005-01-11].gz,H1
Imports,480411,COMTRADE-FINAL-CA0082000H1[2005-01-11].gz,H1
Imports,480419,COMTRADE-FINAL-CA0082000H1[2005-01-11].gz,H1
Imports,480421,COMTRADE-FINAL-CA0082000H1[2005-01-11].gz,H1
Imports,480429,COMTRADE-FINAL-CA0082000H1[2005-01-11].gz,H1
Imports,480431,COMTRADE-FINAL-CA0082000H1[2005-01-11].gz,H1
Imports,480439,COMTRADE-FINAL-CA0082000H1[2005-01-11].gz,H1
Imports,480441,COMTRADE-FINAL-CA0082000H1[2005-01-11].gz,H1
Imports,480442,COMTRADE-FINAL-CA0082000H1[2005-01-11].gz,H1
Imports,480449,COMTRADE-FINAL-CA0082000H1[2005-01-11].gz,H1
Imports,480451,COMTRADE-FINAL-CA0082000H1[2005-01-11].gz,H1
Imports,480452,COMTRADE-FINAL-CA0082000H1[2005-01-11].gz,H1
Imports,480459,COMTRADE-FINAL-CA0082000H1[2005-01-11].gz,H1
Imports,480510,COMTRADE-FINAL-CA0082000H1[2005-01-11].gz,H1
Imports,480521,COMTRADE-FINAL-CA0082000H1[2005-01-11].gz,H1
Imports,480522,COMTRADE-FINAL-CA0082000H1[2005-01-11].gz,H1
Imports,480529,COMTRADE-FINAL-CA0082000H1[2005-01-11].gz,H1
Imports,480530,COMTRADE-FINAL-CA0082000H1[2005-01-11].gz,H1
Imports,480540,COMTRADE-FINAL-CA0082000H1[2005-01-11].gz,H1
Imports,480550,COMTRADE-FINAL-CA0082000H1[2005-01-11].gz,H1
Imports,480560,COMTRADE-FINAL-CA0082000H1[2005-01-11].gz,H1
Imports,480570,COMTRADE-FINAL-CA0082000H1[2005-01-11].gz,H1
Imports,480580,COMTRADE-FINAL-CA0082000H1[2005-01-11].gz,H1
Imports,480620,COMTRADE-FINAL-CA0082000H1[2005-01-11].gz,H1
Imports,480630,COMTRADE-FINAL-CA0082000H1[2005-01-11].gz,H1
Imports,480640,COMTRADE-FINAL-CA0082000H1[2005-01-11].gz,H1
Imports,480710,COMTRADE-FINAL-CA0082000H1[2005-01-11].gz,H1
Imports,480790,COMTRADE-FINAL-CA0082000H1[2005-01-11].gz,H1
Imports,480810,COMTRADE-FINAL-CA0082000H1[2005-01-11].gz,H1
Imports,480820,COMTRADE-FINAL-CA0082000H1[2005-01-11].gz,H1
Imports,480830,COMTRADE-FINAL-CA0082000H1[2005-01-11].gz,H1
Imports,480890,COMTRADE-FINAL-CA0082000H1[2005-01-11].gz,H1
Imports,480910,COMTRADE-FINAL-CA0082000H1[2005-01-11].gz,H1
Imports,480920,COMTRADE-FINAL-CA0082000H1[2005-01-11].gz,H1
Imports,480990,COMTRADE-FINAL-CA0082000H1[2005-01-11].gz,H1
Imports,481011,COMTRADE-FINAL-CA0082000H1[2005-01-11].gz,H1
Imports,481012,COMTRADE-FINAL-CA0082000H1[2005-01-11].gz,H1
Imports,481021,COMTRADE-FINAL-CA0082000H1[2005-01-11].gz,H1
Imports,481029,COMTRADE-FINAL-CA0082000H1[2005-01-11].gz,H1
Imports,481031,COMTRADE-FINAL-CA0082000H1[2005-01-11].gz,H1
Imports,481039,COMTRADE-FINAL-CA0082000H1[2005-01-11].gz,H1
Imports,481091,COMTRADE-FINAL-CA0082000H1[2005-01-11].gz,H1
Imports,481099,COMTRADE-FINAL-CA0082000H1[2005-01-11].gz,H1
Imports,481110,COMTRADE-FINAL-CA0082000H1[2005-01-11].gz,H1
Imports,481121,COMTRADE-FINAL-CA0082000H1[2005-01-11].gz,H1
Imports,481129,COMTRADE-FINAL-CA0082000H1[2005-01-11].gz,H1
Imports,481131,COMTRADE-FINAL-CA0082000H1[2005-01-11].gz,H1
Imports,481139,COMTRADE-FINAL-CA0082000H1[2005-01-11].gz,H1
Imports,481140,COMTRADE-FINAL-CA0082000H1[2005-01-11].gz,H1
Imports,481190,COMTRADE-FINAL-CA0082000H1[2005-01-11].gz,H1
Imports,481200,COMTRADE-FINAL-CA0082000H1[2005-01-11].gz,H1
Imports,481310,COMTRADE-FINAL-CA0082000H1[2005-01-11].gz,H1
Imports,481320,COMTRADE-FINAL-CA0082000H1[2005-01-11].gz,H1
Imports,481390,COMTRADE-FINAL-CA0082000H1[2005-01-11].gz,H1
Imports,481410,COMTRADE-FINAL-CA0082000H1[2005-01-11].gz,H1
Imports,481420,COMTRADE-FINAL-CA0082000H1[2005-01-11].gz,H1
Imports,481430,COMTRADE-FINAL-CA0082000H1[2005-01-11].gz,H1
Imports,481490,COMTRADE-FINAL-CA0082000H1[2005-01-11].gz,H1
Imports,481500,COMTRADE-FINAL-CA0082000H1[2005-01-11].gz,H1
Imports,481610,COMTRADE-FINAL-CA0082000H1[2005-01-11].gz,H1
Imports,481620,COMTRADE-FINAL-CA0082000H1[2005-01-11].gz,H1
Imports,481630,COMTRADE-FINAL-CA0082000H1[2005-01-11].gz,H1
Imports,481690,COMTRADE-FINAL-CA0082000H1[2005-01-11].gz,H1
Imports,481710,COMTRADE-FINAL-CA0082000H1[2005-01-11].gz,H1
Imports,481720,COMTRADE-FINAL-CA0082000H1[2005-01-11].gz,H1
Imports,481730,COMTRADE-FINAL-CA0082000H1[2005-01-11].gz,H1
Imports,481810,COMTRADE-FINAL-CA0082000H1[2005-01-11].gz,H1
Imports,481820,COMTRADE-FINAL-CA0082000H1[2005-01-11].gz,H1
Imports,481830,COMTRADE-FINAL-CA0082000H1[2005-01-11].gz,H1
Imports,481840,COMTRADE-FINAL-CA0082000H1[2005-01-11].gz,H1
Imports,481850,COMTRADE-FINAL-CA0082000H1[2005-01-11].gz,H1
Imports,481890,COMTRADE-FINAL-CA0082000H1[2005-01-11].gz,H1
Imports,481910,COMTRADE-FINAL-CA0082000H1[2005-01-11].gz,H1
Imports,481920,COMTRADE-FINAL-CA0082000H1[2005-01-11].gz,H1
Imports,481930,COMTRADE-FINAL-CA0082000H1[2005-01-11].gz,H1
Imports,481940,COMTRADE-FINAL-CA0082000H1[2005-01-11].gz,H1
Imports,481950,COMTRADE-FINAL-CA0082000H1[2005-01-11].gz,H1
Imports,481960,COMTRADE-FINAL-CA0082000H1[2005-01-11].gz,H1
Imports,482010,COMTRADE-FINAL-CA0082000H1[2005-01-11].gz,H1
Imports,482020,COMTRADE-FINAL-CA0082000H1[2005-01-11].gz,H1
Imports,482030,COMTRADE-FINAL-CA0082000H1[2005-01-11].gz,H1
Imports,482040,COMTRADE-FINAL-CA0082000H1[2005-01-11].gz,H1
Imports,482050,COMTRADE-FINAL-CA0082000H1[2005-01-11].gz,H1
Imports,482090,COMTRADE-FINAL-CA0082000H1[2005-01-11].gz,H1
Imports,482110,COMTRADE-FINAL-CA0082000H1[2005-01-11].gz,H1
Imports,482190,COMTRADE-FINAL-CA0082000H1[2005-01-11].gz,H1
Imports,482210,COMTRADE-FINAL-CA0082000H1[2005-01-11].gz,H1
Imports,482290,COMTRADE-FINAL-CA0082000H1[2005-01-11].gz,H1
Imports,482311,COMTRADE-FINAL-CA0082000H1[2005-01-11].gz,H1
Imports,482319,COMTRADE-FINAL-CA0082000H1[2005-01-11].gz,H1
Imports,482320,COMTRADE-FINAL-CA0082000H1[2005-01-11].gz,H1
Imports,482340,COMTRADE-FINAL-CA0082000H1[2005-01-11].gz,H1
Imports,482351,COMTRADE-FINAL-CA0082000H1[2005-01-11].gz,H1
Imports,482359,COMTRADE-FINAL-CA0082000H1[2005-01-11].gz,H1
Imports,482360,COMTRADE-FINAL-CA0082000H1[2005-01-11].gz,H1
Imports,482370,COMTRADE-FINAL-CA0082000H1[2005-01-11].gz,H1
Imports,482390,COMTRADE-FINAL-CA0082000H1[2005-01-11].gz,H1
Imports,490110,COMTRADE-FINAL-CA0082000H1[2005-01-11].gz,H1
Imports,490191,COMTRADE-FINAL-CA0082000H1[2005-01-11].gz,H1
Imports,490199,COMTRADE-FINAL-CA0082000H1[2005-01-11].gz,H1
Imports,490210,COMTRADE-FINAL-CA0082000H1[2005-01-11].gz,H1
Imports,490290,COMTRADE-FINAL-CA0082000H1[2005-01-11].gz,H1
Imports,490300,COMTRADE-FINAL-CA0082000H1[2005-01-11].gz,H1
Imports,490510,COMTRADE-FINAL-CA0082000H1[2005-01-11].gz,H1
Imports,490591,COMTRADE-FINAL-CA0082000H1[2005-01-11].gz,H1
Imports,490599,COMTRADE-FINAL-CA0082000H1[2005-01-11].gz,H1
Imports,490700,COMTRADE-FINAL-CA0082000H1[2005-01-11].gz,H1
Imports,490810,COMTRADE-FINAL-CA0082000H1[2005-01-11].gz,H1
Imports,490890,COMTRADE-FINAL-CA0082000H1[2005-01-11].gz,H1
Imports,490900,COMTRADE-FINAL-CA0082000H1[2005-01-11].gz,H1
Imports,491000,COMTRADE-FINAL-CA0082000H1[2005-01-11].gz,H1
Imports,491110,COMTRADE-FINAL-CA0082000H1[2005-01-11].gz,H1
Imports,491191,COMTRADE-FINAL-CA0082000H1[2005-01-11].gz,H1
Imports,491199,COMTRADE-FINAL-CA0082000H1[2005-01-11].gz,H1
Imports,500200,COMTRADE-FINAL-CA0082000H1[2005-01-11].gz,H1
Imports,500400,COMTRADE-FINAL-CA0082000H1[2005-01-11].gz,H1
Imports,500500,COMTRADE-FINAL-CA0082000H1[2005-01-11].gz,H1
Imports,500600,COMTRADE-FINAL-CA0082000H1[2005-01-11].gz,H1
Imports,500710,COMTRADE-FINAL-CA0082000H1[2005-01-11].gz,H1
Imports,500720,COMTRADE-FINAL-CA0082000H1[2005-01-11].gz,H1
Imports,500790,COMTRADE-FINAL-CA0082000H1[2005-01-11].gz,H1
Imports,510320,COMTRADE-FINAL-CA0082000H1[2005-01-11].gz,H1
Imports,510529,COMTRADE-FINAL-CA0082000H1[2005-01-11].gz,H1
Imports,510610,COMTRADE-FINAL-CA0082000H1[2005-01-11].gz,H1
Imports,510620,COMTRADE-FINAL-CA0082000H1[2005-01-11].gz,H1
Imports,510710,COMTRADE-FINAL-CA0082000H1[2005-01-11].gz,H1
Imports,510720,COMTRADE-FINAL-CA0082000H1[2005-01-11].gz,H1
Imports,510820,COMTRADE-FINAL-CA0082000H1[2005-01-11].gz,H1
Imports,510910,COMTRADE-FINAL-CA0082000H1[2005-01-11].gz,H1
Imports,511000,COMTRADE-FINAL-CA0082000H1[2005-01-11].gz,H1
Imports,511111,COMTRADE-FINAL-CA0082000H1[2005-01-11].gz,H1
Imports,511119,COMTRADE-FINAL-CA0082000H1[2005-01-11].gz,H1
Imports,511130,COMTRADE-FINAL-CA0082000H1[2005-01-11].gz,H1
Imports,511190,COMTRADE-FINAL-CA0082000H1[2005-01-11].gz,H1
Imports,511211,COMTRADE-FINAL-CA0082000H1[2005-01-11].gz,H1
Imports,511219,COMTRADE-FINAL-CA0082000H1[2005-01-11].gz,H1
Imports,511220,COMTRADE-FINAL-CA0082000H1[2005-01-11].gz,H1
Imports,511230,COMTRADE-FINAL-CA0082000H1[2005-01-11].gz,H1
Imports,511290,COMTRADE-FINAL-CA0082000H1[2005-01-11].gz,H1
Imports,511300,COMTRADE-FINAL-CA0082000H1[2005-01-11].gz,H1
Imports,520100,COMTRADE-FINAL-CA0082000H1[2005-01-11].gz,H1
Imports,520210,COMTRADE-FINAL-CA0082000H1[2005-01-11].gz,H1
Imports,520291,COMTRADE-FINAL-CA0082000H1[2005-01-11].gz,H1
Imports,520299,COMTRADE-FINAL-CA0082000H1[2005-01-11].gz,H1
Imports,520300,COMTRADE-FINAL-CA0082000H1[2005-01-11].gz,H1
Imports,520411,COMTRADE-FINAL-CA0082000H1[2005-01-11].gz,H1
Imports,520419,COMTRADE-FINAL-CA0082000H1[2005-01-11].gz,H1
Imports,520420,COMTRADE-FINAL-CA0082000H1[2005-01-11].gz,H1
Imports,520511,COMTRADE-FINAL-CA0082000H1[2005-01-11].gz,H1
Imports,520512,COMTRADE-FINAL-CA0082000H1[2005-01-11].gz,H1
Imports,520513,COMTRADE-FINAL-CA0082000H1[2005-01-11].gz,H1
Imports,520515,COMTRADE-FINAL-CA0082000H1[2005-01-11].gz,H1
Imports,520521,COMTRADE-FINAL-CA0082000H1[2005-01-11].gz,H1
Imports,520522,COMTRADE-FINAL-CA0082000H1[2005-01-11].gz,H1
Imports,520528,COMTRADE-FINAL-CA0082000H1[2005-01-11].gz,H1
Imports,520531,COMTRADE-FINAL-CA0082000H1[2005-01-11].gz,H1
Imports,520541,COMTRADE-FINAL-CA0082000H1[2005-01-11].gz,H1
Imports,520548,COMTRADE-FINAL-CA0082000H1[2005-01-11].gz,H1
Imports,520611,COMTRADE-FINAL-CA0082000H1[2005-01-11].gz,H1
Imports,520614,COMTRADE-FINAL-CA0082000H1[2005-01-11].gz,H1
Imports,520625,COMTRADE-FINAL-CA0082000H1[2005-01-11].gz,H1
Imports,520631,COMTRADE-FINAL-CA0082000H1[2005-01-11].gz,H1
Imports,520633,COMTRADE-FINAL-CA0082000H1[2005-01-11].gz,H1
Imports,520645,COMTRADE-FINAL-CA0082000H1[2005-01-11].gz,H1
Imports,520790,COMTRADE-FINAL-CA0082000H1[2005-01-11].gz,H1
Imports,520811,COMTRADE-FINAL-CA0082000H1[2005-01-11].gz,H1
Imports,520812,COMTRADE-FINAL-CA0082000H1[2005-01-11].gz,H1
Imports,520813,COMTRADE-FINAL-CA0082000H1[2005-01-11].gz,H1
Imports,520819,COMTRADE-FINAL-CA0082000H1[2005-01-11].gz,H1
Imports,520821,COMTRADE-FINAL-CA0082000H1[2005-01-11].gz,H1
Imports,520822,COMTRADE-FINAL-CA0082000H1[2005-01-11].gz,H1
Imports,520829,COMTRADE-FINAL-CA0082000H1[2005-01-11].gz,H1
Imports,520831,COMTRADE-FINAL-CA0082000H1[2005-01-11].gz,H1
Imports,520832,COMTRADE-FINAL-CA0082000H1[2005-01-11].gz,H1
Imports,520839,COMTRADE-FINAL-CA0082000H1[2005-01-11].gz,H1
Imports,520841,COMTRADE-FINAL-CA0082000H1[2005-01-11].gz,H1
Imports,520842,COMTRADE-FINAL-CA0082000H1[2005-01-11].gz,H1
Imports,520843,COMTRADE-FINAL-CA0082000H1[2005-01-11].gz,H1
Imports,520849,COMTRADE-FINAL-CA0082000H1[2005-01-11].gz,H1
Imports,520851,COMTRADE-FINAL-CA0082000H1[2005-01-11].gz,H1
Imports,520852,COMTRADE-FINAL-CA0082000H1[2005-01-11].gz,H1
Imports,520853,COMTRADE-FINAL-CA0082000H1[2005-01-11].gz,H1
Imports,520859,COMTRADE-FINAL-CA0082000H1[2005-01-11].gz,H1
Imports,520911,COMTRADE-FINAL-CA0082000H1[2005-01-11].gz,H1
Imports,520912,COMTRADE-FINAL-CA0082000H1[2005-01-11].gz,H1
Imports,520919,COMTRADE-FINAL-CA0082000H1[2005-01-11].gz,H1
Imports,520921,COMTRADE-FINAL-CA0082000H1[2005-01-11].gz,H1
Imports,520922,COMTRADE-FINAL-CA0082000H1[2005-01-11].gz,H1
Imports,520929,COMTRADE-FINAL-CA0082000H1[2005-01-11].gz,H1
Imports,520931,COMTRADE-FINAL-CA0082000H1[2005-01-11].gz,H1
Imports,520932,COMTRADE-FINAL-CA0082000H1[2005-01-11].gz,H1
Imports,520939,COMTRADE-FINAL-CA0082000H1[2005-01-11].gz,H1
Imports,520941,COMTRADE-FINAL-CA0082000H1[2005-01-11].gz,H1
Imports,520942,COMTRADE-FINAL-CA0082000H1[2005-01-11].gz,H1
Imports,520943,COMTRADE-FINAL-CA0082000H1[2005-01-11].gz,H1
Imports,520949,COMTRADE-FINAL-CA0082000H1[2005-01-11].gz,H1
Imports,520951,COMTRADE-FINAL-CA0082000H1[2005-01-11].gz,H1
Imports,520952,COMTRADE-FINAL-CA0082000H1[2005-01-11].gz,H1
Imports,520959,COMTRADE-FINAL-CA0082000H1[2005-01-11].gz,H1
Imports,521011,COMTRADE-FINAL-CA0082000H1[2005-01-11].gz,H1
Imports,521019,COMTRADE-FINAL-CA0082000H1[2005-01-11].gz,H1
Imports,521021,COMTRADE-FINAL-CA0082000H1[2005-01-11].gz,H1
Imports,521029,COMTRADE-FINAL-CA0082000H1[2005-01-11].gz,H1
Imports,521031,COMTRADE-FINAL-CA0082000H1[2005-01-11].gz,H1
Imports,521032,COMTRADE-FINAL-CA0082000H1[2005-01-11].gz,H1
Imports,521039,COMTRADE-FINAL-CA0082000H1[2005-01-11].gz,H1
Imports,521041,COMTRADE-FINAL-CA0082000H1[2005-01-11].gz,H1
Imports,521051,COMTRADE-FINAL-CA0082000H1[2005-01-11].gz,H1
Imports,521059,COMTRADE-FINAL-CA0082000H1[2005-01-11].gz,H1
Imports,521111,COMTRADE-FINAL-CA0082000H1[2005-01-11].gz,H1
Imports,521119,COMTRADE-FINAL-CA0082000H1[2005-01-11].gz,H1
Imports,521121,COMTRADE-FINAL-CA0082000H1[2005-01-11].gz,H1
Imports,521131,COMTRADE-FINAL-CA0082000H1[2005-01-11].gz,H1
Imports,521132,COMTRADE-FINAL-CA0082000H1[2005-01-11].gz,H1
Imports,521139,COMTRADE-FINAL-CA0082000H1[2005-01-11].gz,H1
Imports,521141,COMTRADE-FINAL-CA0082000H1[2005-01-11].gz,H1
Imports,521142,COMTRADE-FINAL-CA0082000H1[2005-01-11].gz,H1
Imports,521149,COMTRADE-FINAL-CA0082000H1[2005-01-11].gz,H1
Imports,521151,COMTRADE-FINAL-CA0082000H1[2005-01-11].gz,H1
Imports,521211,COMTRADE-FINAL-CA0082000H1[2005-01-11].gz,H1
Imports,521213,COMTRADE-FINAL-CA0082000H1[2005-01-11].gz,H1
Imports,521214,COMTRADE-FINAL-CA0082000H1[2005-01-11].gz,H1
Imports,521215,COMTRADE-FINAL-CA0082000H1[2005-01-11].gz,H1
Imports,521221,COMTRADE-FINAL-CA0082000H1[2005-01-11].gz,H1
Imports,521224,COMTRADE-FINAL-CA0082000H1[2005-01-11].gz,H1
Imports,521225,COMTRADE-FINAL-CA0082000H1[2005-01-11].gz,H1
Imports,530110,COMTRADE-FINAL-CA0082000H1[2005-01-11].gz,H1
Imports,530129,COMTRADE-FINAL-CA0082000H1[2005-01-11].gz,H1
Imports,530130,COMTRADE-FINAL-CA0082000H1[2005-01-11].gz,H1
Imports,530290,COMTRADE-FINAL-CA0082000H1[2005-01-11].gz,H1
Imports,530390,COMTRADE-FINAL-CA0082000H1[2005-01-11].gz,H1
Imports,530610,COMTRADE-FINAL-CA0082000H1[2005-01-11].gz,H1
Imports,530620,COMTRADE-FINAL-CA0082000H1[2005-01-11].gz,H1
Imports,530720,COMTRADE-FINAL-CA0082000H1[2005-01-11].gz,H1
Imports,530820,COMTRADE-FINAL-CA0082000H1[2005-01-11].gz,H1
Imports,530919,COMTRADE-FINAL-CA0082000H1[2005-01-11].gz,H1
Imports,531100,COMTRADE-FINAL-CA0082000H1[2005-01-11].gz,H1
Imports,540110,COMTRADE-FINAL-CA0082000H1[2005-01-11].gz,H1
Imports,540120,COMTRADE-FINAL-CA0082000H1[2005-01-11].gz,H1
Imports,540210,COMTRADE-FINAL-CA0082000H1[2005-01-11].gz,H1
Imports,540220,COMTRADE-FINAL-CA0082000H1[2005-01-11].gz,H1
Imports,540231,COMTRADE-FINAL-CA0082000H1[2005-01-11].gz,H1
Imports,540232,COMTRADE-FINAL-CA0082000H1[2005-01-11].gz,H1
Imports,540239,COMTRADE-FINAL-CA0082000H1[2005-01-11].gz,H1
Imports,540241,COMTRADE-FINAL-CA0082000H1[2005-01-11].gz,H1
Imports,540243,COMTRADE-FINAL-CA0082000H1[2005-01-11].gz,H1
Imports,540249,COMTRADE-FINAL-CA0082000H1[2005-01-11].gz,H1
Imports,540251,COMTRADE-FINAL-CA0082000H1[2005-01-11].gz,H1
Imports,540252,COMTRADE-FINAL-CA0082000H1[2005-01-11].gz,H1
Imports,540259,COMTRADE-FINAL-CA0082000H1[2005-01-11].gz,H1
Imports,540261,COMTRADE-FINAL-CA0082000H1[2005-01-11].gz,H1
Imports,540262,COMTRADE-FINAL-CA0082000H1[2005-01-11].gz,H1
Imports,540269,COMTRADE-FINAL-CA0082000H1[2005-01-11].gz,H1
Imports,540320,COMTRADE-FINAL-CA0082000H1[2005-01-11].gz,H1
Imports,540349,COMTRADE-FINAL-CA0082000H1[2005-01-11].gz,H1
Imports,540410,COMTRADE-FINAL-CA0082000H1[2005-01-11].gz,H1
Imports,540490,COMTRADE-FINAL-CA0082000H1[2005-01-11].gz,H1
Imports,540610,COMTRADE-FINAL-CA0082000H1[2005-01-11].gz,H1
Imports,540620,COMTRADE-FINAL-CA0082000H1[2005-01-11].gz,H1
Imports,540710,COMTRADE-FINAL-CA0082000H1[2005-01-11].gz,H1
Imports,540720,COMTRADE-FINAL-CA0082000H1[2005-01-11].gz,H1
Imports,540741,COMTRADE-FINAL-CA0082000H1[2005-01-11].gz,H1
Imports,540742,COMTRADE-FINAL-CA0082000H1[2005-01-11].gz,H1
Imports,540743,COMTRADE-FINAL-CA0082000H1[2005-01-11].gz,H1
Imports,540744,COMTRADE-FINAL-CA0082000H1[2005-01-11].gz,H1
Imports,540751,COMTRADE-FINAL-CA0082000H1[2005-01-11].gz,H1
Imports,540752,COMTRADE-FINAL-CA0082000H1[2005-01-11].gz,H1
Imports,540753,COMTRADE-FINAL-CA0082000H1[2005-01-11].gz,H1
Imports,540754,COMTRADE-FINAL-CA0082000H1[2005-01-11].gz,H1
Imports,540761,COMTRADE-FINAL-CA0082000H1[2005-01-11].gz,H1
Imports,540771,COMTRADE-FINAL-CA0082000H1[2005-01-11].gz,H1
Imports,540772,COMTRADE-FINAL-CA0082000H1[2005-01-11].gz,H1
Imports,540773,COMTRADE-FINAL-CA0082000H1[2005-01-11].gz,H1
Imports,540774,COMTRADE-FINAL-CA0082000H1[2005-01-11].gz,H1
Imports,540781,COMTRADE-FINAL-CA0082000H1[2005-01-11].gz,H1
Imports,540782,COMTRADE-FINAL-CA0082000H1[2005-01-11].gz,H1
Imports,540783,COMTRADE-FINAL-CA0082000H1[2005-01-11].gz,H1
Imports,540784,COMTRADE-FINAL-CA0082000H1[2005-01-11].gz,H1
Imports,540791,COMTRADE-FINAL-CA0082000H1[2005-01-11].gz,H1
Imports,540792,COMTRADE-FINAL-CA0082000H1[2005-01-11].gz,H1
Imports,540793,COMTRADE-FINAL-CA0082000H1[2005-01-11].gz,H1
Imports,540794,COMTRADE-FINAL-CA0082000H1[2005-01-11].gz,H1
Imports,540810,COMTRADE-FINAL-CA0082000H1[2005-01-11].gz,H1
Imports,540821,COMTRADE-FINAL-CA0082000H1[2005-01-11].gz,H1
Imports,540822,COMTRADE-FINAL-CA0082000H1[2005-01-11].gz,H1
Imports,540823,COMTRADE-FINAL-CA0082000H1[2005-01-11].gz,H1
Imports,540824,COMTRADE-FINAL-CA0082000H1[2005-01-11].gz,H1
Imports,540831,COMTRADE-FINAL-CA0082000H1[2005-01-11].gz,H1
Imports,540832,COMTRADE-FINAL-CA0082000H1[2005-01-11].gz,H1
Imports,540833,COMTRADE-FINAL-CA0082000H1[2005-01-11].gz,H1
Imports,540834,COMTRADE-FINAL-CA0082000H1[2005-01-11].gz,H1
Imports,550110,COMTRADE-FINAL-CA0082000H1[2005-01-11].gz,H1
Imports,550120,COMTRADE-FINAL-CA0082000H1[2005-01-11].gz,H1
Imports,550130,COMTRADE-FINAL-CA0082000H1[2005-01-11].gz,H1
Imports,550190,COMTRADE-FINAL-CA0082000H1[2005-01-11].gz,H1
Imports,550200,COMTRADE-FINAL-CA0082000H1[2005-01-11].gz,H1
Imports,550310,COMTRADE-FINAL-CA0082000H1[2005-01-11].gz,H1
Imports,550320,COMTRADE-FINAL-CA0082000H1[2005-01-11].gz,H1
Imports,550330,COMTRADE-FINAL-CA0082000H1[2005-01-11].gz,H1
Imports,550490,COMTRADE-FINAL-CA0082000H1[2005-01-11].gz,H1
Imports,550510,COMTRADE-FINAL-CA0082000H1[2005-01-11].gz,H1
Imports,550520,COMTRADE-FINAL-CA0082000H1[2005-01-11].gz,H1
Imports,550610,COMTRADE-FINAL-CA0082000H1[2005-01-11].gz,H1
Imports,550810,COMTRADE-FINAL-CA0082000H1[2005-01-11].gz,H1
Imports,550921,COMTRADE-FINAL-CA0082000H1[2005-01-11].gz,H1
Imports,550931,COMTRADE-FINAL-CA0082000H1[2005-01-11].gz,H1
Imports,550941,COMTRADE-FINAL-CA0082000H1[2005-01-11].gz,H1
Imports,550942,COMTRADE-FINAL-CA0082000H1[2005-01-11].gz,H1
Imports,550952,COMTRADE-FINAL-CA0082000H1[2005-01-11].gz,H1
Imports,550959,COMTRADE-FINAL-CA0082000H1[2005-01-11].gz,H1
Imports,550961,COMTRADE-FINAL-CA0082000H1[2005-01-11].gz,H1
Imports,550969,COMTRADE-FINAL-CA0082000H1[2005-01-11].gz,H1
Imports,550999,COMTRADE-FINAL-CA0082000H1[2005-01-11].gz,H1
Imports,551011,COMTRADE-FINAL-CA0082000H1[2005-01-11].gz,H1
Imports,551012,COMTRADE-FINAL-CA0082000H1[2005-01-11].gz,H1
Imports,551020,COMTRADE-FINAL-CA0082000H1[2005-01-11].gz,H1
Imports,551030,COMTRADE-FINAL-CA0082000H1[2005-01-11].gz,H1
Imports,551219,COMTRADE-FINAL-CA0082000H1[2005-01-11].gz,H1
Imports,551229,COMTRADE-FINAL-CA0082000H1[2005-01-11].gz,H1
Imports,551299,COMTRADE-FINAL-CA0082000H1[2005-01-11].gz,H1
Imports,551311,COMTRADE-FINAL-CA0082000H1[2005-01-11].gz,H1
Imports,551313,COMTRADE-FINAL-CA0082000H1[2005-01-11].gz,H1
Imports,551319,COMTRADE-FINAL-CA0082000H1[2005-01-11].gz,H1
Imports,551321,COMTRADE-FINAL-CA0082000H1[2005-01-11].gz,H1
Imports,551322,COMTRADE-FINAL-CA0082000H1[2005-01-11].gz,H1
Imports,551323,COMTRADE-FINAL-CA0082000H1[2005-01-11].gz,H1
Imports,551333,COMTRADE-FINAL-CA0082000H1[2005-01-11].gz,H1
Imports,551341,COMTRADE-FINAL-CA0082000H1[2005-01-11].gz,H1
Imports,551411,COMTRADE-FINAL-CA0082000H1[2005-01-11].gz,H1
Imports,551413,COMTRADE-FINAL-CA0082000H1[2005-01-11].gz,H1
Imports,551419,COMTRADE-FINAL-CA0082000H1[2005-01-11].gz,H1
Imports,551422,COMTRADE-FINAL-CA0082000H1[2005-01-11].gz,H1
Imports,551423,COMTRADE-FINAL-CA0082000H1[2005-01-11].gz,H1
Imports,551429,COMTRADE-FINAL-CA0082000H1[2005-01-11].gz,H1
Imports,551431,COMTRADE-FINAL-CA0082000H1[2005-01-11].gz,H1
Imports,551432,COMTRADE-FINAL-CA0082000H1[2005-01-11].gz,H1
Imports,551433,COMTRADE-FINAL-CA0082000H1[2005-01-11].gz,H1
Imports,551439,COMTRADE-FINAL-CA0082000H1[2005-01-11].gz,H1
Imports,551442,COMTRADE-FINAL-CA0082000H1[2005-01-11].gz,H1
Imports,551449,COMTRADE-FINAL-CA0082000H1[2005-01-11].gz,H1
Imports,551511,COMTRADE-FINAL-CA0082000H1[2005-01-11].gz,H1
Imports,551512,COMTRADE-FINAL-CA0082000H1[2005-01-11].gz,H1
Imports,551513,COMTRADE-FINAL-CA0082000H1[2005-01-11].gz,H1
Imports,551519,COMTRADE-FINAL-CA0082000H1[2005-01-11].gz,H1
Imports,551529,COMTRADE-FINAL-CA0082000H1[2005-01-11].gz,H1
Imports,551591,COMTRADE-FINAL-CA0082000H1[2005-01-11].gz,H1
Imports,551599,COMTRADE-FINAL-CA0082000H1[2005-01-11].gz,H1
Imports,551612,COMTRADE-FINAL-CA0082000H1[2005-01-11].gz,H1
Imports,551613,COMTRADE-FINAL-CA0082000H1[2005-01-11].gz,H1
Imports,551614,COMTRADE-FINAL-CA0082000H1[2005-01-11].gz,H1
Imports,551622,COMTRADE-FINAL-CA0082000H1[2005-01-11].gz,H1
Imports,551623,COMTRADE-FINAL-CA0082000H1[2005-01-11].gz,H1
Imports,551634,COMTRADE-FINAL-CA0082000H1[2005-01-11].gz,H1
Imports,551643,COMTRADE-FINAL-CA0082000H1[2005-01-11].gz,H1
Imports,551692,COMTRADE-FINAL-CA0082000H1[2005-01-11].gz,H1
Imports,551693,COMTRADE-FINAL-CA0082000H1[2005-01-11].gz,H1
Imports,551694,COMTRADE-FINAL-CA0082000H1[2005-01-11].gz,H1
Imports,560110,COMTRADE-FINAL-CA0082000H1[2005-01-11].gz,H1
Imports,560121,COMTRADE-FINAL-CA0082000H1[2005-01-11].gz,H1
Imports,560122,COMTRADE-FINAL-CA0082000H1[2005-01-11].gz,H1
Imports,560129,COMTRADE-FINAL-CA0082000H1[2005-01-11].gz,H1
Imports,560130,COMTRADE-FINAL-CA0082000H1[2005-01-11].gz,H1
Imports,560210,COMTRADE-FINAL-CA0082000H1[2005-01-11].gz,H1
Imports,560229,COMTRADE-FINAL-CA0082000H1[2005-01-11].gz,H1
Imports,560290,COMTRADE-FINAL-CA0082000H1[2005-01-11].gz,H1
Imports,560311,COMTRADE-FINAL-CA0082000H1[2005-01-11].gz,H1
Imports,560312,COMTRADE-FINAL-CA0082000H1[2005-01-11].gz,H1
Imports,560313,COMTRADE-FINAL-CA0082000H1[2005-01-11].gz,H1
Imports,560314,COMTRADE-FINAL-CA0082000H1[2005-01-11].gz,H1
Imports,560391,COMTRADE-FINAL-CA0082000H1[2005-01-11].gz,H1
Imports,560392,COMTRADE-FINAL-CA0082000H1[2005-01-11].gz,H1
Imports,560393,COMTRADE-FINAL-CA0082000H1[2005-01-11].gz,H1
Imports,560394,COMTRADE-FINAL-CA0082000H1[2005-01-11].gz,H1
Imports,560410,COMTRADE-FINAL-CA0082000H1[2005-01-11].gz,H1
Imports,560420,COMTRADE-FINAL-CA0082000H1[2005-01-11].gz,H1
Imports,560490,COMTRADE-FINAL-CA0082000H1[2005-01-11].gz,H1
Imports,560500,COMTRADE-FINAL-CA0082000H1[2005-01-11].gz,H1
Imports,560600,COMTRADE-FINAL-CA0082000H1[2005-01-11].gz,H1
Imports,560710,COMTRADE-FINAL-CA0082000H1[2005-01-11].gz,H1
Imports,560721,COMTRADE-FINAL-CA0082000H1[2005-01-11].gz,H1
Imports,560729,COMTRADE-FINAL-CA0082000H1[2005-01-11].gz,H1
Imports,560730,COMTRADE-FINAL-CA0082000H1[2005-01-11].gz,H1
Imports,560741,COMTRADE-FINAL-CA0082000H1[2005-01-11].gz,H1
Imports,560749,COMTRADE-FINAL-CA0082000H1[2005-01-11].gz,H1
Imports,560750,COMTRADE-FINAL-CA0082000H1[2005-01-11].gz,H1
Imports,560790,COMTRADE-FINAL-CA0082000H1[2005-01-11].gz,H1
Imports,560811,COMTRADE-FINAL-CA0082000H1[2005-01-11].gz,H1
Imports,560819,COMTRADE-FINAL-CA0082000H1[2005-01-11].gz,H1
Imports,560890,COMTRADE-FINAL-CA0082000H1[2005-01-11].gz,H1
Imports,560900,COMTRADE-FINAL-CA0082000H1[2005-01-11].gz,H1
Imports,570110,COMTRADE-FINAL-CA0082000H1[2005-01-11].gz,H1
Imports,570190,COMTRADE-FINAL-CA0082000H1[2005-01-11].gz,H1
Imports,570210,COMTRADE-FINAL-CA0082000H1[2005-01-11].gz,H1
Imports,570220,COMTRADE-FINAL-CA0082000H1[2005-01-11].gz,H1
Imports,570231,COMTRADE-FINAL-CA0082000H1[2005-01-11].gz,H1
Imports,570232,COMTRADE-FINAL-CA0082000H1[2005-01-11].gz,H1
Imports,570239,COMTRADE-FINAL-CA0082000H1[2005-01-11].gz,H1
Imports,570241,COMTRADE-FINAL-CA0082000H1[2005-01-11].gz,H1
Imports,570242,COMTRADE-FINAL-CA0082000H1[2005-01-11].gz,H1
Imports,570249,COMTRADE-FINAL-CA0082000H1[2005-01-11].gz,H1
Imports,570252,COMTRADE-FINAL-CA0082000H1[2005-01-11].gz,H1
Imports,570292,COMTRADE-FINAL-CA0082000H1[2005-01-11].gz,H1
Imports,570299,COMTRADE-FINAL-CA0082000H1[2005-01-11].gz,H1
Imports,570310,COMTRADE-FINAL-CA0082000H1[2005-01-11].gz,H1
Imports,570320,COMTRADE-FINAL-CA0082000H1[2005-01-11].gz,H1
Imports,570330,COMTRADE-FINAL-CA0082000H1[2005-01-11].gz,H1
Imports,570390,COMTRADE-FINAL-CA0082000H1[2005-01-11].gz,H1
Imports,570410,COMTRADE-FINAL-CA0082000H1[2005-01-11].gz,H1
Imports,570490,COMTRADE-FINAL-CA0082000H1[2005-01-11].gz,H1
Imports,570500,COMTRADE-FINAL-CA0082000H1[2005-01-11].gz,H1
Imports,580110,COMTRADE-FINAL-CA0082000H1[2005-01-11].gz,H1
Imports,580121,COMTRADE-FINAL-CA0082000H1[2005-01-11].gz,H1
Imports,580122,COMTRADE-FINAL-CA0082000H1[2005-01-11].gz,H1
Imports,580123,COMTRADE-FINAL-CA0082000H1[2005-01-11].gz,H1
Imports,580124,COMTRADE-FINAL-CA0082000H1[2005-01-11].gz,H1
Imports,580125,COMTRADE-FINAL-CA0082000H1[2005-01-11].gz,H1
Imports,580126,COMTRADE-FINAL-CA0082000H1[2005-01-11].gz,H1
Imports,580132,COMTRADE-FINAL-CA0082000H1[2005-01-11].gz,H1
Imports,580134,COMTRADE-FINAL-CA0082000H1[2005-01-11].gz,H1
Imports,580135,COMTRADE-FINAL-CA0082000H1[2005-01-11].gz,H1
Imports,580136,COMTRADE-FINAL-CA0082000H1[2005-01-11].gz,H1
Imports,580190,COMTRADE-FINAL-CA0082000H1[2005-01-11].gz,H1
Imports,580211,COMTRADE-FINAL-CA0082000H1[2005-01-11].gz,H1
Imports,580219,COMTRADE-FINAL-CA0082000H1[2005-01-11].gz,H1
Imports,580220,COMTRADE-FINAL-CA0082000H1[2005-01-11].gz,H1
Imports,580230,COMTRADE-FINAL-CA0082000H1[2005-01-11].gz,H1
Imports,580310,COMTRADE-FINAL-CA0082000H1[2005-01-11].gz,H1
Imports,580390,COMTRADE-FINAL-CA0082000H1[2005-01-11].gz,H1
Imports,580410,COMTRADE-FINAL-CA0082000H1[2005-01-11].gz,H1
Imports,580421,COMTRADE-FINAL-CA0082000H1[2005-01-11].gz,H1
Imports,580429,COMTRADE-FINAL-CA0082000H1[2005-01-11].gz,H1
Imports,580430,COMTRADE-FINAL-CA0082000H1[2005-01-11].gz,H1
Imports,580610,COMTRADE-FINAL-CA0082000H1[2005-01-11].gz,H1
Imports,580620,COMTRADE-FINAL-CA0082000H1[2005-01-11].gz,H1
Imports,580631,COMTRADE-FINAL-CA0082000H1[2005-01-11].gz,H1
Imports,580632,COMTRADE-FINAL-CA0082000H1[2005-01-11].gz,H1
Imports,580639,COMTRADE-FINAL-CA0082000H1[2005-01-11].gz,H1
Imports,580640,COMTRADE-FINAL-CA0082000H1[2005-01-11].gz,H1
Imports,580710,COMTRADE-FINAL-CA0082000H1[2005-01-11].gz,H1
Imports,580790,COMTRADE-FINAL-CA0082000H1[2005-01-11].gz,H1
Imports,580810,COMTRADE-FINAL-CA0082000H1[2005-01-11].gz,H1
Imports,580890,COMTRADE-FINAL-CA0082000H1[2005-01-11].gz,H1
Imports,580900,COMTRADE-FINAL-CA0082000H1[2005-01-11].gz,H1
Imports,581010,COMTRADE-FINAL-CA0082000H1[2005-01-11].gz,H1
Imports,581091,COMTRADE-FINAL-CA0082000H1[2005-01-11].gz,H1
Imports,581099,COMTRADE-FINAL-CA0082000H1[2005-01-11].gz,H1
Imports,581100,COMTRADE-FINAL-CA0082000H1[2005-01-11].gz,H1
Imports,590110,COMTRADE-FINAL-CA0082000H1[2005-01-11].gz,H1
Imports,590190,COMTRADE-FINAL-CA0082000H1[2005-01-11].gz,H1
Imports,590210,COMTRADE-FINAL-CA0082000H1[2005-01-11].gz,H1
Imports,590220,COMTRADE-FINAL-CA0082000H1[2005-01-11].gz,H1
Imports,590290,COMTRADE-FINAL-CA0082000H1[2005-01-11].gz,H1
Imports,590310,COMTRADE-FINAL-CA0082000H1[2005-01-11].gz,H1
Imports,590320,COMTRADE-FINAL-CA0082000H1[2005-01-11].gz,H1
Imports,590390,COMTRADE-FINAL-CA0082000H1[2005-01-11].gz,H1
Imports,590410,COMTRADE-FINAL-CA0082000H1[2005-01-11].gz,H1
Imports,590492,COMTRADE-FINAL-CA0082000H1[2005-01-11].gz,H1
Imports,590500,COMTRADE-FINAL-CA0082000H1[2005-01-11].gz,H1
Imports,590610,COMTRADE-FINAL-CA0082000H1[2005-01-11].gz,H1
Imports,590699,COMTRADE-FINAL-CA0082000H1[2005-01-11].gz,H1
Imports,590700,COMTRADE-FINAL-CA0082000H1[2005-01-11].gz,H1
Imports,590800,COMTRADE-FINAL-CA0082000H1[2005-01-11].gz,H1
Imports,590900,COMTRADE-FINAL-CA0082000H1[2005-01-11].gz,H1
Imports,591000,COMTRADE-FINAL-CA0082000H1[2005-01-11].gz,H1
Imports,591110,COMTRADE-FINAL-CA0082000H1[2005-01-11].gz,H1
Imports,591120,COMTRADE-FINAL-CA0082000H1[2005-01-11].gz,H1
Imports,591131,COMTRADE-FINAL-CA0082000H1[2005-01-11].gz,H1
Imports,591140,COMTRADE-FINAL-CA0082000H1[2005-01-11].gz,H1
Imports,591190,COMTRADE-FINAL-CA0082000H1[2005-01-11].gz,H1
Imports,600110,COMTRADE-FINAL-CA0082000H1[2005-01-11].gz,H1
Imports,600121,COMTRADE-FINAL-CA0082000H1[2005-01-11].gz,H1
Imports,600122,COMTRADE-FINAL-CA0082000H1[2005-01-11].gz,H1
Imports,600129,COMTRADE-FINAL-CA0082000H1[2005-01-11].gz,H1
Imports,600191,COMTRADE-FINAL-CA0082000H1[2005-01-11].gz,H1
Imports,600192,COMTRADE-FINAL-CA0082000H1[2005-01-11].gz,H1
Imports,600210,COMTRADE-FINAL-CA0082000H1[2005-01-11].gz,H1
Imports,600220,COMTRADE-FINAL-CA0082000H1[2005-01-11].gz,H1
Imports,600230,COMTRADE-FINAL-CA0082000H1[2005-01-11].gz,H1
Imports,600241,COMTRADE-FINAL-CA0082000H1[2005-01-11].gz,H1
Imports,600242,COMTRADE-FINAL-CA0082000H1[2005-01-11].gz,H1
Imports,600243,COMTRADE-FINAL-CA0082000H1[2005-01-11].gz,H1
Imports,600249,COMTRADE-FINAL-CA0082000H1[2005-01-11].gz,H1
Imports,600291,COMTRADE-FINAL-CA0082000H1[2005-01-11].gz,H1
Imports,600292,COMTRADE-FINAL-CA0082000H1[2005-01-11].gz,H1
Imports,600293,COMTRADE-FINAL-CA0082000H1[2005-01-11].gz,H1
Imports,600299,COMTRADE-FINAL-CA0082000H1[2005-01-11].gz,H1
Imports,610110,COMTRADE-FINAL-CA0082000H1[2005-01-11].gz,H1
Imports,610130,COMTRADE-FINAL-CA0082000H1[2005-01-11].gz,H1
Imports,610190,COMTRADE-FINAL-CA0082000H1[2005-01-11].gz,H1
Imports,610210,COMTRADE-FINAL-CA0082000H1[2005-01-11].gz,H1
Imports,610220,COMTRADE-FINAL-CA0082000H1[2005-01-11].gz,H1
Imports,610230,COMTRADE-FINAL-CA0082000H1[2005-01-11].gz,H1
Imports,610290,COMTRADE-FINAL-CA0082000H1[2005-01-11].gz,H1
Imports,610311,COMTRADE-FINAL-CA0082000H1[2005-01-11].gz,H1
Imports,610312,COMTRADE-FINAL-CA0082000H1[2005-01-11].gz,H1
Imports,610319,COMTRADE-FINAL-CA0082000H1[2005-01-11].gz,H1
Imports,610321,COMTRADE-FINAL-CA0082000H1[2005-01-11].gz,H1
Imports,610322,COMTRADE-FINAL-CA0082000H1[2005-01-11].gz,H1
Imports,610323,COMTRADE-FINAL-CA0082000H1[2005-01-11].gz,H1
Imports,610331,COMTRADE-FINAL-CA0082000H1[2005-01-11].gz,H1
Imports,610332,COMTRADE-FINAL-CA0082000H1[2005-01-11].gz,H1
Imports,610333,COMTRADE-FINAL-CA0082000H1[2005-01-11].gz,H1
Imports,610339,COMTRADE-FINAL-CA0082000H1[2005-01-11].gz,H1
Imports,610341,COMTRADE-FINAL-CA0082000H1[2005-01-11].gz,H1
Imports,610342,COMTRADE-FINAL-CA0082000H1[2005-01-11].gz,H1
Imports,610343,COMTRADE-FINAL-CA0082000H1[2005-01-11].gz,H1
Imports,610349,COMTRADE-FINAL-CA0082000H1[2005-01-11].gz,H1
Imports,610411,COMTRADE-FINAL-CA0082000H1[2005-01-11].gz,H1
Imports,610412,COMTRADE-FINAL-CA0082000H1[2005-01-11].gz,H1
Imports,610413,COMTRADE-FINAL-CA0082000H1[2005-01-11].gz,H1
Imports,610419,COMTRADE-FINAL-CA0082000H1[2005-01-11].gz,H1
Imports,610422,COMTRADE-FINAL-CA0082000H1[2005-01-11].gz,H1
Imports,610423,COMTRADE-FINAL-CA0082000H1[2005-01-11].gz,H1
Imports,610429,COMTRADE-FINAL-CA0082000H1[2005-01-11].gz,H1
Imports,610431,COMTRADE-FINAL-CA0082000H1[2005-01-11].gz,H1
Imports,610432,COMTRADE-FINAL-CA0082000H1[2005-01-11].gz,H1
Imports,610433,COMTRADE-FINAL-CA0082000H1[2005-01-11].gz,H1
Imports,610439,COMTRADE-FINAL-CA0082000H1[2005-01-11].gz,H1
Imports,610442,COMTRADE-FINAL-CA0082000H1[2005-01-11].gz,H1
Imports,610443,COMTRADE-FINAL-CA0082000H1[2005-01-11].gz,H1
Imports,610444,COMTRADE-FINAL-CA0082000H1[2005-01-11].gz,H1
Imports,610449,COMTRADE-FINAL-CA0082000H1[2005-01-11].gz,H1
Imports,610451,COMTRADE-FINAL-CA0082000H1[2005-01-11].gz,H1
Imports,610452,COMTRADE-FINAL-CA0082000H1[2005-01-11].gz,H1
Imports,610453,COMTRADE-FINAL-CA0082000H1[2005-01-11].gz,H1
Imports,610459,COMTRADE-FINAL-CA0082000H1[2005-01-11].gz,H1
Imports,610461,COMTRADE-FINAL-CA0082000H1[2005-01-11].gz,H1
Imports,610462,COMTRADE-FINAL-CA0082000H1[2005-01-11].gz,H1
Imports,610463,COMTRADE-FINAL-CA0082000H1[2005-01-11].gz,H1
Imports,610469,COMTRADE-FINAL-CA0082000H1[2005-01-11].gz,H1
Imports,610510,COMTRADE-FINAL-CA0082000H1[2005-01-11].gz,H1
Imports,610520,COMTRADE-FINAL-CA0082000H1[2005-01-11].gz,H1
Imports,610590,COMTRADE-FINAL-CA0082000H1[2005-01-11].gz,H1
Imports,610610,COMTRADE-FINAL-CA0082000H1[2005-01-11].gz,H1
Imports,610620,COMTRADE-FINAL-CA0082000H1[2005-01-11].gz,H1
Imports,610690,COMTRADE-FINAL-CA0082000H1[2005-01-11].gz,H1
Imports,610711,COMTRADE-FINAL-CA0082000H1[2005-01-11].gz,H1
Imports,610712,COMTRADE-FINAL-CA0082000H1[2005-01-11].gz,H1
Imports,610719,COMTRADE-FINAL-CA0082000H1[2005-01-11].gz,H1
Imports,610721,COMTRADE-FINAL-CA0082000H1[2005-01-11].gz,H1
Imports,610722,COMTRADE-FINAL-CA0082000H1[2005-01-11].gz,H1
Imports,610729,COMTRADE-FINAL-CA0082000H1[2005-01-11].gz,H1
Imports,610791,COMTRADE-FINAL-CA0082000H1[2005-01-11].gz,H1
Imports,610792,COMTRADE-FINAL-CA0082000H1[2005-01-11].gz,H1
Imports,610799,COMTRADE-FINAL-CA0082000H1[2005-01-11].gz,H1
Imports,610811,COMTRADE-FINAL-CA0082000H1[2005-01-11].gz,H1
Imports,610819,COMTRADE-FINAL-CA0082000H1[2005-01-11].gz,H1
Imports,610821,COMTRADE-FINAL-CA0082000H1[2005-01-11].gz,H1
Imports,610822,COMTRADE-FINAL-CA0082000H1[2005-01-11].gz,H1
Imports,610829,COMTRADE-FINAL-CA0082000H1[2005-01-11].gz,H1
Imports,610831,COMTRADE-FINAL-CA0082000H1[2005-01-11].gz,H1
Imports,610832,COMTRADE-FINAL-CA0082000H1[2005-01-11].gz,H1
Imports,610839,COMTRADE-FINAL-CA0082000H1[2005-01-11].gz,H1
Imports,610891,COMTRADE-FINAL-CA0082000H1[2005-01-11].gz,H1
Imports,610899,COMTRADE-FINAL-CA0082000H1[2005-01-11].gz,H1
Imports,610990,COMTRADE-FINAL-CA0082000H1[2005-01-11].gz,H1
Imports,611010,COMTRADE-FINAL-CA0082000H1[2005-01-11].gz,H1
Imports,611020,COMTRADE-FINAL-CA0082000H1[2005-01-11].gz,H1
Imports,611030,COMTRADE-FINAL-CA0082000H1[2005-01-11].gz,H1
Imports,611090,COMTRADE-FINAL-CA0082000H1[2005-01-11].gz,H1
Imports,611110,COMTRADE-FINAL-CA0082000H1[2005-01-11].gz,H1
Imports,611120,COMTRADE-FINAL-CA0082000H1[2005-01-11].gz,H1
Imports,611130,COMTRADE-FINAL-CA0082000H1[2005-01-11].gz,H1
Imports,611190,COMTRADE-FINAL-CA0082000H1[2005-01-11].gz,H1
Imports,611211,COMTRADE-FINAL-CA0082000H1[2005-01-11].gz,H1
Imports,611212,COMTRADE-FINAL-CA0082000H1[2005-01-11].gz,H1
Imports,611219,COMTRADE-FINAL-CA0082000H1[2005-01-11].gz,H1
Imports,611231,COMTRADE-FINAL-CA0082000H1[2005-01-11].gz,H1
Imports,611239,COMTRADE-FINAL-CA0082000H1[2005-01-11].gz,H1
Imports,611241,COMTRADE-FINAL-CA0082000H1[2005-01-11].gz,H1
Imports,611249,COMTRADE-FINAL-CA0082000H1[2005-01-11].gz,H1
Imports,611300,COMTRADE-FINAL-CA0082000H1[2005-01-11].gz,H1
Imports,611420,COMTRADE-FINAL-CA0082000H1[2005-01-11].gz,H1
Imports,611430,COMTRADE-FINAL-CA0082000H1[2005-01-11].gz,H1
Imports,611490,COMTRADE-FINAL-CA0082000H1[2005-01-11].gz,H1
Imports,611511,COMTRADE-FINAL-CA0082000H1[2005-01-11].gz,H1
Imports,611512,COMTRADE-FINAL-CA0082000H1[2005-01-11].gz,H1
Imports,611519,COMTRADE-FINAL-CA0082000H1[2005-01-11].gz,H1
Imports,611520,COMTRADE-FINAL-CA0082000H1[2005-01-11].gz,H1
Imports,611591,COMTRADE-FINAL-CA0082000H1[2005-01-11].gz,H1
Imports,611592,COMTRADE-FINAL-CA0082000H1[2005-01-11].gz,H1
Imports,611593,COMTRADE-FINAL-CA0082000H1[2005-01-11].gz,H1
Imports,611599,COMTRADE-FINAL-CA0082000H1[2005-01-11].gz,H1
Imports,611610,COMTRADE-FINAL-CA0082000H1[2005-01-11].gz,H1
Imports,611691,COMTRADE-FINAL-CA0082000H1[2005-01-11].gz,H1
Imports,611692,COMTRADE-FINAL-CA0082000H1[2005-01-11].gz,H1
Imports,611693,COMTRADE-FINAL-CA0082000H1[2005-01-11].gz,H1
Imports,611699,COMTRADE-FINAL-CA0082000H1[2005-01-11].gz,H1
Imports,611710,COMTRADE-FINAL-CA0082000H1[2005-01-11].gz,H1
Imports,611720,COMTRADE-FINAL-CA0082000H1[2005-01-11].gz,H1
Imports,611780,COMTRADE-FINAL-CA0082000H1[2005-01-11].gz,H1
Imports,611790,COMTRADE-FINAL-CA0082000H1[2005-01-11].gz,H1
Imports,620111,COMTRADE-FINAL-CA0082000H1[2005-01-11].gz,H1
Imports,620112,COMTRADE-FINAL-CA0082000H1[2005-01-11].gz,H1
Imports,620113,COMTRADE-FINAL-CA0082000H1[2005-01-11].gz,H1
Imports,620119,COMTRADE-FINAL-CA0082000H1[2005-01-11].gz,H1
Imports,620191,COMTRADE-FINAL-CA0082000H1[2005-01-11].gz,H1
Imports,620192,COMTRADE-FINAL-CA0082000H1[2005-01-11].gz,H1
Imports,620193,COMTRADE-FINAL-CA0082000H1[2005-01-11].gz,H1
Imports,620199,COMTRADE-FINAL-CA0082000H1[2005-01-11].gz,H1
Imports,620211,COMTRADE-FINAL-CA0082000H1[2005-01-11].gz,H1
Imports,620212,COMTRADE-FINAL-CA0082000H1[2005-01-11].gz,H1
Imports,620213,COMTRADE-FINAL-CA0082000H1[2005-01-11].gz,H1
Imports,620219,COMTRADE-FINAL-CA0082000H1[2005-01-11].gz,H1
Imports,620291,COMTRADE-FINAL-CA0082000H1[2005-01-11].gz,H1
Imports,620292,COMTRADE-FINAL-CA0082000H1[2005-01-11].gz,H1
Imports,620293,COMTRADE-FINAL-CA0082000H1[2005-01-11].gz,H1
Imports,620299,COMTRADE-FINAL-CA0082000H1[2005-01-11].gz,H1
Imports,620311,COMTRADE-FINAL-CA0082000H1[2005-01-11].gz,H1
Imports,620312,COMTRADE-FINAL-CA0082000H1[2005-01-11].gz,H1
Imports,620319,COMTRADE-FINAL-CA0082000H1[2005-01-11].gz,H1
Imports,620321,COMTRADE-FINAL-CA0082000H1[2005-01-11].gz,H1
Imports,620322,COMTRADE-FINAL-CA0082000H1[2005-01-11].gz,H1
Imports,620323,COMTRADE-FINAL-CA0082000H1[2005-01-11].gz,H1
Imports,620329,COMTRADE-FINAL-CA0082000H1[2005-01-11].gz,H1
Imports,620332,COMTRADE-FINAL-CA0082000H1[2005-01-11].gz,H1
Imports,620333,COMTRADE-FINAL-CA0082000H1[2005-01-11].gz,H1
Imports,620339,COMTRADE-FINAL-CA0082000H1[2005-01-11].gz,H1
Imports,620341,COMTRADE-FINAL-CA0082000H1[2005-01-11].gz,H1
Imports,620342,COMTRADE-FINAL-CA0082000H1[2005-01-11].gz,H1
Imports,620343,COMTRADE-FINAL-CA0082000H1[2005-01-11].gz,H1
Imports,620349,COMTRADE-FINAL-CA0082000H1[2005-01-11].gz,H1
Imports,620411,COMTRADE-FINAL-CA0082000H1[2005-01-11].gz,H1
Imports,620412,COMTRADE-FINAL-CA0082000H1[2005-01-11].gz,H1
Imports,620413,COMTRADE-FINAL-CA0082000H1[2005-01-11].gz,H1
Imports,620419,COMTRADE-FINAL-CA0082000H1[2005-01-11].gz,H1
Imports,620421,COMTRADE-FINAL-CA0082000H1[2005-01-11].gz,H1
Imports,620422,COMTRADE-FINAL-CA0082000H1[2005-01-11].gz,H1
Imports,620423,COMTRADE-FINAL-CA0082000H1[2005-01-11].gz,H1
Imports,620429,COMTRADE-FINAL-CA0082000H1[2005-01-11].gz,H1
Imports,620431,COMTRADE-FINAL-CA0082000H1[2005-01-11].gz,H1
Imports,620432,COMTRADE-FINAL-CA0082000H1[2005-01-11].gz,H1
Imports,620433,COMTRADE-FINAL-CA0082000H1[2005-01-11].gz,H1
Imports,620439,COMTRADE-FINAL-CA0082000H1[2005-01-11].gz,H1
Imports,620442,COMTRADE-FINAL-CA0082000H1[2005-01-11].gz,H1
Imports,620443,COMTRADE-FINAL-CA0082000H1[2005-01-11].gz,H1
Imports,620444,COMTRADE-FINAL-CA0082000H1[2005-01-11].gz,H1
Imports,620449,COMTRADE-FINAL-CA0082000H1[2005-01-11].gz,H1
Imports,620451,COMTRADE-FINAL-CA0082000H1[2005-01-11].gz,H1
Imports,620452,COMTRADE-FINAL-CA0082000H1[2005-01-11].gz,H1
Imports,620453,COMTRADE-FINAL-CA0082000H1[2005-01-11].gz,H1
Imports,620459,COMTRADE-FINAL-CA0082000H1[2005-01-11].gz,H1
Imports,620461,COMTRADE-FINAL-CA0082000H1[2005-01-11].gz,H1
Imports,620462,COMTRADE-FINAL-CA0082000H1[2005-01-11].gz,H1
Imports,620463,COMTRADE-FINAL-CA0082000H1[2005-01-11].gz,H1
Imports,620469,COMTRADE-FINAL-CA0082000H1[2005-01-11].gz,H1
Imports,620510,COMTRADE-FINAL-CA0082000H1[2005-01-11].gz,H1
Imports,620520,COMTRADE-FINAL-CA0082000H1[2005-01-11].gz,H1
Imports,620530,COMTRADE-FINAL-CA0082000H1[2005-01-11].gz,H1
Imports,620590,COMTRADE-FINAL-CA0082000H1[2005-01-11].gz,H1
Imports,620610,COMTRADE-FINAL-CA0082000H1[2005-01-11].gz,H1
Imports,620620,COMTRADE-FINAL-CA0082000H1[2005-01-11].gz,H1
Imports,620630,COMTRADE-FINAL-CA0082000H1[2005-01-11].gz,H1
Imports,620640,COMTRADE-FINAL-CA0082000H1[2005-01-11].gz,H1
Imports,620690,COMTRADE-FINAL-CA0082000H1[2005-01-11].gz,H1
Imports,620711,COMTRADE-FINAL-CA0082000H1[2005-01-11].gz,H1
Imports,620719,COMTRADE-FINAL-CA0082000H1[2005-01-11].gz,H1
Imports,620721,COMTRADE-FINAL-CA0082000H1[2005-01-11].gz,H1
Imports,620722,COMTRADE-FINAL-CA0082000H1[2005-01-11].gz,H1
Imports,620729,COMTRADE-FINAL-CA0082000H1[2005-01-11].gz,H1
Imports,620791,COMTRADE-FINAL-CA0082000H1[2005-01-11].gz,H1
Imports,620792,COMTRADE-FINAL-CA0082000H1[2005-01-11].gz,H1
Imports,620799,COMTRADE-FINAL-CA0082000H1[2005-01-11].gz,H1
Imports,620811,COMTRADE-FINAL-CA0082000H1[2005-01-11].gz,H1
Imports,620819,COMTRADE-FINAL-CA0082000H1[2005-01-11].gz,H1
Imports,620821,COMTRADE-FINAL-CA0082000H1[2005-01-11].gz,H1
Imports,620822,COMTRADE-FINAL-CA0082000H1[2005-01-11].gz,H1
Imports,620829,COMTRADE-FINAL-CA0082000H1[2005-01-11].gz,H1
Imports,620891,COMTRADE-FINAL-CA0082000H1[2005-01-11].gz,H1
Imports,620892,COMTRADE-FINAL-CA0082000H1[2005-01-11].gz,H1
Imports,620899,COMTRADE-FINAL-CA0082000H1[2005-01-11].gz,H1
Imports,620910,COMTRADE-FINAL-CA0082000H1[2005-01-11].gz,H1
Imports,620920,COMTRADE-FINAL-CA0082000H1[2005-01-11].gz,H1
Imports,620930,COMTRADE-FINAL-CA0082000H1[2005-01-11].gz,H1
Imports,620990,COMTRADE-FINAL-CA0082000H1[2005-01-11].gz,H1
Imports,621010,COMTRADE-FINAL-CA0082000H1[2005-01-11].gz,H1
Imports,621020,COMTRADE-FINAL-CA0082000H1[2005-01-11].gz,H1
Imports,621040,COMTRADE-FINAL-CA0082000H1[2005-01-11].gz,H1
Imports,621050,COMTRADE-FINAL-CA0082000H1[2005-01-11].gz,H1
Imports,621111,COMTRADE-FINAL-CA0082000H1[2005-01-11].gz,H1
Imports,621112,COMTRADE-FINAL-CA0082000H1[2005-01-11].gz,H1
Imports,621131,COMTRADE-FINAL-CA0082000H1[2005-01-11].gz,H1
Imports,621132,COMTRADE-FINAL-CA0082000H1[2005-01-11].gz,H1
Imports,621133,COMTRADE-FINAL-CA0082000H1[2005-01-11].gz,H1
Imports,621139,COMTRADE-FINAL-CA0082000H1[2005-01-11].gz,H1
Imports,621141,COMTRADE-FINAL-CA0082000H1[2005-01-11].gz,H1
Imports,621142,COMTRADE-FINAL-CA0082000H1[2005-01-11].gz,H1
Imports,621143,COMTRADE-FINAL-CA0082000H1[2005-01-11].gz,H1
Imports,621149,COMTRADE-FINAL-CA0082000H1[2005-01-11].gz,H1
Imports,621210,COMTRADE-FINAL-CA0082000H1[2005-01-11].gz,H1
Imports,621220,COMTRADE-FINAL-CA0082000H1[2005-01-11].gz,H1
Imports,621230,COMTRADE-FINAL-CA0082000H1[2005-01-11].gz,H1
Imports,621290,COMTRADE-FINAL-CA0082000H1[2005-01-11].gz,H1
Imports,621310,COMTRADE-FINAL-CA0082000H1[2005-01-11].gz,H1
Imports,621320,COMTRADE-FINAL-CA0082000H1[2005-01-11].gz,H1
Imports,621390,COMTRADE-FINAL-CA0082000H1[2005-01-11].gz,H1
Imports,621410,COMTRADE-FINAL-CA0082000H1[2005-01-11].gz,H1
Imports,621420,COMTRADE-FINAL-CA0082000H1[2005-01-11].gz,H1
Imports,621430,COMTRADE-FINAL-CA0082000H1[2005-01-11].gz,H1
Imports,621440,COMTRADE-FINAL-CA0082000H1[2005-01-11].gz,H1
Imports,621490,COMTRADE-FINAL-CA0082000H1[2005-01-11].gz,H1
Imports,621520,COMTRADE-FINAL-CA0082000H1[2005-01-11].gz,H1
Imports,621590,COMTRADE-FINAL-CA0082000H1[2005-01-11].gz,H1
Imports,621600,COMTRADE-FINAL-CA0082000H1[2005-01-11].gz,H1
Imports,621710,COMTRADE-FINAL-CA0082000H1[2005-01-11].gz,H1
Imports,621790,COMTRADE-FINAL-CA0082000H1[2005-01-11].gz,H1
Imports,630110,COMTRADE-FINAL-CA0082000H1[2005-01-11].gz,H1
Imports,630120,COMTRADE-FINAL-CA0082000H1[2005-01-11].gz,H1
Imports,630130,COMTRADE-FINAL-CA0082000H1[2005-01-11].gz,H1
Imports,630140,COMTRADE-FINAL-CA0082000H1[2005-01-11].gz,H1
Imports,630190,COMTRADE-FINAL-CA0082000H1[2005-01-11].gz,H1
Imports,630210,COMTRADE-FINAL-CA0082000H1[2005-01-11].gz,H1
Imports,630221,COMTRADE-FINAL-CA0082000H1[2005-01-11].gz,H1
Imports,630222,COMTRADE-FINAL-CA0082000H1[2005-01-11].gz,H1
Imports,630229,COMTRADE-FINAL-CA0082000H1[2005-01-11].gz,H1
Imports,630231,COMTRADE-FINAL-CA0082000H1[2005-01-11].gz,H1
Imports,630232,COMTRADE-FINAL-CA0082000H1[2005-01-11].gz,H1
Imports,630239,COMTRADE-FINAL-CA0082000H1[2005-01-11].gz,H1
Imports,630240,COMTRADE-FINAL-CA0082000H1[2005-01-11].gz,H1
Imports,630251,COMTRADE-FINAL-CA0082000H1[2005-01-11].gz,H1
Imports,630253,COMTRADE-FINAL-CA0082000H1[2005-01-11].gz,H1
Imports,630259,COMTRADE-FINAL-CA0082000H1[2005-01-11].gz,H1
Imports,630260,COMTRADE-FINAL-CA0082000H1[2005-01-11].gz,H1
Imports,630291,COMTRADE-FINAL-CA0082000H1[2005-01-11].gz,H1
Imports,630293,COMTRADE-FINAL-CA0082000H1[2005-01-11].gz,H1
Imports,630299,COMTRADE-FINAL-CA0082000H1[2005-01-11].gz,H1
Imports,630312,COMTRADE-FINAL-CA0082000H1[2005-01-11].gz,H1
Imports,630319,COMTRADE-FINAL-CA0082000H1[2005-01-11].gz,H1
Imports,630392,COMTRADE-FINAL-CA0082000H1[2005-01-11].gz,H1
Imports,630399,COMTRADE-FINAL-CA0082000H1[2005-01-11].gz,H1
Imports,630411,COMTRADE-FINAL-CA0082000H1[2005-01-11].gz,H1
Imports,630419,COMTRADE-FINAL-CA0082000H1[2005-01-11].gz,H1
Imports,630491,COMTRADE-FINAL-CA0082000H1[2005-01-11].gz,H1
Imports,630492,COMTRADE-FINAL-CA0082000H1[2005-01-11].gz,H1
Imports,630493,COMTRADE-FINAL-CA0082000H1[2005-01-11].gz,H1
Imports,630499,COMTRADE-FINAL-CA0082000H1[2005-01-11].gz,H1
Imports,630510,COMTRADE-FINAL-CA0082000H1[2005-01-11].gz,H1
Imports,630520,COMTRADE-FINAL-CA0082000H1[2005-01-11].gz,H1
Imports,630532,COMTRADE-FINAL-CA0082000H1[2005-01-11].gz,H1
Imports,630533,COMTRADE-FINAL-CA0082000H1[2005-01-11].gz,H1
Imports,630539,COMTRADE-FINAL-CA0082000H1[2005-01-11].gz,H1
Imports,630590,COMTRADE-FINAL-CA0082000H1[2005-01-11].gz,H1
Imports,630611,COMTRADE-FINAL-CA0082000H1[2005-01-11].gz,H1
Imports,630612,COMTRADE-FINAL-CA0082000H1[2005-01-11].gz,H1
Imports,630619,COMTRADE-FINAL-CA0082000H1[2005-01-11].gz,H1
Imports,630622,COMTRADE-FINAL-CA0082000H1[2005-01-11].gz,H1
Imports,630629,COMTRADE-FINAL-CA0082000H1[2005-01-11].gz,H1
Imports,630631,COMTRADE-FINAL-CA0082000H1[2005-01-11].gz,H1
Imports,630699,COMTRADE-FINAL-CA0082000H1[2005-01-11].gz,H1
Imports,630710,COMTRADE-FINAL-CA0082000H1[2005-01-11].gz,H1
Imports,630720,COMTRADE-FINAL-CA0082000H1[2005-01-11].gz,H1
Imports,630790,COMTRADE-FINAL-CA0082000H1[2005-01-11].gz,H1
Imports,630800,COMTRADE-FINAL-CA0082000H1[2005-01-11].gz,H1
Imports,630900,COMTRADE-FINAL-CA0082000H1[2005-01-11].gz,H1
Imports,631010,COMTRADE-FINAL-CA0082000H1[2005-01-11].gz,H1
Imports,631090,COMTRADE-FINAL-CA0082000H1[2005-01-11].gz,H1
Imports,640110,COMTRADE-FINAL-CA0082000H1[2005-01-11].gz,H1
Imports,640191,COMTRADE-FINAL-CA0082000H1[2005-01-11].gz,H1
Imports,640192,COMTRADE-FINAL-CA0082000H1[2005-01-11].gz,H1
Imports,640199,COMTRADE-FINAL-CA0082000H1[2005-01-11].gz,H1
Imports,640212,COMTRADE-FINAL-CA0082000H1[2005-01-11].gz,H1
Imports,640219,COMTRADE-FINAL-CA0082000H1[2005-01-11].gz,H1
Imports,640220,COMTRADE-FINAL-CA0082000H1[2005-01-11].gz,H1
Imports,640230,COMTRADE-FINAL-CA0082000H1[2005-01-11].gz,H1
Imports,640291,COMTRADE-FINAL-CA0082000H1[2005-01-11].gz,H1
Imports,640299,COMTRADE-FINAL-CA0082000H1[2005-01-11].gz,H1
Imports,640319,COMTRADE-FINAL-CA0082000H1[2005-01-11].gz,H1
Imports,640320,COMTRADE-FINAL-CA0082000H1[2005-01-11].gz,H1
Imports,640340,COMTRADE-FINAL-CA0082000H1[2005-01-11].gz,H1
Imports,640351,COMTRADE-FINAL-CA0082000H1[2005-01-11].gz,H1
Imports,640359,COMTRADE-FINAL-CA0082000H1[2005-01-11].gz,H1
Imports,640391,COMTRADE-FINAL-CA0082000H1[2005-01-11].gz,H1
Imports,640399,COMTRADE-FINAL-CA0082000H1[2005-01-11].gz,H1
Imports,640411,COMTRADE-FINAL-CA0082000H1[2005-01-11].gz,H1
Imports,640419,COMTRADE-FINAL-CA0082000H1[2005-01-11].gz,H1
Imports,640420,COMTRADE-FINAL-CA0082000H1[2005-01-11].gz,H1
Imports,640510,COMTRADE-FINAL-CA0082000H1[2005-01-11].gz,H1
Imports,640520,COMTRADE-FINAL-CA0082000H1[2005-01-11].gz,H1
Imports,640590,COMTRADE-FINAL-CA0082000H1[2005-01-11].gz,H1
Imports,640610,COMTRADE-FINAL-CA0082000H1[2005-01-11].gz,H1
Imports,640620,COMTRADE-FINAL-CA0082000H1[2005-01-11].gz,H1
Imports,640691,COMTRADE-FINAL-CA0082000H1[2005-01-11].gz,H1
Imports,640699,COMTRADE-FINAL-CA0082000H1[2005-01-11].gz,H1
Imports,650100,COMTRADE-FINAL-CA0082000H1[2005-01-11].gz,H1
Imports,650300,COMTRADE-FINAL-CA0082000H1[2005-01-11].gz,H1
Imports,650400,COMTRADE-FINAL-CA0082000H1[2005-01-11].gz,H1
Imports,650590,COMTRADE-FINAL-CA0082000H1[2005-01-11].gz,H1
Imports,650610,COMTRADE-FINAL-CA0082000H1[2005-01-11].gz,H1
Imports,650699,COMTRADE-FINAL-CA0082000H1[2005-01-11].gz,H1
Imports,650700,COMTRADE-FINAL-CA0082000H1[2005-01-11].gz,H1
Imports,660110,COMTRADE-FINAL-CA0082000H1[2005-01-11].gz,H1
Imports,660191,COMTRADE-FINAL-CA0082000H1[2005-01-11].gz,H1
Imports,660199,COMTRADE-FINAL-CA0082000H1[2005-01-11].gz,H1
Imports,660200,COMTRADE-FINAL-CA0082000H1[2005-01-11].gz,H1
Imports,660310,COMTRADE-FINAL-CA0082000H1[2005-01-11].gz,H1
Imports,660390,COMTRADE-FINAL-CA0082000H1[2005-01-11].gz,H1
Imports,670100,COMTRADE-FINAL-CA0082000H1[2005-01-11].gz,H1
Imports,670210,COMTRADE-FINAL-CA0082000H1[2005-01-11].gz,H1
Imports,670290,COMTRADE-FINAL-CA0082000H1[2005-01-11].gz,H1
Imports,670490,COMTRADE-FINAL-CA0082000H1[2005-01-11].gz,H1
Imports,680100,COMTRADE-FINAL-CA0082000H1[2005-01-11].gz,H1
Imports,680210,COMTRADE-FINAL-CA0082000H1[2005-01-11].gz,H1
Imports,680221,COMTRADE-FINAL-CA0082000H1[2005-01-11].gz,H1
Imports,680223,COMTRADE-FINAL-CA0082000H1[2005-01-11].gz,H1
Imports,680229,COMTRADE-FINAL-CA0082000H1[2005-01-11].gz,H1
Imports,680291,COMTRADE-FINAL-CA0082000H1[2005-01-11].gz,H1
Imports,680292,COMTRADE-FINAL-CA0082000H1[2005-01-11].gz,H1
Imports,680293,COMTRADE-FINAL-CA0082000H1[2005-01-11].gz,H1
Imports,680299,COMTRADE-FINAL-CA0082000H1[2005-01-11].gz,H1
Imports,680300,COMTRADE-FINAL-CA0082000H1[2005-01-11].gz,H1
Imports,680410,COMTRADE-FINAL-CA0082000H1[2005-01-11].gz,H1
Imports,680421,COMTRADE-FINAL-CA0082000H1[2005-01-11].gz,H1
Imports,680422,COMTRADE-FINAL-CA0082000H1[2005-01-11].gz,H1
Imports,680423,COMTRADE-FINAL-CA0082000H1[2005-01-11].gz,H1
Imports,680430,COMTRADE-FINAL-CA0082000H1[2005-01-11].gz,H1
Imports,680510,COMTRADE-FINAL-CA0082000H1[2005-01-11].gz,H1
Imports,680520,COMTRADE-FINAL-CA0082000H1[2005-01-11].gz,H1
Imports,680530,COMTRADE-FINAL-CA0082000H1[2005-01-11].gz,H1
Imports,680610,COMTRADE-FINAL-CA0082000H1[2005-01-11].gz,H1
Imports,680620,COMTRADE-FINAL-CA0082000H1[2005-01-11].gz,H1
Imports,680690,COMTRADE-FINAL-CA0082000H1[2005-01-11].gz,H1
Imports,680710,COMTRADE-FINAL-CA0082000H1[2005-01-11].gz,H1
Imports,680790,COMTRADE-FINAL-CA0082000H1[2005-01-11].gz,H1
Imports,680800,COMTRADE-FINAL-CA0082000H1[2005-01-11].gz,H1
Imports,680911,COMTRADE-FINAL-CA0082000H1[2005-01-11].gz,H1
Imports,680919,COMTRADE-FINAL-CA0082000H1[2005-01-11].gz,H1
Imports,680990,COMTRADE-FINAL-CA0082000H1[2005-01-11].gz,H1
Imports,681011,COMTRADE-FINAL-CA0082000H1[2005-01-11].gz,H1
Imports,681019,COMTRADE-FINAL-CA0082000H1[2005-01-11].gz,H1
Imports,681091,COMTRADE-FINAL-CA0082000H1[2005-01-11].gz,H1
Imports,681099,COMTRADE-FINAL-CA0082000H1[2005-01-11].gz,H1
Imports,681110,COMTRADE-FINAL-CA0082000H1[2005-01-11].gz,H1
Imports,681120,COMTRADE-FINAL-CA0082000H1[2005-01-11].gz,H1
Imports,681130,COMTRADE-FINAL-CA0082000H1[2005-01-11].gz,H1
Imports,681190,COMTRADE-FINAL-CA0082000H1[2005-01-11].gz,H1
Imports,681210,COMTRADE-FINAL-CA0082000H1[2005-01-11].gz,H1
Imports,681230,COMTRADE-FINAL-CA0082000H1[2005-01-11].gz,H1
Imports,681250,COMTRADE-FINAL-CA0082000H1[2005-01-11].gz,H1
Imports,681290,COMTRADE-FINAL-CA0082000H1[2005-01-11].gz,H1
Imports,681310,COMTRADE-FINAL-CA0082000H1[2005-01-11].gz,H1
Imports,681390,COMTRADE-FINAL-CA0082000H1[2005-01-11].gz,H1
Imports,681510,COMTRADE-FINAL-CA0082000H1[2005-01-11].gz,H1
Imports,681599,COMTRADE-FINAL-CA0082000H1[2005-01-11].gz,H1
Imports,690100,COMTRADE-FINAL-CA0082000H1[2005-01-11].gz,H1
Imports,690210,COMTRADE-FINAL-CA0082000H1[2005-01-11].gz,H1
Imports,690220,COMTRADE-FINAL-CA0082000H1[2005-01-11].gz,H1
Imports,690290,COMTRADE-FINAL-CA0082000H1[2005-01-11].gz,H1
Imports,690310,COMTRADE-FINAL-CA0082000H1[2005-01-11].gz,H1
Imports,690320,COMTRADE-FINAL-CA0082000H1[2005-01-11].gz,H1
Imports,690390,COMTRADE-FINAL-CA0082000H1[2005-01-11].gz,H1
Imports,690410,COMTRADE-FINAL-CA0082000H1[2005-01-11].gz,H1
Imports,690490,COMTRADE-FINAL-CA0082000H1[2005-01-11].gz,H1
Imports,690510,COMTRADE-FINAL-CA0082000H1[2005-01-11].gz,H1
Imports,690590,COMTRADE-FINAL-CA0082000H1[2005-01-11].gz,H1
Imports,690600,COMTRADE-FINAL-CA0082000H1[2005-01-11].gz,H1
Imports,690710,COMTRADE-FINAL-CA0082000H1[2005-01-11].gz,H1
Imports,690790,COMTRADE-FINAL-CA0082000H1[2005-01-11].gz,H1
Imports,690810,COMTRADE-FINAL-CA0082000H1[2005-01-11].gz,H1
Imports,690890,COMTRADE-FINAL-CA0082000H1[2005-01-11].gz,H1
Imports,690911,COMTRADE-FINAL-CA0082000H1[2005-01-11].gz,H1
Imports,690912,COMTRADE-FINAL-CA0082000H1[2005-01-11].gz,H1
Imports,690919,COMTRADE-FINAL-CA0082000H1[2005-01-11].gz,H1
Imports,690990,COMTRADE-FINAL-CA0082000H1[2005-01-11].gz,H1
Imports,691010,COMTRADE-FINAL-CA0082000H1[2005-01-11].gz,H1
Imports,691090,COMTRADE-FINAL-CA0082000H1[2005-01-11].gz,H1
Imports,691110,COMTRADE-FINAL-CA0082000H1[2005-01-11].gz,H1
Imports,691190,COMTRADE-FINAL-CA0082000H1[2005-01-11].gz,H1
Imports,691200,COMTRADE-FINAL-CA0082000H1[2005-01-11].gz,H1
Imports,691310,COMTRADE-FINAL-CA0082000H1[2005-01-11].gz,H1
Imports,691390,COMTRADE-FINAL-CA0082000H1[2005-01-11].gz,H1
Imports,691410,COMTRADE-FINAL-CA0082000H1[2005-01-11].gz,H1
Imports,691490,COMTRADE-FINAL-CA0082000H1[2005-01-11].gz,H1
Imports,700100,COMTRADE-FINAL-CA0082000H1[2005-01-11].gz,H1
Imports,700220,COMTRADE-FINAL-CA0082000H1[2005-01-11].gz,H1
Imports,700231,COMTRADE-FINAL-CA0082000H1[2005-01-11].gz,H1
Imports,700232,COMTRADE-FINAL-CA0082000H1[2005-01-11].gz,H1
Imports,700239,COMTRADE-FINAL-CA0082000H1[2005-01-11].gz,H1
Imports,700312,COMTRADE-FINAL-CA0082000H1[2005-01-11].gz,H1
Imports,700319,COMTRADE-FINAL-CA0082000H1[2005-01-11].gz,H1
Imports,700320,COMTRADE-FINAL-CA0082000H1[2005-01-11].gz,H1
Imports,700330,COMTRADE-FINAL-CA0082000H1[2005-01-11].gz,H1
Imports,700420,COMTRADE-FINAL-CA0082000H1[2005-01-11].gz,H1
Imports,700490,COMTRADE-FINAL-CA0082000H1[2005-01-11].gz,H1
Imports,700510,COMTRADE-FINAL-CA0082000H1[2005-01-11].gz,H1
Imports,700521,COMTRADE-FINAL-CA0082000H1[2005-01-11].gz,H1
Imports,700529,COMTRADE-FINAL-CA0082000H1[2005-01-11].gz,H1
Imports,700530,COMTRADE-FINAL-CA0082000H1[2005-01-11].gz,H1
Imports,700600,COMTRADE-FINAL-CA0082000H1[2005-01-11].gz,H1
Imports,700711,COMTRADE-FINAL-CA0082000H1[2005-01-11].gz,H1
Imports,700719,COMTRADE-FINAL-CA0082000H1[2005-01-11].gz,H1
Imports,700721,COMTRADE-FINAL-CA0082000H1[2005-01-11].gz,H1
Imports,700729,COMTRADE-FINAL-CA0082000H1[2005-01-11].gz,H1
Imports,700800,COMTRADE-FINAL-CA0082000H1[2005-01-11].gz,H1
Imports,700910,COMTRADE-FINAL-CA0082000H1[2005-01-11].gz,H1
Imports,700991,COMTRADE-FINAL-CA0082000H1[2005-01-11].gz,H1
Imports,700992,COMTRADE-FINAL-CA0082000H1[2005-01-11].gz,H1
Imports,701010,COMTRADE-FINAL-CA0082000H1[2005-01-11].gz,H1
Imports,701020,COMTRADE-FINAL-CA0082000H1[2005-01-11].gz,H1
Imports,701091,COMTRADE-FINAL-CA0082000H1[2005-01-11].gz,H1
Imports,701092,COMTRADE-FINAL-CA0082000H1[2005-01-11].gz,H1
Imports,701093,COMTRADE-FINAL-CA0082000H1[2005-01-11].gz,H1
Imports,701094,COMTRADE-FINAL-CA0082000H1[2005-01-11].gz,H1
Imports,701110,COMTRADE-FINAL-CA0082000H1[2005-01-11].gz,H1
Imports,701190,COMTRADE-FINAL-CA0082000H1[2005-01-11].gz,H1
Imports,701200,COMTRADE-FINAL-CA0082000H1[2005-01-11].gz,H1
Imports,701310,COMTRADE-FINAL-CA0082000H1[2005-01-11].gz,H1
Imports,701321,COMTRADE-FINAL-CA0082000H1[2005-01-11].gz,H1
Imports,701329,COMTRADE-FINAL-CA0082000H1[2005-01-11].gz,H1
Imports,701331,COMTRADE-FINAL-CA0082000H1[2005-01-11].gz,H1
Imports,701339,COMTRADE-FINAL-CA0082000H1[2005-01-11].gz,H1
Imports,701391,COMTRADE-FINAL-CA0082000H1[2005-01-11].gz,H1
Imports,701399,COMTRADE-FINAL-CA0082000H1[2005-01-11].gz,H1
Imports,701400,COMTRADE-FINAL-CA0082000H1[2005-01-11].gz,H1
Imports,701510,COMTRADE-FINAL-CA0082000H1[2005-01-11].gz,H1
Imports,701590,COMTRADE-FINAL-CA0082000H1[2005-01-11].gz,H1
Imports,701610,COMTRADE-FINAL-CA0082000H1[2005-01-11].gz,H1
Imports,701690,COMTRADE-FINAL-CA0082000H1[2005-01-11].gz,H1
Imports,701710,COMTRADE-FINAL-CA0082000H1[2005-01-11].gz,H1
Imports,701720,COMTRADE-FINAL-CA0082000H1[2005-01-11].gz,H1
Imports,701790,COMTRADE-FINAL-CA0082000H1[2005-01-11].gz,H1
Imports,701810,COMTRADE-FINAL-CA0082000H1[2005-01-11].gz,H1
Imports,701820,COMTRADE-FINAL-CA0082000H1[2005-01-11].gz,H1
Imports,701890,COMTRADE-FINAL-CA0082000H1[2005-01-11].gz,H1
Imports,701911,COMTRADE-FINAL-CA0082000H1[2005-01-11].gz,H1
Imports,701912,COMTRADE-FINAL-CA0082000H1[2005-01-11].gz,H1
Imports,701919,COMTRADE-FINAL-CA0082000H1[2005-01-11].gz,H1
Imports,701931,COMTRADE-FINAL-CA0082000H1[2005-01-11].gz,H1
Imports,701932,COMTRADE-FINAL-CA0082000H1[2005-01-11].gz,H1
Imports,701939,COMTRADE-FINAL-CA0082000H1[2005-01-11].gz,H1
Imports,701940,COMTRADE-FINAL-CA0082000H1[2005-01-11].gz,H1
Imports,701959,COMTRADE-FINAL-CA0082000H1[2005-01-11].gz,H1
Imports,701990,COMTRADE-FINAL-CA0082000H1[2005-01-11].gz,H1
Imports,702000,COMTRADE-FINAL-CA0082000H1[2005-01-11].gz,H1
Imports,710490,COMTRADE-FINAL-CA0082000H1[2005-01-11].gz,H1
Imports,710691,COMTRADE-FINAL-CA0082000H1[2005-01-11].gz,H1
Imports,710692,COMTRADE-FINAL-CA0082000H1[2005-01-11].gz,H1
Imports,711019,COMTRADE-FINAL-CA0082000H1[2005-01-11].gz,H1
Imports,711290,COMTRADE-FINAL-CA0082000H1[2005-01-11].gz,H1
Imports,711311,COMTRADE-FINAL-CA0082000H1[2005-01-11].gz,H1
Imports,711319,COMTRADE-FINAL-CA0082000H1[2005-01-11].gz,H1
Imports,711320,COMTRADE-FINAL-CA0082000H1[2005-01-11].gz,H1
Imports,711411,COMTRADE-FINAL-CA0082000H1[2005-01-11].gz,H1
Imports,711419,COMTRADE-FINAL-CA0082000H1[2005-01-11].gz,H1
Imports,711420,COMTRADE-FINAL-CA0082000H1[2005-01-11].gz,H1
Imports,711590,COMTRADE-FINAL-CA0082000H1[2005-01-11].gz,H1
Imports,711711,COMTRADE-FINAL-CA0082000H1[2005-01-11].gz,H1
Imports,711719,COMTRADE-FINAL-CA0082000H1[2005-01-11].gz,H1
Imports,711790,COMTRADE-FINAL-CA0082000H1[2005-01-11].gz,H1
Imports,711810,COMTRADE-FINAL-CA0082000H1[2005-01-11].gz,H1
Imports,720219,COMTRADE-FINAL-CA0082000H1[2005-01-11].gz,H1
Imports,720221,COMTRADE-FINAL-CA0082000H1[2005-01-11].gz,H1
Imports,720229,COMTRADE-FINAL-CA0082000H1[2005-01-11].gz,H1
Imports,720230,COMTRADE-FINAL-CA0082000H1[2005-01-11].gz,H1
Imports,720410,COMTRADE-FINAL-CA0082000H1[2005-01-11].gz,H1
Imports,720421,COMTRADE-FINAL-CA0082000H1[2005-01-11].gz,H1
Imports,720610,COMTRADE-FINAL-CA0082000H1[2005-01-11].gz,H1
Imports,720690,COMTRADE-FINAL-CA0082000H1[2005-01-11].gz,H1
Imports,720711,COMTRADE-FINAL-CA0082000H1[2005-01-11].gz,H1
Imports,720712,COMTRADE-FINAL-CA0082000H1[2005-01-11].gz,H1
Imports,720719,COMTRADE-FINAL-CA0082000H1[2005-01-11].gz,H1
Imports,720720,COMTRADE-FINAL-CA0082000H1[2005-01-11].gz,H1
Imports,720825,COMTRADE-FINAL-CA0082000H1[2005-01-11].gz,H1
Imports,720826,COMTRADE-FINAL-CA0082000H1[2005-01-11].gz,H1
Imports,720827,COMTRADE-FINAL-CA0082000H1[2005-01-11].gz,H1
Imports,720836,COMTRADE-FINAL-CA0082000H1[2005-01-11].gz,H1
Imports,720837,COMTRADE-FINAL-CA0082000H1[2005-01-11].gz,H1
Imports,720838,COMTRADE-FINAL-CA0082000H1[2005-01-11].gz,H1
Imports,720839,COMTRADE-FINAL-CA0082000H1[2005-01-11].gz,H1
Imports,720840,COMTRADE-FINAL-CA0082000H1[2005-01-11].gz,H1
Imports,720851,COMTRADE-FINAL-CA0082000H1[2005-01-11].gz,H1
Imports,720852,COMTRADE-FINAL-CA0082000H1[2005-01-11].gz,H1
Imports,720853,COMTRADE-FINAL-CA0082000H1[2005-01-11].gz,H1
Imports,720854,COMTRADE-FINAL-CA0082000H1[2005-01-11].gz,H1
Imports,720890,COMTRADE-FINAL-CA0082000H1[2005-01-11].gz,H1
Imports,720915,COMTRADE-FINAL-CA0082000H1[2005-01-11].gz,H1
Imports,720916,COMTRADE-FINAL-CA0082000H1[2005-01-11].gz,H1
Imports,720917,COMTRADE-FINAL-CA0082000H1[2005-01-11].gz,H1
Imports,720918,COMTRADE-FINAL-CA0082000H1[2005-01-11].gz,H1
Imports,720925,COMTRADE-FINAL-CA0082000H1[2005-01-11].gz,H1
Imports,720926,COMTRADE-FINAL-CA0082000H1[2005-01-11].gz,H1
Imports,720990,COMTRADE-FINAL-CA0082000H1[2005-01-11].gz,H1
Imports,721011,COMTRADE-FINAL-CA0082000H1[2005-01-11].gz,H1
Imports,721012,COMTRADE-FINAL-CA0082000H1[2005-01-11].gz,H1
Imports,721020,COMTRADE-FINAL-CA0082000H1[2005-01-11].gz,H1
Imports,721030,COMTRADE-FINAL-CA0082000H1[2005-01-11].gz,H1
Imports,721041,COMTRADE-FINAL-CA0082000H1[2005-01-11].gz,H1
Imports,721049,COMTRADE-FINAL-CA0082000H1[2005-01-11].gz,H1
Imports,721061,COMTRADE-FINAL-CA0082000H1[2005-01-11].gz,H1
Imports,721069,COMTRADE-FINAL-CA0082000H1[2005-01-11].gz,H1
Imports,721070,COMTRADE-FINAL-CA0082000H1[2005-01-11].gz,H1
Imports,721090,COMTRADE-FINAL-CA0082000H1[2005-01-11].gz,H1
Imports,721113,COMTRADE-FINAL-CA0082000H1[2005-01-11].gz,H1
Imports,721114,COMTRADE-FINAL-CA0082000H1[2005-01-11].gz,H1
Imports,721119,COMTRADE-FINAL-CA0082000H1[2005-01-11].gz,H1
Imports,721123,COMTRADE-FINAL-CA0082000H1[2005-01-11].gz,H1
Imports,721190,COMTRADE-FINAL-CA0082000H1[2005-01-11].gz,H1
Imports,721210,COMTRADE-FINAL-CA0082000H1[2005-01-11].gz,H1
Imports,721220,COMTRADE-FINAL-CA0082000H1[2005-01-11].gz,H1
Imports,721230,COMTRADE-FINAL-CA0082000H1[2005-01-11].gz,H1
Imports,721240,COMTRADE-FINAL-CA0082000H1[2005-01-11].gz,H1
Imports,721250,COMTRADE-FINAL-CA0082000H1[2005-01-11].gz,H1
Imports,721260,COMTRADE-FINAL-CA0082000H1[2005-01-11].gz,H1
Imports,721310,COMTRADE-FINAL-CA0082000H1[2005-01-11].gz,H1
Imports,721320,COMTRADE-FINAL-CA0082000H1[2005-01-11].gz,H1
Imports,721391,COMTRADE-FINAL-CA0082000H1[2005-01-11].gz,H1
Imports,721399,COMTRADE-FINAL-CA0082000H1[2005-01-11].gz,H1
Imports,721410,COMTRADE-FINAL-CA0082000H1[2005-01-11].gz,H1
Imports,721420,COMTRADE-FINAL-CA0082000H1[2005-01-11].gz,H1
Imports,721430,COMTRADE-FINAL-CA0082000H1[2005-01-11].gz,H1
Imports,721491,COMTRADE-FINAL-CA0082000H1[2005-01-11].gz,H1
Imports,721499,COMTRADE-FINAL-CA0082000H1[2005-01-11].gz,H1
Imports,721510,COMTRADE-FINAL-CA0082000H1[2005-01-11].gz,H1
Imports,721550,COMTRADE-FINAL-CA0082000H1[2005-01-11].gz,H1
Imports,721590,COMTRADE-FINAL-CA0082000H1[2005-01-11].gz,H1
Imports,721610,COMTRADE-FINAL-CA0082000H1[2005-01-11].gz,H1
Imports,721621,COMTRADE-FINAL-CA0082000H1[2005-01-11].gz,H1
Imports,721622,COMTRADE-FINAL-CA0082000H1[2005-01-11].gz,H1
Imports,721631,COMTRADE-FINAL-CA0082000H1[2005-01-11].gz,H1
Imports,721632,COMTRADE-FINAL-CA0082000H1[2005-01-11].gz,H1
Imports,721633,COMTRADE-FINAL-CA0082000H1[2005-01-11].gz,H1
Imports,721640,COMTRADE-FINAL-CA0082000H1[2005-01-11].gz,H1
Imports,721650,COMTRADE-FINAL-CA0082000H1[2005-01-11].gz,H1
Imports,721661,COMTRADE-FINAL-CA0082000H1[2005-01-11].gz,H1
Imports,721669,COMTRADE-FINAL-CA0082000H1[2005-01-11].gz,H1
Imports,721691,COMTRADE-FINAL-CA0082000H1[2005-01-11].gz,H1
Imports,721699,COMTRADE-FINAL-CA0082000H1[2005-01-11].gz,H1
Imports,721710,COMTRADE-FINAL-CA0082000H1[2005-01-11].gz,H1
Imports,721720,COMTRADE-FINAL-CA0082000H1[2005-01-11].gz,H1
Imports,721730,COMTRADE-FINAL-CA0082000H1[2005-01-11].gz,H1
Imports,721790,COMTRADE-FINAL-CA0082000H1[2005-01-11].gz,H1
Imports,721810,COMTRADE-FINAL-CA0082000H1[2005-01-11].gz,H1
Imports,721899,COMTRADE-FINAL-CA0082000H1[2005-01-11].gz,H1
Imports,721911,COMTRADE-FINAL-CA0082000H1[2005-01-11].gz,H1
Imports,721912,COMTRADE-FINAL-CA0082000H1[2005-01-11].gz,H1
Imports,721914,COMTRADE-FINAL-CA0082000H1[2005-01-11].gz,H1
Imports,721921,COMTRADE-FINAL-CA0082000H1[2005-01-11].gz,H1
Imports,721924,COMTRADE-FINAL-CA0082000H1[2005-01-11].gz,H1
Imports,721932,COMTRADE-FINAL-CA0082000H1[2005-01-11].gz,H1
Imports,721933,COMTRADE-FINAL-CA0082000H1[2005-01-11].gz,H1
Imports,721934,COMTRADE-FINAL-CA0082000H1[2005-01-11].gz,H1
Imports,721990,COMTRADE-FINAL-CA0082000H1[2005-01-11].gz,H1
Imports,722012,COMTRADE-FINAL-CA0082000H1[2005-01-11].gz,H1
Imports,722090,COMTRADE-FINAL-CA0082000H1[2005-01-11].gz,H1
Imports,722220,COMTRADE-FINAL-CA0082000H1[2005-01-11].gz,H1
Imports,722230,COMTRADE-FINAL-CA0082000H1[2005-01-11].gz,H1
Imports,722240,COMTRADE-FINAL-CA0082000H1[2005-01-11].gz,H1
Imports,722300,COMTRADE-FINAL-CA0082000H1[2005-01-11].gz,H1
Imports,722410,COMTRADE-FINAL-CA0082000H1[2005-01-11].gz,H1
Imports,722490,COMTRADE-FINAL-CA0082000H1[2005-01-11].gz,H1
Imports,722519,COMTRADE-FINAL-CA0082000H1[2005-01-11].gz,H1
Imports,722520,COMTRADE-FINAL-CA0082000H1[2005-01-11].gz,H1
Imports,722540,COMTRADE-FINAL-CA0082000H1[2005-01-11].gz,H1
Imports,722550,COMTRADE-FINAL-CA0082000H1[2005-01-11].gz,H1
Imports,722591,COMTRADE-FINAL-CA0082000H1[2005-01-11].gz,H1
Imports,722592,COMTRADE-FINAL-CA0082000H1[2005-01-11].gz,H1
Imports,722599,COMTRADE-FINAL-CA0082000H1[2005-01-11].gz,H1
Imports,722611,COMTRADE-FINAL-CA0082000H1[2005-01-11].gz,H1
Imports,722619,COMTRADE-FINAL-CA0082000H1[2005-01-11].gz,H1
Imports,722620,COMTRADE-FINAL-CA0082000H1[2005-01-11].gz,H1
Imports,722691,COMTRADE-FINAL-CA0082000H1[2005-01-11].gz,H1
Imports,722694,COMTRADE-FINAL-CA0082000H1[2005-01-11].gz,H1
Imports,722699,COMTRADE-FINAL-CA0082000H1[2005-01-11].gz,H1
Imports,722790,COMTRADE-FINAL-CA0082000H1[2005-01-11].gz,H1
Imports,722810,COMTRADE-FINAL-CA0082000H1[2005-01-11].gz,H1
Imports,722820,COMTRADE-FINAL-CA0082000H1[2005-01-11].gz,H1
Imports,722830,COMTRADE-FINAL-CA0082000H1[2005-01-11].gz,H1
Imports,722840,COMTRADE-FINAL-CA0082000H1[2005-01-11].gz,H1
Imports,722860,COMTRADE-FINAL-CA0082000H1[2005-01-11].gz,H1
Imports,722870,COMTRADE-FINAL-CA0082000H1[2005-01-11].gz,H1
Imports,722910,COMTRADE-FINAL-CA0082000H1[2005-01-11].gz,H1
Imports,722990,COMTRADE-FINAL-CA0082000H1[2005-01-11].gz,H1
Imports,730110,COMTRADE-FINAL-CA0082000H1[2005-01-11].gz,H1
Imports,730120,COMTRADE-FINAL-CA0082000H1[2005-01-11].gz,H1
Imports,730210,COMTRADE-FINAL-CA0082000H1[2005-01-11].gz,H1
Imports,730220,COMTRADE-FINAL-CA0082000H1[2005-01-11].gz,H1
Imports,730240,COMTRADE-FINAL-CA0082000H1[2005-01-11].gz,H1
Imports,730290,COMTRADE-FINAL-CA0082000H1[2005-01-11].gz,H1
Imports,730300,COMTRADE-FINAL-CA0082000H1[2005-01-11].gz,H1
Imports,730410,COMTRADE-FINAL-CA0082000H1[2005-01-11].gz,H1
Imports,730421,COMTRADE-FINAL-CA0082000H1[2005-01-11].gz,H1
Imports,730429,COMTRADE-FINAL-CA0082000H1[2005-01-11].gz,H1
Imports,730431,COMTRADE-FINAL-CA0082000H1[2005-01-11].gz,H1
Imports,730439,COMTRADE-FINAL-CA0082000H1[2005-01-11].gz,H1
Imports,730441,COMTRADE-FINAL-CA0082000H1[2005-01-11].gz,H1
Imports,730449,COMTRADE-FINAL-CA0082000H1[2005-01-11].gz,H1
Imports,730451,COMTRADE-FINAL-CA0082000H1[2005-01-11].gz,H1
Imports,730459,COMTRADE-FINAL-CA0082000H1[2005-01-11].gz,H1
Imports,730490,COMTRADE-FINAL-CA0082000H1[2005-01-11].gz,H1
Imports,730511,COMTRADE-FINAL-CA0082000H1[2005-01-11].gz,H1
Imports,730512,COMTRADE-FINAL-CA0082000H1[2005-01-11].gz,H1
Imports,730519,COMTRADE-FINAL-CA0082000H1[2005-01-11].gz,H1
Imports,730520,COMTRADE-FINAL-CA0082000H1[2005-01-11].gz,H1
Imports,730531,COMTRADE-FINAL-CA0082000H1[2005-01-11].gz,H1
Imports,730539,COMTRADE-FINAL-CA0082000H1[2005-01-11].gz,H1
Imports,730590,COMTRADE-FINAL-CA0082000H1[2005-01-11].gz,H1
Imports,730610,COMTRADE-FINAL-CA0082000H1[2005-01-11].gz,H1
Imports,730620,COMTRADE-FINAL-CA0082000H1[2005-01-11].gz,H1
Imports,730630,COMTRADE-FINAL-CA0082000H1[2005-01-11].gz,H1
Imports,730640,COMTRADE-FINAL-CA0082000H1[2005-01-11].gz,H1
Imports,730650,COMTRADE-FINAL-CA0082000H1[2005-01-11].gz,H1
Imports,730660,COMTRADE-FINAL-CA0082000H1[2005-01-11].gz,H1
Imports,730690,COMTRADE-FINAL-CA0082000H1[2005-01-11].gz,H1
Imports,730711,COMTRADE-FINAL-CA0082000H1[2005-01-11].gz,H1
Imports,730719,COMTRADE-FINAL-CA0082000H1[2005-01-11].gz,H1
Imports,730721,COMTRADE-FINAL-CA0082000H1[2005-01-11].gz,H1
Imports,730722,COMTRADE-FINAL-CA0082000H1[2005-01-11].gz,H1
Imports,730723,COMTRADE-FINAL-CA0082000H1[2005-01-11].gz,H1
Imports,730729,COMTRADE-FINAL-CA0082000H1[2005-01-11].gz,H1
Imports,730791,COMTRADE-FINAL-CA0082000H1[2005-01-11].gz,H1
Imports,730792,COMTRADE-FINAL-CA0082000H1[2005-01-11].gz,H1
Imports,730793,COMTRADE-FINAL-CA0082000H1[2005-01-11].gz,H1
Imports,730799,COMTRADE-FINAL-CA0082000H1[2005-01-11].gz,H1
Imports,730810,COMTRADE-FINAL-CA0082000H1[2005-01-11].gz,H1
Imports,730820,COMTRADE-FINAL-CA0082000H1[2005-01-11].gz,H1
Imports,730830,COMTRADE-FINAL-CA0082000H1[2005-01-11].gz,H1
Imports,730840,COMTRADE-FINAL-CA0082000H1[2005-01-11].gz,H1
Imports,730890,COMTRADE-FINAL-CA0082000H1[2005-01-11].gz,H1
Imports,730900,COMTRADE-FINAL-CA0082000H1[2005-01-11].gz,H1
Imports,731010,COMTRADE-FINAL-CA0082000H1[2005-01-11].gz,H1
Imports,731021,COMTRADE-FINAL-CA0082000H1[2005-01-11].gz,H1
Imports,731029,COMTRADE-FINAL-CA0082000H1[2005-01-11].gz,H1
Imports,731100,COMTRADE-FINAL-CA0082000H1[2005-01-11].gz,H1
Imports,731210,COMTRADE-FINAL-CA0082000H1[2005-01-11].gz,H1
Imports,731290,COMTRADE-FINAL-CA0082000H1[2005-01-11].gz,H1
Imports,731300,COMTRADE-FINAL-CA0082000H1[2005-01-11].gz,H1
Imports,731412,COMTRADE-FINAL-CA0082000H1[2005-01-11].gz,H1
Imports,731413,COMTRADE-FINAL-CA0082000H1[2005-01-11].gz,H1
Imports,731414,COMTRADE-FINAL-CA0082000H1[2005-01-11].gz,H1
Imports,731419,COMTRADE-FINAL-CA0082000H1[2005-01-11].gz,H1
Imports,731420,COMTRADE-FINAL-CA0082000H1[2005-01-11].gz,H1
Imports,731431,COMTRADE-FINAL-CA0082000H1[2005-01-11].gz,H1
Imports,731439,COMTRADE-FINAL-CA0082000H1[2005-01-11].gz,H1
Imports,731441,COMTRADE-FINAL-CA0082000H1[2005-01-11].gz,H1
Imports,731442,COMTRADE-FINAL-CA0082000H1[2005-01-11].gz,H1
Imports,731449,COMTRADE-FINAL-CA0082000H1[2005-01-11].gz,H1
Imports,731450,COMTRADE-FINAL-CA0082000H1[2005-01-11].gz,H1
Imports,731511,COMTRADE-FINAL-CA0082000H1[2005-01-11].gz,H1
Imports,731512,COMTRADE-FINAL-CA0082000H1[2005-01-11].gz,H1
Imports,731519,COMTRADE-FINAL-CA0082000H1[2005-01-11].gz,H1
Imports,731520,COMTRADE-FINAL-CA0082000H1[2005-01-11].gz,H1
Imports,731581,COMTRADE-FINAL-CA0082000H1[2005-01-11].gz,H1
Imports,731582,COMTRADE-FINAL-CA0082000H1[2005-01-11].gz,H1
Imports,731589,COMTRADE-FINAL-CA0082000H1[2005-01-11].gz,H1
Imports,731590,COMTRADE-FINAL-CA0082000H1[2005-01-11].gz,H1
Imports,731600,COMTRADE-FINAL-CA0082000H1[2005-01-11].gz,H1
Imports,731700,COMTRADE-FINAL-CA0082000H1[2005-01-11].gz,H1
Imports,731811,COMTRADE-FINAL-CA0082000H1[2005-01-11].gz,H1
Imports,731812,COMTRADE-FINAL-CA0082000H1[2005-01-11].gz,H1
Imports,731813,COMTRADE-FINAL-CA0082000H1[2005-01-11].gz,H1
Imports,731814,COMTRADE-FINAL-CA0082000H1[2005-01-11].gz,H1
Imports,731815,COMTRADE-FINAL-CA0082000H1[2005-01-11].gz,H1
Imports,731816,COMTRADE-FINAL-CA0082000H1[2005-01-11].gz,H1
Imports,731819,COMTRADE-FINAL-CA0082000H1[2005-01-11].gz,H1
Imports,731821,COMTRADE-FINAL-CA0082000H1[2005-01-11].gz,H1
Imports,731822,COMTRADE-FINAL-CA0082000H1[2005-01-11].gz,H1
Imports,731823,COMTRADE-FINAL-CA0082000H1[2005-01-11].gz,H1
Imports,731824,COMTRADE-FINAL-CA0082000H1[2005-01-11].gz,H1
Imports,731829,COMTRADE-FINAL-CA0082000H1[2005-01-11].gz,H1
Imports,731910,COMTRADE-FINAL-CA0082000H1[2005-01-11].gz,H1
Imports,731930,COMTRADE-FINAL-CA0082000H1[2005-01-11].gz,H1
Imports,731990,COMTRADE-FINAL-CA0082000H1[2005-01-11].gz,H1
Imports,732010,COMTRADE-FINAL-CA0082000H1[2005-01-11].gz,H1
Imports,732020,COMTRADE-FINAL-CA0082000H1[2005-01-11].gz,H1
Imports,732090,COMTRADE-FINAL-CA0082000H1[2005-01-11].gz,H1
Imports,732111,COMTRADE-FINAL-CA0082000H1[2005-01-11].gz,H1
Imports,732112,COMTRADE-FINAL-CA0082000H1[2005-01-11].gz,H1
Imports,732113,COMTRADE-FINAL-CA0082000H1[2005-01-11].gz,H1
Imports,732181,COMTRADE-FINAL-CA0082000H1[2005-01-11].gz,H1
Imports,732182,COMTRADE-FINAL-CA0082000H1[2005-01-11].gz,H1
Imports,732183,COMTRADE-FINAL-CA0082000H1[2005-01-11].gz,H1
Imports,732190,COMTRADE-FINAL-CA0082000H1[2005-01-11].gz,H1
Imports,732211,COMTRADE-FINAL-CA0082000H1[2005-01-11].gz,H1
Imports,732219,COMTRADE-FINAL-CA0082000H1[2005-01-11].gz,H1
Imports,732290,COMTRADE-FINAL-CA0082000H1[2005-01-11].gz,H1
Imports,732310,COMTRADE-FINAL-CA0082000H1[2005-01-11].gz,H1
Imports,732391,COMTRADE-FINAL-CA0082000H1[2005-01-11].gz,H1
Imports,732392,COMTRADE-FINAL-CA0082000H1[2005-01-11].gz,H1
Imports,732393,COMTRADE-FINAL-CA0082000H1[2005-01-11].gz,H1
Imports,732394,COMTRADE-FINAL-CA0082000H1[2005-01-11].gz,H1
Imports,732399,COMTRADE-FINAL-CA0082000H1[2005-01-11].gz,H1
Imports,732410,COMTRADE-FINAL-CA0082000H1[2005-01-11].gz,H1
Imports,732421,COMTRADE-FINAL-CA0082000H1[2005-01-11].gz,H1
Imports,732429,COMTRADE-FINAL-CA0082000H1[2005-01-11].gz,H1
Imports,732490,COMTRADE-FINAL-CA0082000H1[2005-01-11].gz,H1
Imports,732510,COMTRADE-FINAL-CA0082000H1[2005-01-11].gz,H1
Imports,732599,COMTRADE-FINAL-CA0082000H1[2005-01-11].gz,H1
Imports,732611,COMTRADE-FINAL-CA0082000H1[2005-01-11].gz,H1
Imports,732619,COMTRADE-FINAL-CA0082000H1[2005-01-11].gz,H1
Imports,732620,COMTRADE-FINAL-CA0082000H1[2005-01-11].gz,H1
Imports,732690,COMTRADE-FINAL-CA0082000H1[2005-01-11].gz,H1
Imports,740319,COMTRADE-FINAL-CA0082000H1[2005-01-11].gz,H1
Imports,740322,COMTRADE-FINAL-CA0082000H1[2005-01-11].gz,H1
Imports,740329,COMTRADE-FINAL-CA0082000H1[2005-01-11].gz,H1
Imports,740400,COMTRADE-FINAL-CA0082000H1[2005-01-11].gz,H1
Imports,740500,COMTRADE-FINAL-CA0082000H1[2005-01-11].gz,H1
Imports,740610,COMTRADE-FINAL-CA0082000H1[2005-01-11].gz,H1
Imports,740710,COMTRADE-FINAL-CA0082000H1[2005-01-11].gz,H1
Imports,740721,COMTRADE-FINAL-CA0082000H1[2005-01-11].gz,H1
Imports,740722,COMTRADE-FINAL-CA0082000H1[2005-01-11].gz,H1
Imports,740729,COMTRADE-FINAL-CA0082000H1[2005-01-11].gz,H1
Imports,740811,COMTRADE-FINAL-CA0082000H1[2005-01-11].gz,H1
Imports,740819,COMTRADE-FINAL-CA0082000H1[2005-01-11].gz,H1
Imports,740822,COMTRADE-FINAL-CA0082000H1[2005-01-11].gz,H1
Imports,740829,COMTRADE-FINAL-CA0082000H1[2005-01-11].gz,H1
Imports,740911,COMTRADE-FINAL-CA0082000H1[2005-01-11].gz,H1
Imports,740919,COMTRADE-FINAL-CA0082000H1[2005-01-11].gz,H1
Imports,740939,COMTRADE-FINAL-CA0082000H1[2005-01-11].gz,H1
Imports,740990,COMTRADE-FINAL-CA0082000H1[2005-01-11].gz,H1
Imports,741012,COMTRADE-FINAL-CA0082000H1[2005-01-11].gz,H1
Imports,741110,COMTRADE-FINAL-CA0082000H1[2005-01-11].gz,H1
Imports,741121,COMTRADE-FINAL-CA0082000H1[2005-01-11].gz,H1
Imports,741129,COMTRADE-FINAL-CA0082000H1[2005-01-11].gz,H1
Imports,741210,COMTRADE-FINAL-CA0082000H1[2005-01-11].gz,H1
Imports,741220,COMTRADE-FINAL-CA0082000H1[2005-01-11].gz,H1
Imports,741300,COMTRADE-FINAL-CA0082000H1[2005-01-11].gz,H1
Imports,741420,COMTRADE-FINAL-CA0082000H1[2005-01-11].gz,H1
Imports,741490,COMTRADE-FINAL-CA0082000H1[2005-01-11].gz,H1
Imports,741521,COMTRADE-FINAL-CA0082000H1[2005-01-11].gz,H1
Imports,741529,COMTRADE-FINAL-CA0082000H1[2005-01-11].gz,H1
Imports,741531,COMTRADE-FINAL-CA0082000H1[2005-01-11].gz,H1
Imports,741532,COMTRADE-FINAL-CA0082000H1[2005-01-11].gz,H1
Imports,741539,COMTRADE-FINAL-CA0082000H1[2005-01-11].gz,H1
Imports,741700,COMTRADE-FINAL-CA0082000H1[2005-01-11].gz,H1
Imports,741811,COMTRADE-FINAL-CA0082000H1[2005-01-11].gz,H1
Imports,741819,COMTRADE-FINAL-CA0082000H1[2005-01-11].gz,H1
Imports,741820,COMTRADE-FINAL-CA0082000H1[2005-01-11].gz,H1
Imports,741991,COMTRADE-FINAL-CA0082000H1[2005-01-11].gz,H1
Imports,741999,COMTRADE-FINAL-CA0082000H1[2005-01-11].gz,H1
Imports,750120,COMTRADE-FINAL-CA0082000H1[2005-01-11].gz,H1
Imports,750220,COMTRADE-FINAL-CA0082000H1[2005-01-11].gz,H1
Imports,750511,COMTRADE-FINAL-CA0082000H1[2005-01-11].gz,H1
Imports,750522,COMTRADE-FINAL-CA0082000H1[2005-01-11].gz,H1
Imports,750711,COMTRADE-FINAL-CA0082000H1[2005-01-11].gz,H1
Imports,750720,COMTRADE-FINAL-CA0082000H1[2005-01-11].gz,H1
Imports,750890,COMTRADE-FINAL-CA0082000H1[2005-01-11].gz,H1
Imports,760110,COMTRADE-FINAL-CA0082000H1[2005-01-11].gz,H1
Imports,760120,COMTRADE-FINAL-CA0082000H1[2005-01-11].gz,H1
Imports,760200,COMTRADE-FINAL-CA0082000H1[2005-01-11].gz,H1
Imports,760410,COMTRADE-FINAL-CA0082000H1[2005-01-11].gz,H1
Imports,760421,COMTRADE-FINAL-CA0082000H1[2005-01-11].gz,H1
Imports,760429,COMTRADE-FINAL-CA0082000H1[2005-01-11].gz,H1
Imports,760511,COMTRADE-FINAL-CA0082000H1[2005-01-11].gz,H1
Imports,760519,COMTRADE-FINAL-CA0082000H1[2005-01-11].gz,H1
Imports,760521,COMTRADE-FINAL-CA0082000H1[2005-01-11].gz,H1
Imports,760529,COMTRADE-FINAL-CA0082000H1[2005-01-11].gz,H1
Imports,760611,COMTRADE-FINAL-CA0082000H1[2005-01-11].gz,H1
Imports,760612,COMTRADE-FINAL-CA0082000H1[2005-01-11].gz,H1
Imports,760691,COMTRADE-FINAL-CA0082000H1[2005-01-11].gz,H1
Imports,760692,COMTRADE-FINAL-CA0082000H1[2005-01-11].gz,H1
Imports,760711,COMTRADE-FINAL-CA0082000H1[2005-01-11].gz,H1
Imports,760719,COMTRADE-FINAL-CA0082000H1[2005-01-11].gz,H1
Imports,760720,COMTRADE-FINAL-CA0082000H1[2005-01-11].gz,H1
Imports,760810,COMTRADE-FINAL-CA0082000H1[2005-01-11].gz,H1
Imports,760820,COMTRADE-FINAL-CA0082000H1[2005-01-11].gz,H1
Imports,760900,COMTRADE-FINAL-CA0082000H1[2005-01-11].gz,H1
Imports,761010,COMTRADE-FINAL-CA0082000H1[2005-01-11].gz,H1
Imports,761090,COMTRADE-FINAL-CA0082000H1[2005-01-11].gz,H1
Imports,761100,COMTRADE-FINAL-CA0082000H1[2005-01-11].gz,H1
Imports,761210,COMTRADE-FINAL-CA0082000H1[2005-01-11].gz,H1
Imports,761290,COMTRADE-FINAL-CA0082000H1[2005-01-11].gz,H1
Imports,761300,COMTRADE-FINAL-CA0082000H1[2005-01-11].gz,H1
Imports,761410,COMTRADE-FINAL-CA0082000H1[2005-01-11].gz,H1
Imports,761490,COMTRADE-FINAL-CA0082000H1[2005-01-11].gz,H1
Imports,761511,COMTRADE-FINAL-CA0082000H1[2005-01-11].gz,H1
Imports,761519,COMTRADE-FINAL-CA0082000H1[2005-01-11].gz,H1
Imports,761520,COMTRADE-FINAL-CA0082000H1[2005-01-11].gz,H1
Imports,761610,COMTRADE-FINAL-CA0082000H1[2005-01-11].gz,H1
Imports,761691,COMTRADE-FINAL-CA0082000H1[2005-01-11].gz,H1
Imports,761699,COMTRADE-FINAL-CA0082000H1[2005-01-11].gz,H1
Imports,780199,COMTRADE-FINAL-CA0082000H1[2005-01-11].gz,H1
Imports,780200,COMTRADE-FINAL-CA0082000H1[2005-01-11].gz,H1
Imports,780300,COMTRADE-FINAL-CA0082000H1[2005-01-11].gz,H1
Imports,780411,COMTRADE-FINAL-CA0082000H1[2005-01-11].gz,H1
Imports,780419,COMTRADE-FINAL-CA0082000H1[2005-01-11].gz,H1
Imports,780500,COMTRADE-FINAL-CA0082000H1[2005-01-11].gz,H1
Imports,780600,COMTRADE-FINAL-CA0082000H1[2005-01-11].gz,H1
Imports,790111,COMTRADE-FINAL-CA0082000H1[2005-01-11].gz,H1
Imports,790112,COMTRADE-FINAL-CA0082000H1[2005-01-11].gz,H1
Imports,790120,COMTRADE-FINAL-CA0082000H1[2005-01-11].gz,H1
Imports,790310,COMTRADE-FINAL-CA0082000H1[2005-01-11].gz,H1
Imports,790390,COMTRADE-FINAL-CA0082000H1[2005-01-11].gz,H1
Imports,790400,COMTRADE-FINAL-CA0082000H1[2005-01-11].gz,H1
Imports,790500,COMTRADE-FINAL-CA0082000H1[2005-01-11].gz,H1
Imports,790600,COMTRADE-FINAL-CA0082000H1[2005-01-11].gz,H1
Imports,790700,COMTRADE-FINAL-CA0082000H1[2005-01-11].gz,H1
Imports,800110,COMTRADE-FINAL-CA0082000H1[2005-01-11].gz,H1
Imports,800120,COMTRADE-FINAL-CA0082000H1[2005-01-11].gz,H1
Imports,800300,COMTRADE-FINAL-CA0082000H1[2005-01-11].gz,H1
Imports,800600,COMTRADE-FINAL-CA0082000H1[2005-01-11].gz,H1
Imports,800700,COMTRADE-FINAL-CA0082000H1[2005-01-11].gz,H1
Imports,810419,COMTRADE-FINAL-CA0082000H1[2005-01-11].gz,H1
Imports,810890,COMTRADE-FINAL-CA0082000H1[2005-01-11].gz,H1
Imports,810990,COMTRADE-FINAL-CA0082000H1[2005-01-11].gz,H1
Imports,811220,COMTRADE-FINAL-CA0082000H1[2005-01-11].gz,H1
Imports,811230,COMTRADE-FINAL-CA0082000H1[2005-01-11].gz,H1
Imports,811300,COMTRADE-FINAL-CA0082000H1[2005-01-11].gz,H1
Imports,820110,COMTRADE-FINAL-CA0082000H1[2005-01-11].gz,H1
Imports,820120,COMTRADE-FINAL-CA0082000H1[2005-01-11].gz,H1
Imports,820130,COMTRADE-FINAL-CA0082000H1[2005-01-11].gz,H1
Imports,820140,COMTRADE-FINAL-CA0082000H1[2005-01-11].gz,H1
Imports,820150,COMTRADE-FINAL-CA0082000H1[2005-01-11].gz,H1
Imports,820160,COMTRADE-FINAL-CA0082000H1[2005-01-11].gz,H1
Imports,820190,COMTRADE-FINAL-CA0082000H1[2005-01-11].gz,H1
Imports,820210,COMTRADE-FINAL-CA0082000H1[2005-01-11].gz,H1
Imports,820220,COMTRADE-FINAL-CA0082000H1[2005-01-11].gz,H1
Imports,820231,COMTRADE-FINAL-CA0082000H1[2005-01-11].gz,H1
Imports,820239,COMTRADE-FINAL-CA0082000H1[2005-01-11].gz,H1
Imports,820291,COMTRADE-FINAL-CA0082000H1[2005-01-11].gz,H1
Imports,820299,COMTRADE-FINAL-CA0082000H1[2005-01-11].gz,H1
Imports,820310,COMTRADE-FINAL-CA0082000H1[2005-01-11].gz,H1
Imports,820320,COMTRADE-FINAL-CA0082000H1[2005-01-11].gz,H1
Imports,820330,COMTRADE-FINAL-CA0082000H1[2005-01-11].gz,H1
Imports,820340,COMTRADE-FINAL-CA0082000H1[2005-01-11].gz,H1
Imports,820411,COMTRADE-FINAL-CA0082000H1[2005-01-11].gz,H1
Imports,820412,COMTRADE-FINAL-CA0082000H1[2005-01-11].gz,H1
Imports,820420,COMTRADE-FINAL-CA0082000H1[2005-01-11].gz,H1
Imports,820510,COMTRADE-FINAL-CA0082000H1[2005-01-11].gz,H1
Imports,820520,COMTRADE-FINAL-CA0082000H1[2005-01-11].gz,H1
Imports,820530,COMTRADE-FINAL-CA0082000H1[2005-01-11].gz,H1
Imports,820540,COMTRADE-FINAL-CA0082000H1[2005-01-11].gz,H1
Imports,820551,COMTRADE-FINAL-CA0082000H1[2005-01-11].gz,H1
Imports,820559,COMTRADE-FINAL-CA0082000H1[2005-01-11].gz,H1
Imports,820560,COMTRADE-FINAL-CA0082000H1[2005-01-11].gz,H1
Imports,820570,COMTRADE-FINAL-CA0082000H1[2005-01-11].gz,H1
Imports,820580,COMTRADE-FINAL-CA0082000H1[2005-01-11].gz,H1
Imports,820590,COMTRADE-FINAL-CA0082000H1[2005-01-11].gz,H1
Imports,820600,COMTRADE-FINAL-CA0082000H1[2005-01-11].gz,H1
Imports,820713,COMTRADE-FINAL-CA0082000H1[2005-01-11].gz,H1
Imports,820719,COMTRADE-FINAL-CA0082000H1[2005-01-11].gz,H1
Imports,820720,COMTRADE-FINAL-CA0082000H1[2005-01-11].gz,H1
Imports,820730,COMTRADE-FINAL-CA0082000H1[2005-01-11].gz,H1
Imports,820740,COMTRADE-FINAL-CA0082000H1[2005-01-11].gz,H1
Imports,820750,COMTRADE-FINAL-CA0082000H1[2005-01-11].gz,H1
Imports,820760,COMTRADE-FINAL-CA0082000H1[2005-01-11].gz,H1
Imports,820770,COMTRADE-FINAL-CA0082000H1[2005-01-11].gz,H1
Imports,820780,COMTRADE-FINAL-CA0082000H1[2005-01-11].gz,H1
Imports,820790,COMTRADE-FINAL-CA0082000H1[2005-01-11].gz,H1
Imports,820810,COMTRADE-FINAL-CA0082000H1[2005-01-11].gz,H1
Imports,820820,COMTRADE-FINAL-CA0082000H1[2005-01-11].gz,H1
Imports,820830,COMTRADE-FINAL-CA0082000H1[2005-01-11].gz,H1
Imports,820890,COMTRADE-FINAL-CA0082000H1[2005-01-11].gz,H1
Imports,820900,COMTRADE-FINAL-CA0082000H1[2005-01-11].gz,H1
Imports,821000,COMTRADE-FINAL-CA0082000H1[2005-01-11].gz,H1
Imports,821110,COMTRADE-FINAL-CA0082000H1[2005-01-11].gz,H1
Imports,821191,COMTRADE-FINAL-CA0082000H1[2005-01-11].gz,H1
Imports,821192,COMTRADE-FINAL-CA0082000H1[2005-01-11].gz,H1
Imports,821193,COMTRADE-FINAL-CA0082000H1[2005-01-11].gz,H1
Imports,821194,COMTRADE-FINAL-CA0082000H1[2005-01-11].gz,H1
Imports,821195,COMTRADE-FINAL-CA0082000H1[2005-01-11].gz,H1
Imports,821210,COMTRADE-FINAL-CA0082000H1[2005-01-11].gz,H1
Imports,821220,COMTRADE-FINAL-CA0082000H1[2005-01-11].gz,H1
Imports,821290,COMTRADE-FINAL-CA0082000H1[2005-01-11].gz,H1
Imports,821300,COMTRADE-FINAL-CA0082000H1[2005-01-11].gz,H1
Imports,821410,COMTRADE-FINAL-CA0082000H1[2005-01-11].gz,H1
Imports,821420,COMTRADE-FINAL-CA0082000H1[2005-01-11].gz,H1
Imports,821490,COMTRADE-FINAL-CA0082000H1[2005-01-11].gz,H1
Imports,821510,COMTRADE-FINAL-CA0082000H1[2005-01-11].gz,H1
Imports,821520,COMTRADE-FINAL-CA0082000H1[2005-01-11].gz,H1
Imports,821591,COMTRADE-FINAL-CA0082000H1[2005-01-11].gz,H1
Imports,821599,COMTRADE-FINAL-CA0082000H1[2005-01-11].gz,H1
Imports,830110,COMTRADE-FINAL-CA0082000H1[2005-01-11].gz,H1
Imports,830120,COMTRADE-FINAL-CA0082000H1[2005-01-11].gz,H1
Imports,830130,COMTRADE-FINAL-CA0082000H1[2005-01-11].gz,H1
Imports,830140,COMTRADE-FINAL-CA0082000H1[2005-01-11].gz,H1
Imports,830150,COMTRADE-FINAL-CA0082000H1[2005-01-11].gz,H1
Imports,830160,COMTRADE-FINAL-CA0082000H1[2005-01-11].gz,H1
Imports,830170,COMTRADE-FINAL-CA0082000H1[2005-01-11].gz,H1
Imports,830210,COMTRADE-FINAL-CA0082000H1[2005-01-11].gz,H1
Imports,830220,COMTRADE-FINAL-CA0082000H1[2005-01-11].gz,H1
Imports,830230,COMTRADE-FINAL-CA0082000H1[2005-01-11].gz,H1
Imports,830241,COMTRADE-FINAL-CA0082000H1[2005-01-11].gz,H1
Imports,830242,COMTRADE-FINAL-CA0082000H1[2005-01-11].gz,H1
Imports,830249,COMTRADE-FINAL-CA0082000H1[2005-01-11].gz,H1
Imports,830250,COMTRADE-FINAL-CA0082000H1[2005-01-11].gz,H1
Imports,830260,COMTRADE-FINAL-CA0082000H1[2005-01-11].gz,H1
Imports,830300,COMTRADE-FINAL-CA0082000H1[2005-01-11].gz,H1
Imports,830400,COMTRADE-FINAL-CA0082000H1[2005-01-11].gz,H1
Imports,830510,COMTRADE-FINAL-CA0082000H1[2005-01-11].gz,H1
Imports,830520,COMTRADE-FINAL-CA0082000H1[2005-01-11].gz,H1
Imports,830590,COMTRADE-FINAL-CA0082000H1[2005-01-11].gz,H1
Imports,830610,COMTRADE-FINAL-CA0082000H1[2005-01-11].gz,H1
Imports,830629,COMTRADE-FINAL-CA0082000H1[2005-01-11].gz,H1
Imports,830630,COMTRADE-FINAL-CA0082000H1[2005-01-11].gz,H1
Imports,830710,COMTRADE-FINAL-CA0082000H1[2005-01-11].gz,H1
Imports,830790,COMTRADE-FINAL-CA0082000H1[2005-01-11].gz,H1
Imports,830810,COMTRADE-FINAL-CA0082000H1[2005-01-11].gz,H1
Imports,830820,COMTRADE-FINAL-CA0082000H1[2005-01-11].gz,H1
Imports,830890,COMTRADE-FINAL-CA0082000H1[2005-01-11].gz,H1
Imports,830910,COMTRADE-FINAL-CA0082000H1[2005-01-11].gz,H1
Imports,830990,COMTRADE-FINAL-CA0082000H1[2005-01-11].gz,H1
Imports,831000,COMTRADE-FINAL-CA0082000H1[2005-01-11].gz,H1
Imports,831110,COMTRADE-FINAL-CA0082000H1[2005-01-11].gz,H1
Imports,831120,COMTRADE-FINAL-CA0082000H1[2005-01-11].gz,H1
Imports,831130,COMTRADE-FINAL-CA0082000H1[2005-01-11].gz,H1
Imports,831190,COMTRADE-FINAL-CA0082000H1[2005-01-11].gz,H1
Imports,840110,COMTRADE-FINAL-CA0082000H1[2005-01-11].gz,H1
Imports,840211,COMTRADE-FINAL-CA0082000H1[2005-01-11].gz,H1
Imports,840212,COMTRADE-FINAL-CA0082000H1[2005-01-11].gz,H1
Imports,840219,COMTRADE-FINAL-CA0082000H1[2005-01-11].gz,H1
Imports,840220,COMTRADE-FINAL-CA0082000H1[2005-01-11].gz,H1
Imports,840290,COMTRADE-FINAL-CA0082000H1[2005-01-11].gz,H1
Imports,840310,COMTRADE-FINAL-CA0082000H1[2005-01-11].gz,H1
Imports,840390,COMTRADE-FINAL-CA0082000H1[2005-01-11].gz,H1
Imports,840410,COMTRADE-FINAL-CA0082000H1[2005-01-11].gz,H1
Imports,840420,COMTRADE-FINAL-CA0082000H1[2005-01-11].gz,H1
Imports,840490,COMTRADE-FINAL-CA0082000H1[2005-01-11].gz,H1
Imports,840510,COMTRADE-FINAL-CA0082000H1[2005-01-11].gz,H1
Imports,840590,COMTRADE-FINAL-CA0082000H1[2005-01-11].gz,H1
Imports,840681,COMTRADE-FINAL-CA0082000H1[2005-01-11].gz,H1
Imports,840682,COMTRADE-FINAL-CA0082000H1[2005-01-11].gz,H1
Imports,840690,COMTRADE-FINAL-CA0082000H1[2005-01-11].gz,H1
Imports,840710,COMTRADE-FINAL-CA0082000H1[2005-01-11].gz,H1
Imports,840721,COMTRADE-FINAL-CA0082000H1[2005-01-11].gz,H1
Imports,840729,COMTRADE-FINAL-CA0082000H1[2005-01-11].gz,H1
Imports,840731,COMTRADE-FINAL-CA0082000H1[2005-01-11].gz,H1
Imports,840732,COMTRADE-FINAL-CA0082000H1[2005-01-11].gz,H1
Imports,840733,COMTRADE-FINAL-CA0082000H1[2005-01-11].gz,H1
Imports,840734,COMTRADE-FINAL-CA0082000H1[2005-01-11].gz,H1
Imports,840790,COMTRADE-FINAL-CA0082000H1[2005-01-11].gz,H1
Imports,840810,COMTRADE-FINAL-CA0082000H1[2005-01-11].gz,H1
Imports,840820,COMTRADE-FINAL-CA0082000H1[2005-01-11].gz,H1
Imports,840890,COMTRADE-FINAL-CA0082000H1[2005-01-11].gz,H1
Imports,840910,COMTRADE-FINAL-CA0082000H1[2005-01-11].gz,H1
Imports,840991,COMTRADE-FINAL-CA0082000H1[2005-01-11].gz,H1
Imports,840999,COMTRADE-FINAL-CA0082000H1[2005-01-11].gz,H1
Imports,841090,COMTRADE-FINAL-CA0082000H1[2005-01-11].gz,H1
Imports,841111,COMTRADE-FINAL-CA0082000H1[2005-01-11].gz,H1
Imports,841112,COMTRADE-FINAL-CA0082000H1[2005-01-11].gz,H1
Imports,841121,COMTRADE-FINAL-CA0082000H1[2005-01-11].gz,H1
Imports,841122,COMTRADE-FINAL-CA0082000H1[2005-01-11].gz,H1
Imports,841181,COMTRADE-FINAL-CA0082000H1[2005-01-11].gz,H1
Imports,841191,COMTRADE-FINAL-CA0082000H1[2005-01-11].gz,H1
Imports,841210,COMTRADE-FINAL-CA0082000H1[2005-01-11].gz,H1
Imports,841221,COMTRADE-FINAL-CA0082000H1[2005-01-11].gz,H1
Imports,841229,COMTRADE-FINAL-CA0082000H1[2005-01-11].gz,H1
Imports,841231,COMTRADE-FINAL-CA0082000H1[2005-01-11].gz,H1
Imports,841239,COMTRADE-FINAL-CA0082000H1[2005-01-11].gz,H1
Imports,841280,COMTRADE-FINAL-CA0082000H1[2005-01-11].gz,H1
Imports,841290,COMTRADE-FINAL-CA0082000H1[2005-01-11].gz,H1
Imports,841311,COMTRADE-FINAL-CA0082000H1[2005-01-11].gz,H1
Imports,841319,COMTRADE-FINAL-CA0082000H1[2005-01-11].gz,H1
Imports,841320,COMTRADE-FINAL-CA0082000H1[2005-01-11].gz,H1
Imports,841330,COMTRADE-FINAL-CA0082000H1[2005-01-11].gz,H1
Imports,841340,COMTRADE-FINAL-CA0082000H1[2005-01-11].gz,H1
Imports,841350,COMTRADE-FINAL-CA0082000H1[2005-01-11].gz,H1
Imports,841360,COMTRADE-FINAL-CA0082000H1[2005-01-11].gz,H1
Imports,841370,COMTRADE-FINAL-CA0082000H1[2005-01-11].gz,H1
Imports,841381,COMTRADE-FINAL-CA0082000H1[2005-01-11].gz,H1
Imports,841382,COMTRADE-FINAL-CA0082000H1[2005-01-11].gz,H1
Imports,841391,COMTRADE-FINAL-CA0082000H1[2005-01-11].gz,H1
Imports,841392,COMTRADE-FINAL-CA0082000H1[2005-01-11].gz,H1
Imports,841410,COMTRADE-FINAL-CA0082000H1[2005-01-11].gz,H1
Imports,841420,COMTRADE-FINAL-CA0082000H1[2005-01-11].gz,H1
Imports,841430,COMTRADE-FINAL-CA0082000H1[2005-01-11].gz,H1
Imports,841440,COMTRADE-FINAL-CA0082000H1[2005-01-11].gz,H1
Imports,841451,COMTRADE-FINAL-CA0082000H1[2005-01-11].gz,H1
Imports,841459,COMTRADE-FINAL-CA0082000H1[2005-01-11].gz,H1
Imports,841460,COMTRADE-FINAL-CA0082000H1[2005-01-11].gz,H1
Imports,841480,COMTRADE-FINAL-CA0082000H1[2005-01-11].gz,H1
Imports,841490,COMTRADE-FINAL-CA0082000H1[2005-01-11].gz,H1
Imports,841510,COMTRADE-FINAL-CA0082000H1[2005-01-11].gz,H1
Imports,841520,COMTRADE-FINAL-CA0082000H1[2005-01-11].gz,H1
Imports,841581,COMTRADE-FINAL-CA0082000H1[2005-01-11].gz,H1
Imports,841582,COMTRADE-FINAL-CA0082000H1[2005-01-11].gz,H1
Imports,841583,COMTRADE-FINAL-CA0082000H1[2005-01-11].gz,H1
Imports,841590,COMTRADE-FINAL-CA0082000H1[2005-01-11].gz,H1
Imports,841610,COMTRADE-FINAL-CA0082000H1[2005-01-11].gz,H1
Imports,841620,COMTRADE-FINAL-CA0082000H1[2005-01-11].gz,H1
Imports,841630,COMTRADE-FINAL-CA0082000H1[2005-01-11].gz,H1
Imports,841690,COMTRADE-FINAL-CA0082000H1[2005-01-11].gz,H1
Imports,841710,COMTRADE-FINAL-CA0082000H1[2005-01-11].gz,H1
Imports,841720,COMTRADE-FINAL-CA0082000H1[2005-01-11].gz,H1
Imports,841780,COMTRADE-FINAL-CA0082000H1[2005-01-11].gz,H1
Imports,841790,COMTRADE-FINAL-CA0082000H1[2005-01-11].gz,H1
Imports,841810,COMTRADE-FINAL-CA0082000H1[2005-01-11].gz,H1
Imports,841821,COMTRADE-FINAL-CA0082000H1[2005-01-11].gz,H1
Imports,841822,COMTRADE-FINAL-CA0082000H1[2005-01-11].gz,H1
Imports,841829,COMTRADE-FINAL-CA0082000H1[2005-01-11].gz,H1
Imports,841830,COMTRADE-FINAL-CA0082000H1[2005-01-11].gz,H1
Imports,841840,COMTRADE-FINAL-CA0082000H1[2005-01-11].gz,H1
Imports,841850,COMTRADE-FINAL-CA0082000H1[2005-01-11].gz,H1
Imports,841861,COMTRADE-FINAL-CA0082000H1[2005-01-11].gz,H1
Imports,841869,COMTRADE-FINAL-CA0082000H1[2005-01-11].gz,H1
Imports,841891,COMTRADE-FINAL-CA0082000H1[2005-01-11].gz,H1
Imports,841899,COMTRADE-FINAL-CA0082000H1[2005-01-11].gz,H1
Imports,841911,COMTRADE-FINAL-CA0082000H1[2005-01-11].gz,H1
Imports,841919,COMTRADE-FINAL-CA0082000H1[2005-01-11].gz,H1
Imports,841920,COMTRADE-FINAL-CA0082000H1[2005-01-11].gz,H1
Imports,841931,COMTRADE-FINAL-CA0082000H1[2005-01-11].gz,H1
Imports,841932,COMTRADE-FINAL-CA0082000H1[2005-01-11].gz,H1
Imports,841939,COMTRADE-FINAL-CA0082000H1[2005-01-11].gz,H1
Imports,841940,COMTRADE-FINAL-CA0082000H1[2005-01-11].gz,H1
Imports,841950,COMTRADE-FINAL-CA0082000H1[2005-01-11].gz,H1
Imports,841960,COMTRADE-FINAL-CA0082000H1[2005-01-11].gz,H1
Imports,841981,COMTRADE-FINAL-CA0082000H1[2005-01-11].gz,H1
Imports,841989,COMTRADE-FINAL-CA0082000H1[2005-01-11].gz,H1
Imports,841990,COMTRADE-FINAL-CA0082000H1[2005-01-11].gz,H1
Imports,842010,COMTRADE-FINAL-CA0082000H1[2005-01-11].gz,H1
Imports,842099,COMTRADE-FINAL-CA0082000H1[2005-01-11].gz,H1
Imports,842111,COMTRADE-FINAL-CA0082000H1[2005-01-11].gz,H1
Imports,842112,COMTRADE-FINAL-CA0082000H1[2005-01-11].gz,H1
Imports,842119,COMTRADE-FINAL-CA0082000H1[2005-01-11].gz,H1
Imports,842121,COMTRADE-FINAL-CA0082000H1[2005-01-11].gz,H1
Imports,842122,COMTRADE-FINAL-CA0082000H1[2005-01-11].gz,H1
Imports,842123,COMTRADE-FINAL-CA0082000H1[2005-01-11].gz,H1
Imports,842129,COMTRADE-FINAL-CA0082000H1[2005-01-11].gz,H1
Imports,842131,COMTRADE-FINAL-CA0082000H1[2005-01-11].gz,H1
Imports,842139,COMTRADE-FINAL-CA0082000H1[2005-01-11].gz,H1
Imports,842191,COMTRADE-FINAL-CA0082000H1[2005-01-11].gz,H1
Imports,842199,COMTRADE-FINAL-CA0082000H1[2005-01-11].gz,H1
Imports,842211,COMTRADE-FINAL-CA0082000H1[2005-01-11].gz,H1
Imports,842219,COMTRADE-FINAL-CA0082000H1[2005-01-11].gz,H1
Imports,842220,COMTRADE-FINAL-CA0082000H1[2005-01-11].gz,H1
Imports,842230,COMTRADE-FINAL-CA0082000H1[2005-01-11].gz,H1
Imports,842240,COMTRADE-FINAL-CA0082000H1[2005-01-11].gz,H1
Imports,842290,COMTRADE-FINAL-CA0082000H1[2005-01-11].gz,H1
Imports,842310,COMTRADE-FINAL-CA0082000H1[2005-01-11].gz,H1
Imports,842320,COMTRADE-FINAL-CA0082000H1[2005-01-11].gz,H1
Imports,842330,COMTRADE-FINAL-CA0082000H1[2005-01-11].gz,H1
Imports,842381,COMTRADE-FINAL-CA0082000H1[2005-01-11].gz,H1
Imports,842382,COMTRADE-FINAL-CA0082000H1[2005-01-11].gz,H1
Imports,842389,COMTRADE-FINAL-CA0082000H1[2005-01-11].gz,H1
Imports,842390,COMTRADE-FINAL-CA0082000H1[2005-01-11].gz,H1
Imports,842410,COMTRADE-FINAL-CA0082000H1[2005-01-11].gz,H1
Imports,842420,COMTRADE-FINAL-CA0082000H1[2005-01-11].gz,H1
Imports,842430,COMTRADE-FINAL-CA0082000H1[2005-01-11].gz,H1
Imports,842481,COMTRADE-FINAL-CA0082000H1[2005-01-11].gz,H1
Imports,842489,COMTRADE-FINAL-CA0082000H1[2005-01-11].gz,H1
Imports,842490,COMTRADE-FINAL-CA0082000H1[2005-01-11].gz,H1
Imports,842511,COMTRADE-FINAL-CA0082000H1[2005-01-11].gz,H1
Imports,842519,COMTRADE-FINAL-CA0082000H1[2005-01-11].gz,H1
Imports,842531,COMTRADE-FINAL-CA0082000H1[2005-01-11].gz,H1
Imports,842539,COMTRADE-FINAL-CA0082000H1[2005-01-11].gz,H1
Imports,842541,COMTRADE-FINAL-CA0082000H1[2005-01-11].gz,H1
Imports,842542,COMTRADE-FINAL-CA0082000H1[2005-01-11].gz,H1
Imports,842549,COMTRADE-FINAL-CA0082000H1[2005-01-11].gz,H1
Imports,842611,COMTRADE-FINAL-CA0082000H1[2005-01-11].gz,H1
Imports,842612,COMTRADE-FINAL-CA0082000H1[2005-01-11].gz,H1
Imports,842619,COMTRADE-FINAL-CA0082000H1[2005-01-11].gz,H1
Imports,842620,COMTRADE-FINAL-CA0082000H1[2005-01-11].gz,H1
Imports,842630,COMTRADE-FINAL-CA0082000H1[2005-01-11].gz,H1
Imports,842641,COMTRADE-FINAL-CA0082000H1[2005-01-11].gz,H1
Imports,842649,COMTRADE-FINAL-CA0082000H1[2005-01-11].gz,H1
Imports,842691,COMTRADE-FINAL-CA0082000H1[2005-01-11].gz,H1
Imports,842699,COMTRADE-FINAL-CA0082000H1[2005-01-11].gz,H1
Imports,842710,COMTRADE-FINAL-CA0082000H1[2005-01-11].gz,H1
Imports,842720,COMTRADE-FINAL-CA0082000H1[2005-01-11].gz,H1
Imports,842790,COMTRADE-FINAL-CA0082000H1[2005-01-11].gz,H1
Imports,842810,COMTRADE-FINAL-CA0082000H1[2005-01-11].gz,H1
Imports,842820,COMTRADE-FINAL-CA0082000H1[2005-01-11].gz,H1
Imports,842832,COMTRADE-FINAL-CA0082000H1[2005-01-11].gz,H1
Imports,842833,COMTRADE-FINAL-CA0082000H1[2005-01-11].gz,H1
Imports,842839,COMTRADE-FINAL-CA0082000H1[2005-01-11].gz,H1
Imports,842840,COMTRADE-FINAL-CA0082000H1[2005-01-11].gz,H1
Imports,842850,COMTRADE-FINAL-CA0082000H1[2005-01-11].gz,H1
Imports,842860,COMTRADE-FINAL-CA0082000H1[2005-01-11].gz,H1
Imports,842911,COMTRADE-FINAL-CA0082000H1[2005-01-11].gz,H1
Imports,842919,COMTRADE-FINAL-CA0082000H1[2005-01-11].gz,H1
Imports,842920,COMTRADE-FINAL-CA0082000H1[2005-01-11].gz,H1
Imports,842930,COMTRADE-FINAL-CA0082000H1[2005-01-11].gz,H1
Imports,842940,COMTRADE-FINAL-CA0082000H1[2005-01-11].gz,H1
Imports,842951,COMTRADE-FINAL-CA0082000H1[2005-01-11].gz,H1
Imports,842952,COMTRADE-FINAL-CA0082000H1[2005-01-11].gz,H1
Imports,842959,COMTRADE-FINAL-CA0082000H1[2005-01-11].gz,H1
Imports,843010,COMTRADE-FINAL-CA0082000H1[2005-01-11].gz,H1
Imports,843031,COMTRADE-FINAL-CA0082000H1[2005-01-11].gz,H1
Imports,843039,COMTRADE-FINAL-CA0082000H1[2005-01-11].gz,H1
Imports,843041,COMTRADE-FINAL-CA0082000H1[2005-01-11].gz,H1
Imports,843049,COMTRADE-FINAL-CA0082000H1[2005-01-11].gz,H1
Imports,843050,COMTRADE-FINAL-CA0082000H1[2005-01-11].gz,H1
Imports,843061,COMTRADE-FINAL-CA0082000H1[2005-01-11].gz,H1
Imports,843062,COMTRADE-FINAL-CA0082000H1[2005-01-11].gz,H1
Imports,843069,COMTRADE-FINAL-CA0082000H1[2005-01-11].gz,H1
Imports,843110,COMTRADE-FINAL-CA0082000H1[2005-01-11].gz,H1
Imports,843120,COMTRADE-FINAL-CA0082000H1[2005-01-11].gz,H1
Imports,843131,COMTRADE-FINAL-CA0082000H1[2005-01-11].gz,H1
Imports,843139,COMTRADE-FINAL-CA0082000H1[2005-01-11].gz,H1
Imports,843141,COMTRADE-FINAL-CA0082000H1[2005-01-11].gz,H1
Imports,843142,COMTRADE-FINAL-CA0082000H1[2005-01-11].gz,H1
Imports,843143,COMTRADE-FINAL-CA0082000H1[2005-01-11].gz,H1
Imports,843149,COMTRADE-FINAL-CA0082000H1[2005-01-11].gz,H1
Imports,843210,COMTRADE-FINAL-CA0082000H1[2005-01-11].gz,H1
Imports,843221,COMTRADE-FINAL-CA0082000H1[2005-01-11].gz,H1
Imports,843229,COMTRADE-FINAL-CA0082000H1[2005-01-11].gz,H1
Imports,843230,COMTRADE-FINAL-CA0082000H1[2005-01-11].gz,H1
Imports,843240,COMTRADE-FINAL-CA0082000H1[2005-01-11].gz,H1
Imports,843280,COMTRADE-FINAL-CA0082000H1[2005-01-11].gz,H1
Imports,843290,COMTRADE-FINAL-CA0082000H1[2005-01-11].gz,H1
Imports,843311,COMTRADE-FINAL-CA0082000H1[2005-01-11].gz,H1
Imports,843319,COMTRADE-FINAL-CA0082000H1[2005-01-11].gz,H1
Imports,843320,COMTRADE-FINAL-CA0082000H1[2005-01-11].gz,H1
Imports,843330,COMTRADE-FINAL-CA0082000H1[2005-01-11].gz,H1
Imports,843340,COMTRADE-FINAL-CA0082000H1[2005-01-11].gz,H1
Imports,843351,COMTRADE-FINAL-CA0082000H1[2005-01-11].gz,H1
Imports,843352,COMTRADE-FINAL-CA0082000H1[2005-01-11].gz,H1
Imports,843353,COMTRADE-FINAL-CA0082000H1[2005-01-11].gz,H1
Imports,843359,COMTRADE-FINAL-CA0082000H1[2005-01-11].gz,H1
Imports,843360,COMTRADE-FINAL-CA0082000H1[2005-01-11].gz,H1
Imports,843390,COMTRADE-FINAL-CA0082000H1[2005-01-11].gz,H1
Imports,843410,COMTRADE-FINAL-CA0082000H1[2005-01-11].gz,H1
Imports,843420,COMTRADE-FINAL-CA0082000H1[2005-01-11].gz,H1
Imports,843490,COMTRADE-FINAL-CA0082000H1[2005-01-11].gz,H1
Imports,843510,COMTRADE-FINAL-CA0082000H1[2005-01-11].gz,H1
Imports,843590,COMTRADE-FINAL-CA0082000H1[2005-01-11].gz,H1
Imports,843610,COMTRADE-FINAL-CA0082000H1[2005-01-11].gz,H1
Imports,843621,COMTRADE-FINAL-CA0082000H1[2005-01-11].gz,H1
Imports,843629,COMTRADE-FINAL-CA0082000H1[2005-01-11].gz,H1
Imports,843680,COMTRADE-FINAL-CA0082000H1[2005-01-11].gz,H1
Imports,843691,COMTRADE-FINAL-CA0082000H1[2005-01-11].gz,H1
Imports,843699,COMTRADE-FINAL-CA0082000H1[2005-01-11].gz,H1
Imports,843710,COMTRADE-FINAL-CA0082000H1[2005-01-11].gz,H1
Imports,843780,COMTRADE-FINAL-CA0082000H1[2005-01-11].gz,H1
Imports,843790,COMTRADE-FINAL-CA0082000H1[2005-01-11].gz,H1
Imports,843810,COMTRADE-FINAL-CA0082000H1[2005-01-11].gz,H1
Imports,843820,COMTRADE-FINAL-CA0082000H1[2005-01-11].gz,H1
Imports,843830,COMTRADE-FINAL-CA0082000H1[2005-01-11].gz,H1
Imports,843840,COMTRADE-FINAL-CA0082000H1[2005-01-11].gz,H1
Imports,843850,COMTRADE-FINAL-CA0082000H1[2005-01-11].gz,H1
Imports,843860,COMTRADE-FINAL-CA0082000H1[2005-01-11].gz,H1
Imports,843880,COMTRADE-FINAL-CA0082000H1[2005-01-11].gz,H1
Imports,843890,COMTRADE-FINAL-CA0082000H1[2005-01-11].gz,H1
Imports,843910,COMTRADE-FINAL-CA0082000H1[2005-01-11].gz,H1
Imports,843920,COMTRADE-FINAL-CA0082000H1[2005-01-11].gz,H1
Imports,843930,COMTRADE-FINAL-CA0082000H1[2005-01-11].gz,H1
Imports,843991,COMTRADE-FINAL-CA0082000H1[2005-01-11].gz,H1
Imports,843999,COMTRADE-FINAL-CA0082000H1[2005-01-11].gz,H1
Imports,844010,COMTRADE-FINAL-CA0082000H1[2005-01-11].gz,H1
Imports,844090,COMTRADE-FINAL-CA0082000H1[2005-01-11].gz,H1
Imports,844110,COMTRADE-FINAL-CA0082000H1[2005-01-11].gz,H1
Imports,844120,COMTRADE-FINAL-CA0082000H1[2005-01-11].gz,H1
Imports,844130,COMTRADE-FINAL-CA0082000H1[2005-01-11].gz,H1
Imports,844180,COMTRADE-FINAL-CA0082000H1[2005-01-11].gz,H1
Imports,844190,COMTRADE-FINAL-CA0082000H1[2005-01-11].gz,H1
Imports,844210,COMTRADE-FINAL-CA0082000H1[2005-01-11].gz,H1
Imports,844220,COMTRADE-FINAL-CA0082000H1[2005-01-11].gz,H1
Imports,844230,COMTRADE-FINAL-CA0082000H1[2005-01-11].gz,H1
Imports,844240,COMTRADE-FINAL-CA0082000H1[2005-01-11].gz,H1
Imports,844250,COMTRADE-FINAL-CA0082000H1[2005-01-11].gz,H1
Imports,844311,COMTRADE-FINAL-CA0082000H1[2005-01-11].gz,H1
Imports,844319,COMTRADE-FINAL-CA0082000H1[2005-01-11].gz,H1
Imports,844329,COMTRADE-FINAL-CA0082000H1[2005-01-11].gz,H1
Imports,844330,COMTRADE-FINAL-CA0082000H1[2005-01-11].gz,H1
Imports,844340,COMTRADE-FINAL-CA0082000H1[2005-01-11].gz,H1
Imports,844351,COMTRADE-FINAL-CA0082000H1[2005-01-11].gz,H1
Imports,844359,COMTRADE-FINAL-CA0082000H1[2005-01-11].gz,H1
Imports,844360,COMTRADE-FINAL-CA0082000H1[2005-01-11].gz,H1
Imports,844390,COMTRADE-FINAL-CA0082000H1[2005-01-11].gz,H1
Imports,844400,COMTRADE-FINAL-CA0082000H1[2005-01-11].gz,H1
Imports,844513,COMTRADE-FINAL-CA0082000H1[2005-01-11].gz,H1
Imports,844540,COMTRADE-FINAL-CA0082000H1[2005-01-11].gz,H1
Imports,844590,COMTRADE-FINAL-CA0082000H1[2005-01-11].gz,H1
Imports,844610,COMTRADE-FINAL-CA0082000H1[2005-01-11].gz,H1
Imports,844711,COMTRADE-FINAL-CA0082000H1[2005-01-11].gz,H1
Imports,844712,COMTRADE-FINAL-CA0082000H1[2005-01-11].gz,H1
Imports,844720,COMTRADE-FINAL-CA0082000H1[2005-01-11].gz,H1
Imports,844790,COMTRADE-FINAL-CA0082000H1[2005-01-11].gz,H1
Imports,844819,COMTRADE-FINAL-CA0082000H1[2005-01-11].gz,H1
Imports,844820,COMTRADE-FINAL-CA0082000H1[2005-01-11].gz,H1
Imports,844831,COMTRADE-FINAL-CA0082000H1[2005-01-11].gz,H1
Imports,844851,COMTRADE-FINAL-CA0082000H1[2005-01-11].gz,H1
Imports,844859,COMTRADE-FINAL-CA0082000H1[2005-01-11].gz,H1
Imports,845011,COMTRADE-FINAL-CA0082000H1[2005-01-11].gz,H1
Imports,845012,COMTRADE-FINAL-CA0082000H1[2005-01-11].gz,H1
Imports,845019,COMTRADE-FINAL-CA0082000H1[2005-01-11].gz,H1
Imports,845020,COMTRADE-FINAL-CA0082000H1[2005-01-11].gz,H1
Imports,845090,COMTRADE-FINAL-CA0082000H1[2005-01-11].gz,H1
Imports,845110,COMTRADE-FINAL-CA0082000H1[2005-01-11].gz,H1
Imports,845121,COMTRADE-FINAL-CA0082000H1[2005-01-11].gz,H1
Imports,845129,COMTRADE-FINAL-CA0082000H1[2005-01-11].gz,H1
Imports,845130,COMTRADE-FINAL-CA0082000H1[2005-01-11].gz,H1
Imports,845140,COMTRADE-FINAL-CA0082000H1[2005-01-11].gz,H1
Imports,845150,COMTRADE-FINAL-CA0082000H1[2005-01-11].gz,H1
Imports,845180,COMTRADE-FINAL-CA0082000H1[2005-01-11].gz,H1
Imports,845190,COMTRADE-FINAL-CA0082000H1[2005-01-11].gz,H1
Imports,845210,COMTRADE-FINAL-CA0082000H1[2005-01-11].gz,H1
Imports,845221,COMTRADE-FINAL-CA0082000H1[2005-01-11].gz,H1
Imports,845229,COMTRADE-FINAL-CA0082000H1[2005-01-11].gz,H1
Imports,845230,COMTRADE-FINAL-CA0082000H1[2005-01-11].gz,H1
Imports,845240,COMTRADE-FINAL-CA0082000H1[2005-01-11].gz,H1
Imports,845290,COMTRADE-FINAL-CA0082000H1[2005-01-11].gz,H1
Imports,845310,COMTRADE-FINAL-CA0082000H1[2005-01-11].gz,H1
Imports,845320,COMTRADE-FINAL-CA0082000H1[2005-01-11].gz,H1
Imports,845380,COMTRADE-FINAL-CA0082000H1[2005-01-11].gz,H1
Imports,845390,COMTRADE-FINAL-CA0082000H1[2005-01-11].gz,H1
Imports,845430,COMTRADE-FINAL-CA0082000H1[2005-01-11].gz,H1
Imports,845490,COMTRADE-FINAL-CA0082000H1[2005-01-11].gz,H1
Imports,845510,COMTRADE-FINAL-CA0082000H1[2005-01-11].gz,H1
Imports,845522,COMTRADE-FINAL-CA0082000H1[2005-01-11].gz,H1
Imports,845530,COMTRADE-FINAL-CA0082000H1[2005-01-11].gz,H1
Imports,845590,COMTRADE-FINAL-CA0082000H1[2005-01-11].gz,H1
Imports,845610,COMTRADE-FINAL-CA0082000H1[2005-01-11].gz,H1
Imports,845699,COMTRADE-FINAL-CA0082000H1[2005-01-11].gz,H1
Imports,845710,COMTRADE-FINAL-CA0082000H1[2005-01-11].gz,H1
Imports,845730,COMTRADE-FINAL-CA0082000H1[2005-01-11].gz,H1
Imports,845811,COMTRADE-FINAL-CA0082000H1[2005-01-11].gz,H1
Imports,845819,COMTRADE-FINAL-CA0082000H1[2005-01-11].gz,H1
Imports,845891,COMTRADE-FINAL-CA0082000H1[2005-01-11].gz,H1
Imports,845899,COMTRADE-FINAL-CA0082000H1[2005-01-11].gz,H1
Imports,845921,COMTRADE-FINAL-CA0082000H1[2005-01-11].gz,H1
Imports,845929,COMTRADE-FINAL-CA0082000H1[2005-01-11].gz,H1
Imports,845939,COMTRADE-FINAL-CA0082000H1[2005-01-11].gz,H1
Imports,845940,COMTRADE-FINAL-CA0082000H1[2005-01-11].gz,H1
Imports,845959,COMTRADE-FINAL-CA0082000H1[2005-01-11].gz,H1
Imports,845969,COMTRADE-FINAL-CA0082000H1[2005-01-11].gz,H1
Imports,846019,COMTRADE-FINAL-CA0082000H1[2005-01-11].gz,H1
Imports,846021,COMTRADE-FINAL-CA0082000H1[2005-01-11].gz,H1
Imports,846029,COMTRADE-FINAL-CA0082000H1[2005-01-11].gz,H1
Imports,846039,COMTRADE-FINAL-CA0082000H1[2005-01-11].gz,H1
Imports,846040,COMTRADE-FINAL-CA0082000H1[2005-01-11].gz,H1
Imports,846090,COMTRADE-FINAL-CA0082000H1[2005-01-11].gz,H1
Imports,846110,COMTRADE-FINAL-CA0082000H1[2005-01-11].gz,H1
Imports,846120,COMTRADE-FINAL-CA0082000H1[2005-01-11].gz,H1
Imports,846130,COMTRADE-FINAL-CA0082000H1[2005-01-11].gz,H1
Imports,846140,COMTRADE-FINAL-CA0082000H1[2005-01-11].gz,H1
Imports,846150,COMTRADE-FINAL-CA0082000H1[2005-01-11].gz,H1
Imports,846190,COMTRADE-FINAL-CA0082000H1[2005-01-11].gz,H1
Imports,846210,COMTRADE-FINAL-CA0082000H1[2005-01-11].gz,H1
Imports,846221,COMTRADE-FINAL-CA0082000H1[2005-01-11].gz,H1
Imports,846229,COMTRADE-FINAL-CA0082000H1[2005-01-11].gz,H1
Imports,846231,COMTRADE-FINAL-CA0082000H1[2005-01-11].gz,H1
Imports,846239,COMTRADE-FINAL-CA0082000H1[2005-01-11].gz,H1
Imports,846241,COMTRADE-FINAL-CA0082000H1[2005-01-11].gz,H1
Imports,846249,COMTRADE-FINAL-CA0082000H1[2005-01-11].gz,H1
Imports,846291,COMTRADE-FINAL-CA0082000H1[2005-01-11].gz,H1
Imports,846299,COMTRADE-FINAL-CA0082000H1[2005-01-11].gz,H1
Imports,846310,COMTRADE-FINAL-CA0082000H1[2005-01-11].gz,H1
Imports,846320,COMTRADE-FINAL-CA0082000H1[2005-01-11].gz,H1
Imports,846330,COMTRADE-FINAL-CA0082000H1[2005-01-11].gz,H1
Imports,846390,COMTRADE-FINAL-CA0082000H1[2005-01-11].gz,H1
Imports,846410,COMTRADE-FINAL-CA0082000H1[2005-01-11].gz,H1
Imports,846420,COMTRADE-FINAL-CA0082000H1[2005-01-11].gz,H1
Imports,846490,COMTRADE-FINAL-CA0082000H1[2005-01-11].gz,H1
Imports,846510,COMTRADE-FINAL-CA0082000H1[2005-01-11].gz,H1
Imports,846591,COMTRADE-FINAL-CA0082000H1[2005-01-11].gz,H1
Imports,846592,COMTRADE-FINAL-CA0082000H1[2005-01-11].gz,H1
Imports,846593,COMTRADE-FINAL-CA0082000H1[2005-01-11].gz,H1
Imports,846594,COMTRADE-FINAL-CA0082000H1[2005-01-11].gz,H1
Imports,846595,COMTRADE-FINAL-CA0082000H1[2005-01-11].gz,H1
Imports,846596,COMTRADE-FINAL-CA0082000H1[2005-01-11].gz,H1
Imports,846599,COMTRADE-FINAL-CA0082000H1[2005-01-11].gz,H1
Imports,846610,COMTRADE-FINAL-CA0082000H1[2005-01-11].gz,H1
Imports,846620,COMTRADE-FINAL-CA0082000H1[2005-01-11].gz,H1
Imports,846691,COMTRADE-FINAL-CA0082000H1[2005-01-11].gz,H1
Imports,846692,COMTRADE-FINAL-CA0082000H1[2005-01-11].gz,H1
Imports,846693,COMTRADE-FINAL-CA0082000H1[2005-01-11].gz,H1
Imports,846694,COMTRADE-FINAL-CA0082000H1[2005-01-11].gz,H1
Imports,846711,COMTRADE-FINAL-CA0082000H1[2005-01-11].gz,H1
Imports,846719,COMTRADE-FINAL-CA0082000H1[2005-01-11].gz,H1
Imports,846781,COMTRADE-FINAL-CA0082000H1[2005-01-11].gz,H1
Imports,846789,COMTRADE-FINAL-CA0082000H1[2005-01-11].gz,H1
Imports,846791,COMTRADE-FINAL-CA0082000H1[2005-01-11].gz,H1
Imports,846792,COMTRADE-FINAL-CA0082000H1[2005-01-11].gz,H1
Imports,846799,COMTRADE-FINAL-CA0082000H1[2005-01-11].gz,H1
Imports,846810,COMTRADE-FINAL-CA0082000H1[2005-01-11].gz,H1
Imports,846820,COMTRADE-FINAL-CA0082000H1[2005-01-11].gz,H1
Imports,846880,COMTRADE-FINAL-CA0082000H1[2005-01-11].gz,H1
Imports,846890,COMTRADE-FINAL-CA0082000H1[2005-01-11].gz,H1
Imports,846911,COMTRADE-FINAL-CA0082000H1[2005-01-11].gz,H1
Imports,846912,COMTRADE-FINAL-CA0082000H1[2005-01-11].gz,H1
Imports,846920,COMTRADE-FINAL-CA0082000H1[2005-01-11].gz,H1
Imports,846930,COMTRADE-FINAL-CA0082000H1[2005-01-11].gz,H1
Imports,847010,COMTRADE-FINAL-CA0082000H1[2005-01-11].gz,H1
Imports,847021,COMTRADE-FINAL-CA0082000H1[2005-01-11].gz,H1
Imports,847029,COMTRADE-FINAL-CA0082000H1[2005-01-11].gz,H1
Imports,847030,COMTRADE-FINAL-CA0082000H1[2005-01-11].gz,H1
Imports,847050,COMTRADE-FINAL-CA0082000H1[2005-01-11].gz,H1
Imports,847090,COMTRADE-FINAL-CA0082000H1[2005-01-11].gz,H1
Imports,847110,COMTRADE-FINAL-CA0082000H1[2005-01-11].gz,H1
Imports,847130,COMTRADE-FINAL-CA0082000H1[2005-01-11].gz,H1
Imports,847141,COMTRADE-FINAL-CA0082000H1[2005-01-11].gz,H1
Imports,847149,COMTRADE-FINAL-CA0082000H1[2005-01-11].gz,H1
Imports,847150,COMTRADE-FINAL-CA0082000H1[2005-01-11].gz,H1
Imports,847160,COMTRADE-FINAL-CA0082000H1[2005-01-11].gz,H1
Imports,847170,COMTRADE-FINAL-CA0082000H1[2005-01-11].gz,H1
Imports,847180,COMTRADE-FINAL-CA0082000H1[2005-01-11].gz,H1
Imports,847190,COMTRADE-FINAL-CA0082000H1[2005-01-11].gz,H1
Imports,847210,COMTRADE-FINAL-CA0082000H1[2005-01-11].gz,H1
Imports,847220,COMTRADE-FINAL-CA0082000H1[2005-01-11].gz,H1
Imports,847230,COMTRADE-FINAL-CA0082000H1[2005-01-11].gz,H1
Imports,847290,COMTRADE-FINAL-CA0082000H1[2005-01-11].gz,H1
Imports,847310,COMTRADE-FINAL-CA0082000H1[2005-01-11].gz,H1
Imports,847321,COMTRADE-FINAL-CA0082000H1[2005-01-11].gz,H1
Imports,847329,COMTRADE-FINAL-CA0082000H1[2005-01-11].gz,H1
Imports,847330,COMTRADE-FINAL-CA0082000H1[2005-01-11].gz,H1
Imports,847340,COMTRADE-FINAL-CA0082000H1[2005-01-11].gz,H1
Imports,847350,COMTRADE-FINAL-CA0082000H1[2005-01-11].gz,H1
Imports,847410,COMTRADE-FINAL-CA0082000H1[2005-01-11].gz,H1
Imports,847420,COMTRADE-FINAL-CA0082000H1[2005-01-11].gz,H1
Imports,847431,COMTRADE-FINAL-CA0082000H1[2005-01-11].gz,H1
Imports,847432,COMTRADE-FINAL-CA0082000H1[2005-01-11].gz,H1
Imports,847439,COMTRADE-FINAL-CA0082000H1[2005-01-11].gz,H1
Imports,847480,COMTRADE-FINAL-CA0082000H1[2005-01-11].gz,H1
Imports,847490,COMTRADE-FINAL-CA0082000H1[2005-01-11].gz,H1
Imports,847510,COMTRADE-FINAL-CA0082000H1[2005-01-11].gz,H1
Imports,847529,COMTRADE-FINAL-CA0082000H1[2005-01-11].gz,H1
Imports,847590,COMTRADE-FINAL-CA0082000H1[2005-01-11].gz,H1
Imports,847689,COMTRADE-FINAL-CA0082000H1[2005-01-11].gz,H1
Imports,847690,COMTRADE-FINAL-CA0082000H1[2005-01-11].gz,H1
Imports,847710,COMTRADE-FINAL-CA0082000H1[2005-01-11].gz,H1
Imports,847720,COMTRADE-FINAL-CA0082000H1[2005-01-11].gz,H1
Imports,847730,COMTRADE-FINAL-CA0082000H1[2005-01-11].gz,H1
Imports,847740,COMTRADE-FINAL-CA0082000H1[2005-01-11].gz,H1
Imports,847751,COMTRADE-FINAL-CA0082000H1[2005-01-11].gz,H1
Imports,847759,COMTRADE-FINAL-CA0082000H1[2005-01-11].gz,H1
Imports,847780,COMTRADE-FINAL-CA0082000H1[2005-01-11].gz,H1
Imports,847790,COMTRADE-FINAL-CA0082000H1[2005-01-11].gz,H1
Imports,847810,COMTRADE-FINAL-CA0082000H1[2005-01-11].gz,H1
Imports,847890,COMTRADE-FINAL-CA0082000H1[2005-01-11].gz,H1
Imports,847910,COMTRADE-FINAL-CA0082000H1[2005-01-11].gz,H1
Imports,847920,COMTRADE-FINAL-CA0082000H1[2005-01-11].gz,H1
Imports,847930,COMTRADE-FINAL-CA0082000H1[2005-01-11].gz,H1
Imports,847940,COMTRADE-FINAL-CA0082000H1[2005-01-11].gz,H1
Imports,847950,COMTRADE-FINAL-CA0082000H1[2005-01-11].gz,H1
Imports,847981,COMTRADE-FINAL-CA0082000H1[2005-01-11].gz,H1
Imports,847982,COMTRADE-FINAL-CA0082000H1[2005-01-11].gz,H1
Imports,847989,COMTRADE-FINAL-CA0082000H1[2005-01-11].gz,H1
Imports,847990,COMTRADE-FINAL-CA0082000H1[2005-01-11].gz,H1
Imports,848030,COMTRADE-FINAL-CA0082000H1[2005-01-11].gz,H1
Imports,848041,COMTRADE-FINAL-CA0082000H1[2005-01-11].gz,H1
Imports,848049,COMTRADE-FINAL-CA0082000H1[2005-01-11].gz,H1
Imports,848060,COMTRADE-FINAL-CA0082000H1[2005-01-11].gz,H1
Imports,848071,COMTRADE-FINAL-CA0082000H1[2005-01-11].gz,H1
Imports,848079,COMTRADE-FINAL-CA0082000H1[2005-01-11].gz,H1
Imports,848110,COMTRADE-FINAL-CA0082000H1[2005-01-11].gz,H1
Imports,848120,COMTRADE-FINAL-CA0082000H1[2005-01-11].gz,H1
Imports,848130,COMTRADE-FINAL-CA0082000H1[2005-01-11].gz,H1
Imports,848140,COMTRADE-FINAL-CA0082000H1[2005-01-11].gz,H1
Imports,848180,COMTRADE-FINAL-CA0082000H1[2005-01-11].gz,H1
Imports,848190,COMTRADE-FINAL-CA0082000H1[2005-01-11].gz,H1
Imports,848210,COMTRADE-FINAL-CA0082000H1[2005-01-11].gz,H1
Imports,848220,COMTRADE-FINAL-CA0082000H1[2005-01-11].gz,H1
Imports,848230,COMTRADE-FINAL-CA0082000H1[2005-01-11].gz,H1
Imports,848240,COMTRADE-FINAL-CA0082000H1[2005-01-11].gz,H1
Imports,848250,COMTRADE-FINAL-CA0082000H1[2005-01-11].gz,H1
Imports,848280,COMTRADE-FINAL-CA0082000H1[2005-01-11].gz,H1
Imports,848291,COMTRADE-FINAL-CA0082000H1[2005-01-11].gz,H1
Imports,848299,COMTRADE-FINAL-CA0082000H1[2005-01-11].gz,H1
Imports,848310,COMTRADE-FINAL-CA0082000H1[2005-01-11].gz,H1
Imports,848320,COMTRADE-FINAL-CA0082000H1[2005-01-11].gz,H1
Imports,848330,COMTRADE-FINAL-CA0082000H1[2005-01-11].gz,H1
Imports,848340,COMTRADE-FINAL-CA0082000H1[2005-01-11].gz,H1
Imports,848350,COMTRADE-FINAL-CA0082000H1[2005-01-11].gz,H1
Imports,848360,COMTRADE-FINAL-CA0082000H1[2005-01-11].gz,H1
Imports,848390,COMTRADE-FINAL-CA0082000H1[2005-01-11].gz,H1
Imports,848410,COMTRADE-FINAL-CA0082000H1[2005-01-11].gz,H1
Imports,848420,COMTRADE-FINAL-CA0082000H1[2005-01-11].gz,H1
Imports,848490,COMTRADE-FINAL-CA0082000H1[2005-01-11].gz,H1
Imports,848510,COMTRADE-FINAL-CA0082000H1[2005-01-11].gz,H1
Imports,848590,COMTRADE-FINAL-CA0082000H1[2005-01-11].gz,H1
Imports,850110,COMTRADE-FINAL-CA0082000H1[2005-01-11].gz,H1
Imports,850120,COMTRADE-FINAL-CA0082000H1[2005-01-11].gz,H1
Imports,850131,COMTRADE-FINAL-CA0082000H1[2005-01-11].gz,H1
Imports,850132,COMTRADE-FINAL-CA0082000H1[2005-01-11].gz,H1
Imports,850133,COMTRADE-FINAL-CA0082000H1[2005-01-11].gz,H1
Imports,850134,COMTRADE-FINAL-CA0082000H1[2005-01-11].gz,H1
Imports,850140,COMTRADE-FINAL-CA0082000H1[2005-01-11].gz,H1
Imports,850151,COMTRADE-FINAL-CA0082000H1[2005-01-11].gz,H1
Imports,850152,COMTRADE-FINAL-CA0082000H1[2005-01-11].gz,H1
Imports,850153,COMTRADE-FINAL-CA0082000H1[2005-01-11].gz,H1
Imports,850161,COMTRADE-FINAL-CA0082000H1[2005-01-11].gz,H1
Imports,850162,COMTRADE-FINAL-CA0082000H1[2005-01-11].gz,H1
Imports,850163,COMTRADE-FINAL-CA0082000H1[2005-01-11].gz,H1
Imports,850164,COMTRADE-FINAL-CA0082000H1[2005-01-11].gz,H1
Imports,850211,COMTRADE-FINAL-CA0082000H1[2005-01-11].gz,H1
Imports,850212,COMTRADE-FINAL-CA0082000H1[2005-01-11].gz,H1
Imports,850213,COMTRADE-FINAL-CA0082000H1[2005-01-11].gz,H1
Imports,850220,COMTRADE-FINAL-CA0082000H1[2005-01-11].gz,H1
Imports,850231,COMTRADE-FINAL-CA0082000H1[2005-01-11].gz,H1
Imports,850239,COMTRADE-FINAL-CA0082000H1[2005-01-11].gz,H1
Imports,850240,COMTRADE-FINAL-CA0082000H1[2005-01-11].gz,H1
Imports,850300,COMTRADE-FINAL-CA0082000H1[2005-01-11].gz,H1
Imports,850410,COMTRADE-FINAL-CA0082000H1[2005-01-11].gz,H1
Imports,850421,COMTRADE-FINAL-CA0082000H1[2005-01-11].gz,H1
Imports,850422,COMTRADE-FINAL-CA0082000H1[2005-01-11].gz,H1
Imports,850423,COMTRADE-FINAL-CA0082000H1[2005-01-11].gz,H1
Imports,850431,COMTRADE-FINAL-CA0082000H1[2005-01-11].gz,H1
Imports,850432,COMTRADE-FINAL-CA0082000H1[2005-01-11].gz,H1
Imports,850433,COMTRADE-FINAL-CA0082000H1[2005-01-11].gz,H1
Imports,850434,COMTRADE-FINAL-CA0082000H1[2005-01-11].gz,H1
Imports,850440,COMTRADE-FINAL-CA0082000H1[2005-01-11].gz,H1
Imports,850450,COMTRADE-FINAL-CA0082000H1[2005-01-11].gz,H1
Imports,850490,COMTRADE-FINAL-CA0082000H1[2005-01-11].gz,H1
Imports,850511,COMTRADE-FINAL-CA0082000H1[2005-01-11].gz,H1
Imports,850519,COMTRADE-FINAL-CA0082000H1[2005-01-11].gz,H1
Imports,850520,COMTRADE-FINAL-CA0082000H1[2005-01-11].gz,H1
Imports,850530,COMTRADE-FINAL-CA0082000H1[2005-01-11].gz,H1
Imports,850590,COMTRADE-FINAL-CA0082000H1[2005-01-11].gz,H1
Imports,850610,COMTRADE-FINAL-CA0082000H1[2005-01-11].gz,H1
Imports,850630,COMTRADE-FINAL-CA0082000H1[2005-01-11].gz,H1
Imports,850650,COMTRADE-FINAL-CA0082000H1[2005-01-11].gz,H1
Imports,850660,COMTRADE-FINAL-CA0082000H1[2005-01-11].gz,H1
Imports,850680,COMTRADE-FINAL-CA0082000H1[2005-01-11].gz,H1
Imports,850690,COMTRADE-FINAL-CA0082000H1[2005-01-11].gz,H1
Imports,850710,COMTRADE-FINAL-CA0082000H1[2005-01-11].gz,H1
Imports,850720,COMTRADE-FINAL-CA0082000H1[2005-01-11].gz,H1
Imports,850730,COMTRADE-FINAL-CA0082000H1[2005-01-11].gz,H1
Imports,850740,COMTRADE-FINAL-CA0082000H1[2005-01-11].gz,H1
Imports,850780,COMTRADE-FINAL-CA0082000H1[2005-01-11].gz,H1
Imports,850790,COMTRADE-FINAL-CA0082000H1[2005-01-11].gz,H1
Imports,850810,COMTRADE-FINAL-CA0082000H1[2005-01-11].gz,H1
Imports,850820,COMTRADE-FINAL-CA0082000H1[2005-01-11].gz,H1
Imports,850880,COMTRADE-FINAL-CA0082000H1[2005-01-11].gz,H1
Imports,850890,COMTRADE-FINAL-CA0082000H1[2005-01-11].gz,H1
Imports,850910,COMTRADE-FINAL-CA0082000H1[2005-01-11].gz,H1
Imports,850930,COMTRADE-FINAL-CA0082000H1[2005-01-11].gz,H1
Imports,850940,COMTRADE-FINAL-CA0082000H1[2005-01-11].gz,H1
Imports,850980,COMTRADE-FINAL-CA0082000H1[2005-01-11].gz,H1
Imports,850990,COMTRADE-FINAL-CA0082000H1[2005-01-11].gz,H1
Imports,851010,COMTRADE-FINAL-CA0082000H1[2005-01-11].gz,H1
Imports,851020,COMTRADE-FINAL-CA0082000H1[2005-01-11].gz,H1
Imports,851030,COMTRADE-FINAL-CA0082000H1[2005-01-11].gz,H1
Imports,851090,COMTRADE-FINAL-CA0082000H1[2005-01-11].gz,H1
Imports,851110,COMTRADE-FINAL-CA0082000H1[2005-01-11].gz,H1
Imports,851120,COMTRADE-FINAL-CA0082000H1[2005-01-11].gz,H1
Imports,851130,COMTRADE-FINAL-CA0082000H1[2005-01-11].gz,H1
Imports,851140,COMTRADE-FINAL-CA0082000H1[2005-01-11].gz,H1
Imports,851150,COMTRADE-FINAL-CA0082000H1[2005-01-11].gz,H1
Imports,851180,COMTRADE-FINAL-CA0082000H1[2005-01-11].gz,H1
Imports,851190,COMTRADE-FINAL-CA0082000H1[2005-01-11].gz,H1
Imports,851210,COMTRADE-FINAL-CA0082000H1[2005-01-11].gz,H1
Imports,851220,COMTRADE-FINAL-CA0082000H1[2005-01-11].gz,H1
Imports,851230,COMTRADE-FINAL-CA0082000H1[2005-01-11].gz,H1
Imports,851240,COMTRADE-FINAL-CA0082000H1[2005-01-11].gz,H1
Imports,851290,COMTRADE-FINAL-CA0082000H1[2005-01-11].gz,H1
Imports,851310,COMTRADE-FINAL-CA0082000H1[2005-01-11].gz,H1
Imports,851390,COMTRADE-FINAL-CA0082000H1[2005-01-11].gz,H1
Imports,851410,COMTRADE-FINAL-CA0082000H1[2005-01-11].gz,H1
Imports,851430,COMTRADE-FINAL-CA0082000H1[2005-01-11].gz,H1
Imports,851440,COMTRADE-FINAL-CA0082000H1[2005-01-11].gz,H1
Imports,851490,COMTRADE-FINAL-CA0082000H1[2005-01-11].gz,H1
Imports,851511,COMTRADE-FINAL-CA0082000H1[2005-01-11].gz,H1
Imports,851519,COMTRADE-FINAL-CA0082000H1[2005-01-11].gz,H1
Imports,851529,COMTRADE-FINAL-CA0082000H1[2005-01-11].gz,H1
Imports,851531,COMTRADE-FINAL-CA0082000H1[2005-01-11].gz,H1
Imports,851539,COMTRADE-FINAL-CA0082000H1[2005-01-11].gz,H1
Imports,851580,COMTRADE-FINAL-CA0082000H1[2005-01-11].gz,H1
Imports,851590,COMTRADE-FINAL-CA0082000H1[2005-01-11].gz,H1
Imports,851610,COMTRADE-FINAL-CA0082000H1[2005-01-11].gz,H1
Imports,851621,COMTRADE-FINAL-CA0082000H1[2005-01-11].gz,H1
Imports,851629,COMTRADE-FINAL-CA0082000H1[2005-01-11].gz,H1
Imports,851631,COMTRADE-FINAL-CA0082000H1[2005-01-11].gz,H1
Imports,851632,COMTRADE-FINAL-CA0082000H1[2005-01-11].gz,H1
Imports,851633,COMTRADE-FINAL-CA0082000H1[2005-01-11].gz,H1
Imports,851640,COMTRADE-FINAL-CA0082000H1[2005-01-11].gz,H1
Imports,851650,COMTRADE-FINAL-CA0082000H1[2005-01-11].gz,H1
Imports,851660,COMTRADE-FINAL-CA0082000H1[2005-01-11].gz,H1
Imports,851671,COMTRADE-FINAL-CA0082000H1[2005-01-11].gz,H1
Imports,851672,COMTRADE-FINAL-CA0082000H1[2005-01-11].gz,H1
Imports,851679,COMTRADE-FINAL-CA0082000H1[2005-01-11].gz,H1
Imports,851680,COMTRADE-FINAL-CA0082000H1[2005-01-11].gz,H1
Imports,851690,COMTRADE-FINAL-CA0082000H1[2005-01-11].gz,H1
Imports,851711,COMTRADE-FINAL-CA0082000H1[2005-01-11].gz,H1
Imports,851719,COMTRADE-FINAL-CA0082000H1[2005-01-11].gz,H1
Imports,851721,COMTRADE-FINAL-CA0082000H1[2005-01-11].gz,H1
Imports,851722,COMTRADE-FINAL-CA0082000H1[2005-01-11].gz,H1
Imports,851730,COMTRADE-FINAL-CA0082000H1[2005-01-11].gz,H1
Imports,851750,COMTRADE-FINAL-CA0082000H1[2005-01-11].gz,H1
Imports,851780,COMTRADE-FINAL-CA0082000H1[2005-01-11].gz,H1
Imports,851790,COMTRADE-FINAL-CA0082000H1[2005-01-11].gz,H1
Imports,851810,COMTRADE-FINAL-CA0082000H1[2005-01-11].gz,H1
Imports,851821,COMTRADE-FINAL-CA0082000H1[2005-01-11].gz,H1
Imports,851822,COMTRADE-FINAL-CA0082000H1[2005-01-11].gz,H1
Imports,851829,COMTRADE-FINAL-CA0082000H1[2005-01-11].gz,H1
Imports,851830,COMTRADE-FINAL-CA0082000H1[2005-01-11].gz,H1
Imports,851840,COMTRADE-FINAL-CA0082000H1[2005-01-11].gz,H1
Imports,851850,COMTRADE-FINAL-CA0082000H1[2005-01-11].gz,H1
Imports,851890,COMTRADE-FINAL-CA0082000H1[2005-01-11].gz,H1
Imports,851910,COMTRADE-FINAL-CA0082000H1[2005-01-11].gz,H1
Imports,851921,COMTRADE-FINAL-CA0082000H1[2005-01-11].gz,H1
Imports,851929,COMTRADE-FINAL-CA0082000H1[2005-01-11].gz,H1
Imports,851939,COMTRADE-FINAL-CA0082000H1[2005-01-11].gz,H1
Imports,851940,COMTRADE-FINAL-CA0082000H1[2005-01-11].gz,H1
Imports,851992,COMTRADE-FINAL-CA0082000H1[2005-01-11].gz,H1
Imports,851993,COMTRADE-FINAL-CA0082000H1[2005-01-11].gz,H1
Imports,851999,COMTRADE-FINAL-CA0082000H1[2005-01-11].gz,H1
Imports,852010,COMTRADE-FINAL-CA0082000H1[2005-01-11].gz,H1
Imports,852020,COMTRADE-FINAL-CA0082000H1[2005-01-11].gz,H1
Imports,852032,COMTRADE-FINAL-CA0082000H1[2005-01-11].gz,H1
Imports,852033,COMTRADE-FINAL-CA0082000H1[2005-01-11].gz,H1
Imports,852039,COMTRADE-FINAL-CA0082000H1[2005-01-11].gz,H1
Imports,852090,COMTRADE-FINAL-CA0082000H1[2005-01-11].gz,H1
Imports,852110,COMTRADE-FINAL-CA0082000H1[2005-01-11].gz,H1
Imports,852190,COMTRADE-FINAL-CA0082000H1[2005-01-11].gz,H1
Imports,852210,COMTRADE-FINAL-CA0082000H1[2005-01-11].gz,H1
Imports,852290,COMTRADE-FINAL-CA0082000H1[2005-01-11].gz,H1
Imports,852311,COMTRADE-FINAL-CA0082000H1[2005-01-11].gz,H1
Imports,852312,COMTRADE-FINAL-CA0082000H1[2005-01-11].gz,H1
Imports,852313,COMTRADE-FINAL-CA0082000H1[2005-01-11].gz,H1
Imports,852320,COMTRADE-FINAL-CA0082000H1[2005-01-11].gz,H1
Imports,852390,COMTRADE-FINAL-CA0082000H1[2005-01-11].gz,H1
Imports,852410,COMTRADE-FINAL-CA0082000H1[2005-01-11].gz,H1
Imports,852431,COMTRADE-FINAL-CA0082000H1[2005-01-11].gz,H1
Imports,852432,COMTRADE-FINAL-CA0082000H1[2005-01-11].gz,H1
Imports,852439,COMTRADE-FINAL-CA0082000H1[2005-01-11].gz,H1
Imports,852440,COMTRADE-FINAL-CA0082000H1[2005-01-11].gz,H1
Imports,852451,COMTRADE-FINAL-CA0082000H1[2005-01-11].gz,H1
Imports,852453,COMTRADE-FINAL-CA0082000H1[2005-01-11].gz,H1
Imports,852460,COMTRADE-FINAL-CA0082000H1[2005-01-11].gz,H1
Imports,852491,COMTRADE-FINAL-CA0082000H1[2005-01-11].gz,H1
Imports,852499,COMTRADE-FINAL-CA0082000H1[2005-01-11].gz,H1
Imports,852510,COMTRADE-FINAL-CA0082000H1[2005-01-11].gz,H1
Imports,852520,COMTRADE-FINAL-CA0082000H1[2005-01-11].gz,H1
Imports,852530,COMTRADE-FINAL-CA0082000H1[2005-01-11].gz,H1
Imports,852540,COMTRADE-FINAL-CA0082000H1[2005-01-11].gz,H1
Imports,852610,COMTRADE-FINAL-CA0082000H1[2005-01-11].gz,H1
Imports,852691,COMTRADE-FINAL-CA0082000H1[2005-01-11].gz,H1
Imports,852692,COMTRADE-FINAL-CA0082000H1[2005-01-11].gz,H1
Imports,852712,COMTRADE-FINAL-CA0082000H1[2005-01-11].gz,H1
Imports,852713,COMTRADE-FINAL-CA0082000H1[2005-01-11].gz,H1
Imports,852719,COMTRADE-FINAL-CA0082000H1[2005-01-11].gz,H1
Imports,852721,COMTRADE-FINAL-CA0082000H1[2005-01-11].gz,H1
Imports,852729,COMTRADE-FINAL-CA0082000H1[2005-01-11].gz,H1
Imports,852731,COMTRADE-FINAL-CA0082000H1[2005-01-11].gz,H1
Imports,852732,COMTRADE-FINAL-CA0082000H1[2005-01-11].gz,H1
Imports,852790,COMTRADE-FINAL-CA0082000H1[2005-01-11].gz,H1
Imports,852812,COMTRADE-FINAL-CA0082000H1[2005-01-11].gz,H1
Imports,852813,COMTRADE-FINAL-CA0082000H1[2005-01-11].gz,H1
Imports,852821,COMTRADE-FINAL-CA0082000H1[2005-01-11].gz,H1
Imports,852822,COMTRADE-FINAL-CA0082000H1[2005-01-11].gz,H1
Imports,852830,COMTRADE-FINAL-CA0082000H1[2005-01-11].gz,H1
Imports,852910,COMTRADE-FINAL-CA0082000H1[2005-01-11].gz,H1
Imports,852990,COMTRADE-FINAL-CA0082000H1[2005-01-11].gz,H1
Imports,853080,COMTRADE-FINAL-CA0082000H1[2005-01-11].gz,H1
Imports,853090,COMTRADE-FINAL-CA0082000H1[2005-01-11].gz,H1
Imports,853110,COMTRADE-FINAL-CA0082000H1[2005-01-11].gz,H1
Imports,853120,COMTRADE-FINAL-CA0082000H1[2005-01-11].gz,H1
Imports,853180,COMTRADE-FINAL-CA0082000H1[2005-01-11].gz,H1
Imports,853190,COMTRADE-FINAL-CA0082000H1[2005-01-11].gz,H1
Imports,853210,COMTRADE-FINAL-CA0082000H1[2005-01-11].gz,H1
Imports,853224,COMTRADE-FINAL-CA0082000H1[2005-01-11].gz,H1
Imports,853229,COMTRADE-FINAL-CA0082000H1[2005-01-11].gz,H1
Imports,853310,COMTRADE-FINAL-CA0082000H1[2005-01-11].gz,H1
Imports,853321,COMTRADE-FINAL-CA0082000H1[2005-01-11].gz,H1
Imports,853329,COMTRADE-FINAL-CA0082000H1[2005-01-11].gz,H1
Imports,853339,COMTRADE-FINAL-CA0082000H1[2005-01-11].gz,H1
Imports,853340,COMTRADE-FINAL-CA0082000H1[2005-01-11].gz,H1
Imports,853390,COMTRADE-FINAL-CA0082000H1[2005-01-11].gz,H1
Imports,853400,COMTRADE-FINAL-CA0082000H1[2005-01-11].gz,H1
Imports,853510,COMTRADE-FINAL-CA0082000H1[2005-01-11].gz,H1
Imports,853521,COMTRADE-FINAL-CA0082000H1[2005-01-11].gz,H1
Imports,853529,COMTRADE-FINAL-CA0082000H1[2005-01-11].gz,H1
Imports,853530,COMTRADE-FINAL-CA0082000H1[2005-01-11].gz,H1
Imports,853540,COMTRADE-FINAL-CA0082000H1[2005-01-11].gz,H1
Imports,853590,COMTRADE-FINAL-CA0082000H1[2005-01-11].gz,H1
Imports,853610,COMTRADE-FINAL-CA0082000H1[2005-01-11].gz,H1
Imports,853620,COMTRADE-FINAL-CA0082000H1[2005-01-11].gz,H1
Imports,853630,COMTRADE-FINAL-CA0082000H1[2005-01-11].gz,H1
Imports,853641,COMTRADE-FINAL-CA0082000H1[2005-01-11].gz,H1
Imports,853649,COMTRADE-FINAL-CA0082000H1[2005-01-11].gz,H1
Imports,853650,COMTRADE-FINAL-CA0082000H1[2005-01-11].gz,H1
Imports,853661,COMTRADE-FINAL-CA0082000H1[2005-01-11].gz,H1
Imports,853669,COMTRADE-FINAL-CA0082000H1[2005-01-11].gz,H1
Imports,853690,COMTRADE-FINAL-CA0082000H1[2005-01-11].gz,H1
Imports,853710,COMTRADE-FINAL-CA0082000H1[2005-01-11].gz,H1
Imports,853720,COMTRADE-FINAL-CA0082000H1[2005-01-11].gz,H1
Imports,853810,COMTRADE-FINAL-CA0082000H1[2005-01-11].gz,H1
Imports,853890,COMTRADE-FINAL-CA0082000H1[2005-01-11].gz,H1
Imports,853910,COMTRADE-FINAL-CA0082000H1[2005-01-11].gz,H1
Imports,853921,COMTRADE-FINAL-CA0082000H1[2005-01-11].gz,H1
Imports,853922,COMTRADE-FINAL-CA0082000H1[2005-01-11].gz,H1
Imports,853929,COMTRADE-FINAL-CA0082000H1[2005-01-11].gz,H1
Imports,853931,COMTRADE-FINAL-CA0082000H1[2005-01-11].gz,H1
Imports,853932,COMTRADE-FINAL-CA0082000H1[2005-01-11].gz,H1
Imports,853939,COMTRADE-FINAL-CA0082000H1[2005-01-11].gz,H1
Imports,853941,COMTRADE-FINAL-CA0082000H1[2005-01-11].gz,H1
Imports,853949,COMTRADE-FINAL-CA0082000H1[2005-01-11].gz,H1
Imports,853990,COMTRADE-FINAL-CA0082000H1[2005-01-11].gz,H1
Imports,854011,COMTRADE-FINAL-CA0082000H1[2005-01-11].gz,H1
Imports,854020,COMTRADE-FINAL-CA0082000H1[2005-01-11].gz,H1
Imports,854079,COMTRADE-FINAL-CA0082000H1[2005-01-11].gz,H1
Imports,854081,COMTRADE-FINAL-CA0082000H1[2005-01-11].gz,H1
Imports,854099,COMTRADE-FINAL-CA0082000H1[2005-01-11].gz,H1
Imports,854110,COMTRADE-FINAL-CA0082000H1[2005-01-11].gz,H1
Imports,854121,COMTRADE-FINAL-CA0082000H1[2005-01-11].gz,H1
Imports,854129,COMTRADE-FINAL-CA0082000H1[2005-01-11].gz,H1
Imports,854140,COMTRADE-FINAL-CA0082000H1[2005-01-11].gz,H1
Imports,854150,COMTRADE-FINAL-CA0082000H1[2005-01-11].gz,H1
Imports,854212,COMTRADE-FINAL-CA0082000H1[2005-01-11].gz,H1
Imports,854213,COMTRADE-FINAL-CA0082000H1[2005-01-11].gz,H1
Imports,854214,COMTRADE-FINAL-CA0082000H1[2005-01-11].gz,H1
Imports,854219,COMTRADE-FINAL-CA0082000H1[2005-01-11].gz,H1
Imports,854240,COMTRADE-FINAL-CA0082000H1[2005-01-11].gz,H1
Imports,854319,COMTRADE-FINAL-CA0082000H1[2005-01-11].gz,H1
Imports,854320,COMTRADE-FINAL-CA0082000H1[2005-01-11].gz,H1
Imports,854389,COMTRADE-FINAL-CA0082000H1[2005-01-11].gz,H1
Imports,854390,COMTRADE-FINAL-CA0082000H1[2005-01-11].gz,H1
Imports,854411,COMTRADE-FINAL-CA0082000H1[2005-01-11].gz,H1
Imports,854419,COMTRADE-FINAL-CA0082000H1[2005-01-11].gz,H1
Imports,854420,COMTRADE-FINAL-CA0082000H1[2005-01-11].gz,H1
Imports,854430,COMTRADE-FINAL-CA0082000H1[2005-01-11].gz,H1
Imports,854441,COMTRADE-FINAL-CA0082000H1[2005-01-11].gz,H1
Imports,854449,COMTRADE-FINAL-CA0082000H1[2005-01-11].gz,H1
Imports,854451,COMTRADE-FINAL-CA0082000H1[2005-01-11].gz,H1
Imports,854459,COMTRADE-FINAL-CA0082000H1[2005-01-11].gz,H1
Imports,854460,COMTRADE-FINAL-CA0082000H1[2005-01-11].gz,H1
Imports,854470,COMTRADE-FINAL-CA0082000H1[2005-01-11].gz,H1
Imports,854519,COMTRADE-FINAL-CA0082000H1[2005-01-11].gz,H1
Imports,854590,COMTRADE-FINAL-CA0082000H1[2005-01-11].gz,H1
Imports,854610,COMTRADE-FINAL-CA0082000H1[2005-01-11].gz,H1
Imports,854620,COMTRADE-FINAL-CA0082000H1[2005-01-11].gz,H1
Imports,854690,COMTRADE-FINAL-CA0082000H1[2005-01-11].gz,H1
Imports,854710,COMTRADE-FINAL-CA0082000H1[2005-01-11].gz,H1
Imports,854720,COMTRADE-FINAL-CA0082000H1[2005-01-11].gz,H1
Imports,854790,COMTRADE-FINAL-CA0082000H1[2005-01-11].gz,H1
Imports,854890,COMTRADE-FINAL-CA0082000H1[2005-01-11].gz,H1
Imports,860110,COMTRADE-FINAL-CA0082000H1[2005-01-11].gz,H1
Imports,860400,COMTRADE-FINAL-CA0082000H1[2005-01-11].gz,H1
Imports,860500,COMTRADE-FINAL-CA0082000H1[2005-01-11].gz,H1
Imports,860692,COMTRADE-FINAL-CA0082000H1[2005-01-11].gz,H1
Imports,860721,COMTRADE-FINAL-CA0082000H1[2005-01-11].gz,H1
Imports,860730,COMTRADE-FINAL-CA0082000H1[2005-01-11].gz,H1
Imports,860791,COMTRADE-FINAL-CA0082000H1[2005-01-11].gz,H1
Imports,860799,COMTRADE-FINAL-CA0082000H1[2005-01-11].gz,H1
Imports,860800,COMTRADE-FINAL-CA0082000H1[2005-01-11].gz,H1
Imports,860900,COMTRADE-FINAL-CA0082000H1[2005-01-11].gz,H1
Imports,870110,COMTRADE-FINAL-CA0082000H1[2005-01-11].gz,H1
Imports,870120,COMTRADE-FINAL-CA0082000H1[2005-01-11].gz,H1
Imports,870130,COMTRADE-FINAL-CA0082000H1[2005-01-11].gz,H1
Imports,870190,COMTRADE-FINAL-CA0082000H1[2005-01-11].gz,H1
Imports,870210,COMTRADE-FINAL-CA0082000H1[2005-01-11].gz,H1
Imports,870290,COMTRADE-FINAL-CA0082000H1[2005-01-11].gz,H1
Imports,870310,COMTRADE-FINAL-CA0082000H1[2005-01-11].gz,H1
Imports,870321,COMTRADE-FINAL-CA0082000H1[2005-01-11].gz,H1
Imports,870322,COMTRADE-FINAL-CA0082000H1[2005-01-11].gz,H1
Imports,870323,COMTRADE-FINAL-CA0082000H1[2005-01-11].gz,H1
Imports,870324,COMTRADE-FINAL-CA0082000H1[2005-01-11].gz,H1
Imports,870331,COMTRADE-FINAL-CA0082000H1[2005-01-11].gz,H1
Imports,870332,COMTRADE-FINAL-CA0082000H1[2005-01-11].gz,H1
Imports,870333,COMTRADE-FINAL-CA0082000H1[2005-01-11].gz,H1
Imports,870390,COMTRADE-FINAL-CA0082000H1[2005-01-11].gz,H1
Imports,870410,COMTRADE-FINAL-CA0082000H1[2005-01-11].gz,H1
Imports,870421,COMTRADE-FINAL-CA0082000H1[2005-01-11].gz,H1
Imports,870422,COMTRADE-FINAL-CA0082000H1[2005-01-11].gz,H1
Imports,870423,COMTRADE-FINAL-CA0082000H1[2005-01-11].gz,H1
Imports,870431,COMTRADE-FINAL-CA0082000H1[2005-01-11].gz,H1
Imports,870432,COMTRADE-FINAL-CA0082000H1[2005-01-11].gz,H1
Imports,870490,COMTRADE-FINAL-CA0082000H1[2005-01-11].gz,H1
Imports,870510,COMTRADE-FINAL-CA0082000H1[2005-01-11].gz,H1
Imports,870520,COMTRADE-FINAL-CA0082000H1[2005-01-11].gz,H1
Imports,870540,COMTRADE-FINAL-CA0082000H1[2005-01-11].gz,H1
Imports,870590,COMTRADE-FINAL-CA0082000H1[2005-01-11].gz,H1
Imports,870600,COMTRADE-FINAL-CA0082000H1[2005-01-11].gz,H1
Imports,870710,COMTRADE-FINAL-CA0082000H1[2005-01-11].gz,H1
Imports,870790,COMTRADE-FINAL-CA0082000H1[2005-01-11].gz,H1
Imports,870810,COMTRADE-FINAL-CA0082000H1[2005-01-11].gz,H1
Imports,870821,COMTRADE-FINAL-CA0082000H1[2005-01-11].gz,H1
Imports,870829,COMTRADE-FINAL-CA0082000H1[2005-01-11].gz,H1
Imports,870831,COMTRADE-FINAL-CA0082000H1[2005-01-11].gz,H1
Imports,870839,COMTRADE-FINAL-CA0082000H1[2005-01-11].gz,H1
Imports,870840,COMTRADE-FINAL-CA0082000H1[2005-01-11].gz,H1
Imports,870850,COMTRADE-FINAL-CA0082000H1[2005-01-11].gz,H1
Imports,870860,COMTRADE-FINAL-CA0082000H1[2005-01-11].gz,H1
Imports,870870,COMTRADE-FINAL-CA0082000H1[2005-01-11].gz,H1
Imports,870880,COMTRADE-FINAL-CA0082000H1[2005-01-11].gz,H1
Imports,870891,COMTRADE-FINAL-CA0082000H1[2005-01-11].gz,H1
Imports,870892,COMTRADE-FINAL-CA0082000H1[2005-01-11].gz,H1
Imports,870893,COMTRADE-FINAL-CA0082000H1[2005-01-11].gz,H1
Imports,870894,COMTRADE-FINAL-CA0082000H1[2005-01-11].gz,H1
Imports,870899,COMTRADE-FINAL-CA0082000H1[2005-01-11].gz,H1
Imports,870911,COMTRADE-FINAL-CA0082000H1[2005-01-11].gz,H1
Imports,870919,COMTRADE-FINAL-CA0082000H1[2005-01-11].gz,H1
Imports,870990,COMTRADE-FINAL-CA0082000H1[2005-01-11].gz,H1
Imports,871000,COMTRADE-FINAL-CA0082000H1[2005-01-11].gz,H1
Imports,871110,COMTRADE-FINAL-CA0082000H1[2005-01-11].gz,H1
Imports,871120,COMTRADE-FINAL-CA0082000H1[2005-01-11].gz,H1
Imports,871130,COMTRADE-FINAL-CA0082000H1[2005-01-11].gz,H1
Imports,871140,COMTRADE-FINAL-CA0082000H1[2005-01-11].gz,H1
Imports,871150,COMTRADE-FINAL-CA0082000H1[2005-01-11].gz,H1
Imports,871190,COMTRADE-FINAL-CA0082000H1[2005-01-11].gz,H1
Imports,871200,COMTRADE-FINAL-CA0082000H1[2005-01-11].gz,H1
Imports,871310,COMTRADE-FINAL-CA0082000H1[2005-01-11].gz,H1
Imports,871390,COMTRADE-FINAL-CA0082000H1[2005-01-11].gz,H1
Imports,871411,COMTRADE-FINAL-CA0082000H1[2005-01-11].gz,H1
Imports,871419,COMTRADE-FINAL-CA0082000H1[2005-01-11].gz,H1
Imports,871420,COMTRADE-FINAL-CA0082000H1[2005-01-11].gz,H1
Imports,871491,COMTRADE-FINAL-CA0082000H1[2005-01-11].gz,H1
Imports,871492,COMTRADE-FINAL-CA0082000H1[2005-01-11].gz,H1
Imports,871493,COMTRADE-FINAL-CA0082000H1[2005-01-11].gz,H1
Imports,871494,COMTRADE-FINAL-CA0082000H1[2005-01-11].gz,H1
Imports,871495,COMTRADE-FINAL-CA0082000H1[2005-01-11].gz,H1
Imports,871496,COMTRADE-FINAL-CA0082000H1[2005-01-11].gz,H1
Imports,871499,COMTRADE-FINAL-CA0082000H1[2005-01-11].gz,H1
Imports,871500,COMTRADE-FINAL-CA0082000H1[2005-01-11].gz,H1
Imports,871610,COMTRADE-FINAL-CA0082000H1[2005-01-11].gz,H1
Imports,871620,COMTRADE-FINAL-CA0082000H1[2005-01-11].gz,H1
Imports,871631,COMTRADE-FINAL-CA0082000H1[2005-01-11].gz,H1
Imports,871639,COMTRADE-FINAL-CA0082000H1[2005-01-11].gz,H1
Imports,871640,COMTRADE-FINAL-CA0082000H1[2005-01-11].gz,H1
Imports,871680,COMTRADE-FINAL-CA0082000H1[2005-01-11].gz,H1
Imports,871690,COMTRADE-FINAL-CA0082000H1[2005-01-11].gz,H1
Imports,880320,COMTRADE-FINAL-CA0082000H1[2005-01-11].gz,H1
Imports,880330,COMTRADE-FINAL-CA0082000H1[2005-01-11].gz,H1
Imports,880400,COMTRADE-FINAL-CA0082000H1[2005-01-11].gz,H1
Imports,880510,COMTRADE-FINAL-CA0082000H1[2005-01-11].gz,H1
Imports,890110,COMTRADE-FINAL-CA0082000H1[2005-01-11].gz,H1
Imports,890190,COMTRADE-FINAL-CA0082000H1[2005-01-11].gz,H1
Imports,890200,COMTRADE-FINAL-CA0082000H1[2005-01-11].gz,H1
Imports,890310,COMTRADE-FINAL-CA0082000H1[2005-01-11].gz,H1
Imports,890391,COMTRADE-FINAL-CA0082000H1[2005-01-11].gz,H1
Imports,890392,COMTRADE-FINAL-CA0082000H1[2005-01-11].gz,H1
Imports,890399,COMTRADE-FINAL-CA0082000H1[2005-01-11].gz,H1
Imports,890510,COMTRADE-FINAL-CA0082000H1[2005-01-11].gz,H1
Imports,890600,COMTRADE-FINAL-CA0082000H1[2005-01-11].gz,H1
Imports,890710,COMTRADE-FINAL-CA0082000H1[2005-01-11].gz,H1
Imports,890790,COMTRADE-FINAL-CA0082000H1[2005-01-11].gz,H1
Imports,890800,COMTRADE-FINAL-CA0082000H1[2005-01-11].gz,H1
Imports,900110,COMTRADE-FINAL-CA0082000H1[2005-01-11].gz,H1
Imports,900120,COMTRADE-FINAL-CA0082000H1[2005-01-11].gz,H1
Imports,900140,COMTRADE-FINAL-CA0082000H1[2005-01-11].gz,H1
Imports,900150,COMTRADE-FINAL-CA0082000H1[2005-01-11].gz,H1
Imports,900190,COMTRADE-FINAL-CA0082000H1[2005-01-11].gz,H1
Imports,900211,COMTRADE-FINAL-CA0082000H1[2005-01-11].gz,H1
Imports,900220,COMTRADE-FINAL-CA0082000H1[2005-01-11].gz,H1
Imports,900290,COMTRADE-FINAL-CA0082000H1[2005-01-11].gz,H1
Imports,900311,COMTRADE-FINAL-CA0082000H1[2005-01-11].gz,H1
Imports,900319,COMTRADE-FINAL-CA0082000H1[2005-01-11].gz,H1
Imports,900390,COMTRADE-FINAL-CA0082000H1[2005-01-11].gz,H1
Imports,900410,COMTRADE-FINAL-CA0082000H1[2005-01-11].gz,H1
Imports,900490,COMTRADE-FINAL-CA0082000H1[2005-01-11].gz,H1
Imports,900510,COMTRADE-FINAL-CA0082000H1[2005-01-11].gz,H1
Imports,900580,COMTRADE-FINAL-CA0082000H1[2005-01-11].gz,H1
Imports,900610,COMTRADE-FINAL-CA0082000H1[2005-01-11].gz,H1
Imports,900620,COMTRADE-FINAL-CA0082000H1[2005-01-11].gz,H1
Imports,900640,COMTRADE-FINAL-CA0082000H1[2005-01-11].gz,H1
Imports,900652,COMTRADE-FINAL-CA0082000H1[2005-01-11].gz,H1
Imports,900653,COMTRADE-FINAL-CA0082000H1[2005-01-11].gz,H1
Imports,900659,COMTRADE-FINAL-CA0082000H1[2005-01-11].gz,H1
Imports,900661,COMTRADE-FINAL-CA0082000H1[2005-01-11].gz,H1
Imports,900669,COMTRADE-FINAL-CA0082000H1[2005-01-11].gz,H1
Imports,900691,COMTRADE-FINAL-CA0082000H1[2005-01-11].gz,H1
Imports,900699,COMTRADE-FINAL-CA0082000H1[2005-01-11].gz,H1
Imports,900719,COMTRADE-FINAL-CA0082000H1[2005-01-11].gz,H1
Imports,900720,COMTRADE-FINAL-CA0082000H1[2005-01-11].gz,H1
Imports,900791,COMTRADE-FINAL-CA0082000H1[2005-01-11].gz,H1
Imports,900810,COMTRADE-FINAL-CA0082000H1[2005-01-11].gz,H1
Imports,900820,COMTRADE-FINAL-CA0082000H1[2005-01-11].gz,H1
Imports,900830,COMTRADE-FINAL-CA0082000H1[2005-01-11].gz,H1
Imports,900840,COMTRADE-FINAL-CA0082000H1[2005-01-11].gz,H1
Imports,900890,COMTRADE-FINAL-CA0082000H1[2005-01-11].gz,H1
Imports,900911,COMTRADE-FINAL-CA0082000H1[2005-01-11].gz,H1
Imports,900912,COMTRADE-FINAL-CA0082000H1[2005-01-11].gz,H1
Imports,900921,COMTRADE-FINAL-CA0082000H1[2005-01-11].gz,H1
Imports,900922,COMTRADE-FINAL-CA0082000H1[2005-01-11].gz,H1
Imports,900930,COMTRADE-FINAL-CA0082000H1[2005-01-11].gz,H1
Imports,900990,COMTRADE-FINAL-CA0082000H1[2005-01-11].gz,H1
Imports,901010,COMTRADE-FINAL-CA0082000H1[2005-01-11].gz,H1
Imports,901049,COMTRADE-FINAL-CA0082000H1[2005-01-11].gz,H1
Imports,901050,COMTRADE-FINAL-CA0082000H1[2005-01-11].gz,H1
Imports,901090,COMTRADE-FINAL-CA0082000H1[2005-01-11].gz,H1
Imports,901110,COMTRADE-FINAL-CA0082000H1[2005-01-11].gz,H1
Imports,901180,COMTRADE-FINAL-CA0082000H1[2005-01-11].gz,H1
Imports,901190,COMTRADE-FINAL-CA0082000H1[2005-01-11].gz,H1
Imports,901210,COMTRADE-FINAL-CA0082000H1[2005-01-11].gz,H1
Imports,901290,COMTRADE-FINAL-CA0082000H1[2005-01-11].gz,H1
Imports,901320,COMTRADE-FINAL-CA0082000H1[2005-01-11].gz,H1
Imports,901380,COMTRADE-FINAL-CA0082000H1[2005-01-11].gz,H1
Imports,901390,COMTRADE-FINAL-CA0082000H1[2005-01-11].gz,H1
Imports,901410,COMTRADE-FINAL-CA0082000H1[2005-01-11].gz,H1
Imports,901510,COMTRADE-FINAL-CA0082000H1[2005-01-11].gz,H1
Imports,901530,COMTRADE-FINAL-CA0082000H1[2005-01-11].gz,H1
Imports,901580,COMTRADE-FINAL-CA0082000H1[2005-01-11].gz,H1
Imports,901590,COMTRADE-FINAL-CA0082000H1[2005-01-11].gz,H1
Imports,901600,COMTRADE-FINAL-CA0082000H1[2005-01-11].gz,H1
Imports,901710,COMTRADE-FINAL-CA0082000H1[2005-01-11].gz,H1
Imports,901720,COMTRADE-FINAL-CA0082000H1[2005-01-11].gz,H1
Imports,901730,COMTRADE-FINAL-CA0082000H1[2005-01-11].gz,H1
Imports,901780,COMTRADE-FINAL-CA0082000H1[2005-01-11].gz,H1
Imports,901790,COMTRADE-FINAL-CA0082000H1[2005-01-11].gz,H1
Imports,901811,COMTRADE-FINAL-CA0082000H1[2005-01-11].gz,H1
Imports,901812,COMTRADE-FINAL-CA0082000H1[2005-01-11].gz,H1
Imports,901819,COMTRADE-FINAL-CA0082000H1[2005-01-11].gz,H1
Imports,901820,COMTRADE-FINAL-CA0082000H1[2005-01-11].gz,H1
Imports,901831,COMTRADE-FINAL-CA0082000H1[2005-01-11].gz,H1
Imports,901832,COMTRADE-FINAL-CA0082000H1[2005-01-11].gz,H1
Imports,901839,COMTRADE-FINAL-CA0082000H1[2005-01-11].gz,H1
Imports,901841,COMTRADE-FINAL-CA0082000H1[2005-01-11].gz,H1
Imports,901849,COMTRADE-FINAL-CA0082000H1[2005-01-11].gz,H1
Imports,901850,COMTRADE-FINAL-CA0082000H1[2005-01-11].gz,H1
Imports,901890,COMTRADE-FINAL-CA0082000H1[2005-01-11].gz,H1
Imports,901910,COMTRADE-FINAL-CA0082000H1[2005-01-11].gz,H1
Imports,901920,COMTRADE-FINAL-CA0082000H1[2005-01-11].gz,H1
Imports,902000,COMTRADE-FINAL-CA0082000H1[2005-01-11].gz,H1
Imports,902111,COMTRADE-FINAL-CA0082000H1[2005-01-11].gz,H1
Imports,902119,COMTRADE-FINAL-CA0082000H1[2005-01-11].gz,H1
Imports,902121,COMTRADE-FINAL-CA0082000H1[2005-01-11].gz,H1
Imports,902129,COMTRADE-FINAL-CA0082000H1[2005-01-11].gz,H1
Imports,902130,COMTRADE-FINAL-CA0082000H1[2005-01-11].gz,H1
Imports,902150,COMTRADE-FINAL-CA0082000H1[2005-01-11].gz,H1
Imports,902190,COMTRADE-FINAL-CA0082000H1[2005-01-11].gz,H1
Imports,902212,COMTRADE-FINAL-CA0082000H1[2005-01-11].gz,H1
Imports,902213,COMTRADE-FINAL-CA0082000H1[2005-01-11].gz,H1
Imports,902214,COMTRADE-FINAL-CA0082000H1[2005-01-11].gz,H1
Imports,902219,COMTRADE-FINAL-CA0082000H1[2005-01-11].gz,H1
Imports,902221,COMTRADE-FINAL-CA0082000H1[2005-01-11].gz,H1
Imports,902229,COMTRADE-FINAL-CA0082000H1[2005-01-11].gz,H1
Imports,902230,COMTRADE-FINAL-CA0082000H1[2005-01-11].gz,H1
Imports,902290,COMTRADE-FINAL-CA0082000H1[2005-01-11].gz,H1
Imports,902300,COMTRADE-FINAL-CA0082000H1[2005-01-11].gz,H1
Imports,902410,COMTRADE-FINAL-CA0082000H1[2005-01-11].gz,H1
Imports,902480,COMTRADE-FINAL-CA0082000H1[2005-01-11].gz,H1
Imports,902490,COMTRADE-FINAL-CA0082000H1[2005-01-11].gz,H1
Imports,902511,COMTRADE-FINAL-CA0082000H1[2005-01-11].gz,H1
Imports,902519,COMTRADE-FINAL-CA0082000H1[2005-01-11].gz,H1
Imports,902580,COMTRADE-FINAL-CA0082000H1[2005-01-11].gz,H1
Imports,902590,COMTRADE-FINAL-CA0082000H1[2005-01-11].gz,H1
Imports,902610,COMTRADE-FINAL-CA0082000H1[2005-01-11].gz,H1
Imports,902620,COMTRADE-FINAL-CA0082000H1[2005-01-11].gz,H1
Imports,902680,COMTRADE-FINAL-CA0082000H1[2005-01-11].gz,H1
Imports,902690,COMTRADE-FINAL-CA0082000H1[2005-01-11].gz,H1
Imports,902710,COMTRADE-FINAL-CA0082000H1[2005-01-11].gz,H1
Imports,902720,COMTRADE-FINAL-CA0082000H1[2005-01-11].gz,H1
Imports,902730,COMTRADE-FINAL-CA0082000H1[2005-01-11].gz,H1
Imports,902750,COMTRADE-FINAL-CA0082000H1[2005-01-11].gz,H1
Imports,902780,COMTRADE-FINAL-CA0082000H1[2005-01-11].gz,H1
Imports,902790,COMTRADE-FINAL-CA0082000H1[2005-01-11].gz,H1
Imports,902810,COMTRADE-FINAL-CA0082000H1[2005-01-11].gz,H1
Imports,902820,COMTRADE-FINAL-CA0082000H1[2005-01-11].gz,H1
Imports,902830,COMTRADE-FINAL-CA0082000H1[2005-01-11].gz,H1
Imports,902890,COMTRADE-FINAL-CA0082000H1[2005-01-11].gz,H1
Imports,902910,COMTRADE-FINAL-CA0082000H1[2005-01-11].gz,H1
Imports,902920,COMTRADE-FINAL-CA0082000H1[2005-01-11].gz,H1
Imports,902990,COMTRADE-FINAL-CA0082000H1[2005-01-11].gz,H1
Imports,903010,COMTRADE-FINAL-CA0082000H1[2005-01-11].gz,H1
Imports,903031,COMTRADE-FINAL-CA0082000H1[2005-01-11].gz,H1
Imports,903039,COMTRADE-FINAL-CA0082000H1[2005-01-11].gz,H1
Imports,903040,COMTRADE-FINAL-CA0082000H1[2005-01-11].gz,H1
Imports,903083,COMTRADE-FINAL-CA0082000H1[2005-01-11].gz,H1
Imports,903090,COMTRADE-FINAL-CA0082000H1[2005-01-11].gz,H1
Imports,903110,COMTRADE-FINAL-CA0082000H1[2005-01-11].gz,H1
Imports,903120,COMTRADE-FINAL-CA0082000H1[2005-01-11].gz,H1
Imports,903149,COMTRADE-FINAL-CA0082000H1[2005-01-11].gz,H1
Imports,903180,COMTRADE-FINAL-CA0082000H1[2005-01-11].gz,H1
Imports,903190,COMTRADE-FINAL-CA0082000H1[2005-01-11].gz,H1
Imports,903210,COMTRADE-FINAL-CA0082000H1[2005-01-11].gz,H1
Imports,903281,COMTRADE-FINAL-CA0082000H1[2005-01-11].gz,H1
Imports,903289,COMTRADE-FINAL-CA0082000H1[2005-01-11].gz,H1
Imports,903290,COMTRADE-FINAL-CA0082000H1[2005-01-11].gz,H1
Imports,903300,COMTRADE-FINAL-CA0082000H1[2005-01-11].gz,H1
Imports,910111,COMTRADE-FINAL-CA0082000H1[2005-01-11].gz,H1
Imports,910119,COMTRADE-FINAL-CA0082000H1[2005-01-11].gz,H1
Imports,910121,COMTRADE-FINAL-CA0082000H1[2005-01-11].gz,H1
Imports,910129,COMTRADE-FINAL-CA0082000H1[2005-01-11].gz,H1
Imports,910191,COMTRADE-FINAL-CA0082000H1[2005-01-11].gz,H1
Imports,910199,COMTRADE-FINAL-CA0082000H1[2005-01-11].gz,H1
Imports,910211,COMTRADE-FINAL-CA0082000H1[2005-01-11].gz,H1
Imports,910219,COMTRADE-FINAL-CA0082000H1[2005-01-11].gz,H1
Imports,910221,COMTRADE-FINAL-CA0082000H1[2005-01-11].gz,H1
Imports,910229,COMTRADE-FINAL-CA0082000H1[2005-01-11].gz,H1
Imports,910291,COMTRADE-FINAL-CA0082000H1[2005-01-11].gz,H1
Imports,910299,COMTRADE-FINAL-CA0082000H1[2005-01-11].gz,H1
Imports,910310,COMTRADE-FINAL-CA0082000H1[2005-01-11].gz,H1
Imports,910390,COMTRADE-FINAL-CA0082000H1[2005-01-11].gz,H1
Imports,910400,COMTRADE-FINAL-CA0082000H1[2005-01-11].gz,H1
Imports,910511,COMTRADE-FINAL-CA0082000H1[2005-01-11].gz,H1
Imports,910519,COMTRADE-FINAL-CA0082000H1[2005-01-11].gz,H1
Imports,910521,COMTRADE-FINAL-CA0082000H1[2005-01-11].gz,H1
Imports,910529,COMTRADE-FINAL-CA0082000H1[2005-01-11].gz,H1
Imports,910599,COMTRADE-FINAL-CA0082000H1[2005-01-11].gz,H1
Imports,910610,COMTRADE-FINAL-CA0082000H1[2005-01-11].gz,H1
Imports,910690,COMTRADE-FINAL-CA0082000H1[2005-01-11].gz,H1
Imports,910919,COMTRADE-FINAL-CA0082000H1[2005-01-11].gz,H1
Imports,911090,COMTRADE-FINAL-CA0082000H1[2005-01-11].gz,H1
Imports,911390,COMTRADE-FINAL-CA0082000H1[2005-01-11].gz,H1
Imports,911430,COMTRADE-FINAL-CA0082000H1[2005-01-11].gz,H1
Imports,911490,COMTRADE-FINAL-CA0082000H1[2005-01-11].gz,H1
Imports,920110,COMTRADE-FINAL-CA0082000H1[2005-01-11].gz,H1
Imports,920190,COMTRADE-FINAL-CA0082000H1[2005-01-11].gz,H1
Imports,920210,COMTRADE-FINAL-CA0082000H1[2005-01-11].gz,H1
Imports,920290,COMTRADE-FINAL-CA0082000H1[2005-01-11].gz,H1
Imports,920300,COMTRADE-FINAL-CA0082000H1[2005-01-11].gz,H1
Imports,920410,COMTRADE-FINAL-CA0082000H1[2005-01-11].gz,H1
Imports,920590,COMTRADE-FINAL-CA0082000H1[2005-01-11].gz,H1
Imports,920600,COMTRADE-FINAL-CA0082000H1[2005-01-11].gz,H1
Imports,920710,COMTRADE-FINAL-CA0082000H1[2005-01-11].gz,H1
Imports,920790,COMTRADE-FINAL-CA0082000H1[2005-01-11].gz,H1
Imports,920810,COMTRADE-FINAL-CA0082000H1[2005-01-11].gz,H1
Imports,920992,COMTRADE-FINAL-CA0082000H1[2005-01-11].gz,H1
Imports,920994,COMTRADE-FINAL-CA0082000H1[2005-01-11].gz,H1
Imports,920999,COMTRADE-FINAL-CA0082000H1[2005-01-11].gz,H1
Imports,930200,COMTRADE-FINAL-CA0082000H1[2005-01-11].gz,H1
Imports,930310,COMTRADE-FINAL-CA0082000H1[2005-01-11].gz,H1
Imports,930320,COMTRADE-FINAL-CA0082000H1[2005-01-11].gz,H1
Imports,930330,COMTRADE-FINAL-CA0082000H1[2005-01-11].gz,H1
Imports,930390,COMTRADE-FINAL-CA0082000H1[2005-01-11].gz,H1
Imports,930521,COMTRADE-FINAL-CA0082000H1[2005-01-11].gz,H1
Imports,930529,COMTRADE-FINAL-CA0082000H1[2005-01-11].gz,H1
Imports,930590,COMTRADE-FINAL-CA0082000H1[2005-01-11].gz,H1
Imports,930621,COMTRADE-FINAL-CA0082000H1[2005-01-11].gz,H1
Imports,930629,COMTRADE-FINAL-CA0082000H1[2005-01-11].gz,H1
Imports,930690,COMTRADE-FINAL-CA0082000H1[2005-01-11].gz,H1
Imports,940110,COMTRADE-FINAL-CA0082000H1[2005-01-11].gz,H1
Imports,940120,COMTRADE-FINAL-CA0082000H1[2005-01-11].gz,H1
Imports,940130,COMTRADE-FINAL-CA0082000H1[2005-01-11].gz,H1
Imports,940140,COMTRADE-FINAL-CA0082000H1[2005-01-11].gz,H1
Imports,940150,COMTRADE-FINAL-CA0082000H1[2005-01-11].gz,H1
Imports,940161,COMTRADE-FINAL-CA0082000H1[2005-01-11].gz,H1
Imports,940169,COMTRADE-FINAL-CA0082000H1[2005-01-11].gz,H1
Imports,940171,COMTRADE-FINAL-CA0082000H1[2005-01-11].gz,H1
Imports,940179,COMTRADE-FINAL-CA0082000H1[2005-01-11].gz,H1
Imports,940180,COMTRADE-FINAL-CA0082000H1[2005-01-11].gz,H1
Imports,940190,COMTRADE-FINAL-CA0082000H1[2005-01-11].gz,H1
Imports,940210,COMTRADE-FINAL-CA0082000H1[2005-01-11].gz,H1
Imports,940290,COMTRADE-FINAL-CA0082000H1[2005-01-11].gz,H1
Imports,940310,COMTRADE-FINAL-CA0082000H1[2005-01-11].gz,H1
Imports,940320,COMTRADE-FINAL-CA0082000H1[2005-01-11].gz,H1
Imports,940330,COMTRADE-FINAL-CA0082000H1[2005-01-11].gz,H1
Imports,940340,COMTRADE-FINAL-CA0082000H1[2005-01-11].gz,H1
Imports,940350,COMTRADE-FINAL-CA0082000H1[2005-01-11].gz,H1
Imports,940360,COMTRADE-FINAL-CA0082000H1[2005-01-11].gz,H1
Imports,940370,COMTRADE-FINAL-CA0082000H1[2005-01-11].gz,H1
Imports,940380,COMTRADE-FINAL-CA0082000H1[2005-01-11].gz,H1
Imports,940390,COMTRADE-FINAL-CA0082000H1[2005-01-11].gz,H1
Imports,940410,COMTRADE-FINAL-CA0082000H1[2005-01-11].gz,H1
Imports,940421,COMTRADE-FINAL-CA0082000H1[2005-01-11].gz,H1
Imports,940429,COMTRADE-FINAL-CA0082000H1[2005-01-11].gz,H1
Imports,940430,COMTRADE-FINAL-CA0082000H1[2005-01-11].gz,H1
Imports,940490,COMTRADE-FINAL-CA0082000H1[2005-01-11].gz,H1
Imports,940510,COMTRADE-FINAL-CA0082000H1[2005-01-11].gz,H1
Imports,940520,COMTRADE-FINAL-CA0082000H1[2005-01-11].gz,H1
Imports,940530,COMTRADE-FINAL-CA0082000H1[2005-01-11].gz,H1
Imports,940540,COMTRADE-FINAL-CA0082000H1[2005-01-11].gz,H1
Imports,940550,COMTRADE-FINAL-CA0082000H1[2005-01-11].gz,H1
Imports,940560,COMTRADE-FINAL-CA0082000H1[2005-01-11].gz,H1
Imports,940591,COMTRADE-FINAL-CA0082000H1[2005-01-11].gz,H1
Imports,940592,COMTRADE-FINAL-CA0082000H1[2005-01-11].gz,H1
Imports,940599,COMTRADE-FINAL-CA0082000H1[2005-01-11].gz,H1
Imports,940600,COMTRADE-FINAL-CA0082000H1[2005-01-11].gz,H1
Imports,950100,COMTRADE-FINAL-CA0082000H1[2005-01-11].gz,H1
Imports,950210,COMTRADE-FINAL-CA0082000H1[2005-01-11].gz,H1
Imports,950291,COMTRADE-FINAL-CA0082000H1[2005-01-11].gz,H1
Imports,950299,COMTRADE-FINAL-CA0082000H1[2005-01-11].gz,H1
Imports,950310,COMTRADE-FINAL-CA0082000H1[2005-01-11].gz,H1
Imports,950320,COMTRADE-FINAL-CA0082000H1[2005-01-11].gz,H1
Imports,950330,COMTRADE-FINAL-CA0082000H1[2005-01-11].gz,H1
Imports,950341,COMTRADE-FINAL-CA0082000H1[2005-01-11].gz,H1
Imports,950349,COMTRADE-FINAL-CA0082000H1[2005-01-11].gz,H1
Imports,950350,COMTRADE-FINAL-CA0082000H1[2005-01-11].gz,H1
Imports,950360,COMTRADE-FINAL-CA0082000H1[2005-01-11].gz,H1
Imports,950370,COMTRADE-FINAL-CA0082000H1[2005-01-11].gz,H1
Imports,950380,COMTRADE-FINAL-CA0082000H1[2005-01-11].gz,H1
Imports,950390,COMTRADE-FINAL-CA0082000H1[2005-01-11].gz,H1
Imports,950410,COMTRADE-FINAL-CA0082000H1[2005-01-11].gz,H1
Imports,950420,COMTRADE-FINAL-CA0082000H1[2005-01-11].gz,H1
Imports,950430,COMTRADE-FINAL-CA0082000H1[2005-01-11].gz,H1
Imports,950440,COMTRADE-FINAL-CA0082000H1[2005-01-11].gz,H1
Imports,950490,COMTRADE-FINAL-CA0082000H1[2005-01-11].gz,H1
Imports,950510,COMTRADE-FINAL-CA0082000H1[2005-01-11].gz,H1
Imports,950590,COMTRADE-FINAL-CA0082000H1[2005-01-11].gz,H1
Imports,950611,COMTRADE-FINAL-CA0082000H1[2005-01-11].gz,H1
Imports,950619,COMTRADE-FINAL-CA0082000H1[2005-01-11].gz,H1
Imports,950629,COMTRADE-FINAL-CA0082000H1[2005-01-11].gz,H1
Imports,950632,COMTRADE-FINAL-CA0082000H1[2005-01-11].gz,H1
Imports,950639,COMTRADE-FINAL-CA0082000H1[2005-01-11].gz,H1
Imports,950640,COMTRADE-FINAL-CA0082000H1[2005-01-11].gz,H1
Imports,950651,COMTRADE-FINAL-CA0082000H1[2005-01-11].gz,H1
Imports,950659,COMTRADE-FINAL-CA0082000H1[2005-01-11].gz,H1
Imports,950661,COMTRADE-FINAL-CA0082000H1[2005-01-11].gz,H1
Imports,950662,COMTRADE-FINAL-CA0082000H1[2005-01-11].gz,H1
Imports,950669,COMTRADE-FINAL-CA0082000H1[2005-01-11].gz,H1
Imports,950670,COMTRADE-FINAL-CA0082000H1[2005-01-11].gz,H1
Imports,950691,COMTRADE-FINAL-CA0082000H1[2005-01-11].gz,H1
Imports,950699,COMTRADE-FINAL-CA0082000H1[2005-01-11].gz,H1
Imports,950710,COMTRADE-FINAL-CA0082000H1[2005-01-11].gz,H1
Imports,950720,COMTRADE-FINAL-CA0082000H1[2005-01-11].gz,H1
Imports,950790,COMTRADE-FINAL-CA0082000H1[2005-01-11].gz,H1
Imports,950800,COMTRADE-FINAL-CA0082000H1[2005-01-11].gz,H1
Imports,960110,COMTRADE-FINAL-CA0082000H1[2005-01-11].gz,H1
Imports,960190,COMTRADE-FINAL-CA0082000H1[2005-01-11].gz,H1
Imports,960200,COMTRADE-FINAL-CA0082000H1[2005-01-11].gz,H1
Imports,960310,COMTRADE-FINAL-CA0082000H1[2005-01-11].gz,H1
Imports,960321,COMTRADE-FINAL-CA0082000H1[2005-01-11].gz,H1
Imports,960329,COMTRADE-FINAL-CA0082000H1[2005-01-11].gz,H1
Imports,960330,COMTRADE-FINAL-CA0082000H1[2005-01-11].gz,H1
Imports,960340,COMTRADE-FINAL-CA0082000H1[2005-01-11].gz,H1
Imports,960350,COMTRADE-FINAL-CA0082000H1[2005-01-11].gz,H1
Imports,960390,COMTRADE-FINAL-CA0082000H1[2005-01-11].gz,H1
Imports,960400,COMTRADE-FINAL-CA0082000H1[2005-01-11].gz,H1
Imports,960500,COMTRADE-FINAL-CA0082000H1[2005-01-11].gz,H1
Imports,960610,COMTRADE-FINAL-CA0082000H1[2005-01-11].gz,H1
Imports,960621,COMTRADE-FINAL-CA0082000H1[2005-01-11].gz,H1
Imports,960622,COMTRADE-FINAL-CA0082000H1[2005-01-11].gz,H1
Imports,960629,COMTRADE-FINAL-CA0082000H1[2005-01-11].gz,H1
Imports,960630,COMTRADE-FINAL-CA0082000H1[2005-01-11].gz,H1
Imports,960711,COMTRADE-FINAL-CA0082000H1[2005-01-11].gz,H1
Imports,960719,COMTRADE-FINAL-CA0082000H1[2005-01-11].gz,H1
Imports,960720,COMTRADE-FINAL-CA0082000H1[2005-01-11].gz,H1
Imports,960810,COMTRADE-FINAL-CA0082000H1[2005-01-11].gz,H1
Imports,960820,COMTRADE-FINAL-CA0082000H1[2005-01-11].gz,H1
Imports,960831,COMTRADE-FINAL-CA0082000H1[2005-01-11].gz,H1
Imports,960839,COMTRADE-FINAL-CA0082000H1[2005-01-11].gz,H1
Imports,960840,COMTRADE-FINAL-CA0082000H1[2005-01-11].gz,H1
Imports,960850,COMTRADE-FINAL-CA0082000H1[2005-01-11].gz,H1
Imports,960860,COMTRADE-FINAL-CA0082000H1[2005-01-11].gz,H1
Imports,960891,COMTRADE-FINAL-CA0082000H1[2005-01-11].gz,H1
Imports,960899,COMTRADE-FINAL-CA0082000H1[2005-01-11].gz,H1
Imports,960910,COMTRADE-FINAL-CA0082000H1[2005-01-11].gz,H1
Imports,960920,COMTRADE-FINAL-CA0082000H1[2005-01-11].gz,H1
Imports,960990,COMTRADE-FINAL-CA0082000H1[2005-01-11].gz,H1
Imports,961000,COMTRADE-FINAL-CA0082000H1[2005-01-11].gz,H1
Imports,961100,COMTRADE-FINAL-CA0082000H1[2005-01-11].gz,H1
Imports,961210,COMTRADE-FINAL-CA0082000H1[2005-01-11].gz,H1
Imports,961220,COMTRADE-FINAL-CA0082000H1[2005-01-11].gz,H1
Imports,961310,COMTRADE-FINAL-CA0082000H1[2005-01-11].gz,H1
Imports,961320,COMTRADE-FINAL-CA0082000H1[2005-01-11].gz,H1
Imports,961330,COMTRADE-FINAL-CA0082000H1[2005-01-11].gz,H1
Imports,961380,COMTRADE-FINAL-CA0082000H1[2005-01-11].gz,H1
Imports,961390,COMTRADE-FINAL-CA0082000H1[2005-01-11].gz,H1
Imports,961420,COMTRADE-FINAL-CA0082000H1[2005-01-11].gz,H1
Imports,961490,COMTRADE-FINAL-CA0082000H1[2005-01-11].gz,H1
Imports,961511,COMTRADE-FINAL-CA0082000H1[2005-01-11].gz,H1
Imports,961519,COMTRADE-FINAL-CA0082000H1[2005-01-11].gz,H1
Imports,961590,COMTRADE-FINAL-CA0082000H1[2005-01-11].gz,H1
Imports,961610,COMTRADE-FINAL-CA0082000H1[2005-01-11].gz,H1
Imports,961620,COMTRADE-FINAL-CA0082000H1[2005-01-11].gz,H1
Imports,961700,COMTRADE-FINAL-CA0082000H1[2005-01-11].gz,H1
Imports,961800,COMTRADE-FINAL-CA0082000H1[2005-01-11].gz,H1
Imports,970110,COMTRADE-FINAL-CA0082000H1[2005-01-11].gz,H1
Imports,970190,COMTRADE-FINAL-CA0082000H1[2005-01-11].gz,H1
Imports,970300,COMTRADE-FINAL-CA0082000H1[2005-01-11].gz,H1
Exports,010210,COMTRADE-FINAL-CA0082001H1[2002-10-23].gz,H1
Exports,010410,COMTRADE-FINAL-CA0082001H1[2002-10-23].gz,H1
Exports,020329,COMTRADE-FINAL-CA0082001H1[2002-10-23].gz,H1
Exports,020422,COMTRADE-FINAL-CA0082001H1[2002-10-23].gz,H1
Exports,020711,COMTRADE-FINAL-CA0082001H1[2002-10-23].gz,H1
Exports,020714,COMTRADE-FINAL-CA0082001H1[2002-10-23].gz,H1
Exports,020735,COMTRADE-FINAL-CA0082001H1[2002-10-23].gz,H1
Exports,020890,COMTRADE-FINAL-CA0082001H1[2002-10-23].gz,H1
Exports,030191,COMTRADE-FINAL-CA0082001H1[2002-10-23].gz,H1
Exports,030229,COMTRADE-FINAL-CA0082001H1[2002-10-23].gz,H1
Exports,030265,COMTRADE-FINAL-CA0082001H1[2002-10-23].gz,H1
Exports,030321,COMTRADE-FINAL-CA0082001H1[2002-10-23].gz,H1
Exports,030378,COMTRADE-FINAL-CA0082001H1[2002-10-23].gz,H1
Exports,030559,COMTRADE-FINAL-CA0082001H1[2002-10-23].gz,H1
Exports,030569,COMTRADE-FINAL-CA0082001H1[2002-10-23].gz,H1
Exports,030613,COMTRADE-FINAL-CA0082001H1[2002-10-23].gz,H1
Exports,030614,COMTRADE-FINAL-CA0082001H1[2002-10-23].gz,H1
Exports,030622,COMTRADE-FINAL-CA0082001H1[2002-10-23].gz,H1
Exports,030623,COMTRADE-FINAL-CA0082001H1[2002-10-23].gz,H1
Exports,040310,COMTRADE-FINAL-CA0082001H1[2002-10-23].gz,H1
Exports,040410,COMTRADE-FINAL-CA0082001H1[2002-10-23].gz,H1
Exports,040510,COMTRADE-FINAL-CA0082001H1[2002-10-23].gz,H1
Exports,040610,COMTRADE-FINAL-CA0082001H1[2002-10-23].gz,H1
Exports,040700,COMTRADE-FINAL-CA0082001H1[2002-10-23].gz,H1
Exports,060390,COMTRADE-FINAL-CA0082001H1[2002-10-23].gz,H1
Exports,070610,COMTRADE-FINAL-CA0082001H1[2002-10-23].gz,H1
Exports,070951,COMTRADE-FINAL-CA0082001H1[2002-10-23].gz,H1
Exports,070960,COMTRADE-FINAL-CA0082001H1[2002-10-23].gz,H1
Exports,070990,COMTRADE-FINAL-CA0082001H1[2002-10-23].gz,H1
Exports,071390,COMTRADE-FINAL-CA0082001H1[2002-10-23].gz,H1
Exports,080420,COMTRADE-FINAL-CA0082001H1[2002-10-23].gz,H1
Exports,080510,COMTRADE-FINAL-CA0082001H1[2002-10-23].gz,H1
Exports,080920,COMTRADE-FINAL-CA0082001H1[2002-10-23].gz,H1
Exports,081090,COMTRADE-FINAL-CA0082001H1[2002-10-23].gz,H1
Exports,081340,COMTRADE-FINAL-CA0082001H1[2002-10-23].gz,H1
Exports,081350,COMTRADE-FINAL-CA0082001H1[2002-10-23].gz,H1
Exports,090412,COMTRADE-FINAL-CA0082001H1[2002-10-23].gz,H1
Exports,091091,COMTRADE-FINAL-CA0082001H1[2002-10-23].gz,H1
Exports,100300,COMTRADE-FINAL-CA0082001H1[2002-10-23].gz,H1
Exports,100620,COMTRADE-FINAL-CA0082001H1[2002-10-23].gz,H1
Exports,110100,COMTRADE-FINAL-CA0082001H1[2002-10-23].gz,H1
Exports,120400,COMTRADE-FINAL-CA0082001H1[2002-10-23].gz,H1
Exports,120799,COMTRADE-FINAL-CA0082001H1[2002-10-23].gz,H1
Exports,120999,COMTRADE-FINAL-CA0082001H1[2002-10-23].gz,H1
Exports,121010,COMTRADE-FINAL-CA0082001H1[2002-10-23].gz,H1
Exports,121110,COMTRADE-FINAL-CA0082001H1[2002-10-23].gz,H1
Exports,130212,COMTRADE-FINAL-CA0082001H1[2002-10-23].gz,H1
Exports,151211,COMTRADE-FINAL-CA0082001H1[2002-10-23].gz,H1
Exports,151490,COMTRADE-FINAL-CA0082001H1[2002-10-23].gz,H1
Exports,160250,COMTRADE-FINAL-CA0082001H1[2002-10-23].gz,H1
Exports,170191,COMTRADE-FINAL-CA0082001H1[2002-10-23].gz,H1
Exports,180620,COMTRADE-FINAL-CA0082001H1[2002-10-23].gz,H1
Exports,180690,COMTRADE-FINAL-CA0082001H1[2002-10-23].gz,H1
Exports,190211,COMTRADE-FINAL-CA0082001H1[2002-10-23].gz,H1
Exports,190230,COMTRADE-FINAL-CA0082001H1[2002-10-23].gz,H1
Exports,190410,COMTRADE-FINAL-CA0082001H1[2002-10-23].gz,H1
Exports,190420,COMTRADE-FINAL-CA0082001H1[2002-10-23].gz,H1
Exports,190510,COMTRADE-FINAL-CA0082001H1[2002-10-23].gz,H1
Exports,200490,COMTRADE-FINAL-CA0082001H1[2002-10-23].gz,H1
Exports,200520,COMTRADE-FINAL-CA0082001H1[2002-10-23].gz,H1
Exports,200570,COMTRADE-FINAL-CA0082001H1[2002-10-23].gz,H1
Exports,200920,COMTRADE-FINAL-CA0082001H1[2002-10-23].gz,H1
Exports,200950,COMTRADE-FINAL-CA0082001H1[2002-10-23].gz,H1
Exports,210330,COMTRADE-FINAL-CA0082001H1[2002-10-23].gz,H1
Exports,210410,COMTRADE-FINAL-CA0082001H1[2002-10-23].gz,H1
Exports,210420,COMTRADE-FINAL-CA0082001H1[2002-10-23].gz,H1
Exports,220290,COMTRADE-FINAL-CA0082001H1[2002-10-23].gz,H1
Exports,220300,COMTRADE-FINAL-CA0082001H1[2002-10-23].gz,H1
Exports,220421,COMTRADE-FINAL-CA0082001H1[2002-10-23].gz,H1
Exports,220870,COMTRADE-FINAL-CA0082001H1[2002-10-23].gz,H1
Exports,230910,COMTRADE-FINAL-CA0082001H1[2002-10-23].gz,H1
Exports,240399,COMTRADE-FINAL-CA0082001H1[2002-10-23].gz,H1
Exports,250810,COMTRADE-FINAL-CA0082001H1[2002-10-23].gz,H1
Exports,250840,COMTRADE-FINAL-CA0082001H1[2002-10-23].gz,H1
Exports,251730,COMTRADE-FINAL-CA0082001H1[2002-10-23].gz,H1
Exports,251749,COMTRADE-FINAL-CA0082001H1[2002-10-23].gz,H1
Exports,252330,COMTRADE-FINAL-CA0082001H1[2002-10-23].gz,H1
Exports,260300,COMTRADE-FINAL-CA0082001H1[2002-10-23].gz,H1
Exports,261900,COMTRADE-FINAL-CA0082001H1[2002-10-23].gz,H1
Exports,270300,COMTRADE-FINAL-CA0082001H1[2002-10-23].gz,H1
Exports,271111,COMTRADE-FINAL-CA0082001H1[2002-10-23].gz,H1
Exports,271113,COMTRADE-FINAL-CA0082001H1[2002-10-23].gz,H1
Exports,280200,COMTRADE-FINAL-CA0082001H1[2002-10-23].gz,H1
Exports,281630,COMTRADE-FINAL-CA0082001H1[2002-10-23].gz,H1
Exports,282590,COMTRADE-FINAL-CA0082001H1[2002-10-23].gz,H1
Exports,282710,COMTRADE-FINAL-CA0082001H1[2002-10-23].gz,H1
Exports,282733,COMTRADE-FINAL-CA0082001H1[2002-10-23].gz,H1
Exports,282890,COMTRADE-FINAL-CA0082001H1[2002-10-23].gz,H1
Exports,282911,COMTRADE-FINAL-CA0082001H1[2002-10-23].gz,H1
Exports,282990,COMTRADE-FINAL-CA0082001H1[2002-10-23].gz,H1
Exports,283630,COMTRADE-FINAL-CA0082001H1[2002-10-23].gz,H1
Exports,284290,COMTRADE-FINAL-CA0082001H1[2002-10-23].gz,H1
Exports,285000,COMTRADE-FINAL-CA0082001H1[2002-10-23].gz,H1
Exports,290322,COMTRADE-FINAL-CA0082001H1[2002-10-23].gz,H1
Exports,291639,COMTRADE-FINAL-CA0082001H1[2002-10-23].gz,H1
Exports,294200,COMTRADE-FINAL-CA0082001H1[2002-10-23].gz,H1
Exports,300230,COMTRADE-FINAL-CA0082001H1[2002-10-23].gz,H1
Exports,300320,COMTRADE-FINAL-CA0082001H1[2002-10-23].gz,H1
Exports,300439,COMTRADE-FINAL-CA0082001H1[2002-10-23].gz,H1
Exports,300450,COMTRADE-FINAL-CA0082001H1[2002-10-23].gz,H1
Exports,310230,COMTRADE-FINAL-CA0082001H1[2002-10-23].gz,H1
Exports,310551,COMTRADE-FINAL-CA0082001H1[2002-10-23].gz,H1
Exports,310560,COMTRADE-FINAL-CA0082001H1[2002-10-23].gz,H1
Exports,320500,COMTRADE-FINAL-CA0082001H1[2002-10-23].gz,H1
Exports,320820,COMTRADE-FINAL-CA0082001H1[2002-10-23].gz,H1
Exports,320890,COMTRADE-FINAL-CA0082001H1[2002-10-23].gz,H1
Exports,321590,COMTRADE-FINAL-CA0082001H1[2002-10-23].gz,H1
Exports,330123,COMTRADE-FINAL-CA0082001H1[2002-10-23].gz,H1
Exports,330129,COMTRADE-FINAL-CA0082001H1[2002-10-23].gz,H1
Exports,330530,COMTRADE-FINAL-CA0082001H1[2002-10-23].gz,H1
Exports,340111,COMTRADE-FINAL-CA0082001H1[2002-10-23].gz,H1
Exports,340600,COMTRADE-FINAL-CA0082001H1[2002-10-23].gz,H1
Exports,350610,COMTRADE-FINAL-CA0082001H1[2002-10-23].gz,H1
Exports,350691,COMTRADE-FINAL-CA0082001H1[2002-10-23].gz,H1
Exports,360300,COMTRADE-FINAL-CA0082001H1[2002-10-23].gz,H1
Exports,360500,COMTRADE-FINAL-CA0082001H1[2002-10-23].gz,H1
Exports,370790,COMTRADE-FINAL-CA0082001H1[2002-10-23].gz,H1
Exports,380520,COMTRADE-FINAL-CA0082001H1[2002-10-23].gz,H1
Exports,381220,COMTRADE-FINAL-CA0082001H1[2002-10-23].gz,H1
Exports,382450,COMTRADE-FINAL-CA0082001H1[2002-10-23].gz,H1
Exports,382490,COMTRADE-FINAL-CA0082001H1[2002-10-23].gz,H1
Exports,390290,COMTRADE-FINAL-CA0082001H1[2002-10-23].gz,H1
Exports,390791,COMTRADE-FINAL-CA0082001H1[2002-10-23].gz,H1
Exports,390799,COMTRADE-FINAL-CA0082001H1[2002-10-23].gz,H1
Exports,391722,COMTRADE-FINAL-CA0082001H1[2002-10-23].gz,H1
Exports,391723,COMTRADE-FINAL-CA0082001H1[2002-10-23].gz,H1
Exports,391739,COMTRADE-FINAL-CA0082001H1[2002-10-23].gz,H1
Exports,392111,COMTRADE-FINAL-CA0082001H1[2002-10-23].gz,H1
Exports,392119,COMTRADE-FINAL-CA0082001H1[2002-10-23].gz,H1
Exports,400110,COMTRADE-FINAL-CA0082001H1[2002-10-23].gz,H1
Exports,400690,COMTRADE-FINAL-CA0082001H1[2002-10-23].gz,H1
Exports,401011,COMTRADE-FINAL-CA0082001H1[2002-10-23].gz,H1
Exports,401029,COMTRADE-FINAL-CA0082001H1[2002-10-23].gz,H1
Exports,401519,COMTRADE-FINAL-CA0082001H1[2002-10-23].gz,H1
Exports,401693,COMTRADE-FINAL-CA0082001H1[2002-10-23].gz,H1
Exports,401700,COMTRADE-FINAL-CA0082001H1[2002-10-23].gz,H1
Exports,410121,COMTRADE-FINAL-CA0082001H1[2002-10-23].gz,H1
Exports,410130,COMTRADE-FINAL-CA0082001H1[2002-10-23].gz,H1
Exports,410221,COMTRADE-FINAL-CA0082001H1[2002-10-23].gz,H1
Exports,410229,COMTRADE-FINAL-CA0082001H1[2002-10-23].gz,H1
Exports,410612,COMTRADE-FINAL-CA0082001H1[2002-10-23].gz,H1
Exports,410790,COMTRADE-FINAL-CA0082001H1[2002-10-23].gz,H1
Exports,420221,COMTRADE-FINAL-CA0082001H1[2002-10-23].gz,H1
Exports,420231,COMTRADE-FINAL-CA0082001H1[2002-10-23].gz,H1
Exports,420329,COMTRADE-FINAL-CA0082001H1[2002-10-23].gz,H1
Exports,440341,COMTRADE-FINAL-CA0082001H1[2002-10-23].gz,H1
Exports,440349,COMTRADE-FINAL-CA0082001H1[2002-10-23].gz,H1
Exports,441019,COMTRADE-FINAL-CA0082001H1[2002-10-23].gz,H1
Exports,441129,COMTRADE-FINAL-CA0082001H1[2002-10-23].gz,H1
Exports,441191,COMTRADE-FINAL-CA0082001H1[2002-10-23].gz,H1
Exports,441213,COMTRADE-FINAL-CA0082001H1[2002-10-23].gz,H1
Exports,441292,COMTRADE-FINAL-CA0082001H1[2002-10-23].gz,H1
Exports,441840,COMTRADE-FINAL-CA0082001H1[2002-10-23].gz,H1
Exports,442110,COMTRADE-FINAL-CA0082001H1[2002-10-23].gz,H1
Exports,470691,COMTRADE-FINAL-CA0082001H1[2002-10-23].gz,H1
Exports,470730,COMTRADE-FINAL-CA0082001H1[2002-10-23].gz,H1
Exports,480411,COMTRADE-FINAL-CA0082001H1[2002-10-23].gz,H1
Exports,480580,COMTRADE-FINAL-CA0082001H1[2002-10-23].gz,H1
Exports,480810,COMTRADE-FINAL-CA0082001H1[2002-10-23].gz,H1
Exports,480890,COMTRADE-FINAL-CA0082001H1[2002-10-23].gz,H1
Exports,481011,COMTRADE-FINAL-CA0082001H1[2002-10-23].gz,H1
Exports,481110,COMTRADE-FINAL-CA0082001H1[2002-10-23].gz,H1
Exports,481190,COMTRADE-FINAL-CA0082001H1[2002-10-23].gz,H1
Exports,481690,COMTRADE-FINAL-CA0082001H1[2002-10-23].gz,H1
Exports,481710,COMTRADE-FINAL-CA0082001H1[2002-10-23].gz,H1
Exports,481730,COMTRADE-FINAL-CA0082001H1[2002-10-23].gz,H1
Exports,482040,COMTRADE-FINAL-CA0082001H1[2002-10-23].gz,H1
Exports,482190,COMTRADE-FINAL-CA0082001H1[2002-10-23].gz,H1
Exports,482319,COMTRADE-FINAL-CA0082001H1[2002-10-23].gz,H1
Exports,482359,COMTRADE-FINAL-CA0082001H1[2002-10-23].gz,H1
Exports,490191,COMTRADE-FINAL-CA0082001H1[2002-10-23].gz,H1
Exports,490300,COMTRADE-FINAL-CA0082001H1[2002-10-23].gz,H1
Exports,490900,COMTRADE-FINAL-CA0082001H1[2002-10-23].gz,H1
Exports,491000,COMTRADE-FINAL-CA0082001H1[2002-10-23].gz,H1
Exports,510111,COMTRADE-FINAL-CA0082001H1[2002-10-23].gz,H1
Exports,510910,COMTRADE-FINAL-CA0082001H1[2002-10-23].gz,H1
Exports,520411,COMTRADE-FINAL-CA0082001H1[2002-10-23].gz,H1
Exports,520611,COMTRADE-FINAL-CA0082001H1[2002-10-23].gz,H1
Exports,520790,COMTRADE-FINAL-CA0082001H1[2002-10-23].gz,H1
Exports,520811,COMTRADE-FINAL-CA0082001H1[2002-10-23].gz,H1
Exports,520819,COMTRADE-FINAL-CA0082001H1[2002-10-23].gz,H1
Exports,520831,COMTRADE-FINAL-CA0082001H1[2002-10-23].gz,H1
Exports,520832,COMTRADE-FINAL-CA0082001H1[2002-10-23].gz,H1
Exports,521059,COMTRADE-FINAL-CA0082001H1[2002-10-23].gz,H1
Exports,540110,COMTRADE-FINAL-CA0082001H1[2002-10-23].gz,H1
Exports,540210,COMTRADE-FINAL-CA0082001H1[2002-10-23].gz,H1
Exports,540239,COMTRADE-FINAL-CA0082001H1[2002-10-23].gz,H1
Exports,540610,COMTRADE-FINAL-CA0082001H1[2002-10-23].gz,H1
Exports,540752,COMTRADE-FINAL-CA0082001H1[2002-10-23].gz,H1
Exports,540754,COMTRADE-FINAL-CA0082001H1[2002-10-23].gz,H1
Exports,550510,COMTRADE-FINAL-CA0082001H1[2002-10-23].gz,H1
Exports,551333,COMTRADE-FINAL-CA0082001H1[2002-10-23].gz,H1
Exports,560490,COMTRADE-FINAL-CA0082001H1[2002-10-23].gz,H1
Exports,560790,COMTRADE-FINAL-CA0082001H1[2002-10-23].gz,H1
Exports,560900,COMTRADE-FINAL-CA0082001H1[2002-10-23].gz,H1
Exports,580430,COMTRADE-FINAL-CA0082001H1[2002-10-23].gz,H1
Exports,590220,COMTRADE-FINAL-CA0082001H1[2002-10-23].gz,H1
Exports,600210,COMTRADE-FINAL-CA0082001H1[2002-10-23].gz,H1
Exports,600242,COMTRADE-FINAL-CA0082001H1[2002-10-23].gz,H1
Exports,600249,COMTRADE-FINAL-CA0082001H1[2002-10-23].gz,H1
Exports,610311,COMTRADE-FINAL-CA0082001H1[2002-10-23].gz,H1
Exports,610319,COMTRADE-FINAL-CA0082001H1[2002-10-23].gz,H1
Exports,610411,COMTRADE-FINAL-CA0082001H1[2002-10-23].gz,H1
Exports,610432,COMTRADE-FINAL-CA0082001H1[2002-10-23].gz,H1
Exports,610439,COMTRADE-FINAL-CA0082001H1[2002-10-23].gz,H1
Exports,610442,COMTRADE-FINAL-CA0082001H1[2002-10-23].gz,H1
Exports,610449,COMTRADE-FINAL-CA0082001H1[2002-10-23].gz,H1
Exports,610452,COMTRADE-FINAL-CA0082001H1[2002-10-23].gz,H1
Exports,610799,COMTRADE-FINAL-CA0082001H1[2002-10-23].gz,H1
Exports,610839,COMTRADE-FINAL-CA0082001H1[2002-10-23].gz,H1
Exports,611420,COMTRADE-FINAL-CA0082001H1[2002-10-23].gz,H1
Exports,611519,COMTRADE-FINAL-CA0082001H1[2002-10-23].gz,H1
Exports,611710,COMTRADE-FINAL-CA0082001H1[2002-10-23].gz,H1
Exports,620113,COMTRADE-FINAL-CA0082001H1[2002-10-23].gz,H1
Exports,620321,COMTRADE-FINAL-CA0082001H1[2002-10-23].gz,H1
Exports,620322,COMTRADE-FINAL-CA0082001H1[2002-10-23].gz,H1
Exports,620451,COMTRADE-FINAL-CA0082001H1[2002-10-23].gz,H1
Exports,620792,COMTRADE-FINAL-CA0082001H1[2002-10-23].gz,H1
Exports,620811,COMTRADE-FINAL-CA0082001H1[2002-10-23].gz,H1
Exports,620899,COMTRADE-FINAL-CA0082001H1[2002-10-23].gz,H1
Exports,621040,COMTRADE-FINAL-CA0082001H1[2002-10-23].gz,H1
Exports,621131,COMTRADE-FINAL-CA0082001H1[2002-10-23].gz,H1
Exports,621149,COMTRADE-FINAL-CA0082001H1[2002-10-23].gz,H1
Exports,621590,COMTRADE-FINAL-CA0082001H1[2002-10-23].gz,H1
Exports,630239,COMTRADE-FINAL-CA0082001H1[2002-10-23].gz,H1
Exports,630291,COMTRADE-FINAL-CA0082001H1[2002-10-23].gz,H1
Exports,630299,COMTRADE-FINAL-CA0082001H1[2002-10-23].gz,H1
Exports,630391,COMTRADE-FINAL-CA0082001H1[2002-10-23].gz,H1
Exports,630590,COMTRADE-FINAL-CA0082001H1[2002-10-23].gz,H1
Exports,631010,COMTRADE-FINAL-CA0082001H1[2002-10-23].gz,H1
Exports,640212,COMTRADE-FINAL-CA0082001H1[2002-10-23].gz,H1
Exports,640391,COMTRADE-FINAL-CA0082001H1[2002-10-23].gz,H1
Exports,650100,COMTRADE-FINAL-CA0082001H1[2002-10-23].gz,H1
Exports,650400,COMTRADE-FINAL-CA0082001H1[2002-10-23].gz,H1
Exports,650590,COMTRADE-FINAL-CA0082001H1[2002-10-23].gz,H1
Exports,680222,COMTRADE-FINAL-CA0082001H1[2002-10-23].gz,H1
Exports,680223,COMTRADE-FINAL-CA0082001H1[2002-10-23].gz,H1
Exports,680421,COMTRADE-FINAL-CA0082001H1[2002-10-23].gz,H1
Exports,680510,COMTRADE-FINAL-CA0082001H1[2002-10-23].gz,H1
Exports,681510,COMTRADE-FINAL-CA0082001H1[2002-10-23].gz,H1
Exports,690390,COMTRADE-FINAL-CA0082001H1[2002-10-23].gz,H1
Exports,690600,COMTRADE-FINAL-CA0082001H1[2002-10-23].gz,H1
Exports,691110,COMTRADE-FINAL-CA0082001H1[2002-10-23].gz,H1
Exports,691190,COMTRADE-FINAL-CA0082001H1[2002-10-23].gz,H1
Exports,691410,COMTRADE-FINAL-CA0082001H1[2002-10-23].gz,H1
Exports,700210,COMTRADE-FINAL-CA0082001H1[2002-10-23].gz,H1
Exports,700319,COMTRADE-FINAL-CA0082001H1[2002-10-23].gz,H1
Exports,700420,COMTRADE-FINAL-CA0082001H1[2002-10-23].gz,H1
Exports,700490,COMTRADE-FINAL-CA0082001H1[2002-10-23].gz,H1
Exports,701110,COMTRADE-FINAL-CA0082001H1[2002-10-23].gz,H1
Exports,701329,COMTRADE-FINAL-CA0082001H1[2002-10-23].gz,H1
Exports,701399,COMTRADE-FINAL-CA0082001H1[2002-10-23].gz,H1
Exports,710813,COMTRADE-FINAL-CA0082001H1[2002-10-23].gz,H1
Exports,711021,COMTRADE-FINAL-CA0082001H1[2002-10-23].gz,H1
Exports,711320,COMTRADE-FINAL-CA0082001H1[2002-10-23].gz,H1
Exports,711711,COMTRADE-FINAL-CA0082001H1[2002-10-23].gz,H1
Exports,720120,COMTRADE-FINAL-CA0082001H1[2002-10-23].gz,H1
Exports,720221,COMTRADE-FINAL-CA0082001H1[2002-10-23].gz,H1
Exports,720230,COMTRADE-FINAL-CA0082001H1[2002-10-23].gz,H1
Exports,720720,COMTRADE-FINAL-CA0082001H1[2002-10-23].gz,H1
Exports,721320,COMTRADE-FINAL-CA0082001H1[2002-10-23].gz,H1
Exports,721391,COMTRADE-FINAL-CA0082001H1[2002-10-23].gz,H1
Exports,721550,COMTRADE-FINAL-CA0082001H1[2002-10-23].gz,H1
Exports,721990,COMTRADE-FINAL-CA0082001H1[2002-10-23].gz,H1
Exports,722230,COMTRADE-FINAL-CA0082001H1[2002-10-23].gz,H1
Exports,722694,COMTRADE-FINAL-CA0082001H1[2002-10-23].gz,H1
Exports,722990,COMTRADE-FINAL-CA0082001H1[2002-10-23].gz,H1
Exports,730441,COMTRADE-FINAL-CA0082001H1[2002-10-23].gz,H1
Exports,730512,COMTRADE-FINAL-CA0082001H1[2002-10-23].gz,H1
Exports,730610,COMTRADE-FINAL-CA0082001H1[2002-10-23].gz,H1
Exports,730620,COMTRADE-FINAL-CA0082001H1[2002-10-23].gz,H1
Exports,730799,COMTRADE-FINAL-CA0082001H1[2002-10-23].gz,H1
Exports,731021,COMTRADE-FINAL-CA0082001H1[2002-10-23].gz,H1
Exports,731290,COMTRADE-FINAL-CA0082001H1[2002-10-23].gz,H1
Exports,732410,COMTRADE-FINAL-CA0082001H1[2002-10-23].gz,H1
Exports,732599,COMTRADE-FINAL-CA0082001H1[2002-10-23].gz,H1
Exports,740500,COMTRADE-FINAL-CA0082001H1[2002-10-23].gz,H1
Exports,741220,COMTRADE-FINAL-CA0082001H1[2002-10-23].gz,H1
Exports,741521,COMTRADE-FINAL-CA0082001H1[2002-10-23].gz,H1
Exports,741999,COMTRADE-FINAL-CA0082001H1[2002-10-23].gz,H1
Exports,750220,COMTRADE-FINAL-CA0082001H1[2002-10-23].gz,H1
Exports,760820,COMTRADE-FINAL-CA0082001H1[2002-10-23].gz,H1
Exports,761300,COMTRADE-FINAL-CA0082001H1[2002-10-23].gz,H1
Exports,790120,COMTRADE-FINAL-CA0082001H1[2002-10-23].gz,H1
Exports,820110,COMTRADE-FINAL-CA0082001H1[2002-10-23].gz,H1
Exports,820299,COMTRADE-FINAL-CA0082001H1[2002-10-23].gz,H1
Exports,820411,COMTRADE-FINAL-CA0082001H1[2002-10-23].gz,H1
Exports,820719,COMTRADE-FINAL-CA0082001H1[2002-10-23].gz,H1
Exports,820820,COMTRADE-FINAL-CA0082001H1[2002-10-23].gz,H1
Exports,820890,COMTRADE-FINAL-CA0082001H1[2002-10-23].gz,H1
Exports,821210,COMTRADE-FINAL-CA0082001H1[2002-10-23].gz,H1
Exports,821220,COMTRADE-FINAL-CA0082001H1[2002-10-23].gz,H1
Exports,830110,COMTRADE-FINAL-CA0082001H1[2002-10-23].gz,H1
Exports,830120,COMTRADE-FINAL-CA0082001H1[2002-10-23].gz,H1
Exports,830241,COMTRADE-FINAL-CA0082001H1[2002-10-23].gz,H1
Exports,830242,COMTRADE-FINAL-CA0082001H1[2002-10-23].gz,H1
Exports,830249,COMTRADE-FINAL-CA0082001H1[2002-10-23].gz,H1
Exports,830260,COMTRADE-FINAL-CA0082001H1[2002-10-23].gz,H1
Exports,831000,COMTRADE-FINAL-CA0082001H1[2002-10-23].gz,H1
Exports,840110,COMTRADE-FINAL-CA0082001H1[2002-10-23].gz,H1
Exports,840510,COMTRADE-FINAL-CA0082001H1[2002-10-23].gz,H1
Exports,840733,COMTRADE-FINAL-CA0082001H1[2002-10-23].gz,H1
Exports,840810,COMTRADE-FINAL-CA0082001H1[2002-10-23].gz,H1
Exports,840890,COMTRADE-FINAL-CA0082001H1[2002-10-23].gz,H1
Exports,841231,COMTRADE-FINAL-CA0082001H1[2002-10-23].gz,H1
Exports,841350,COMTRADE-FINAL-CA0082001H1[2002-10-23].gz,H1
Exports,841381,COMTRADE-FINAL-CA0082001H1[2002-10-23].gz,H1
Exports,841430,COMTRADE-FINAL-CA0082001H1[2002-10-23].gz,H1
Exports,841460,COMTRADE-FINAL-CA0082001H1[2002-10-23].gz,H1
Exports,841780,COMTRADE-FINAL-CA0082001H1[2002-10-23].gz,H1
Exports,841829,COMTRADE-FINAL-CA0082001H1[2002-10-23].gz,H1
Exports,842121,COMTRADE-FINAL-CA0082001H1[2002-10-23].gz,H1
Exports,842139,COMTRADE-FINAL-CA0082001H1[2002-10-23].gz,H1
Exports,842430,COMTRADE-FINAL-CA0082001H1[2002-10-23].gz,H1
Exports,842619,COMTRADE-FINAL-CA0082001H1[2002-10-23].gz,H1
Exports,842620,COMTRADE-FINAL-CA0082001H1[2002-10-23].gz,H1
Exports,842649,COMTRADE-FINAL-CA0082001H1[2002-10-23].gz,H1
Exports,842833,COMTRADE-FINAL-CA0082001H1[2002-10-23].gz,H1
Exports,842890,COMTRADE-FINAL-CA0082001H1[2002-10-23].gz,H1
Exports,842919,COMTRADE-FINAL-CA0082001H1[2002-10-23].gz,H1
Exports,842920,COMTRADE-FINAL-CA0082001H1[2002-10-23].gz,H1
Exports,842930,COMTRADE-FINAL-CA0082001H1[2002-10-23].gz,H1
Exports,842959,COMTRADE-FINAL-CA0082001H1[2002-10-23].gz,H1
Exports,843139,COMTRADE-FINAL-CA0082001H1[2002-10-23].gz,H1
Exports,843143,COMTRADE-FINAL-CA0082001H1[2002-10-23].gz,H1
Exports,843610,COMTRADE-FINAL-CA0082001H1[2002-10-23].gz,H1
Exports,843820,COMTRADE-FINAL-CA0082001H1[2002-10-23].gz,H1
Exports,844390,COMTRADE-FINAL-CA0082001H1[2002-10-23].gz,H1
Exports,844590,COMTRADE-FINAL-CA0082001H1[2002-10-23].gz,H1
Exports,845210,COMTRADE-FINAL-CA0082001H1[2002-10-23].gz,H1
Exports,845380,COMTRADE-FINAL-CA0082001H1[2002-10-23].gz,H1
Exports,845490,COMTRADE-FINAL-CA0082001H1[2002-10-23].gz,H1
Exports,845530,COMTRADE-FINAL-CA0082001H1[2002-10-23].gz,H1
Exports,845940,COMTRADE-FINAL-CA0082001H1[2002-10-23].gz,H1
Exports,846019,COMTRADE-FINAL-CA0082001H1[2002-10-23].gz,H1
Exports,846130,COMTRADE-FINAL-CA0082001H1[2002-10-23].gz,H1
Exports,846140,COMTRADE-FINAL-CA0082001H1[2002-10-23].gz,H1
Exports,846291,COMTRADE-FINAL-CA0082001H1[2002-10-23].gz,H1
Exports,846299,COMTRADE-FINAL-CA0082001H1[2002-10-23].gz,H1
Exports,846591,COMTRADE-FINAL-CA0082001H1[2002-10-23].gz,H1
Exports,846599,COMTRADE-FINAL-CA0082001H1[2002-10-23].gz,H1
Exports,847110,COMTRADE-FINAL-CA0082001H1[2002-10-23].gz,H1
Exports,847130,COMTRADE-FINAL-CA0082001H1[2002-10-23].gz,H1
Exports,847149,COMTRADE-FINAL-CA0082001H1[2002-10-23].gz,H1
Exports,847160,COMTRADE-FINAL-CA0082001H1[2002-10-23].gz,H1
Exports,847431,COMTRADE-FINAL-CA0082001H1[2002-10-23].gz,H1
Exports,847439,COMTRADE-FINAL-CA0082001H1[2002-10-23].gz,H1
Exports,847480,COMTRADE-FINAL-CA0082001H1[2002-10-23].gz,H1
Exports,847720,COMTRADE-FINAL-CA0082001H1[2002-10-23].gz,H1
Exports,847910,COMTRADE-FINAL-CA0082001H1[2002-10-23].gz,H1
Exports,847930,COMTRADE-FINAL-CA0082001H1[2002-10-23].gz,H1
Exports,847989,COMTRADE-FINAL-CA0082001H1[2002-10-23].gz,H1
Exports,847990,COMTRADE-FINAL-CA0082001H1[2002-10-23].gz,H1
Exports,848049,COMTRADE-FINAL-CA0082001H1[2002-10-23].gz,H1
Exports,848079,COMTRADE-FINAL-CA0082001H1[2002-10-23].gz,H1
Exports,848140,COMTRADE-FINAL-CA0082001H1[2002-10-23].gz,H1
Exports,848180,COMTRADE-FINAL-CA0082001H1[2002-10-23].gz,H1
Exports,850110,COMTRADE-FINAL-CA0082001H1[2002-10-23].gz,H1
Exports,850212,COMTRADE-FINAL-CA0082001H1[2002-10-23].gz,H1
Exports,850220,COMTRADE-FINAL-CA0082001H1[2002-10-23].gz,H1
Exports,850240,COMTRADE-FINAL-CA0082001H1[2002-10-23].gz,H1
Exports,850433,COMTRADE-FINAL-CA0082001H1[2002-10-23].gz,H1
Exports,850890,COMTRADE-FINAL-CA0082001H1[2002-10-23].gz,H1
Exports,851680,COMTRADE-FINAL-CA0082001H1[2002-10-23].gz,H1
Exports,852190,COMTRADE-FINAL-CA0082001H1[2002-10-23].gz,H1
Exports,852460,COMTRADE-FINAL-CA0082001H1[2002-10-23].gz,H1
Exports,852790,COMTRADE-FINAL-CA0082001H1[2002-10-23].gz,H1
Exports,852910,COMTRADE-FINAL-CA0082001H1[2002-10-23].gz,H1
Exports,852990,COMTRADE-FINAL-CA0082001H1[2002-10-23].gz,H1
Exports,853190,COMTRADE-FINAL-CA0082001H1[2002-10-23].gz,H1
Exports,853339,COMTRADE-FINAL-CA0082001H1[2002-10-23].gz,H1
Exports,853390,COMTRADE-FINAL-CA0082001H1[2002-10-23].gz,H1
Exports,853690,COMTRADE-FINAL-CA0082001H1[2002-10-23].gz,H1
Exports,853720,COMTRADE-FINAL-CA0082001H1[2002-10-23].gz,H1
Exports,853810,COMTRADE-FINAL-CA0082001H1[2002-10-23].gz,H1
Exports,853890,COMTRADE-FINAL-CA0082001H1[2002-10-23].gz,H1
Exports,854390,COMTRADE-FINAL-CA0082001H1[2002-10-23].gz,H1
Exports,854420,COMTRADE-FINAL-CA0082001H1[2002-10-23].gz,H1
Exports,854441,COMTRADE-FINAL-CA0082001H1[2002-10-23].gz,H1
Exports,854449,COMTRADE-FINAL-CA0082001H1[2002-10-23].gz,H1
Exports,860800,COMTRADE-FINAL-CA0082001H1[2002-10-23].gz,H1
Exports,870332,COMTRADE-FINAL-CA0082001H1[2002-10-23].gz,H1
Exports,870333,COMTRADE-FINAL-CA0082001H1[2002-10-23].gz,H1
Exports,870421,COMTRADE-FINAL-CA0082001H1[2002-10-23].gz,H1
Exports,870423,COMTRADE-FINAL-CA0082001H1[2002-10-23].gz,H1
Exports,870790,COMTRADE-FINAL-CA0082001H1[2002-10-23].gz,H1
Exports,870829,COMTRADE-FINAL-CA0082001H1[2002-10-23].gz,H1
Exports,870880,COMTRADE-FINAL-CA0082001H1[2002-10-23].gz,H1
Exports,870894,COMTRADE-FINAL-CA0082001H1[2002-10-23].gz,H1
Exports,870919,COMTRADE-FINAL-CA0082001H1[2002-10-23].gz,H1
Exports,880520,COMTRADE-FINAL-CA0082001H1[2002-10-23].gz,H1
Exports,890120,COMTRADE-FINAL-CA0082001H1[2002-10-23].gz,H1
Exports,901510,COMTRADE-FINAL-CA0082001H1[2002-10-23].gz,H1
Exports,901520,COMTRADE-FINAL-CA0082001H1[2002-10-23].gz,H1
Exports,901590,COMTRADE-FINAL-CA0082001H1[2002-10-23].gz,H1
Exports,902710,COMTRADE-FINAL-CA0082001H1[2002-10-23].gz,H1
Exports,902730,COMTRADE-FINAL-CA0082001H1[2002-10-23].gz,H1
Exports,903190,COMTRADE-FINAL-CA0082001H1[2002-10-23].gz,H1
Exports,930390,COMTRADE-FINAL-CA0082001H1[2002-10-23].gz,H1
Exports,930529,COMTRADE-FINAL-CA0082001H1[2002-10-23].gz,H1
Exports,940290,COMTRADE-FINAL-CA0082001H1[2002-10-23].gz,H1
Exports,940520,COMTRADE-FINAL-CA0082001H1[2002-10-23].gz,H1
Exports,950210,COMTRADE-FINAL-CA0082001H1[2002-10-23].gz,H1
Exports,950350,COMTRADE-FINAL-CA0082001H1[2002-10-23].gz,H1
Exports,950662,COMTRADE-FINAL-CA0082001H1[2002-10-23].gz,H1
Exports,960321,COMTRADE-FINAL-CA0082001H1[2002-10-23].gz,H1
Exports,960621,COMTRADE-FINAL-CA0082001H1[2002-10-23].gz,H1
Exports,960850,COMTRADE-FINAL-CA0082001H1[2002-10-23].gz,H1
Exports,970200,COMTRADE-FINAL-CA0082001H1[2002-10-23].gz,H1
Exports,970300,COMTRADE-FINAL-CA0082001H1[2002-10-23].gz,H1
Imports,010310,COMTRADE-FINAL-CA0082001H1[2002-10-23].gz,H1
Imports,010420,COMTRADE-FINAL-CA0082001H1[2002-10-23].gz,H1
Imports,010512,COMTRADE-FINAL-CA0082001H1[2002-10-23].gz,H1
Imports,020110,COMTRADE-FINAL-CA0082001H1[2002-10-23].gz,H1
Imports,020210,COMTRADE-FINAL-CA0082001H1[2002-10-23].gz,H1
Imports,020450,COMTRADE-FINAL-CA0082001H1[2002-10-23].gz,H1
Imports,020735,COMTRADE-FINAL-CA0082001H1[2002-10-23].gz,H1
Imports,030212,COMTRADE-FINAL-CA0082001H1[2002-10-23].gz,H1
Imports,030221,COMTRADE-FINAL-CA0082001H1[2002-10-23].gz,H1
Imports,030239,COMTRADE-FINAL-CA0082001H1[2002-10-23].gz,H1
Imports,030262,COMTRADE-FINAL-CA0082001H1[2002-10-23].gz,H1
Imports,030263,COMTRADE-FINAL-CA0082001H1[2002-10-23].gz,H1
Imports,030264,COMTRADE-FINAL-CA0082001H1[2002-10-23].gz,H1
Imports,030310,COMTRADE-FINAL-CA0082001H1[2002-10-23].gz,H1
Imports,030329,COMTRADE-FINAL-CA0082001H1[2002-10-23].gz,H1
Imports,030490,COMTRADE-FINAL-CA0082001H1[2002-10-23].gz,H1
Imports,030619,COMTRADE-FINAL-CA0082001H1[2002-10-23].gz,H1
Imports,030629,COMTRADE-FINAL-CA0082001H1[2002-10-23].gz,H1
Imports,030749,COMTRADE-FINAL-CA0082001H1[2002-10-23].gz,H1
Imports,030791,COMTRADE-FINAL-CA0082001H1[2002-10-23].gz,H1
Imports,040640,COMTRADE-FINAL-CA0082001H1[2002-10-23].gz,H1
Imports,040811,COMTRADE-FINAL-CA0082001H1[2002-10-23].gz,H1
Imports,041000,COMTRADE-FINAL-CA0082001H1[2002-10-23].gz,H1
Imports,051191,COMTRADE-FINAL-CA0082001H1[2002-10-23].gz,H1
Imports,070511,COMTRADE-FINAL-CA0082001H1[2002-10-23].gz,H1
Imports,071320,COMTRADE-FINAL-CA0082001H1[2002-10-23].gz,H1
Imports,080111,COMTRADE-FINAL-CA0082001H1[2002-10-23].gz,H1
Imports,080121,COMTRADE-FINAL-CA0082001H1[2002-10-23].gz,H1
Imports,080131,COMTRADE-FINAL-CA0082001H1[2002-10-23].gz,H1
Imports,080240,COMTRADE-FINAL-CA0082001H1[2002-10-23].gz,H1
Imports,081310,COMTRADE-FINAL-CA0082001H1[2002-10-23].gz,H1
Imports,090610,COMTRADE-FINAL-CA0082001H1[2002-10-23].gz,H1
Imports,090830,COMTRADE-FINAL-CA0082001H1[2002-10-23].gz,H1
Imports,100640,COMTRADE-FINAL-CA0082001H1[2002-10-23].gz,H1
Imports,100820,COMTRADE-FINAL-CA0082001H1[2002-10-23].gz,H1
Imports,110430,COMTRADE-FINAL-CA0082001H1[2002-10-23].gz,H1
Imports,120911,COMTRADE-FINAL-CA0082001H1[2002-10-23].gz,H1
Imports,130190,COMTRADE-FINAL-CA0082001H1[2002-10-23].gz,H1
Imports,130220,COMTRADE-FINAL-CA0082001H1[2002-10-23].gz,H1
Imports,130231,COMTRADE-FINAL-CA0082001H1[2002-10-23].gz,H1
Imports,140310,COMTRADE-FINAL-CA0082001H1[2002-10-23].gz,H1
Imports,150510,COMTRADE-FINAL-CA0082001H1[2002-10-23].gz,H1
Imports,150810,COMTRADE-FINAL-CA0082001H1[2002-10-23].gz,H1
Imports,151311,COMTRADE-FINAL-CA0082001H1[2002-10-23].gz,H1
Imports,151319,COMTRADE-FINAL-CA0082001H1[2002-10-23].gz,H1
Imports,151511,COMTRADE-FINAL-CA0082001H1[2002-10-23].gz,H1
Imports,151530,COMTRADE-FINAL-CA0082001H1[2002-10-23].gz,H1
Imports,151610,COMTRADE-FINAL-CA0082001H1[2002-10-23].gz,H1
Imports,160415,COMTRADE-FINAL-CA0082001H1[2002-10-23].gz,H1
Imports,160430,COMTRADE-FINAL-CA0082001H1[2002-10-23].gz,H1
Imports,170211,COMTRADE-FINAL-CA0082001H1[2002-10-23].gz,H1
Imports,170390,COMTRADE-FINAL-CA0082001H1[2002-10-23].gz,H1
Imports,200551,COMTRADE-FINAL-CA0082001H1[2002-10-23].gz,H1
Imports,200840,COMTRADE-FINAL-CA0082001H1[2002-10-23].gz,H1
Imports,200940,COMTRADE-FINAL-CA0082001H1[2002-10-23].gz,H1
Imports,220590,COMTRADE-FINAL-CA0082001H1[2002-10-23].gz,H1
Imports,230330,COMTRADE-FINAL-CA0082001H1[2002-10-23].gz,H1
Imports,230650,COMTRADE-FINAL-CA0082001H1[2002-10-23].gz,H1
Imports,240120,COMTRADE-FINAL-CA0082001H1[2002-10-23].gz,H1
Imports,240210,COMTRADE-FINAL-CA0082001H1[2002-10-23].gz,H1
Imports,250200,COMTRADE-FINAL-CA0082001H1[2002-10-23].gz,H1
Imports,250490,COMTRADE-FINAL-CA0082001H1[2002-10-23].gz,H1
Imports,250820,COMTRADE-FINAL-CA0082001H1[2002-10-23].gz,H1
Imports,250860,COMTRADE-FINAL-CA0082001H1[2002-10-23].gz,H1
Imports,251010,COMTRADE-FINAL-CA0082001H1[2002-10-23].gz,H1
Imports,251611,COMTRADE-FINAL-CA0082001H1[2002-10-23].gz,H1
Imports,251720,COMTRADE-FINAL-CA0082001H1[2002-10-23].gz,H1
Imports,251830,COMTRADE-FINAL-CA0082001H1[2002-10-23].gz,H1
Imports,251910,COMTRADE-FINAL-CA0082001H1[2002-10-23].gz,H1
Imports,252700,COMTRADE-FINAL-CA0082001H1[2002-10-23].gz,H1
Imports,252810,COMTRADE-FINAL-CA0082001H1[2002-10-23].gz,H1
Imports,252910,COMTRADE-FINAL-CA0082001H1[2002-10-23].gz,H1
Imports,261000,COMTRADE-FINAL-CA0082001H1[2002-10-23].gz,H1
Imports,261400,COMTRADE-FINAL-CA0082001H1[2002-10-23].gz,H1
Imports,261790,COMTRADE-FINAL-CA0082001H1[2002-10-23].gz,H1
Imports,262100,COMTRADE-FINAL-CA0082001H1[2002-10-23].gz,H1
Imports,270750,COMTRADE-FINAL-CA0082001H1[2002-10-23].gz,H1
Imports,270810,COMTRADE-FINAL-CA0082001H1[2002-10-23].gz,H1
Imports,271312,COMTRADE-FINAL-CA0082001H1[2002-10-23].gz,H1
Imports,280300,COMTRADE-FINAL-CA0082001H1[2002-10-23].gz,H1
Imports,280470,COMTRADE-FINAL-CA0082001H1[2002-10-23].gz,H1
Imports,281610,COMTRADE-FINAL-CA0082001H1[2002-10-23].gz,H1
Imports,281620,COMTRADE-FINAL-CA0082001H1[2002-10-23].gz,H1
Imports,281910,COMTRADE-FINAL-CA0082001H1[2002-10-23].gz,H1
Imports,282090,COMTRADE-FINAL-CA0082001H1[2002-10-23].gz,H1
Imports,282510,COMTRADE-FINAL-CA0082001H1[2002-10-23].gz,H1
Imports,282540,COMTRADE-FINAL-CA0082001H1[2002-10-23].gz,H1
Imports,282630,COMTRADE-FINAL-CA0082001H1[2002-10-23].gz,H1
Imports,282690,COMTRADE-FINAL-CA0082001H1[2002-10-23].gz,H1
Imports,282731,COMTRADE-FINAL-CA0082001H1[2002-10-23].gz,H1
Imports,282733,COMTRADE-FINAL-CA0082001H1[2002-10-23].gz,H1
Imports,282759,COMTRADE-FINAL-CA0082001H1[2002-10-23].gz,H1
Imports,282990,COMTRADE-FINAL-CA0082001H1[2002-10-23].gz,H1
Imports,283090,COMTRADE-FINAL-CA0082001H1[2002-10-23].gz,H1
Imports,283230,COMTRADE-FINAL-CA0082001H1[2002-10-23].gz,H1
Imports,283326,COMTRADE-FINAL-CA0082001H1[2002-10-23].gz,H1
Imports,283691,COMTRADE-FINAL-CA0082001H1[2002-10-23].gz,H1
Imports,283990,COMTRADE-FINAL-CA0082001H1[2002-10-23].gz,H1
Imports,284110,COMTRADE-FINAL-CA0082001H1[2002-10-23].gz,H1
Imports,284120,COMTRADE-FINAL-CA0082001H1[2002-10-23].gz,H1
Imports,284190,COMTRADE-FINAL-CA0082001H1[2002-10-23].gz,H1
Imports,284330,COMTRADE-FINAL-CA0082001H1[2002-10-23].gz,H1
Imports,284590,COMTRADE-FINAL-CA0082001H1[2002-10-23].gz,H1
Imports,284990,COMTRADE-FINAL-CA0082001H1[2002-10-23].gz,H1
Imports,290250,COMTRADE-FINAL-CA0082001H1[2002-10-23].gz,H1
Imports,290410,COMTRADE-FINAL-CA0082001H1[2002-10-23].gz,H1
Imports,290490,COMTRADE-FINAL-CA0082001H1[2002-10-23].gz,H1
Imports,290514,COMTRADE-FINAL-CA0082001H1[2002-10-23].gz,H1
Imports,290515,COMTRADE-FINAL-CA0082001H1[2002-10-23].gz,H1
Imports,290529,COMTRADE-FINAL-CA0082001H1[2002-10-23].gz,H1
Imports,290531,COMTRADE-FINAL-CA0082001H1[2002-10-23].gz,H1
Imports,290621,COMTRADE-FINAL-CA0082001H1[2002-10-23].gz,H1
Imports,290722,COMTRADE-FINAL-CA0082001H1[2002-10-23].gz,H1
Imports,290723,COMTRADE-FINAL-CA0082001H1[2002-10-23].gz,H1
Imports,290941,COMTRADE-FINAL-CA0082001H1[2002-10-23].gz,H1
Imports,291010,COMTRADE-FINAL-CA0082001H1[2002-10-23].gz,H1
Imports,291090,COMTRADE-FINAL-CA0082001H1[2002-10-23].gz,H1
Imports,291429,COMTRADE-FINAL-CA0082001H1[2002-10-23].gz,H1
Imports,291439,COMTRADE-FINAL-CA0082001H1[2002-10-23].gz,H1
Imports,291529,COMTRADE-FINAL-CA0082001H1[2002-10-23].gz,H1
Imports,291540,COMTRADE-FINAL-CA0082001H1[2002-10-23].gz,H1
Imports,291612,COMTRADE-FINAL-CA0082001H1[2002-10-23].gz,H1
Imports,291614,COMTRADE-FINAL-CA0082001H1[2002-10-23].gz,H1
Imports,291615,COMTRADE-FINAL-CA0082001H1[2002-10-23].gz,H1
Imports,291714,COMTRADE-FINAL-CA0082001H1[2002-10-23].gz,H1
Imports,291731,COMTRADE-FINAL-CA0082001H1[2002-10-23].gz,H1
Imports,291732,COMTRADE-FINAL-CA0082001H1[2002-10-23].gz,H1
Imports,292112,COMTRADE-FINAL-CA0082001H1[2002-10-23].gz,H1
Imports,292145,COMTRADE-FINAL-CA0082001H1[2002-10-23].gz,H1
Imports,292229,COMTRADE-FINAL-CA0082001H1[2002-10-23].gz,H1
Imports,292310,COMTRADE-FINAL-CA0082001H1[2002-10-23].gz,H1
Imports,292390,COMTRADE-FINAL-CA0082001H1[2002-10-23].gz,H1
Imports,292410,COMTRADE-FINAL-CA0082001H1[2002-10-23].gz,H1
Imports,292620,COMTRADE-FINAL-CA0082001H1[2002-10-23].gz,H1
Imports,292690,COMTRADE-FINAL-CA0082001H1[2002-10-23].gz,H1
Imports,292700,COMTRADE-FINAL-CA0082001H1[2002-10-23].gz,H1
Imports,292800,COMTRADE-FINAL-CA0082001H1[2002-10-23].gz,H1
Imports,293020,COMTRADE-FINAL-CA0082001H1[2002-10-23].gz,H1
Imports,293100,COMTRADE-FINAL-CA0082001H1[2002-10-23].gz,H1
Imports,293219,COMTRADE-FINAL-CA0082001H1[2002-10-23].gz,H1
Imports,293311,COMTRADE-FINAL-CA0082001H1[2002-10-23].gz,H1
Imports,293721,COMTRADE-FINAL-CA0082001H1[2002-10-23].gz,H1
Imports,293729,COMTRADE-FINAL-CA0082001H1[2002-10-23].gz,H1
Imports,293799,COMTRADE-FINAL-CA0082001H1[2002-10-23].gz,H1
Imports,293890,COMTRADE-FINAL-CA0082001H1[2002-10-23].gz,H1
Imports,300120,COMTRADE-FINAL-CA0082001H1[2002-10-23].gz,H1
Imports,310260,COMTRADE-FINAL-CA0082001H1[2002-10-23].gz,H1
Imports,310540,COMTRADE-FINAL-CA0082001H1[2002-10-23].gz,H1
Imports,320420,COMTRADE-FINAL-CA0082001H1[2002-10-23].gz,H1
Imports,321310,COMTRADE-FINAL-CA0082001H1[2002-10-23].gz,H1
Imports,330119,COMTRADE-FINAL-CA0082001H1[2002-10-23].gz,H1
Imports,330130,COMTRADE-FINAL-CA0082001H1[2002-10-23].gz,H1
Imports,340420,COMTRADE-FINAL-CA0082001H1[2002-10-23].gz,H1
Imports,360490,COMTRADE-FINAL-CA0082001H1[2002-10-23].gz,H1
Imports,360610,COMTRADE-FINAL-CA0082001H1[2002-10-23].gz,H1
Imports,370291,COMTRADE-FINAL-CA0082001H1[2002-10-23].gz,H1
Imports,380120,COMTRADE-FINAL-CA0082001H1[2002-10-23].gz,H1
Imports,380210,COMTRADE-FINAL-CA0082001H1[2002-10-23].gz,H1
Imports,380992,COMTRADE-FINAL-CA0082001H1[2002-10-23].gz,H1
Imports,381511,COMTRADE-FINAL-CA0082001H1[2002-10-23].gz,H1
Imports,381710,COMTRADE-FINAL-CA0082001H1[2002-10-23].gz,H1
Imports,382312,COMTRADE-FINAL-CA0082001H1[2002-10-23].gz,H1
Imports,390130,COMTRADE-FINAL-CA0082001H1[2002-10-23].gz,H1
Imports,390529,COMTRADE-FINAL-CA0082001H1[2002-10-23].gz,H1
Imports,392051,COMTRADE-FINAL-CA0082001H1[2002-10-23].gz,H1
Imports,400219,COMTRADE-FINAL-CA0082001H1[2002-10-23].gz,H1
Imports,400220,COMTRADE-FINAL-CA0082001H1[2002-10-23].gz,H1
Imports,400241,COMTRADE-FINAL-CA0082001H1[2002-10-23].gz,H1
Imports,400610,COMTRADE-FINAL-CA0082001H1[2002-10-23].gz,H1
Imports,401012,COMTRADE-FINAL-CA0082001H1[2002-10-23].gz,H1
Imports,410310,COMTRADE-FINAL-CA0082001H1[2002-10-23].gz,H1
Imports,410421,COMTRADE-FINAL-CA0082001H1[2002-10-23].gz,H1
Imports,410520,COMTRADE-FINAL-CA0082001H1[2002-10-23].gz,H1
Imports,410620,COMTRADE-FINAL-CA0082001H1[2002-10-23].gz,H1
Imports,410800,COMTRADE-FINAL-CA0082001H1[2002-10-23].gz,H1
Imports,420321,COMTRADE-FINAL-CA0082001H1[2002-10-23].gz,H1
Imports,430110,COMTRADE-FINAL-CA0082001H1[2002-10-23].gz,H1
Imports,430180,COMTRADE-FINAL-CA0082001H1[2002-10-23].gz,H1
Imports,430310,COMTRADE-FINAL-CA0082001H1[2002-10-23].gz,H1
Imports,440121,COMTRADE-FINAL-CA0082001H1[2002-10-23].gz,H1
Imports,440122,COMTRADE-FINAL-CA0082001H1[2002-10-23].gz,H1
Imports,441223,COMTRADE-FINAL-CA0082001H1[2002-10-23].gz,H1
Imports,441850,COMTRADE-FINAL-CA0082001H1[2002-10-23].gz,H1
Imports,460110,COMTRADE-FINAL-CA0082001H1[2002-10-23].gz,H1
Imports,470200,COMTRADE-FINAL-CA0082001H1[2002-10-23].gz,H1
Imports,470429,COMTRADE-FINAL-CA0082001H1[2002-10-23].gz,H1
Imports,470610,COMTRADE-FINAL-CA0082001H1[2002-10-23].gz,H1
Imports,470691,COMTRADE-FINAL-CA0082001H1[2002-10-23].gz,H1
Imports,470710,COMTRADE-FINAL-CA0082001H1[2002-10-23].gz,H1
Imports,470720,COMTRADE-FINAL-CA0082001H1[2002-10-23].gz,H1
Imports,480210,COMTRADE-FINAL-CA0082001H1[2002-10-23].gz,H1
Imports,481032,COMTRADE-FINAL-CA0082001H1[2002-10-23].gz,H1
Imports,490600,COMTRADE-FINAL-CA0082001H1[2002-10-23].gz,H1
Imports,510119,COMTRADE-FINAL-CA0082001H1[2002-10-23].gz,H1
Imports,510210,COMTRADE-FINAL-CA0082001H1[2002-10-23].gz,H1
Imports,510400,COMTRADE-FINAL-CA0082001H1[2002-10-23].gz,H1
Imports,520710,COMTRADE-FINAL-CA0082001H1[2002-10-23].gz,H1
Imports,520833,COMTRADE-FINAL-CA0082001H1[2002-10-23].gz,H1
Imports,521049,COMTRADE-FINAL-CA0082001H1[2002-10-23].gz,H1
Imports,521129,COMTRADE-FINAL-CA0082001H1[2002-10-23].gz,H1
Imports,521143,COMTRADE-FINAL-CA0082001H1[2002-10-23].gz,H1
Imports,521152,COMTRADE-FINAL-CA0082001H1[2002-10-23].gz,H1
Imports,521159,COMTRADE-FINAL-CA0082001H1[2002-10-23].gz,H1
Imports,521212,COMTRADE-FINAL-CA0082001H1[2002-10-23].gz,H1
Imports,530310,COMTRADE-FINAL-CA0082001H1[2002-10-23].gz,H1
Imports,530410,COMTRADE-FINAL-CA0082001H1[2002-10-23].gz,H1
Imports,530911,COMTRADE-FINAL-CA0082001H1[2002-10-23].gz,H1
Imports,530929,COMTRADE-FINAL-CA0082001H1[2002-10-23].gz,H1
Imports,540233,COMTRADE-FINAL-CA0082001H1[2002-10-23].gz,H1
Imports,540341,COMTRADE-FINAL-CA0082001H1[2002-10-23].gz,H1
Imports,550912,COMTRADE-FINAL-CA0082001H1[2002-10-23].gz,H1
Imports,551130,COMTRADE-FINAL-CA0082001H1[2002-10-23].gz,H1
Imports,551221,COMTRADE-FINAL-CA0082001H1[2002-10-23].gz,H1
Imports,551339,COMTRADE-FINAL-CA0082001H1[2002-10-23].gz,H1
Imports,551349,COMTRADE-FINAL-CA0082001H1[2002-10-23].gz,H1
Imports,551441,COMTRADE-FINAL-CA0082001H1[2002-10-23].gz,H1
Imports,551521,COMTRADE-FINAL-CA0082001H1[2002-10-23].gz,H1
Imports,551522,COMTRADE-FINAL-CA0082001H1[2002-10-23].gz,H1
Imports,551592,COMTRADE-FINAL-CA0082001H1[2002-10-23].gz,H1
Imports,551621,COMTRADE-FINAL-CA0082001H1[2002-10-23].gz,H1
Imports,551624,COMTRADE-FINAL-CA0082001H1[2002-10-23].gz,H1
Imports,551632,COMTRADE-FINAL-CA0082001H1[2002-10-23].gz,H1
Imports,551633,COMTRADE-FINAL-CA0082001H1[2002-10-23].gz,H1
Imports,551641,COMTRADE-FINAL-CA0082001H1[2002-10-23].gz,H1
Imports,551691,COMTRADE-FINAL-CA0082001H1[2002-10-23].gz,H1
Imports,560221,COMTRADE-FINAL-CA0082001H1[2002-10-23].gz,H1
Imports,570291,COMTRADE-FINAL-CA0082001H1[2002-10-23].gz,H1
Imports,580131,COMTRADE-FINAL-CA0082001H1[2002-10-23].gz,H1
Imports,580500,COMTRADE-FINAL-CA0082001H1[2002-10-23].gz,H1
Imports,590491,COMTRADE-FINAL-CA0082001H1[2002-10-23].gz,H1
Imports,590691,COMTRADE-FINAL-CA0082001H1[2002-10-23].gz,H1
Imports,600199,COMTRADE-FINAL-CA0082001H1[2002-10-23].gz,H1
Imports,610120,COMTRADE-FINAL-CA0082001H1[2002-10-23].gz,H1
Imports,610329,COMTRADE-FINAL-CA0082001H1[2002-10-23].gz,H1
Imports,610892,COMTRADE-FINAL-CA0082001H1[2002-10-23].gz,H1
Imports,611220,COMTRADE-FINAL-CA0082001H1[2002-10-23].gz,H1
Imports,620331,COMTRADE-FINAL-CA0082001H1[2002-10-23].gz,H1
Imports,621030,COMTRADE-FINAL-CA0082001H1[2002-10-23].gz,H1
Imports,621510,COMTRADE-FINAL-CA0082001H1[2002-10-23].gz,H1
Imports,630252,COMTRADE-FINAL-CA0082001H1[2002-10-23].gz,H1
Imports,630311,COMTRADE-FINAL-CA0082001H1[2002-10-23].gz,H1
Imports,630391,COMTRADE-FINAL-CA0082001H1[2002-10-23].gz,H1
Imports,630649,COMTRADE-FINAL-CA0082001H1[2002-10-23].gz,H1
Imports,630691,COMTRADE-FINAL-CA0082001H1[2002-10-23].gz,H1
Imports,640312,COMTRADE-FINAL-CA0082001H1[2002-10-23].gz,H1
Imports,640330,COMTRADE-FINAL-CA0082001H1[2002-10-23].gz,H1
Imports,650510,COMTRADE-FINAL-CA0082001H1[2002-10-23].gz,H1
Imports,650691,COMTRADE-FINAL-CA0082001H1[2002-10-23].gz,H1
Imports,660320,COMTRADE-FINAL-CA0082001H1[2002-10-23].gz,H1
Imports,681240,COMTRADE-FINAL-CA0082001H1[2002-10-23].gz,H1
Imports,681410,COMTRADE-FINAL-CA0082001H1[2002-10-23].gz,H1
Imports,681490,COMTRADE-FINAL-CA0082001H1[2002-10-23].gz,H1
Imports,701332,COMTRADE-FINAL-CA0082001H1[2002-10-23].gz,H1
Imports,701951,COMTRADE-FINAL-CA0082001H1[2002-10-23].gz,H1
Imports,701952,COMTRADE-FINAL-CA0082001H1[2002-10-23].gz,H1
Imports,711510,COMTRADE-FINAL-CA0082001H1[2002-10-23].gz,H1
Imports,711620,COMTRADE-FINAL-CA0082001H1[2002-10-23].gz,H1
Imports,720110,COMTRADE-FINAL-CA0082001H1[2002-10-23].gz,H1
Imports,720150,COMTRADE-FINAL-CA0082001H1[2002-10-23].gz,H1
Imports,720260,COMTRADE-FINAL-CA0082001H1[2002-10-23].gz,H1
Imports,720310,COMTRADE-FINAL-CA0082001H1[2002-10-23].gz,H1
Imports,720390,COMTRADE-FINAL-CA0082001H1[2002-10-23].gz,H1
Imports,720441,COMTRADE-FINAL-CA0082001H1[2002-10-23].gz,H1
Imports,720529,COMTRADE-FINAL-CA0082001H1[2002-10-23].gz,H1
Imports,720810,COMTRADE-FINAL-CA0082001H1[2002-10-23].gz,H1
Imports,720927,COMTRADE-FINAL-CA0082001H1[2002-10-23].gz,H1
Imports,721050,COMTRADE-FINAL-CA0082001H1[2002-10-23].gz,H1
Imports,721891,COMTRADE-FINAL-CA0082001H1[2002-10-23].gz,H1
Imports,721913,COMTRADE-FINAL-CA0082001H1[2002-10-23].gz,H1
Imports,721931,COMTRADE-FINAL-CA0082001H1[2002-10-23].gz,H1
Imports,722011,COMTRADE-FINAL-CA0082001H1[2002-10-23].gz,H1
Imports,722020,COMTRADE-FINAL-CA0082001H1[2002-10-23].gz,H1
Imports,722211,COMTRADE-FINAL-CA0082001H1[2002-10-23].gz,H1
Imports,722511,COMTRADE-FINAL-CA0082001H1[2002-10-23].gz,H1
Imports,722880,COMTRADE-FINAL-CA0082001H1[2002-10-23].gz,H1
Imports,722920,COMTRADE-FINAL-CA0082001H1[2002-10-23].gz,H1
Imports,740120,COMTRADE-FINAL-CA0082001H1[2002-10-23].gz,H1
Imports,740312,COMTRADE-FINAL-CA0082001H1[2002-10-23].gz,H1
Imports,740313,COMTRADE-FINAL-CA0082001H1[2002-10-23].gz,H1
Imports,740929,COMTRADE-FINAL-CA0082001H1[2002-10-23].gz,H1
Imports,741011,COMTRADE-FINAL-CA0082001H1[2002-10-23].gz,H1
Imports,741510,COMTRADE-FINAL-CA0082001H1[2002-10-23].gz,H1
Imports,741910,COMTRADE-FINAL-CA0082001H1[2002-10-23].gz,H1
Imports,750210,COMTRADE-FINAL-CA0082001H1[2002-10-23].gz,H1
Imports,800200,COMTRADE-FINAL-CA0082001H1[2002-10-23].gz,H1
Imports,800400,COMTRADE-FINAL-CA0082001H1[2002-10-23].gz,H1
Imports,810390,COMTRADE-FINAL-CA0082001H1[2002-10-23].gz,H1
Imports,811100,COMTRADE-FINAL-CA0082001H1[2002-10-23].gz,H1
Imports,820840,COMTRADE-FINAL-CA0082001H1[2002-10-23].gz,H1
Imports,840120,COMTRADE-FINAL-CA0082001H1[2002-10-23].gz,H1
Imports,840140,COMTRADE-FINAL-CA0082001H1[2002-10-23].gz,H1
Imports,841011,COMTRADE-FINAL-CA0082001H1[2002-10-23].gz,H1
Imports,841199,COMTRADE-FINAL-CA0082001H1[2002-10-23].gz,H1
Imports,842520,COMTRADE-FINAL-CA0082001H1[2002-10-23].gz,H1
Imports,844312,COMTRADE-FINAL-CA0082001H1[2002-10-23].gz,H1
Imports,844511,COMTRADE-FINAL-CA0082001H1[2002-10-23].gz,H1
Imports,844519,COMTRADE-FINAL-CA0082001H1[2002-10-23].gz,H1
Imports,844839,COMTRADE-FINAL-CA0082001H1[2002-10-23].gz,H1
Imports,844849,COMTRADE-FINAL-CA0082001H1[2002-10-23].gz,H1
Imports,845630,COMTRADE-FINAL-CA0082001H1[2002-10-23].gz,H1
Imports,845961,COMTRADE-FINAL-CA0082001H1[2002-10-23].gz,H1
Imports,845970,COMTRADE-FINAL-CA0082001H1[2002-10-23].gz,H1
Imports,846031,COMTRADE-FINAL-CA0082001H1[2002-10-23].gz,H1
Imports,847040,COMTRADE-FINAL-CA0082001H1[2002-10-23].gz,H1
Imports,847629,COMTRADE-FINAL-CA0082001H1[2002-10-23].gz,H1
Imports,847681,COMTRADE-FINAL-CA0082001H1[2002-10-23].gz,H1
Imports,847960,COMTRADE-FINAL-CA0082001H1[2002-10-23].gz,H1
Imports,848010,COMTRADE-FINAL-CA0082001H1[2002-10-23].gz,H1
Imports,848050,COMTRADE-FINAL-CA0082001H1[2002-10-23].gz,H1
Imports,850920,COMTRADE-FINAL-CA0082001H1[2002-10-23].gz,H1
Imports,851521,COMTRADE-FINAL-CA0082001H1[2002-10-23].gz,H1
Imports,852739,COMTRADE-FINAL-CA0082001H1[2002-10-23].gz,H1
Imports,853010,COMTRADE-FINAL-CA0082001H1[2002-10-23].gz,H1
Imports,853222,COMTRADE-FINAL-CA0082001H1[2002-10-23].gz,H1
Imports,853230,COMTRADE-FINAL-CA0082001H1[2002-10-23].gz,H1
Imports,853290,COMTRADE-FINAL-CA0082001H1[2002-10-23].gz,H1
Imports,853331,COMTRADE-FINAL-CA0082001H1[2002-10-23].gz,H1
Imports,854089,COMTRADE-FINAL-CA0082001H1[2002-10-23].gz,H1
Imports,854130,COMTRADE-FINAL-CA0082001H1[2002-10-23].gz,H1
Imports,854190,COMTRADE-FINAL-CA0082001H1[2002-10-23].gz,H1
Imports,854230,COMTRADE-FINAL-CA0082001H1[2002-10-23].gz,H1
Imports,854250,COMTRADE-FINAL-CA0082001H1[2002-10-23].gz,H1
Imports,854290,COMTRADE-FINAL-CA0082001H1[2002-10-23].gz,H1
Imports,854340,COMTRADE-FINAL-CA0082001H1[2002-10-23].gz,H1
Imports,854511,COMTRADE-FINAL-CA0082001H1[2002-10-23].gz,H1
Imports,854810,COMTRADE-FINAL-CA0082001H1[2002-10-23].gz,H1
Imports,860699,COMTRADE-FINAL-CA0082001H1[2002-10-23].gz,H1
Imports,860712,COMTRADE-FINAL-CA0082001H1[2002-10-23].gz,H1
Imports,860719,COMTRADE-FINAL-CA0082001H1[2002-10-23].gz,H1
Imports,870530,COMTRADE-FINAL-CA0082001H1[2002-10-23].gz,H1
Imports,880190,COMTRADE-FINAL-CA0082001H1[2002-10-23].gz,H1
Imports,880390,COMTRADE-FINAL-CA0082001H1[2002-10-23].gz,H1
Imports,900219,COMTRADE-FINAL-CA0082001H1[2002-10-23].gz,H1
Imports,900590,COMTRADE-FINAL-CA0082001H1[2002-10-23].gz,H1
Imports,900630,COMTRADE-FINAL-CA0082001H1[2002-10-23].gz,H1
Imports,900651,COMTRADE-FINAL-CA0082001H1[2002-10-23].gz,H1
Imports,900792,COMTRADE-FINAL-CA0082001H1[2002-10-23].gz,H1
Imports,901041,COMTRADE-FINAL-CA0082001H1[2002-10-23].gz,H1
Imports,901060,COMTRADE-FINAL-CA0082001H1[2002-10-23].gz,H1
Imports,901120,COMTRADE-FINAL-CA0082001H1[2002-10-23].gz,H1
Imports,901490,COMTRADE-FINAL-CA0082001H1[2002-10-23].gz,H1
Imports,901520,COMTRADE-FINAL-CA0082001H1[2002-10-23].gz,H1
Imports,901813,COMTRADE-FINAL-CA0082001H1[2002-10-23].gz,H1
Imports,902140,COMTRADE-FINAL-CA0082001H1[2002-10-23].gz,H1
Imports,903020,COMTRADE-FINAL-CA0082001H1[2002-10-23].gz,H1
Imports,903089,COMTRADE-FINAL-CA0082001H1[2002-10-23].gz,H1
Imports,903220,COMTRADE-FINAL-CA0082001H1[2002-10-23].gz,H1
Imports,910212,COMTRADE-FINAL-CA0082001H1[2002-10-23].gz,H1
Imports,910591,COMTRADE-FINAL-CA0082001H1[2002-10-23].gz,H1
Imports,910700,COMTRADE-FINAL-CA0082001H1[2002-10-23].gz,H1
Imports,910911,COMTRADE-FINAL-CA0082001H1[2002-10-23].gz,H1
Imports,910990,COMTRADE-FINAL-CA0082001H1[2002-10-23].gz,H1
Imports,911011,COMTRADE-FINAL-CA0082001H1[2002-10-23].gz,H1
Imports,920120,COMTRADE-FINAL-CA0082001H1[2002-10-23].gz,H1
Imports,920920,COMTRADE-FINAL-CA0082001H1[2002-10-23].gz,H1
Imports,920993,COMTRADE-FINAL-CA0082001H1[2002-10-23].gz,H1
Imports,930100,COMTRADE-FINAL-CA0082001H1[2002-10-23].gz,H1
Imports,930630,COMTRADE-FINAL-CA0082001H1[2002-10-23].gz,H1
Imports,950631,COMTRADE-FINAL-CA0082001H1[2002-10-23].gz,H1
Imports,950730,COMTRADE-FINAL-CA0082001H1[2002-10-23].gz,H1
Imports,970500,COMTRADE-FINAL-CA0082001H1[2002-10-23].gz,H1
Exports,010290,COMTRADE-FINAL-CA0082002H1[2005-03-29].gz,H1
Exports,020220,COMTRADE-FINAL-CA0082002H1[2005-03-29].gz,H1
Exports,020230,COMTRADE-FINAL-CA0082002H1[2005-03-29].gz,H1
Exports,030371,COMTRADE-FINAL-CA0082002H1[2005-03-29].gz,H1
Exports,030380,COMTRADE-FINAL-CA0082002H1[2005-03-29].gz,H1
Exports,040899,COMTRADE-FINAL-CA0082002H1[2005-03-29].gz,H1
Exports,060310,COMTRADE-FINAL-CA0082002H1[2005-03-29].gz,H1
Exports,070310,COMTRADE-FINAL-CA0082002H1[2005-03-29].gz,H1
Exports,070410,COMTRADE-FINAL-CA0082002H1[2005-03-29].gz,H1
Exports,070490,COMTRADE-FINAL-CA0082002H1[2005-03-29].gz,H1
Exports,070690,COMTRADE-FINAL-CA0082002H1[2005-03-29].gz,H1
Exports,070700,COMTRADE-FINAL-CA0082002H1[2005-03-29].gz,H1
Exports,071310,COMTRADE-FINAL-CA0082002H1[2005-03-29].gz,H1
Exports,080231,COMTRADE-FINAL-CA0082002H1[2005-03-29].gz,H1
Exports,080719,COMTRADE-FINAL-CA0082002H1[2005-03-29].gz,H1
Exports,091030,COMTRADE-FINAL-CA0082002H1[2005-03-29].gz,H1
Exports,100630,COMTRADE-FINAL-CA0082002H1[2005-03-29].gz,H1
Exports,120600,COMTRADE-FINAL-CA0082002H1[2005-03-29].gz,H1
Exports,120710,COMTRADE-FINAL-CA0082002H1[2005-03-29].gz,H1
Exports,120890,COMTRADE-FINAL-CA0082002H1[2005-03-29].gz,H1
Exports,140190,COMTRADE-FINAL-CA0082002H1[2005-03-29].gz,H1
Exports,151219,COMTRADE-FINAL-CA0082002H1[2005-03-29].gz,H1
Exports,190110,COMTRADE-FINAL-CA0082002H1[2005-03-29].gz,H1
Exports,190190,COMTRADE-FINAL-CA0082002H1[2005-03-29].gz,H1
Exports,200510,COMTRADE-FINAL-CA0082002H1[2005-03-29].gz,H1
Exports,210112,COMTRADE-FINAL-CA0082002H1[2005-03-29].gz,H1
Exports,210120,COMTRADE-FINAL-CA0082002H1[2005-03-29].gz,H1
Exports,210500,COMTRADE-FINAL-CA0082002H1[2005-03-29].gz,H1
Exports,220410,COMTRADE-FINAL-CA0082002H1[2005-03-29].gz,H1
Exports,220590,COMTRADE-FINAL-CA0082002H1[2005-03-29].gz,H1
Exports,220860,COMTRADE-FINAL-CA0082002H1[2005-03-29].gz,H1
Exports,220890,COMTRADE-FINAL-CA0082002H1[2005-03-29].gz,H1
Exports,230610,COMTRADE-FINAL-CA0082002H1[2005-03-29].gz,H1
Exports,240290,COMTRADE-FINAL-CA0082002H1[2005-03-29].gz,H1
Exports,250300,COMTRADE-FINAL-CA0082002H1[2005-03-29].gz,H1
Exports,251200,COMTRADE-FINAL-CA0082002H1[2005-03-29].gz,H1
Exports,251320,COMTRADE-FINAL-CA0082002H1[2005-03-29].gz,H1
Exports,251741,COMTRADE-FINAL-CA0082002H1[2005-03-29].gz,H1
Exports,252520,COMTRADE-FINAL-CA0082002H1[2005-03-29].gz,H1
Exports,260600,COMTRADE-FINAL-CA0082002H1[2005-03-29].gz,H1
Exports,271121,COMTRADE-FINAL-CA0082002H1[2005-03-29].gz,H1
Exports,271129,COMTRADE-FINAL-CA0082002H1[2005-03-29].gz,H1
Exports,284020,COMTRADE-FINAL-CA0082002H1[2005-03-29].gz,H1
Exports,285100,COMTRADE-FINAL-CA0082002H1[2005-03-29].gz,H1
Exports,310290,COMTRADE-FINAL-CA0082002H1[2005-03-29].gz,H1
Exports,310540,COMTRADE-FINAL-CA0082002H1[2005-03-29].gz,H1
Exports,310559,COMTRADE-FINAL-CA0082002H1[2005-03-29].gz,H1
Exports,320411,COMTRADE-FINAL-CA0082002H1[2005-03-29].gz,H1
Exports,321210,COMTRADE-FINAL-CA0082002H1[2005-03-29].gz,H1
Exports,330114,COMTRADE-FINAL-CA0082002H1[2005-03-29].gz,H1
Exports,330730,COMTRADE-FINAL-CA0082002H1[2005-03-29].gz,H1
Exports,330790,COMTRADE-FINAL-CA0082002H1[2005-03-29].gz,H1
Exports,340410,COMTRADE-FINAL-CA0082002H1[2005-03-29].gz,H1
Exports,370120,COMTRADE-FINAL-CA0082002H1[2005-03-29].gz,H1
Exports,370590,COMTRADE-FINAL-CA0082002H1[2005-03-29].gz,H1
Exports,380810,COMTRADE-FINAL-CA0082002H1[2005-03-29].gz,H1
Exports,380830,COMTRADE-FINAL-CA0082002H1[2005-03-29].gz,H1
Exports,382200,COMTRADE-FINAL-CA0082002H1[2005-03-29].gz,H1
Exports,382440,COMTRADE-FINAL-CA0082002H1[2005-03-29].gz,H1
Exports,382460,COMTRADE-FINAL-CA0082002H1[2005-03-29].gz,H1
Exports,390422,COMTRADE-FINAL-CA0082002H1[2005-03-29].gz,H1
Exports,390720,COMTRADE-FINAL-CA0082002H1[2005-03-29].gz,H1
Exports,391510,COMTRADE-FINAL-CA0082002H1[2005-03-29].gz,H1
Exports,391710,COMTRADE-FINAL-CA0082002H1[2005-03-29].gz,H1
Exports,391732,COMTRADE-FINAL-CA0082002H1[2005-03-29].gz,H1
Exports,392059,COMTRADE-FINAL-CA0082002H1[2005-03-29].gz,H1
Exports,392290,COMTRADE-FINAL-CA0082002H1[2005-03-29].gz,H1
Exports,392321,COMTRADE-FINAL-CA0082002H1[2005-03-29].gz,H1
Exports,392340,COMTRADE-FINAL-CA0082002H1[2005-03-29].gz,H1
Exports,400129,COMTRADE-FINAL-CA0082002H1[2005-03-29].gz,H1
Exports,400251,COMTRADE-FINAL-CA0082002H1[2005-03-29].gz,H1
Exports,400829,COMTRADE-FINAL-CA0082002H1[2005-03-29].gz,H1
Exports,401210,COMTRADE-FINAL-CA0082002H1[2005-03-29].gz,H1
Exports,401699,COMTRADE-FINAL-CA0082002H1[2005-03-29].gz,H1
Exports,410520,COMTRADE-FINAL-CA0082002H1[2005-03-29].gz,H1
Exports,420310,COMTRADE-FINAL-CA0082002H1[2005-03-29].gz,H1
Exports,420330,COMTRADE-FINAL-CA0082002H1[2005-03-29].gz,H1
Exports,441090,COMTRADE-FINAL-CA0082002H1[2005-03-29].gz,H1
Exports,441229,COMTRADE-FINAL-CA0082002H1[2005-03-29].gz,H1
Exports,450410,COMTRADE-FINAL-CA0082002H1[2005-03-29].gz,H1
Exports,480451,COMTRADE-FINAL-CA0082002H1[2005-03-29].gz,H1
Exports,480820,COMTRADE-FINAL-CA0082002H1[2005-03-29].gz,H1
Exports,481091,COMTRADE-FINAL-CA0082002H1[2005-03-29].gz,H1
Exports,481410,COMTRADE-FINAL-CA0082002H1[2005-03-29].gz,H1
Exports,481720,COMTRADE-FINAL-CA0082002H1[2005-03-29].gz,H1
Exports,481830,COMTRADE-FINAL-CA0082002H1[2005-03-29].gz,H1
Exports,481890,COMTRADE-FINAL-CA0082002H1[2005-03-29].gz,H1
Exports,482110,COMTRADE-FINAL-CA0082002H1[2005-03-29].gz,H1
Exports,482351,COMTRADE-FINAL-CA0082002H1[2005-03-29].gz,H1
Exports,500390,COMTRADE-FINAL-CA0082002H1[2005-03-29].gz,H1
Exports,510820,COMTRADE-FINAL-CA0082002H1[2005-03-29].gz,H1
Exports,520291,COMTRADE-FINAL-CA0082002H1[2005-03-29].gz,H1
Exports,520642,COMTRADE-FINAL-CA0082002H1[2005-03-29].gz,H1
Exports,520645,COMTRADE-FINAL-CA0082002H1[2005-03-29].gz,H1
Exports,520939,COMTRADE-FINAL-CA0082002H1[2005-03-29].gz,H1
Exports,521019,COMTRADE-FINAL-CA0082002H1[2005-03-29].gz,H1
Exports,521132,COMTRADE-FINAL-CA0082002H1[2005-03-29].gz,H1
Exports,540220,COMTRADE-FINAL-CA0082002H1[2005-03-29].gz,H1
Exports,540794,COMTRADE-FINAL-CA0082002H1[2005-03-29].gz,H1
Exports,550911,COMTRADE-FINAL-CA0082002H1[2005-03-29].gz,H1
Exports,551614,COMTRADE-FINAL-CA0082002H1[2005-03-29].gz,H1
Exports,560121,COMTRADE-FINAL-CA0082002H1[2005-03-29].gz,H1
Exports,560129,COMTRADE-FINAL-CA0082002H1[2005-03-29].gz,H1
Exports,560392,COMTRADE-FINAL-CA0082002H1[2005-03-29].gz,H1
Exports,570310,COMTRADE-FINAL-CA0082002H1[2005-03-29].gz,H1
Exports,580421,COMTRADE-FINAL-CA0082002H1[2005-03-29].gz,H1
Exports,580429,COMTRADE-FINAL-CA0082002H1[2005-03-29].gz,H1
Exports,580500,COMTRADE-FINAL-CA0082002H1[2005-03-29].gz,H1
Exports,580631,COMTRADE-FINAL-CA0082002H1[2005-03-29].gz,H1
Exports,580632,COMTRADE-FINAL-CA0082002H1[2005-03-29].gz,H1
Exports,600110,COMTRADE-FINAL-CA0082002H1[2005-03-29].gz,H1
Exports,600122,COMTRADE-FINAL-CA0082002H1[2005-03-29].gz,H1
Exports,600192,COMTRADE-FINAL-CA0082002H1[2005-03-29].gz,H1
Exports,600220,COMTRADE-FINAL-CA0082002H1[2005-03-29].gz,H1
Exports,600293,COMTRADE-FINAL-CA0082002H1[2005-03-29].gz,H1
Exports,610120,COMTRADE-FINAL-CA0082002H1[2005-03-29].gz,H1
Exports,610130,COMTRADE-FINAL-CA0082002H1[2005-03-29].gz,H1
Exports,610322,COMTRADE-FINAL-CA0082002H1[2005-03-29].gz,H1
Exports,610323,COMTRADE-FINAL-CA0082002H1[2005-03-29].gz,H1
Exports,610441,COMTRADE-FINAL-CA0082002H1[2005-03-29].gz,H1
Exports,611410,COMTRADE-FINAL-CA0082002H1[2005-03-29].gz,H1
Exports,620191,COMTRADE-FINAL-CA0082002H1[2005-03-29].gz,H1
Exports,620291,COMTRADE-FINAL-CA0082002H1[2005-03-29].gz,H1
Exports,620323,COMTRADE-FINAL-CA0082002H1[2005-03-29].gz,H1
Exports,620444,COMTRADE-FINAL-CA0082002H1[2005-03-29].gz,H1
Exports,621030,COMTRADE-FINAL-CA0082002H1[2005-03-29].gz,H1
Exports,621220,COMTRADE-FINAL-CA0082002H1[2005-03-29].gz,H1
Exports,621420,COMTRADE-FINAL-CA0082002H1[2005-03-29].gz,H1
Exports,630120,COMTRADE-FINAL-CA0082002H1[2005-03-29].gz,H1
Exports,630130,COMTRADE-FINAL-CA0082002H1[2005-03-29].gz,H1
Exports,630231,COMTRADE-FINAL-CA0082002H1[2005-03-29].gz,H1
Exports,630260,COMTRADE-FINAL-CA0082002H1[2005-03-29].gz,H1
Exports,630293,COMTRADE-FINAL-CA0082002H1[2005-03-29].gz,H1
Exports,630419,COMTRADE-FINAL-CA0082002H1[2005-03-29].gz,H1
Exports,630532,COMTRADE-FINAL-CA0082002H1[2005-03-29].gz,H1
Exports,630611,COMTRADE-FINAL-CA0082002H1[2005-03-29].gz,H1
Exports,630612,COMTRADE-FINAL-CA0082002H1[2005-03-29].gz,H1
Exports,640330,COMTRADE-FINAL-CA0082002H1[2005-03-29].gz,H1
Exports,640340,COMTRADE-FINAL-CA0082002H1[2005-03-29].gz,H1
Exports,650200,COMTRADE-FINAL-CA0082002H1[2005-03-29].gz,H1
Exports,650300,COMTRADE-FINAL-CA0082002H1[2005-03-29].gz,H1
Exports,650610,COMTRADE-FINAL-CA0082002H1[2005-03-29].gz,H1
Exports,660199,COMTRADE-FINAL-CA0082002H1[2005-03-29].gz,H1
Exports,670210,COMTRADE-FINAL-CA0082002H1[2005-03-29].gz,H1
Exports,680293,COMTRADE-FINAL-CA0082002H1[2005-03-29].gz,H1
Exports,680800,COMTRADE-FINAL-CA0082002H1[2005-03-29].gz,H1
Exports,681011,COMTRADE-FINAL-CA0082002H1[2005-03-29].gz,H1
Exports,681210,COMTRADE-FINAL-CA0082002H1[2005-03-29].gz,H1
Exports,691090,COMTRADE-FINAL-CA0082002H1[2005-03-29].gz,H1
Exports,700239,COMTRADE-FINAL-CA0082002H1[2005-03-29].gz,H1
Exports,700521,COMTRADE-FINAL-CA0082002H1[2005-03-29].gz,H1
Exports,700529,COMTRADE-FINAL-CA0082002H1[2005-03-29].gz,H1
Exports,701310,COMTRADE-FINAL-CA0082002H1[2005-03-29].gz,H1
Exports,701590,COMTRADE-FINAL-CA0082002H1[2005-03-29].gz,H1
Exports,711810,COMTRADE-FINAL-CA0082002H1[2005-03-29].gz,H1
Exports,720299,COMTRADE-FINAL-CA0082002H1[2005-03-29].gz,H1
Exports,720390,COMTRADE-FINAL-CA0082002H1[2005-03-29].gz,H1
Exports,720521,COMTRADE-FINAL-CA0082002H1[2005-03-29].gz,H1
Exports,721011,COMTRADE-FINAL-CA0082002H1[2005-03-29].gz,H1
Exports,721113,COMTRADE-FINAL-CA0082002H1[2005-03-29].gz,H1
Exports,721123,COMTRADE-FINAL-CA0082002H1[2005-03-29].gz,H1
Exports,721491,COMTRADE-FINAL-CA0082002H1[2005-03-29].gz,H1
Exports,721610,COMTRADE-FINAL-CA0082002H1[2005-03-29].gz,H1
Exports,721669,COMTRADE-FINAL-CA0082002H1[2005-03-29].gz,H1
Exports,722240,COMTRADE-FINAL-CA0082002H1[2005-03-29].gz,H1
Exports,722840,COMTRADE-FINAL-CA0082002H1[2005-03-29].gz,H1
Exports,730290,COMTRADE-FINAL-CA0082002H1[2005-03-29].gz,H1
Exports,731420,COMTRADE-FINAL-CA0082002H1[2005-03-29].gz,H1
Exports,731442,COMTRADE-FINAL-CA0082002H1[2005-03-29].gz,H1
Exports,731511,COMTRADE-FINAL-CA0082002H1[2005-03-29].gz,H1
Exports,740120,COMTRADE-FINAL-CA0082002H1[2005-03-29].gz,H1
Exports,740200,COMTRADE-FINAL-CA0082002H1[2005-03-29].gz,H1
Exports,740610,COMTRADE-FINAL-CA0082002H1[2005-03-29].gz,H1
Exports,750210,COMTRADE-FINAL-CA0082002H1[2005-03-29].gz,H1
Exports,760529,COMTRADE-FINAL-CA0082002H1[2005-03-29].gz,H1
Exports,760611,COMTRADE-FINAL-CA0082002H1[2005-03-29].gz,H1
Exports,760719,COMTRADE-FINAL-CA0082002H1[2005-03-29].gz,H1
Exports,790700,COMTRADE-FINAL-CA0082002H1[2005-03-29].gz,H1
Exports,811300,COMTRADE-FINAL-CA0082002H1[2005-03-29].gz,H1
Exports,820190,COMTRADE-FINAL-CA0082002H1[2005-03-29].gz,H1
Exports,820210,COMTRADE-FINAL-CA0082002H1[2005-03-29].gz,H1
Exports,820320,COMTRADE-FINAL-CA0082002H1[2005-03-29].gz,H1
Exports,820510,COMTRADE-FINAL-CA0082002H1[2005-03-29].gz,H1
Exports,820540,COMTRADE-FINAL-CA0082002H1[2005-03-29].gz,H1
Exports,820600,COMTRADE-FINAL-CA0082002H1[2005-03-29].gz,H1
Exports,820900,COMTRADE-FINAL-CA0082002H1[2005-03-29].gz,H1
Exports,821520,COMTRADE-FINAL-CA0082002H1[2005-03-29].gz,H1
Exports,830300,COMTRADE-FINAL-CA0082002H1[2005-03-29].gz,H1
Exports,830400,COMTRADE-FINAL-CA0082002H1[2005-03-29].gz,H1
Exports,830610,COMTRADE-FINAL-CA0082002H1[2005-03-29].gz,H1
Exports,830990,COMTRADE-FINAL-CA0082002H1[2005-03-29].gz,H1
Exports,831190,COMTRADE-FINAL-CA0082002H1[2005-03-29].gz,H1
Exports,840390,COMTRADE-FINAL-CA0082002H1[2005-03-29].gz,H1
Exports,840910,COMTRADE-FINAL-CA0082002H1[2005-03-29].gz,H1
Exports,841340,COMTRADE-FINAL-CA0082002H1[2005-03-29].gz,H1
Exports,841391,COMTRADE-FINAL-CA0082002H1[2005-03-29].gz,H1
Exports,841410,COMTRADE-FINAL-CA0082002H1[2005-03-29].gz,H1
Exports,841899,COMTRADE-FINAL-CA0082002H1[2005-03-29].gz,H1
Exports,841939,COMTRADE-FINAL-CA0082002H1[2005-03-29].gz,H1
Exports,841950,COMTRADE-FINAL-CA0082002H1[2005-03-29].gz,H1
Exports,841960,COMTRADE-FINAL-CA0082002H1[2005-03-29].gz,H1
Exports,842199,COMTRADE-FINAL-CA0082002H1[2005-03-29].gz,H1
Exports,842290,COMTRADE-FINAL-CA0082002H1[2005-03-29].gz,H1
Exports,842612,COMTRADE-FINAL-CA0082002H1[2005-03-29].gz,H1
Exports,842710,COMTRADE-FINAL-CA0082002H1[2005-03-29].gz,H1
Exports,842720,COMTRADE-FINAL-CA0082002H1[2005-03-29].gz,H1
Exports,842790,COMTRADE-FINAL-CA0082002H1[2005-03-29].gz,H1
Exports,842820,COMTRADE-FINAL-CA0082002H1[2005-03-29].gz,H1
Exports,843141,COMTRADE-FINAL-CA0082002H1[2005-03-29].gz,H1
Exports,843142,COMTRADE-FINAL-CA0082002H1[2005-03-29].gz,H1
Exports,843229,COMTRADE-FINAL-CA0082002H1[2005-03-29].gz,H1
Exports,843290,COMTRADE-FINAL-CA0082002H1[2005-03-29].gz,H1
Exports,843790,COMTRADE-FINAL-CA0082002H1[2005-03-29].gz,H1
Exports,843860,COMTRADE-FINAL-CA0082002H1[2005-03-29].gz,H1
Exports,843890,COMTRADE-FINAL-CA0082002H1[2005-03-29].gz,H1
Exports,843920,COMTRADE-FINAL-CA0082002H1[2005-03-29].gz,H1
Exports,844110,COMTRADE-FINAL-CA0082002H1[2005-03-29].gz,H1
Exports,844120,COMTRADE-FINAL-CA0082002H1[2005-03-29].gz,H1
Exports,844180,COMTRADE-FINAL-CA0082002H1[2005-03-29].gz,H1
Exports,845090,COMTRADE-FINAL-CA0082002H1[2005-03-29].gz,H1
Exports,845130,COMTRADE-FINAL-CA0082002H1[2005-03-29].gz,H1
Exports,845150,COMTRADE-FINAL-CA0082002H1[2005-03-29].gz,H1
Exports,845811,COMTRADE-FINAL-CA0082002H1[2005-03-29].gz,H1
Exports,845899,COMTRADE-FINAL-CA0082002H1[2005-03-29].gz,H1
Exports,845939,COMTRADE-FINAL-CA0082002H1[2005-03-29].gz,H1
Exports,846090,COMTRADE-FINAL-CA0082002H1[2005-03-29].gz,H1
Exports,846210,COMTRADE-FINAL-CA0082002H1[2005-03-29].gz,H1
Exports,846229,COMTRADE-FINAL-CA0082002H1[2005-03-29].gz,H1
Exports,847420,COMTRADE-FINAL-CA0082002H1[2005-03-29].gz,H1
Exports,847590,COMTRADE-FINAL-CA0082002H1[2005-03-29].gz,H1
Exports,847730,COMTRADE-FINAL-CA0082002H1[2005-03-29].gz,H1
Exports,847920,COMTRADE-FINAL-CA0082002H1[2005-03-29].gz,H1
Exports,847982,COMTRADE-FINAL-CA0082002H1[2005-03-29].gz,H1
Exports,848030,COMTRADE-FINAL-CA0082002H1[2005-03-29].gz,H1
Exports,848110,COMTRADE-FINAL-CA0082002H1[2005-03-29].gz,H1
Exports,850133,COMTRADE-FINAL-CA0082002H1[2005-03-29].gz,H1
Exports,850161,COMTRADE-FINAL-CA0082002H1[2005-03-29].gz,H1
Exports,850213,COMTRADE-FINAL-CA0082002H1[2005-03-29].gz,H1
Exports,850432,COMTRADE-FINAL-CA0082002H1[2005-03-29].gz,H1
Exports,850810,COMTRADE-FINAL-CA0082002H1[2005-03-29].gz,H1
Exports,850910,COMTRADE-FINAL-CA0082002H1[2005-03-29].gz,H1
Exports,851030,COMTRADE-FINAL-CA0082002H1[2005-03-29].gz,H1
Exports,851240,COMTRADE-FINAL-CA0082002H1[2005-03-29].gz,H1
Exports,851519,COMTRADE-FINAL-CA0082002H1[2005-03-29].gz,H1
Exports,851711,COMTRADE-FINAL-CA0082002H1[2005-03-29].gz,H1
Exports,851721,COMTRADE-FINAL-CA0082002H1[2005-03-29].gz,H1
Exports,851730,COMTRADE-FINAL-CA0082002H1[2005-03-29].gz,H1
Exports,851750,COMTRADE-FINAL-CA0082002H1[2005-03-29].gz,H1
Exports,851810,COMTRADE-FINAL-CA0082002H1[2005-03-29].gz,H1
Exports,852452,COMTRADE-FINAL-CA0082002H1[2005-03-29].gz,H1
Exports,852499,COMTRADE-FINAL-CA0082002H1[2005-03-29].gz,H1
Exports,852712,COMTRADE-FINAL-CA0082002H1[2005-03-29].gz,H1
Exports,852821,COMTRADE-FINAL-CA0082002H1[2005-03-29].gz,H1
Exports,852830,COMTRADE-FINAL-CA0082002H1[2005-03-29].gz,H1
Exports,853310,COMTRADE-FINAL-CA0082002H1[2005-03-29].gz,H1
Exports,853329,COMTRADE-FINAL-CA0082002H1[2005-03-29].gz,H1
Exports,853400,COMTRADE-FINAL-CA0082002H1[2005-03-29].gz,H1
Exports,853529,COMTRADE-FINAL-CA0082002H1[2005-03-29].gz,H1
Exports,853929,COMTRADE-FINAL-CA0082002H1[2005-03-29].gz,H1
Exports,854213,COMTRADE-FINAL-CA0082002H1[2005-03-29].gz,H1
Exports,854230,COMTRADE-FINAL-CA0082002H1[2005-03-29].gz,H1
Exports,854411,COMTRADE-FINAL-CA0082002H1[2005-03-29].gz,H1
Exports,854419,COMTRADE-FINAL-CA0082002H1[2005-03-29].gz,H1
Exports,854451,COMTRADE-FINAL-CA0082002H1[2005-03-29].gz,H1
Exports,870120,COMTRADE-FINAL-CA0082002H1[2005-03-29].gz,H1
Exports,870831,COMTRADE-FINAL-CA0082002H1[2005-03-29].gz,H1
Exports,870893,COMTRADE-FINAL-CA0082002H1[2005-03-29].gz,H1
Exports,871639,COMTRADE-FINAL-CA0082002H1[2005-03-29].gz,H1
Exports,871640,COMTRADE-FINAL-CA0082002H1[2005-03-29].gz,H1
Exports,890391,COMTRADE-FINAL-CA0082002H1[2005-03-29].gz,H1
Exports,900220,COMTRADE-FINAL-CA0082002H1[2005-03-29].gz,H1
Exports,900659,COMTRADE-FINAL-CA0082002H1[2005-03-29].gz,H1
Exports,901010,COMTRADE-FINAL-CA0082002H1[2005-03-29].gz,H1
Exports,901049,COMTRADE-FINAL-CA0082002H1[2005-03-29].gz,H1
Exports,901110,COMTRADE-FINAL-CA0082002H1[2005-03-29].gz,H1
Exports,901180,COMTRADE-FINAL-CA0082002H1[2005-03-29].gz,H1
Exports,901814,COMTRADE-FINAL-CA0082002H1[2005-03-29].gz,H1
Exports,901819,COMTRADE-FINAL-CA0082002H1[2005-03-29].gz,H1
Exports,901839,COMTRADE-FINAL-CA0082002H1[2005-03-29].gz,H1
Exports,901890,COMTRADE-FINAL-CA0082002H1[2005-03-29].gz,H1
Exports,902129,COMTRADE-FINAL-CA0082002H1[2005-03-29].gz,H1
Exports,902214,COMTRADE-FINAL-CA0082002H1[2005-03-29].gz,H1
Exports,902221,COMTRADE-FINAL-CA0082002H1[2005-03-29].gz,H1
Exports,902300,COMTRADE-FINAL-CA0082002H1[2005-03-29].gz,H1
Exports,902490,COMTRADE-FINAL-CA0082002H1[2005-03-29].gz,H1
Exports,910390,COMTRADE-FINAL-CA0082002H1[2005-03-29].gz,H1
Exports,930200,COMTRADE-FINAL-CA0082002H1[2005-03-29].gz,H1
Exports,930629,COMTRADE-FINAL-CA0082002H1[2005-03-29].gz,H1
Exports,930630,COMTRADE-FINAL-CA0082002H1[2005-03-29].gz,H1
Exports,940370,COMTRADE-FINAL-CA0082002H1[2005-03-29].gz,H1
Exports,950632,COMTRADE-FINAL-CA0082002H1[2005-03-29].gz,H1
Exports,950800,COMTRADE-FINAL-CA0082002H1[2005-03-29].gz,H1
Exports,960500,COMTRADE-FINAL-CA0082002H1[2005-03-29].gz,H1
Exports,960711,COMTRADE-FINAL-CA0082002H1[2005-03-29].gz,H1
Exports,960810,COMTRADE-FINAL-CA0082002H1[2005-03-29].gz,H1
Exports,960840,COMTRADE-FINAL-CA0082002H1[2005-03-29].gz,H1
Exports,960910,COMTRADE-FINAL-CA0082002H1[2005-03-29].gz,H1
Exports,961590,COMTRADE-FINAL-CA0082002H1[2005-03-29].gz,H1
Exports,961800,COMTRADE-FINAL-CA0082002H1[2005-03-29].gz,H1
Exports,970110,COMTRADE-FINAL-CA0082002H1[2005-03-29].gz,H1
Imports,010391,COMTRADE-FINAL-CA0082002H1[2005-03-29].gz,H1
Imports,010410,COMTRADE-FINAL-CA0082002H1[2005-03-29].gz,H1
Imports,010599,COMTRADE-FINAL-CA0082002H1[2005-03-29].gz,H1
Imports,020443,COMTRADE-FINAL-CA0082002H1[2005-03-29].gz,H1
Imports,020820,COMTRADE-FINAL-CA0082002H1[2005-03-29].gz,H1
Imports,021020,COMTRADE-FINAL-CA0082002H1[2005-03-29].gz,H1
Imports,030192,COMTRADE-FINAL-CA0082002H1[2005-03-29].gz,H1
Imports,030377,COMTRADE-FINAL-CA0082002H1[2005-03-29].gz,H1
Imports,030611,COMTRADE-FINAL-CA0082002H1[2005-03-29].gz,H1
Imports,030614,COMTRADE-FINAL-CA0082002H1[2005-03-29].gz,H1
Imports,030739,COMTRADE-FINAL-CA0082002H1[2005-03-29].gz,H1
Imports,040899,COMTRADE-FINAL-CA0082002H1[2005-03-29].gz,H1
Imports,050510,COMTRADE-FINAL-CA0082002H1[2005-03-29].gz,H1
Imports,050690,COMTRADE-FINAL-CA0082002H1[2005-03-29].gz,H1
Imports,050790,COMTRADE-FINAL-CA0082002H1[2005-03-29].gz,H1
Imports,060230,COMTRADE-FINAL-CA0082002H1[2005-03-29].gz,H1
Imports,071130,COMTRADE-FINAL-CA0082002H1[2005-03-29].gz,H1
Imports,080119,COMTRADE-FINAL-CA0082002H1[2005-03-29].gz,H1
Imports,081320,COMTRADE-FINAL-CA0082002H1[2005-03-29].gz,H1
Imports,081400,COMTRADE-FINAL-CA0082002H1[2005-03-29].gz,H1
Imports,090700,COMTRADE-FINAL-CA0082002H1[2005-03-29].gz,H1
Imports,090910,COMTRADE-FINAL-CA0082002H1[2005-03-29].gz,H1
Imports,091020,COMTRADE-FINAL-CA0082002H1[2005-03-29].gz,H1
Imports,091040,COMTRADE-FINAL-CA0082002H1[2005-03-29].gz,H1
Imports,110720,COMTRADE-FINAL-CA0082002H1[2005-03-29].gz,H1
Imports,110814,COMTRADE-FINAL-CA0082002H1[2005-03-29].gz,H1
Imports,120791,COMTRADE-FINAL-CA0082002H1[2005-03-29].gz,H1
Imports,130212,COMTRADE-FINAL-CA0082002H1[2005-03-29].gz,H1
Imports,140190,COMTRADE-FINAL-CA0082002H1[2005-03-29].gz,H1
Imports,150410,COMTRADE-FINAL-CA0082002H1[2005-03-29].gz,H1
Imports,160520,COMTRADE-FINAL-CA0082002H1[2005-03-29].gz,H1
Imports,160540,COMTRADE-FINAL-CA0082002H1[2005-03-29].gz,H1
Imports,170191,COMTRADE-FINAL-CA0082002H1[2005-03-29].gz,H1
Imports,170250,COMTRADE-FINAL-CA0082002H1[2005-03-29].gz,H1
Imports,200120,COMTRADE-FINAL-CA0082002H1[2005-03-29].gz,H1
Imports,200320,COMTRADE-FINAL-CA0082002H1[2005-03-29].gz,H1
Imports,230120,COMTRADE-FINAL-CA0082002H1[2005-03-29].gz,H1
Imports,230310,COMTRADE-FINAL-CA0082002H1[2005-03-29].gz,H1
Imports,230320,COMTRADE-FINAL-CA0082002H1[2005-03-29].gz,H1
Imports,230690,COMTRADE-FINAL-CA0082002H1[2005-03-29].gz,H1
Imports,240110,COMTRADE-FINAL-CA0082002H1[2005-03-29].gz,H1
Imports,252921,COMTRADE-FINAL-CA0082002H1[2005-03-29].gz,H1
Imports,253020,COMTRADE-FINAL-CA0082002H1[2005-03-29].gz,H1
Imports,260111,COMTRADE-FINAL-CA0082002H1[2005-03-29].gz,H1
Imports,260900,COMTRADE-FINAL-CA0082002H1[2005-03-29].gz,H1
Imports,261100,COMTRADE-FINAL-CA0082002H1[2005-03-29].gz,H1
Imports,261900,COMTRADE-FINAL-CA0082002H1[2005-03-29].gz,H1
Imports,262020,COMTRADE-FINAL-CA0082002H1[2005-03-29].gz,H1
Imports,281820,COMTRADE-FINAL-CA0082002H1[2005-03-29].gz,H1
Imports,281990,COMTRADE-FINAL-CA0082002H1[2005-03-29].gz,H1
Imports,282120,COMTRADE-FINAL-CA0082002H1[2005-03-29].gz,H1
Imports,282200,COMTRADE-FINAL-CA0082002H1[2005-03-29].gz,H1
Imports,282550,COMTRADE-FINAL-CA0082002H1[2005-03-29].gz,H1
Imports,282611,COMTRADE-FINAL-CA0082002H1[2005-03-29].gz,H1
Imports,282738,COMTRADE-FINAL-CA0082002H1[2005-03-29].gz,H1
Imports,282741,COMTRADE-FINAL-CA0082002H1[2005-03-29].gz,H1
Imports,282749,COMTRADE-FINAL-CA0082002H1[2005-03-29].gz,H1
Imports,283020,COMTRADE-FINAL-CA0082002H1[2005-03-29].gz,H1
Imports,283030,COMTRADE-FINAL-CA0082002H1[2005-03-29].gz,H1
Imports,283422,COMTRADE-FINAL-CA0082002H1[2005-03-29].gz,H1
Imports,283523,COMTRADE-FINAL-CA0082002H1[2005-03-29].gz,H1
Imports,283660,COMTRADE-FINAL-CA0082002H1[2005-03-29].gz,H1
Imports,284140,COMTRADE-FINAL-CA0082002H1[2005-03-29].gz,H1
Imports,284170,COMTRADE-FINAL-CA0082002H1[2005-03-29].gz,H1
Imports,284430,COMTRADE-FINAL-CA0082002H1[2005-03-29].gz,H1
Imports,284510,COMTRADE-FINAL-CA0082002H1[2005-03-29].gz,H1
Imports,290219,COMTRADE-FINAL-CA0082002H1[2005-03-29].gz,H1
Imports,290420,COMTRADE-FINAL-CA0082002H1[2005-03-29].gz,H1
Imports,290522,COMTRADE-FINAL-CA0082002H1[2005-03-29].gz,H1
Imports,290550,COMTRADE-FINAL-CA0082002H1[2005-03-29].gz,H1
Imports,290730,COMTRADE-FINAL-CA0082002H1[2005-03-29].gz,H1
Imports,290919,COMTRADE-FINAL-CA0082002H1[2005-03-29].gz,H1
Imports,291100,COMTRADE-FINAL-CA0082002H1[2005-03-29].gz,H1
Imports,291412,COMTRADE-FINAL-CA0082002H1[2005-03-29].gz,H1
Imports,291469,COMTRADE-FINAL-CA0082002H1[2005-03-29].gz,H1
Imports,291524,COMTRADE-FINAL-CA0082002H1[2005-03-29].gz,H1
Imports,292111,COMTRADE-FINAL-CA0082002H1[2005-03-29].gz,H1
Imports,292421,COMTRADE-FINAL-CA0082002H1[2005-03-29].gz,H1
Imports,293369,COMTRADE-FINAL-CA0082002H1[2005-03-29].gz,H1
Imports,293410,COMTRADE-FINAL-CA0082002H1[2005-03-29].gz,H1
Imports,293490,COMTRADE-FINAL-CA0082002H1[2005-03-29].gz,H1
Imports,293610,COMTRADE-FINAL-CA0082002H1[2005-03-29].gz,H1
Imports,293624,COMTRADE-FINAL-CA0082002H1[2005-03-29].gz,H1
Imports,310320,COMTRADE-FINAL-CA0082002H1[2005-03-29].gz,H1
Imports,310551,COMTRADE-FINAL-CA0082002H1[2005-03-29].gz,H1
Imports,320650,COMTRADE-FINAL-CA0082002H1[2005-03-29].gz,H1
Imports,370241,COMTRADE-FINAL-CA0082002H1[2005-03-29].gz,H1
Imports,380130,COMTRADE-FINAL-CA0082002H1[2005-03-29].gz,H1
Imports,380400,COMTRADE-FINAL-CA0082002H1[2005-03-29].gz,H1
Imports,380590,COMTRADE-FINAL-CA0082002H1[2005-03-29].gz,H1
Imports,380620,COMTRADE-FINAL-CA0082002H1[2005-03-29].gz,H1
Imports,381210,COMTRADE-FINAL-CA0082002H1[2005-03-29].gz,H1
Imports,391212,COMTRADE-FINAL-CA0082002H1[2005-03-29].gz,H1
Imports,392094,COMTRADE-FINAL-CA0082002H1[2005-03-29].gz,H1
Imports,400122,COMTRADE-FINAL-CA0082002H1[2005-03-29].gz,H1
Imports,400130,COMTRADE-FINAL-CA0082002H1[2005-03-29].gz,H1
Imports,400251,COMTRADE-FINAL-CA0082002H1[2005-03-29].gz,H1
Imports,400291,COMTRADE-FINAL-CA0082002H1[2005-03-29].gz,H1
Imports,410229,COMTRADE-FINAL-CA0082002H1[2005-03-29].gz,H1
Imports,410320,COMTRADE-FINAL-CA0082002H1[2005-03-29].gz,H1
Imports,410512,COMTRADE-FINAL-CA0082002H1[2005-03-29].gz,H1
Imports,410721,COMTRADE-FINAL-CA0082002H1[2005-03-29].gz,H1
Imports,410729,COMTRADE-FINAL-CA0082002H1[2005-03-29].gz,H1
Imports,440349,COMTRADE-FINAL-CA0082002H1[2005-03-29].gz,H1
Imports,440500,COMTRADE-FINAL-CA0082002H1[2005-03-29].gz,H1
Imports,450200,COMTRADE-FINAL-CA0082002H1[2005-03-29].gz,H1
Imports,470730,COMTRADE-FINAL-CA0082002H1[2005-03-29].gz,H1
Imports,480610,COMTRADE-FINAL-CA0082002H1[2005-03-29].gz,H1
Imports,510111,COMTRADE-FINAL-CA0082002H1[2005-03-29].gz,H1
Imports,510990,COMTRADE-FINAL-CA0082002H1[2005-03-29].gz,H1
Imports,511120,COMTRADE-FINAL-CA0082002H1[2005-03-29].gz,H1
Imports,520612,COMTRADE-FINAL-CA0082002H1[2005-03-29].gz,H1
Imports,520621,COMTRADE-FINAL-CA0082002H1[2005-03-29].gz,H1
Imports,520632,COMTRADE-FINAL-CA0082002H1[2005-03-29].gz,H1
Imports,520635,COMTRADE-FINAL-CA0082002H1[2005-03-29].gz,H1
Imports,521052,COMTRADE-FINAL-CA0082002H1[2005-03-29].gz,H1
Imports,521222,COMTRADE-FINAL-CA0082002H1[2005-03-29].gz,H1
Imports,521223,COMTRADE-FINAL-CA0082002H1[2005-03-29].gz,H1
Imports,530519,COMTRADE-FINAL-CA0082002H1[2005-03-29].gz,H1
Imports,530710,COMTRADE-FINAL-CA0082002H1[2005-03-29].gz,H1
Imports,530890,COMTRADE-FINAL-CA0082002H1[2005-03-29].gz,H1
Imports,540332,COMTRADE-FINAL-CA0082002H1[2005-03-29].gz,H1
Imports,540333,COMTRADE-FINAL-CA0082002H1[2005-03-29].gz,H1
Imports,540339,COMTRADE-FINAL-CA0082002H1[2005-03-29].gz,H1
Imports,540730,COMTRADE-FINAL-CA0082002H1[2005-03-29].gz,H1
Imports,550630,COMTRADE-FINAL-CA0082002H1[2005-03-29].gz,H1
Imports,550700,COMTRADE-FINAL-CA0082002H1[2005-03-29].gz,H1
Imports,550911,COMTRADE-FINAL-CA0082002H1[2005-03-29].gz,H1
Imports,550922,COMTRADE-FINAL-CA0082002H1[2005-03-29].gz,H1
Imports,550932,COMTRADE-FINAL-CA0082002H1[2005-03-29].gz,H1
Imports,550991,COMTRADE-FINAL-CA0082002H1[2005-03-29].gz,H1
Imports,551211,COMTRADE-FINAL-CA0082002H1[2005-03-29].gz,H1
Imports,551312,COMTRADE-FINAL-CA0082002H1[2005-03-29].gz,H1
Imports,551329,COMTRADE-FINAL-CA0082002H1[2005-03-29].gz,H1
Imports,551332,COMTRADE-FINAL-CA0082002H1[2005-03-29].gz,H1
Imports,551343,COMTRADE-FINAL-CA0082002H1[2005-03-29].gz,H1
Imports,551421,COMTRADE-FINAL-CA0082002H1[2005-03-29].gz,H1
Imports,551611,COMTRADE-FINAL-CA0082002H1[2005-03-29].gz,H1
Imports,570259,COMTRADE-FINAL-CA0082002H1[2005-03-29].gz,H1
Imports,581092,COMTRADE-FINAL-CA0082002H1[2005-03-29].gz,H1
Imports,591132,COMTRADE-FINAL-CA0082002H1[2005-03-29].gz,H1
Imports,610421,COMTRADE-FINAL-CA0082002H1[2005-03-29].gz,H1
Imports,621120,COMTRADE-FINAL-CA0082002H1[2005-03-29].gz,H1
Imports,630621,COMTRADE-FINAL-CA0082002H1[2005-03-29].gz,H1
Imports,680222,COMTRADE-FINAL-CA0082002H1[2005-03-29].gz,H1
Imports,710813,COMTRADE-FINAL-CA0082002H1[2005-03-29].gz,H1
Imports,711210,COMTRADE-FINAL-CA0082002H1[2005-03-29].gz,H1
Imports,720429,COMTRADE-FINAL-CA0082002H1[2005-03-29].gz,H1
Imports,720510,COMTRADE-FINAL-CA0082002H1[2005-03-29].gz,H1
Imports,721129,COMTRADE-FINAL-CA0082002H1[2005-03-29].gz,H1
Imports,722219,COMTRADE-FINAL-CA0082002H1[2005-03-29].gz,H1
Imports,722530,COMTRADE-FINAL-CA0082002H1[2005-03-29].gz,H1
Imports,722693,COMTRADE-FINAL-CA0082002H1[2005-03-29].gz,H1
Imports,722850,COMTRADE-FINAL-CA0082002H1[2005-03-29].gz,H1
Imports,730230,COMTRADE-FINAL-CA0082002H1[2005-03-29].gz,H1
Imports,732591,COMTRADE-FINAL-CA0082002H1[2005-03-29].gz,H1
Imports,740200,COMTRADE-FINAL-CA0082002H1[2005-03-29].gz,H1
Imports,740940,COMTRADE-FINAL-CA0082002H1[2005-03-29].gz,H1
Imports,750110,COMTRADE-FINAL-CA0082002H1[2005-03-29].gz,H1
Imports,750512,COMTRADE-FINAL-CA0082002H1[2005-03-29].gz,H1
Imports,750521,COMTRADE-FINAL-CA0082002H1[2005-03-29].gz,H1
Imports,750712,COMTRADE-FINAL-CA0082002H1[2005-03-29].gz,H1
Imports,750810,COMTRADE-FINAL-CA0082002H1[2005-03-29].gz,H1
Imports,780420,COMTRADE-FINAL-CA0082002H1[2005-03-29].gz,H1
Imports,810110,COMTRADE-FINAL-CA0082002H1[2005-03-29].gz,H1
Imports,810420,COMTRADE-FINAL-CA0082002H1[2005-03-29].gz,H1
Imports,810590,COMTRADE-FINAL-CA0082002H1[2005-03-29].gz,H1
Imports,811000,COMTRADE-FINAL-CA0082002H1[2005-03-29].gz,H1
Imports,830621,COMTRADE-FINAL-CA0082002H1[2005-03-29].gz,H1
Imports,840610,COMTRADE-FINAL-CA0082002H1[2005-03-29].gz,H1
Imports,841012,COMTRADE-FINAL-CA0082002H1[2005-03-29].gz,H1
Imports,842091,COMTRADE-FINAL-CA0082002H1[2005-03-29].gz,H1
Imports,843020,COMTRADE-FINAL-CA0082002H1[2005-03-29].gz,H1
Imports,844140,COMTRADE-FINAL-CA0082002H1[2005-03-29].gz,H1
Imports,844630,COMTRADE-FINAL-CA0082002H1[2005-03-29].gz,H1
Imports,845420,COMTRADE-FINAL-CA0082002H1[2005-03-29].gz,H1
Imports,845521,COMTRADE-FINAL-CA0082002H1[2005-03-29].gz,H1
Imports,845720,COMTRADE-FINAL-CA0082002H1[2005-03-29].gz,H1
Imports,845910,COMTRADE-FINAL-CA0082002H1[2005-03-29].gz,H1
Imports,846011,COMTRADE-FINAL-CA0082002H1[2005-03-29].gz,H1
Imports,847621,COMTRADE-FINAL-CA0082002H1[2005-03-29].gz,H1
Imports,848020,COMTRADE-FINAL-CA0082002H1[2005-03-29].gz,H1
Imports,851420,COMTRADE-FINAL-CA0082002H1[2005-03-29].gz,H1
Imports,852452,COMTRADE-FINAL-CA0082002H1[2005-03-29].gz,H1
Imports,854330,COMTRADE-FINAL-CA0082002H1[2005-03-29].gz,H1
Imports,860390,COMTRADE-FINAL-CA0082002H1[2005-03-29].gz,H1
Imports,860691,COMTRADE-FINAL-CA0082002H1[2005-03-29].gz,H1
Imports,860711,COMTRADE-FINAL-CA0082002H1[2005-03-29].gz,H1
Imports,880310,COMTRADE-FINAL-CA0082002H1[2005-03-29].gz,H1
Imports,890590,COMTRADE-FINAL-CA0082002H1[2005-03-29].gz,H1
Imports,901042,COMTRADE-FINAL-CA0082002H1[2005-03-29].gz,H1
Imports,901420,COMTRADE-FINAL-CA0082002H1[2005-03-29].gz,H1
Imports,901480,COMTRADE-FINAL-CA0082002H1[2005-03-29].gz,H1
Imports,901540,COMTRADE-FINAL-CA0082002H1[2005-03-29].gz,H1
Imports,901814,COMTRADE-FINAL-CA0082002H1[2005-03-29].gz,H1
Imports,903130,COMTRADE-FINAL-CA0082002H1[2005-03-29].gz,H1
Imports,911120,COMTRADE-FINAL-CA0082002H1[2005-03-29].gz,H1
Imports,911190,COMTRADE-FINAL-CA0082002H1[2005-03-29].gz,H1
Imports,911320,COMTRADE-FINAL-CA0082002H1[2005-03-29].gz,H1
Imports,920890,COMTRADE-FINAL-CA0082002H1[2005-03-29].gz,H1
Imports,920910,COMTRADE-FINAL-CA0082002H1[2005-03-29].gz,H1
Imports,920930,COMTRADE-FINAL-CA0082002H1[2005-03-29].gz,H1
Imports,930400,COMTRADE-FINAL-CA0082002H1[2005-03-29].gz,H1
Imports,930610,COMTRADE-FINAL-CA0082002H1[2005-03-29].gz,H1
Imports,970200,COMTRADE-FINAL-CA0082002H1[2005-03-29].gz,H1
Exports,010110,COMTRADE-FINAL-CA0082003H2[2004-10-25].gz,H2
Exports,010690,COMTRADE-FINAL-CA0082003H2[2004-10-25].gz,H2
Exports,020110,COMTRADE-FINAL-CA0082003H2[2004-10-25].gz,H2
Exports,020130,COMTRADE-FINAL-CA0082003H2[2004-10-25].gz,H2
Exports,020727,COMTRADE-FINAL-CA0082003H2[2004-10-25].gz,H2
Exports,030222,COMTRADE-FINAL-CA0082003H2[2004-10-25].gz,H2
Exports,030270,COMTRADE-FINAL-CA0082003H2[2004-10-25].gz,H2
Exports,030376,COMTRADE-FINAL-CA0082003H2[2004-10-25].gz,H2
Exports,030611,COMTRADE-FINAL-CA0082003H2[2004-10-25].gz,H2
Exports,030621,COMTRADE-FINAL-CA0082003H2[2004-10-25].gz,H2
Exports,030760,COMTRADE-FINAL-CA0082003H2[2004-10-25].gz,H2
Exports,040690,COMTRADE-FINAL-CA0082003H2[2004-10-25].gz,H2
Exports,060410,COMTRADE-FINAL-CA0082003H2[2004-10-25].gz,H2
Exports,070910,COMTRADE-FINAL-CA0082003H2[2004-10-25].gz,H2
Exports,070959,COMTRADE-FINAL-CA0082003H2[2004-10-25].gz,H2
Exports,071420,COMTRADE-FINAL-CA0082003H2[2004-10-25].gz,H2
Exports,071490,COMTRADE-FINAL-CA0082003H2[2004-10-25].gz,H2
Exports,080300,COMTRADE-FINAL-CA0082003H2[2004-10-25].gz,H2
Exports,080940,COMTRADE-FINAL-CA0082003H2[2004-10-25].gz,H2
Exports,090220,COMTRADE-FINAL-CA0082003H2[2004-10-25].gz,H2
Exports,090620,COMTRADE-FINAL-CA0082003H2[2004-10-25].gz,H2
Exports,091020,COMTRADE-FINAL-CA0082003H2[2004-10-25].gz,H2
Exports,120100,COMTRADE-FINAL-CA0082003H2[2004-10-25].gz,H2
Exports,120922,COMTRADE-FINAL-CA0082003H2[2004-10-25].gz,H2
Exports,121120,COMTRADE-FINAL-CA0082003H2[2004-10-25].gz,H2
Exports,121130,COMTRADE-FINAL-CA0082003H2[2004-10-25].gz,H2
Exports,130190,COMTRADE-FINAL-CA0082003H2[2004-10-25].gz,H2
Exports,150710,COMTRADE-FINAL-CA0082003H2[2004-10-25].gz,H2
Exports,151519,COMTRADE-FINAL-CA0082003H2[2004-10-25].gz,H2
Exports,151550,COMTRADE-FINAL-CA0082003H2[2004-10-25].gz,H2
Exports,151590,COMTRADE-FINAL-CA0082003H2[2004-10-25].gz,H2
Exports,151800,COMTRADE-FINAL-CA0082003H2[2004-10-25].gz,H2
Exports,152190,COMTRADE-FINAL-CA0082003H2[2004-10-25].gz,H2
Exports,160100,COMTRADE-FINAL-CA0082003H2[2004-10-25].gz,H2
Exports,160411,COMTRADE-FINAL-CA0082003H2[2004-10-25].gz,H2
Exports,160413,COMTRADE-FINAL-CA0082003H2[2004-10-25].gz,H2
Exports,160415,COMTRADE-FINAL-CA0082003H2[2004-10-25].gz,H2
Exports,190490,COMTRADE-FINAL-CA0082003H2[2004-10-25].gz,H2
Exports,190531,COMTRADE-FINAL-CA0082003H2[2004-10-25].gz,H2
Exports,200580,COMTRADE-FINAL-CA0082003H2[2004-10-25].gz,H2
Exports,200791,COMTRADE-FINAL-CA0082003H2[2004-10-25].gz,H2
Exports,200830,COMTRADE-FINAL-CA0082003H2[2004-10-25].gz,H2
Exports,200912,COMTRADE-FINAL-CA0082003H2[2004-10-25].gz,H2
Exports,200969,COMTRADE-FINAL-CA0082003H2[2004-10-25].gz,H2
Exports,200971,COMTRADE-FINAL-CA0082003H2[2004-10-25].gz,H2
Exports,200979,COMTRADE-FINAL-CA0082003H2[2004-10-25].gz,H2
Exports,210130,COMTRADE-FINAL-CA0082003H2[2004-10-25].gz,H2
Exports,220830,COMTRADE-FINAL-CA0082003H2[2004-10-25].gz,H2
Exports,240130,COMTRADE-FINAL-CA0082003H2[2004-10-25].gz,H2
Exports,250700,COMTRADE-FINAL-CA0082003H2[2004-10-25].gz,H2
Exports,252100,COMTRADE-FINAL-CA0082003H2[2004-10-25].gz,H2
Exports,260700,COMTRADE-FINAL-CA0082003H2[2004-10-25].gz,H2
Exports,261210,COMTRADE-FINAL-CA0082003H2[2004-10-25].gz,H2
Exports,261610,COMTRADE-FINAL-CA0082003H2[2004-10-25].gz,H2
Exports,262110,COMTRADE-FINAL-CA0082003H2[2004-10-25].gz,H2
Exports,270710,COMTRADE-FINAL-CA0082003H2[2004-10-25].gz,H2
Exports,270750,COMTRADE-FINAL-CA0082003H2[2004-10-25].gz,H2
Exports,271011,COMTRADE-FINAL-CA0082003H2[2004-10-25].gz,H2
Exports,271019,COMTRADE-FINAL-CA0082003H2[2004-10-25].gz,H2
Exports,271210,COMTRADE-FINAL-CA0082003H2[2004-10-25].gz,H2
Exports,283319,COMTRADE-FINAL-CA0082003H2[2004-10-25].gz,H2
Exports,283640,COMTRADE-FINAL-CA0082003H2[2004-10-25].gz,H2
Exports,283920,COMTRADE-FINAL-CA0082003H2[2004-10-25].gz,H2
Exports,290420,COMTRADE-FINAL-CA0082003H2[2004-10-25].gz,H2
Exports,293369,COMTRADE-FINAL-CA0082003H2[2004-10-25].gz,H2
Exports,293399,COMTRADE-FINAL-CA0082003H2[2004-10-25].gz,H2
Exports,300310,COMTRADE-FINAL-CA0082003H2[2004-10-25].gz,H2
Exports,300640,COMTRADE-FINAL-CA0082003H2[2004-10-25].gz,H2
Exports,320190,COMTRADE-FINAL-CA0082003H2[2004-10-25].gz,H2
Exports,320414,COMTRADE-FINAL-CA0082003H2[2004-10-25].gz,H2
Exports,330290,COMTRADE-FINAL-CA0082003H2[2004-10-25].gz,H2
Exports,340119,COMTRADE-FINAL-CA0082003H2[2004-10-25].gz,H2
Exports,340530,COMTRADE-FINAL-CA0082003H2[2004-10-25].gz,H2
Exports,340700,COMTRADE-FINAL-CA0082003H2[2004-10-25].gz,H2
Exports,381190,COMTRADE-FINAL-CA0082003H2[2004-10-25].gz,H2
Exports,381400,COMTRADE-FINAL-CA0082003H2[2004-10-25].gz,H2
Exports,381519,COMTRADE-FINAL-CA0082003H2[2004-10-25].gz,H2
Exports,381700,COMTRADE-FINAL-CA0082003H2[2004-10-25].gz,H2
Exports,381900,COMTRADE-FINAL-CA0082003H2[2004-10-25].gz,H2
Exports,382100,COMTRADE-FINAL-CA0082003H2[2004-10-25].gz,H2
Exports,390730,COMTRADE-FINAL-CA0082003H2[2004-10-25].gz,H2
Exports,391000,COMTRADE-FINAL-CA0082003H2[2004-10-25].gz,H2
Exports,391890,COMTRADE-FINAL-CA0082003H2[2004-10-25].gz,H2
Exports,392069,COMTRADE-FINAL-CA0082003H2[2004-10-25].gz,H2
Exports,392099,COMTRADE-FINAL-CA0082003H2[2004-10-25].gz,H2
Exports,392210,COMTRADE-FINAL-CA0082003H2[2004-10-25].gz,H2
Exports,392520,COMTRADE-FINAL-CA0082003H2[2004-10-25].gz,H2
Exports,400300,COMTRADE-FINAL-CA0082003H2[2004-10-25].gz,H2
Exports,400520,COMTRADE-FINAL-CA0082003H2[2004-10-25].gz,H2
Exports,410120,COMTRADE-FINAL-CA0082003H2[2004-10-25].gz,H2
Exports,410150,COMTRADE-FINAL-CA0082003H2[2004-10-25].gz,H2
Exports,410190,COMTRADE-FINAL-CA0082003H2[2004-10-25].gz,H2
Exports,410411,COMTRADE-FINAL-CA0082003H2[2004-10-25].gz,H2
Exports,410419,COMTRADE-FINAL-CA0082003H2[2004-10-25].gz,H2
Exports,410441,COMTRADE-FINAL-CA0082003H2[2004-10-25].gz,H2
Exports,410449,COMTRADE-FINAL-CA0082003H2[2004-10-25].gz,H2
Exports,410510,COMTRADE-FINAL-CA0082003H2[2004-10-25].gz,H2
Exports,410530,COMTRADE-FINAL-CA0082003H2[2004-10-25].gz,H2
Exports,410621,COMTRADE-FINAL-CA0082003H2[2004-10-25].gz,H2
Exports,410622,COMTRADE-FINAL-CA0082003H2[2004-10-25].gz,H2
Exports,410711,COMTRADE-FINAL-CA0082003H2[2004-10-25].gz,H2
Exports,410719,COMTRADE-FINAL-CA0082003H2[2004-10-25].gz,H2
Exports,410791,COMTRADE-FINAL-CA0082003H2[2004-10-25].gz,H2
Exports,410792,COMTRADE-FINAL-CA0082003H2[2004-10-25].gz,H2
Exports,410799,COMTRADE-FINAL-CA0082003H2[2004-10-25].gz,H2
Exports,411200,COMTRADE-FINAL-CA0082003H2[2004-10-25].gz,H2
Exports,411310,COMTRADE-FINAL-CA0082003H2[2004-10-25].gz,H2
Exports,411390,COMTRADE-FINAL-CA0082003H2[2004-10-25].gz,H2
Exports,411410,COMTRADE-FINAL-CA0082003H2[2004-10-25].gz,H2
Exports,411510,COMTRADE-FINAL-CA0082003H2[2004-10-25].gz,H2
Exports,420500,COMTRADE-FINAL-CA0082003H2[2004-10-25].gz,H2
Exports,440391,COMTRADE-FINAL-CA0082003H2[2004-10-25].gz,H2
Exports,440831,COMTRADE-FINAL-CA0082003H2[2004-10-25].gz,H2
Exports,441029,COMTRADE-FINAL-CA0082003H2[2004-10-25].gz,H2
Exports,441121,COMTRADE-FINAL-CA0082003H2[2004-10-25].gz,H2
Exports,460290,COMTRADE-FINAL-CA0082003H2[2004-10-25].gz,H2
Exports,470790,COMTRADE-FINAL-CA0082003H2[2004-10-25].gz,H2
Exports,480210,COMTRADE-FINAL-CA0082003H2[2004-10-25].gz,H2
Exports,480240,COMTRADE-FINAL-CA0082003H2[2004-10-25].gz,H2
Exports,480439,COMTRADE-FINAL-CA0082003H2[2004-10-25].gz,H2
Exports,480700,COMTRADE-FINAL-CA0082003H2[2004-10-25].gz,H2
Exports,481013,COMTRADE-FINAL-CA0082003H2[2004-10-25].gz,H2
Exports,481014,COMTRADE-FINAL-CA0082003H2[2004-10-25].gz,H2
Exports,481022,COMTRADE-FINAL-CA0082003H2[2004-10-25].gz,H2
Exports,481029,COMTRADE-FINAL-CA0082003H2[2004-10-25].gz,H2
Exports,481141,COMTRADE-FINAL-CA0082003H2[2004-10-25].gz,H2
Exports,481149,COMTRADE-FINAL-CA0082003H2[2004-10-25].gz,H2
Exports,481610,COMTRADE-FINAL-CA0082003H2[2004-10-25].gz,H2
Exports,481960,COMTRADE-FINAL-CA0082003H2[2004-10-25].gz,H2
Exports,482030,COMTRADE-FINAL-CA0082003H2[2004-10-25].gz,H2
Exports,482312,COMTRADE-FINAL-CA0082003H2[2004-10-25].gz,H2
Exports,482320,COMTRADE-FINAL-CA0082003H2[2004-10-25].gz,H2
Exports,482340,COMTRADE-FINAL-CA0082003H2[2004-10-25].gz,H2
Exports,490890,COMTRADE-FINAL-CA0082003H2[2004-10-25].gz,H2
Exports,510121,COMTRADE-FINAL-CA0082003H2[2004-10-25].gz,H2
Exports,510610,COMTRADE-FINAL-CA0082003H2[2004-10-25].gz,H2
Exports,511111,COMTRADE-FINAL-CA0082003H2[2004-10-25].gz,H2
Exports,520911,COMTRADE-FINAL-CA0082003H2[2004-10-25].gz,H2
Exports,520949,COMTRADE-FINAL-CA0082003H2[2004-10-25].gz,H2
Exports,521131,COMTRADE-FINAL-CA0082003H2[2004-10-25].gz,H2
Exports,530890,COMTRADE-FINAL-CA0082003H2[2004-10-25].gz,H2
Exports,540769,COMTRADE-FINAL-CA0082003H2[2004-10-25].gz,H2
Exports,540832,COMTRADE-FINAL-CA0082003H2[2004-10-25].gz,H2
Exports,550810,COMTRADE-FINAL-CA0082003H2[2004-10-25].gz,H2
Exports,550961,COMTRADE-FINAL-CA0082003H2[2004-10-25].gz,H2
Exports,551299,COMTRADE-FINAL-CA0082003H2[2004-10-25].gz,H2
Exports,551331,COMTRADE-FINAL-CA0082003H2[2004-10-25].gz,H2
Exports,560122,COMTRADE-FINAL-CA0082003H2[2004-10-25].gz,H2
Exports,560311,COMTRADE-FINAL-CA0082003H2[2004-10-25].gz,H2
Exports,560314,COMTRADE-FINAL-CA0082003H2[2004-10-25].gz,H2
Exports,570242,COMTRADE-FINAL-CA0082003H2[2004-10-25].gz,H2
Exports,580610,COMTRADE-FINAL-CA0082003H2[2004-10-25].gz,H2
Exports,580790,COMTRADE-FINAL-CA0082003H2[2004-10-25].gz,H2
Exports,590320,COMTRADE-FINAL-CA0082003H2[2004-10-25].gz,H2
Exports,600191,COMTRADE-FINAL-CA0082003H2[2004-10-25].gz,H2
Exports,600290,COMTRADE-FINAL-CA0082003H2[2004-10-25].gz,H2
Exports,600410,COMTRADE-FINAL-CA0082003H2[2004-10-25].gz,H2
Exports,600510,COMTRADE-FINAL-CA0082003H2[2004-10-25].gz,H2
Exports,610413,COMTRADE-FINAL-CA0082003H2[2004-10-25].gz,H2
Exports,610422,COMTRADE-FINAL-CA0082003H2[2004-10-25].gz,H2
Exports,610431,COMTRADE-FINAL-CA0082003H2[2004-10-25].gz,H2
Exports,610444,COMTRADE-FINAL-CA0082003H2[2004-10-25].gz,H2
Exports,610910,COMTRADE-FINAL-CA0082003H2[2004-10-25].gz,H2
Exports,611011,COMTRADE-FINAL-CA0082003H2[2004-10-25].gz,H2
Exports,611012,COMTRADE-FINAL-CA0082003H2[2004-10-25].gz,H2
Exports,611019,COMTRADE-FINAL-CA0082003H2[2004-10-25].gz,H2
Exports,611599,COMTRADE-FINAL-CA0082003H2[2004-10-25].gz,H2
Exports,611610,COMTRADE-FINAL-CA0082003H2[2004-10-25].gz,H2
Exports,611691,COMTRADE-FINAL-CA0082003H2[2004-10-25].gz,H2
Exports,611699,COMTRADE-FINAL-CA0082003H2[2004-10-25].gz,H2
Exports,620293,COMTRADE-FINAL-CA0082003H2[2004-10-25].gz,H2
Exports,621230,COMTRADE-FINAL-CA0082003H2[2004-10-25].gz,H2
Exports,621410,COMTRADE-FINAL-CA0082003H2[2004-10-25].gz,H2
Exports,621430,COMTRADE-FINAL-CA0082003H2[2004-10-25].gz,H2
Exports,630140,COMTRADE-FINAL-CA0082003H2[2004-10-25].gz,H2
Exports,630253,COMTRADE-FINAL-CA0082003H2[2004-10-25].gz,H2
Exports,630259,COMTRADE-FINAL-CA0082003H2[2004-10-25].gz,H2
Exports,630411,COMTRADE-FINAL-CA0082003H2[2004-10-25].gz,H2
Exports,630492,COMTRADE-FINAL-CA0082003H2[2004-10-25].gz,H2
Exports,630629,COMTRADE-FINAL-CA0082003H2[2004-10-25].gz,H2
Exports,630720,COMTRADE-FINAL-CA0082003H2[2004-10-25].gz,H2
Exports,630800,COMTRADE-FINAL-CA0082003H2[2004-10-25].gz,H2
Exports,640291,COMTRADE-FINAL-CA0082003H2[2004-10-25].gz,H2
Exports,640411,COMTRADE-FINAL-CA0082003H2[2004-10-25].gz,H2
Exports,650700,COMTRADE-FINAL-CA0082003H2[2004-10-25].gz,H2
Exports,670100,COMTRADE-FINAL-CA0082003H2[2004-10-25].gz,H2
Exports,670411,COMTRADE-FINAL-CA0082003H2[2004-10-25].gz,H2
Exports,670420,COMTRADE-FINAL-CA0082003H2[2004-10-25].gz,H2
Exports,680520,COMTRADE-FINAL-CA0082003H2[2004-10-25].gz,H2
Exports,681091,COMTRADE-FINAL-CA0082003H2[2004-10-25].gz,H2
Exports,681260,COMTRADE-FINAL-CA0082003H2[2004-10-25].gz,H2
Exports,690310,COMTRADE-FINAL-CA0082003H2[2004-10-25].gz,H2
Exports,690911,COMTRADE-FINAL-CA0082003H2[2004-10-25].gz,H2
Exports,690912,COMTRADE-FINAL-CA0082003H2[2004-10-25].gz,H2
Exports,691310,COMTRADE-FINAL-CA0082003H2[2004-10-25].gz,H2
Exports,700312,COMTRADE-FINAL-CA0082003H2[2004-10-25].gz,H2
Exports,700510,COMTRADE-FINAL-CA0082003H2[2004-10-25].gz,H2
Exports,701339,COMTRADE-FINAL-CA0082003H2[2004-10-25].gz,H2
Exports,701610,COMTRADE-FINAL-CA0082003H2[2004-10-25].gz,H2
Exports,710610,COMTRADE-FINAL-CA0082003H2[2004-10-25].gz,H2
Exports,710692,COMTRADE-FINAL-CA0082003H2[2004-10-25].gz,H2
Exports,720260,COMTRADE-FINAL-CA0082003H2[2004-10-25].gz,H2
Exports,720711,COMTRADE-FINAL-CA0082003H2[2004-10-25].gz,H2
Exports,720916,COMTRADE-FINAL-CA0082003H2[2004-10-25].gz,H2
Exports,721049,COMTRADE-FINAL-CA0082003H2[2004-10-25].gz,H2
Exports,721260,COMTRADE-FINAL-CA0082003H2[2004-10-25].gz,H2
Exports,721632,COMTRADE-FINAL-CA0082003H2[2004-10-25].gz,H2
Exports,721691,COMTRADE-FINAL-CA0082003H2[2004-10-25].gz,H2
Exports,722870,COMTRADE-FINAL-CA0082003H2[2004-10-25].gz,H2
Exports,730120,COMTRADE-FINAL-CA0082003H2[2004-10-25].gz,H2
Exports,730230,COMTRADE-FINAL-CA0082003H2[2004-10-25].gz,H2
Exports,730429,COMTRADE-FINAL-CA0082003H2[2004-10-25].gz,H2
Exports,730630,COMTRADE-FINAL-CA0082003H2[2004-10-25].gz,H2
Exports,730690,COMTRADE-FINAL-CA0082003H2[2004-10-25].gz,H2
Exports,730711,COMTRADE-FINAL-CA0082003H2[2004-10-25].gz,H2
Exports,730723,COMTRADE-FINAL-CA0082003H2[2004-10-25].gz,H2
Exports,730791,COMTRADE-FINAL-CA0082003H2[2004-10-25].gz,H2
Exports,730810,COMTRADE-FINAL-CA0082003H2[2004-10-25].gz,H2
Exports,730830,COMTRADE-FINAL-CA0082003H2[2004-10-25].gz,H2
Exports,731439,COMTRADE-FINAL-CA0082003H2[2004-10-25].gz,H2
Exports,731811,COMTRADE-FINAL-CA0082003H2[2004-10-25].gz,H2
Exports,732090,COMTRADE-FINAL-CA0082003H2[2004-10-25].gz,H2
Exports,732183,COMTRADE-FINAL-CA0082003H2[2004-10-25].gz,H2
Exports,732211,COMTRADE-FINAL-CA0082003H2[2004-10-25].gz,H2
Exports,732611,COMTRADE-FINAL-CA0082003H2[2004-10-25].gz,H2
Exports,732619,COMTRADE-FINAL-CA0082003H2[2004-10-25].gz,H2
Exports,740329,COMTRADE-FINAL-CA0082003H2[2004-10-25].gz,H2
Exports,740819,COMTRADE-FINAL-CA0082003H2[2004-10-25].gz,H2
Exports,741210,COMTRADE-FINAL-CA0082003H2[2004-10-25].gz,H2
Exports,741700,COMTRADE-FINAL-CA0082003H2[2004-10-25].gz,H2
Exports,741819,COMTRADE-FINAL-CA0082003H2[2004-10-25].gz,H2
Exports,760711,COMTRADE-FINAL-CA0082003H2[2004-10-25].gz,H2
Exports,780110,COMTRADE-FINAL-CA0082003H2[2004-10-25].gz,H2
Exports,780191,COMTRADE-FINAL-CA0082003H2[2004-10-25].gz,H2
Exports,790400,COMTRADE-FINAL-CA0082003H2[2004-10-25].gz,H2
Exports,811221,COMTRADE-FINAL-CA0082003H2[2004-10-25].gz,H2
Exports,820551,COMTRADE-FINAL-CA0082003H2[2004-10-25].gz,H2
Exports,820713,COMTRADE-FINAL-CA0082003H2[2004-10-25].gz,H2
Exports,820720,COMTRADE-FINAL-CA0082003H2[2004-10-25].gz,H2
Exports,820750,COMTRADE-FINAL-CA0082003H2[2004-10-25].gz,H2
Exports,820770,COMTRADE-FINAL-CA0082003H2[2004-10-25].gz,H2
Exports,821110,COMTRADE-FINAL-CA0082003H2[2004-10-25].gz,H2
Exports,830150,COMTRADE-FINAL-CA0082003H2[2004-10-25].gz,H2
Exports,830250,COMTRADE-FINAL-CA0082003H2[2004-10-25].gz,H2
Exports,830590,COMTRADE-FINAL-CA0082003H2[2004-10-25].gz,H2
Exports,831120,COMTRADE-FINAL-CA0082003H2[2004-10-25].gz,H2
Exports,840211,COMTRADE-FINAL-CA0082003H2[2004-10-25].gz,H2
Exports,840310,COMTRADE-FINAL-CA0082003H2[2004-10-25].gz,H2
Exports,840734,COMTRADE-FINAL-CA0082003H2[2004-10-25].gz,H2
Exports,840790,COMTRADE-FINAL-CA0082003H2[2004-10-25].gz,H2
Exports,840820,COMTRADE-FINAL-CA0082003H2[2004-10-25].gz,H2
Exports,840999,COMTRADE-FINAL-CA0082003H2[2004-10-25].gz,H2
Exports,841011,COMTRADE-FINAL-CA0082003H2[2004-10-25].gz,H2
Exports,841112,COMTRADE-FINAL-CA0082003H2[2004-10-25].gz,H2
Exports,841459,COMTRADE-FINAL-CA0082003H2[2004-10-25].gz,H2
Exports,841490,COMTRADE-FINAL-CA0082003H2[2004-10-25].gz,H2
Exports,841583,COMTRADE-FINAL-CA0082003H2[2004-10-25].gz,H2
Exports,842219,COMTRADE-FINAL-CA0082003H2[2004-10-25].gz,H2
Exports,842220,COMTRADE-FINAL-CA0082003H2[2004-10-25].gz,H2
Exports,842230,COMTRADE-FINAL-CA0082003H2[2004-10-25].gz,H2
Exports,842240,COMTRADE-FINAL-CA0082003H2[2004-10-25].gz,H2
Exports,842420,COMTRADE-FINAL-CA0082003H2[2004-10-25].gz,H2
Exports,842490,COMTRADE-FINAL-CA0082003H2[2004-10-25].gz,H2
Exports,842542,COMTRADE-FINAL-CA0082003H2[2004-10-25].gz,H2
Exports,842549,COMTRADE-FINAL-CA0082003H2[2004-10-25].gz,H2
Exports,842839,COMTRADE-FINAL-CA0082003H2[2004-10-25].gz,H2
Exports,843031,COMTRADE-FINAL-CA0082003H2[2004-10-25].gz,H2
Exports,843039,COMTRADE-FINAL-CA0082003H2[2004-10-25].gz,H2
Exports,843120,COMTRADE-FINAL-CA0082003H2[2004-10-25].gz,H2
Exports,843131,COMTRADE-FINAL-CA0082003H2[2004-10-25].gz,H2
Exports,843230,COMTRADE-FINAL-CA0082003H2[2004-10-25].gz,H2
Exports,843280,COMTRADE-FINAL-CA0082003H2[2004-10-25].gz,H2
Exports,843360,COMTRADE-FINAL-CA0082003H2[2004-10-25].gz,H2
Exports,844790,COMTRADE-FINAL-CA0082003H2[2004-10-25].gz,H2
Exports,845121,COMTRADE-FINAL-CA0082003H2[2004-10-25].gz,H2
Exports,845129,COMTRADE-FINAL-CA0082003H2[2004-10-25].gz,H2
Exports,845240,COMTRADE-FINAL-CA0082003H2[2004-10-25].gz,H2
Exports,845310,COMTRADE-FINAL-CA0082003H2[2004-10-25].gz,H2
Exports,846150,COMTRADE-FINAL-CA0082003H2[2004-10-25].gz,H2
Exports,846410,COMTRADE-FINAL-CA0082003H2[2004-10-25].gz,H2
Exports,846691,COMTRADE-FINAL-CA0082003H2[2004-10-25].gz,H2
Exports,846729,COMTRADE-FINAL-CA0082003H2[2004-10-25].gz,H2
Exports,847010,COMTRADE-FINAL-CA0082003H2[2004-10-25].gz,H2
Exports,847150,COMTRADE-FINAL-CA0082003H2[2004-10-25].gz,H2
Exports,847170,COMTRADE-FINAL-CA0082003H2[2004-10-25].gz,H2
Exports,847190,COMTRADE-FINAL-CA0082003H2[2004-10-25].gz,H2
Exports,847290,COMTRADE-FINAL-CA0082003H2[2004-10-25].gz,H2
Exports,847710,COMTRADE-FINAL-CA0082003H2[2004-10-25].gz,H2
Exports,847981,COMTRADE-FINAL-CA0082003H2[2004-10-25].gz,H2
Exports,850152,COMTRADE-FINAL-CA0082003H2[2004-10-25].gz,H2
Exports,850153,COMTRADE-FINAL-CA0082003H2[2004-10-25].gz,H2
Exports,850231,COMTRADE-FINAL-CA0082003H2[2004-10-25].gz,H2
Exports,850730,COMTRADE-FINAL-CA0082003H2[2004-10-25].gz,H2
Exports,851430,COMTRADE-FINAL-CA0082003H2[2004-10-25].gz,H2
Exports,851539,COMTRADE-FINAL-CA0082003H2[2004-10-25].gz,H2
Exports,851580,COMTRADE-FINAL-CA0082003H2[2004-10-25].gz,H2
Exports,851633,COMTRADE-FINAL-CA0082003H2[2004-10-25].gz,H2
Exports,851830,COMTRADE-FINAL-CA0082003H2[2004-10-25].gz,H2
Exports,851840,COMTRADE-FINAL-CA0082003H2[2004-10-25].gz,H2
Exports,852320,COMTRADE-FINAL-CA0082003H2[2004-10-25].gz,H2
Exports,852439,COMTRADE-FINAL-CA0082003H2[2004-10-25].gz,H2
Exports,852453,COMTRADE-FINAL-CA0082003H2[2004-10-25].gz,H2
Exports,853090,COMTRADE-FINAL-CA0082003H2[2004-10-25].gz,H2
Exports,853530,COMTRADE-FINAL-CA0082003H2[2004-10-25].gz,H2
Exports,853620,COMTRADE-FINAL-CA0082003H2[2004-10-25].gz,H2
Exports,853939,COMTRADE-FINAL-CA0082003H2[2004-10-25].gz,H2
Exports,854210,COMTRADE-FINAL-CA0082003H2[2004-10-25].gz,H2
Exports,854430,COMTRADE-FINAL-CA0082003H2[2004-10-25].gz,H2
Exports,854459,COMTRADE-FINAL-CA0082003H2[2004-10-25].gz,H2
Exports,854470,COMTRADE-FINAL-CA0082003H2[2004-10-25].gz,H2
Exports,860110,COMTRADE-FINAL-CA0082003H2[2004-10-25].gz,H2
Exports,870321,COMTRADE-FINAL-CA0082003H2[2004-10-25].gz,H2
Exports,870322,COMTRADE-FINAL-CA0082003H2[2004-10-25].gz,H2
Exports,870331,COMTRADE-FINAL-CA0082003H2[2004-10-25].gz,H2
Exports,870432,COMTRADE-FINAL-CA0082003H2[2004-10-25].gz,H2
Exports,870839,COMTRADE-FINAL-CA0082003H2[2004-10-25].gz,H2
Exports,870860,COMTRADE-FINAL-CA0082003H2[2004-10-25].gz,H2
Exports,871110,COMTRADE-FINAL-CA0082003H2[2004-10-25].gz,H2
Exports,871494,COMTRADE-FINAL-CA0082003H2[2004-10-25].gz,H2
Exports,900490,COMTRADE-FINAL-CA0082003H2[2004-10-25].gz,H2
Exports,900610,COMTRADE-FINAL-CA0082003H2[2004-10-25].gz,H2
Exports,901832,COMTRADE-FINAL-CA0082003H2[2004-10-25].gz,H2
Exports,901920,COMTRADE-FINAL-CA0082003H2[2004-10-25].gz,H2
Exports,903010,COMTRADE-FINAL-CA0082003H2[2004-10-25].gz,H2
Exports,903039,COMTRADE-FINAL-CA0082003H2[2004-10-25].gz,H2
Exports,903180,COMTRADE-FINAL-CA0082003H2[2004-10-25].gz,H2
Exports,903289,COMTRADE-FINAL-CA0082003H2[2004-10-25].gz,H2
Exports,920790,COMTRADE-FINAL-CA0082003H2[2004-10-25].gz,H2
Exports,920920,COMTRADE-FINAL-CA0082003H2[2004-10-25].gz,H2
Exports,930119,COMTRADE-FINAL-CA0082003H2[2004-10-25].gz,H2
Exports,930190,COMTRADE-FINAL-CA0082003H2[2004-10-25].gz,H2
Exports,930330,COMTRADE-FINAL-CA0082003H2[2004-10-25].gz,H2
Exports,930700,COMTRADE-FINAL-CA0082003H2[2004-10-25].gz,H2
Exports,940591,COMTRADE-FINAL-CA0082003H2[2004-10-25].gz,H2
Exports,950790,COMTRADE-FINAL-CA0082003H2[2004-10-25].gz,H2
Exports,950890,COMTRADE-FINAL-CA0082003H2[2004-10-25].gz,H2
Exports,960310,COMTRADE-FINAL-CA0082003H2[2004-10-25].gz,H2
Exports,960330,COMTRADE-FINAL-CA0082003H2[2004-10-25].gz,H2
Exports,960629,COMTRADE-FINAL-CA0082003H2[2004-10-25].gz,H2
Exports,961000,COMTRADE-FINAL-CA0082003H2[2004-10-25].gz,H2
Exports,970400,COMTRADE-FINAL-CA0082003H2[2004-10-25].gz,H2
Imports,010110,COMTRADE-FINAL-CA0082003H2[2004-10-25].gz,H2
Imports,010611,COMTRADE-FINAL-CA0082003H2[2004-10-25].gz,H2
Imports,010619,COMTRADE-FINAL-CA0082003H2[2004-10-25].gz,H2
Imports,010690,COMTRADE-FINAL-CA0082003H2[2004-10-25].gz,H2
Imports,020500,COMTRADE-FINAL-CA0082003H2[2004-10-25].gz,H2
Imports,021099,COMTRADE-FINAL-CA0082003H2[2004-10-25].gz,H2
Imports,030193,COMTRADE-FINAL-CA0082003H2[2004-10-25].gz,H2
Imports,030222,COMTRADE-FINAL-CA0082003H2[2004-10-25].gz,H2
Imports,030311,COMTRADE-FINAL-CA0082003H2[2004-10-25].gz,H2
Imports,030319,COMTRADE-FINAL-CA0082003H2[2004-10-25].gz,H2
Imports,030376,COMTRADE-FINAL-CA0082003H2[2004-10-25].gz,H2
Imports,030510,COMTRADE-FINAL-CA0082003H2[2004-10-25].gz,H2
Imports,030541,COMTRADE-FINAL-CA0082003H2[2004-10-25].gz,H2
Imports,030549,COMTRADE-FINAL-CA0082003H2[2004-10-25].gz,H2
Imports,030612,COMTRADE-FINAL-CA0082003H2[2004-10-25].gz,H2
Imports,030751,COMTRADE-FINAL-CA0082003H2[2004-10-25].gz,H2
Imports,050290,COMTRADE-FINAL-CA0082003H2[2004-10-25].gz,H2
Imports,070959,COMTRADE-FINAL-CA0082003H2[2004-10-25].gz,H2
Imports,071159,COMTRADE-FINAL-CA0082003H2[2004-10-25].gz,H2
Imports,071239,COMTRADE-FINAL-CA0082003H2[2004-10-25].gz,H2
Imports,080550,COMTRADE-FINAL-CA0082003H2[2004-10-25].gz,H2
Imports,091030,COMTRADE-FINAL-CA0082003H2[2004-10-25].gz,H2
Imports,100830,COMTRADE-FINAL-CA0082003H2[2004-10-25].gz,H2
Imports,110210,COMTRADE-FINAL-CA0082003H2[2004-10-25].gz,H2
Imports,110412,COMTRADE-FINAL-CA0082003H2[2004-10-25].gz,H2
Imports,110610,COMTRADE-FINAL-CA0082003H2[2004-10-25].gz,H2
Imports,120760,COMTRADE-FINAL-CA0082003H2[2004-10-25].gz,H2
Imports,121410,COMTRADE-FINAL-CA0082003H2[2004-10-25].gz,H2
Imports,130110,COMTRADE-FINAL-CA0082003H2[2004-10-25].gz,H2
Imports,140110,COMTRADE-FINAL-CA0082003H2[2004-10-25].gz,H2
Imports,150420,COMTRADE-FINAL-CA0082003H2[2004-10-25].gz,H2
Imports,150500,COMTRADE-FINAL-CA0082003H2[2004-10-25].gz,H2
Imports,160510,COMTRADE-FINAL-CA0082003H2[2004-10-25].gz,H2
Imports,160530,COMTRADE-FINAL-CA0082003H2[2004-10-25].gz,H2
Imports,180310,COMTRADE-FINAL-CA0082003H2[2004-10-25].gz,H2
Imports,190531,COMTRADE-FINAL-CA0082003H2[2004-10-25].gz,H2
Imports,190532,COMTRADE-FINAL-CA0082003H2[2004-10-25].gz,H2
Imports,200390,COMTRADE-FINAL-CA0082003H2[2004-10-25].gz,H2
Imports,200560,COMTRADE-FINAL-CA0082003H2[2004-10-25].gz,H2
Imports,200891,COMTRADE-FINAL-CA0082003H2[2004-10-25].gz,H2
Imports,200912,COMTRADE-FINAL-CA0082003H2[2004-10-25].gz,H2
Imports,200921,COMTRADE-FINAL-CA0082003H2[2004-10-25].gz,H2
Imports,200929,COMTRADE-FINAL-CA0082003H2[2004-10-25].gz,H2
Imports,200931,COMTRADE-FINAL-CA0082003H2[2004-10-25].gz,H2
Imports,200939,COMTRADE-FINAL-CA0082003H2[2004-10-25].gz,H2
Imports,200941,COMTRADE-FINAL-CA0082003H2[2004-10-25].gz,H2
Imports,200949,COMTRADE-FINAL-CA0082003H2[2004-10-25].gz,H2
Imports,200961,COMTRADE-FINAL-CA0082003H2[2004-10-25].gz,H2
Imports,200969,COMTRADE-FINAL-CA0082003H2[2004-10-25].gz,H2
Imports,200971,COMTRADE-FINAL-CA0082003H2[2004-10-25].gz,H2
Imports,200979,COMTRADE-FINAL-CA0082003H2[2004-10-25].gz,H2
Imports,230620,COMTRADE-FINAL-CA0082003H2[2004-10-25].gz,H2
Imports,230649,COMTRADE-FINAL-CA0082003H2[2004-10-25].gz,H2
Imports,230800,COMTRADE-FINAL-CA0082003H2[2004-10-25].gz,H2
Imports,250300,COMTRADE-FINAL-CA0082003H2[2004-10-25].gz,H2
Imports,251730,COMTRADE-FINAL-CA0082003H2[2004-10-25].gz,H2
Imports,252330,COMTRADE-FINAL-CA0082003H2[2004-10-25].gz,H2
Imports,262190,COMTRADE-FINAL-CA0082003H2[2004-10-25].gz,H2
Imports,270112,COMTRADE-FINAL-CA0082003H2[2004-10-25].gz,H2
Imports,270720,COMTRADE-FINAL-CA0082003H2[2004-10-25].gz,H2
Imports,271011,COMTRADE-FINAL-CA0082003H2[2004-10-25].gz,H2
Imports,271019,COMTRADE-FINAL-CA0082003H2[2004-10-25].gz,H2
Imports,271091,COMTRADE-FINAL-CA0082003H2[2004-10-25].gz,H2
Imports,271099,COMTRADE-FINAL-CA0082003H2[2004-10-25].gz,H2
Imports,280490,COMTRADE-FINAL-CA0082003H2[2004-10-25].gz,H2
Imports,281530,COMTRADE-FINAL-CA0082003H2[2004-10-25].gz,H2
Imports,282735,COMTRADE-FINAL-CA0082003H2[2004-10-25].gz,H2
Imports,282751,COMTRADE-FINAL-CA0082003H2[2004-10-25].gz,H2
Imports,283330,COMTRADE-FINAL-CA0082003H2[2004-10-25].gz,H2
Imports,283510,COMTRADE-FINAL-CA0082003H2[2004-10-25].gz,H2
Imports,283719,COMTRADE-FINAL-CA0082003H2[2004-10-25].gz,H2
Imports,283720,COMTRADE-FINAL-CA0082003H2[2004-10-25].gz,H2
Imports,284690,COMTRADE-FINAL-CA0082003H2[2004-10-25].gz,H2
Imports,290311,COMTRADE-FINAL-CA0082003H2[2004-10-25].gz,H2
Imports,290330,COMTRADE-FINAL-CA0082003H2[2004-10-25].gz,H2
Imports,290359,COMTRADE-FINAL-CA0082003H2[2004-10-25].gz,H2
Imports,290613,COMTRADE-FINAL-CA0082003H2[2004-10-25].gz,H2
Imports,291613,COMTRADE-FINAL-CA0082003H2[2004-10-25].gz,H2
Imports,291632,COMTRADE-FINAL-CA0082003H2[2004-10-25].gz,H2
Imports,291713,COMTRADE-FINAL-CA0082003H2[2004-10-25].gz,H2
Imports,291823,COMTRADE-FINAL-CA0082003H2[2004-10-25].gz,H2
Imports,292239,COMTRADE-FINAL-CA0082003H2[2004-10-25].gz,H2
Imports,292411,COMTRADE-FINAL-CA0082003H2[2004-10-25].gz,H2
Imports,292511,COMTRADE-FINAL-CA0082003H2[2004-10-25].gz,H2
Imports,292630,COMTRADE-FINAL-CA0082003H2[2004-10-25].gz,H2
Imports,293010,COMTRADE-FINAL-CA0082003H2[2004-10-25].gz,H2
Imports,293391,COMTRADE-FINAL-CA0082003H2[2004-10-25].gz,H2
Imports,293399,COMTRADE-FINAL-CA0082003H2[2004-10-25].gz,H2
Imports,293621,COMTRADE-FINAL-CA0082003H2[2004-10-25].gz,H2
Imports,293623,COMTRADE-FINAL-CA0082003H2[2004-10-25].gz,H2
Imports,293628,COMTRADE-FINAL-CA0082003H2[2004-10-25].gz,H2
Imports,293731,COMTRADE-FINAL-CA0082003H2[2004-10-25].gz,H2
Imports,293911,COMTRADE-FINAL-CA0082003H2[2004-10-25].gz,H2
Imports,293941,COMTRADE-FINAL-CA0082003H2[2004-10-25].gz,H2
Imports,293999,COMTRADE-FINAL-CA0082003H2[2004-10-25].gz,H2
Imports,300110,COMTRADE-FINAL-CA0082003H2[2004-10-25].gz,H2
Imports,300670,COMTRADE-FINAL-CA0082003H2[2004-10-25].gz,H2
Imports,300680,COMTRADE-FINAL-CA0082003H2[2004-10-25].gz,H2
Imports,320120,COMTRADE-FINAL-CA0082003H2[2004-10-25].gz,H2
Imports,320415,COMTRADE-FINAL-CA0082003H2[2004-10-25].gz,H2
Imports,320416,COMTRADE-FINAL-CA0082003H2[2004-10-25].gz,H2
Imports,330112,COMTRADE-FINAL-CA0082003H2[2004-10-25].gz,H2
Imports,330124,COMTRADE-FINAL-CA0082003H2[2004-10-25].gz,H2
Imports,340130,COMTRADE-FINAL-CA0082003H2[2004-10-25].gz,H2
Imports,350211,COMTRADE-FINAL-CA0082003H2[2004-10-25].gz,H2
Imports,370254,COMTRADE-FINAL-CA0082003H2[2004-10-25].gz,H2
Imports,381700,COMTRADE-FINAL-CA0082003H2[2004-10-25].gz,H2
Imports,382510,COMTRADE-FINAL-CA0082003H2[2004-10-25].gz,H2
Imports,382550,COMTRADE-FINAL-CA0082003H2[2004-10-25].gz,H2
Imports,382590,COMTRADE-FINAL-CA0082003H2[2004-10-25].gz,H2
Imports,392043,COMTRADE-FINAL-CA0082003H2[2004-10-25].gz,H2
Imports,392049,COMTRADE-FINAL-CA0082003H2[2004-10-25].gz,H2
Imports,400121,COMTRADE-FINAL-CA0082003H2[2004-10-25].gz,H2
Imports,400280,COMTRADE-FINAL-CA0082003H2[2004-10-25].gz,H2
Imports,400911,COMTRADE-FINAL-CA0082003H2[2004-10-25].gz,H2
Imports,400912,COMTRADE-FINAL-CA0082003H2[2004-10-25].gz,H2
Imports,400921,COMTRADE-FINAL-CA0082003H2[2004-10-25].gz,H2
Imports,400922,COMTRADE-FINAL-CA0082003H2[2004-10-25].gz,H2
Imports,400931,COMTRADE-FINAL-CA0082003H2[2004-10-25].gz,H2
Imports,400932,COMTRADE-FINAL-CA0082003H2[2004-10-25].gz,H2
Imports,400941,COMTRADE-FINAL-CA0082003H2[2004-10-25].gz,H2
Imports,400942,COMTRADE-FINAL-CA0082003H2[2004-10-25].gz,H2
Imports,401031,COMTRADE-FINAL-CA0082003H2[2004-10-25].gz,H2
Imports,401032,COMTRADE-FINAL-CA0082003H2[2004-10-25].gz,H2
Imports,401033,COMTRADE-FINAL-CA0082003H2[2004-10-25].gz,H2
Imports,401034,COMTRADE-FINAL-CA0082003H2[2004-10-25].gz,H2
Imports,401035,COMTRADE-FINAL-CA0082003H2[2004-10-25].gz,H2
Imports,401039,COMTRADE-FINAL-CA0082003H2[2004-10-25].gz,H2
Imports,401161,COMTRADE-FINAL-CA0082003H2[2004-10-25].gz,H2
Imports,401162,COMTRADE-FINAL-CA0082003H2[2004-10-25].gz,H2
Imports,401163,COMTRADE-FINAL-CA0082003H2[2004-10-25].gz,H2
Imports,401169,COMTRADE-FINAL-CA0082003H2[2004-10-25].gz,H2
Imports,401192,COMTRADE-FINAL-CA0082003H2[2004-10-25].gz,H2
Imports,401193,COMTRADE-FINAL-CA0082003H2[2004-10-25].gz,H2
Imports,401194,COMTRADE-FINAL-CA0082003H2[2004-10-25].gz,H2
Imports,401211,COMTRADE-FINAL-CA0082003H2[2004-10-25].gz,H2
Imports,401212,COMTRADE-FINAL-CA0082003H2[2004-10-25].gz,H2
Imports,401213,COMTRADE-FINAL-CA0082003H2[2004-10-25].gz,H2
Imports,401219,COMTRADE-FINAL-CA0082003H2[2004-10-25].gz,H2
Imports,410120,COMTRADE-FINAL-CA0082003H2[2004-10-25].gz,H2
Imports,410190,COMTRADE-FINAL-CA0082003H2[2004-10-25].gz,H2
Imports,410411,COMTRADE-FINAL-CA0082003H2[2004-10-25].gz,H2
Imports,410419,COMTRADE-FINAL-CA0082003H2[2004-10-25].gz,H2
Imports,410441,COMTRADE-FINAL-CA0082003H2[2004-10-25].gz,H2
Imports,410449,COMTRADE-FINAL-CA0082003H2[2004-10-25].gz,H2
Imports,410510,COMTRADE-FINAL-CA0082003H2[2004-10-25].gz,H2
Imports,410621,COMTRADE-FINAL-CA0082003H2[2004-10-25].gz,H2
Imports,410711,COMTRADE-FINAL-CA0082003H2[2004-10-25].gz,H2
Imports,410712,COMTRADE-FINAL-CA0082003H2[2004-10-25].gz,H2
Imports,410719,COMTRADE-FINAL-CA0082003H2[2004-10-25].gz,H2
Imports,410791,COMTRADE-FINAL-CA0082003H2[2004-10-25].gz,H2
Imports,410792,COMTRADE-FINAL-CA0082003H2[2004-10-25].gz,H2
Imports,410799,COMTRADE-FINAL-CA0082003H2[2004-10-25].gz,H2
Imports,411200,COMTRADE-FINAL-CA0082003H2[2004-10-25].gz,H2
Imports,411320,COMTRADE-FINAL-CA0082003H2[2004-10-25].gz,H2
Imports,411330,COMTRADE-FINAL-CA0082003H2[2004-10-25].gz,H2
Imports,411390,COMTRADE-FINAL-CA0082003H2[2004-10-25].gz,H2
Imports,411410,COMTRADE-FINAL-CA0082003H2[2004-10-25].gz,H2
Imports,411420,COMTRADE-FINAL-CA0082003H2[2004-10-25].gz,H2
Imports,411510,COMTRADE-FINAL-CA0082003H2[2004-10-25].gz,H2
Imports,411520,COMTRADE-FINAL-CA0082003H2[2004-10-25].gz,H2
Imports,440391,COMTRADE-FINAL-CA0082003H2[2004-10-25].gz,H2
Imports,440392,COMTRADE-FINAL-CA0082003H2[2004-10-25].gz,H2
Imports,441021,COMTRADE-FINAL-CA0082003H2[2004-10-25].gz,H2
Imports,441029,COMTRADE-FINAL-CA0082003H2[2004-10-25].gz,H2
Imports,441031,COMTRADE-FINAL-CA0082003H2[2004-10-25].gz,H2
Imports,441032,COMTRADE-FINAL-CA0082003H2[2004-10-25].gz,H2
Imports,441033,COMTRADE-FINAL-CA0082003H2[2004-10-25].gz,H2
Imports,441039,COMTRADE-FINAL-CA0082003H2[2004-10-25].gz,H2
Imports,441131,COMTRADE-FINAL-CA0082003H2[2004-10-25].gz,H2
Imports,470692,COMTRADE-FINAL-CA0082003H2[2004-10-25].gz,H2
Imports,470790,COMTRADE-FINAL-CA0082003H2[2004-10-25].gz,H2
Imports,480254,COMTRADE-FINAL-CA0082003H2[2004-10-25].gz,H2
Imports,480255,COMTRADE-FINAL-CA0082003H2[2004-10-25].gz,H2
Imports,480256,COMTRADE-FINAL-CA0082003H2[2004-10-25].gz,H2
Imports,480257,COMTRADE-FINAL-CA0082003H2[2004-10-25].gz,H2
Imports,480258,COMTRADE-FINAL-CA0082003H2[2004-10-25].gz,H2
Imports,480261,COMTRADE-FINAL-CA0082003H2[2004-10-25].gz,H2
Imports,480269,COMTRADE-FINAL-CA0082003H2[2004-10-25].gz,H2
Imports,480511,COMTRADE-FINAL-CA0082003H2[2004-10-25].gz,H2
Imports,480519,COMTRADE-FINAL-CA0082003H2[2004-10-25].gz,H2
Imports,480524,COMTRADE-FINAL-CA0082003H2[2004-10-25].gz,H2
Imports,480591,COMTRADE-FINAL-CA0082003H2[2004-10-25].gz,H2
Imports,480592,COMTRADE-FINAL-CA0082003H2[2004-10-25].gz,H2
Imports,480593,COMTRADE-FINAL-CA0082003H2[2004-10-25].gz,H2
Imports,480700,COMTRADE-FINAL-CA0082003H2[2004-10-25].gz,H2
Imports,481013,COMTRADE-FINAL-CA0082003H2[2004-10-25].gz,H2
Imports,481014,COMTRADE-FINAL-CA0082003H2[2004-10-25].gz,H2
Imports,481019,COMTRADE-FINAL-CA0082003H2[2004-10-25].gz,H2
Imports,481022,COMTRADE-FINAL-CA0082003H2[2004-10-25].gz,H2
Imports,481092,COMTRADE-FINAL-CA0082003H2[2004-10-25].gz,H2
Imports,481141,COMTRADE-FINAL-CA0082003H2[2004-10-25].gz,H2
Imports,481149,COMTRADE-FINAL-CA0082003H2[2004-10-25].gz,H2
Imports,481151,COMTRADE-FINAL-CA0082003H2[2004-10-25].gz,H2
Imports,481159,COMTRADE-FINAL-CA0082003H2[2004-10-25].gz,H2
Imports,481160,COMTRADE-FINAL-CA0082003H2[2004-10-25].gz,H2
Imports,482312,COMTRADE-FINAL-CA0082003H2[2004-10-25].gz,H2
Imports,500310,COMTRADE-FINAL-CA0082003H2[2004-10-25].gz,H2
Imports,510521,COMTRADE-FINAL-CA0082003H2[2004-10-25].gz,H2
Imports,520615,COMTRADE-FINAL-CA0082003H2[2004-10-25].gz,H2
Imports,520622,COMTRADE-FINAL-CA0082003H2[2004-10-25].gz,H2
Imports,520643,COMTRADE-FINAL-CA0082003H2[2004-10-25].gz,H2
Imports,521012,COMTRADE-FINAL-CA0082003H2[2004-10-25].gz,H2
Imports,521122,COMTRADE-FINAL-CA0082003H2[2004-10-25].gz,H2
Imports,531010,COMTRADE-FINAL-CA0082003H2[2004-10-25].gz,H2
Imports,531090,COMTRADE-FINAL-CA0082003H2[2004-10-25].gz,H2
Imports,540769,COMTRADE-FINAL-CA0082003H2[2004-10-25].gz,H2
Imports,550390,COMTRADE-FINAL-CA0082003H2[2004-10-25].gz,H2
Imports,550690,COMTRADE-FINAL-CA0082003H2[2004-10-25].gz,H2
Imports,550953,COMTRADE-FINAL-CA0082003H2[2004-10-25].gz,H2
Imports,551090,COMTRADE-FINAL-CA0082003H2[2004-10-25].gz,H2
Imports,551110,COMTRADE-FINAL-CA0082003H2[2004-10-25].gz,H2
Imports,551291,COMTRADE-FINAL-CA0082003H2[2004-10-25].gz,H2
Imports,551331,COMTRADE-FINAL-CA0082003H2[2004-10-25].gz,H2
Imports,551443,COMTRADE-FINAL-CA0082003H2[2004-10-25].gz,H2
Imports,551644,COMTRADE-FINAL-CA0082003H2[2004-10-25].gz,H2
Imports,570251,COMTRADE-FINAL-CA0082003H2[2004-10-25].gz,H2
Imports,590490,COMTRADE-FINAL-CA0082003H2[2004-10-25].gz,H2
Imports,600240,COMTRADE-FINAL-CA0082003H2[2004-10-25].gz,H2
Imports,600290,COMTRADE-FINAL-CA0082003H2[2004-10-25].gz,H2
Imports,600310,COMTRADE-FINAL-CA0082003H2[2004-10-25].gz,H2
Imports,600320,COMTRADE-FINAL-CA0082003H2[2004-10-25].gz,H2
Imports,600330,COMTRADE-FINAL-CA0082003H2[2004-10-25].gz,H2
Imports,600390,COMTRADE-FINAL-CA0082003H2[2004-10-25].gz,H2
Imports,600410,COMTRADE-FINAL-CA0082003H2[2004-10-25].gz,H2
Imports,600521,COMTRADE-FINAL-CA0082003H2[2004-10-25].gz,H2
Imports,600522,COMTRADE-FINAL-CA0082003H2[2004-10-25].gz,H2
Imports,600523,COMTRADE-FINAL-CA0082003H2[2004-10-25].gz,H2
Imports,600532,COMTRADE-FINAL-CA0082003H2[2004-10-25].gz,H2
Imports,600533,COMTRADE-FINAL-CA0082003H2[2004-10-25].gz,H2
Imports,600534,COMTRADE-FINAL-CA0082003H2[2004-10-25].gz,H2
Imports,600542,COMTRADE-FINAL-CA0082003H2[2004-10-25].gz,H2
Imports,600544,COMTRADE-FINAL-CA0082003H2[2004-10-25].gz,H2
Imports,600590,COMTRADE-FINAL-CA0082003H2[2004-10-25].gz,H2
Imports,600610,COMTRADE-FINAL-CA0082003H2[2004-10-25].gz,H2
Imports,600621,COMTRADE-FINAL-CA0082003H2[2004-10-25].gz,H2
Imports,600622,COMTRADE-FINAL-CA0082003H2[2004-10-25].gz,H2
Imports,600632,COMTRADE-FINAL-CA0082003H2[2004-10-25].gz,H2
Imports,600634,COMTRADE-FINAL-CA0082003H2[2004-10-25].gz,H2
Imports,600642,COMTRADE-FINAL-CA0082003H2[2004-10-25].gz,H2
Imports,600644,COMTRADE-FINAL-CA0082003H2[2004-10-25].gz,H2
Imports,600690,COMTRADE-FINAL-CA0082003H2[2004-10-25].gz,H2
Imports,610910,COMTRADE-FINAL-CA0082003H2[2004-10-25].gz,H2
Imports,611011,COMTRADE-FINAL-CA0082003H2[2004-10-25].gz,H2
Imports,611012,COMTRADE-FINAL-CA0082003H2[2004-10-25].gz,H2
Imports,611019,COMTRADE-FINAL-CA0082003H2[2004-10-25].gz,H2
Imports,611410,COMTRADE-FINAL-CA0082003H2[2004-10-25].gz,H2
Imports,620441,COMTRADE-FINAL-CA0082003H2[2004-10-25].gz,H2
Imports,630292,COMTRADE-FINAL-CA0082003H2[2004-10-25].gz,H2
Imports,670419,COMTRADE-FINAL-CA0082003H2[2004-10-25].gz,H2
Imports,681591,COMTRADE-FINAL-CA0082003H2[2004-10-25].gz,H2
Imports,700210,COMTRADE-FINAL-CA0082003H2[2004-10-25].gz,H2
Imports,701090,COMTRADE-FINAL-CA0082003H2[2004-10-25].gz,H2
Imports,710110,COMTRADE-FINAL-CA0082003H2[2004-10-25].gz,H2
Imports,710610,COMTRADE-FINAL-CA0082003H2[2004-10-25].gz,H2
Imports,711230,COMTRADE-FINAL-CA0082003H2[2004-10-25].gz,H2
Imports,711299,COMTRADE-FINAL-CA0082003H2[2004-10-25].gz,H2
Imports,720430,COMTRADE-FINAL-CA0082003H2[2004-10-25].gz,H2
Imports,720449,COMTRADE-FINAL-CA0082003H2[2004-10-25].gz,H2
Imports,720450,COMTRADE-FINAL-CA0082003H2[2004-10-25].gz,H2
Imports,722100,COMTRADE-FINAL-CA0082003H2[2004-10-25].gz,H2
Imports,740110,COMTRADE-FINAL-CA0082003H2[2004-10-25].gz,H2
Imports,740323,COMTRADE-FINAL-CA0082003H2[2004-10-25].gz,H2
Imports,740821,COMTRADE-FINAL-CA0082003H2[2004-10-25].gz,H2
Imports,741022,COMTRADE-FINAL-CA0082003H2[2004-10-25].gz,H2
Imports,741533,COMTRADE-FINAL-CA0082003H2[2004-10-25].gz,H2
Imports,750400,COMTRADE-FINAL-CA0082003H2[2004-10-25].gz,H2
Imports,750610,COMTRADE-FINAL-CA0082003H2[2004-10-25].gz,H2
Imports,760310,COMTRADE-FINAL-CA0082003H2[2004-10-25].gz,H2
Imports,780110,COMTRADE-FINAL-CA0082003H2[2004-10-25].gz,H2
Imports,810195,COMTRADE-FINAL-CA0082003H2[2004-10-25].gz,H2
Imports,810199,COMTRADE-FINAL-CA0082003H2[2004-10-25].gz,H2
Imports,810320,COMTRADE-FINAL-CA0082003H2[2004-10-25].gz,H2
Imports,810490,COMTRADE-FINAL-CA0082003H2[2004-10-25].gz,H2
Imports,811221,COMTRADE-FINAL-CA0082003H2[2004-10-25].gz,H2
Imports,811229,COMTRADE-FINAL-CA0082003H2[2004-10-25].gz,H2
Imports,842831,COMTRADE-FINAL-CA0082003H2[2004-10-25].gz,H2
Imports,842890,COMTRADE-FINAL-CA0082003H2[2004-10-25].gz,H2
Imports,845410,COMTRADE-FINAL-CA0082003H2[2004-10-25].gz,H2
Imports,846630,COMTRADE-FINAL-CA0082003H2[2004-10-25].gz,H2
Imports,846721,COMTRADE-FINAL-CA0082003H2[2004-10-25].gz,H2
Imports,846722,COMTRADE-FINAL-CA0082003H2[2004-10-25].gz,H2
Imports,846729,COMTRADE-FINAL-CA0082003H2[2004-10-25].gz,H2
Imports,851931,COMTRADE-FINAL-CA0082003H2[2004-10-25].gz,H2
Imports,854012,COMTRADE-FINAL-CA0082003H2[2004-10-25].gz,H2
Imports,854060,COMTRADE-FINAL-CA0082003H2[2004-10-25].gz,H2
Imports,854160,COMTRADE-FINAL-CA0082003H2[2004-10-25].gz,H2
Imports,854210,COMTRADE-FINAL-CA0082003H2[2004-10-25].gz,H2
Imports,854221,COMTRADE-FINAL-CA0082003H2[2004-10-25].gz,H2
Imports,854229,COMTRADE-FINAL-CA0082003H2[2004-10-25].gz,H2
Imports,854260,COMTRADE-FINAL-CA0082003H2[2004-10-25].gz,H2
Imports,854520,COMTRADE-FINAL-CA0082003H2[2004-10-25].gz,H2
Imports,860610,COMTRADE-FINAL-CA0082003H2[2004-10-25].gz,H2
Imports,880211,COMTRADE-FINAL-CA0082003H2[2004-10-25].gz,H2
Imports,880240,COMTRADE-FINAL-CA0082003H2[2004-10-25].gz,H2
Imports,880529,COMTRADE-FINAL-CA0082003H2[2004-10-25].gz,H2
Imports,890130,COMTRADE-FINAL-CA0082003H2[2004-10-25].gz,H2
Imports,890400,COMTRADE-FINAL-CA0082003H2[2004-10-25].gz,H2
Imports,890690,COMTRADE-FINAL-CA0082003H2[2004-10-25].gz,H2
Imports,900662,COMTRADE-FINAL-CA0082003H2[2004-10-25].gz,H2
Imports,900711,COMTRADE-FINAL-CA0082003H2[2004-10-25].gz,H2
Imports,900991,COMTRADE-FINAL-CA0082003H2[2004-10-25].gz,H2
Imports,900992,COMTRADE-FINAL-CA0082003H2[2004-10-25].gz,H2
Imports,900993,COMTRADE-FINAL-CA0082003H2[2004-10-25].gz,H2
Imports,900999,COMTRADE-FINAL-CA0082003H2[2004-10-25].gz,H2
Imports,902110,COMTRADE-FINAL-CA0082003H2[2004-10-25].gz,H2
Imports,902139,COMTRADE-FINAL-CA0082003H2[2004-10-25].gz,H2
Imports,911220,COMTRADE-FINAL-CA0082003H2[2004-10-25].gz,H2
Imports,911440,COMTRADE-FINAL-CA0082003H2[2004-10-25].gz,H2
Imports,920991,COMTRADE-FINAL-CA0082003H2[2004-10-25].gz,H2
Imports,950810,COMTRADE-FINAL-CA0082003H2[2004-10-25].gz,H2
Imports,950890,COMTRADE-FINAL-CA0082003H2[2004-10-25].gz,H2
Imports,970400,COMTRADE-FINAL-CA0082003H2[2004-10-25].gz,H2
Exports,010611,COMTRADE-FINAL-CA0082004H2[2005-04-04].gz,H2
Exports,020311,COMTRADE-FINAL-CA0082004H2[2005-04-04].gz,H2
Exports,030262,COMTRADE-FINAL-CA0082004H2[2005-04-04].gz,H2
Exports,030311,COMTRADE-FINAL-CA0082004H2[2005-04-04].gz,H2
Exports,030319,COMTRADE-FINAL-CA0082004H2[2005-04-04].gz,H2
Exports,030349,COMTRADE-FINAL-CA0082004H2[2005-04-04].gz,H2
Exports,030350,COMTRADE-FINAL-CA0082004H2[2005-04-04].gz,H2
Exports,030360,COMTRADE-FINAL-CA0082004H2[2005-04-04].gz,H2
Exports,030420,COMTRADE-FINAL-CA0082004H2[2005-04-04].gz,H2
Exports,030490,COMTRADE-FINAL-CA0082004H2[2005-04-04].gz,H2
Exports,030624,COMTRADE-FINAL-CA0082004H2[2005-04-04].gz,H2
Exports,050290,COMTRADE-FINAL-CA0082004H2[2005-04-04].gz,H2
Exports,050510,COMTRADE-FINAL-CA0082004H2[2005-04-04].gz,H2
Exports,070320,COMTRADE-FINAL-CA0082004H2[2005-04-04].gz,H2
Exports,071220,COMTRADE-FINAL-CA0082004H2[2005-04-04].gz,H2
Exports,080111,COMTRADE-FINAL-CA0082004H2[2005-04-04].gz,H2
Exports,080212,COMTRADE-FINAL-CA0082004H2[2005-04-04].gz,H2
Exports,080930,COMTRADE-FINAL-CA0082004H2[2005-04-04].gz,H2
Exports,090111,COMTRADE-FINAL-CA0082004H2[2005-04-04].gz,H2
Exports,100510,COMTRADE-FINAL-CA0082004H2[2005-04-04].gz,H2
Exports,110813,COMTRADE-FINAL-CA0082004H2[2005-04-04].gz,H2
Exports,120220,COMTRADE-FINAL-CA0082004H2[2005-04-04].gz,H2
Exports,120810,COMTRADE-FINAL-CA0082004H2[2005-04-04].gz,H2
Exports,120991,COMTRADE-FINAL-CA0082004H2[2005-04-04].gz,H2
Exports,121140,COMTRADE-FINAL-CA0082004H2[2005-04-04].gz,H2
Exports,121291,COMTRADE-FINAL-CA0082004H2[2005-04-04].gz,H2
Exports,130214,COMTRADE-FINAL-CA0082004H2[2005-04-04].gz,H2
Exports,151319,COMTRADE-FINAL-CA0082004H2[2005-04-04].gz,H2
Exports,151329,COMTRADE-FINAL-CA0082004H2[2005-04-04].gz,H2
Exports,151529,COMTRADE-FINAL-CA0082004H2[2005-04-04].gz,H2
Exports,151710,COMTRADE-FINAL-CA0082004H2[2005-04-04].gz,H2
Exports,160210,COMTRADE-FINAL-CA0082004H2[2005-04-04].gz,H2
Exports,180500,COMTRADE-FINAL-CA0082004H2[2005-04-04].gz,H2
Exports,180610,COMTRADE-FINAL-CA0082004H2[2005-04-04].gz,H2
Exports,180631,COMTRADE-FINAL-CA0082004H2[2005-04-04].gz,H2
Exports,200110,COMTRADE-FINAL-CA0082004H2[2005-04-04].gz,H2
Exports,200559,COMTRADE-FINAL-CA0082004H2[2005-04-04].gz,H2
Exports,200590,COMTRADE-FINAL-CA0082004H2[2005-04-04].gz,H2
Exports,200929,COMTRADE-FINAL-CA0082004H2[2005-04-04].gz,H2
Exports,200961,COMTRADE-FINAL-CA0082004H2[2005-04-04].gz,H2
Exports,230210,COMTRADE-FINAL-CA0082004H2[2005-04-04].gz,H2
Exports,230240,COMTRADE-FINAL-CA0082004H2[2005-04-04].gz,H2
Exports,230400,COMTRADE-FINAL-CA0082004H2[2005-04-04].gz,H2
Exports,240391,COMTRADE-FINAL-CA0082004H2[2005-04-04].gz,H2
Exports,250200,COMTRADE-FINAL-CA0082004H2[2005-04-04].gz,H2
Exports,250629,COMTRADE-FINAL-CA0082004H2[2005-04-04].gz,H2
Exports,250850,COMTRADE-FINAL-CA0082004H2[2005-04-04].gz,H2
Exports,251010,COMTRADE-FINAL-CA0082004H2[2005-04-04].gz,H2
Exports,251120,COMTRADE-FINAL-CA0082004H2[2005-04-04].gz,H2
Exports,251720,COMTRADE-FINAL-CA0082004H2[2005-04-04].gz,H2
Exports,251820,COMTRADE-FINAL-CA0082004H2[2005-04-04].gz,H2
Exports,251910,COMTRADE-FINAL-CA0082004H2[2005-04-04].gz,H2
Exports,252230,COMTRADE-FINAL-CA0082004H2[2005-04-04].gz,H2
Exports,253090,COMTRADE-FINAL-CA0082004H2[2005-04-04].gz,H2
Exports,260111,COMTRADE-FINAL-CA0082004H2[2005-04-04].gz,H2
Exports,260200,COMTRADE-FINAL-CA0082004H2[2005-04-04].gz,H2
Exports,261390,COMTRADE-FINAL-CA0082004H2[2005-04-04].gz,H2
Exports,262030,COMTRADE-FINAL-CA0082004H2[2005-04-04].gz,H2
Exports,270210,COMTRADE-FINAL-CA0082004H2[2005-04-04].gz,H2
Exports,270500,COMTRADE-FINAL-CA0082004H2[2005-04-04].gz,H2
Exports,281990,COMTRADE-FINAL-CA0082004H2[2005-04-04].gz,H2
Exports,282300,COMTRADE-FINAL-CA0082004H2[2005-04-04].gz,H2
Exports,282540,COMTRADE-FINAL-CA0082004H2[2005-04-04].gz,H2
Exports,284440,COMTRADE-FINAL-CA0082004H2[2005-04-04].gz,H2
Exports,284910,COMTRADE-FINAL-CA0082004H2[2005-04-04].gz,H2
Exports,290110,COMTRADE-FINAL-CA0082004H2[2005-04-04].gz,H2
Exports,290629,COMTRADE-FINAL-CA0082004H2[2005-04-04].gz,H2
Exports,291811,COMTRADE-FINAL-CA0082004H2[2005-04-04].gz,H2
Exports,291814,COMTRADE-FINAL-CA0082004H2[2005-04-04].gz,H2
Exports,310100,COMTRADE-FINAL-CA0082004H2[2005-04-04].gz,H2
Exports,310229,COMTRADE-FINAL-CA0082004H2[2005-04-04].gz,H2
Exports,310310,COMTRADE-FINAL-CA0082004H2[2005-04-04].gz,H2
Exports,310530,COMTRADE-FINAL-CA0082004H2[2005-04-04].gz,H2
Exports,320710,COMTRADE-FINAL-CA0082004H2[2005-04-04].gz,H2
Exports,330111,COMTRADE-FINAL-CA0082004H2[2005-04-04].gz,H2
Exports,330119,COMTRADE-FINAL-CA0082004H2[2005-04-04].gz,H2
Exports,330720,COMTRADE-FINAL-CA0082004H2[2005-04-04].gz,H2
Exports,330749,COMTRADE-FINAL-CA0082004H2[2005-04-04].gz,H2
Exports,340130,COMTRADE-FINAL-CA0082004H2[2005-04-04].gz,H2
Exports,381600,COMTRADE-FINAL-CA0082004H2[2005-04-04].gz,H2
Exports,382000,COMTRADE-FINAL-CA0082004H2[2005-04-04].gz,H2
Exports,390750,COMTRADE-FINAL-CA0082004H2[2005-04-04].gz,H2
Exports,391290,COMTRADE-FINAL-CA0082004H2[2005-04-04].gz,H2
Exports,391810,COMTRADE-FINAL-CA0082004H2[2005-04-04].gz,H2
Exports,392530,COMTRADE-FINAL-CA0082004H2[2005-04-04].gz,H2
Exports,400211,COMTRADE-FINAL-CA0082004H2[2005-04-04].gz,H2
Exports,400219,COMTRADE-FINAL-CA0082004H2[2005-04-04].gz,H2
Exports,400231,COMTRADE-FINAL-CA0082004H2[2005-04-04].gz,H2
Exports,400591,COMTRADE-FINAL-CA0082004H2[2005-04-04].gz,H2
Exports,400819,COMTRADE-FINAL-CA0082004H2[2005-04-04].gz,H2
Exports,400911,COMTRADE-FINAL-CA0082004H2[2005-04-04].gz,H2
Exports,400912,COMTRADE-FINAL-CA0082004H2[2005-04-04].gz,H2
Exports,401130,COMTRADE-FINAL-CA0082004H2[2005-04-04].gz,H2
Exports,401192,COMTRADE-FINAL-CA0082004H2[2005-04-04].gz,H2
Exports,401220,COMTRADE-FINAL-CA0082004H2[2005-04-04].gz,H2
Exports,410330,COMTRADE-FINAL-CA0082004H2[2005-04-04].gz,H2
Exports,410691,COMTRADE-FINAL-CA0082004H2[2005-04-04].gz,H2
Exports,410712,COMTRADE-FINAL-CA0082004H2[2005-04-04].gz,H2
Exports,411420,COMTRADE-FINAL-CA0082004H2[2005-04-04].gz,H2
Exports,420340,COMTRADE-FINAL-CA0082004H2[2005-04-04].gz,H2
Exports,441021,COMTRADE-FINAL-CA0082004H2[2005-04-04].gz,H2
Exports,441032,COMTRADE-FINAL-CA0082004H2[2005-04-04].gz,H2
Exports,441222,COMTRADE-FINAL-CA0082004H2[2005-04-04].gz,H2
Exports,450110,COMTRADE-FINAL-CA0082004H2[2005-04-04].gz,H2
Exports,460191,COMTRADE-FINAL-CA0082004H2[2005-04-04].gz,H2
Exports,470692,COMTRADE-FINAL-CA0082004H2[2005-04-04].gz,H2
Exports,470710,COMTRADE-FINAL-CA0082004H2[2005-04-04].gz,H2
Exports,480254,COMTRADE-FINAL-CA0082004H2[2005-04-04].gz,H2
Exports,480262,COMTRADE-FINAL-CA0082004H2[2005-04-04].gz,H2
Exports,480269,COMTRADE-FINAL-CA0082004H2[2005-04-04].gz,H2
Exports,481031,COMTRADE-FINAL-CA0082004H2[2005-04-04].gz,H2
Exports,481092,COMTRADE-FINAL-CA0082004H2[2005-04-04].gz,H2
Exports,481099,COMTRADE-FINAL-CA0082004H2[2005-04-04].gz,H2
Exports,481151,COMTRADE-FINAL-CA0082004H2[2005-04-04].gz,H2
Exports,481490,COMTRADE-FINAL-CA0082004H2[2005-04-04].gz,H2
Exports,481950,COMTRADE-FINAL-CA0082004H2[2005-04-04].gz,H2
Exports,490600,COMTRADE-FINAL-CA0082004H2[2005-04-04].gz,H2
Exports,490810,COMTRADE-FINAL-CA0082004H2[2005-04-04].gz,H2
Exports,500100,COMTRADE-FINAL-CA0082004H2[2005-04-04].gz,H2
Exports,500200,COMTRADE-FINAL-CA0082004H2[2005-04-04].gz,H2
Exports,510620,COMTRADE-FINAL-CA0082004H2[2005-04-04].gz,H2
Exports,510990,COMTRADE-FINAL-CA0082004H2[2005-04-04].gz,H2
Exports,520511,COMTRADE-FINAL-CA0082004H2[2005-04-04].gz,H2
Exports,520634,COMTRADE-FINAL-CA0082004H2[2005-04-04].gz,H2
Exports,520812,COMTRADE-FINAL-CA0082004H2[2005-04-04].gz,H2
Exports,520813,COMTRADE-FINAL-CA0082004H2[2005-04-04].gz,H2
Exports,520821,COMTRADE-FINAL-CA0082004H2[2005-04-04].gz,H2
Exports,520833,COMTRADE-FINAL-CA0082004H2[2005-04-04].gz,H2
Exports,520841,COMTRADE-FINAL-CA0082004H2[2005-04-04].gz,H2
Exports,520959,COMTRADE-FINAL-CA0082004H2[2005-04-04].gz,H2
Exports,521041,COMTRADE-FINAL-CA0082004H2[2005-04-04].gz,H2
Exports,540120,COMTRADE-FINAL-CA0082004H2[2005-04-04].gz,H2
Exports,540242,COMTRADE-FINAL-CA0082004H2[2005-04-04].gz,H2
Exports,540490,COMTRADE-FINAL-CA0082004H2[2005-04-04].gz,H2
Exports,540772,COMTRADE-FINAL-CA0082004H2[2005-04-04].gz,H2
Exports,540793,COMTRADE-FINAL-CA0082004H2[2005-04-04].gz,H2
Exports,550190,COMTRADE-FINAL-CA0082004H2[2005-04-04].gz,H2
Exports,550330,COMTRADE-FINAL-CA0082004H2[2005-04-04].gz,H2
Exports,550942,COMTRADE-FINAL-CA0082004H2[2005-04-04].gz,H2
Exports,551512,COMTRADE-FINAL-CA0082004H2[2005-04-04].gz,H2
Exports,551521,COMTRADE-FINAL-CA0082004H2[2005-04-04].gz,H2
Exports,560600,COMTRADE-FINAL-CA0082004H2[2005-04-04].gz,H2
Exports,560710,COMTRADE-FINAL-CA0082004H2[2005-04-04].gz,H2
Exports,560721,COMTRADE-FINAL-CA0082004H2[2005-04-04].gz,H2
Exports,560729,COMTRADE-FINAL-CA0082004H2[2005-04-04].gz,H2
Exports,580219,COMTRADE-FINAL-CA0082004H2[2005-04-04].gz,H2
Exports,600521,COMTRADE-FINAL-CA0082004H2[2005-04-04].gz,H2
Exports,600590,COMTRADE-FINAL-CA0082004H2[2005-04-04].gz,H2
Exports,600621,COMTRADE-FINAL-CA0082004H2[2005-04-04].gz,H2
Exports,610331,COMTRADE-FINAL-CA0082004H2[2005-04-04].gz,H2
Exports,620423,COMTRADE-FINAL-CA0082004H2[2005-04-04].gz,H2
Exports,620441,COMTRADE-FINAL-CA0082004H2[2005-04-04].gz,H2
Exports,621440,COMTRADE-FINAL-CA0082004H2[2005-04-04].gz,H2
Exports,621510,COMTRADE-FINAL-CA0082004H2[2005-04-04].gz,H2
Exports,621600,COMTRADE-FINAL-CA0082004H2[2005-04-04].gz,H2
Exports,630251,COMTRADE-FINAL-CA0082004H2[2005-04-04].gz,H2
Exports,630311,COMTRADE-FINAL-CA0082004H2[2005-04-04].gz,H2
Exports,630533,COMTRADE-FINAL-CA0082004H2[2005-04-04].gz,H2
Exports,630691,COMTRADE-FINAL-CA0082004H2[2005-04-04].gz,H2
Exports,680410,COMTRADE-FINAL-CA0082004H2[2005-04-04].gz,H2
Exports,680620,COMTRADE-FINAL-CA0082004H2[2005-04-04].gz,H2
Exports,680919,COMTRADE-FINAL-CA0082004H2[2005-04-04].gz,H2
Exports,681250,COMTRADE-FINAL-CA0082004H2[2005-04-04].gz,H2
Exports,701090,COMTRADE-FINAL-CA0082004H2[2005-04-04].gz,H2
Exports,701911,COMTRADE-FINAL-CA0082004H2[2005-04-04].gz,H2
Exports,701940,COMTRADE-FINAL-CA0082004H2[2005-04-04].gz,H2
Exports,720110,COMTRADE-FINAL-CA0082004H2[2005-04-04].gz,H2
Exports,720229,COMTRADE-FINAL-CA0082004H2[2005-04-04].gz,H2
Exports,720249,COMTRADE-FINAL-CA0082004H2[2005-04-04].gz,H2
Exports,720810,COMTRADE-FINAL-CA0082004H2[2005-04-04].gz,H2
Exports,721210,COMTRADE-FINAL-CA0082004H2[2005-04-04].gz,H2
Exports,721220,COMTRADE-FINAL-CA0082004H2[2005-04-04].gz,H2
Exports,721240,COMTRADE-FINAL-CA0082004H2[2005-04-04].gz,H2
Exports,721621,COMTRADE-FINAL-CA0082004H2[2005-04-04].gz,H2
Exports,721622,COMTRADE-FINAL-CA0082004H2[2005-04-04].gz,H2
Exports,721699,COMTRADE-FINAL-CA0082004H2[2005-04-04].gz,H2
Exports,721911,COMTRADE-FINAL-CA0082004H2[2005-04-04].gz,H2
Exports,722100,COMTRADE-FINAL-CA0082004H2[2005-04-04].gz,H2
Exports,722211,COMTRADE-FINAL-CA0082004H2[2005-04-04].gz,H2
Exports,722490,COMTRADE-FINAL-CA0082004H2[2005-04-04].gz,H2
Exports,730451,COMTRADE-FINAL-CA0082004H2[2005-04-04].gz,H2
Exports,730660,COMTRADE-FINAL-CA0082004H2[2005-04-04].gz,H2
Exports,731449,COMTRADE-FINAL-CA0082004H2[2005-04-04].gz,H2
Exports,731812,COMTRADE-FINAL-CA0082004H2[2005-04-04].gz,H2
Exports,732290,COMTRADE-FINAL-CA0082004H2[2005-04-04].gz,H2
Exports,732310,COMTRADE-FINAL-CA0082004H2[2005-04-04].gz,H2
Exports,732393,COMTRADE-FINAL-CA0082004H2[2005-04-04].gz,H2
Exports,740110,COMTRADE-FINAL-CA0082004H2[2005-04-04].gz,H2
Exports,741121,COMTRADE-FINAL-CA0082004H2[2005-04-04].gz,H2
Exports,741300,COMTRADE-FINAL-CA0082004H2[2005-04-04].gz,H2
Exports,741600,COMTRADE-FINAL-CA0082004H2[2005-04-04].gz,H2
Exports,780300,COMTRADE-FINAL-CA0082004H2[2005-04-04].gz,H2
Exports,790111,COMTRADE-FINAL-CA0082004H2[2005-04-04].gz,H2
Exports,790310,COMTRADE-FINAL-CA0082004H2[2005-04-04].gz,H2
Exports,820220,COMTRADE-FINAL-CA0082004H2[2005-04-04].gz,H2
Exports,820239,COMTRADE-FINAL-CA0082004H2[2005-04-04].gz,H2
Exports,820570,COMTRADE-FINAL-CA0082004H2[2005-04-04].gz,H2
Exports,820780,COMTRADE-FINAL-CA0082004H2[2005-04-04].gz,H2
Exports,830710,COMTRADE-FINAL-CA0082004H2[2005-04-04].gz,H2
Exports,840140,COMTRADE-FINAL-CA0082004H2[2005-04-04].gz,H2
Exports,841392,COMTRADE-FINAL-CA0082004H2[2005-04-04].gz,H2
Exports,841590,COMTRADE-FINAL-CA0082004H2[2005-04-04].gz,H2
Exports,841932,COMTRADE-FINAL-CA0082004H2[2005-04-04].gz,H2
Exports,841989,COMTRADE-FINAL-CA0082004H2[2005-04-04].gz,H2
Exports,841990,COMTRADE-FINAL-CA0082004H2[2005-04-04].gz,H2
Exports,842390,COMTRADE-FINAL-CA0082004H2[2005-04-04].gz,H2
Exports,842511,COMTRADE-FINAL-CA0082004H2[2005-04-04].gz,H2
Exports,842519,COMTRADE-FINAL-CA0082004H2[2005-04-04].gz,H2
Exports,842810,COMTRADE-FINAL-CA0082004H2[2005-04-04].gz,H2
Exports,843061,COMTRADE-FINAL-CA0082004H2[2005-04-04].gz,H2
Exports,843210,COMTRADE-FINAL-CA0082004H2[2005-04-04].gz,H2
Exports,843221,COMTRADE-FINAL-CA0082004H2[2005-04-04].gz,H2
Exports,843240,COMTRADE-FINAL-CA0082004H2[2005-04-04].gz,H2
Exports,843490,COMTRADE-FINAL-CA0082004H2[2005-04-04].gz,H2
Exports,843629,COMTRADE-FINAL-CA0082004H2[2005-04-04].gz,H2
Exports,843680,COMTRADE-FINAL-CA0082004H2[2005-04-04].gz,H2
Exports,844140,COMTRADE-FINAL-CA0082004H2[2005-04-04].gz,H2
Exports,844319,COMTRADE-FINAL-CA0082004H2[2005-04-04].gz,H2
Exports,844819,COMTRADE-FINAL-CA0082004H2[2005-04-04].gz,H2
Exports,845020,COMTRADE-FINAL-CA0082004H2[2005-04-04].gz,H2
Exports,845140,COMTRADE-FINAL-CA0082004H2[2005-04-04].gz,H2
Exports,845929,COMTRADE-FINAL-CA0082004H2[2005-04-04].gz,H2
Exports,845969,COMTRADE-FINAL-CA0082004H2[2005-04-04].gz,H2
Exports,846390,COMTRADE-FINAL-CA0082004H2[2005-04-04].gz,H2
Exports,846592,COMTRADE-FINAL-CA0082004H2[2005-04-04].gz,H2
Exports,846595,COMTRADE-FINAL-CA0082004H2[2005-04-04].gz,H2
Exports,846596,COMTRADE-FINAL-CA0082004H2[2005-04-04].gz,H2
Exports,846820,COMTRADE-FINAL-CA0082004H2[2005-04-04].gz,H2
Exports,846880,COMTRADE-FINAL-CA0082004H2[2005-04-04].gz,H2
Exports,847141,COMTRADE-FINAL-CA0082004H2[2005-04-04].gz,H2
Exports,847180,COMTRADE-FINAL-CA0082004H2[2005-04-04].gz,H2
Exports,847340,COMTRADE-FINAL-CA0082004H2[2005-04-04].gz,H2
Exports,847350,COMTRADE-FINAL-CA0082004H2[2005-04-04].gz,H2
Exports,847629,COMTRADE-FINAL-CA0082004H2[2005-04-04].gz,H2
Exports,847790,COMTRADE-FINAL-CA0082004H2[2005-04-04].gz,H2
Exports,847890,COMTRADE-FINAL-CA0082004H2[2005-04-04].gz,H2
Exports,848120,COMTRADE-FINAL-CA0082004H2[2005-04-04].gz,H2
Exports,848210,COMTRADE-FINAL-CA0082004H2[2005-04-04].gz,H2
Exports,850140,COMTRADE-FINAL-CA0082004H2[2005-04-04].gz,H2
Exports,850423,COMTRADE-FINAL-CA0082004H2[2005-04-04].gz,H2
Exports,850434,COMTRADE-FINAL-CA0082004H2[2005-04-04].gz,H2
Exports,850610,COMTRADE-FINAL-CA0082004H2[2005-04-04].gz,H2
Exports,850740,COMTRADE-FINAL-CA0082004H2[2005-04-04].gz,H2
Exports,851140,COMTRADE-FINAL-CA0082004H2[2005-04-04].gz,H2
Exports,851410,COMTRADE-FINAL-CA0082004H2[2005-04-04].gz,H2
Exports,851850,COMTRADE-FINAL-CA0082004H2[2005-04-04].gz,H2
Exports,852451,COMTRADE-FINAL-CA0082004H2[2005-04-04].gz,H2
Exports,852692,COMTRADE-FINAL-CA0082004H2[2005-04-04].gz,H2
Exports,853921,COMTRADE-FINAL-CA0082004H2[2005-04-04].gz,H2
Exports,853922,COMTRADE-FINAL-CA0082004H2[2005-04-04].gz,H2
Exports,853949,COMTRADE-FINAL-CA0082004H2[2005-04-04].gz,H2
Exports,854150,COMTRADE-FINAL-CA0082004H2[2005-04-04].gz,H2
Exports,854460,COMTRADE-FINAL-CA0082004H2[2005-04-04].gz,H2
Exports,854511,COMTRADE-FINAL-CA0082004H2[2005-04-04].gz,H2
Exports,854519,COMTRADE-FINAL-CA0082004H2[2005-04-04].gz,H2
Exports,854590,COMTRADE-FINAL-CA0082004H2[2005-04-04].gz,H2
Exports,860900,COMTRADE-FINAL-CA0082004H2[2005-04-04].gz,H2
Exports,870110,COMTRADE-FINAL-CA0082004H2[2005-04-04].gz,H2
Exports,870324,COMTRADE-FINAL-CA0082004H2[2005-04-04].gz,H2
Exports,871120,COMTRADE-FINAL-CA0082004H2[2005-04-04].gz,H2
Exports,871310,COMTRADE-FINAL-CA0082004H2[2005-04-04].gz,H2
Exports,871631,COMTRADE-FINAL-CA0082004H2[2005-04-04].gz,H2
Exports,871680,COMTRADE-FINAL-CA0082004H2[2005-04-04].gz,H2
Exports,871690,COMTRADE-FINAL-CA0082004H2[2005-04-04].gz,H2
Exports,880211,COMTRADE-FINAL-CA0082004H2[2005-04-04].gz,H2
Exports,890110,COMTRADE-FINAL-CA0082004H2[2005-04-04].gz,H2
Exports,890190,COMTRADE-FINAL-CA0082004H2[2005-04-04].gz,H2
Exports,890310,COMTRADE-FINAL-CA0082004H2[2005-04-04].gz,H2
Exports,890590,COMTRADE-FINAL-CA0082004H2[2005-04-04].gz,H2
Exports,900590,COMTRADE-FINAL-CA0082004H2[2005-04-04].gz,H2
Exports,900719,COMTRADE-FINAL-CA0082004H2[2005-04-04].gz,H2
Exports,900999,COMTRADE-FINAL-CA0082004H2[2005-04-04].gz,H2
Exports,901540,COMTRADE-FINAL-CA0082004H2[2005-04-04].gz,H2
Exports,901910,COMTRADE-FINAL-CA0082004H2[2005-04-04].gz,H2
Exports,902000,COMTRADE-FINAL-CA0082004H2[2005-04-04].gz,H2
Exports,902121,COMTRADE-FINAL-CA0082004H2[2005-04-04].gz,H2
Exports,903040,COMTRADE-FINAL-CA0082004H2[2005-04-04].gz,H2
Exports,903110,COMTRADE-FINAL-CA0082004H2[2005-04-04].gz,H2
Exports,903149,COMTRADE-FINAL-CA0082004H2[2005-04-04].gz,H2
Exports,903210,COMTRADE-FINAL-CA0082004H2[2005-04-04].gz,H2
Exports,903300,COMTRADE-FINAL-CA0082004H2[2005-04-04].gz,H2
Exports,910211,COMTRADE-FINAL-CA0082004H2[2005-04-04].gz,H2
Exports,910229,COMTRADE-FINAL-CA0082004H2[2005-04-04].gz,H2
Exports,940421,COMTRADE-FINAL-CA0082004H2[2005-04-04].gz,H2
Exports,960190,COMTRADE-FINAL-CA0082004H2[2005-04-04].gz,H2
Exports,960630,COMTRADE-FINAL-CA0082004H2[2005-04-04].gz,H2
Exports,961100,COMTRADE-FINAL-CA0082004H2[2005-04-04].gz,H2
Exports,961490,COMTRADE-FINAL-CA0082004H2[2005-04-04].gz,H2
Imports,010190,COMTRADE-FINAL-CA0082004H2[2005-04-04].gz,H2
Imports,010519,COMTRADE-FINAL-CA0082004H2[2005-04-04].gz,H2
Imports,020732,COMTRADE-FINAL-CA0082004H2[2005-04-04].gz,H2
Imports,020736,COMTRADE-FINAL-CA0082004H2[2005-04-04].gz,H2
Imports,030270,COMTRADE-FINAL-CA0082004H2[2005-04-04].gz,H2
Imports,030331,COMTRADE-FINAL-CA0082004H2[2005-04-04].gz,H2
Imports,030332,COMTRADE-FINAL-CA0082004H2[2005-04-04].gz,H2
Imports,030341,COMTRADE-FINAL-CA0082004H2[2005-04-04].gz,H2
Imports,030349,COMTRADE-FINAL-CA0082004H2[2005-04-04].gz,H2
Imports,050100,COMTRADE-FINAL-CA0082004H2[2005-04-04].gz,H2
Imports,050590,COMTRADE-FINAL-CA0082004H2[2005-04-04].gz,H2
Imports,071151,COMTRADE-FINAL-CA0082004H2[2005-04-04].gz,H2
Imports,071350,COMTRADE-FINAL-CA0082004H2[2005-04-04].gz,H2
Imports,071390,COMTRADE-FINAL-CA0082004H2[2005-04-04].gz,H2
Imports,081060,COMTRADE-FINAL-CA0082004H2[2005-04-04].gz,H2
Imports,100200,COMTRADE-FINAL-CA0082004H2[2005-04-04].gz,H2
Imports,100810,COMTRADE-FINAL-CA0082004H2[2005-04-04].gz,H2
Imports,110422,COMTRADE-FINAL-CA0082004H2[2005-04-04].gz,H2
Imports,110820,COMTRADE-FINAL-CA0082004H2[2005-04-04].gz,H2
Imports,120910,COMTRADE-FINAL-CA0082004H2[2005-04-04].gz,H2
Imports,130213,COMTRADE-FINAL-CA0082004H2[2005-04-04].gz,H2
Imports,140200,COMTRADE-FINAL-CA0082004H2[2005-04-04].gz,H2
Imports,140420,COMTRADE-FINAL-CA0082004H2[2005-04-04].gz,H2
Imports,151419,COMTRADE-FINAL-CA0082004H2[2005-04-04].gz,H2
Imports,151491,COMTRADE-FINAL-CA0082004H2[2005-04-04].gz,H2
Imports,190430,COMTRADE-FINAL-CA0082004H2[2005-04-04].gz,H2
Imports,230660,COMTRADE-FINAL-CA0082004H2[2005-04-04].gz,H2
Imports,252530,COMTRADE-FINAL-CA0082004H2[2005-04-04].gz,H2
Imports,261590,COMTRADE-FINAL-CA0082004H2[2005-04-04].gz,H2
Imports,262030,COMTRADE-FINAL-CA0082004H2[2005-04-04].gz,H2
Imports,280450,COMTRADE-FINAL-CA0082004H2[2005-04-04].gz,H2
Imports,281640,COMTRADE-FINAL-CA0082004H2[2005-04-04].gz,H2
Imports,282580,COMTRADE-FINAL-CA0082004H2[2005-04-04].gz,H2
Imports,282736,COMTRADE-FINAL-CA0082004H2[2005-04-04].gz,H2
Imports,283340,COMTRADE-FINAL-CA0082004H2[2005-04-04].gz,H2
Imports,284410,COMTRADE-FINAL-CA0082004H2[2005-04-04].gz,H2
Imports,284450,COMTRADE-FINAL-CA0082004H2[2005-04-04].gz,H2
Imports,290211,COMTRADE-FINAL-CA0082004H2[2005-04-04].gz,H2
Imports,290513,COMTRADE-FINAL-CA0082004H2[2005-04-04].gz,H2
Imports,290541,COMTRADE-FINAL-CA0082004H2[2005-04-04].gz,H2
Imports,290559,COMTRADE-FINAL-CA0082004H2[2005-04-04].gz,H2
Imports,291260,COMTRADE-FINAL-CA0082004H2[2005-04-04].gz,H2
Imports,291720,COMTRADE-FINAL-CA0082004H2[2005-04-04].gz,H2
Imports,292119,COMTRADE-FINAL-CA0082004H2[2005-04-04].gz,H2
Imports,292423,COMTRADE-FINAL-CA0082004H2[2005-04-04].gz,H2
Imports,293319,COMTRADE-FINAL-CA0082004H2[2005-04-04].gz,H2
Imports,293349,COMTRADE-FINAL-CA0082004H2[2005-04-04].gz,H2
Imports,293353,COMTRADE-FINAL-CA0082004H2[2005-04-04].gz,H2
Imports,293491,COMTRADE-FINAL-CA0082004H2[2005-04-04].gz,H2
Imports,293499,COMTRADE-FINAL-CA0082004H2[2005-04-04].gz,H2
Imports,293719,COMTRADE-FINAL-CA0082004H2[2005-04-04].gz,H2
Imports,293740,COMTRADE-FINAL-CA0082004H2[2005-04-04].gz,H2
Imports,293810,COMTRADE-FINAL-CA0082004H2[2005-04-04].gz,H2
Imports,294120,COMTRADE-FINAL-CA0082004H2[2005-04-04].gz,H2
Imports,310240,COMTRADE-FINAL-CA0082004H2[2005-04-04].gz,H2
Imports,330123,COMTRADE-FINAL-CA0082004H2[2005-04-04].gz,H2
Imports,350219,COMTRADE-FINAL-CA0082004H2[2005-04-04].gz,H2
Imports,370242,COMTRADE-FINAL-CA0082004H2[2005-04-04].gz,H2
Imports,370252,COMTRADE-FINAL-CA0082004H2[2005-04-04].gz,H2
Imports,380190,COMTRADE-FINAL-CA0082004H2[2005-04-04].gz,H2
Imports,380300,COMTRADE-FINAL-CA0082004H2[2005-04-04].gz,H2
Imports,380630,COMTRADE-FINAL-CA0082004H2[2005-04-04].gz,H2
Imports,382569,COMTRADE-FINAL-CA0082004H2[2005-04-04].gz,H2
Imports,390591,COMTRADE-FINAL-CA0082004H2[2005-04-04].gz,H2
Imports,390810,COMTRADE-FINAL-CA0082004H2[2005-04-04].gz,H2
Imports,391220,COMTRADE-FINAL-CA0082004H2[2005-04-04].gz,H2
Imports,392079,COMTRADE-FINAL-CA0082004H2[2005-04-04].gz,H2
Imports,400231,COMTRADE-FINAL-CA0082004H2[2005-04-04].gz,H2
Imports,401036,COMTRADE-FINAL-CA0082004H2[2005-04-04].gz,H2
Imports,410530,COMTRADE-FINAL-CA0082004H2[2005-04-04].gz,H2
Imports,410622,COMTRADE-FINAL-CA0082004H2[2005-04-04].gz,H2
Imports,411310,COMTRADE-FINAL-CA0082004H2[2005-04-04].gz,H2
Imports,430390,COMTRADE-FINAL-CA0082004H2[2005-04-04].gz,H2
Imports,450110,COMTRADE-FINAL-CA0082004H2[2005-04-04].gz,H2
Imports,460199,COMTRADE-FINAL-CA0082004H2[2005-04-04].gz,H2
Imports,470100,COMTRADE-FINAL-CA0082004H2[2005-04-04].gz,H2
Imports,480262,COMTRADE-FINAL-CA0082004H2[2005-04-04].gz,H2
Imports,490400,COMTRADE-FINAL-CA0082004H2[2005-04-04].gz,H2
Imports,500100,COMTRADE-FINAL-CA0082004H2[2005-04-04].gz,H2
Imports,510539,COMTRADE-FINAL-CA0082004H2[2005-04-04].gz,H2
Imports,520526,COMTRADE-FINAL-CA0082004H2[2005-04-04].gz,H2
Imports,520532,COMTRADE-FINAL-CA0082004H2[2005-04-04].gz,H2
Imports,520823,COMTRADE-FINAL-CA0082004H2[2005-04-04].gz,H2
Imports,521022,COMTRADE-FINAL-CA0082004H2[2005-04-04].gz,H2
Imports,540242,COMTRADE-FINAL-CA0082004H2[2005-04-04].gz,H2
Imports,540310,COMTRADE-FINAL-CA0082004H2[2005-04-04].gz,H2
Imports,540331,COMTRADE-FINAL-CA0082004H2[2005-04-04].gz,H2
Imports,540342,COMTRADE-FINAL-CA0082004H2[2005-04-04].gz,H2
Imports,550410,COMTRADE-FINAL-CA0082004H2[2005-04-04].gz,H2
Imports,550820,COMTRADE-FINAL-CA0082004H2[2005-04-04].gz,H2
Imports,550962,COMTRADE-FINAL-CA0082004H2[2005-04-04].gz,H2
Imports,551412,COMTRADE-FINAL-CA0082004H2[2005-04-04].gz,H2
Imports,600510,COMTRADE-FINAL-CA0082004H2[2005-04-04].gz,H2
Imports,600531,COMTRADE-FINAL-CA0082004H2[2005-04-04].gz,H2
Imports,600633,COMTRADE-FINAL-CA0082004H2[2005-04-04].gz,H2
Imports,650200,COMTRADE-FINAL-CA0082004H2[2005-04-04].gz,H2
Imports,650692,COMTRADE-FINAL-CA0082004H2[2005-04-04].gz,H2
Imports,670411,COMTRADE-FINAL-CA0082004H2[2005-04-04].gz,H2
Imports,670420,COMTRADE-FINAL-CA0082004H2[2005-04-04].gz,H2
Imports,681260,COMTRADE-FINAL-CA0082004H2[2005-04-04].gz,H2
Imports,681520,COMTRADE-FINAL-CA0082004H2[2005-04-04].gz,H2
Imports,710590,COMTRADE-FINAL-CA0082004H2[2005-04-04].gz,H2
Imports,720211,COMTRADE-FINAL-CA0082004H2[2005-04-04].gz,H2
Imports,720250,COMTRADE-FINAL-CA0082004H2[2005-04-04].gz,H2
Imports,721923,COMTRADE-FINAL-CA0082004H2[2005-04-04].gz,H2
Imports,740321,COMTRADE-FINAL-CA0082004H2[2005-04-04].gz,H2
Imports,740931,COMTRADE-FINAL-CA0082004H2[2005-04-04].gz,H2
Imports,741021,COMTRADE-FINAL-CA0082004H2[2005-04-04].gz,H2
Imports,750620,COMTRADE-FINAL-CA0082004H2[2005-04-04].gz,H2
Imports,790200,COMTRADE-FINAL-CA0082004H2[2005-04-04].gz,H2
Imports,810411,COMTRADE-FINAL-CA0082004H2[2005-04-04].gz,H2
Imports,820240,COMTRADE-FINAL-CA0082004H2[2005-04-04].gz,H2
Imports,844321,COMTRADE-FINAL-CA0082004H2[2005-04-04].gz,H2
Imports,844512,COMTRADE-FINAL-CA0082004H2[2005-04-04].gz,H2
Imports,844811,COMTRADE-FINAL-CA0082004H2[2005-04-04].gz,H2
Imports,844833,COMTRADE-FINAL-CA0082004H2[2005-04-04].gz,H2
Imports,845620,COMTRADE-FINAL-CA0082004H2[2005-04-04].gz,H2
Imports,845931,COMTRADE-FINAL-CA0082004H2[2005-04-04].gz,H2
Imports,850640,COMTRADE-FINAL-CA0082004H2[2005-04-04].gz,H2
Imports,852330,COMTRADE-FINAL-CA0082004H2[2005-04-04].gz,H2
Imports,853221,COMTRADE-FINAL-CA0082004H2[2005-04-04].gz,H2
Imports,853223,COMTRADE-FINAL-CA0082004H2[2005-04-04].gz,H2
Imports,854311,COMTRADE-FINAL-CA0082004H2[2005-04-04].gz,H2
Imports,854381,COMTRADE-FINAL-CA0082004H2[2005-04-04].gz,H2
Imports,860210,COMTRADE-FINAL-CA0082004H2[2005-04-04].gz,H2
Imports,860630,COMTRADE-FINAL-CA0082004H2[2005-04-04].gz,H2
Imports,880110,COMTRADE-FINAL-CA0082004H2[2005-04-04].gz,H2
Imports,880220,COMTRADE-FINAL-CA0082004H2[2005-04-04].gz,H2
Imports,900130,COMTRADE-FINAL-CA0082004H2[2005-04-04].gz,H2
Imports,901310,COMTRADE-FINAL-CA0082004H2[2005-04-04].gz,H2
Imports,902131,COMTRADE-FINAL-CA0082004H2[2005-04-04].gz,H2
Imports,903082,COMTRADE-FINAL-CA0082004H2[2005-04-04].gz,H2
Imports,903141,COMTRADE-FINAL-CA0082004H2[2005-04-04].gz,H2
Imports,910819,COMTRADE-FINAL-CA0082004H2[2005-04-04].gz,H2
Imports,910820,COMTRADE-FINAL-CA0082004H2[2005-04-04].gz,H2
Imports,911180,COMTRADE-FINAL-CA0082004H2[2005-04-04].gz,H2
Imports,911290,COMTRADE-FINAL-CA0082004H2[2005-04-04].gz,H2
Imports,930111,COMTRADE-FINAL-CA0082004H2[2005-04-04].gz,H2
Imports,930510,COMTRADE-FINAL-CA0082004H2[2005-04-04].gz,H2
Imports,970600,COMTRADE-FINAL-CA0082004H2[2005-04-04].gz,H2
Exports,010612,COMTRADE-FINAL-CA0082005H2[2006-05-26].gz,H2
Exports,010619,COMTRADE-FINAL-CA0082005H2[2006-05-26].gz,H2
Exports,020610,COMTRADE-FINAL-CA0082005H2[2006-05-26].gz,H2
Exports,021099,COMTRADE-FINAL-CA0082005H2[2006-05-26].gz,H2
Exports,030212,COMTRADE-FINAL-CA0082005H2[2006-05-26].gz,H2
Exports,030751,COMTRADE-FINAL-CA0082005H2[2006-05-26].gz,H2
Exports,040291,COMTRADE-FINAL-CA0082005H2[2006-05-26].gz,H2
Exports,070970,COMTRADE-FINAL-CA0082005H2[2006-05-26].gz,H2
Exports,071140,COMTRADE-FINAL-CA0082005H2[2006-05-26].gz,H2
Exports,071239,COMTRADE-FINAL-CA0082005H2[2006-05-26].gz,H2
Exports,080222,COMTRADE-FINAL-CA0082005H2[2006-05-26].gz,H2
Exports,080250,COMTRADE-FINAL-CA0082005H2[2006-05-26].gz,H2
Exports,080290,COMTRADE-FINAL-CA0082005H2[2006-05-26].gz,H2
Exports,080410,COMTRADE-FINAL-CA0082005H2[2006-05-26].gz,H2
Exports,080720,COMTRADE-FINAL-CA0082005H2[2006-05-26].gz,H2
Exports,081120,COMTRADE-FINAL-CA0082005H2[2006-05-26].gz,H2
Exports,090230,COMTRADE-FINAL-CA0082005H2[2006-05-26].gz,H2
Exports,090910,COMTRADE-FINAL-CA0082005H2[2006-05-26].gz,H2
Exports,110320,COMTRADE-FINAL-CA0082005H2[2006-05-26].gz,H2
Exports,110429,COMTRADE-FINAL-CA0082005H2[2006-05-26].gz,H2
Exports,110820,COMTRADE-FINAL-CA0082005H2[2006-05-26].gz,H2
Exports,151499,COMTRADE-FINAL-CA0082005H2[2006-05-26].gz,H2
Exports,151620,COMTRADE-FINAL-CA0082005H2[2006-05-26].gz,H2
Exports,160232,COMTRADE-FINAL-CA0082005H2[2006-05-26].gz,H2
Exports,160520,COMTRADE-FINAL-CA0082005H2[2006-05-26].gz,H2
Exports,160590,COMTRADE-FINAL-CA0082005H2[2006-05-26].gz,H2
Exports,180632,COMTRADE-FINAL-CA0082005H2[2006-05-26].gz,H2
Exports,190520,COMTRADE-FINAL-CA0082005H2[2006-05-26].gz,H2
Exports,190532,COMTRADE-FINAL-CA0082005H2[2006-05-26].gz,H2
Exports,200939,COMTRADE-FINAL-CA0082005H2[2006-05-26].gz,H2
Exports,230110,COMTRADE-FINAL-CA0082005H2[2006-05-26].gz,H2
Exports,250870,COMTRADE-FINAL-CA0082005H2[2006-05-26].gz,H2
Exports,251110,COMTRADE-FINAL-CA0082005H2[2006-05-26].gz,H2
Exports,252010,COMTRADE-FINAL-CA0082005H2[2006-05-26].gz,H2
Exports,262190,COMTRADE-FINAL-CA0082005H2[2006-05-26].gz,H2
Exports,280421,COMTRADE-FINAL-CA0082005H2[2006-05-26].gz,H2
Exports,280429,COMTRADE-FINAL-CA0082005H2[2006-05-26].gz,H2
Exports,280430,COMTRADE-FINAL-CA0082005H2[2006-05-26].gz,H2
Exports,281129,COMTRADE-FINAL-CA0082005H2[2006-05-26].gz,H2
Exports,281210,COMTRADE-FINAL-CA0082005H2[2006-05-26].gz,H2
Exports,281512,COMTRADE-FINAL-CA0082005H2[2006-05-26].gz,H2
Exports,281520,COMTRADE-FINAL-CA0082005H2[2006-05-26].gz,H2
Exports,281910,COMTRADE-FINAL-CA0082005H2[2006-05-26].gz,H2
Exports,283650,COMTRADE-FINAL-CA0082005H2[2006-05-26].gz,H2
Exports,284700,COMTRADE-FINAL-CA0082005H2[2006-05-26].gz,H2
Exports,291711,COMTRADE-FINAL-CA0082005H2[2006-05-26].gz,H2
Exports,293729,COMTRADE-FINAL-CA0082005H2[2006-05-26].gz,H2
Exports,300670,COMTRADE-FINAL-CA0082005H2[2006-05-26].gz,H2
Exports,310210,COMTRADE-FINAL-CA0082005H2[2006-05-26].gz,H2
Exports,310390,COMTRADE-FINAL-CA0082005H2[2006-05-26].gz,H2
Exports,310520,COMTRADE-FINAL-CA0082005H2[2006-05-26].gz,H2
Exports,320110,COMTRADE-FINAL-CA0082005H2[2006-05-26].gz,H2
Exports,320413,COMTRADE-FINAL-CA0082005H2[2006-05-26].gz,H2
Exports,320910,COMTRADE-FINAL-CA0082005H2[2006-05-26].gz,H2
Exports,330122,COMTRADE-FINAL-CA0082005H2[2006-05-26].gz,H2
Exports,340399,COMTRADE-FINAL-CA0082005H2[2006-05-26].gz,H2
Exports,350190,COMTRADE-FINAL-CA0082005H2[2006-05-26].gz,H2
Exports,350520,COMTRADE-FINAL-CA0082005H2[2006-05-26].gz,H2
Exports,350790,COMTRADE-FINAL-CA0082005H2[2006-05-26].gz,H2
Exports,370690,COMTRADE-FINAL-CA0082005H2[2006-05-26].gz,H2
Exports,380400,COMTRADE-FINAL-CA0082005H2[2006-05-26].gz,H2
Exports,380610,COMTRADE-FINAL-CA0082005H2[2006-05-26].gz,H2
Exports,380820,COMTRADE-FINAL-CA0082005H2[2006-05-26].gz,H2
Exports,380840,COMTRADE-FINAL-CA0082005H2[2006-05-26].gz,H2
Exports,390110,COMTRADE-FINAL-CA0082005H2[2006-05-26].gz,H2
Exports,390529,COMTRADE-FINAL-CA0082005H2[2006-05-26].gz,H2
Exports,392114,COMTRADE-FINAL-CA0082005H2[2006-05-26].gz,H2
Exports,400700,COMTRADE-FINAL-CA0082005H2[2006-05-26].gz,H2
Exports,401019,COMTRADE-FINAL-CA0082005H2[2006-05-26].gz,H2
Exports,401150,COMTRADE-FINAL-CA0082005H2[2006-05-26].gz,H2
Exports,401390,COMTRADE-FINAL-CA0082005H2[2006-05-26].gz,H2
Exports,420100,COMTRADE-FINAL-CA0082005H2[2006-05-26].gz,H2
Exports,420400,COMTRADE-FINAL-CA0082005H2[2006-05-26].gz,H2
Exports,441131,COMTRADE-FINAL-CA0082005H2[2006-05-26].gz,H2
Exports,460120,COMTRADE-FINAL-CA0082005H2[2006-05-26].gz,H2
Exports,470720,COMTRADE-FINAL-CA0082005H2[2006-05-26].gz,H2
Exports,480593,COMTRADE-FINAL-CA0082005H2[2006-05-26].gz,H2
Exports,481159,COMTRADE-FINAL-CA0082005H2[2006-05-26].gz,H2
Exports,481850,COMTRADE-FINAL-CA0082005H2[2006-05-26].gz,H2
Exports,490510,COMTRADE-FINAL-CA0082005H2[2006-05-26].gz,H2
Exports,490599,COMTRADE-FINAL-CA0082005H2[2006-05-26].gz,H2
Exports,510710,COMTRADE-FINAL-CA0082005H2[2006-05-26].gz,H2
Exports,510720,COMTRADE-FINAL-CA0082005H2[2006-05-26].gz,H2
Exports,511190,COMTRADE-FINAL-CA0082005H2[2006-05-26].gz,H2
Exports,511290,COMTRADE-FINAL-CA0082005H2[2006-05-26].gz,H2
Exports,520829,COMTRADE-FINAL-CA0082005H2[2006-05-26].gz,H2
Exports,520843,COMTRADE-FINAL-CA0082005H2[2006-05-26].gz,H2
Exports,540730,COMTRADE-FINAL-CA0082005H2[2006-05-26].gz,H2
Exports,540751,COMTRADE-FINAL-CA0082005H2[2006-05-26].gz,H2
Exports,540823,COMTRADE-FINAL-CA0082005H2[2006-05-26].gz,H2
Exports,560420,COMTRADE-FINAL-CA0082005H2[2006-05-26].gz,H2
Exports,570110,COMTRADE-FINAL-CA0082005H2[2006-05-26].gz,H2
Exports,570299,COMTRADE-FINAL-CA0082005H2[2006-05-26].gz,H2
Exports,580136,COMTRADE-FINAL-CA0082005H2[2006-05-26].gz,H2
Exports,600532,COMTRADE-FINAL-CA0082005H2[2006-05-26].gz,H2
Exports,600622,COMTRADE-FINAL-CA0082005H2[2006-05-26].gz,H2
Exports,600631,COMTRADE-FINAL-CA0082005H2[2006-05-26].gz,H2
Exports,600632,COMTRADE-FINAL-CA0082005H2[2006-05-26].gz,H2
Exports,610792,COMTRADE-FINAL-CA0082005H2[2006-05-26].gz,H2
Exports,611430,COMTRADE-FINAL-CA0082005H2[2006-05-26].gz,H2
Exports,611512,COMTRADE-FINAL-CA0082005H2[2006-05-26].gz,H2
Exports,630392,COMTRADE-FINAL-CA0082005H2[2006-05-26].gz,H2
Exports,680430,COMTRADE-FINAL-CA0082005H2[2006-05-26].gz,H2
Exports,700600,COMTRADE-FINAL-CA0082005H2[2006-05-26].gz,H2
Exports,701321,COMTRADE-FINAL-CA0082005H2[2006-05-26].gz,H2
Exports,701990,COMTRADE-FINAL-CA0082005H2[2006-05-26].gz,H2
Exports,720430,COMTRADE-FINAL-CA0082005H2[2006-05-26].gz,H2
Exports,720915,COMTRADE-FINAL-CA0082005H2[2006-05-26].gz,H2
Exports,721090,COMTRADE-FINAL-CA0082005H2[2006-05-26].gz,H2
Exports,721250,COMTRADE-FINAL-CA0082005H2[2006-05-26].gz,H2
Exports,722020,COMTRADE-FINAL-CA0082005H2[2006-05-26].gz,H2
Exports,722599,COMTRADE-FINAL-CA0082005H2[2006-05-26].gz,H2
Exports,722820,COMTRADE-FINAL-CA0082005H2[2006-05-26].gz,H2
Exports,730210,COMTRADE-FINAL-CA0082005H2[2006-05-26].gz,H2
Exports,730449,COMTRADE-FINAL-CA0082005H2[2006-05-26].gz,H2
Exports,730590,COMTRADE-FINAL-CA0082005H2[2006-05-26].gz,H2
Exports,730721,COMTRADE-FINAL-CA0082005H2[2006-05-26].gz,H2
Exports,731300,COMTRADE-FINAL-CA0082005H2[2006-05-26].gz,H2
Exports,731431,COMTRADE-FINAL-CA0082005H2[2006-05-26].gz,H2
Exports,731590,COMTRADE-FINAL-CA0082005H2[2006-05-26].gz,H2
Exports,732182,COMTRADE-FINAL-CA0082005H2[2006-05-26].gz,H2
Exports,740321,COMTRADE-FINAL-CA0082005H2[2006-05-26].gz,H2
Exports,740620,COMTRADE-FINAL-CA0082005H2[2006-05-26].gz,H2
Exports,741012,COMTRADE-FINAL-CA0082005H2[2006-05-26].gz,H2
Exports,741022,COMTRADE-FINAL-CA0082005H2[2006-05-26].gz,H2
Exports,741991,COMTRADE-FINAL-CA0082005H2[2006-05-26].gz,H2
Exports,760720,COMTRADE-FINAL-CA0082005H2[2006-05-26].gz,H2
Exports,780600,COMTRADE-FINAL-CA0082005H2[2006-05-26].gz,H2
Exports,790600,COMTRADE-FINAL-CA0082005H2[2006-05-26].gz,H2
Exports,800400,COMTRADE-FINAL-CA0082005H2[2006-05-26].gz,H2
Exports,810830,COMTRADE-FINAL-CA0082005H2[2006-05-26].gz,H2
Exports,820231,COMTRADE-FINAL-CA0082005H2[2006-05-26].gz,H2
Exports,820240,COMTRADE-FINAL-CA0082005H2[2006-05-26].gz,H2
Exports,820340,COMTRADE-FINAL-CA0082005H2[2006-05-26].gz,H2
Exports,821195,COMTRADE-FINAL-CA0082005H2[2006-05-26].gz,H2
Exports,840731,COMTRADE-FINAL-CA0082005H2[2006-05-26].gz,H2
Exports,841090,COMTRADE-FINAL-CA0082005H2[2006-05-26].gz,H2
Exports,841919,COMTRADE-FINAL-CA0082005H2[2006-05-26].gz,H2
Exports,841940,COMTRADE-FINAL-CA0082005H2[2006-05-26].gz,H2
Exports,842539,COMTRADE-FINAL-CA0082005H2[2006-05-26].gz,H2
Exports,842699,COMTRADE-FINAL-CA0082005H2[2006-05-26].gz,H2
Exports,843010,COMTRADE-FINAL-CA0082005H2[2006-05-26].gz,H2
Exports,843420,COMTRADE-FINAL-CA0082005H2[2006-05-26].gz,H2
Exports,843699,COMTRADE-FINAL-CA0082005H2[2006-05-26].gz,H2
Exports,844329,COMTRADE-FINAL-CA0082005H2[2006-05-26].gz,H2
Exports,844351,COMTRADE-FINAL-CA0082005H2[2006-05-26].gz,H2
Exports,844540,COMTRADE-FINAL-CA0082005H2[2006-05-26].gz,H2
Exports,844900,COMTRADE-FINAL-CA0082005H2[2006-05-26].gz,H2
Exports,845891,COMTRADE-FINAL-CA0082005H2[2006-05-26].gz,H2
Exports,846120,COMTRADE-FINAL-CA0082005H2[2006-05-26].gz,H2
Exports,846510,COMTRADE-FINAL-CA0082005H2[2006-05-26].gz,H2
Exports,846721,COMTRADE-FINAL-CA0082005H2[2006-05-26].gz,H2
Exports,846722,COMTRADE-FINAL-CA0082005H2[2006-05-26].gz,H2
Exports,846789,COMTRADE-FINAL-CA0082005H2[2006-05-26].gz,H2
Exports,847230,COMTRADE-FINAL-CA0082005H2[2006-05-26].gz,H2
Exports,848060,COMTRADE-FINAL-CA0082005H2[2006-05-26].gz,H2
Exports,848330,COMTRADE-FINAL-CA0082005H2[2006-05-26].gz,H2
Exports,848390,COMTRADE-FINAL-CA0082005H2[2006-05-26].gz,H2
Exports,848410,COMTRADE-FINAL-CA0082005H2[2006-05-26].gz,H2
Exports,850940,COMTRADE-FINAL-CA0082005H2[2006-05-26].gz,H2
Exports,851640,COMTRADE-FINAL-CA0082005H2[2006-05-26].gz,H2
Exports,851822,COMTRADE-FINAL-CA0082005H2[2006-05-26].gz,H2
Exports,852313,COMTRADE-FINAL-CA0082005H2[2006-05-26].gz,H2
Exports,852410,COMTRADE-FINAL-CA0082005H2[2006-05-26].gz,H2
Exports,852431,COMTRADE-FINAL-CA0082005H2[2006-05-26].gz,H2
Exports,852691,COMTRADE-FINAL-CA0082005H2[2006-05-26].gz,H2
Exports,852721,COMTRADE-FINAL-CA0082005H2[2006-05-26].gz,H2
Exports,852822,COMTRADE-FINAL-CA0082005H2[2006-05-26].gz,H2
Exports,853990,COMTRADE-FINAL-CA0082005H2[2006-05-26].gz,H2
Exports,854389,COMTRADE-FINAL-CA0082005H2[2006-05-26].gz,H2
Exports,860691,COMTRADE-FINAL-CA0082005H2[2006-05-26].gz,H2
Exports,860699,COMTRADE-FINAL-CA0082005H2[2006-05-26].gz,H2
Exports,870210,COMTRADE-FINAL-CA0082005H2[2006-05-26].gz,H2
Exports,871130,COMTRADE-FINAL-CA0082005H2[2006-05-26].gz,H2
Exports,871140,COMTRADE-FINAL-CA0082005H2[2006-05-26].gz,H2
Exports,871150,COMTRADE-FINAL-CA0082005H2[2006-05-26].gz,H2
Exports,871419,COMTRADE-FINAL-CA0082005H2[2006-05-26].gz,H2
Exports,880320,COMTRADE-FINAL-CA0082005H2[2006-05-26].gz,H2
Exports,880529,COMTRADE-FINAL-CA0082005H2[2006-05-26].gz,H2
Exports,890130,COMTRADE-FINAL-CA0082005H2[2006-05-26].gz,H2
Exports,890392,COMTRADE-FINAL-CA0082005H2[2006-05-26].gz,H2
Exports,890510,COMTRADE-FINAL-CA0082005H2[2006-05-26].gz,H2
Exports,900791,COMTRADE-FINAL-CA0082005H2[2006-05-26].gz,H2
Exports,900912,COMTRADE-FINAL-CA0082005H2[2006-05-26].gz,H2
Exports,901090,COMTRADE-FINAL-CA0082005H2[2006-05-26].gz,H2
Exports,901780,COMTRADE-FINAL-CA0082005H2[2006-05-26].gz,H2
Exports,902212,COMTRADE-FINAL-CA0082005H2[2006-05-26].gz,H2
Exports,902290,COMTRADE-FINAL-CA0082005H2[2006-05-26].gz,H2
Exports,902580,COMTRADE-FINAL-CA0082005H2[2006-05-26].gz,H2
Exports,902720,COMTRADE-FINAL-CA0082005H2[2006-05-26].gz,H2
Exports,902780,COMTRADE-FINAL-CA0082005H2[2006-05-26].gz,H2
Exports,902790,COMTRADE-FINAL-CA0082005H2[2006-05-26].gz,H2
Exports,902830,COMTRADE-FINAL-CA0082005H2[2006-05-26].gz,H2
Exports,930111,COMTRADE-FINAL-CA0082005H2[2006-05-26].gz,H2
Exports,940550,COMTRADE-FINAL-CA0082005H2[2006-05-26].gz,H2
Exports,950629,COMTRADE-FINAL-CA0082005H2[2006-05-26].gz,H2
Exports,950699,COMTRADE-FINAL-CA0082005H2[2006-05-26].gz,H2
Exports,961380,COMTRADE-FINAL-CA0082005H2[2006-05-26].gz,H2
Exports,961700,COMTRADE-FINAL-CA0082005H2[2006-05-26].gz,H2
Imports,010639,COMTRADE-FINAL-CA0082005H2[2006-05-26].gz,H2
Imports,020680,COMTRADE-FINAL-CA0082005H2[2006-05-26].gz,H2
Imports,030322,COMTRADE-FINAL-CA0082005H2[2006-05-26].gz,H2
Imports,030380,COMTRADE-FINAL-CA0082005H2[2006-05-26].gz,H2
Imports,040891,COMTRADE-FINAL-CA0082005H2[2006-05-26].gz,H2
Imports,050900,COMTRADE-FINAL-CA0082005H2[2006-05-26].gz,H2
Imports,071231,COMTRADE-FINAL-CA0082005H2[2006-05-26].gz,H2
Imports,080122,COMTRADE-FINAL-CA0082005H2[2006-05-26].gz,H2
Imports,080440,COMTRADE-FINAL-CA0082005H2[2006-05-26].gz,H2
Imports,110320,COMTRADE-FINAL-CA0082005H2[2006-05-26].gz,H2
Imports,151411,COMTRADE-FINAL-CA0082005H2[2006-05-26].gz,H2
Imports,230641,COMTRADE-FINAL-CA0082005H2[2006-05-26].gz,H2
Imports,250621,COMTRADE-FINAL-CA0082005H2[2006-05-26].gz,H2
Imports,251621,COMTRADE-FINAL-CA0082005H2[2006-05-26].gz,H2
Imports,271311,COMTRADE-FINAL-CA0082005H2[2006-05-26].gz,H2
Imports,282620,COMTRADE-FINAL-CA0082005H2[2006-05-26].gz,H2
Imports,282760,COMTRADE-FINAL-CA0082005H2[2006-05-26].gz,H2
Imports,283190,COMTRADE-FINAL-CA0082005H2[2006-05-26].gz,H2
Imports,283711,COMTRADE-FINAL-CA0082005H2[2006-05-26].gz,H2
Imports,284321,COMTRADE-FINAL-CA0082005H2[2006-05-26].gz,H2
Imports,290369,COMTRADE-FINAL-CA0082005H2[2006-05-26].gz,H2
Imports,290719,COMTRADE-FINAL-CA0082005H2[2006-05-26].gz,H2
Imports,290721,COMTRADE-FINAL-CA0082005H2[2006-05-26].gz,H2
Imports,291250,COMTRADE-FINAL-CA0082005H2[2006-05-26].gz,H2
Imports,291413,COMTRADE-FINAL-CA0082005H2[2006-05-26].gz,H2
Imports,292010,COMTRADE-FINAL-CA0082005H2[2006-05-26].gz,H2
Imports,292142,COMTRADE-FINAL-CA0082005H2[2006-05-26].gz,H2
Imports,292159,COMTRADE-FINAL-CA0082005H2[2006-05-26].gz,H2
Imports,292221,COMTRADE-FINAL-CA0082005H2[2006-05-26].gz,H2
Imports,292419,COMTRADE-FINAL-CA0082005H2[2006-05-26].gz,H2
Imports,370253,COMTRADE-FINAL-CA0082005H2[2006-05-26].gz,H2
Imports,370520,COMTRADE-FINAL-CA0082005H2[2006-05-26].gz,H2
Imports,390320,COMTRADE-FINAL-CA0082005H2[2006-05-26].gz,H2
Imports,390469,COMTRADE-FINAL-CA0082005H2[2006-05-26].gz,H2
Imports,392063,COMTRADE-FINAL-CA0082005H2[2006-05-26].gz,H2
Imports,410150,COMTRADE-FINAL-CA0082005H2[2006-05-26].gz,H2
Imports,410632,COMTRADE-FINAL-CA0082005H2[2006-05-26].gz,H2
Imports,410692,COMTRADE-FINAL-CA0082005H2[2006-05-26].gz,H2
Imports,440610,COMTRADE-FINAL-CA0082005H2[2006-05-26].gz,H2
Imports,480512,COMTRADE-FINAL-CA0082005H2[2006-05-26].gz,H2
Imports,480525,COMTRADE-FINAL-CA0082005H2[2006-05-26].gz,H2
Imports,510220,COMTRADE-FINAL-CA0082005H2[2006-05-26].gz,H2
Imports,520514,COMTRADE-FINAL-CA0082005H2[2006-05-26].gz,H2
Imports,520523,COMTRADE-FINAL-CA0082005H2[2006-05-26].gz,H2
Imports,520642,COMTRADE-FINAL-CA0082005H2[2006-05-26].gz,H2
Imports,530590,COMTRADE-FINAL-CA0082005H2[2006-05-26].gz,H2
Imports,550340,COMTRADE-FINAL-CA0082005H2[2006-05-26].gz,H2
Imports,550992,COMTRADE-FINAL-CA0082005H2[2006-05-26].gz,H2
Imports,580133,COMTRADE-FINAL-CA0082005H2[2006-05-26].gz,H2
Imports,600340,COMTRADE-FINAL-CA0082005H2[2006-05-26].gz,H2
Imports,600490,COMTRADE-FINAL-CA0082005H2[2006-05-26].gz,H2
Imports,600524,COMTRADE-FINAL-CA0082005H2[2006-05-26].gz,H2
Imports,600623,COMTRADE-FINAL-CA0082005H2[2006-05-26].gz,H2
Imports,600624,COMTRADE-FINAL-CA0082005H2[2006-05-26].gz,H2
Imports,600631,COMTRADE-FINAL-CA0082005H2[2006-05-26].gz,H2
Imports,610441,COMTRADE-FINAL-CA0082005H2[2006-05-26].gz,H2
Imports,670300,COMTRADE-FINAL-CA0082005H2[2006-05-26].gz,H2
Imports,681270,COMTRADE-FINAL-CA0082005H2[2006-05-26].gz,H2
Imports,720241,COMTRADE-FINAL-CA0082005H2[2006-05-26].gz,H2
Imports,720928,COMTRADE-FINAL-CA0082005H2[2006-05-26].gz,H2
Imports,721935,COMTRADE-FINAL-CA0082005H2[2006-05-26].gz,H2
Imports,722692,COMTRADE-FINAL-CA0082005H2[2006-05-26].gz,H2
Imports,731920,COMTRADE-FINAL-CA0082005H2[2006-05-26].gz,H2
Imports,740921,COMTRADE-FINAL-CA0082005H2[2006-05-26].gz,H2
Imports,844520,COMTRADE-FINAL-CA0082005H2[2006-05-26].gz,H2
Imports,844629,COMTRADE-FINAL-CA0082005H2[2006-05-26].gz,H2
Imports,844832,COMTRADE-FINAL-CA0082005H2[2006-05-26].gz,H2
Imports,844842,COMTRADE-FINAL-CA0082005H2[2006-05-26].gz,H2
Imports,844900,COMTRADE-FINAL-CA0082005H2[2006-05-26].gz,H2
Imports,853225,COMTRADE-FINAL-CA0082005H2[2006-05-26].gz,H2
Imports,854270,COMTRADE-FINAL-CA0082005H2[2006-05-26].gz,H2
Imports,880260,COMTRADE-FINAL-CA0082005H2[2006-05-26].gz,H2
Imports,890120,COMTRADE-FINAL-CA0082005H2[2006-05-26].gz,H2
Imports,890610,COMTRADE-FINAL-CA0082005H2[2006-05-26].gz,H2
Imports,910811,COMTRADE-FINAL-CA0082005H2[2006-05-26].gz,H2
Imports,920420,COMTRADE-FINAL-CA0082005H2[2006-05-26].gz,H2
Imports,920510,COMTRADE-FINAL-CA0082005H2[2006-05-26].gz,H2
Exports,020629,COMTRADE-FINAL-CA0082006H2[2007-03-08].gz,H2
Exports,020630,COMTRADE-FINAL-CA0082006H2[2007-03-08].gz,H2
Exports,020649,COMTRADE-FINAL-CA0082006H2[2007-03-08].gz,H2
Exports,020690,COMTRADE-FINAL-CA0082006H2[2007-03-08].gz,H2
Exports,030530,COMTRADE-FINAL-CA0082006H2[2007-03-08].gz,H2
Exports,040130,COMTRADE-FINAL-CA0082006H2[2007-03-08].gz,H2
Exports,040390,COMTRADE-FINAL-CA0082006H2[2007-03-08].gz,H2
Exports,051110,COMTRADE-FINAL-CA0082006H2[2007-03-08].gz,H2
Exports,070920,COMTRADE-FINAL-CA0082006H2[2007-03-08].gz,H2
Exports,070940,COMTRADE-FINAL-CA0082006H2[2007-03-08].gz,H2
Exports,080620,COMTRADE-FINAL-CA0082006H2[2007-03-08].gz,H2
Exports,080910,COMTRADE-FINAL-CA0082006H2[2007-03-08].gz,H2
Exports,090112,COMTRADE-FINAL-CA0082006H2[2007-03-08].gz,H2
Exports,120510,COMTRADE-FINAL-CA0082006H2[2007-03-08].gz,H2
Exports,130110,COMTRADE-FINAL-CA0082006H2[2007-03-08].gz,H2
Exports,140300,COMTRADE-FINAL-CA0082006H2[2007-03-08].gz,H2
Exports,150100,COMTRADE-FINAL-CA0082006H2[2007-03-08].gz,H2
Exports,160419,COMTRADE-FINAL-CA0082006H2[2007-03-08].gz,H2
Exports,190540,COMTRADE-FINAL-CA0082006H2[2007-03-08].gz,H2
Exports,220429,COMTRADE-FINAL-CA0082006H2[2007-03-08].gz,H2
Exports,240210,COMTRADE-FINAL-CA0082006H2[2007-03-08].gz,H2
Exports,251020,COMTRADE-FINAL-CA0082006H2[2007-03-08].gz,H2
Exports,260112,COMTRADE-FINAL-CA0082006H2[2007-03-08].gz,H2
Exports,261710,COMTRADE-FINAL-CA0082006H2[2007-03-08].gz,H2
Exports,271114,COMTRADE-FINAL-CA0082006H2[2007-03-08].gz,H2
Exports,283711,COMTRADE-FINAL-CA0082006H2[2007-03-08].gz,H2
Exports,290129,COMTRADE-FINAL-CA0082006H2[2007-03-08].gz,H2
Exports,290290,COMTRADE-FINAL-CA0082006H2[2007-03-08].gz,H2
Exports,292910,COMTRADE-FINAL-CA0082006H2[2007-03-08].gz,H2
Exports,300110,COMTRADE-FINAL-CA0082006H2[2007-03-08].gz,H2
Exports,310490,COMTRADE-FINAL-CA0082006H2[2007-03-08].gz,H2
Exports,330113,COMTRADE-FINAL-CA0082006H2[2007-03-08].gz,H2
Exports,350510,COMTRADE-FINAL-CA0082006H2[2007-03-08].gz,H2
Exports,370510,COMTRADE-FINAL-CA0082006H2[2007-03-08].gz,H2
Exports,380110,COMTRADE-FINAL-CA0082006H2[2007-03-08].gz,H2
Exports,380290,COMTRADE-FINAL-CA0082006H2[2007-03-08].gz,H2
Exports,380690,COMTRADE-FINAL-CA0082006H2[2007-03-08].gz,H2
Exports,382561,COMTRADE-FINAL-CA0082006H2[2007-03-08].gz,H2
Exports,390120,COMTRADE-FINAL-CA0082006H2[2007-03-08].gz,H2
Exports,390320,COMTRADE-FINAL-CA0082006H2[2007-03-08].gz,H2
Exports,390410,COMTRADE-FINAL-CA0082006H2[2007-03-08].gz,H2
Exports,390421,COMTRADE-FINAL-CA0082006H2[2007-03-08].gz,H2
Exports,391110,COMTRADE-FINAL-CA0082006H2[2007-03-08].gz,H2
Exports,391690,COMTRADE-FINAL-CA0082006H2[2007-03-08].gz,H2
Exports,391733,COMTRADE-FINAL-CA0082006H2[2007-03-08].gz,H2
Exports,392049,COMTRADE-FINAL-CA0082006H2[2007-03-08].gz,H2
Exports,392072,COMTRADE-FINAL-CA0082006H2[2007-03-08].gz,H2
Exports,400811,COMTRADE-FINAL-CA0082006H2[2007-03-08].gz,H2
Exports,401320,COMTRADE-FINAL-CA0082006H2[2007-03-08].gz,H2
Exports,401511,COMTRADE-FINAL-CA0082006H2[2007-03-08].gz,H2
Exports,441031,COMTRADE-FINAL-CA0082006H2[2007-03-08].gz,H2
Exports,441033,COMTRADE-FINAL-CA0082006H2[2007-03-08].gz,H2
Exports,470429,COMTRADE-FINAL-CA0082006H2[2007-03-08].gz,H2
Exports,480256,COMTRADE-FINAL-CA0082006H2[2007-03-08].gz,H2
Exports,480261,COMTRADE-FINAL-CA0082006H2[2007-03-08].gz,H2
Exports,481390,COMTRADE-FINAL-CA0082006H2[2007-03-08].gz,H2
Exports,482050,COMTRADE-FINAL-CA0082006H2[2007-03-08].gz,H2
Exports,510220,COMTRADE-FINAL-CA0082006H2[2007-03-08].gz,H2
Exports,520515,COMTRADE-FINAL-CA0082006H2[2007-03-08].gz,H2
Exports,520859,COMTRADE-FINAL-CA0082006H2[2007-03-08].gz,H2
Exports,520931,COMTRADE-FINAL-CA0082006H2[2007-03-08].gz,H2
Exports,520943,COMTRADE-FINAL-CA0082006H2[2007-03-08].gz,H2
Exports,521119,COMTRADE-FINAL-CA0082006H2[2007-03-08].gz,H2
Exports,521225,COMTRADE-FINAL-CA0082006H2[2007-03-08].gz,H2
Exports,531090,COMTRADE-FINAL-CA0082006H2[2007-03-08].gz,H2
Exports,540232,COMTRADE-FINAL-CA0082006H2[2007-03-08].gz,H2
Exports,540243,COMTRADE-FINAL-CA0082006H2[2007-03-08].gz,H2
Exports,540761,COMTRADE-FINAL-CA0082006H2[2007-03-08].gz,H2
Exports,540791,COMTRADE-FINAL-CA0082006H2[2007-03-08].gz,H2
Exports,540792,COMTRADE-FINAL-CA0082006H2[2007-03-08].gz,H2
Exports,540821,COMTRADE-FINAL-CA0082006H2[2007-03-08].gz,H2
Exports,551634,COMTRADE-FINAL-CA0082006H2[2007-03-08].gz,H2
Exports,560750,COMTRADE-FINAL-CA0082006H2[2007-03-08].gz,H2
Exports,570190,COMTRADE-FINAL-CA0082006H2[2007-03-08].gz,H2
Exports,570291,COMTRADE-FINAL-CA0082006H2[2007-03-08].gz,H2
Exports,581092,COMTRADE-FINAL-CA0082006H2[2007-03-08].gz,H2
Exports,590190,COMTRADE-FINAL-CA0082006H2[2007-03-08].gz,H2
Exports,591190,COMTRADE-FINAL-CA0082006H2[2007-03-08].gz,H2
Exports,600610,COMTRADE-FINAL-CA0082006H2[2007-03-08].gz,H2
Exports,610423,COMTRADE-FINAL-CA0082006H2[2007-03-08].gz,H2
Exports,630399,COMTRADE-FINAL-CA0082006H2[2007-03-08].gz,H2
Exports,630493,COMTRADE-FINAL-CA0082006H2[2007-03-08].gz,H2
Exports,630622,COMTRADE-FINAL-CA0082006H2[2007-03-08].gz,H2
Exports,640230,COMTRADE-FINAL-CA0082006H2[2007-03-08].gz,H2
Exports,660191,COMTRADE-FINAL-CA0082006H2[2007-03-08].gz,H2
Exports,690220,COMTRADE-FINAL-CA0082006H2[2007-03-08].gz,H2
Exports,700729,COMTRADE-FINAL-CA0082006H2[2007-03-08].gz,H2
Exports,701820,COMTRADE-FINAL-CA0082006H2[2007-03-08].gz,H2
Exports,710110,COMTRADE-FINAL-CA0082006H2[2007-03-08].gz,H2
Exports,721020,COMTRADE-FINAL-CA0082006H2[2007-03-08].gz,H2
Exports,721720,COMTRADE-FINAL-CA0082006H2[2007-03-08].gz,H2
Exports,721730,COMTRADE-FINAL-CA0082006H2[2007-03-08].gz,H2
Exports,722550,COMTRADE-FINAL-CA0082006H2[2007-03-08].gz,H2
Exports,722810,COMTRADE-FINAL-CA0082006H2[2007-03-08].gz,H2
Exports,730110,COMTRADE-FINAL-CA0082006H2[2007-03-08].gz,H2
Exports,730421,COMTRADE-FINAL-CA0082006H2[2007-03-08].gz,H2
Exports,730650,COMTRADE-FINAL-CA0082006H2[2007-03-08].gz,H2
Exports,730729,COMTRADE-FINAL-CA0082006H2[2007-03-08].gz,H2
Exports,731441,COMTRADE-FINAL-CA0082006H2[2007-03-08].gz,H2
Exports,732020,COMTRADE-FINAL-CA0082006H2[2007-03-08].gz,H2
Exports,820291,COMTRADE-FINAL-CA0082006H2[2007-03-08].gz,H2
Exports,820420,COMTRADE-FINAL-CA0082006H2[2007-03-08].gz,H2
Exports,830910,COMTRADE-FINAL-CA0082006H2[2007-03-08].gz,H2
Exports,840710,COMTRADE-FINAL-CA0082006H2[2007-03-08].gz,H2
Exports,841330,COMTRADE-FINAL-CA0082006H2[2007-03-08].gz,H2
Exports,841610,COMTRADE-FINAL-CA0082006H2[2007-03-08].gz,H2
Exports,841710,COMTRADE-FINAL-CA0082006H2[2007-03-08].gz,H2
Exports,841790,COMTRADE-FINAL-CA0082006H2[2007-03-08].gz,H2
Exports,842122,COMTRADE-FINAL-CA0082006H2[2007-03-08].gz,H2
Exports,842131,COMTRADE-FINAL-CA0082006H2[2007-03-08].gz,H2
Exports,842381,COMTRADE-FINAL-CA0082006H2[2007-03-08].gz,H2
Exports,842382,COMTRADE-FINAL-CA0082006H2[2007-03-08].gz,H2
Exports,842389,COMTRADE-FINAL-CA0082006H2[2007-03-08].gz,H2
Exports,843041,COMTRADE-FINAL-CA0082006H2[2007-03-08].gz,H2
Exports,844359,COMTRADE-FINAL-CA0082006H2[2007-03-08].gz,H2
Exports,844511,COMTRADE-FINAL-CA0082006H2[2007-03-08].gz,H2
Exports,844711,COMTRADE-FINAL-CA0082006H2[2007-03-08].gz,H2
Exports,844720,COMTRADE-FINAL-CA0082006H2[2007-03-08].gz,H2
Exports,844859,COMTRADE-FINAL-CA0082006H2[2007-03-08].gz,H2
Exports,845420,COMTRADE-FINAL-CA0082006H2[2007-03-08].gz,H2
Exports,845590,COMTRADE-FINAL-CA0082006H2[2007-03-08].gz,H2
Exports,845720,COMTRADE-FINAL-CA0082006H2[2007-03-08].gz,H2
Exports,846221,COMTRADE-FINAL-CA0082006H2[2007-03-08].gz,H2
Exports,846330,COMTRADE-FINAL-CA0082006H2[2007-03-08].gz,H2
Exports,846420,COMTRADE-FINAL-CA0082006H2[2007-03-08].gz,H2
Exports,846693,COMTRADE-FINAL-CA0082006H2[2007-03-08].gz,H2
Exports,846711,COMTRADE-FINAL-CA0082006H2[2007-03-08].gz,H2
Exports,846791,COMTRADE-FINAL-CA0082006H2[2007-03-08].gz,H2
Exports,846911,COMTRADE-FINAL-CA0082006H2[2007-03-08].gz,H2
Exports,847321,COMTRADE-FINAL-CA0082006H2[2007-03-08].gz,H2
Exports,847740,COMTRADE-FINAL-CA0082006H2[2007-03-08].gz,H2
Exports,848130,COMTRADE-FINAL-CA0082006H2[2007-03-08].gz,H2
Exports,850630,COMTRADE-FINAL-CA0082006H2[2007-03-08].gz,H2
Exports,851590,COMTRADE-FINAL-CA0082006H2[2007-03-08].gz,H2
Exports,851679,COMTRADE-FINAL-CA0082006H2[2007-03-08].gz,H2
Exports,852110,COMTRADE-FINAL-CA0082006H2[2007-03-08].gz,H2
Exports,852330,COMTRADE-FINAL-CA0082006H2[2007-03-08].gz,H2
Exports,852440,COMTRADE-FINAL-CA0082006H2[2007-03-08].gz,H2
Exports,852530,COMTRADE-FINAL-CA0082006H2[2007-03-08].gz,H2
Exports,852540,COMTRADE-FINAL-CA0082006H2[2007-03-08].gz,H2
Exports,852610,COMTRADE-FINAL-CA0082006H2[2007-03-08].gz,H2
Exports,853010,COMTRADE-FINAL-CA0082006H2[2007-03-08].gz,H2
Exports,853521,COMTRADE-FINAL-CA0082006H2[2007-03-08].gz,H2
Exports,854229,COMTRADE-FINAL-CA0082006H2[2007-03-08].gz,H2
Exports,854620,COMTRADE-FINAL-CA0082006H2[2007-03-08].gz,H2
Exports,854810,COMTRADE-FINAL-CA0082006H2[2007-03-08].gz,H2
Exports,854890,COMTRADE-FINAL-CA0082006H2[2007-03-08].gz,H2
Exports,860719,COMTRADE-FINAL-CA0082006H2[2007-03-08].gz,H2
Exports,870431,COMTRADE-FINAL-CA0082006H2[2007-03-08].gz,H2
Exports,871499,COMTRADE-FINAL-CA0082006H2[2007-03-08].gz,H2
Exports,890399,COMTRADE-FINAL-CA0082006H2[2007-03-08].gz,H2
Exports,900410,COMTRADE-FINAL-CA0082006H2[2007-03-08].gz,H2
Exports,901420,COMTRADE-FINAL-CA0082006H2[2007-03-08].gz,H2
Exports,901720,COMTRADE-FINAL-CA0082006H2[2007-03-08].gz,H2
Exports,901841,COMTRADE-FINAL-CA0082006H2[2007-03-08].gz,H2
Exports,902410,COMTRADE-FINAL-CA0082006H2[2007-03-08].gz,H2
Exports,930120,COMTRADE-FINAL-CA0082006H2[2007-03-08].gz,H2
Exports,950380,COMTRADE-FINAL-CA0082006H2[2007-03-08].gz,H2
Exports,950691,COMTRADE-FINAL-CA0082006H2[2007-03-08].gz,H2
Exports,960350,COMTRADE-FINAL-CA0082006H2[2007-03-08].gz,H2
Exports,960839,COMTRADE-FINAL-CA0082006H2[2007-03-08].gz,H2
Exports,961320,COMTRADE-FINAL-CA0082006H2[2007-03-08].gz,H2
Imports,020423,COMTRADE-FINAL-CA0082006H2[2007-03-08].gz,H2
Imports,030223,COMTRADE-FINAL-CA0082006H2[2007-03-08].gz,H2
Imports,030333,COMTRADE-FINAL-CA0082006H2[2007-03-08].gz,H2
Imports,030624,COMTRADE-FINAL-CA0082006H2[2007-03-08].gz,H2
Imports,121110,COMTRADE-FINAL-CA0082006H2[2007-03-08].gz,H2
Imports,121299,COMTRADE-FINAL-CA0082006H2[2007-03-08].gz,H2
Imports,152110,COMTRADE-FINAL-CA0082006H2[2007-03-08].gz,H2
Imports,251400,COMTRADE-FINAL-CA0082006H2[2007-03-08].gz,H2
Imports,252922,COMTRADE-FINAL-CA0082006H2[2007-03-08].gz,H2
Imports,280512,COMTRADE-FINAL-CA0082006H2[2007-03-08].gz,H2
Imports,282560,COMTRADE-FINAL-CA0082006H2[2007-03-08].gz,H2
Imports,290321,COMTRADE-FINAL-CA0082006H2[2007-03-08].gz,H2
Imports,290551,COMTRADE-FINAL-CA0082006H2[2007-03-08].gz,H2
Imports,290820,COMTRADE-FINAL-CA0082006H2[2007-03-08].gz,H2
Imports,290920,COMTRADE-FINAL-CA0082006H2[2007-03-08].gz,H2
Imports,290944,COMTRADE-FINAL-CA0082006H2[2007-03-08].gz,H2
Imports,291532,COMTRADE-FINAL-CA0082006H2[2007-03-08].gz,H2
Imports,291534,COMTRADE-FINAL-CA0082006H2[2007-03-08].gz,H2
Imports,292129,COMTRADE-FINAL-CA0082006H2[2007-03-08].gz,H2
Imports,292130,COMTRADE-FINAL-CA0082006H2[2007-03-08].gz,H2
Imports,292149,COMTRADE-FINAL-CA0082006H2[2007-03-08].gz,H2
Imports,293213,COMTRADE-FINAL-CA0082006H2[2007-03-08].gz,H2
Imports,293291,COMTRADE-FINAL-CA0082006H2[2007-03-08].gz,H2
Imports,293723,COMTRADE-FINAL-CA0082006H2[2007-03-08].gz,H2
Imports,320630,COMTRADE-FINAL-CA0082006H2[2007-03-08].gz,H2
Imports,330113,COMTRADE-FINAL-CA0082006H2[2007-03-08].gz,H2
Imports,330122,COMTRADE-FINAL-CA0082006H2[2007-03-08].gz,H2
Imports,382530,COMTRADE-FINAL-CA0082006H2[2007-03-08].gz,H2
Imports,390430,COMTRADE-FINAL-CA0082006H2[2007-03-08].gz,H2
Imports,390461,COMTRADE-FINAL-CA0082006H2[2007-03-08].gz,H2
Imports,392093,COMTRADE-FINAL-CA0082006H2[2007-03-08].gz,H2
Imports,410640,COMTRADE-FINAL-CA0082006H2[2007-03-08].gz,H2
Imports,470421,COMTRADE-FINAL-CA0082006H2[2007-03-08].gz,H2
Imports,520527,COMTRADE-FINAL-CA0082006H2[2007-03-08].gz,H2
Imports,530490,COMTRADE-FINAL-CA0082006H2[2007-03-08].gz,H2
Imports,550951,COMTRADE-FINAL-CA0082006H2[2007-03-08].gz,H2
Imports,551120,COMTRADE-FINAL-CA0082006H2[2007-03-08].gz,H2
Imports,551342,COMTRADE-FINAL-CA0082006H2[2007-03-08].gz,H2
Imports,551642,COMTRADE-FINAL-CA0082006H2[2007-03-08].gz,H2
Imports,710700,COMTRADE-FINAL-CA0082006H2[2007-03-08].gz,H2
Imports,720120,COMTRADE-FINAL-CA0082006H2[2007-03-08].gz,H2
Imports,722710,COMTRADE-FINAL-CA0082006H2[2007-03-08].gz,H2
Imports,760320,COMTRADE-FINAL-CA0082006H2[2007-03-08].gz,H2
Imports,810430,COMTRADE-FINAL-CA0082006H2[2007-03-08].gz,H2
Imports,810920,COMTRADE-FINAL-CA0082006H2[2007-03-08].gz,H2
Imports,810930,COMTRADE-FINAL-CA0082006H2[2007-03-08].gz,H2
Imports,844621,COMTRADE-FINAL-CA0082006H2[2007-03-08].gz,H2
Imports,854040,COMTRADE-FINAL-CA0082006H2[2007-03-08].gz,H2
Imports,854091,COMTRADE-FINAL-CA0082006H2[2007-03-08].gz,H2
Imports,890520,COMTRADE-FINAL-CA0082006H2[2007-03-08].gz,H2
Imports,902740,COMTRADE-FINAL-CA0082006H2[2007-03-08].gz,H2
Imports,911410,COMTRADE-FINAL-CA0082006H2[2007-03-08].gz,H2
Imports,930591,COMTRADE-FINAL-CA0082006H2[2007-03-08].gz,H2
Imports,930599,COMTRADE-FINAL-CA0082006H2[2007-03-08].gz,H2
Exports,010420,COMTRADE-FINAL-CA0082007H2[2008-09-29].gz,H2
Exports,010639,COMTRADE-FINAL-CA0082007H2[2008-09-29].gz,H2
Exports,020724,COMTRADE-FINAL-CA0082007H2[2008-09-29].gz,H2
Exports,070511,COMTRADE-FINAL-CA0082007H2[2008-09-29].gz,H2
Exports,070930,COMTRADE-FINAL-CA0082007H2[2008-09-29].gz,H2
Exports,080520,COMTRADE-FINAL-CA0082007H2[2008-09-29].gz,H2
Exports,080550,COMTRADE-FINAL-CA0082007H2[2008-09-29].gz,H2
Exports,080590,COMTRADE-FINAL-CA0082007H2[2008-09-29].gz,H2
Exports,080810,COMTRADE-FINAL-CA0082007H2[2008-09-29].gz,H2
Exports,090300,COMTRADE-FINAL-CA0082007H2[2008-09-29].gz,H2
Exports,100590,COMTRADE-FINAL-CA0082007H2[2008-09-29].gz,H2
Exports,110220,COMTRADE-FINAL-CA0082007H2[2008-09-29].gz,H2
Exports,130220,COMTRADE-FINAL-CA0082007H2[2008-09-29].gz,H2
Exports,150990,COMTRADE-FINAL-CA0082007H2[2008-09-29].gz,H2
Exports,230630,COMTRADE-FINAL-CA0082007H2[2008-09-29].gz,H2
Exports,262091,COMTRADE-FINAL-CA0082007H2[2008-09-29].gz,H2
Exports,271099,COMTRADE-FINAL-CA0082007H2[2008-09-29].gz,H2
Exports,271410,COMTRADE-FINAL-CA0082007H2[2008-09-29].gz,H2
Exports,283325,COMTRADE-FINAL-CA0082007H2[2008-09-29].gz,H2
Exports,283660,COMTRADE-FINAL-CA0082007H2[2008-09-29].gz,H2
Exports,290544,COMTRADE-FINAL-CA0082007H2[2008-09-29].gz,H2
Exports,292242,COMTRADE-FINAL-CA0082007H2[2008-09-29].gz,H2
Exports,293629,COMTRADE-FINAL-CA0082007H2[2008-09-29].gz,H2
Exports,300610,COMTRADE-FINAL-CA0082007H2[2008-09-29].gz,H2
Exports,320650,COMTRADE-FINAL-CA0082007H2[2008-09-29].gz,H2
Exports,321519,COMTRADE-FINAL-CA0082007H2[2008-09-29].gz,H2
Exports,340540,COMTRADE-FINAL-CA0082007H2[2008-09-29].gz,H2
Exports,350400,COMTRADE-FINAL-CA0082007H2[2008-09-29].gz,H2
Exports,370220,COMTRADE-FINAL-CA0082007H2[2008-09-29].gz,H2
Exports,370320,COMTRADE-FINAL-CA0082007H2[2008-09-29].gz,H2
Exports,382312,COMTRADE-FINAL-CA0082007H2[2008-09-29].gz,H2
Exports,390230,COMTRADE-FINAL-CA0082007H2[2008-09-29].gz,H2
Exports,390390,COMTRADE-FINAL-CA0082007H2[2008-09-29].gz,H2
Exports,391239,COMTRADE-FINAL-CA0082007H2[2008-09-29].gz,H2
Exports,391390,COMTRADE-FINAL-CA0082007H2[2008-09-29].gz,H2
Exports,410632,COMTRADE-FINAL-CA0082007H2[2008-09-29].gz,H2
Exports,411320,COMTRADE-FINAL-CA0082007H2[2008-09-29].gz,H2
Exports,411520,COMTRADE-FINAL-CA0082007H2[2008-09-29].gz,H2
Exports,440610,COMTRADE-FINAL-CA0082007H2[2008-09-29].gz,H2
Exports,441223,COMTRADE-FINAL-CA0082007H2[2008-09-29].gz,H2
Exports,450390,COMTRADE-FINAL-CA0082007H2[2008-09-29].gz,H2
Exports,480530,COMTRADE-FINAL-CA0082007H2[2008-09-29].gz,H2
Exports,480550,COMTRADE-FINAL-CA0082007H2[2008-09-29].gz,H2
Exports,480620,COMTRADE-FINAL-CA0082007H2[2008-09-29].gz,H2
Exports,481430,COMTRADE-FINAL-CA0082007H2[2008-09-29].gz,H2
Exports,482290,COMTRADE-FINAL-CA0082007H2[2008-09-29].gz,H2
Exports,520521,COMTRADE-FINAL-CA0082007H2[2008-09-29].gz,H2
Exports,520531,COMTRADE-FINAL-CA0082007H2[2008-09-29].gz,H2
Exports,520842,COMTRADE-FINAL-CA0082007H2[2008-09-29].gz,H2
Exports,520849,COMTRADE-FINAL-CA0082007H2[2008-09-29].gz,H2
Exports,520852,COMTRADE-FINAL-CA0082007H2[2008-09-29].gz,H2
Exports,521159,COMTRADE-FINAL-CA0082007H2[2008-09-29].gz,H2
Exports,521224,COMTRADE-FINAL-CA0082007H2[2008-09-29].gz,H2
Exports,530921,COMTRADE-FINAL-CA0082007H2[2008-09-29].gz,H2
Exports,540339,COMTRADE-FINAL-CA0082007H2[2008-09-29].gz,H2
Exports,540771,COMTRADE-FINAL-CA0082007H2[2008-09-29].gz,H2
Exports,550931,COMTRADE-FINAL-CA0082007H2[2008-09-29].gz,H2
Exports,551219,COMTRADE-FINAL-CA0082007H2[2008-09-29].gz,H2
Exports,560130,COMTRADE-FINAL-CA0082007H2[2008-09-29].gz,H2
Exports,570292,COMTRADE-FINAL-CA0082007H2[2008-09-29].gz,H2
Exports,570330,COMTRADE-FINAL-CA0082007H2[2008-09-29].gz,H2
Exports,590691,COMTRADE-FINAL-CA0082007H2[2008-09-29].gz,H2
Exports,600623,COMTRADE-FINAL-CA0082007H2[2008-09-29].gz,H2
Exports,600624,COMTRADE-FINAL-CA0082007H2[2008-09-29].gz,H2
Exports,611720,COMTRADE-FINAL-CA0082007H2[2008-09-29].gz,H2
Exports,630232,COMTRADE-FINAL-CA0082007H2[2008-09-29].gz,H2
Exports,690210,COMTRADE-FINAL-CA0082007H2[2008-09-29].gz,H2
Exports,700530,COMTRADE-FINAL-CA0082007H2[2008-09-29].gz,H2
Exports,701331,COMTRADE-FINAL-CA0082007H2[2008-09-29].gz,H2
Exports,701690,COMTRADE-FINAL-CA0082007H2[2008-09-29].gz,H2
Exports,720310,COMTRADE-FINAL-CA0082007H2[2008-09-29].gz,H2
Exports,720852,COMTRADE-FINAL-CA0082007H2[2008-09-29].gz,H2
Exports,720925,COMTRADE-FINAL-CA0082007H2[2008-09-29].gz,H2
Exports,721030,COMTRADE-FINAL-CA0082007H2[2008-09-29].gz,H2
Exports,721631,COMTRADE-FINAL-CA0082007H2[2008-09-29].gz,H2
Exports,721640,COMTRADE-FINAL-CA0082007H2[2008-09-29].gz,H2
Exports,730431,COMTRADE-FINAL-CA0082007H2[2008-09-29].gz,H2
Exports,730520,COMTRADE-FINAL-CA0082007H2[2008-09-29].gz,H2
Exports,731512,COMTRADE-FINAL-CA0082007H2[2008-09-29].gz,H2
Exports,731589,COMTRADE-FINAL-CA0082007H2[2008-09-29].gz,H2
Exports,731814,COMTRADE-FINAL-CA0082007H2[2008-09-29].gz,H2
Exports,732010,COMTRADE-FINAL-CA0082007H2[2008-09-29].gz,H2
Exports,732399,COMTRADE-FINAL-CA0082007H2[2008-09-29].gz,H2
Exports,732429,COMTRADE-FINAL-CA0082007H2[2008-09-29].gz,H2
Exports,732591,COMTRADE-FINAL-CA0082007H2[2008-09-29].gz,H2
Exports,740323,COMTRADE-FINAL-CA0082007H2[2008-09-29].gz,H2
Exports,750512,COMTRADE-FINAL-CA0082007H2[2008-09-29].gz,H2
Exports,760691,COMTRADE-FINAL-CA0082007H2[2008-09-29].gz,H2
Exports,761520,COMTRADE-FINAL-CA0082007H2[2008-09-29].gz,H2
Exports,841239,COMTRADE-FINAL-CA0082007H2[2008-09-29].gz,H2
Exports,841581,COMTRADE-FINAL-CA0082007H2[2008-09-29].gz,H2
Exports,842129,COMTRADE-FINAL-CA0082007H2[2008-09-29].gz,H2
Exports,842310,COMTRADE-FINAL-CA0082007H2[2008-09-29].gz,H2
Exports,842520,COMTRADE-FINAL-CA0082007H2[2008-09-29].gz,H2
Exports,842541,COMTRADE-FINAL-CA0082007H2[2008-09-29].gz,H2
Exports,843340,COMTRADE-FINAL-CA0082007H2[2008-09-29].gz,H2
Exports,843510,COMTRADE-FINAL-CA0082007H2[2008-09-29].gz,H2
Exports,843830,COMTRADE-FINAL-CA0082007H2[2008-09-29].gz,H2
Exports,844330,COMTRADE-FINAL-CA0082007H2[2008-09-29].gz,H2
Exports,844519,COMTRADE-FINAL-CA0082007H2[2008-09-29].gz,H2
Exports,844839,COMTRADE-FINAL-CA0082007H2[2008-09-29].gz,H2
Exports,845522,COMTRADE-FINAL-CA0082007H2[2008-09-29].gz,H2
Exports,846190,COMTRADE-FINAL-CA0082007H2[2008-09-29].gz,H2
Exports,846231,COMTRADE-FINAL-CA0082007H2[2008-09-29].gz,H2
Exports,846241,COMTRADE-FINAL-CA0082007H2[2008-09-29].gz,H2
Exports,846594,COMTRADE-FINAL-CA0082007H2[2008-09-29].gz,H2
Exports,846610,COMTRADE-FINAL-CA0082007H2[2008-09-29].gz,H2
Exports,846890,COMTRADE-FINAL-CA0082007H2[2008-09-29].gz,H2
Exports,847759,COMTRADE-FINAL-CA0082007H2[2008-09-29].gz,H2
Exports,847940,COMTRADE-FINAL-CA0082007H2[2008-09-29].gz,H2
Exports,848230,COMTRADE-FINAL-CA0082007H2[2008-09-29].gz,H2
Exports,848250,COMTRADE-FINAL-CA0082007H2[2008-09-29].gz,H2
Exports,851190,COMTRADE-FINAL-CA0082007H2[2008-09-29].gz,H2
Exports,852032,COMTRADE-FINAL-CA0082007H2[2008-09-29].gz,H2
Exports,853120,COMTRADE-FINAL-CA0082007H2[2008-09-29].gz,H2
Exports,853630,COMTRADE-FINAL-CA0082007H2[2008-09-29].gz,H2
Exports,854690,COMTRADE-FINAL-CA0082007H2[2008-09-29].gz,H2
Exports,871200,COMTRADE-FINAL-CA0082007H2[2008-09-29].gz,H2
Exports,880390,COMTRADE-FINAL-CA0082007H2[2008-09-29].gz,H2
Exports,890200,COMTRADE-FINAL-CA0082007H2[2008-09-29].gz,H2
Exports,890690,COMTRADE-FINAL-CA0082007H2[2008-09-29].gz,H2
Exports,900140,COMTRADE-FINAL-CA0082007H2[2008-09-29].gz,H2
Exports,900661,COMTRADE-FINAL-CA0082007H2[2008-09-29].gz,H2
Exports,900830,COMTRADE-FINAL-CA0082007H2[2008-09-29].gz,H2
Exports,901050,COMTRADE-FINAL-CA0082007H2[2008-09-29].gz,H2
Exports,901812,COMTRADE-FINAL-CA0082007H2[2008-09-29].gz,H2
Exports,902110,COMTRADE-FINAL-CA0082007H2[2008-09-29].gz,H2
Exports,902480,COMTRADE-FINAL-CA0082007H2[2008-09-29].gz,H2
Exports,902740,COMTRADE-FINAL-CA0082007H2[2008-09-29].gz,H2
Exports,910529,COMTRADE-FINAL-CA0082007H2[2008-09-29].gz,H2
Exports,911390,COMTRADE-FINAL-CA0082007H2[2008-09-29].gz,H2
Exports,920190,COMTRADE-FINAL-CA0082007H2[2008-09-29].gz,H2
Exports,940210,COMTRADE-FINAL-CA0082007H2[2008-09-29].gz,H2
Exports,961310,COMTRADE-FINAL-CA0082007H2[2008-09-29].gz,H2
Imports,020441,COMTRADE-FINAL-CA0082007H2[2008-09-29].gz,H2
Imports,121120,COMTRADE-FINAL-CA0082007H2[2008-09-29].gz,H2
Imports,121130,COMTRADE-FINAL-CA0082007H2[2008-09-29].gz,H2
Imports,121210,COMTRADE-FINAL-CA0082007H2[2008-09-29].gz,H2
Imports,130120,COMTRADE-FINAL-CA0082007H2[2008-09-29].gz,H2
Imports,151499,COMTRADE-FINAL-CA0082007H2[2008-09-29].gz,H2
Imports,260300,COMTRADE-FINAL-CA0082007H2[2008-09-29].gz,H2
Imports,284169,COMTRADE-FINAL-CA0082007H2[2008-09-29].gz,H2
Imports,284800,COMTRADE-FINAL-CA0082007H2[2008-09-29].gz,H2
Imports,290315,COMTRADE-FINAL-CA0082007H2[2008-09-29].gz,H2
Imports,291522,COMTRADE-FINAL-CA0082007H2[2008-09-29].gz,H2
Imports,291712,COMTRADE-FINAL-CA0082007H2[2008-09-29].gz,H2
Imports,292610,COMTRADE-FINAL-CA0082007H2[2008-09-29].gz,H2
Imports,293333,COMTRADE-FINAL-CA0082007H2[2008-09-29].gz,H2
Imports,293341,COMTRADE-FINAL-CA0082007H2[2008-09-29].gz,H2
Imports,293790,COMTRADE-FINAL-CA0082007H2[2008-09-29].gz,H2
Imports,293959,COMTRADE-FINAL-CA0082007H2[2008-09-29].gz,H2
Imports,293961,COMTRADE-FINAL-CA0082007H2[2008-09-29].gz,H2
Imports,293991,COMTRADE-FINAL-CA0082007H2[2008-09-29].gz,H2
Imports,330126,COMTRADE-FINAL-CA0082007H2[2008-09-29].gz,H2
Imports,382541,COMTRADE-FINAL-CA0082007H2[2008-09-29].gz,H2
Imports,410330,COMTRADE-FINAL-CA0082007H2[2008-09-29].gz,H2
Imports,470693,COMTRADE-FINAL-CA0082007H2[2008-09-29].gz,H2
Imports,510129,COMTRADE-FINAL-CA0082007H2[2008-09-29].gz,H2
Imports,520543,COMTRADE-FINAL-CA0082007H2[2008-09-29].gz,H2
Imports,520547,COMTRADE-FINAL-CA0082007H2[2008-09-29].gz,H2
Imports,520634,COMTRADE-FINAL-CA0082007H2[2008-09-29].gz,H2
Imports,550620,COMTRADE-FINAL-CA0082007H2[2008-09-29].gz,H2
Imports,600543,COMTRADE-FINAL-CA0082007H2[2008-09-29].gz,H2
Imports,600643,COMTRADE-FINAL-CA0082007H2[2008-09-29].gz,H2
Imports,630639,COMTRADE-FINAL-CA0082007H2[2008-09-29].gz,H2
Imports,710399,COMTRADE-FINAL-CA0082007H2[2008-09-29].gz,H2
Imports,720521,COMTRADE-FINAL-CA0082007H2[2008-09-29].gz,H2
Imports,740311,COMTRADE-FINAL-CA0082007H2[2008-09-29].gz,H2
Imports,741600,COMTRADE-FINAL-CA0082007H2[2008-09-29].gz,H2
Imports,811251,COMTRADE-FINAL-CA0082007H2[2008-09-29].gz,H2
Imports,841182,COMTRADE-FINAL-CA0082007H2[2008-09-29].gz,H2
Imports,844530,COMTRADE-FINAL-CA0082007H2[2008-09-29].gz,H2
Imports,860120,COMTRADE-FINAL-CA0082007H2[2008-09-29].gz,H2
Exports,040490,COMTRADE-FINAL-CA0082008H2[2009-04-09].gz,H2
Exports,040630,COMTRADE-FINAL-CA0082008H2[2009-04-09].gz,H2
Exports,070810,COMTRADE-FINAL-CA0082008H2[2009-04-09].gz,H2
Exports,080211,COMTRADE-FINAL-CA0082008H2[2009-04-09].gz,H2
Exports,080820,COMTRADE-FINAL-CA0082008H2[2009-04-09].gz,H2
Exports,081040,COMTRADE-FINAL-CA0082008H2[2009-04-09].gz,H2
Exports,081330,COMTRADE-FINAL-CA0082008H2[2009-04-09].gz,H2
Exports,121299,COMTRADE-FINAL-CA0082008H2[2009-04-09].gz,H2
Exports,200390,COMTRADE-FINAL-CA0082008H2[2009-04-09].gz,H2
Exports,220840,COMTRADE-FINAL-CA0082008H2[2009-04-09].gz,H2
Exports,220850,COMTRADE-FINAL-CA0082008H2[2009-04-09].gz,H2
Exports,271600,COMTRADE-FINAL-CA0082008H2[2009-04-09].gz,H2
Exports,280461,COMTRADE-FINAL-CA0082008H2[2009-04-09].gz,H2
Exports,281111,COMTRADE-FINAL-CA0082008H2[2009-04-09].gz,H2
Exports,283539,COMTRADE-FINAL-CA0082008H2[2009-04-09].gz,H2
Exports,283720,COMTRADE-FINAL-CA0082008H2[2009-04-09].gz,H2
Exports,291812,COMTRADE-FINAL-CA0082008H2[2009-04-09].gz,H2
Exports,292429,COMTRADE-FINAL-CA0082008H2[2009-04-09].gz,H2
Exports,292990,COMTRADE-FINAL-CA0082008H2[2009-04-09].gz,H2
Exports,293499,COMTRADE-FINAL-CA0082008H2[2009-04-09].gz,H2
Exports,321511,COMTRADE-FINAL-CA0082008H2[2009-04-09].gz,H2
Exports,350220,COMTRADE-FINAL-CA0082008H2[2009-04-09].gz,H2
Exports,350300,COMTRADE-FINAL-CA0082008H2[2009-04-09].gz,H2
Exports,380992,COMTRADE-FINAL-CA0082008H2[2009-04-09].gz,H2
Exports,382319,COMTRADE-FINAL-CA0082008H2[2009-04-09].gz,H2
Exports,390440,COMTRADE-FINAL-CA0082008H2[2009-04-09].gz,H2
Exports,390940,COMTRADE-FINAL-CA0082008H2[2009-04-09].gz,H2
Exports,391231,COMTRADE-FINAL-CA0082008H2[2009-04-09].gz,H2
Exports,391620,COMTRADE-FINAL-CA0082008H2[2009-04-09].gz,H2
Exports,391990,COMTRADE-FINAL-CA0082008H2[2009-04-09].gz,H2
Exports,392030,COMTRADE-FINAL-CA0082008H2[2009-04-09].gz,H2
Exports,392051,COMTRADE-FINAL-CA0082008H2[2009-04-09].gz,H2
Exports,392220,COMTRADE-FINAL-CA0082008H2[2009-04-09].gz,H2
Exports,400220,COMTRADE-FINAL-CA0082008H2[2009-04-09].gz,H2
Exports,400821,COMTRADE-FINAL-CA0082008H2[2009-04-09].gz,H2
Exports,400941,COMTRADE-FINAL-CA0082008H2[2009-04-09].gz,H2
Exports,400942,COMTRADE-FINAL-CA0082008H2[2009-04-09].gz,H2
Exports,410320,COMTRADE-FINAL-CA0082008H2[2009-04-09].gz,H2
Exports,440500,COMTRADE-FINAL-CA0082008H2[2009-04-09].gz,H2
Exports,480591,COMTRADE-FINAL-CA0082008H2[2009-04-09].gz,H2
Exports,511119,COMTRADE-FINAL-CA0082008H2[2009-04-09].gz,H2
Exports,520631,COMTRADE-FINAL-CA0082008H2[2009-04-09].gz,H2
Exports,520822,COMTRADE-FINAL-CA0082008H2[2009-04-09].gz,H2
Exports,520851,COMTRADE-FINAL-CA0082008H2[2009-04-09].gz,H2
Exports,521111,COMTRADE-FINAL-CA0082008H2[2009-04-09].gz,H2
Exports,521211,COMTRADE-FINAL-CA0082008H2[2009-04-09].gz,H2
Exports,521212,COMTRADE-FINAL-CA0082008H2[2009-04-09].gz,H2
Exports,540784,COMTRADE-FINAL-CA0082008H2[2009-04-09].gz,H2
Exports,550820,COMTRADE-FINAL-CA0082008H2[2009-04-09].gz,H2
Exports,551511,COMTRADE-FINAL-CA0082008H2[2009-04-09].gz,H2
Exports,551613,COMTRADE-FINAL-CA0082008H2[2009-04-09].gz,H2
Exports,551622,COMTRADE-FINAL-CA0082008H2[2009-04-09].gz,H2
Exports,551691,COMTRADE-FINAL-CA0082008H2[2009-04-09].gz,H2
Exports,560210,COMTRADE-FINAL-CA0082008H2[2009-04-09].gz,H2
Exports,560393,COMTRADE-FINAL-CA0082008H2[2009-04-09].gz,H2
Exports,560741,COMTRADE-FINAL-CA0082008H2[2009-04-09].gz,H2
Exports,560811,COMTRADE-FINAL-CA0082008H2[2009-04-09].gz,H2
Exports,580310,COMTRADE-FINAL-CA0082008H2[2009-04-09].gz,H2
Exports,590210,COMTRADE-FINAL-CA0082008H2[2009-04-09].gz,H2
Exports,591120,COMTRADE-FINAL-CA0082008H2[2009-04-09].gz,H2
Exports,591131,COMTRADE-FINAL-CA0082008H2[2009-04-09].gz,H2
Exports,600240,COMTRADE-FINAL-CA0082008H2[2009-04-09].gz,H2
Exports,600320,COMTRADE-FINAL-CA0082008H2[2009-04-09].gz,H2
Exports,600544,COMTRADE-FINAL-CA0082008H2[2009-04-09].gz,H2
Exports,621520,COMTRADE-FINAL-CA0082008H2[2009-04-09].gz,H2
Exports,630240,COMTRADE-FINAL-CA0082008H2[2009-04-09].gz,H2
Exports,650691,COMTRADE-FINAL-CA0082008H2[2009-04-09].gz,H2
Exports,650692,COMTRADE-FINAL-CA0082008H2[2009-04-09].gz,H2
Exports,720826,COMTRADE-FINAL-CA0082008H2[2009-04-09].gz,H2
Exports,720838,COMTRADE-FINAL-CA0082008H2[2009-04-09].gz,H2
Exports,720839,COMTRADE-FINAL-CA0082008H2[2009-04-09].gz,H2
Exports,721041,COMTRADE-FINAL-CA0082008H2[2009-04-09].gz,H2
Exports,721070,COMTRADE-FINAL-CA0082008H2[2009-04-09].gz,H2
Exports,721129,COMTRADE-FINAL-CA0082008H2[2009-04-09].gz,H2
Exports,721399,COMTRADE-FINAL-CA0082008H2[2009-04-09].gz,H2
Exports,721790,COMTRADE-FINAL-CA0082008H2[2009-04-09].gz,H2
Exports,722011,COMTRADE-FINAL-CA0082008H2[2009-04-09].gz,H2
Exports,722910,COMTRADE-FINAL-CA0082008H2[2009-04-09].gz,H2
Exports,730459,COMTRADE-FINAL-CA0082008H2[2009-04-09].gz,H2
Exports,730820,COMTRADE-FINAL-CA0082008H2[2009-04-09].gz,H2
Exports,732490,COMTRADE-FINAL-CA0082008H2[2009-04-09].gz,H2
Exports,750810,COMTRADE-FINAL-CA0082008H2[2009-04-09].gz,H2
Exports,761210,COMTRADE-FINAL-CA0082008H2[2009-04-09].gz,H2
Exports,820310,COMTRADE-FINAL-CA0082008H2[2009-04-09].gz,H2
Exports,820412,COMTRADE-FINAL-CA0082008H2[2009-04-09].gz,H2
Exports,821410,COMTRADE-FINAL-CA0082008H2[2009-04-09].gz,H2
Exports,840212,COMTRADE-FINAL-CA0082008H2[2009-04-09].gz,H2
Exports,840732,COMTRADE-FINAL-CA0082008H2[2009-04-09].gz,H2
Exports,840991,COMTRADE-FINAL-CA0082008H2[2009-04-09].gz,H2
Exports,841320,COMTRADE-FINAL-CA0082008H2[2009-04-09].gz,H2
Exports,841690,COMTRADE-FINAL-CA0082008H2[2009-04-09].gz,H2
Exports,841720,COMTRADE-FINAL-CA0082008H2[2009-04-09].gz,H2
Exports,842611,COMTRADE-FINAL-CA0082008H2[2009-04-09].gz,H2
Exports,842630,COMTRADE-FINAL-CA0082008H2[2009-04-09].gz,H2
Exports,842641,COMTRADE-FINAL-CA0082008H2[2009-04-09].gz,H2
Exports,843311,COMTRADE-FINAL-CA0082008H2[2009-04-09].gz,H2
Exports,843999,COMTRADE-FINAL-CA0082008H2[2009-04-09].gz,H2
Exports,844400,COMTRADE-FINAL-CA0082008H2[2009-04-09].gz,H2
Exports,845012,COMTRADE-FINAL-CA0082008H2[2009-04-09].gz,H2
Exports,845190,COMTRADE-FINAL-CA0082008H2[2009-04-09].gz,H2
Exports,845921,COMTRADE-FINAL-CA0082008H2[2009-04-09].gz,H2
Exports,846029,COMTRADE-FINAL-CA0082008H2[2009-04-09].gz,H2
Exports,846249,COMTRADE-FINAL-CA0082008H2[2009-04-09].gz,H2
Exports,846593,COMTRADE-FINAL-CA0082008H2[2009-04-09].gz,H2
Exports,846694,COMTRADE-FINAL-CA0082008H2[2009-04-09].gz,H2
Exports,847220,COMTRADE-FINAL-CA0082008H2[2009-04-09].gz,H2
Exports,848350,COMTRADE-FINAL-CA0082008H2[2009-04-09].gz,H2
Exports,850151,COMTRADE-FINAL-CA0082008H2[2009-04-09].gz,H2
Exports,850660,COMTRADE-FINAL-CA0082008H2[2009-04-09].gz,H2
Exports,850990,COMTRADE-FINAL-CA0082008H2[2009-04-09].gz,H2
Exports,851440,COMTRADE-FINAL-CA0082008H2[2009-04-09].gz,H2
Exports,851511,COMTRADE-FINAL-CA0082008H2[2009-04-09].gz,H2
Exports,851521,COMTRADE-FINAL-CA0082008H2[2009-04-09].gz,H2
Exports,851529,COMTRADE-FINAL-CA0082008H2[2009-04-09].gz,H2
Exports,852312,COMTRADE-FINAL-CA0082008H2[2009-04-09].gz,H2
Exports,852731,COMTRADE-FINAL-CA0082008H2[2009-04-09].gz,H2
Exports,854221,COMTRADE-FINAL-CA0082008H2[2009-04-09].gz,H2
Exports,854290,COMTRADE-FINAL-CA0082008H2[2009-04-09].gz,H2
Exports,854381,COMTRADE-FINAL-CA0082008H2[2009-04-09].gz,H2
Exports,870520,COMTRADE-FINAL-CA0082008H2[2009-04-09].gz,H2
Exports,870891,COMTRADE-FINAL-CA0082008H2[2009-04-09].gz,H2
Exports,871420,COMTRADE-FINAL-CA0082008H2[2009-04-09].gz,H2
Exports,900319,COMTRADE-FINAL-CA0082008H2[2009-04-09].gz,H2
Exports,901320,COMTRADE-FINAL-CA0082008H2[2009-04-09].gz,H2
Exports,901790,COMTRADE-FINAL-CA0082008H2[2009-04-09].gz,H2
Exports,901813,COMTRADE-FINAL-CA0082008H2[2009-04-09].gz,H2
Exports,902519,COMTRADE-FINAL-CA0082008H2[2009-04-09].gz,H2
Exports,902750,COMTRADE-FINAL-CA0082008H2[2009-04-09].gz,H2
Exports,902890,COMTRADE-FINAL-CA0082008H2[2009-04-09].gz,H2
Exports,902920,COMTRADE-FINAL-CA0082008H2[2009-04-09].gz,H2
Exports,960820,COMTRADE-FINAL-CA0082008H2[2009-04-09].gz,H2
Imports,020421,COMTRADE-FINAL-CA0082008H2[2009-04-09].gz,H2
Imports,030542,COMTRADE-FINAL-CA0082008H2[2009-04-09].gz,H2
Imports,030551,COMTRADE-FINAL-CA0082008H2[2009-04-09].gz,H2
Imports,070521,COMTRADE-FINAL-CA0082008H2[2009-04-09].gz,H2
Imports,120510,COMTRADE-FINAL-CA0082008H2[2009-04-09].gz,H2
Imports,120590,COMTRADE-FINAL-CA0082008H2[2009-04-09].gz,H2
Imports,121140,COMTRADE-FINAL-CA0082008H2[2009-04-09].gz,H2
Imports,140410,COMTRADE-FINAL-CA0082008H2[2009-04-09].gz,H2
Imports,170310,COMTRADE-FINAL-CA0082008H2[2009-04-09].gz,H2
Imports,260200,COMTRADE-FINAL-CA0082008H2[2009-04-09].gz,H2
Imports,284329,COMTRADE-FINAL-CA0082008H2[2009-04-09].gz,H2
Imports,290362,COMTRADE-FINAL-CA0082008H2[2009-04-09].gz,H2
Imports,290516,COMTRADE-FINAL-CA0082008H2[2009-04-09].gz,H2
Imports,290543,COMTRADE-FINAL-CA0082008H2[2009-04-09].gz,H2
Imports,291450,COMTRADE-FINAL-CA0082008H2[2009-04-09].gz,H2
Imports,291523,COMTRADE-FINAL-CA0082008H2[2009-04-09].gz,H2
Imports,291734,COMTRADE-FINAL-CA0082008H2[2009-04-09].gz,H2
Imports,292143,COMTRADE-FINAL-CA0082008H2[2009-04-09].gz,H2
Imports,292151,COMTRADE-FINAL-CA0082008H2[2009-04-09].gz,H2
Imports,293292,COMTRADE-FINAL-CA0082008H2[2009-04-09].gz,H2
Imports,382561,COMTRADE-FINAL-CA0082008H2[2009-04-09].gz,H2
Imports,520524,COMTRADE-FINAL-CA0082008H2[2009-04-09].gz,H2
Imports,521112,COMTRADE-FINAL-CA0082008H2[2009-04-09].gz,H2
Imports,530511,COMTRADE-FINAL-CA0082008H2[2009-04-09].gz,H2
Imports,530921,COMTRADE-FINAL-CA0082008H2[2009-04-09].gz,H2
Imports,551631,COMTRADE-FINAL-CA0082008H2[2009-04-09].gz,H2
Imports,600541,COMTRADE-FINAL-CA0082008H2[2009-04-09].gz,H2
Imports,710310,COMTRADE-FINAL-CA0082008H2[2009-04-09].gz,H2
Imports,711029,COMTRADE-FINAL-CA0082008H2[2009-04-09].gz,H2
Imports,750300,COMTRADE-FINAL-CA0082008H2[2009-04-09].gz,H2
Imports,810520,COMTRADE-FINAL-CA0082008H2[2009-04-09].gz,H2
Imports,811010,COMTRADE-FINAL-CA0082008H2[2009-04-09].gz,H2
Imports,841013,COMTRADE-FINAL-CA0082008H2[2009-04-09].gz,H2
Imports,845691,COMTRADE-FINAL-CA0082008H2[2009-04-09].gz,H2
Imports,860310,COMTRADE-FINAL-CA0082008H2[2009-04-09].gz,H2
Imports,860729,COMTRADE-FINAL-CA0082008H2[2009-04-09].gz,H2
Imports,880230,COMTRADE-FINAL-CA0082008H2[2009-04-09].gz,H2
Imports,910620,COMTRADE-FINAL-CA0082008H2[2009-04-09].gz,H2
Imports,911310,COMTRADE-FINAL-CA0082008H2[2009-04-09].gz,H2
Imports,930700,COMTRADE-FINAL-CA0082008H2[2009-04-09].gz,H2
Imports,950612,COMTRADE-FINAL-CA0082008H2[2009-04-09].gz,H2
Exports,021019,COMTRADE-FINAL-CA0082009H3[2010-04-12].gz,H3
Exports,030352,COMTRADE-FINAL-CA0082009H3[2010-04-12].gz,H3
Exports,030419,COMTRADE-FINAL-CA0082009H3[2010-04-12].gz,H3
Exports,030499,COMTRADE-FINAL-CA0082009H3[2010-04-12].gz,H3
Exports,070519,COMTRADE-FINAL-CA0082009H3[2010-04-12].gz,H3
Exports,071120,COMTRADE-FINAL-CA0082009H3[2010-04-12].gz,H3
Exports,081110,COMTRADE-FINAL-CA0082009H3[2010-04-12].gz,H3
Exports,081290,COMTRADE-FINAL-CA0082009H3[2010-04-12].gz,H3
Exports,130120,COMTRADE-FINAL-CA0082009H3[2010-04-12].gz,H3
Exports,151229,COMTRADE-FINAL-CA0082009H3[2010-04-12].gz,H3
Exports,151521,COMTRADE-FINAL-CA0082009H3[2010-04-12].gz,H3
Exports,170230,COMTRADE-FINAL-CA0082009H3[2010-04-12].gz,H3
Exports,200599,COMTRADE-FINAL-CA0082009H3[2010-04-12].gz,H3
Exports,210220,COMTRADE-FINAL-CA0082009H3[2010-04-12].gz,H3
Exports,220900,COMTRADE-FINAL-CA0082009H3[2010-04-12].gz,H3
Exports,250610,COMTRADE-FINAL-CA0082009H3[2010-04-12].gz,H3
Exports,251310,COMTRADE-FINAL-CA0082009H3[2010-04-12].gz,H3
Exports,251620,COMTRADE-FINAL-CA0082009H3[2010-04-12].gz,H3
Exports,280469,COMTRADE-FINAL-CA0082009H3[2010-04-12].gz,H3
Exports,281000,COMTRADE-FINAL-CA0082009H3[2010-04-12].gz,H3
Exports,281640,COMTRADE-FINAL-CA0082009H3[2010-04-12].gz,H3
Exports,291619,COMTRADE-FINAL-CA0082009H3[2010-04-12].gz,H3
Exports,320620,COMTRADE-FINAL-CA0082009H3[2010-04-12].gz,H3
Exports,321390,COMTRADE-FINAL-CA0082009H3[2010-04-12].gz,H3
Exports,330300,COMTRADE-FINAL-CA0082009H3[2010-04-12].gz,H3
Exports,330410,COMTRADE-FINAL-CA0082009H3[2010-04-12].gz,H3
Exports,330420,COMTRADE-FINAL-CA0082009H3[2010-04-12].gz,H3
Exports,330430,COMTRADE-FINAL-CA0082009H3[2010-04-12].gz,H3
Exports,330491,COMTRADE-FINAL-CA0082009H3[2010-04-12].gz,H3
Exports,330499,COMTRADE-FINAL-CA0082009H3[2010-04-12].gz,H3
Exports,340319,COMTRADE-FINAL-CA0082009H3[2010-04-12].gz,H3
Exports,340590,COMTRADE-FINAL-CA0082009H3[2010-04-12].gz,H3
Exports,360410,COMTRADE-FINAL-CA0082009H3[2010-04-12].gz,H3
Exports,360610,COMTRADE-FINAL-CA0082009H3[2010-04-12].gz,H3
Exports,370310,COMTRADE-FINAL-CA0082009H3[2010-04-12].gz,H3
Exports,380891,COMTRADE-FINAL-CA0082009H3[2010-04-12].gz,H3
Exports,380892,COMTRADE-FINAL-CA0082009H3[2010-04-12].gz,H3
Exports,380893,COMTRADE-FINAL-CA0082009H3[2010-04-12].gz,H3
Exports,380894,COMTRADE-FINAL-CA0082009H3[2010-04-12].gz,H3
Exports,380910,COMTRADE-FINAL-CA0082009H3[2010-04-12].gz,H3
Exports,380993,COMTRADE-FINAL-CA0082009H3[2010-04-12].gz,H3
Exports,381121,COMTRADE-FINAL-CA0082009H3[2010-04-12].gz,H3
Exports,382590,COMTRADE-FINAL-CA0082009H3[2010-04-12].gz,H3
Exports,390521,COMTRADE-FINAL-CA0082009H3[2010-04-12].gz,H3
Exports,392112,COMTRADE-FINAL-CA0082009H3[2010-04-12].gz,H3
Exports,400299,COMTRADE-FINAL-CA0082009H3[2010-04-12].gz,H3
Exports,400400,COMTRADE-FINAL-CA0082009H3[2010-04-12].gz,H3
Exports,401194,COMTRADE-FINAL-CA0082009H3[2010-04-12].gz,H3
Exports,401213,COMTRADE-FINAL-CA0082009H3[2010-04-12].gz,H3
Exports,440210,COMTRADE-FINAL-CA0082009H3[2010-04-12].gz,H3
Exports,440290,COMTRADE-FINAL-CA0082009H3[2010-04-12].gz,H3
Exports,440728,COMTRADE-FINAL-CA0082009H3[2010-04-12].gz,H3
Exports,440793,COMTRADE-FINAL-CA0082009H3[2010-04-12].gz,H3
Exports,440929,COMTRADE-FINAL-CA0082009H3[2010-04-12].gz,H3
Exports,441012,COMTRADE-FINAL-CA0082009H3[2010-04-12].gz,H3
Exports,441112,COMTRADE-FINAL-CA0082009H3[2010-04-12].gz,H3
Exports,441113,COMTRADE-FINAL-CA0082009H3[2010-04-12].gz,H3
Exports,441294,COMTRADE-FINAL-CA0082009H3[2010-04-12].gz,H3
Exports,441860,COMTRADE-FINAL-CA0082009H3[2010-04-12].gz,H3
Exports,441879,COMTRADE-FINAL-CA0082009H3[2010-04-12].gz,H3
Exports,480255,COMTRADE-FINAL-CA0082009H3[2010-04-12].gz,H3
Exports,480257,COMTRADE-FINAL-CA0082009H3[2010-04-12].gz,H3
Exports,480258,COMTRADE-FINAL-CA0082009H3[2010-04-12].gz,H3
Exports,480459,COMTRADE-FINAL-CA0082009H3[2010-04-12].gz,H3
Exports,480519,COMTRADE-FINAL-CA0082009H3[2010-04-12].gz,H3
Exports,480524,COMTRADE-FINAL-CA0082009H3[2010-04-12].gz,H3
Exports,480525,COMTRADE-FINAL-CA0082009H3[2010-04-12].gz,H3
Exports,511130,COMTRADE-FINAL-CA0082009H3[2010-04-12].gz,H3
Exports,520533,COMTRADE-FINAL-CA0082009H3[2010-04-12].gz,H3
Exports,520929,COMTRADE-FINAL-CA0082009H3[2010-04-12].gz,H3
Exports,520932,COMTRADE-FINAL-CA0082009H3[2010-04-12].gz,H3
Exports,540419,COMTRADE-FINAL-CA0082009H3[2010-04-12].gz,H3
Exports,551090,COMTRADE-FINAL-CA0082009H3[2010-04-12].gz,H3
Exports,551229,COMTRADE-FINAL-CA0082009H3[2010-04-12].gz,H3
Exports,551694,COMTRADE-FINAL-CA0082009H3[2010-04-12].gz,H3
Exports,570249,COMTRADE-FINAL-CA0082009H3[2010-04-12].gz,H3
Exports,570390,COMTRADE-FINAL-CA0082009H3[2010-04-12].gz,H3
Exports,580300,COMTRADE-FINAL-CA0082009H3[2010-04-12].gz,H3
Exports,590110,COMTRADE-FINAL-CA0082009H3[2010-04-12].gz,H3
Exports,590500,COMTRADE-FINAL-CA0082009H3[2010-04-12].gz,H3
Exports,590610,COMTRADE-FINAL-CA0082009H3[2010-04-12].gz,H3
Exports,591132,COMTRADE-FINAL-CA0082009H3[2010-04-12].gz,H3
Exports,600531,COMTRADE-FINAL-CA0082009H3[2010-04-12].gz,H3
Exports,600690,COMTRADE-FINAL-CA0082009H3[2010-04-12].gz,H3
Exports,610310,COMTRADE-FINAL-CA0082009H3[2010-04-12].gz,H3
Exports,611510,COMTRADE-FINAL-CA0082009H3[2010-04-12].gz,H3
Exports,611529,COMTRADE-FINAL-CA0082009H3[2010-04-12].gz,H3
Exports,611595,COMTRADE-FINAL-CA0082009H3[2010-04-12].gz,H3
Exports,611596,COMTRADE-FINAL-CA0082009H3[2010-04-12].gz,H3
Exports,630312,COMTRADE-FINAL-CA0082009H3[2010-04-12].gz,H3
Exports,630491,COMTRADE-FINAL-CA0082009H3[2010-04-12].gz,H3
Exports,630630,COMTRADE-FINAL-CA0082009H3[2010-04-12].gz,H3
Exports,650510,COMTRADE-FINAL-CA0082009H3[2010-04-12].gz,H3
Exports,680610,COMTRADE-FINAL-CA0082009H3[2010-04-12].gz,H3
Exports,690919,COMTRADE-FINAL-CA0082009H3[2010-04-12].gz,H3
Exports,700721,COMTRADE-FINAL-CA0082009H3[2010-04-12].gz,H3
Exports,701328,COMTRADE-FINAL-CA0082009H3[2010-04-12].gz,H3
Exports,701333,COMTRADE-FINAL-CA0082009H3[2010-04-12].gz,H3
Exports,701337,COMTRADE-FINAL-CA0082009H3[2010-04-12].gz,H3
Exports,701341,COMTRADE-FINAL-CA0082009H3[2010-04-12].gz,H3
Exports,701349,COMTRADE-FINAL-CA0082009H3[2010-04-12].gz,H3
Exports,701890,COMTRADE-FINAL-CA0082009H3[2010-04-12].gz,H3
Exports,720529,COMTRADE-FINAL-CA0082009H3[2010-04-12].gz,H3
Exports,720837,COMTRADE-FINAL-CA0082009H3[2010-04-12].gz,H3
Exports,721932,COMTRADE-FINAL-CA0082009H3[2010-04-12].gz,H3
Exports,730422,COMTRADE-FINAL-CA0082009H3[2010-04-12].gz,H3
Exports,730423,COMTRADE-FINAL-CA0082009H3[2010-04-12].gz,H3
Exports,731600,COMTRADE-FINAL-CA0082009H3[2010-04-12].gz,H3
Exports,732119,COMTRADE-FINAL-CA0082009H3[2010-04-12].gz,H3
Exports,750300,COMTRADE-FINAL-CA0082009H3[2010-04-12].gz,H3
Exports,761410,COMTRADE-FINAL-CA0082009H3[2010-04-12].gz,H3
Exports,790500,COMTRADE-FINAL-CA0082009H3[2010-04-12].gz,H3
Exports,821000,COMTRADE-FINAL-CA0082009H3[2010-04-12].gz,H3
Exports,821300,COMTRADE-FINAL-CA0082009H3[2010-04-12].gz,H3
Exports,821599,COMTRADE-FINAL-CA0082009H3[2010-04-12].gz,H3
Exports,841582,COMTRADE-FINAL-CA0082009H3[2010-04-12].gz,H3
Exports,841891,COMTRADE-FINAL-CA0082009H3[2010-04-12].gz,H3
Exports,842091,COMTRADE-FINAL-CA0082009H3[2010-04-12].gz,H3
Exports,842191,COMTRADE-FINAL-CA0082009H3[2010-04-12].gz,H3
Exports,842211,COMTRADE-FINAL-CA0082009H3[2010-04-12].gz,H3
Exports,842320,COMTRADE-FINAL-CA0082009H3[2010-04-12].gz,H3
Exports,842840,COMTRADE-FINAL-CA0082009H3[2010-04-12].gz,H3
Exports,843320,COMTRADE-FINAL-CA0082009H3[2010-04-12].gz,H3
Exports,843691,COMTRADE-FINAL-CA0082009H3[2010-04-12].gz,H3
Exports,844311,COMTRADE-FINAL-CA0082009H3[2010-04-12].gz,H3
Exports,844313,COMTRADE-FINAL-CA0082009H3[2010-04-12].gz,H3
Exports,844331,COMTRADE-FINAL-CA0082009H3[2010-04-12].gz,H3
Exports,844332,COMTRADE-FINAL-CA0082009H3[2010-04-12].gz,H3
Exports,844339,COMTRADE-FINAL-CA0082009H3[2010-04-12].gz,H3
Exports,844391,COMTRADE-FINAL-CA0082009H3[2010-04-12].gz,H3
Exports,844399,COMTRADE-FINAL-CA0082009H3[2010-04-12].gz,H3
Exports,844513,COMTRADE-FINAL-CA0082009H3[2010-04-12].gz,H3
Exports,844629,COMTRADE-FINAL-CA0082009H3[2010-04-12].gz,H3
Exports,846799,COMTRADE-FINAL-CA0082009H3[2010-04-12].gz,H3
Exports,847050,COMTRADE-FINAL-CA0082009H3[2010-04-12].gz,H3
Exports,847090,COMTRADE-FINAL-CA0082009H3[2010-04-12].gz,H3
Exports,847621,COMTRADE-FINAL-CA0082009H3[2010-04-12].gz,H3
Exports,847751,COMTRADE-FINAL-CA0082009H3[2010-04-12].gz,H3
Exports,848310,COMTRADE-FINAL-CA0082009H3[2010-04-12].gz,H3
Exports,848340,COMTRADE-FINAL-CA0082009H3[2010-04-12].gz,H3
Exports,850811,COMTRADE-FINAL-CA0082009H3[2010-04-12].gz,H3
Exports,850860,COMTRADE-FINAL-CA0082009H3[2010-04-12].gz,H3
Exports,851130,COMTRADE-FINAL-CA0082009H3[2010-04-12].gz,H3
Exports,851180,COMTRADE-FINAL-CA0082009H3[2010-04-12].gz,H3
Exports,851631,COMTRADE-FINAL-CA0082009H3[2010-04-12].gz,H3
Exports,851632,COMTRADE-FINAL-CA0082009H3[2010-04-12].gz,H3
Exports,851650,COMTRADE-FINAL-CA0082009H3[2010-04-12].gz,H3
Exports,851672,COMTRADE-FINAL-CA0082009H3[2010-04-12].gz,H3
Exports,851712,COMTRADE-FINAL-CA0082009H3[2010-04-12].gz,H3
Exports,851718,COMTRADE-FINAL-CA0082009H3[2010-04-12].gz,H3
Exports,851761,COMTRADE-FINAL-CA0082009H3[2010-04-12].gz,H3
Exports,851762,COMTRADE-FINAL-CA0082009H3[2010-04-12].gz,H3
Exports,851769,COMTRADE-FINAL-CA0082009H3[2010-04-12].gz,H3
Exports,851770,COMTRADE-FINAL-CA0082009H3[2010-04-12].gz,H3
Exports,851829,COMTRADE-FINAL-CA0082009H3[2010-04-12].gz,H3
Exports,851981,COMTRADE-FINAL-CA0082009H3[2010-04-12].gz,H3
Exports,851989,COMTRADE-FINAL-CA0082009H3[2010-04-12].gz,H3
Exports,852329,COMTRADE-FINAL-CA0082009H3[2010-04-12].gz,H3
Exports,852340,COMTRADE-FINAL-CA0082009H3[2010-04-12].gz,H3
Exports,852351,COMTRADE-FINAL-CA0082009H3[2010-04-12].gz,H3
Exports,852352,COMTRADE-FINAL-CA0082009H3[2010-04-12].gz,H3
Exports,852359,COMTRADE-FINAL-CA0082009H3[2010-04-12].gz,H3
Exports,852380,COMTRADE-FINAL-CA0082009H3[2010-04-12].gz,H3
Exports,852550,COMTRADE-FINAL-CA0082009H3[2010-04-12].gz,H3
Exports,852560,COMTRADE-FINAL-CA0082009H3[2010-04-12].gz,H3
Exports,852580,COMTRADE-FINAL-CA0082009H3[2010-04-12].gz,H3
Exports,852713,COMTRADE-FINAL-CA0082009H3[2010-04-12].gz,H3
Exports,852729,COMTRADE-FINAL-CA0082009H3[2010-04-12].gz,H3
Exports,852851,COMTRADE-FINAL-CA0082009H3[2010-04-12].gz,H3
Exports,852859,COMTRADE-FINAL-CA0082009H3[2010-04-12].gz,H3
Exports,852861,COMTRADE-FINAL-CA0082009H3[2010-04-12].gz,H3
Exports,852869,COMTRADE-FINAL-CA0082009H3[2010-04-12].gz,H3
Exports,852871,COMTRADE-FINAL-CA0082009H3[2010-04-12].gz,H3
Exports,852872,COMTRADE-FINAL-CA0082009H3[2010-04-12].gz,H3
Exports,852873,COMTRADE-FINAL-CA0082009H3[2010-04-12].gz,H3
Exports,853180,COMTRADE-FINAL-CA0082009H3[2010-04-12].gz,H3
Exports,853649,COMTRADE-FINAL-CA0082009H3[2010-04-12].gz,H3
Exports,853670,COMTRADE-FINAL-CA0082009H3[2010-04-12].gz,H3
Exports,854190,COMTRADE-FINAL-CA0082009H3[2010-04-12].gz,H3
Exports,854239,COMTRADE-FINAL-CA0082009H3[2010-04-12].gz,H3
Exports,854370,COMTRADE-FINAL-CA0082009H3[2010-04-12].gz,H3
Exports,854442,COMTRADE-FINAL-CA0082009H3[2010-04-12].gz,H3
Exports,860210,COMTRADE-FINAL-CA0082009H3[2010-04-12].gz,H3
Exports,860791,COMTRADE-FINAL-CA0082009H3[2010-04-12].gz,H3
Exports,870310,COMTRADE-FINAL-CA0082009H3[2010-04-12].gz,H3
Exports,870600,COMTRADE-FINAL-CA0082009H3[2010-04-12].gz,H3
Exports,870892,COMTRADE-FINAL-CA0082009H3[2010-04-12].gz,H3
Exports,871500,COMTRADE-FINAL-CA0082009H3[2010-04-12].gz,H3
Exports,890790,COMTRADE-FINAL-CA0082009H3[2010-04-12].gz,H3
Exports,900311,COMTRADE-FINAL-CA0082009H3[2010-04-12].gz,H3
Exports,900390,COMTRADE-FINAL-CA0082009H3[2010-04-12].gz,H3
Exports,900669,COMTRADE-FINAL-CA0082009H3[2010-04-12].gz,H3
Exports,901210,COMTRADE-FINAL-CA0082009H3[2010-04-12].gz,H3
Exports,901820,COMTRADE-FINAL-CA0082009H3[2010-04-12].gz,H3
Exports,902229,COMTRADE-FINAL-CA0082009H3[2010-04-12].gz,H3
Exports,902620,COMTRADE-FINAL-CA0082009H3[2010-04-12].gz,H3
Exports,902690,COMTRADE-FINAL-CA0082009H3[2010-04-12].gz,H3
Exports,903082,COMTRADE-FINAL-CA0082009H3[2010-04-12].gz,H3
Exports,903089,COMTRADE-FINAL-CA0082009H3[2010-04-12].gz,H3
Exports,910119,COMTRADE-FINAL-CA0082009H3[2010-04-12].gz,H3
Exports,910299,COMTRADE-FINAL-CA0082009H3[2010-04-12].gz,H3
Exports,910511,COMTRADE-FINAL-CA0082009H3[2010-04-12].gz,H3
Exports,920590,COMTRADE-FINAL-CA0082009H3[2010-04-12].gz,H3
Exports,920710,COMTRADE-FINAL-CA0082009H3[2010-04-12].gz,H3
Exports,940159,COMTRADE-FINAL-CA0082009H3[2010-04-12].gz,H3
Exports,940381,COMTRADE-FINAL-CA0082009H3[2010-04-12].gz,H3
Exports,940389,COMTRADE-FINAL-CA0082009H3[2010-04-12].gz,H3
Exports,940599,COMTRADE-FINAL-CA0082009H3[2010-04-12].gz,H3
Exports,950300,COMTRADE-FINAL-CA0082009H3[2010-04-12].gz,H3
Exports,950619,COMTRADE-FINAL-CA0082009H3[2010-04-12].gz,H3
Exports,960899,COMTRADE-FINAL-CA0082009H3[2010-04-12].gz,H3
Exports,961400,COMTRADE-FINAL-CA0082009H3[2010-04-12].gz,H3
Imports,010594,COMTRADE-FINAL-CA0082009H3[2010-04-12].gz,H3
Imports,020734,COMTRADE-FINAL-CA0082009H3[2010-04-12].gz,H3
Imports,030352,COMTRADE-FINAL-CA0082009H3[2010-04-12].gz,H3
Imports,030361,COMTRADE-FINAL-CA0082009H3[2010-04-12].gz,H3
Imports,030362,COMTRADE-FINAL-CA0082009H3[2010-04-12].gz,H3
Imports,030411,COMTRADE-FINAL-CA0082009H3[2010-04-12].gz,H3
Imports,030412,COMTRADE-FINAL-CA0082009H3[2010-04-12].gz,H3
Imports,030419,COMTRADE-FINAL-CA0082009H3[2010-04-12].gz,H3
Imports,030429,COMTRADE-FINAL-CA0082009H3[2010-04-12].gz,H3
Imports,060311,COMTRADE-FINAL-CA0082009H3[2010-04-12].gz,H3
Imports,060312,COMTRADE-FINAL-CA0082009H3[2010-04-12].gz,H3
Imports,060313,COMTRADE-FINAL-CA0082009H3[2010-04-12].gz,H3
Imports,060314,COMTRADE-FINAL-CA0082009H3[2010-04-12].gz,H3
Imports,060319,COMTRADE-FINAL-CA0082009H3[2010-04-12].gz,H3
Imports,080260,COMTRADE-FINAL-CA0082009H3[2010-04-12].gz,H3
Imports,090611,COMTRADE-FINAL-CA0082009H3[2010-04-12].gz,H3
Imports,090619,COMTRADE-FINAL-CA0082009H3[2010-04-12].gz,H3
Imports,200599,COMTRADE-FINAL-CA0082009H3[2010-04-12].gz,H3
Imports,251310,COMTRADE-FINAL-CA0082009H3[2010-04-12].gz,H3
Imports,252490,COMTRADE-FINAL-CA0082009H3[2010-04-12].gz,H3
Imports,260600,COMTRADE-FINAL-CA0082009H3[2010-04-12].gz,H3
Imports,261690,COMTRADE-FINAL-CA0082009H3[2010-04-12].gz,H3
Imports,285200,COMTRADE-FINAL-CA0082009H3[2010-04-12].gz,H3
Imports,285300,COMTRADE-FINAL-CA0082009H3[2010-04-12].gz,H3
Imports,290242,COMTRADE-FINAL-CA0082009H3[2010-04-12].gz,H3
Imports,290339,COMTRADE-FINAL-CA0082009H3[2010-04-12].gz,H3
Imports,290351,COMTRADE-FINAL-CA0082009H3[2010-04-12].gz,H3
Imports,290729,COMTRADE-FINAL-CA0082009H3[2010-04-12].gz,H3
Imports,290899,COMTRADE-FINAL-CA0082009H3[2010-04-12].gz,H3
Imports,291422,COMTRADE-FINAL-CA0082009H3[2010-04-12].gz,H3
Imports,291620,COMTRADE-FINAL-CA0082009H3[2010-04-12].gz,H3
Imports,291635,COMTRADE-FINAL-CA0082009H3[2010-04-12].gz,H3
Imports,291735,COMTRADE-FINAL-CA0082009H3[2010-04-12].gz,H3
Imports,291899,COMTRADE-FINAL-CA0082009H3[2010-04-12].gz,H3
Imports,291990,COMTRADE-FINAL-CA0082009H3[2010-04-12].gz,H3
Imports,292529,COMTRADE-FINAL-CA0082009H3[2010-04-12].gz,H3
Imports,293711,COMTRADE-FINAL-CA0082009H3[2010-04-12].gz,H3
Imports,293739,COMTRADE-FINAL-CA0082009H3[2010-04-12].gz,H3
Imports,380850,COMTRADE-FINAL-CA0082009H3[2010-04-12].gz,H3
Imports,380891,COMTRADE-FINAL-CA0082009H3[2010-04-12].gz,H3
Imports,380892,COMTRADE-FINAL-CA0082009H3[2010-04-12].gz,H3
Imports,380893,COMTRADE-FINAL-CA0082009H3[2010-04-12].gz,H3
Imports,380894,COMTRADE-FINAL-CA0082009H3[2010-04-12].gz,H3
Imports,380899,COMTRADE-FINAL-CA0082009H3[2010-04-12].gz,H3
Imports,382430,COMTRADE-FINAL-CA0082009H3[2010-04-12].gz,H3
Imports,410221,COMTRADE-FINAL-CA0082009H3[2010-04-12].gz,H3
Imports,410631,COMTRADE-FINAL-CA0082009H3[2010-04-12].gz,H3
Imports,410691,COMTRADE-FINAL-CA0082009H3[2010-04-12].gz,H3
Imports,420600,COMTRADE-FINAL-CA0082009H3[2010-04-12].gz,H3
Imports,440290,COMTRADE-FINAL-CA0082009H3[2010-04-12].gz,H3
Imports,440721,COMTRADE-FINAL-CA0082009H3[2010-04-12].gz,H3
Imports,440722,COMTRADE-FINAL-CA0082009H3[2010-04-12].gz,H3
Imports,440728,COMTRADE-FINAL-CA0082009H3[2010-04-12].gz,H3
Imports,440793,COMTRADE-FINAL-CA0082009H3[2010-04-12].gz,H3
Imports,440795,COMTRADE-FINAL-CA0082009H3[2010-04-12].gz,H3
Imports,440921,COMTRADE-FINAL-CA0082009H3[2010-04-12].gz,H3
Imports,440929,COMTRADE-FINAL-CA0082009H3[2010-04-12].gz,H3
Imports,441012,COMTRADE-FINAL-CA0082009H3[2010-04-12].gz,H3
Imports,441112,COMTRADE-FINAL-CA0082009H3[2010-04-12].gz,H3
Imports,441113,COMTRADE-FINAL-CA0082009H3[2010-04-12].gz,H3
Imports,441114,COMTRADE-FINAL-CA0082009H3[2010-04-12].gz,H3
Imports,441192,COMTRADE-FINAL-CA0082009H3[2010-04-12].gz,H3
Imports,441193,COMTRADE-FINAL-CA0082009H3[2010-04-12].gz,H3
Imports,441194,COMTRADE-FINAL-CA0082009H3[2010-04-12].gz,H3
Imports,441231,COMTRADE-FINAL-CA0082009H3[2010-04-12].gz,H3
Imports,441232,COMTRADE-FINAL-CA0082009H3[2010-04-12].gz,H3
Imports,441239,COMTRADE-FINAL-CA0082009H3[2010-04-12].gz,H3
Imports,441294,COMTRADE-FINAL-CA0082009H3[2010-04-12].gz,H3
Imports,441860,COMTRADE-FINAL-CA0082009H3[2010-04-12].gz,H3
Imports,441871,COMTRADE-FINAL-CA0082009H3[2010-04-12].gz,H3
Imports,441872,COMTRADE-FINAL-CA0082009H3[2010-04-12].gz,H3
Imports,441879,COMTRADE-FINAL-CA0082009H3[2010-04-12].gz,H3
Imports,460121,COMTRADE-FINAL-CA0082009H3[2010-04-12].gz,H3
Imports,460122,COMTRADE-FINAL-CA0082009H3[2010-04-12].gz,H3
Imports,460129,COMTRADE-FINAL-CA0082009H3[2010-04-12].gz,H3
Imports,460192,COMTRADE-FINAL-CA0082009H3[2010-04-12].gz,H3
Imports,460194,COMTRADE-FINAL-CA0082009H3[2010-04-12].gz,H3
Imports,460211,COMTRADE-FINAL-CA0082009H3[2010-04-12].gz,H3
Imports,460212,COMTRADE-FINAL-CA0082009H3[2010-04-12].gz,H3
Imports,460219,COMTRADE-FINAL-CA0082009H3[2010-04-12].gz,H3
Imports,470321,COMTRADE-FINAL-CA0082009H3[2010-04-12].gz,H3
Imports,470620,COMTRADE-FINAL-CA0082009H3[2010-04-12].gz,H3
Imports,482361,COMTRADE-FINAL-CA0082009H3[2010-04-12].gz,H3
Imports,482369,COMTRADE-FINAL-CA0082009H3[2010-04-12].gz,H3
Imports,510310,COMTRADE-FINAL-CA0082009H3[2010-04-12].gz,H3
Imports,510810,COMTRADE-FINAL-CA0082009H3[2010-04-12].gz,H3
Imports,520546,COMTRADE-FINAL-CA0082009H3[2010-04-12].gz,H3
Imports,530500,COMTRADE-FINAL-CA0082009H3[2010-04-12].gz,H3
Imports,540219,COMTRADE-FINAL-CA0082009H3[2010-04-12].gz,H3
Imports,540234,COMTRADE-FINAL-CA0082009H3[2010-04-12].gz,H3
Imports,540245,COMTRADE-FINAL-CA0082009H3[2010-04-12].gz,H3
Imports,540248,COMTRADE-FINAL-CA0082009H3[2010-04-12].gz,H3
Imports,540411,COMTRADE-FINAL-CA0082009H3[2010-04-12].gz,H3
Imports,540412,COMTRADE-FINAL-CA0082009H3[2010-04-12].gz,H3
Imports,540419,COMTRADE-FINAL-CA0082009H3[2010-04-12].gz,H3
Imports,540600,COMTRADE-FINAL-CA0082009H3[2010-04-12].gz,H3
Imports,550319,COMTRADE-FINAL-CA0082009H3[2010-04-12].gz,H3
Imports,551430,COMTRADE-FINAL-CA0082009H3[2010-04-12].gz,H3
Imports,570250,COMTRADE-FINAL-CA0082009H3[2010-04-12].gz,H3
Imports,580300,COMTRADE-FINAL-CA0082009H3[2010-04-12].gz,H3
Imports,610310,COMTRADE-FINAL-CA0082009H3[2010-04-12].gz,H3
Imports,611510,COMTRADE-FINAL-CA0082009H3[2010-04-12].gz,H3
Imports,611521,COMTRADE-FINAL-CA0082009H3[2010-04-12].gz,H3
Imports,611522,COMTRADE-FINAL-CA0082009H3[2010-04-12].gz,H3
Imports,611529,COMTRADE-FINAL-CA0082009H3[2010-04-12].gz,H3
Imports,611530,COMTRADE-FINAL-CA0082009H3[2010-04-12].gz,H3
Imports,611594,COMTRADE-FINAL-CA0082009H3[2010-04-12].gz,H3
Imports,611595,COMTRADE-FINAL-CA0082009H3[2010-04-12].gz,H3
Imports,611596,COMTRADE-FINAL-CA0082009H3[2010-04-12].gz,H3
Imports,630630,COMTRADE-FINAL-CA0082009H3[2010-04-12].gz,H3
Imports,630640,COMTRADE-FINAL-CA0082009H3[2010-04-12].gz,H3
Imports,681181,COMTRADE-FINAL-CA0082009H3[2010-04-12].gz,H3
Imports,681182,COMTRADE-FINAL-CA0082009H3[2010-04-12].gz,H3
Imports,681183,COMTRADE-FINAL-CA0082009H3[2010-04-12].gz,H3
Imports,681189,COMTRADE-FINAL-CA0082009H3[2010-04-12].gz,H3
Imports,681280,COMTRADE-FINAL-CA0082009H3[2010-04-12].gz,H3
Imports,681291,COMTRADE-FINAL-CA0082009H3[2010-04-12].gz,H3
Imports,681292,COMTRADE-FINAL-CA0082009H3[2010-04-12].gz,H3
Imports,681293,COMTRADE-FINAL-CA0082009H3[2010-04-12].gz,H3
Imports,681299,COMTRADE-FINAL-CA0082009H3[2010-04-12].gz,H3
Imports,681320,COMTRADE-FINAL-CA0082009H3[2010-04-12].gz,H3
Imports,681381,COMTRADE-FINAL-CA0082009H3[2010-04-12].gz,H3
Imports,681389,COMTRADE-FINAL-CA0082009H3[2010-04-12].gz,H3
Imports,701322,COMTRADE-FINAL-CA0082009H3[2010-04-12].gz,H3
Imports,701328,COMTRADE-FINAL-CA0082009H3[2010-04-12].gz,H3
Imports,701333,COMTRADE-FINAL-CA0082009H3[2010-04-12].gz,H3
Imports,701337,COMTRADE-FINAL-CA0082009H3[2010-04-12].gz,H3
Imports,701341,COMTRADE-FINAL-CA0082009H3[2010-04-12].gz,H3
Imports,701342,COMTRADE-FINAL-CA0082009H3[2010-04-12].gz,H3
Imports,701349,COMTRADE-FINAL-CA0082009H3[2010-04-12].gz,H3
Imports,710510,COMTRADE-FINAL-CA0082009H3[2010-04-12].gz,H3
Imports,710900,COMTRADE-FINAL-CA0082009H3[2010-04-12].gz,H3
Imports,721922,COMTRADE-FINAL-CA0082009H3[2010-04-12].gz,H3
Imports,730411,COMTRADE-FINAL-CA0082009H3[2010-04-12].gz,H3
Imports,730419,COMTRADE-FINAL-CA0082009H3[2010-04-12].gz,H3
Imports,730422,COMTRADE-FINAL-CA0082009H3[2010-04-12].gz,H3
Imports,730423,COMTRADE-FINAL-CA0082009H3[2010-04-12].gz,H3
Imports,730424,COMTRADE-FINAL-CA0082009H3[2010-04-12].gz,H3
Imports,730611,COMTRADE-FINAL-CA0082009H3[2010-04-12].gz,H3
Imports,730619,COMTRADE-FINAL-CA0082009H3[2010-04-12].gz,H3
Imports,730621,COMTRADE-FINAL-CA0082009H3[2010-04-12].gz,H3
Imports,730629,COMTRADE-FINAL-CA0082009H3[2010-04-12].gz,H3
Imports,730661,COMTRADE-FINAL-CA0082009H3[2010-04-12].gz,H3
Imports,730669,COMTRADE-FINAL-CA0082009H3[2010-04-12].gz,H3
Imports,732119,COMTRADE-FINAL-CA0082009H3[2010-04-12].gz,H3
Imports,732189,COMTRADE-FINAL-CA0082009H3[2010-04-12].gz,H3
Imports,741122,COMTRADE-FINAL-CA0082009H3[2010-04-12].gz,H3
Imports,844313,COMTRADE-FINAL-CA0082009H3[2010-04-12].gz,H3
Imports,844315,COMTRADE-FINAL-CA0082009H3[2010-04-12].gz,H3
Imports,844317,COMTRADE-FINAL-CA0082009H3[2010-04-12].gz,H3
Imports,844331,COMTRADE-FINAL-CA0082009H3[2010-04-12].gz,H3
Imports,844332,COMTRADE-FINAL-CA0082009H3[2010-04-12].gz,H3
Imports,844339,COMTRADE-FINAL-CA0082009H3[2010-04-12].gz,H3
Imports,844391,COMTRADE-FINAL-CA0082009H3[2010-04-12].gz,H3
Imports,844399,COMTRADE-FINAL-CA0082009H3[2010-04-12].gz,H3
Imports,845690,COMTRADE-FINAL-CA0082009H3[2010-04-12].gz,H3
Imports,846900,COMTRADE-FINAL-CA0082009H3[2010-04-12].gz,H3
Imports,848620,COMTRADE-FINAL-CA0082009H3[2010-04-12].gz,H3
Imports,848640,COMTRADE-FINAL-CA0082009H3[2010-04-12].gz,H3
Imports,848690,COMTRADE-FINAL-CA0082009H3[2010-04-12].gz,H3
Imports,848710,COMTRADE-FINAL-CA0082009H3[2010-04-12].gz,H3
Imports,848790,COMTRADE-FINAL-CA0082009H3[2010-04-12].gz,H3
Imports,850811,COMTRADE-FINAL-CA0082009H3[2010-04-12].gz,H3
Imports,850819,COMTRADE-FINAL-CA0082009H3[2010-04-12].gz,H3
Imports,850860,COMTRADE-FINAL-CA0082009H3[2010-04-12].gz,H3
Imports,850870,COMTRADE-FINAL-CA0082009H3[2010-04-12].gz,H3
Imports,851712,COMTRADE-FINAL-CA0082009H3[2010-04-12].gz,H3
Imports,851718,COMTRADE-FINAL-CA0082009H3[2010-04-12].gz,H3
Imports,851761,COMTRADE-FINAL-CA0082009H3[2010-04-12].gz,H3
Imports,851762,COMTRADE-FINAL-CA0082009H3[2010-04-12].gz,H3
Imports,851769,COMTRADE-FINAL-CA0082009H3[2010-04-12].gz,H3
Imports,851770,COMTRADE-FINAL-CA0082009H3[2010-04-12].gz,H3
Imports,851920,COMTRADE-FINAL-CA0082009H3[2010-04-12].gz,H3
Imports,851930,COMTRADE-FINAL-CA0082009H3[2010-04-12].gz,H3
Imports,851950,COMTRADE-FINAL-CA0082009H3[2010-04-12].gz,H3
Imports,851981,COMTRADE-FINAL-CA0082009H3[2010-04-12].gz,H3
Imports,851989,COMTRADE-FINAL-CA0082009H3[2010-04-12].gz,H3
Imports,852321,COMTRADE-FINAL-CA0082009H3[2010-04-12].gz,H3
Imports,852329,COMTRADE-FINAL-CA0082009H3[2010-04-12].gz,H3
Imports,852340,COMTRADE-FINAL-CA0082009H3[2010-04-12].gz,H3
Imports,852351,COMTRADE-FINAL-CA0082009H3[2010-04-12].gz,H3
Imports,852352,COMTRADE-FINAL-CA0082009H3[2010-04-12].gz,H3
Imports,852359,COMTRADE-FINAL-CA0082009H3[2010-04-12].gz,H3
Imports,852380,COMTRADE-FINAL-CA0082009H3[2010-04-12].gz,H3
Imports,852550,COMTRADE-FINAL-CA0082009H3[2010-04-12].gz,H3
Imports,852560,COMTRADE-FINAL-CA0082009H3[2010-04-12].gz,H3
Imports,852580,COMTRADE-FINAL-CA0082009H3[2010-04-12].gz,H3
Imports,852791,COMTRADE-FINAL-CA0082009H3[2010-04-12].gz,H3
Imports,852792,COMTRADE-FINAL-CA0082009H3[2010-04-12].gz,H3
Imports,852799,COMTRADE-FINAL-CA0082009H3[2010-04-12].gz,H3
Imports,852841,COMTRADE-FINAL-CA0082009H3[2010-04-12].gz,H3
Imports,852849,COMTRADE-FINAL-CA0082009H3[2010-04-12].gz,H3
Imports,852851,COMTRADE-FINAL-CA0082009H3[2010-04-12].gz,H3
Imports,852859,COMTRADE-FINAL-CA0082009H3[2010-04-12].gz,H3
Imports,852861,COMTRADE-FINAL-CA0082009H3[2010-04-12].gz,H3
Imports,852869,COMTRADE-FINAL-CA0082009H3[2010-04-12].gz,H3
Imports,852871,COMTRADE-FINAL-CA0082009H3[2010-04-12].gz,H3
Imports,852872,COMTRADE-FINAL-CA0082009H3[2010-04-12].gz,H3
Imports,852873,COMTRADE-FINAL-CA0082009H3[2010-04-12].gz,H3
Imports,853670,COMTRADE-FINAL-CA0082009H3[2010-04-12].gz,H3
Imports,854231,COMTRADE-FINAL-CA0082009H3[2010-04-12].gz,H3
Imports,854232,COMTRADE-FINAL-CA0082009H3[2010-04-12].gz,H3
Imports,854233,COMTRADE-FINAL-CA0082009H3[2010-04-12].gz,H3
Imports,854239,COMTRADE-FINAL-CA0082009H3[2010-04-12].gz,H3
Imports,854370,COMTRADE-FINAL-CA0082009H3[2010-04-12].gz,H3
Imports,854442,COMTRADE-FINAL-CA0082009H3[2010-04-12].gz,H3
Imports,870830,COMTRADE-FINAL-CA0082009H3[2010-04-12].gz,H3
Imports,870895,COMTRADE-FINAL-CA0082009H3[2010-04-12].gz,H3
Imports,880100,COMTRADE-FINAL-CA0082009H3[2010-04-12].gz,H3
Imports,903032,COMTRADE-FINAL-CA0082009H3[2010-04-12].gz,H3
Imports,903033,COMTRADE-FINAL-CA0082009H3[2010-04-12].gz,H3
Imports,903084,COMTRADE-FINAL-CA0082009H3[2010-04-12].gz,H3
Imports,940151,COMTRADE-FINAL-CA0082009H3[2010-04-12].gz,H3
Imports,940159,COMTRADE-FINAL-CA0082009H3[2010-04-12].gz,H3
Imports,940381,COMTRADE-FINAL-CA0082009H3[2010-04-12].gz,H3
Imports,940389,COMTRADE-FINAL-CA0082009H3[2010-04-12].gz,H3
Imports,950300,COMTRADE-FINAL-CA0082009H3[2010-04-12].gz,H3
Imports,961400,COMTRADE-FINAL-CA0082009H3[2010-04-12].gz,H3
Exports,030322,COMTRADE-FINAL-CA0082010H3[2011-04-08].gz,H3
Exports,030377,COMTRADE-FINAL-CA0082010H3[2011-04-08].gz,H3
Exports,040299,COMTRADE-FINAL-CA0082010H3[2011-04-08].gz,H3
Exports,040811,COMTRADE-FINAL-CA0082010H3[2011-04-08].gz,H3
Exports,070420,COMTRADE-FINAL-CA0082010H3[2011-04-08].gz,H3
Exports,070529,COMTRADE-FINAL-CA0082010H3[2011-04-08].gz,H3
Exports,071021,COMTRADE-FINAL-CA0082010H3[2011-04-08].gz,H3
Exports,071030,COMTRADE-FINAL-CA0082010H3[2011-04-08].gz,H3
Exports,071159,COMTRADE-FINAL-CA0082010H3[2011-04-08].gz,H3
Exports,081050,COMTRADE-FINAL-CA0082010H3[2011-04-08].gz,H3
Exports,081320,COMTRADE-FINAL-CA0082010H3[2011-04-08].gz,H3
Exports,110812,COMTRADE-FINAL-CA0082010H3[2011-04-08].gz,H3
Exports,160414,COMTRADE-FINAL-CA0082010H3[2011-04-08].gz,H3
Exports,170240,COMTRADE-FINAL-CA0082010H3[2011-04-08].gz,H3
Exports,200941,COMTRADE-FINAL-CA0082010H3[2011-04-08].gz,H3
Exports,210111,COMTRADE-FINAL-CA0082010H3[2011-04-08].gz,H3
Exports,210210,COMTRADE-FINAL-CA0082010H3[2011-04-08].gz,H3
Exports,252921,COMTRADE-FINAL-CA0082010H3[2011-04-08].gz,H3
Exports,282619,COMTRADE-FINAL-CA0082010H3[2011-04-08].gz,H3
Exports,290315,COMTRADE-FINAL-CA0082010H3[2011-04-08].gz,H3
Exports,290949,COMTRADE-FINAL-CA0082010H3[2011-04-08].gz,H3
Exports,292121,COMTRADE-FINAL-CA0082010H3[2011-04-08].gz,H3
Exports,300510,COMTRADE-FINAL-CA0082010H3[2011-04-08].gz,H3
Exports,300620,COMTRADE-FINAL-CA0082010H3[2011-04-08].gz,H3
Exports,300650,COMTRADE-FINAL-CA0082010H3[2011-04-08].gz,H3
Exports,310590,COMTRADE-FINAL-CA0082010H3[2011-04-08].gz,H3
Exports,320290,COMTRADE-FINAL-CA0082010H3[2011-04-08].gz,H3
Exports,320611,COMTRADE-FINAL-CA0082010H3[2011-04-08].gz,H3
Exports,330610,COMTRADE-FINAL-CA0082010H3[2011-04-08].gz,H3
Exports,350710,COMTRADE-FINAL-CA0082010H3[2011-04-08].gz,H3
Exports,380630,COMTRADE-FINAL-CA0082010H3[2011-04-08].gz,H3
Exports,380899,COMTRADE-FINAL-CA0082010H3[2011-04-08].gz,H3
Exports,380991,COMTRADE-FINAL-CA0082010H3[2011-04-08].gz,H3
Exports,382569,COMTRADE-FINAL-CA0082010H3[2011-04-08].gz,H3
Exports,391520,COMTRADE-FINAL-CA0082010H3[2011-04-08].gz,H3
Exports,392043,COMTRADE-FINAL-CA0082010H3[2011-04-08].gz,H3
Exports,400921,COMTRADE-FINAL-CA0082010H3[2011-04-08].gz,H3
Exports,400922,COMTRADE-FINAL-CA0082010H3[2011-04-08].gz,H3
Exports,401163,COMTRADE-FINAL-CA0082010H3[2011-04-08].gz,H3
Exports,401694,COMTRADE-FINAL-CA0082010H3[2011-04-08].gz,H3
Exports,430220,COMTRADE-FINAL-CA0082010H3[2011-04-08].gz,H3
Exports,441114,COMTRADE-FINAL-CA0082010H3[2011-04-08].gz,H3
Exports,441194,COMTRADE-FINAL-CA0082010H3[2011-04-08].gz,H3
Exports,441232,COMTRADE-FINAL-CA0082010H3[2011-04-08].gz,H3
Exports,441872,COMTRADE-FINAL-CA0082010H3[2011-04-08].gz,H3
Exports,450490,COMTRADE-FINAL-CA0082010H3[2011-04-08].gz,H3
Exports,460193,COMTRADE-FINAL-CA0082010H3[2011-04-08].gz,H3
Exports,482369,COMTRADE-FINAL-CA0082010H3[2011-04-08].gz,H3
Exports,520210,COMTRADE-FINAL-CA0082010H3[2011-04-08].gz,H3
Exports,520919,COMTRADE-FINAL-CA0082010H3[2011-04-08].gz,H3
Exports,521032,COMTRADE-FINAL-CA0082010H3[2011-04-08].gz,H3
Exports,530610,COMTRADE-FINAL-CA0082010H3[2011-04-08].gz,H3
Exports,530919,COMTRADE-FINAL-CA0082010H3[2011-04-08].gz,H3
Exports,540259,COMTRADE-FINAL-CA0082010H3[2011-04-08].gz,H3
Exports,540349,COMTRADE-FINAL-CA0082010H3[2011-04-08].gz,H3
Exports,540742,COMTRADE-FINAL-CA0082010H3[2011-04-08].gz,H3
Exports,551319,COMTRADE-FINAL-CA0082010H3[2011-04-08].gz,H3
Exports,551321,COMTRADE-FINAL-CA0082010H3[2011-04-08].gz,H3
Exports,551611,COMTRADE-FINAL-CA0082010H3[2011-04-08].gz,H3
Exports,560290,COMTRADE-FINAL-CA0082010H3[2011-04-08].gz,H3
Exports,560312,COMTRADE-FINAL-CA0082010H3[2011-04-08].gz,H3
Exports,560313,COMTRADE-FINAL-CA0082010H3[2011-04-08].gz,H3
Exports,591110,COMTRADE-FINAL-CA0082010H3[2011-04-08].gz,H3
Exports,600490,COMTRADE-FINAL-CA0082010H3[2011-04-08].gz,H3
Exports,600642,COMTRADE-FINAL-CA0082010H3[2011-04-08].gz,H3
Exports,611521,COMTRADE-FINAL-CA0082010H3[2011-04-08].gz,H3
Exports,611594,COMTRADE-FINAL-CA0082010H3[2011-04-08].gz,H3
Exports,630319,COMTRADE-FINAL-CA0082010H3[2011-04-08].gz,H3
Exports,660320,COMTRADE-FINAL-CA0082010H3[2011-04-08].gz,H3
Exports,660390,COMTRADE-FINAL-CA0082010H3[2011-04-08].gz,H3
Exports,680911,COMTRADE-FINAL-CA0082010H3[2011-04-08].gz,H3
Exports,700220,COMTRADE-FINAL-CA0082010H3[2011-04-08].gz,H3
Exports,700719,COMTRADE-FINAL-CA0082010H3[2011-04-08].gz,H3
Exports,701322,COMTRADE-FINAL-CA0082010H3[2011-04-08].gz,H3
Exports,701951,COMTRADE-FINAL-CA0082010H3[2011-04-08].gz,H3
Exports,720250,COMTRADE-FINAL-CA0082010H3[2011-04-08].gz,H3
Exports,720827,COMTRADE-FINAL-CA0082010H3[2011-04-08].gz,H3
Exports,720926,COMTRADE-FINAL-CA0082010H3[2011-04-08].gz,H3
Exports,721914,COMTRADE-FINAL-CA0082010H3[2011-04-08].gz,H3
Exports,730411,COMTRADE-FINAL-CA0082010H3[2011-04-08].gz,H3
Exports,730419,COMTRADE-FINAL-CA0082010H3[2011-04-08].gz,H3
Exports,730619,COMTRADE-FINAL-CA0082010H3[2011-04-08].gz,H3
Exports,730629,COMTRADE-FINAL-CA0082010H3[2011-04-08].gz,H3
Exports,730722,COMTRADE-FINAL-CA0082010H3[2011-04-08].gz,H3
Exports,730792,COMTRADE-FINAL-CA0082010H3[2011-04-08].gz,H3
Exports,732189,COMTRADE-FINAL-CA0082010H3[2011-04-08].gz,H3
Exports,732394,COMTRADE-FINAL-CA0082010H3[2011-04-08].gz,H3
Exports,740990,COMTRADE-FINAL-CA0082010H3[2011-04-08].gz,H3
Exports,741110,COMTRADE-FINAL-CA0082010H3[2011-04-08].gz,H3
Exports,810590,COMTRADE-FINAL-CA0082010H3[2011-04-08].gz,H3
Exports,820530,COMTRADE-FINAL-CA0082010H3[2011-04-08].gz,H3
Exports,830790,COMTRADE-FINAL-CA0082010H3[2011-04-08].gz,H3
Exports,840219,COMTRADE-FINAL-CA0082010H3[2011-04-08].gz,H3
Exports,840590,COMTRADE-FINAL-CA0082010H3[2011-04-08].gz,H3
Exports,841280,COMTRADE-FINAL-CA0082010H3[2011-04-08].gz,H3
Exports,841290,COMTRADE-FINAL-CA0082010H3[2011-04-08].gz,H3
Exports,842860,COMTRADE-FINAL-CA0082010H3[2011-04-08].gz,H3
Exports,843410,COMTRADE-FINAL-CA0082010H3[2011-04-08].gz,H3
Exports,845521,COMTRADE-FINAL-CA0082010H3[2011-04-08].gz,H3
Exports,845690,COMTRADE-FINAL-CA0082010H3[2011-04-08].gz,H3
Exports,846900,COMTRADE-FINAL-CA0082010H3[2011-04-08].gz,H3
Exports,847210,COMTRADE-FINAL-CA0082010H3[2011-04-08].gz,H3
Exports,847950,COMTRADE-FINAL-CA0082010H3[2011-04-08].gz,H3
Exports,848071,COMTRADE-FINAL-CA0082010H3[2011-04-08].gz,H3
Exports,848240,COMTRADE-FINAL-CA0082010H3[2011-04-08].gz,H3
Exports,848360,COMTRADE-FINAL-CA0082010H3[2011-04-08].gz,H3
Exports,850819,COMTRADE-FINAL-CA0082010H3[2011-04-08].gz,H3
Exports,851020,COMTRADE-FINAL-CA0082010H3[2011-04-08].gz,H3
Exports,851490,COMTRADE-FINAL-CA0082010H3[2011-04-08].gz,H3
Exports,851531,COMTRADE-FINAL-CA0082010H3[2011-04-08].gz,H3
Exports,851821,COMTRADE-FINAL-CA0082010H3[2011-04-08].gz,H3
Exports,852719,COMTRADE-FINAL-CA0082010H3[2011-04-08].gz,H3
Exports,852841,COMTRADE-FINAL-CA0082010H3[2011-04-08].gz,H3
Exports,852849,COMTRADE-FINAL-CA0082010H3[2011-04-08].gz,H3
Exports,853931,COMTRADE-FINAL-CA0082010H3[2011-04-08].gz,H3
Exports,854231,COMTRADE-FINAL-CA0082010H3[2011-04-08].gz,H3
Exports,854232,COMTRADE-FINAL-CA0082010H3[2011-04-08].gz,H3
Exports,854610,COMTRADE-FINAL-CA0082010H3[2011-04-08].gz,H3
Exports,860500,COMTRADE-FINAL-CA0082010H3[2011-04-08].gz,H3
Exports,870830,COMTRADE-FINAL-CA0082010H3[2011-04-08].gz,H3
Exports,901060,COMTRADE-FINAL-CA0082010H3[2011-04-08].gz,H3
Exports,901190,COMTRADE-FINAL-CA0082010H3[2011-04-08].gz,H3
Exports,901490,COMTRADE-FINAL-CA0082010H3[2011-04-08].gz,H3
Exports,902131,COMTRADE-FINAL-CA0082010H3[2011-04-08].gz,H3
Exports,902213,COMTRADE-FINAL-CA0082010H3[2011-04-08].gz,H3
Exports,902230,COMTRADE-FINAL-CA0082010H3[2011-04-08].gz,H3
Exports,903031,COMTRADE-FINAL-CA0082010H3[2011-04-08].gz,H3
Exports,903120,COMTRADE-FINAL-CA0082010H3[2011-04-08].gz,H3
Exports,910111,COMTRADE-FINAL-CA0082010H3[2011-04-08].gz,H3
Exports,910219,COMTRADE-FINAL-CA0082010H3[2011-04-08].gz,H3
Exports,910690,COMTRADE-FINAL-CA0082010H3[2011-04-08].gz,H3
Exports,920890,COMTRADE-FINAL-CA0082010H3[2011-04-08].gz,H3
Exports,940592,COMTRADE-FINAL-CA0082010H3[2011-04-08].gz,H3
Exports,960329,COMTRADE-FINAL-CA0082010H3[2011-04-08].gz,H3
Exports,961511,COMTRADE-FINAL-CA0082010H3[2011-04-08].gz,H3
Imports,030342,COMTRADE-FINAL-CA0082010H3[2011-04-08].gz,H3
Imports,030421,COMTRADE-FINAL-CA0082010H3[2011-04-08].gz,H3
Imports,030499,COMTRADE-FINAL-CA0082010H3[2011-04-08].gz,H3
Imports,030622,COMTRADE-FINAL-CA0082010H3[2011-04-08].gz,H3
Imports,030760,COMTRADE-FINAL-CA0082010H3[2011-04-08].gz,H3
Imports,121291,COMTRADE-FINAL-CA0082010H3[2011-04-08].gz,H3
Imports,250620,COMTRADE-FINAL-CA0082010H3[2011-04-08].gz,H3
Imports,262040,COMTRADE-FINAL-CA0082010H3[2011-04-08].gz,H3
Imports,290241,COMTRADE-FINAL-CA0082010H3[2011-04-08].gz,H3
Imports,291733,COMTRADE-FINAL-CA0082010H3[2011-04-08].gz,H3
Imports,293030,COMTRADE-FINAL-CA0082010H3[2011-04-08].gz,H3
Imports,293331,COMTRADE-FINAL-CA0082010H3[2011-04-08].gz,H3
Imports,300691,COMTRADE-FINAL-CA0082010H3[2011-04-08].gz,H3
Imports,382481,COMTRADE-FINAL-CA0082010H3[2011-04-08].gz,H3
Imports,382549,COMTRADE-FINAL-CA0082010H3[2011-04-08].gz,H3
Imports,440794,COMTRADE-FINAL-CA0082010H3[2011-04-08].gz,H3
Imports,510510,COMTRADE-FINAL-CA0082010H3[2011-04-08].gz,H3
Imports,520533,COMTRADE-FINAL-CA0082010H3[2011-04-08].gz,H3
Imports,540244,COMTRADE-FINAL-CA0082010H3[2011-04-08].gz,H3
Imports,540247,COMTRADE-FINAL-CA0082010H3[2011-04-08].gz,H3
Imports,540500,COMTRADE-FINAL-CA0082010H3[2011-04-08].gz,H3
Imports,600641,COMTRADE-FINAL-CA0082010H3[2011-04-08].gz,H3
Imports,681140,COMTRADE-FINAL-CA0082010H3[2011-04-08].gz,H3
Imports,710812,COMTRADE-FINAL-CA0082010H3[2011-04-08].gz,H3
Imports,720249,COMTRADE-FINAL-CA0082010H3[2011-04-08].gz,H3
Imports,810197,COMTRADE-FINAL-CA0082010H3[2011-04-08].gz,H3
Imports,844314,COMTRADE-FINAL-CA0082010H3[2011-04-08].gz,H3
Imports,844316,COMTRADE-FINAL-CA0082010H3[2011-04-08].gz,H3
Imports,854310,COMTRADE-FINAL-CA0082010H3[2011-04-08].gz,H3
Imports,911420,COMTRADE-FINAL-CA0082010H3[2011-04-08].gz,H3
Exports,030332,COMTRADE-FINAL-CA0082011H3[2012-05-18].gz,H3
Exports,030374,COMTRADE-FINAL-CA0082011H3[2012-05-18].gz,H3
Exports,040221,COMTRADE-FINAL-CA0082011H3[2012-05-18].gz,H3
Exports,051199,COMTRADE-FINAL-CA0082011H3[2012-05-18].gz,H3
Exports,071040,COMTRADE-FINAL-CA0082011H3[2012-05-18].gz,H3
Exports,081020,COMTRADE-FINAL-CA0082011H3[2012-05-18].gz,H3
Exports,110510,COMTRADE-FINAL-CA0082011H3[2012-05-18].gz,H3
Exports,110819,COMTRADE-FINAL-CA0082011H3[2012-05-18].gz,H3
Exports,120740,COMTRADE-FINAL-CA0082011H3[2012-05-18].gz,H3
Exports,120921,COMTRADE-FINAL-CA0082011H3[2012-05-18].gz,H3
Exports,121220,COMTRADE-FINAL-CA0082011H3[2012-05-18].gz,H3
Exports,230500,COMTRADE-FINAL-CA0082011H3[2012-05-18].gz,H3
Exports,250860,COMTRADE-FINAL-CA0082011H3[2012-05-18].gz,H3
Exports,251830,COMTRADE-FINAL-CA0082011H3[2012-05-18].gz,H3
Exports,252910,COMTRADE-FINAL-CA0082011H3[2012-05-18].gz,H3
Exports,280620,COMTRADE-FINAL-CA0082011H3[2012-05-18].gz,H3
Exports,283090,COMTRADE-FINAL-CA0082011H3[2012-05-18].gz,H3
Exports,285300,COMTRADE-FINAL-CA0082011H3[2012-05-18].gz,H3
Exports,290312,COMTRADE-FINAL-CA0082011H3[2012-05-18].gz,H3
Exports,290512,COMTRADE-FINAL-CA0082011H3[2012-05-18].gz,H3
Exports,291620,COMTRADE-FINAL-CA0082011H3[2012-05-18].gz,H3
Exports,291631,COMTRADE-FINAL-CA0082011H3[2012-05-18].gz,H3
Exports,293690,COMTRADE-FINAL-CA0082011H3[2012-05-18].gz,H3
Exports,300431,COMTRADE-FINAL-CA0082011H3[2012-05-18].gz,H3
Exports,300432,COMTRADE-FINAL-CA0082011H3[2012-05-18].gz,H3
Exports,330690,COMTRADE-FINAL-CA0082011H3[2012-05-18].gz,H3
Exports,381300,COMTRADE-FINAL-CA0082011H3[2012-05-18].gz,H3
Exports,390610,COMTRADE-FINAL-CA0082011H3[2012-05-18].gz,H3
Exports,390710,COMTRADE-FINAL-CA0082011H3[2012-05-18].gz,H3
Exports,391610,COMTRADE-FINAL-CA0082011H3[2012-05-18].gz,H3
Exports,400931,COMTRADE-FINAL-CA0082011H3[2012-05-18].gz,H3
Exports,400932,COMTRADE-FINAL-CA0082011H3[2012-05-18].gz,H3
Exports,401031,COMTRADE-FINAL-CA0082011H3[2012-05-18].gz,H3
Exports,401039,COMTRADE-FINAL-CA0082011H3[2012-05-18].gz,H3
Exports,401161,COMTRADE-FINAL-CA0082011H3[2012-05-18].gz,H3
Exports,401169,COMTRADE-FINAL-CA0082011H3[2012-05-18].gz,H3
Exports,401691,COMTRADE-FINAL-CA0082011H3[2012-05-18].gz,H3
Exports,410692,COMTRADE-FINAL-CA0082011H3[2012-05-18].gz,H3
Exports,420600,COMTRADE-FINAL-CA0082011H3[2012-05-18].gz,H3
Exports,441192,COMTRADE-FINAL-CA0082011H3[2012-05-18].gz,H3
Exports,441850,COMTRADE-FINAL-CA0082011H3[2012-05-18].gz,H3
Exports,480441,COMTRADE-FINAL-CA0082011H3[2012-05-18].gz,H3
Exports,480920,COMTRADE-FINAL-CA0082011H3[2012-05-18].gz,H3
Exports,481019,COMTRADE-FINAL-CA0082011H3[2012-05-18].gz,H3
Exports,500720,COMTRADE-FINAL-CA0082011H3[2012-05-18].gz,H3
Exports,510219,COMTRADE-FINAL-CA0082011H3[2012-05-18].gz,H3
Exports,510510,COMTRADE-FINAL-CA0082011H3[2012-05-18].gz,H3
Exports,520300,COMTRADE-FINAL-CA0082011H3[2012-05-18].gz,H3
Exports,521139,COMTRADE-FINAL-CA0082011H3[2012-05-18].gz,H3
Exports,540234,COMTRADE-FINAL-CA0082011H3[2012-05-18].gz,H3
Exports,540411,COMTRADE-FINAL-CA0082011H3[2012-05-18].gz,H3
Exports,540810,COMTRADE-FINAL-CA0082011H3[2012-05-18].gz,H3
Exports,551130,COMTRADE-FINAL-CA0082011H3[2012-05-18].gz,H3
Exports,551599,COMTRADE-FINAL-CA0082011H3[2012-05-18].gz,H3
Exports,560394,COMTRADE-FINAL-CA0082011H3[2012-05-18].gz,H3
Exports,560819,COMTRADE-FINAL-CA0082011H3[2012-05-18].gz,H3
Exports,570241,COMTRADE-FINAL-CA0082011H3[2012-05-18].gz,H3
Exports,580810,COMTRADE-FINAL-CA0082011H3[2012-05-18].gz,H3
Exports,600533,COMTRADE-FINAL-CA0082011H3[2012-05-18].gz,H3
Exports,680690,COMTRADE-FINAL-CA0082011H3[2012-05-18].gz,H3
Exports,681183,COMTRADE-FINAL-CA0082011H3[2012-05-18].gz,H3
Exports,700320,COMTRADE-FINAL-CA0082011H3[2012-05-18].gz,H3
Exports,700330,COMTRADE-FINAL-CA0082011H3[2012-05-18].gz,H3
Exports,701931,COMTRADE-FINAL-CA0082011H3[2012-05-18].gz,H3
Exports,701939,COMTRADE-FINAL-CA0082011H3[2012-05-18].gz,H3
Exports,720836,COMTRADE-FINAL-CA0082011H3[2012-05-18].gz,H3
Exports,720853,COMTRADE-FINAL-CA0082011H3[2012-05-18].gz,H3
Exports,720917,COMTRADE-FINAL-CA0082011H3[2012-05-18].gz,H3
Exports,721499,COMTRADE-FINAL-CA0082011H3[2012-05-18].gz,H3
Exports,722012,COMTRADE-FINAL-CA0082011H3[2012-05-18].gz,H3
Exports,730424,COMTRADE-FINAL-CA0082011H3[2012-05-18].gz,H3
Exports,730519,COMTRADE-FINAL-CA0082011H3[2012-05-18].gz,H3
Exports,730611,COMTRADE-FINAL-CA0082011H3[2012-05-18].gz,H3
Exports,731419,COMTRADE-FINAL-CA0082011H3[2012-05-18].gz,H3
Exports,731816,COMTRADE-FINAL-CA0082011H3[2012-05-18].gz,H3
Exports,731822,COMTRADE-FINAL-CA0082011H3[2012-05-18].gz,H3
Exports,731823,COMTRADE-FINAL-CA0082011H3[2012-05-18].gz,H3
Exports,750720,COMTRADE-FINAL-CA0082011H3[2012-05-18].gz,H3
Exports,761490,COMTRADE-FINAL-CA0082011H3[2012-05-18].gz,H3
Exports,810420,COMTRADE-FINAL-CA0082011H3[2012-05-18].gz,H3
Exports,821420,COMTRADE-FINAL-CA0082011H3[2012-05-18].gz,H3
Exports,840729,COMTRADE-FINAL-CA0082011H3[2012-05-18].gz,H3
Exports,841420,COMTRADE-FINAL-CA0082011H3[2012-05-18].gz,H3
Exports,843319,COMTRADE-FINAL-CA0082011H3[2012-05-18].gz,H3
Exports,843351,COMTRADE-FINAL-CA0082011H3[2012-05-18].gz,H3
Exports,843590,COMTRADE-FINAL-CA0082011H3[2012-05-18].gz,H3
Exports,844130,COMTRADE-FINAL-CA0082011H3[2012-05-18].gz,H3
Exports,844190,COMTRADE-FINAL-CA0082011H3[2012-05-18].gz,H3
Exports,844312,COMTRADE-FINAL-CA0082011H3[2012-05-18].gz,H3
Exports,846039,COMTRADE-FINAL-CA0082011H3[2012-05-18].gz,H3
Exports,846310,COMTRADE-FINAL-CA0082011H3[2012-05-18].gz,H3
Exports,847689,COMTRADE-FINAL-CA0082011H3[2012-05-18].gz,H3
Exports,847960,COMTRADE-FINAL-CA0082011H3[2012-05-18].gz,H3
Exports,848790,COMTRADE-FINAL-CA0082011H3[2012-05-18].gz,H3
Exports,850650,COMTRADE-FINAL-CA0082011H3[2012-05-18].gz,H3
Exports,851310,COMTRADE-FINAL-CA0082011H3[2012-05-18].gz,H3
Exports,852791,COMTRADE-FINAL-CA0082011H3[2012-05-18].gz,H3
Exports,860729,COMTRADE-FINAL-CA0082011H3[2012-05-18].gz,H3
Exports,871190,COMTRADE-FINAL-CA0082011H3[2012-05-18].gz,H3
Exports,871390,COMTRADE-FINAL-CA0082011H3[2012-05-18].gz,H3
Exports,900211,COMTRADE-FINAL-CA0082011H3[2012-05-18].gz,H3
Exports,900653,COMTRADE-FINAL-CA0082011H3[2012-05-18].gz,H3
Exports,900699,COMTRADE-FINAL-CA0082011H3[2012-05-18].gz,H3
Exports,901811,COMTRADE-FINAL-CA0082011H3[2012-05-18].gz,H3
Exports,902139,COMTRADE-FINAL-CA0082011H3[2012-05-18].gz,H3
Exports,902190,COMTRADE-FINAL-CA0082011H3[2012-05-18].gz,H3
Exports,902511,COMTRADE-FINAL-CA0082011H3[2012-05-18].gz,H3
Exports,902680,COMTRADE-FINAL-CA0082011H3[2012-05-18].gz,H3
Exports,902820,COMTRADE-FINAL-CA0082011H3[2012-05-18].gz,H3
Exports,910291,COMTRADE-FINAL-CA0082011H3[2012-05-18].gz,H3
Exports,960719,COMTRADE-FINAL-CA0082011H3[2012-05-18].gz,H3
Exports,961210,COMTRADE-FINAL-CA0082011H3[2012-05-18].gz,H3
Exports,961519,COMTRADE-FINAL-CA0082011H3[2012-05-18].gz,H3
Exports,970500,COMTRADE-FINAL-CA0082011H3[2012-05-18].gz,H3
Imports,030343,COMTRADE-FINAL-CA0082011H3[2012-05-18].gz,H3
Imports,200591,COMTRADE-FINAL-CA0082011H3[2012-05-18].gz,H3
Imports,251620,COMTRADE-FINAL-CA0082011H3[2012-05-18].gz,H3
Imports,262099,COMTRADE-FINAL-CA0082011H3[2012-05-18].gz,H3
Imports,284310,COMTRADE-FINAL-CA0082011H3[2012-05-18].gz,H3
Imports,290715,COMTRADE-FINAL-CA0082011H3[2012-05-18].gz,H3
Imports,293379,COMTRADE-FINAL-CA0082011H3[2012-05-18].gz,H3
Imports,293919,COMTRADE-FINAL-CA0082011H3[2012-05-18].gz,H3
Imports,293949,COMTRADE-FINAL-CA0082011H3[2012-05-18].gz,H3
Imports,381512,COMTRADE-FINAL-CA0082011H3[2012-05-18].gz,H3
Imports,382478,COMTRADE-FINAL-CA0082011H3[2012-05-18].gz,H3
Imports,440727,COMTRADE-FINAL-CA0082011H3[2012-05-18].gz,H3
Imports,441210,COMTRADE-FINAL-CA0082011H3[2012-05-18].gz,H3
Imports,530810,COMTRADE-FINAL-CA0082011H3[2012-05-18].gz,H3
Imports,540211,COMTRADE-FINAL-CA0082011H3[2012-05-18].gz,H3
Imports,811212,COMTRADE-FINAL-CA0082011H3[2012-05-18].gz,H3
Imports,854050,COMTRADE-FINAL-CA0082011H3[2012-05-18].gz,H3
Imports,854071,COMTRADE-FINAL-CA0082011H3[2012-05-18].gz,H3
Imports,860290,COMTRADE-FINAL-CA0082011H3[2012-05-18].gz,H3
Imports,880212,COMTRADE-FINAL-CA0082011H3[2012-05-18].gz,H3
Imports,950621,COMTRADE-FINAL-CA0082011H3[2012-05-18].gz,H3
Exports,020726,COMTRADE-FINAL-CA0082012H4[2013-05-04].gz,H4
Exports,030213,COMTRADE-FINAL-CA0082012H4[2013-05-04].gz,H4
Exports,030243,COMTRADE-FINAL-CA0082012H4[2013-05-04].gz,H4
Exports,030251,COMTRADE-FINAL-CA0082012H4[2013-05-04].gz,H4
Exports,030252,COMTRADE-FINAL-CA0082012H4[2013-05-04].gz,H4
Exports,030254,COMTRADE-FINAL-CA0082012H4[2013-05-04].gz,H4
Exports,030259,COMTRADE-FINAL-CA0082012H4[2013-05-04].gz,H4
Exports,030284,COMTRADE-FINAL-CA0082012H4[2013-05-04].gz,H4
Exports,030285,COMTRADE-FINAL-CA0082012H4[2013-05-04].gz,H4
Exports,030289,COMTRADE-FINAL-CA0082012H4[2013-05-04].gz,H4
Exports,030333,COMTRADE-FINAL-CA0082012H4[2013-05-04].gz,H4
Exports,030353,COMTRADE-FINAL-CA0082012H4[2013-05-04].gz,H4
Exports,030366,COMTRADE-FINAL-CA0082012H4[2013-05-04].gz,H4
Exports,030384,COMTRADE-FINAL-CA0082012H4[2013-05-04].gz,H4
Exports,030389,COMTRADE-FINAL-CA0082012H4[2013-05-04].gz,H4
Exports,030449,COMTRADE-FINAL-CA0082012H4[2013-05-04].gz,H4
Exports,030617,COMTRADE-FINAL-CA0082012H4[2013-05-04].gz,H4
Exports,030627,COMTRADE-FINAL-CA0082012H4[2013-05-04].gz,H4
Exports,030711,COMTRADE-FINAL-CA0082012H4[2013-05-04].gz,H4
Exports,040711,COMTRADE-FINAL-CA0082012H4[2013-05-04].gz,H4
Exports,040719,COMTRADE-FINAL-CA0082012H4[2013-05-04].gz,H4
Exports,040721,COMTRADE-FINAL-CA0082012H4[2013-05-04].gz,H4
Exports,040790,COMTRADE-FINAL-CA0082012H4[2013-05-04].gz,H4
Exports,070992,COMTRADE-FINAL-CA0082012H4[2013-05-04].gz,H4
Exports,070993,COMTRADE-FINAL-CA0082012H4[2013-05-04].gz,H4
Exports,070999,COMTRADE-FINAL-CA0082012H4[2013-05-04].gz,H4
Exports,071320,COMTRADE-FINAL-CA0082012H4[2013-05-04].gz,H4
Exports,080119,COMTRADE-FINAL-CA0082012H4[2013-05-04].gz,H4
Exports,080241,COMTRADE-FINAL-CA0082012H4[2013-05-04].gz,H4
Exports,080242,COMTRADE-FINAL-CA0082012H4[2013-05-04].gz,H4
Exports,080440,COMTRADE-FINAL-CA0082012H4[2013-05-04].gz,H4
Exports,080830,COMTRADE-FINAL-CA0082012H4[2013-05-04].gz,H4
Exports,080840,COMTRADE-FINAL-CA0082012H4[2013-05-04].gz,H4
Exports,080921,COMTRADE-FINAL-CA0082012H4[2013-05-04].gz,H4
Exports,080929,COMTRADE-FINAL-CA0082012H4[2013-05-04].gz,H4
Exports,081010,COMTRADE-FINAL-CA0082012H4[2013-05-04].gz,H4
Exports,081070,COMTRADE-FINAL-CA0082012H4[2013-05-04].gz,H4
Exports,081310,COMTRADE-FINAL-CA0082012H4[2013-05-04].gz,H4
Exports,090190,COMTRADE-FINAL-CA0082012H4[2013-05-04].gz,H4
Exports,090240,COMTRADE-FINAL-CA0082012H4[2013-05-04].gz,H4
Exports,090921,COMTRADE-FINAL-CA0082012H4[2013-05-04].gz,H4
Exports,090961,COMTRADE-FINAL-CA0082012H4[2013-05-04].gz,H4
Exports,110710,COMTRADE-FINAL-CA0082012H4[2013-05-04].gz,H4
Exports,120930,COMTRADE-FINAL-CA0082012H4[2013-05-04].gz,H4
Exports,121229,COMTRADE-FINAL-CA0082012H4[2013-05-04].gz,H4
Exports,151190,COMTRADE-FINAL-CA0082012H4[2013-05-04].gz,H4
Exports,160521,COMTRADE-FINAL-CA0082012H4[2013-05-04].gz,H4
Exports,160559,COMTRADE-FINAL-CA0082012H4[2013-05-04].gz,H4
Exports,160569,COMTRADE-FINAL-CA0082012H4[2013-05-04].gz,H4
Exports,190120,COMTRADE-FINAL-CA0082012H4[2013-05-04].gz,H4
Exports,220430,COMTRADE-FINAL-CA0082012H4[2013-05-04].gz,H4
Exports,260120,COMTRADE-FINAL-CA0082012H4[2013-05-04].gz,H4
Exports,271012,COMTRADE-FINAL-CA0082012H4[2013-05-04].gz,H4
Exports,280110,COMTRADE-FINAL-CA0082012H4[2013-05-04].gz,H4
Exports,291512,COMTRADE-FINAL-CA0082012H4[2013-05-04].gz,H4
Exports,293090,COMTRADE-FINAL-CA0082012H4[2013-05-04].gz,H4
Exports,293353,COMTRADE-FINAL-CA0082012H4[2013-05-04].gz,H4
Exports,300692,COMTRADE-FINAL-CA0082012H4[2013-05-04].gz,H4
Exports,320419,COMTRADE-FINAL-CA0082012H4[2013-05-04].gz,H4
Exports,320619,COMTRADE-FINAL-CA0082012H4[2013-05-04].gz,H4
Exports,320720,COMTRADE-FINAL-CA0082012H4[2013-05-04].gz,H4
Exports,370239,COMTRADE-FINAL-CA0082012H4[2013-05-04].gz,H4
Exports,390519,COMTRADE-FINAL-CA0082012H4[2013-05-04].gz,H4
Exports,390920,COMTRADE-FINAL-CA0082012H4[2013-05-04].gz,H4
Exports,392062,COMTRADE-FINAL-CA0082012H4[2013-05-04].gz,H4
Exports,392091,COMTRADE-FINAL-CA0082012H4[2013-05-04].gz,H4
Exports,400510,COMTRADE-FINAL-CA0082012H4[2013-05-04].gz,H4
Exports,401012,COMTRADE-FINAL-CA0082012H4[2013-05-04].gz,H4
Exports,401211,COMTRADE-FINAL-CA0082012H4[2013-05-04].gz,H4
Exports,430219,COMTRADE-FINAL-CA0082012H4[2013-05-04].gz,H4
Exports,440131,COMTRADE-FINAL-CA0082012H4[2013-05-04].gz,H4
Exports,440139,COMTRADE-FINAL-CA0082012H4[2013-05-04].gz,H4
Exports,441193,COMTRADE-FINAL-CA0082012H4[2013-05-04].gz,H4
Exports,460212,COMTRADE-FINAL-CA0082012H4[2013-05-04].gz,H4
Exports,470321,COMTRADE-FINAL-CA0082012H4[2013-05-04].gz,H4
Exports,470620,COMTRADE-FINAL-CA0082012H4[2013-05-04].gz,H4
Exports,480630,COMTRADE-FINAL-CA0082012H4[2013-05-04].gz,H4
Exports,481160,COMTRADE-FINAL-CA0082012H4[2013-05-04].gz,H4
Exports,481320,COMTRADE-FINAL-CA0082012H4[2013-05-04].gz,H4
Exports,510320,COMTRADE-FINAL-CA0082012H4[2013-05-04].gz,H4
Exports,511230,COMTRADE-FINAL-CA0082012H4[2013-05-04].gz,H4
Exports,521039,COMTRADE-FINAL-CA0082012H4[2013-05-04].gz,H4
Exports,521120,COMTRADE-FINAL-CA0082012H4[2013-05-04].gz,H4
Exports,540342,COMTRADE-FINAL-CA0082012H4[2013-05-04].gz,H4
Exports,540741,COMTRADE-FINAL-CA0082012H4[2013-05-04].gz,H4
Exports,540744,COMTRADE-FINAL-CA0082012H4[2013-05-04].gz,H4
Exports,540753,COMTRADE-FINAL-CA0082012H4[2013-05-04].gz,H4
Exports,540782,COMTRADE-FINAL-CA0082012H4[2013-05-04].gz,H4
Exports,540822,COMTRADE-FINAL-CA0082012H4[2013-05-04].gz,H4
Exports,550630,COMTRADE-FINAL-CA0082012H4[2013-05-04].gz,H4
Exports,551329,COMTRADE-FINAL-CA0082012H4[2013-05-04].gz,H4
Exports,551422,COMTRADE-FINAL-CA0082012H4[2013-05-04].gz,H4
Exports,551429,COMTRADE-FINAL-CA0082012H4[2013-05-04].gz,H4
Exports,551513,COMTRADE-FINAL-CA0082012H4[2013-05-04].gz,H4
Exports,560229,COMTRADE-FINAL-CA0082012H4[2013-05-04].gz,H4
Exports,590699,COMTRADE-FINAL-CA0082012H4[2013-05-04].gz,H4
Exports,630690,COMTRADE-FINAL-CA0082012H4[2013-05-04].gz,H4
Exports,640690,COMTRADE-FINAL-CA0082012H4[2013-05-04].gz,H4
Exports,650500,COMTRADE-FINAL-CA0082012H4[2013-05-04].gz,H4
Exports,681591,COMTRADE-FINAL-CA0082012H4[2013-05-04].gz,H4
Exports,701919,COMTRADE-FINAL-CA0082012H4[2013-05-04].gz,H4
Exports,710812,COMTRADE-FINAL-CA0082012H4[2013-05-04].gz,H4
Exports,720854,COMTRADE-FINAL-CA0082012H4[2013-05-04].gz,H4
Exports,721012,COMTRADE-FINAL-CA0082012H4[2013-05-04].gz,H4
Exports,721430,COMTRADE-FINAL-CA0082012H4[2013-05-04].gz,H4
Exports,722090,COMTRADE-FINAL-CA0082012H4[2013-05-04].gz,H4
Exports,722410,COMTRADE-FINAL-CA0082012H4[2013-05-04].gz,H4
Exports,722830,COMTRADE-FINAL-CA0082012H4[2013-05-04].gz,H4
Exports,730531,COMTRADE-FINAL-CA0082012H4[2013-05-04].gz,H4
Exports,730661,COMTRADE-FINAL-CA0082012H4[2013-05-04].gz,H4
Exports,731824,COMTRADE-FINAL-CA0082012H4[2013-05-04].gz,H4
Exports,732112,COMTRADE-FINAL-CA0082012H4[2013-05-04].gz,H4
Exports,750120,COMTRADE-FINAL-CA0082012H4[2013-05-04].gz,H4
Exports,761510,COMTRADE-FINAL-CA0082012H4[2013-05-04].gz,H4
Exports,780420,COMTRADE-FINAL-CA0082012H4[2013-05-04].gz,H4
Exports,830510,COMTRADE-FINAL-CA0082012H4[2013-05-04].gz,H4
Exports,830629,COMTRADE-FINAL-CA0082012H4[2013-05-04].gz,H4
Exports,841221,COMTRADE-FINAL-CA0082012H4[2013-05-04].gz,H4
Exports,841620,COMTRADE-FINAL-CA0082012H4[2013-05-04].gz,H4
Exports,842330,COMTRADE-FINAL-CA0082012H4[2013-05-04].gz,H4
Exports,843710,COMTRADE-FINAL-CA0082012H4[2013-05-04].gz,H4
Exports,844314,COMTRADE-FINAL-CA0082012H4[2013-05-04].gz,H4
Exports,844712,COMTRADE-FINAL-CA0082012H4[2013-05-04].gz,H4
Exports,845110,COMTRADE-FINAL-CA0082012H4[2013-05-04].gz,H4
Exports,845430,COMTRADE-FINAL-CA0082012H4[2013-05-04].gz,H4
Exports,845819,COMTRADE-FINAL-CA0082012H4[2013-05-04].gz,H4
Exports,846781,COMTRADE-FINAL-CA0082012H4[2013-05-04].gz,H4
Exports,846792,COMTRADE-FINAL-CA0082012H4[2013-05-04].gz,H4
Exports,848299,COMTRADE-FINAL-CA0082012H4[2013-05-04].gz,H4
Exports,848320,COMTRADE-FINAL-CA0082012H4[2013-05-04].gz,H4
Exports,848690,COMTRADE-FINAL-CA0082012H4[2013-05-04].gz,H4
Exports,850239,COMTRADE-FINAL-CA0082012H4[2013-05-04].gz,H4
Exports,850511,COMTRADE-FINAL-CA0082012H4[2013-05-04].gz,H4
Exports,851010,COMTRADE-FINAL-CA0082012H4[2013-05-04].gz,H4
Exports,851120,COMTRADE-FINAL-CA0082012H4[2013-05-04].gz,H4
Exports,851230,COMTRADE-FINAL-CA0082012H4[2013-05-04].gz,H4
Exports,851621,COMTRADE-FINAL-CA0082012H4[2013-05-04].gz,H4
Exports,852341,COMTRADE-FINAL-CA0082012H4[2013-05-04].gz,H4
Exports,852349,COMTRADE-FINAL-CA0082012H4[2013-05-04].gz,H4
Exports,852799,COMTRADE-FINAL-CA0082012H4[2013-05-04].gz,H4
Exports,853340,COMTRADE-FINAL-CA0082012H4[2013-05-04].gz,H4
Exports,854310,COMTRADE-FINAL-CA0082012H4[2013-05-04].gz,H4
Exports,860730,COMTRADE-FINAL-CA0082012H4[2013-05-04].gz,H4
Exports,870290,COMTRADE-FINAL-CA0082012H4[2013-05-04].gz,H4
Exports,870490,COMTRADE-FINAL-CA0082012H4[2013-05-04].gz,H4
Exports,880230,COMTRADE-FINAL-CA0082012H4[2013-05-04].gz,H4
Exports,900219,COMTRADE-FINAL-CA0082012H4[2013-05-04].gz,H4
Exports,900792,COMTRADE-FINAL-CA0082012H4[2013-05-04].gz,H4
Exports,901380,COMTRADE-FINAL-CA0082012H4[2013-05-04].gz,H4
Exports,903090,COMTRADE-FINAL-CA0082012H4[2013-05-04].gz,H4
Exports,910599,COMTRADE-FINAL-CA0082012H4[2013-05-04].gz,H4
Exports,911290,COMTRADE-FINAL-CA0082012H4[2013-05-04].gz,H4
Exports,920991,COMTRADE-FINAL-CA0082012H4[2013-05-04].gz,H4
Exports,961620,COMTRADE-FINAL-CA0082012H4[2013-05-04].gz,H4
Exports,961900,COMTRADE-FINAL-CA0082012H4[2013-05-04].gz,H4
Imports,010221,COMTRADE-FINAL-CA0082012H4[2013-05-04].gz,H4
Imports,010229,COMTRADE-FINAL-CA0082012H4[2013-05-04].gz,H4
Imports,010239,COMTRADE-FINAL-CA0082012H4[2013-05-04].gz,H4
Imports,010513,COMTRADE-FINAL-CA0082012H4[2013-05-04].gz,H4
Imports,010514,COMTRADE-FINAL-CA0082012H4[2013-05-04].gz,H4
Imports,010614,COMTRADE-FINAL-CA0082012H4[2013-05-04].gz,H4
Imports,020742,COMTRADE-FINAL-CA0082012H4[2013-05-04].gz,H4
Imports,020744,COMTRADE-FINAL-CA0082012H4[2013-05-04].gz,H4
Imports,020752,COMTRADE-FINAL-CA0082012H4[2013-05-04].gz,H4
Imports,020753,COMTRADE-FINAL-CA0082012H4[2013-05-04].gz,H4
Imports,020755,COMTRADE-FINAL-CA0082012H4[2013-05-04].gz,H4
Imports,020760,COMTRADE-FINAL-CA0082012H4[2013-05-04].gz,H4
Imports,020910,COMTRADE-FINAL-CA0082012H4[2013-05-04].gz,H4
Imports,020990,COMTRADE-FINAL-CA0082012H4[2013-05-04].gz,H4
Imports,030213,COMTRADE-FINAL-CA0082012H4[2013-05-04].gz,H4
Imports,030214,COMTRADE-FINAL-CA0082012H4[2013-05-04].gz,H4
Imports,030241,COMTRADE-FINAL-CA0082012H4[2013-05-04].gz,H4
Imports,030242,COMTRADE-FINAL-CA0082012H4[2013-05-04].gz,H4
Imports,030243,COMTRADE-FINAL-CA0082012H4[2013-05-04].gz,H4
Imports,030245,COMTRADE-FINAL-CA0082012H4[2013-05-04].gz,H4
Imports,030252,COMTRADE-FINAL-CA0082012H4[2013-05-04].gz,H4
Imports,030254,COMTRADE-FINAL-CA0082012H4[2013-05-04].gz,H4
Imports,030259,COMTRADE-FINAL-CA0082012H4[2013-05-04].gz,H4
Imports,030279,COMTRADE-FINAL-CA0082012H4[2013-05-04].gz,H4
Imports,030284,COMTRADE-FINAL-CA0082012H4[2013-05-04].gz,H4
Imports,030285,COMTRADE-FINAL-CA0082012H4[2013-05-04].gz,H4
Imports,030289,COMTRADE-FINAL-CA0082012H4[2013-05-04].gz,H4
Imports,030312,COMTRADE-FINAL-CA0082012H4[2013-05-04].gz,H4
Imports,030313,COMTRADE-FINAL-CA0082012H4[2013-05-04].gz,H4
Imports,030314,COMTRADE-FINAL-CA0082012H4[2013-05-04].gz,H4
Imports,030351,COMTRADE-FINAL-CA0082012H4[2013-05-04].gz,H4
Imports,030353,COMTRADE-FINAL-CA0082012H4[2013-05-04].gz,H4
Imports,030363,COMTRADE-FINAL-CA0082012H4[2013-05-04].gz,H4
Imports,030364,COMTRADE-FINAL-CA0082012H4[2013-05-04].gz,H4
Imports,030366,COMTRADE-FINAL-CA0082012H4[2013-05-04].gz,H4
Imports,030369,COMTRADE-FINAL-CA0082012H4[2013-05-04].gz,H4
Imports,030381,COMTRADE-FINAL-CA0082012H4[2013-05-04].gz,H4
Imports,030389,COMTRADE-FINAL-CA0082012H4[2013-05-04].gz,H4
Imports,030432,COMTRADE-FINAL-CA0082012H4[2013-05-04].gz,H4
Imports,030439,COMTRADE-FINAL-CA0082012H4[2013-05-04].gz,H4
Imports,030444,COMTRADE-FINAL-CA0082012H4[2013-05-04].gz,H4
Imports,030462,COMTRADE-FINAL-CA0082012H4[2013-05-04].gz,H4
Imports,030471,COMTRADE-FINAL-CA0082012H4[2013-05-04].gz,H4
Imports,030481,COMTRADE-FINAL-CA0082012H4[2013-05-04].gz,H4
Imports,030493,COMTRADE-FINAL-CA0082012H4[2013-05-04].gz,H4
Imports,030539,COMTRADE-FINAL-CA0082012H4[2013-05-04].gz,H4
Imports,030615,COMTRADE-FINAL-CA0082012H4[2013-05-04].gz,H4
Imports,030616,COMTRADE-FINAL-CA0082012H4[2013-05-04].gz,H4
Imports,030617,COMTRADE-FINAL-CA0082012H4[2013-05-04].gz,H4
Imports,030711,COMTRADE-FINAL-CA0082012H4[2013-05-04].gz,H4
Imports,040140,COMTRADE-FINAL-CA0082012H4[2013-05-04].gz,H4
Imports,040150,COMTRADE-FINAL-CA0082012H4[2013-05-04].gz,H4
Imports,040711,COMTRADE-FINAL-CA0082012H4[2013-05-04].gz,H4
Imports,040719,COMTRADE-FINAL-CA0082012H4[2013-05-04].gz,H4
Imports,040721,COMTRADE-FINAL-CA0082012H4[2013-05-04].gz,H4
Imports,040729,COMTRADE-FINAL-CA0082012H4[2013-05-04].gz,H4
Imports,040790,COMTRADE-FINAL-CA0082012H4[2013-05-04].gz,H4
Imports,060420,COMTRADE-FINAL-CA0082012H4[2013-05-04].gz,H4
Imports,060490,COMTRADE-FINAL-CA0082012H4[2013-05-04].gz,H4
Imports,070991,COMTRADE-FINAL-CA0082012H4[2013-05-04].gz,H4
Imports,070992,COMTRADE-FINAL-CA0082012H4[2013-05-04].gz,H4
Imports,070993,COMTRADE-FINAL-CA0082012H4[2013-05-04].gz,H4
Imports,070999,COMTRADE-FINAL-CA0082012H4[2013-05-04].gz,H4
Imports,080112,COMTRADE-FINAL-CA0082012H4[2013-05-04].gz,H4
Imports,080241,COMTRADE-FINAL-CA0082012H4[2013-05-04].gz,H4
Imports,080242,COMTRADE-FINAL-CA0082012H4[2013-05-04].gz,H4
Imports,080251,COMTRADE-FINAL-CA0082012H4[2013-05-04].gz,H4
Imports,080252,COMTRADE-FINAL-CA0082012H4[2013-05-04].gz,H4
Imports,080310,COMTRADE-FINAL-CA0082012H4[2013-05-04].gz,H4
Imports,080390,COMTRADE-FINAL-CA0082012H4[2013-05-04].gz,H4
Imports,080830,COMTRADE-FINAL-CA0082012H4[2013-05-04].gz,H4
Imports,080840,COMTRADE-FINAL-CA0082012H4[2013-05-04].gz,H4
Imports,080929,COMTRADE-FINAL-CA0082012H4[2013-05-04].gz,H4
Imports,090421,COMTRADE-FINAL-CA0082012H4[2013-05-04].gz,H4
Imports,090422,COMTRADE-FINAL-CA0082012H4[2013-05-04].gz,H4
Imports,090510,COMTRADE-FINAL-CA0082012H4[2013-05-04].gz,H4
Imports,090520,COMTRADE-FINAL-CA0082012H4[2013-05-04].gz,H4
Imports,090710,COMTRADE-FINAL-CA0082012H4[2013-05-04].gz,H4
Imports,090720,COMTRADE-FINAL-CA0082012H4[2013-05-04].gz,H4
Imports,090811,COMTRADE-FINAL-CA0082012H4[2013-05-04].gz,H4
Imports,090812,COMTRADE-FINAL-CA0082012H4[2013-05-04].gz,H4
Imports,090822,COMTRADE-FINAL-CA0082012H4[2013-05-04].gz,H4
Imports,090831,COMTRADE-FINAL-CA0082012H4[2013-05-04].gz,H4
Imports,090921,COMTRADE-FINAL-CA0082012H4[2013-05-04].gz,H4
Imports,090931,COMTRADE-FINAL-CA0082012H4[2013-05-04].gz,H4
Imports,090932,COMTRADE-FINAL-CA0082012H4[2013-05-04].gz,H4
Imports,090961,COMTRADE-FINAL-CA0082012H4[2013-05-04].gz,H4
Imports,090962,COMTRADE-FINAL-CA0082012H4[2013-05-04].gz,H4
Imports,091012,COMTRADE-FINAL-CA0082012H4[2013-05-04].gz,H4
Imports,100111,COMTRADE-FINAL-CA0082012H4[2013-05-04].gz,H4
Imports,100119,COMTRADE-FINAL-CA0082012H4[2013-05-04].gz,H4
Imports,100191,COMTRADE-FINAL-CA0082012H4[2013-05-04].gz,H4
Imports,100199,COMTRADE-FINAL-CA0082012H4[2013-05-04].gz,H4
Imports,100290,COMTRADE-FINAL-CA0082012H4[2013-05-04].gz,H4
Imports,100390,COMTRADE-FINAL-CA0082012H4[2013-05-04].gz,H4
Imports,100410,COMTRADE-FINAL-CA0082012H4[2013-05-04].gz,H4
Imports,100490,COMTRADE-FINAL-CA0082012H4[2013-05-04].gz,H4
Imports,100829,COMTRADE-FINAL-CA0082012H4[2013-05-04].gz,H4
Imports,100850,COMTRADE-FINAL-CA0082012H4[2013-05-04].gz,H4
Imports,120190,COMTRADE-FINAL-CA0082012H4[2013-05-04].gz,H4
Imports,120241,COMTRADE-FINAL-CA0082012H4[2013-05-04].gz,H4
Imports,120242,COMTRADE-FINAL-CA0082012H4[2013-05-04].gz,H4
Imports,120770,COMTRADE-FINAL-CA0082012H4[2013-05-04].gz,H4
Imports,150110,COMTRADE-FINAL-CA0082012H4[2013-05-04].gz,H4
Imports,150190,COMTRADE-FINAL-CA0082012H4[2013-05-04].gz,H4
Imports,150210,COMTRADE-FINAL-CA0082012H4[2013-05-04].gz,H4
Imports,150290,COMTRADE-FINAL-CA0082012H4[2013-05-04].gz,H4
Imports,150430,COMTRADE-FINAL-CA0082012H4[2013-05-04].gz,H4
Imports,160553,COMTRADE-FINAL-CA0082012H4[2013-05-04].gz,H4
Imports,160555,COMTRADE-FINAL-CA0082012H4[2013-05-04].gz,H4
Imports,160556,COMTRADE-FINAL-CA0082012H4[2013-05-04].gz,H4
Imports,160569,COMTRADE-FINAL-CA0082012H4[2013-05-04].gz,H4
Imports,170114,COMTRADE-FINAL-CA0082012H4[2013-05-04].gz,H4
Imports,200897,COMTRADE-FINAL-CA0082012H4[2013-05-04].gz,H4
Imports,200981,COMTRADE-FINAL-CA0082012H4[2013-05-04].gz,H4
Imports,200989,COMTRADE-FINAL-CA0082012H4[2013-05-04].gz,H4
Imports,240130,COMTRADE-FINAL-CA0082012H4[2013-05-04].gz,H4
Imports,240319,COMTRADE-FINAL-CA0082012H4[2013-05-04].gz,H4
Imports,271012,COMTRADE-FINAL-CA0082012H4[2013-05-04].gz,H4
Imports,271020,COMTRADE-FINAL-CA0082012H4[2013-05-04].gz,H4
Imports,284180,COMTRADE-FINAL-CA0082012H4[2013-05-04].gz,H4
Imports,284610,COMTRADE-FINAL-CA0082012H4[2013-05-04].gz,H4
Imports,290371,COMTRADE-FINAL-CA0082012H4[2013-05-04].gz,H4
Imports,290377,COMTRADE-FINAL-CA0082012H4[2013-05-04].gz,H4
Imports,292141,COMTRADE-FINAL-CA0082012H4[2013-05-04].gz,H4
Imports,293190,COMTRADE-FINAL-CA0082012H4[2013-05-04].gz,H4
Imports,293220,COMTRADE-FINAL-CA0082012H4[2013-05-04].gz,H4
Imports,370296,COMTRADE-FINAL-CA0082012H4[2013-05-04].gz,H4
Imports,370297,COMTRADE-FINAL-CA0082012H4[2013-05-04].gz,H4
Imports,370298,COMTRADE-FINAL-CA0082012H4[2013-05-04].gz,H4
Imports,382600,COMTRADE-FINAL-CA0082012H4[2013-05-04].gz,H4
Imports,440131,COMTRADE-FINAL-CA0082012H4[2013-05-04].gz,H4
Imports,440139,COMTRADE-FINAL-CA0082012H4[2013-05-04].gz,H4
Imports,440210,COMTRADE-FINAL-CA0082012H4[2013-05-04].gz,H4
Imports,480840,COMTRADE-FINAL-CA0082012H4[2013-05-04].gz,H4
Imports,520641,COMTRADE-FINAL-CA0082012H4[2013-05-04].gz,H4
Imports,521120,COMTRADE-FINAL-CA0082012H4[2013-05-04].gz,H4
Imports,530210,COMTRADE-FINAL-CA0082012H4[2013-05-04].gz,H4
Imports,580127,COMTRADE-FINAL-CA0082012H4[2013-05-04].gz,H4
Imports,580137,COMTRADE-FINAL-CA0082012H4[2013-05-04].gz,H4
Imports,630690,COMTRADE-FINAL-CA0082012H4[2013-05-04].gz,H4
Imports,640690,COMTRADE-FINAL-CA0082012H4[2013-05-04].gz,H4
Imports,650500,COMTRADE-FINAL-CA0082012H4[2013-05-04].gz,H4
Imports,710122,COMTRADE-FINAL-CA0082012H4[2013-05-04].gz,H4
Imports,711610,COMTRADE-FINAL-CA0082012H4[2013-05-04].gz,H4
Imports,720299,COMTRADE-FINAL-CA0082012H4[2013-05-04].gz,H4
Imports,731940,COMTRADE-FINAL-CA0082012H4[2013-05-04].gz,H4
Imports,740100,COMTRADE-FINAL-CA0082012H4[2013-05-04].gz,H4
Imports,740620,COMTRADE-FINAL-CA0082012H4[2013-05-04].gz,H4
Imports,741810,COMTRADE-FINAL-CA0082012H4[2013-05-04].gz,H4
Imports,761510,COMTRADE-FINAL-CA0082012H4[2013-05-04].gz,H4
Imports,810299,COMTRADE-FINAL-CA0082012H4[2013-05-04].gz,H4
Imports,810830,COMTRADE-FINAL-CA0082012H4[2013-05-04].gz,H4
Imports,847979,COMTRADE-FINAL-CA0082012H4[2013-05-04].gz,H4
Imports,850750,COMTRADE-FINAL-CA0082012H4[2013-05-04].gz,H4
Imports,850760,COMTRADE-FINAL-CA0082012H4[2013-05-04].gz,H4
Imports,852341,COMTRADE-FINAL-CA0082012H4[2013-05-04].gz,H4
Imports,852349,COMTRADE-FINAL-CA0082012H4[2013-05-04].gz,H4
Imports,871410,COMTRADE-FINAL-CA0082012H4[2013-05-04].gz,H4
Imports,900710,COMTRADE-FINAL-CA0082012H4[2013-05-04].gz,H4
Imports,900850,COMTRADE-FINAL-CA0082012H4[2013-05-04].gz,H4
Imports,910910,COMTRADE-FINAL-CA0082012H4[2013-05-04].gz,H4
Imports,950450,COMTRADE-FINAL-CA0082012H4[2013-05-04].gz,H4
Imports,960830,COMTRADE-FINAL-CA0082012H4[2013-05-04].gz,H4
Imports,961900,COMTRADE-FINAL-CA0082012H4[2013-05-04].gz,H4
Exports,030214,COMTRADE-FINAL-CA0082013H4[2014-04-30].gz,H4
Exports,030245,COMTRADE-FINAL-CA0082013H4[2014-04-30].gz,H4
Exports,030274,COMTRADE-FINAL-CA0082013H4[2014-04-30].gz,H4
Exports,030381,COMTRADE-FINAL-CA0082013H4[2014-04-30].gz,H4
Exports,030439,COMTRADE-FINAL-CA0082013H4[2014-04-30].gz,H4
Exports,051191,COMTRADE-FINAL-CA0082013H4[2014-04-30].gz,H4
Exports,060420,COMTRADE-FINAL-CA0082013H4[2014-04-30].gz,H4
Exports,060490,COMTRADE-FINAL-CA0082013H4[2014-04-30].gz,H4
Exports,071340,COMTRADE-FINAL-CA0082013H4[2014-04-30].gz,H4
Exports,090619,COMTRADE-FINAL-CA0082013H4[2014-04-30].gz,H4
Exports,100119,COMTRADE-FINAL-CA0082013H4[2014-04-30].gz,H4
Exports,100191,COMTRADE-FINAL-CA0082013H4[2014-04-30].gz,H4
Exports,110412,COMTRADE-FINAL-CA0082013H4[2014-04-30].gz,H4
Exports,110419,COMTRADE-FINAL-CA0082013H4[2014-04-30].gz,H4
Exports,110423,COMTRADE-FINAL-CA0082013H4[2014-04-30].gz,H4
Exports,121300,COMTRADE-FINAL-CA0082013H4[2014-04-30].gz,H4
Exports,160555,COMTRADE-FINAL-CA0082013H4[2014-04-30].gz,H4
Exports,190430,COMTRADE-FINAL-CA0082013H4[2014-04-30].gz,H4
Exports,200811,COMTRADE-FINAL-CA0082013H4[2014-04-30].gz,H4
Exports,200893,COMTRADE-FINAL-CA0082013H4[2014-04-30].gz,H4
Exports,200897,COMTRADE-FINAL-CA0082013H4[2014-04-30].gz,H4
Exports,210230,COMTRADE-FINAL-CA0082013H4[2014-04-30].gz,H4
Exports,280519,COMTRADE-FINAL-CA0082013H4[2014-04-30].gz,H4
Exports,281820,COMTRADE-FINAL-CA0082013H4[2014-04-30].gz,H4
Exports,282110,COMTRADE-FINAL-CA0082013H4[2014-04-30].gz,H4
Exports,283525,COMTRADE-FINAL-CA0082013H4[2014-04-30].gz,H4
Exports,283620,COMTRADE-FINAL-CA0082013H4[2014-04-30].gz,H4
Exports,290621,COMTRADE-FINAL-CA0082013H4[2014-04-30].gz,H4
Exports,290943,COMTRADE-FINAL-CA0082013H4[2014-04-30].gz,H4
Exports,292241,COMTRADE-FINAL-CA0082013H4[2014-04-30].gz,H4
Exports,293040,COMTRADE-FINAL-CA0082013H4[2014-04-30].gz,H4
Exports,293339,COMTRADE-FINAL-CA0082013H4[2014-04-30].gz,H4
Exports,310510,COMTRADE-FINAL-CA0082013H4[2014-04-30].gz,H4
Exports,320649,COMTRADE-FINAL-CA0082013H4[2014-04-30].gz,H4
Exports,321310,COMTRADE-FINAL-CA0082013H4[2014-04-30].gz,H4
Exports,340213,COMTRADE-FINAL-CA0082013H4[2014-04-30].gz,H4
Exports,390810,COMTRADE-FINAL-CA0082013H4[2014-04-30].gz,H4
Exports,401692,COMTRADE-FINAL-CA0082013H4[2014-04-30].gz,H4
Exports,441239,COMTRADE-FINAL-CA0082013H4[2014-04-30].gz,H4
Exports,441871,COMTRADE-FINAL-CA0082013H4[2014-04-30].gz,H4
Exports,481032,COMTRADE-FINAL-CA0082013H4[2014-04-30].gz,H4
Exports,481039,COMTRADE-FINAL-CA0082013H4[2014-04-30].gz,H4
Exports,481200,COMTRADE-FINAL-CA0082013H4[2014-04-30].gz,H4
Exports,481420,COMTRADE-FINAL-CA0082013H4[2014-04-30].gz,H4
Exports,481620,COMTRADE-FINAL-CA0082013H4[2014-04-30].gz,H4
Exports,540783,COMTRADE-FINAL-CA0082013H4[2014-04-30].gz,H4
Exports,551030,COMTRADE-FINAL-CA0082013H4[2014-04-30].gz,H4
Exports,551624,COMTRADE-FINAL-CA0082013H4[2014-04-30].gz,H4
Exports,551632,COMTRADE-FINAL-CA0082013H4[2014-04-30].gz,H4
Exports,570231,COMTRADE-FINAL-CA0082013H4[2014-04-30].gz,H4
Exports,570490,COMTRADE-FINAL-CA0082013H4[2014-04-30].gz,H4
Exports,600542,COMTRADE-FINAL-CA0082013H4[2014-04-30].gz,H4
Exports,701020,COMTRADE-FINAL-CA0082013H4[2014-04-30].gz,H4
Exports,701342,COMTRADE-FINAL-CA0082013H4[2014-04-30].gz,H4
Exports,701959,COMTRADE-FINAL-CA0082013H4[2014-04-30].gz,H4
Exports,710700,COMTRADE-FINAL-CA0082013H4[2014-04-30].gz,H4
Exports,711292,COMTRADE-FINAL-CA0082013H4[2014-04-30].gz,H4
Exports,721922,COMTRADE-FINAL-CA0082013H4[2014-04-30].gz,H4
Exports,721935,COMTRADE-FINAL-CA0082013H4[2014-04-30].gz,H4
Exports,722860,COMTRADE-FINAL-CA0082013H4[2014-04-30].gz,H4
Exports,730669,COMTRADE-FINAL-CA0082013H4[2014-04-30].gz,H4
Exports,810820,COMTRADE-FINAL-CA0082013H4[2014-04-30].gz,H4
Exports,830630,COMTRADE-FINAL-CA0082013H4[2014-04-30].gz,H4
Exports,841920,COMTRADE-FINAL-CA0082013H4[2014-04-30].gz,H4
Exports,844250,COMTRADE-FINAL-CA0082013H4[2014-04-30].gz,H4
Exports,845910,COMTRADE-FINAL-CA0082013H4[2014-04-30].gz,H4
Exports,846620,COMTRADE-FINAL-CA0082013H4[2014-04-30].gz,H4
Exports,847979,COMTRADE-FINAL-CA0082013H4[2014-04-30].gz,H4
Exports,848420,COMTRADE-FINAL-CA0082013H4[2014-04-30].gz,H4
Exports,850519,COMTRADE-FINAL-CA0082013H4[2014-04-30].gz,H4
Exports,850520,COMTRADE-FINAL-CA0082013H4[2014-04-30].gz,H4
Exports,850750,COMTRADE-FINAL-CA0082013H4[2014-04-30].gz,H4
Exports,850760,COMTRADE-FINAL-CA0082013H4[2014-04-30].gz,H4
Exports,853910,COMTRADE-FINAL-CA0082013H4[2014-04-30].gz,H4
Exports,853932,COMTRADE-FINAL-CA0082013H4[2014-04-30].gz,H4
Exports,854233,COMTRADE-FINAL-CA0082013H4[2014-04-30].gz,H4
Exports,854720,COMTRADE-FINAL-CA0082013H4[2014-04-30].gz,H4
Exports,870390,COMTRADE-FINAL-CA0082013H4[2014-04-30].gz,H4
Exports,871000,COMTRADE-FINAL-CA0082013H4[2014-04-30].gz,H4
Exports,871410,COMTRADE-FINAL-CA0082013H4[2014-04-30].gz,H4
Exports,871620,COMTRADE-FINAL-CA0082013H4[2014-04-30].gz,H4
Exports,890400,COMTRADE-FINAL-CA0082013H4[2014-04-30].gz,H4
Exports,900290,COMTRADE-FINAL-CA0082013H4[2014-04-30].gz,H4
Exports,900720,COMTRADE-FINAL-CA0082013H4[2014-04-30].gz,H4
Exports,901730,COMTRADE-FINAL-CA0082013H4[2014-04-30].gz,H4
Exports,902590,COMTRADE-FINAL-CA0082013H4[2014-04-30].gz,H4
Exports,902810,COMTRADE-FINAL-CA0082013H4[2014-04-30].gz,H4
Exports,903020,COMTRADE-FINAL-CA0082013H4[2014-04-30].gz,H4
Exports,903141,COMTRADE-FINAL-CA0082013H4[2014-04-30].gz,H4
Exports,903281,COMTRADE-FINAL-CA0082013H4[2014-04-30].gz,H4
Exports,950450,COMTRADE-FINAL-CA0082013H4[2014-04-30].gz,H4
Exports,960830,COMTRADE-FINAL-CA0082013H4[2014-04-30].gz,H4
Exports,960990,COMTRADE-FINAL-CA0082013H4[2014-04-30].gz,H4
Imports,010129,COMTRADE-FINAL-CA0082013H4[2014-04-30].gz,H4
Imports,010641,COMTRADE-FINAL-CA0082013H4[2014-04-30].gz,H4
Imports,020743,COMTRADE-FINAL-CA0082013H4[2014-04-30].gz,H4
Imports,020745,COMTRADE-FINAL-CA0082013H4[2014-04-30].gz,H4
Imports,020754,COMTRADE-FINAL-CA0082013H4[2014-04-30].gz,H4
Imports,030224,COMTRADE-FINAL-CA0082013H4[2014-04-30].gz,H4
Imports,030244,COMTRADE-FINAL-CA0082013H4[2014-04-30].gz,H4
Imports,030290,COMTRADE-FINAL-CA0082013H4[2014-04-30].gz,H4
Imports,030354,COMTRADE-FINAL-CA0082013H4[2014-04-30].gz,H4
Imports,030384,COMTRADE-FINAL-CA0082013H4[2014-04-30].gz,H4
Imports,030433,COMTRADE-FINAL-CA0082013H4[2014-04-30].gz,H4
Imports,030475,COMTRADE-FINAL-CA0082013H4[2014-04-30].gz,H4
Imports,030479,COMTRADE-FINAL-CA0082013H4[2014-04-30].gz,H4
Imports,030487,COMTRADE-FINAL-CA0082013H4[2014-04-30].gz,H4
Imports,030489,COMTRADE-FINAL-CA0082013H4[2014-04-30].gz,H4
Imports,030495,COMTRADE-FINAL-CA0082013H4[2014-04-30].gz,H4
Imports,030544,COMTRADE-FINAL-CA0082013H4[2014-04-30].gz,H4
Imports,030625,COMTRADE-FINAL-CA0082013H4[2014-04-30].gz,H4
Imports,030719,COMTRADE-FINAL-CA0082013H4[2014-04-30].gz,H4
Imports,080262,COMTRADE-FINAL-CA0082013H4[2014-04-30].gz,H4
Imports,080921,COMTRADE-FINAL-CA0082013H4[2014-04-30].gz,H4
Imports,081070,COMTRADE-FINAL-CA0082013H4[2014-04-30].gz,H4
Imports,090821,COMTRADE-FINAL-CA0082013H4[2014-04-30].gz,H4
Imports,090832,COMTRADE-FINAL-CA0082013H4[2014-04-30].gz,H4
Imports,090922,COMTRADE-FINAL-CA0082013H4[2014-04-30].gz,H4
Imports,100310,COMTRADE-FINAL-CA0082013H4[2014-04-30].gz,H4
Imports,120110,COMTRADE-FINAL-CA0082013H4[2014-04-30].gz,H4
Imports,120729,COMTRADE-FINAL-CA0082013H4[2014-04-30].gz,H4
Imports,121229,COMTRADE-FINAL-CA0082013H4[2014-04-30].gz,H4
Imports,121293,COMTRADE-FINAL-CA0082013H4[2014-04-30].gz,H4
Imports,121294,COMTRADE-FINAL-CA0082013H4[2014-04-30].gz,H4
Imports,160432,COMTRADE-FINAL-CA0082013H4[2014-04-30].gz,H4
Imports,160521,COMTRADE-FINAL-CA0082013H4[2014-04-30].gz,H4
Imports,160529,COMTRADE-FINAL-CA0082013H4[2014-04-30].gz,H4
Imports,160554,COMTRADE-FINAL-CA0082013H4[2014-04-30].gz,H4
Imports,170113,COMTRADE-FINAL-CA0082013H4[2014-04-30].gz,H4
Imports,200893,COMTRADE-FINAL-CA0082013H4[2014-04-30].gz,H4
Imports,240311,COMTRADE-FINAL-CA0082013H4[2014-04-30].gz,H4
Imports,252930,COMTRADE-FINAL-CA0082013H4[2014-04-30].gz,H4
Imports,290243,COMTRADE-FINAL-CA0082013H4[2014-04-30].gz,H4
Imports,290331,COMTRADE-FINAL-CA0082013H4[2014-04-30].gz,H4
Imports,290373,COMTRADE-FINAL-CA0082013H4[2014-04-30].gz,H4
Imports,290379,COMTRADE-FINAL-CA0082013H4[2014-04-30].gz,H4
Imports,291242,COMTRADE-FINAL-CA0082013H4[2014-04-30].gz,H4
Imports,291910,COMTRADE-FINAL-CA0082013H4[2014-04-30].gz,H4
Imports,292122,COMTRADE-FINAL-CA0082013H4[2014-04-30].gz,H4
Imports,293750,COMTRADE-FINAL-CA0082013H4[2014-04-30].gz,H4
Imports,382313,COMTRADE-FINAL-CA0082013H4[2014-04-30].gz,H4
Imports,460193,COMTRADE-FINAL-CA0082013H4[2014-04-30].gz,H4
Imports,710229,COMTRADE-FINAL-CA0082013H4[2014-04-30].gz,H4
Imports,710420,COMTRADE-FINAL-CA0082013H4[2014-04-30].gz,H4
Imports,720291,COMTRADE-FINAL-CA0082013H4[2014-04-30].gz,H4
Imports,810820,COMTRADE-FINAL-CA0082013H4[2014-04-30].gz,H4
Imports,910890,COMTRADE-FINAL-CA0082013H4[2014-04-30].gz,H4
Exports,030242,COMTRADE-FINAL-CA0082015H4[2016-05-04].gz,H4
Exports,030539,COMTRADE-FINAL-CA0082015H4[2016-05-04].gz,H4
Exports,130231,COMTRADE-FINAL-CA0082015H4[2016-05-04].gz,H4
Exports,381590,COMTRADE-FINAL-CA0082015H4[2016-05-04].gz,H4
Exports,540834,COMTRADE-FINAL-CA0082015H4[2016-05-04].gz,H4
Exports,611522,COMTRADE-FINAL-CA0082015H4[2016-05-04].gz,H4
Imports,091011,COMTRADE-FINAL-CA0082015H4[2016-05-04].gz,H4
Imports,252800,COMTRADE-FINAL-CA0082015H4[2016-05-04].gz,H4
Imports,520535,COMTRADE-FINAL-CA0082015H4[2016-05-04].gz,H4
Exports,020754,COMTRADE-FINAL-CA0082016H4[2017-04-17].gz,H4
Exports,030313,COMTRADE-FINAL-CA0082016H4[2017-04-17].gz,H4
Exports,030481,COMTRADE-FINAL-CA0082016H4[2017-04-17].gz,H4
Exports,030489,COMTRADE-FINAL-CA0082016H4[2017-04-17].gz,H4
Exports,030616,COMTRADE-FINAL-CA0082016H4[2017-04-17].gz,H4
Exports,080232,COMTRADE-FINAL-CA0082016H4[2017-04-17].gz,H4
Exports,100199,COMTRADE-FINAL-CA0082016H4[2017-04-17].gz,H4
Exports,150120,COMTRADE-FINAL-CA0082016H4[2017-04-17].gz,H4
Exports,160558,COMTRADE-FINAL-CA0082016H4[2017-04-17].gz,H4
Exports,220720,COMTRADE-FINAL-CA0082016H4[2017-04-17].gz,H4
Exports,290719,COMTRADE-FINAL-CA0082016H4[2017-04-17].gz,H4
Exports,410631,COMTRADE-FINAL-CA0082016H4[2017-04-17].gz,H4
Exports,420321,COMTRADE-FINAL-CA0082016H4[2017-04-17].gz,H4
Exports,600522,COMTRADE-FINAL-CA0082016H4[2017-04-17].gz,H4
Exports,611530,COMTRADE-FINAL-CA0082016H4[2017-04-17].gz,H4
Exports,701510,COMTRADE-FINAL-CA0082016H4[2017-04-17].gz,H4
Exports,721934,COMTRADE-FINAL-CA0082016H4[2017-04-17].gz,H4
Exports,820130,COMTRADE-FINAL-CA0082016H4[2017-04-17].gz,H4
Exports,841630,COMTRADE-FINAL-CA0082016H4[2017-04-17].gz,H4
Exports,854790,COMTRADE-FINAL-CA0082016H4[2017-04-17].gz,H4
Exports,871491,COMTRADE-FINAL-CA0082016H4[2017-04-17].gz,H4
Exports,940151,COMTRADE-FINAL-CA0082016H4[2017-04-17].gz,H4
Imports,060315,COMTRADE-FINAL-CA0082016H4[2017-04-17].gz,H4
Exports,080521,COMTRADE-FINAL-CA0082017H5[2019-01-15].gz,H5
Exports,440111,COMTRADE-FINAL-CA0082017H5[2019-01-15].gz,H5
Exports,440112,COMTRADE-FINAL-CA0082017H5[2019-01-15].gz,H5
Exports,442199,COMTRADE-FINAL-CA0082017H5[2019-01-15].gz,H5
Exports,690721,COMTRADE-FINAL-CA0082017H5[2019-01-15].gz,H5
Exports,690722,COMTRADE-FINAL-CA0082017H5[2019-01-15].gz,H5
Exports,690740,COMTRADE-FINAL-CA0082017H5[2019-01-15].gz,H5
Imports,030743,COMTRADE-FINAL-CA0082017H5[2019-01-15].gz,H5
Imports,080521,COMTRADE-FINAL-CA0082017H5[2019-01-15].gz,H5
Imports,080522,COMTRADE-FINAL-CA0082017H5[2019-01-15].gz,H5
Imports,220291,COMTRADE-FINAL-CA0082017H5[2019-01-15].gz,H5
Imports,220299,COMTRADE-FINAL-CA0082017H5[2019-01-15].gz,H5
Imports,220422,COMTRADE-FINAL-CA0082017H5[2019-01-15].gz,H5
Imports,285390,COMTRADE-FINAL-CA0082017H5[2019-01-15].gz,H5
Imports,300215,COMTRADE-FINAL-CA0082017H5[2019-01-15].gz,H5
Imports,380859,COMTRADE-FINAL-CA0082017H5[2019-01-15].gz,H5
Imports,381239,COMTRADE-FINAL-CA0082017H5[2019-01-15].gz,H5
Imports,382491,COMTRADE-FINAL-CA0082017H5[2019-01-15].gz,H5
Imports,382499,COMTRADE-FINAL-CA0082017H5[2019-01-15].gz,H5
Imports,390931,COMTRADE-FINAL-CA0082017H5[2019-01-15].gz,H5
Imports,401170,COMTRADE-FINAL-CA0082017H5[2019-01-15].gz,H5
Imports,401180,COMTRADE-FINAL-CA0082017H5[2019-01-15].gz,H5
Imports,401190,COMTRADE-FINAL-CA0082017H5[2019-01-15].gz,H5
Imports,440111,COMTRADE-FINAL-CA0082017H5[2019-01-15].gz,H5
Imports,440112,COMTRADE-FINAL-CA0082017H5[2019-01-15].gz,H5
Imports,440140,COMTRADE-FINAL-CA0082017H5[2019-01-15].gz,H5
Imports,440312,COMTRADE-FINAL-CA0082017H5[2019-01-15].gz,H5
Imports,440321,COMTRADE-FINAL-CA0082017H5[2019-01-15].gz,H5
Imports,440323,COMTRADE-FINAL-CA0082017H5[2019-01-15].gz,H5
Imports,440393,COMTRADE-FINAL-CA0082017H5[2019-01-15].gz,H5
Imports,440394,COMTRADE-FINAL-CA0082017H5[2019-01-15].gz,H5
Imports,440692,COMTRADE-FINAL-CA0082017H5[2019-01-15].gz,H5
Imports,440711,COMTRADE-FINAL-CA0082017H5[2019-01-15].gz,H5
Imports,440712,COMTRADE-FINAL-CA0082017H5[2019-01-15].gz,H5
Imports,440719,COMTRADE-FINAL-CA0082017H5[2019-01-15].gz,H5
Imports,441233,COMTRADE-FINAL-CA0082017H5[2019-01-15].gz,H5
Imports,441875,COMTRADE-FINAL-CA0082017H5[2019-01-15].gz,H5
Imports,441899,COMTRADE-FINAL-CA0082017H5[2019-01-15].gz,H5
Imports,441912,COMTRADE-FINAL-CA0082017H5[2019-01-15].gz,H5
Imports,441919,COMTRADE-FINAL-CA0082017H5[2019-01-15].gz,H5
Imports,441990,COMTRADE-FINAL-CA0082017H5[2019-01-15].gz,H5
Imports,442191,COMTRADE-FINAL-CA0082017H5[2019-01-15].gz,H5
Imports,442199,COMTRADE-FINAL-CA0082017H5[2019-01-15].gz,H5
Imports,540263,COMTRADE-FINAL-CA0082017H5[2019-01-15].gz,H5
Imports,600535,COMTRADE-FINAL-CA0082017H5[2019-01-15].gz,H5
Imports,600537,COMTRADE-FINAL-CA0082017H5[2019-01-15].gz,H5
Imports,690721,COMTRADE-FINAL-CA0082017H5[2019-01-15].gz,H5
Imports,690722,COMTRADE-FINAL-CA0082017H5[2019-01-15].gz,H5
Imports,690723,COMTRADE-FINAL-CA0082017H5[2019-01-15].gz,H5
Imports,690730,COMTRADE-FINAL-CA0082017H5[2019-01-15].gz,H5
Imports,690740,COMTRADE-FINAL-CA0082017H5[2019-01-15].gz,H5
Imports,842441,COMTRADE-FINAL-CA0082017H5[2019-01-15].gz,H5
Imports,842449,COMTRADE-FINAL-CA0082017H5[2019-01-15].gz,H5
Imports,842482,COMTRADE-FINAL-CA0082017H5[2019-01-15].gz,H5
Imports,843231,COMTRADE-FINAL-CA0082017H5[2019-01-15].gz,H5
Imports,843239,COMTRADE-FINAL-CA0082017H5[2019-01-15].gz,H5
Imports,843241,COMTRADE-FINAL-CA0082017H5[2019-01-15].gz,H5
Imports,843242,COMTRADE-FINAL-CA0082017H5[2019-01-15].gz,H5
Imports,845611,COMTRADE-FINAL-CA0082017H5[2019-01-15].gz,H5
Imports,852852,COMTRADE-FINAL-CA0082017H5[2019-01-15].gz,H5
Imports,853950,COMTRADE-FINAL-CA0082017H5[2019-01-15].gz,H5
Imports,870191,COMTRADE-FINAL-CA0082017H5[2019-01-15].gz,H5
Imports,870192,COMTRADE-FINAL-CA0082017H5[2019-01-15].gz,H5
Imports,870193,COMTRADE-FINAL-CA0082017H5[2019-01-15].gz,H5
Imports,870194,COMTRADE-FINAL-CA0082017H5[2019-01-15].gz,H5
Imports,870195,COMTRADE-FINAL-CA0082017H5[2019-01-15].gz,H5
Imports,871160,COMTRADE-FINAL-CA0082017H5[2019-01-15].gz,H5
Imports,940690,COMTRADE-FINAL-CA0082017H5[2019-01-15].gz,H5
Imports,962000,COMTRADE-FINAL-CA0082017H5[2019-01-15].gz,H5
Exports,030743,COMTRADE-FINAL-CA0082018H5[2019-06-06].gz,H5
Exports,080522,COMTRADE-FINAL-CA0082018H5[2019-06-06].gz,H5
Exports,220299,COMTRADE-FINAL-CA0082018H5[2019-06-06].gz,H5
Exports,852852,COMTRADE-FINAL-CA0082018H5[2019-06-06].gz,H5
Exports,940690,COMTRADE-FINAL-CA0082018H5[2019-06-06].gz,H5
Imports,030554,COMTRADE-FINAL-CA0082018H5[2019-06-06].gz,H5
Imports,080529,COMTRADE-FINAL-CA0082018H5[2019-06-06].gz,H5
Imports,300212,COMTRADE-FINAL-CA0082018H5[2019-06-06].gz,H5
Imports,380852,COMTRADE-FINAL-CA0082018H5[2019-06-06].gz,H5
Imports,390769,COMTRADE-FINAL-CA0082018H5[2019-06-06].gz,H5
Imports,390939,COMTRADE-FINAL-CA0082018H5[2019-06-06].gz,H5
Imports,441911,COMTRADE-FINAL-CA0082018H5[2019-06-06].gz,H5
Imports,550290,COMTRADE-FINAL-CA0082018H5[2019-06-06].gz,H5
Imports,600539,COMTRADE-FINAL-CA0082018H5[2019-06-06].gz,H5
Imports,852862,COMTRADE-FINAL-CA0082018H5[2019-06-06].gz,H5
Exports,382499,COMTRADE-FINAL-CA0082019H5[2021-05-01].gz,H5
Exports,390769,COMTRADE-FINAL-CA0082019H5[2021-05-01].gz,H5
Exports,600537,COMTRADE-FINAL-CA0082019H5[2021-05-01].gz,H5
Imports,030359,COMTRADE-FINAL-CA0082019H5[2021-05-01].gz,H5
Imports,310311,COMTRADE-FINAL-CA0082019H5[2021-05-01].gz,H5
Imports,845640,COMTRADE-FINAL-CA0082019H5[2021-05-01].gz,H5
Imports,846520,COMTRADE-FINAL-CA0082019H5[2021-05-01].gz,H5
Imports,870350,COMTRADE-FINAL-CA0082019H5[2021-05-01].gz,H5
Exports,030359,COMTRADE-FINAL-CA0082020H5[2022-06-14].gz,H5
Exports,080529,COMTRADE-FINAL-CA0082020H5[2022-06-14].gz,H5
Exports,285390,COMTRADE-FINAL-CA0082020H5[2022-06-14].gz,H5
Imports,293590,COMTRADE-FINAL-CA0082020H5[2022-06-14].gz,H5
Imports,390140,COMTRADE-FINAL-CA0082020H5[2022-06-14].gz,H5
Imports,390761,COMTRADE-FINAL-CA0082020H5[2022-06-14].gz,H5
Imports,440397,COMTRADE-FINAL-CA0082020H5[2022-06-14].gz,H5
Imports,600536,COMTRADE-FINAL-CA0082020H5[2022-06-14].gz,H5
Imports,600538,COMTRADE-FINAL-CA0082020H5[2022-06-14].gz,H5
Imports,870380,COMTRADE-FINAL-CA0082020H5[2022-06-14].gz,H5
Imports,940152,COMTRADE-FINAL-CA0082020H5[2022-06-14].gz,H5
Imports,940382,COMTRADE-FINAL-CA0082020H5[2022-06-14].gz,H5
Exports,853950,COMTRADE-FINAL-CA0082021H5[2023-06-05].gz,H5
Exports,920290,COMTRADE-FINAL-CA0082021H5[2023-06-05].gz,H5
Imports,300449,COMTRADE-FINAL-CA0082021H5[2023-06-05].gz,H5
Imports,440311,COMTRADE-FINAL-CA0082021H5[2023-06-05].gz,H5
Imports,870340,COMTRADE-FINAL-CA0082021H5[2023-06-05].gz,H5
Exports,851713,COMTRADE-FINAL-CA0082022H6[2023-06-05].gz,H6
Exports,852583,COMTRADE-FINAL-CA0082022H6[2023-06-05].gz,H6
Exports,852589,COMTRADE-FINAL-CA0082022H6[2023-06-05].gz,H6
Exports,940391,COMTRADE-FINAL-CA0082022H6[2023-06-05].gz,H6
Imports,030772,COMTRADE-FINAL-CA0082022H6[2023-06-05].gz,H6
Imports,040320,COMTRADE-FINAL-CA0082022H6[2023-06-05].gz,H6
Imports,121221,COMTRADE-FINAL-CA0082022H6[2023-06-05].gz,H6
Imports,340250,COMTRADE-FINAL-CA0082022H6[2023-06-05].gz,H6
Imports,382219,COMTRADE-FINAL-CA0082022H6[2023-06-05].gz,H6
Imports,382290,COMTRADE-FINAL-CA0082022H6[2023-06-05].gz,H6
Imports,570329,COMTRADE-FINAL-CA0082022H6[2023-06-05].gz,H6
Imports,570339,COMTRADE-FINAL-CA0082022H6[2023-06-05].gz,H6
Imports,620120,COMTRADE-FINAL-CA0082022H6[2023-06-05].gz,H6
Imports,620130,COMTRADE-FINAL-CA0082022H6[2023-06-05].gz,H6
Imports,620140,COMTRADE-FINAL-CA0082022H6[2023-06-05].gz,H6
Imports,620190,COMTRADE-FINAL-CA0082022H6[2023-06-05].gz,H6
Imports,620220,COMTRADE-FINAL-CA0082022H6[2023-06-05].gz,H6
Imports,620230,COMTRADE-FINAL-CA0082022H6[2023-06-05].gz,H6
Imports,620240,COMTRADE-FINAL-CA0082022H6[2023-06-05].gz,H6
Imports,620290,COMTRADE-FINAL-CA0082022H6[2023-06-05].gz,H6
Imports,701965,COMTRADE-FINAL-CA0082022H6[2023-06-05].gz,H6
Imports,701980,COMTRADE-FINAL-CA0082022H6[2023-06-05].gz,H6
Imports,851713,COMTRADE-FINAL-CA0082022H6[2023-06-05].gz,H6
Imports,851714,COMTRADE-FINAL-CA0082022H6[2023-06-05].gz,H6
Imports,851779,COMTRADE-FINAL-CA0082022H6[2023-06-05].gz,H6
Imports,852589,COMTRADE-FINAL-CA0082022H6[2023-06-05].gz,H6
Imports,853951,COMTRADE-FINAL-CA0082022H6[2023-06-05].gz,H6
Imports,870822,COMTRADE-FINAL-CA0082022H6[2023-06-05].gz,H6
Imports,880730,COMTRADE-FINAL-CA0082022H6[2023-06-05].gz,H6
Imports,902789,COMTRADE-FINAL-CA0082022H6[2023-06-05].gz,H6
Imports,940141,COMTRADE-FINAL-CA0082022H6[2023-06-05].gz,H6
Imports,940199,COMTRADE-FINAL-CA0082022H6[2023-06-05].gz,H6
Imports,940399,COMTRADE-FINAL-CA0082022H6[2023-06-05].gz,H6
Imports,940440,COMTRADE-FINAL-CA0082022H6[2023-06-05].gz,H6
Imports,940511,COMTRADE-FINAL-CA0082022H6[2023-06-05].gz,H6
Imports,940542,COMTRADE-FINAL-CA0082022H6[2023-06-05].gz,H6
Exports,150920,COMTRADE-FINAL-CA0082023H6[2024-11-22].gz,H6
Exports,150930,COMTRADE-FINAL-CA0082023H6[2024-11-22].gz,H6
Exports,150940,COMTRADE-FINAL-CA0082023H6[2024-11-22].gz,H6
Exports,200989,COMTRADE-FINAL-CA0082023H6[2024-11-22].gz,H6
Exports,230250,COMTRADE-FINAL-CA0082023H6[2024-11-22].gz,H6
Exports,300190,COMTRADE-FINAL-CA0082023H6[2024-11-22].gz,H6
Exports,300449,COMTRADE-FINAL-CA0082023H6[2024-11-22].gz,H6
Exports,310319,COMTRADE-FINAL-CA0082023H6[2024-11-22].gz,H6
Exports,330620,COMTRADE-FINAL-CA0082023H6[2024-11-22].gz,H6
Exports,340250,COMTRADE-FINAL-CA0082023H6[2024-11-22].gz,H6
Exports,340520,COMTRADE-FINAL-CA0082023H6[2024-11-22].gz,H6
Exports,380130,COMTRADE-FINAL-CA0082023H6[2024-11-22].gz,H6
Exports,382219,COMTRADE-FINAL-CA0082023H6[2024-11-22].gz,H6
Exports,382290,COMTRADE-FINAL-CA0082023H6[2024-11-22].gz,H6
Exports,400280,COMTRADE-FINAL-CA0082023H6[2024-11-22].gz,H6
Exports,441490,COMTRADE-FINAL-CA0082023H6[2024-11-22].gz,H6
Exports,441819,COMTRADE-FINAL-CA0082023H6[2024-11-22].gz,H6
Exports,441821,COMTRADE-FINAL-CA0082023H6[2024-11-22].gz,H6
Exports,441829,COMTRADE-FINAL-CA0082023H6[2024-11-22].gz,H6
Exports,441899,COMTRADE-FINAL-CA0082023H6[2024-11-22].gz,H6
Exports,441911,COMTRADE-FINAL-CA0082023H6[2024-11-22].gz,H6
Exports,441990,COMTRADE-FINAL-CA0082023H6[2024-11-22].gz,H6
Exports,442019,COMTRADE-FINAL-CA0082023H6[2024-11-22].gz,H6
Exports,442120,COMTRADE-FINAL-CA0082023H6[2024-11-22].gz,H6
Exports,460219,COMTRADE-FINAL-CA0082023H6[2024-11-22].gz,H6
Exports,540262,COMTRADE-FINAL-CA0082023H6[2024-11-22].gz,H6
Exports,551442,COMTRADE-FINAL-CA0082023H6[2024-11-22].gz,H6
Exports,600199,COMTRADE-FINAL-CA0082023H6[2024-11-22].gz,H6
Exports,620120,COMTRADE-FINAL-CA0082023H6[2024-11-22].gz,H6
Exports,620130,COMTRADE-FINAL-CA0082023H6[2024-11-22].gz,H6
Exports,620140,COMTRADE-FINAL-CA0082023H6[2024-11-22].gz,H6
Exports,620190,COMTRADE-FINAL-CA0082023H6[2024-11-22].gz,H6
Exports,620230,COMTRADE-FINAL-CA0082023H6[2024-11-22].gz,H6
Exports,620240,COMTRADE-FINAL-CA0082023H6[2024-11-22].gz,H6
Exports,620290,COMTRADE-FINAL-CA0082023H6[2024-11-22].gz,H6
Exports,670419,COMTRADE-FINAL-CA0082023H6[2024-11-22].gz,H6
Exports,670490,COMTRADE-FINAL-CA0082023H6[2024-11-22].gz,H6
Exports,700711,COMTRADE-FINAL-CA0082023H6[2024-11-22].gz,H6
Exports,701966,COMTRADE-FINAL-CA0082023H6[2024-11-22].gz,H6
Exports,732392,COMTRADE-FINAL-CA0082023H6[2024-11-22].gz,H6
Exports,851779,COMTRADE-FINAL-CA0082023H6[2024-11-22].gz,H6
Exports,853952,COMTRADE-FINAL-CA0082023H6[2024-11-22].gz,H6
Exports,854143,COMTRADE-FINAL-CA0082023H6[2024-11-22].gz,H6
Exports,870193,COMTRADE-FINAL-CA0082023H6[2024-11-22].gz,H6
Exports,870380,COMTRADE-FINAL-CA0082023H6[2024-11-22].gz,H6
Exports,880730,COMTRADE-FINAL-CA0082023H6[2024-11-22].gz,H6
Exports,900150,COMTRADE-FINAL-CA0082023H6[2024-11-22].gz,H6
Exports,940131,COMTRADE-FINAL-CA0082023H6[2024-11-22].gz,H6
Exports,940139,COMTRADE-FINAL-CA0082023H6[2024-11-22].gz,H6
Exports,940141,COMTRADE-FINAL-CA0082023H6[2024-11-22].gz,H6
Exports,940199,COMTRADE-FINAL-CA0082023H6[2024-11-22].gz,H6
Exports,940399,COMTRADE-FINAL-CA0082023H6[2024-11-22].gz,H6
Exports,940440,COMTRADE-FINAL-CA0082023H6[2024-11-22].gz,H6
Exports,940511,COMTRADE-FINAL-CA0082023H6[2024-11-22].gz,H6
Exports,940542,COMTRADE-FINAL-CA0082023H6[2024-11-22].gz,H6
Exports,940549,COMTRADE-FINAL-CA0082023H6[2024-11-22].gz,H6
Exports,940561,COMTRADE-FINAL-CA0082023H6[2024-11-22].gz,H6
Imports,030251,COMTRADE-FINAL-CA0082023H6[2024-11-22].gz,H6
Imports,030357,COMTRADE-FINAL-CA0082023H6[2024-11-22].gz,H6
Imports,030459,COMTRADE-FINAL-CA0082023H6[2024-11-22].gz,H6
Imports,030632,COMTRADE-FINAL-CA0082023H6[2024-11-22].gz,H6
Imports,030636,COMTRADE-FINAL-CA0082023H6[2024-11-22].gz,H6
Imports,030732,COMTRADE-FINAL-CA0082023H6[2024-11-22].gz,H6
Imports,030742,COMTRADE-FINAL-CA0082023H6[2024-11-22].gz,H6
Imports,030752,COMTRADE-FINAL-CA0082023H6[2024-11-22].gz,H6
Imports,030771,COMTRADE-FINAL-CA0082023H6[2024-11-22].gz,H6
Imports,041090,COMTRADE-FINAL-CA0082023H6[2024-11-22].gz,H6
Imports,071430,COMTRADE-FINAL-CA0082023H6[2024-11-22].gz,H6
Imports,080292,COMTRADE-FINAL-CA0082023H6[2024-11-22].gz,H6
Imports,080299,COMTRADE-FINAL-CA0082023H6[2024-11-22].gz,H6
Imports,121150,COMTRADE-FINAL-CA0082023H6[2024-11-22].gz,H6
Imports,150920,COMTRADE-FINAL-CA0082023H6[2024-11-22].gz,H6
Imports,151090,COMTRADE-FINAL-CA0082023H6[2024-11-22].gz,H6
Imports,160559,COMTRADE-FINAL-CA0082023H6[2024-11-22].gz,H6
Imports,240411,COMTRADE-FINAL-CA0082023H6[2024-11-22].gz,H6
Imports,240412,COMTRADE-FINAL-CA0082023H6[2024-11-22].gz,H6
Imports,240419,COMTRADE-FINAL-CA0082023H6[2024-11-22].gz,H6
Imports,240491,COMTRADE-FINAL-CA0082023H6[2024-11-22].gz,H6
Imports,260700,COMTRADE-FINAL-CA0082023H6[2024-11-22].gz,H6
Imports,284443,COMTRADE-FINAL-CA0082023H6[2024-11-22].gz,H6
Imports,291513,COMTRADE-FINAL-CA0082023H6[2024-11-22].gz,H6
Imports,293149,COMTRADE-FINAL-CA0082023H6[2024-11-22].gz,H6
Imports,300241,COMTRADE-FINAL-CA0082023H6[2024-11-22].gz,H6
Imports,300242,COMTRADE-FINAL-CA0082023H6[2024-11-22].gz,H6
Imports,300249,COMTRADE-FINAL-CA0082023H6[2024-11-22].gz,H6
Imports,310319,COMTRADE-FINAL-CA0082023H6[2024-11-22].gz,H6
Imports,320418,COMTRADE-FINAL-CA0082023H6[2024-11-22].gz,H6
Imports,340231,COMTRADE-FINAL-CA0082023H6[2024-11-22].gz,H6
Imports,340239,COMTRADE-FINAL-CA0082023H6[2024-11-22].gz,H6
Imports,340241,COMTRADE-FINAL-CA0082023H6[2024-11-22].gz,H6
Imports,340242,COMTRADE-FINAL-CA0082023H6[2024-11-22].gz,H6
Imports,340249,COMTRADE-FINAL-CA0082023H6[2024-11-22].gz,H6
Imports,360320,COMTRADE-FINAL-CA0082023H6[2024-11-22].gz,H6
Imports,360330,COMTRADE-FINAL-CA0082023H6[2024-11-22].gz,H6
Imports,380861,COMTRADE-FINAL-CA0082023H6[2024-11-22].gz,H6
Imports,382213,COMTRADE-FINAL-CA0082023H6[2024-11-22].gz,H6
Imports,382761,COMTRADE-FINAL-CA0082023H6[2024-11-22].gz,H6
Imports,382763,COMTRADE-FINAL-CA0082023H6[2024-11-22].gz,H6
Imports,390729,COMTRADE-FINAL-CA0082023H6[2024-11-22].gz,H6
Imports,401512,COMTRADE-FINAL-CA0082023H6[2024-11-22].gz,H6
Imports,440796,COMTRADE-FINAL-CA0082023H6[2024-11-22].gz,H6
Imports,440797,COMTRADE-FINAL-CA0082023H6[2024-11-22].gz,H6
Imports,440922,COMTRADE-FINAL-CA0082023H6[2024-11-22].gz,H6
Imports,441252,COMTRADE-FINAL-CA0082023H6[2024-11-22].gz,H6
Imports,441259,COMTRADE-FINAL-CA0082023H6[2024-11-22].gz,H6
Imports,441291,COMTRADE-FINAL-CA0082023H6[2024-11-22].gz,H6
Imports,441410,COMTRADE-FINAL-CA0082023H6[2024-11-22].gz,H6
Imports,441490,COMTRADE-FINAL-CA0082023H6[2024-11-22].gz,H6
Imports,441819,COMTRADE-FINAL-CA0082023H6[2024-11-22].gz,H6
Imports,441821,COMTRADE-FINAL-CA0082023H6[2024-11-22].gz,H6
Imports,441829,COMTRADE-FINAL-CA0082023H6[2024-11-22].gz,H6
Imports,441881,COMTRADE-FINAL-CA0082023H6[2024-11-22].gz,H6
Imports,441920,COMTRADE-FINAL-CA0082023H6[2024-11-22].gz,H6
Imports,442011,COMTRADE-FINAL-CA0082023H6[2024-11-22].gz,H6
Imports,442019,COMTRADE-FINAL-CA0082023H6[2024-11-22].gz,H6
Imports,442120,COMTRADE-FINAL-CA0082023H6[2024-11-22].gz,H6
Imports,490590,COMTRADE-FINAL-CA0082023H6[2024-11-22].gz,H6
Imports,520542,COMTRADE-FINAL-CA0082023H6[2024-11-22].gz,H6
Imports,540246,COMTRADE-FINAL-CA0082023H6[2024-11-22].gz,H6
Imports,570331,COMTRADE-FINAL-CA0082023H6[2024-11-22].gz,H6
Imports,580210,COMTRADE-FINAL-CA0082023H6[2024-11-22].gz,H6
Imports,630420,COMTRADE-FINAL-CA0082023H6[2024-11-22].gz,H6
Imports,681519,COMTRADE-FINAL-CA0082023H6[2024-11-22].gz,H6
Imports,701915,COMTRADE-FINAL-CA0082023H6[2024-11-22].gz,H6
Imports,701961,COMTRADE-FINAL-CA0082023H6[2024-11-22].gz,H6
Imports,701962,COMTRADE-FINAL-CA0082023H6[2024-11-22].gz,H6
Imports,701966,COMTRADE-FINAL-CA0082023H6[2024-11-22].gz,H6
Imports,701969,COMTRADE-FINAL-CA0082023H6[2024-11-22].gz,H6
Imports,741920,COMTRADE-FINAL-CA0082023H6[2024-11-22].gz,H6
Imports,741980,COMTRADE-FINAL-CA0082023H6[2024-11-22].gz,H6
Imports,841912,COMTRADE-FINAL-CA0082023H6[2024-11-22].gz,H6
Imports,842132,COMTRADE-FINAL-CA0082023H6[2024-11-22].gz,H6
Imports,846211,COMTRADE-FINAL-CA0082023H6[2024-11-22].gz,H6
Imports,846222,COMTRADE-FINAL-CA0082023H6[2024-11-22].gz,H6
Imports,846226,COMTRADE-FINAL-CA0082023H6[2024-11-22].gz,H6
Imports,846259,COMTRADE-FINAL-CA0082023H6[2024-11-22].gz,H6
Imports,846261,COMTRADE-FINAL-CA0082023H6[2024-11-22].gz,H6
Imports,846262,COMTRADE-FINAL-CA0082023H6[2024-11-22].gz,H6
Imports,846269,COMTRADE-FINAL-CA0082023H6[2024-11-22].gz,H6
Imports,846290,COMTRADE-FINAL-CA0082023H6[2024-11-22].gz,H6
Imports,848520,COMTRADE-FINAL-CA0082023H6[2024-11-22].gz,H6
Imports,848530,COMTRADE-FINAL-CA0082023H6[2024-11-22].gz,H6
Imports,851419,COMTRADE-FINAL-CA0082023H6[2024-11-22].gz,H6
Imports,851771,COMTRADE-FINAL-CA0082023H6[2024-11-22].gz,H6
Imports,852411,COMTRADE-FINAL-CA0082023H6[2024-11-22].gz,H6
Imports,852492,COMTRADE-FINAL-CA0082023H6[2024-11-22].gz,H6
Imports,852581,COMTRADE-FINAL-CA0082023H6[2024-11-22].gz,H6
Imports,852583,COMTRADE-FINAL-CA0082023H6[2024-11-22].gz,H6
Imports,853952,COMTRADE-FINAL-CA0082023H6[2024-11-22].gz,H6
Imports,854141,COMTRADE-FINAL-CA0082023H6[2024-11-22].gz,H6
Imports,854143,COMTRADE-FINAL-CA0082023H6[2024-11-22].gz,H6
Imports,854149,COMTRADE-FINAL-CA0082023H6[2024-11-22].gz,H6
Imports,854151,COMTRADE-FINAL-CA0082023H6[2024-11-22].gz,H6
Imports,854800,COMTRADE-FINAL-CA0082023H6[2024-11-22].gz,H6
Imports,870121,COMTRADE-FINAL-CA0082023H6[2024-11-22].gz,H6
Imports,870220,COMTRADE-FINAL-CA0082023H6[2024-11-22].gz,H6
Imports,870360,COMTRADE-FINAL-CA0082023H6[2024-11-22].gz,H6
Imports,870370,COMTRADE-FINAL-CA0082023H6[2024-11-22].gz,H6
Imports,870442,COMTRADE-FINAL-CA0082023H6[2024-11-22].gz,H6
Imports,880621,COMTRADE-FINAL-CA0082023H6[2024-11-22].gz,H6
Imports,880622,COMTRADE-FINAL-CA0082023H6[2024-11-22].gz,H6
Imports,880790,COMTRADE-FINAL-CA0082023H6[2024-11-22].gz,H6
Imports,890311,COMTRADE-FINAL-CA0082023H6[2024-11-22].gz,H6
Imports,890312,COMTRADE-FINAL-CA0082023H6[2024-11-22].gz,H6
Imports,890319,COMTRADE-FINAL-CA0082023H6[2024-11-22].gz,H6
Imports,890321,COMTRADE-FINAL-CA0082023H6[2024-11-22].gz,H6
Imports,890322,COMTRADE-FINAL-CA0082023H6[2024-11-22].gz,H6
Imports,890331,COMTRADE-FINAL-CA0082023H6[2024-11-22].gz,H6
Imports,890332,COMTRADE-FINAL-CA0082023H6[2024-11-22].gz,H6
Imports,890393,COMTRADE-FINAL-CA0082023H6[2024-11-22].gz,H6
Imports,940131,COMTRADE-FINAL-CA0082023H6[2024-11-22].gz,H6
Imports,940139,COMTRADE-FINAL-CA0082023H6[2024-11-22].gz,H6
Imports,940149,COMTRADE-FINAL-CA0082023H6[2024-11-22].gz,H6
Imports,940153,COMTRADE-FINAL-CA0082023H6[2024-11-22].gz,H6
Imports,940191,COMTRADE-FINAL-CA0082023H6[2024-11-22].gz,H6
Imports,940383,COMTRADE-FINAL-CA0082023H6[2024-11-22].gz,H6
Imports,940391,COMTRADE-FINAL-CA0082023H6[2024-11-22].gz,H6
Imports,940519,COMTRADE-FINAL-CA0082023H6[2024-11-22].gz,H6
Imports,940521,COMTRADE-FINAL-CA0082023H6[2024-11-22].gz,H6
Imports,940529,COMTRADE-FINAL-CA0082023H6[2024-11-22].gz,H6
Imports,940531,COMTRADE-FINAL-CA0082023H6[2024-11-22].gz,H6
Imports,940539,COMTRADE-FINAL-CA0082023H6[2024-11-22].gz,H6
Imports,940541,COMTRADE-FINAL-CA0082023H6[2024-11-22].gz,H6
Imports,940549,COMTRADE-FINAL-CA0082023H6[2024-11-22].gz,H6
Imports,940561,COMTRADE-FINAL-CA0082023H6[2024-11-22].gz,H6
Imports,940569,COMTRADE-FINAL-CA0082023H6[2024-11-22].gz,H6
Imports,940610,COMTRADE-FINAL-CA0082023H6[2024-11-22].gz,H6
Imports,950829,COMTRADE-FINAL-CA0082023H6[2024-11-22].gz,H6
Imports,970199,COMTRADE-FINAL-CA0082023H6[2024-11-22].gz,H6
Exports,870340,COMTRADE-FINAL-CA0082024H6[2025-05-07].gz,H6
Exports,940519,COMTRADE-FINAL-CA0082024H6[2025-05-07].gz,H6
Imports,441251,COMTRADE-FINAL-CA0082024H6[2025-05-07].gz,H6
Imports,681511,COMTRADE-FINAL-CA0082024H6[2025-05-07].gz,H6
Imports,681512,COMTRADE-FINAL-CA0082024H6[2025-05-07].gz,H6
Imports,846223,COMTRADE-FINAL-CA0082024H6[2025-05-07].gz,H6
Imports,846232,COMTRADE-FINAL-CA0082024H6[2025-05-07].gz,H6
Imports,851439,COMTRADE-FINAL-CA0082024H6[2025-05-07].gz,H6
Imports,852419,COMTRADE-FINAL-CA0082024H6[2025-05-07].gz,H6
Imports,854159,COMTRADE-FINAL-CA0082024H6[2025-05-07].gz,H6
Imports,870122,COMTRADE-FINAL-CA0082024H6[2025-05-07].gz,H6
Imports,870441,COMTRADE-FINAL-CA0082024H6[2025-05-07].gz,H6
Imports,870460,COMTRADE-FINAL-CA0082024H6[2025-05-07].gz,H6
Imports,890333,COMTRADE-FINAL-CA0082024H6[2025-05-07].gz,H6
Imports,950824,COMTRADE-FINAL-CA0082024H6[2025-05-07].gz,H6
Imports,950825,COMTRADE-FINAL-CA0082024H6[2025-05-07].gz,H6
Imports,970191,COMTRADE-FINAL-CA0082024H6[2025-05-07].gz,H6
Exports,030223,COMTRADE-FINAL-CA0122000H1[2002-09-01].gz,H1
Exports,030342,COMTRADE-FINAL-CA0122000H1[2002-09-01].gz,H1
Exports,030612,COMTRADE-FINAL-CA0122000H1[2002-09-01].gz,H1
Exports,070952,COMTRADE-FINAL-CA0122000H1[2002-09-01].gz,H1
Exports,100110,COMTRADE-FINAL-CA0122000H1[2002-09-01].gz,H1
Exports,110290,COMTRADE-FINAL-CA0122000H1[2002-09-01].gz,H1
Exports,110311,COMTRADE-FINAL-CA0122000H1[2002-09-01].gz,H1
Exports,121230,COMTRADE-FINAL-CA0122000H1[2002-09-01].gz,H1
Exports,140490,COMTRADE-FINAL-CA0122000H1[2002-09-01].gz,H1
Exports,152000,COMTRADE-FINAL-CA0122000H1[2002-09-01].gz,H1
Exports,152200,COMTRADE-FINAL-CA0122000H1[2002-09-01].gz,H1
Exports,170310,COMTRADE-FINAL-CA0122000H1[2002-09-01].gz,H1
Exports,170390,COMTRADE-FINAL-CA0122000H1[2002-09-01].gz,H1
Exports,190240,COMTRADE-FINAL-CA0122000H1[2002-09-01].gz,H1
Exports,200560,COMTRADE-FINAL-CA0122000H1[2002-09-01].gz,H1
Exports,200891,COMTRADE-FINAL-CA0122000H1[2002-09-01].gz,H1
Exports,262011,COMTRADE-FINAL-CA0122000H1[2002-09-01].gz,H1
Exports,262019,COMTRADE-FINAL-CA0122000H1[2002-09-01].gz,H1
Exports,270600,COMTRADE-FINAL-CA0122000H1[2002-09-01].gz,H1
Exports,280300,COMTRADE-FINAL-CA0122000H1[2002-09-01].gz,H1
Exports,280540,COMTRADE-FINAL-CA0122000H1[2002-09-01].gz,H1
Exports,280610,COMTRADE-FINAL-CA0122000H1[2002-09-01].gz,H1
Exports,281410,COMTRADE-FINAL-CA0122000H1[2002-09-01].gz,H1
Exports,281420,COMTRADE-FINAL-CA0122000H1[2002-09-01].gz,H1
Exports,282738,COMTRADE-FINAL-CA0122000H1[2002-09-01].gz,H1
Exports,282759,COMTRADE-FINAL-CA0122000H1[2002-09-01].gz,H1
Exports,283329,COMTRADE-FINAL-CA0122000H1[2002-09-01].gz,H1
Exports,283919,COMTRADE-FINAL-CA0122000H1[2002-09-01].gz,H1
Exports,290121,COMTRADE-FINAL-CA0122000H1[2002-09-01].gz,H1
Exports,290122,COMTRADE-FINAL-CA0122000H1[2002-09-01].gz,H1
Exports,290220,COMTRADE-FINAL-CA0122000H1[2002-09-01].gz,H1
Exports,290230,COMTRADE-FINAL-CA0122000H1[2002-09-01].gz,H1
Exports,290242,COMTRADE-FINAL-CA0122000H1[2002-09-01].gz,H1
Exports,290243,COMTRADE-FINAL-CA0122000H1[2002-09-01].gz,H1
Exports,290511,COMTRADE-FINAL-CA0122000H1[2002-09-01].gz,H1
Exports,290531,COMTRADE-FINAL-CA0122000H1[2002-09-01].gz,H1
Exports,290545,COMTRADE-FINAL-CA0122000H1[2002-09-01].gz,H1
Exports,290711,COMTRADE-FINAL-CA0122000H1[2002-09-01].gz,H1
Exports,290960,COMTRADE-FINAL-CA0122000H1[2002-09-01].gz,H1
Exports,291890,COMTRADE-FINAL-CA0122000H1[2002-09-01].gz,H1
Exports,310280,COMTRADE-FINAL-CA0122000H1[2002-09-01].gz,H1
Exports,320412,COMTRADE-FINAL-CA0122000H1[2002-09-01].gz,H1
Exports,321100,COMTRADE-FINAL-CA0122000H1[2002-09-01].gz,H1
Exports,330741,COMTRADE-FINAL-CA0122000H1[2002-09-01].gz,H1
Exports,340311,COMTRADE-FINAL-CA0122000H1[2002-09-01].gz,H1
Exports,350110,COMTRADE-FINAL-CA0122000H1[2002-09-01].gz,H1
Exports,370231,COMTRADE-FINAL-CA0122000H1[2002-09-01].gz,H1
Exports,370292,COMTRADE-FINAL-CA0122000H1[2002-09-01].gz,H1
Exports,381230,COMTRADE-FINAL-CA0122000H1[2002-09-01].gz,H1
Exports,390461,COMTRADE-FINAL-CA0122000H1[2002-09-01].gz,H1
Exports,390910,COMTRADE-FINAL-CA0122000H1[2002-09-01].gz,H1
Exports,392041,COMTRADE-FINAL-CA0122000H1[2002-09-01].gz,H1
Exports,392042,COMTRADE-FINAL-CA0122000H1[2002-09-01].gz,H1
Exports,392071,COMTRADE-FINAL-CA0122000H1[2002-09-01].gz,H1
Exports,400910,COMTRADE-FINAL-CA0122000H1[2002-09-01].gz,H1
Exports,400940,COMTRADE-FINAL-CA0122000H1[2002-09-01].gz,H1
Exports,400950,COMTRADE-FINAL-CA0122000H1[2002-09-01].gz,H1
Exports,410620,COMTRADE-FINAL-CA0122000H1[2002-09-01].gz,H1
Exports,410800,COMTRADE-FINAL-CA0122000H1[2002-09-01].gz,H1
Exports,410900,COMTRADE-FINAL-CA0122000H1[2002-09-01].gz,H1
Exports,430190,COMTRADE-FINAL-CA0122000H1[2002-09-01].gz,H1
Exports,450190,COMTRADE-FINAL-CA0122000H1[2002-09-01].gz,H1
Exports,450200,COMTRADE-FINAL-CA0122000H1[2002-09-01].gz,H1
Exports,450310,COMTRADE-FINAL-CA0122000H1[2002-09-01].gz,H1
Exports,480220,COMTRADE-FINAL-CA0122000H1[2002-09-01].gz,H1
Exports,482210,COMTRADE-FINAL-CA0122000H1[2002-09-01].gz,H1
Exports,520710,COMTRADE-FINAL-CA0122000H1[2002-09-01].gz,H1
Exports,540249,COMTRADE-FINAL-CA0122000H1[2002-09-01].gz,H1
Exports,540320,COMTRADE-FINAL-CA0122000H1[2002-09-01].gz,H1
Exports,550320,COMTRADE-FINAL-CA0122000H1[2002-09-01].gz,H1
Exports,570210,COMTRADE-FINAL-CA0122000H1[2002-09-01].gz,H1
Exports,570232,COMTRADE-FINAL-CA0122000H1[2002-09-01].gz,H1
Exports,580121,COMTRADE-FINAL-CA0122000H1[2002-09-01].gz,H1
Exports,580122,COMTRADE-FINAL-CA0122000H1[2002-09-01].gz,H1
Exports,580133,COMTRADE-FINAL-CA0122000H1[2002-09-01].gz,H1
Exports,580220,COMTRADE-FINAL-CA0122000H1[2002-09-01].gz,H1
Exports,580640,COMTRADE-FINAL-CA0122000H1[2002-09-01].gz,H1
Exports,590700,COMTRADE-FINAL-CA0122000H1[2002-09-01].gz,H1
Exports,681310,COMTRADE-FINAL-CA0122000H1[2002-09-01].gz,H1
Exports,701010,COMTRADE-FINAL-CA0122000H1[2002-09-01].gz,H1
Exports,701091,COMTRADE-FINAL-CA0122000H1[2002-09-01].gz,H1
Exports,701092,COMTRADE-FINAL-CA0122000H1[2002-09-01].gz,H1
Exports,701094,COMTRADE-FINAL-CA0122000H1[2002-09-01].gz,H1
Exports,701332,COMTRADE-FINAL-CA0122000H1[2002-09-01].gz,H1
Exports,720712,COMTRADE-FINAL-CA0122000H1[2002-09-01].gz,H1
Exports,720990,COMTRADE-FINAL-CA0122000H1[2002-09-01].gz,H1
Exports,721069,COMTRADE-FINAL-CA0122000H1[2002-09-01].gz,H1
Exports,722619,COMTRADE-FINAL-CA0122000H1[2002-09-01].gz,H1
Exports,730793,COMTRADE-FINAL-CA0122000H1[2002-09-01].gz,H1
Exports,731520,COMTRADE-FINAL-CA0122000H1[2002-09-01].gz,H1
Exports,731582,COMTRADE-FINAL-CA0122000H1[2002-09-01].gz,H1
Exports,731821,COMTRADE-FINAL-CA0122000H1[2002-09-01].gz,H1
Exports,731910,COMTRADE-FINAL-CA0122000H1[2002-09-01].gz,H1
Exports,732391,COMTRADE-FINAL-CA0122000H1[2002-09-01].gz,H1
Exports,741122,COMTRADE-FINAL-CA0122000H1[2002-09-01].gz,H1
Exports,750890,COMTRADE-FINAL-CA0122000H1[2002-09-01].gz,H1
Exports,800300,COMTRADE-FINAL-CA0122000H1[2002-09-01].gz,H1
Exports,820840,COMTRADE-FINAL-CA0122000H1[2002-09-01].gz,H1
Exports,821191,COMTRADE-FINAL-CA0122000H1[2002-09-01].gz,H1
Exports,821192,COMTRADE-FINAL-CA0122000H1[2002-09-01].gz,H1
Exports,821591,COMTRADE-FINAL-CA0122000H1[2002-09-01].gz,H1
Exports,841191,COMTRADE-FINAL-CA0122000H1[2002-09-01].gz,H1
Exports,841199,COMTRADE-FINAL-CA0122000H1[2002-09-01].gz,H1
Exports,841911,COMTRADE-FINAL-CA0122000H1[2002-09-01].gz,H1
Exports,844090,COMTRADE-FINAL-CA0122000H1[2002-09-01].gz,H1
Exports,846810,COMTRADE-FINAL-CA0122000H1[2002-09-01].gz,H1
Exports,847029,COMTRADE-FINAL-CA0122000H1[2002-09-01].gz,H1
Exports,847030,COMTRADE-FINAL-CA0122000H1[2002-09-01].gz,H1
Exports,848490,COMTRADE-FINAL-CA0122000H1[2002-09-01].gz,H1
Exports,850690,COMTRADE-FINAL-CA0122000H1[2002-09-01].gz,H1
Exports,850820,COMTRADE-FINAL-CA0122000H1[2002-09-01].gz,H1
Exports,851090,COMTRADE-FINAL-CA0122000H1[2002-09-01].gz,H1
Exports,851110,COMTRADE-FINAL-CA0122000H1[2002-09-01].gz,H1
Exports,851150,COMTRADE-FINAL-CA0122000H1[2002-09-01].gz,H1
Exports,851722,COMTRADE-FINAL-CA0122000H1[2002-09-01].gz,H1
Exports,851992,COMTRADE-FINAL-CA0122000H1[2002-09-01].gz,H1
Exports,852039,COMTRADE-FINAL-CA0122000H1[2002-09-01].gz,H1
Exports,852311,COMTRADE-FINAL-CA0122000H1[2002-09-01].gz,H1
Exports,852813,COMTRADE-FINAL-CA0122000H1[2002-09-01].gz,H1
Exports,854011,COMTRADE-FINAL-CA0122000H1[2002-09-01].gz,H1
Exports,854099,COMTRADE-FINAL-CA0122000H1[2002-09-01].gz,H1
Exports,854121,COMTRADE-FINAL-CA0122000H1[2002-09-01].gz,H1
Exports,854130,COMTRADE-FINAL-CA0122000H1[2002-09-01].gz,H1
Exports,854212,COMTRADE-FINAL-CA0122000H1[2002-09-01].gz,H1
Exports,854219,COMTRADE-FINAL-CA0122000H1[2002-09-01].gz,H1
Exports,854250,COMTRADE-FINAL-CA0122000H1[2002-09-01].gz,H1
Exports,854319,COMTRADE-FINAL-CA0122000H1[2002-09-01].gz,H1
Exports,871493,COMTRADE-FINAL-CA0122000H1[2002-09-01].gz,H1
Exports,880220,COMTRADE-FINAL-CA0122000H1[2002-09-01].gz,H1
Exports,901480,COMTRADE-FINAL-CA0122000H1[2002-09-01].gz,H1
Exports,902990,COMTRADE-FINAL-CA0122000H1[2002-09-01].gz,H1
Exports,903083,COMTRADE-FINAL-CA0122000H1[2002-09-01].gz,H1
Exports,910310,COMTRADE-FINAL-CA0122000H1[2002-09-01].gz,H1
Exports,910519,COMTRADE-FINAL-CA0122000H1[2002-09-01].gz,H1
Exports,910591,COMTRADE-FINAL-CA0122000H1[2002-09-01].gz,H1
Exports,910919,COMTRADE-FINAL-CA0122000H1[2002-09-01].gz,H1
Exports,911310,COMTRADE-FINAL-CA0122000H1[2002-09-01].gz,H1
Exports,920600,COMTRADE-FINAL-CA0122000H1[2002-09-01].gz,H1
Exports,950341,COMTRADE-FINAL-CA0122000H1[2002-09-01].gz,H1
Exports,950360,COMTRADE-FINAL-CA0122000H1[2002-09-01].gz,H1
Exports,950440,COMTRADE-FINAL-CA0122000H1[2002-09-01].gz,H1
Exports,961610,COMTRADE-FINAL-CA0122000H1[2002-09-01].gz,H1
Imports,030621,COMTRADE-FINAL-CA0122000H1[2002-09-01].gz,H1
Imports,050210,COMTRADE-FINAL-CA0122000H1[2002-09-01].gz,H1
Imports,071230,COMTRADE-FINAL-CA0122000H1[2002-09-01].gz,H1
Imports,081220,COMTRADE-FINAL-CA0122000H1[2002-09-01].gz,H1
Imports,110411,COMTRADE-FINAL-CA0122000H1[2002-09-01].gz,H1
Imports,120500,COMTRADE-FINAL-CA0122000H1[2002-09-01].gz,H1
Imports,121230,COMTRADE-FINAL-CA0122000H1[2002-09-01].gz,H1
Imports,140120,COMTRADE-FINAL-CA0122000H1[2002-09-01].gz,H1
Imports,140210,COMTRADE-FINAL-CA0122000H1[2002-09-01].gz,H1
Imports,151560,COMTRADE-FINAL-CA0122000H1[2002-09-01].gz,H1
Imports,253040,COMTRADE-FINAL-CA0122000H1[2002-09-01].gz,H1
Imports,260120,COMTRADE-FINAL-CA0122000H1[2002-09-01].gz,H1
Imports,260800,COMTRADE-FINAL-CA0122000H1[2002-09-01].gz,H1
Imports,261510,COMTRADE-FINAL-CA0122000H1[2002-09-01].gz,H1
Imports,280522,COMTRADE-FINAL-CA0122000H1[2002-09-01].gz,H1
Imports,282420,COMTRADE-FINAL-CA0122000H1[2002-09-01].gz,H1
Imports,282520,COMTRADE-FINAL-CA0122000H1[2002-09-01].gz,H1
Imports,282530,COMTRADE-FINAL-CA0122000H1[2002-09-01].gz,H1
Imports,282570,COMTRADE-FINAL-CA0122000H1[2002-09-01].gz,H1
Imports,282734,COMTRADE-FINAL-CA0122000H1[2002-09-01].gz,H1
Imports,283670,COMTRADE-FINAL-CA0122000H1[2002-09-01].gz,H1
Imports,283800,COMTRADE-FINAL-CA0122000H1[2002-09-01].gz,H1
Imports,283920,COMTRADE-FINAL-CA0122000H1[2002-09-01].gz,H1
Imports,290314,COMTRADE-FINAL-CA0122000H1[2002-09-01].gz,H1
Imports,290316,COMTRADE-FINAL-CA0122000H1[2002-09-01].gz,H1
Imports,290341,COMTRADE-FINAL-CA0122000H1[2002-09-01].gz,H1
Imports,290344,COMTRADE-FINAL-CA0122000H1[2002-09-01].gz,H1
Imports,290346,COMTRADE-FINAL-CA0122000H1[2002-09-01].gz,H1
Imports,290361,COMTRADE-FINAL-CA0122000H1[2002-09-01].gz,H1
Imports,290614,COMTRADE-FINAL-CA0122000H1[2002-09-01].gz,H1
Imports,291020,COMTRADE-FINAL-CA0122000H1[2002-09-01].gz,H1
Imports,291030,COMTRADE-FINAL-CA0122000H1[2002-09-01].gz,H1
Imports,291213,COMTRADE-FINAL-CA0122000H1[2002-09-01].gz,H1
Imports,291229,COMTRADE-FINAL-CA0122000H1[2002-09-01].gz,H1
Imports,291423,COMTRADE-FINAL-CA0122000H1[2002-09-01].gz,H1
Imports,291431,COMTRADE-FINAL-CA0122000H1[2002-09-01].gz,H1
Imports,291535,COMTRADE-FINAL-CA0122000H1[2002-09-01].gz,H1
Imports,291634,COMTRADE-FINAL-CA0122000H1[2002-09-01].gz,H1
Imports,292144,COMTRADE-FINAL-CA0122000H1[2002-09-01].gz,H1
Imports,292222,COMTRADE-FINAL-CA0122000H1[2002-09-01].gz,H1
Imports,292230,COMTRADE-FINAL-CA0122000H1[2002-09-01].gz,H1
Imports,292243,COMTRADE-FINAL-CA0122000H1[2002-09-01].gz,H1
Imports,292422,COMTRADE-FINAL-CA0122000H1[2002-09-01].gz,H1
Imports,293221,COMTRADE-FINAL-CA0122000H1[2002-09-01].gz,H1
Imports,293340,COMTRADE-FINAL-CA0122000H1[2002-09-01].gz,H1
Imports,293361,COMTRADE-FINAL-CA0122000H1[2002-09-01].gz,H1
Imports,293792,COMTRADE-FINAL-CA0122000H1[2002-09-01].gz,H1
Imports,293942,COMTRADE-FINAL-CA0122000H1[2002-09-01].gz,H1
Imports,293962,COMTRADE-FINAL-CA0122000H1[2002-09-01].gz,H1
Imports,293969,COMTRADE-FINAL-CA0122000H1[2002-09-01].gz,H1
Imports,330114,COMTRADE-FINAL-CA0122000H1[2002-09-01].gz,H1
Imports,330121,COMTRADE-FINAL-CA0122000H1[2002-09-01].gz,H1
Imports,401024,COMTRADE-FINAL-CA0122000H1[2002-09-01].gz,H1
Imports,420610,COMTRADE-FINAL-CA0122000H1[2002-09-01].gz,H1
Imports,480523,COMTRADE-FINAL-CA0122000H1[2002-09-01].gz,H1
Imports,510330,COMTRADE-FINAL-CA0122000H1[2002-09-01].gz,H1
Imports,520534,COMTRADE-FINAL-CA0122000H1[2002-09-01].gz,H1
Imports,530599,COMTRADE-FINAL-CA0122000H1[2002-09-01].gz,H1
Imports,681220,COMTRADE-FINAL-CA0122000H1[2002-09-01].gz,H1
Imports,710391,COMTRADE-FINAL-CA0122000H1[2002-09-01].gz,H1
Imports,710410,COMTRADE-FINAL-CA0122000H1[2002-09-01].gz,H1
Imports,711100,COMTRADE-FINAL-CA0122000H1[2002-09-01].gz,H1
Imports,720270,COMTRADE-FINAL-CA0122000H1[2002-09-01].gz,H1
Imports,720292,COMTRADE-FINAL-CA0122000H1[2002-09-01].gz,H1
Imports,720293,COMTRADE-FINAL-CA0122000H1[2002-09-01].gz,H1
Imports,722720,COMTRADE-FINAL-CA0122000H1[2002-09-01].gz,H1
Imports,800500,COMTRADE-FINAL-CA0122000H1[2002-09-01].gz,H1
Imports,810191,COMTRADE-FINAL-CA0122000H1[2002-09-01].gz,H1
Imports,810192,COMTRADE-FINAL-CA0122000H1[2002-09-01].gz,H1
Imports,810193,COMTRADE-FINAL-CA0122000H1[2002-09-01].gz,H1
Imports,810293,COMTRADE-FINAL-CA0122000H1[2002-09-01].gz,H1
Imports,810510,COMTRADE-FINAL-CA0122000H1[2002-09-01].gz,H1
Imports,810600,COMTRADE-FINAL-CA0122000H1[2002-09-01].gz,H1
Imports,810710,COMTRADE-FINAL-CA0122000H1[2002-09-01].gz,H1
Imports,810790,COMTRADE-FINAL-CA0122000H1[2002-09-01].gz,H1
Imports,810910,COMTRADE-FINAL-CA0122000H1[2002-09-01].gz,H1
Imports,811219,COMTRADE-FINAL-CA0122000H1[2002-09-01].gz,H1
Imports,811240,COMTRADE-FINAL-CA0122000H1[2002-09-01].gz,H1
Imports,840130,COMTRADE-FINAL-CA0122000H1[2002-09-01].gz,H1
Imports,844841,COMTRADE-FINAL-CA0122000H1[2002-09-01].gz,H1
Imports,880520,COMTRADE-FINAL-CA0122000H1[2002-09-01].gz,H1
Imports,910112,COMTRADE-FINAL-CA0122000H1[2002-09-01].gz,H1
Imports,910812,COMTRADE-FINAL-CA0122000H1[2002-09-01].gz,H1
Imports,910899,COMTRADE-FINAL-CA0122000H1[2002-09-01].gz,H1
Imports,911012,COMTRADE-FINAL-CA0122000H1[2002-09-01].gz,H1
Exports,030520,COMTRADE-FINAL-CA0122001H1[2004-09-27].gz,H1
Exports,071130,COMTRADE-FINAL-CA0122001H1[2004-09-27].gz,H1
Exports,140410,COMTRADE-FINAL-CA0122001H1[2004-09-27].gz,H1
Exports,180310,COMTRADE-FINAL-CA0122001H1[2004-09-27].gz,H1
Exports,180400,COMTRADE-FINAL-CA0122001H1[2004-09-27].gz,H1
Exports,200940,COMTRADE-FINAL-CA0122001H1[2004-09-27].gz,H1
Exports,250830,COMTRADE-FINAL-CA0122001H1[2004-09-27].gz,H1
Exports,250900,COMTRADE-FINAL-CA0122001H1[2004-09-27].gz,H1
Exports,283322,COMTRADE-FINAL-CA0122001H1[2004-09-27].gz,H1
Exports,284510,COMTRADE-FINAL-CA0122001H1[2004-09-27].gz,H1
Exports,290410,COMTRADE-FINAL-CA0122001H1[2004-09-27].gz,H1
Exports,291590,COMTRADE-FINAL-CA0122001H1[2004-09-27].gz,H1
Exports,292410,COMTRADE-FINAL-CA0122001H1[2004-09-27].gz,H1
Exports,320415,COMTRADE-FINAL-CA0122001H1[2004-09-27].gz,H1
Exports,320420,COMTRADE-FINAL-CA0122001H1[2004-09-27].gz,H1
Exports,381090,COMTRADE-FINAL-CA0122001H1[2004-09-27].gz,H1
Exports,430180,COMTRADE-FINAL-CA0122001H1[2004-09-27].gz,H1
Exports,481139,COMTRADE-FINAL-CA0122001H1[2004-09-27].gz,H1
Exports,520420,COMTRADE-FINAL-CA0122001H1[2004-09-27].gz,H1
Exports,550932,COMTRADE-FINAL-CA0122001H1[2004-09-27].gz,H1
Exports,570320,COMTRADE-FINAL-CA0122001H1[2004-09-27].gz,H1
Exports,600243,COMTRADE-FINAL-CA0122001H1[2004-09-27].gz,H1
Exports,681390,COMTRADE-FINAL-CA0122001H1[2004-09-27].gz,H1
Exports,711011,COMTRADE-FINAL-CA0122001H1[2004-09-27].gz,H1
Exports,711031,COMTRADE-FINAL-CA0122001H1[2004-09-27].gz,H1
Exports,740311,COMTRADE-FINAL-CA0122001H1[2004-09-27].gz,H1
Exports,761511,COMTRADE-FINAL-CA0122001H1[2004-09-27].gz,H1
Exports,800700,COMTRADE-FINAL-CA0122001H1[2004-09-27].gz,H1
Exports,811291,COMTRADE-FINAL-CA0122001H1[2004-09-27].gz,H1
Exports,821490,COMTRADE-FINAL-CA0122001H1[2004-09-27].gz,H1
Exports,841520,COMTRADE-FINAL-CA0122001H1[2004-09-27].gz,H1
Exports,848220,COMTRADE-FINAL-CA0122001H1[2004-09-27].gz,H1
Exports,848291,COMTRADE-FINAL-CA0122001H1[2004-09-27].gz,H1
Exports,851290,COMTRADE-FINAL-CA0122001H1[2004-09-27].gz,H1
Exports,852090,COMTRADE-FINAL-CA0122001H1[2004-09-27].gz,H1
Exports,853229,COMTRADE-FINAL-CA0122001H1[2004-09-27].gz,H1
Exports,853230,COMTRADE-FINAL-CA0122001H1[2004-09-27].gz,H1
Exports,853641,COMTRADE-FINAL-CA0122001H1[2004-09-27].gz,H1
Exports,854110,COMTRADE-FINAL-CA0122001H1[2004-09-27].gz,H1
Exports,854330,COMTRADE-FINAL-CA0122001H1[2004-09-27].gz,H1
Exports,900930,COMTRADE-FINAL-CA0122001H1[2004-09-27].gz,H1
Exports,901310,COMTRADE-FINAL-CA0122001H1[2004-09-27].gz,H1
Exports,902910,COMTRADE-FINAL-CA0122001H1[2004-09-27].gz,H1
Exports,903220,COMTRADE-FINAL-CA0122001H1[2004-09-27].gz,H1
Imports,050300,COMTRADE-FINAL-CA0122001H1[2004-09-27].gz,H1
Imports,121010,COMTRADE-FINAL-CA0122001H1[2004-09-27].gz,H1
Imports,180200,COMTRADE-FINAL-CA0122001H1[2004-09-27].gz,H1
Imports,260112,COMTRADE-FINAL-CA0122001H1[2004-09-27].gz,H1
Imports,261310,COMTRADE-FINAL-CA0122001H1[2004-09-27].gz,H1
Imports,261710,COMTRADE-FINAL-CA0122001H1[2004-09-27].gz,H1
Imports,262019,COMTRADE-FINAL-CA0122001H1[2004-09-27].gz,H1
Imports,262090,COMTRADE-FINAL-CA0122001H1[2004-09-27].gz,H1
Imports,290343,COMTRADE-FINAL-CA0122001H1[2004-09-27].gz,H1
Imports,290712,COMTRADE-FINAL-CA0122001H1[2004-09-27].gz,H1
Imports,291230,COMTRADE-FINAL-CA0122001H1[2004-09-27].gz,H1
Imports,291817,COMTRADE-FINAL-CA0122001H1[2004-09-27].gz,H1
Imports,293293,COMTRADE-FINAL-CA0122001H1[2004-09-27].gz,H1
Imports,293710,COMTRADE-FINAL-CA0122001H1[2004-09-27].gz,H1
Imports,293921,COMTRADE-FINAL-CA0122001H1[2004-09-27].gz,H1
Imports,380520,COMTRADE-FINAL-CA0122001H1[2004-09-27].gz,H1
Imports,470311,COMTRADE-FINAL-CA0122001H1[2004-09-27].gz,H1
Imports,510530,COMTRADE-FINAL-CA0122001H1[2004-09-27].gz,H1
Imports,520644,COMTRADE-FINAL-CA0122001H1[2004-09-27].gz,H1
Imports,521042,COMTRADE-FINAL-CA0122001H1[2004-09-27].gz,H1
Imports,701120,COMTRADE-FINAL-CA0122001H1[2004-09-27].gz,H1
Imports,711021,COMTRADE-FINAL-CA0122001H1[2004-09-27].gz,H1
Imports,810210,COMTRADE-FINAL-CA0122001H1[2004-09-27].gz,H1
Imports,810810,COMTRADE-FINAL-CA0122001H1[2004-09-27].gz,H1
Imports,811299,COMTRADE-FINAL-CA0122001H1[2004-09-27].gz,H1
Imports,845951,COMTRADE-FINAL-CA0122001H1[2004-09-27].gz,H1
Imports,911280,COMTRADE-FINAL-CA0122001H1[2004-09-27].gz,H1
Exports,020120,COMTRADE-FINAL-CA0122002H2[2004-10-08].gz,H2
Exports,020622,COMTRADE-FINAL-CA0122002H2[2004-10-08].gz,H2
Exports,020734,COMTRADE-FINAL-CA0122002H2[2004-10-08].gz,H2
Exports,030235,COMTRADE-FINAL-CA0122002H2[2004-10-08].gz,H2
Exports,040640,COMTRADE-FINAL-CA0122002H2[2004-10-08].gz,H2
Exports,081190,COMTRADE-FINAL-CA0122002H2[2004-10-08].gz,H2
Exports,090411,COMTRADE-FINAL-CA0122002H2[2004-10-08].gz,H2
Exports,090930,COMTRADE-FINAL-CA0122002H2[2004-10-08].gz,H2
Exports,150600,COMTRADE-FINAL-CA0122002H2[2004-10-08].gz,H2
Exports,151411,COMTRADE-FINAL-CA0122002H2[2004-10-08].gz,H2
Exports,151610,COMTRADE-FINAL-CA0122002H2[2004-10-08].gz,H2
Exports,151790,COMTRADE-FINAL-CA0122002H2[2004-10-08].gz,H2
Exports,200540,COMTRADE-FINAL-CA0122002H2[2004-10-08].gz,H2
Exports,200931,COMTRADE-FINAL-CA0122002H2[2004-10-08].gz,H2
Exports,280410,COMTRADE-FINAL-CA0122002H2[2004-10-08].gz,H2
Exports,280511,COMTRADE-FINAL-CA0122002H2[2004-10-08].gz,H2
Exports,281122,COMTRADE-FINAL-CA0122002H2[2004-10-08].gz,H2
Exports,283010,COMTRADE-FINAL-CA0122002H2[2004-10-08].gz,H2
Exports,283330,COMTRADE-FINAL-CA0122002H2[2004-10-08].gz,H2
Exports,283531,COMTRADE-FINAL-CA0122002H2[2004-10-08].gz,H2
Exports,283990,COMTRADE-FINAL-CA0122002H2[2004-10-08].gz,H2
Exports,291250,COMTRADE-FINAL-CA0122002H2[2004-10-08].gz,H2
Exports,294110,COMTRADE-FINAL-CA0122002H2[2004-10-08].gz,H2
Exports,294130,COMTRADE-FINAL-CA0122002H2[2004-10-08].gz,H2
Exports,320740,COMTRADE-FINAL-CA0122002H2[2004-10-08].gz,H2
Exports,390890,COMTRADE-FINAL-CA0122002H2[2004-10-08].gz,H2
Exports,401199,COMTRADE-FINAL-CA0122002H2[2004-10-08].gz,H2
Exports,401310,COMTRADE-FINAL-CA0122002H2[2004-10-08].gz,H2
Exports,500790,COMTRADE-FINAL-CA0122002H2[2004-10-08].gz,H2
Exports,510310,COMTRADE-FINAL-CA0122002H2[2004-10-08].gz,H2
Exports,511220,COMTRADE-FINAL-CA0122002H2[2004-10-08].gz,H2
Exports,520100,COMTRADE-FINAL-CA0122002H2[2004-10-08].gz,H2
Exports,521213,COMTRADE-FINAL-CA0122002H2[2004-10-08].gz,H2
Exports,521215,COMTRADE-FINAL-CA0122002H2[2004-10-08].gz,H2
Exports,521222,COMTRADE-FINAL-CA0122002H2[2004-10-08].gz,H2
Exports,521223,COMTRADE-FINAL-CA0122002H2[2004-10-08].gz,H2
Exports,540241,COMTRADE-FINAL-CA0122002H2[2004-10-08].gz,H2
Exports,551211,COMTRADE-FINAL-CA0122002H2[2004-10-08].gz,H2
Exports,551529,COMTRADE-FINAL-CA0122002H2[2004-10-08].gz,H2
Exports,551641,COMTRADE-FINAL-CA0122002H2[2004-10-08].gz,H2
Exports,580390,COMTRADE-FINAL-CA0122002H2[2004-10-08].gz,H2
Exports,591000,COMTRADE-FINAL-CA0122002H2[2004-10-08].gz,H2
Exports,630292,COMTRADE-FINAL-CA0122002H2[2004-10-08].gz,H2
Exports,701190,COMTRADE-FINAL-CA0122002H2[2004-10-08].gz,H2
Exports,721633,COMTRADE-FINAL-CA0122002H2[2004-10-08].gz,H2
Exports,722530,COMTRADE-FINAL-CA0122002H2[2004-10-08].gz,H2
Exports,731450,COMTRADE-FINAL-CA0122002H2[2004-10-08].gz,H2
Exports,731813,COMTRADE-FINAL-CA0122002H2[2004-10-08].gz,H2
Exports,740721,COMTRADE-FINAL-CA0122002H2[2004-10-08].gz,H2
Exports,741129,COMTRADE-FINAL-CA0122002H2[2004-10-08].gz,H2
Exports,741529,COMTRADE-FINAL-CA0122002H2[2004-10-08].gz,H2
Exports,760320,COMTRADE-FINAL-CA0122002H2[2004-10-08].gz,H2
Exports,760521,COMTRADE-FINAL-CA0122002H2[2004-10-08].gz,H2
Exports,810720,COMTRADE-FINAL-CA0122002H2[2004-10-08].gz,H2
Exports,820740,COMTRADE-FINAL-CA0122002H2[2004-10-08].gz,H2
Exports,830621,COMTRADE-FINAL-CA0122002H2[2004-10-08].gz,H2
Exports,831130,COMTRADE-FINAL-CA0122002H2[2004-10-08].gz,H2
Exports,846630,COMTRADE-FINAL-CA0122002H2[2004-10-08].gz,H2
Exports,848010,COMTRADE-FINAL-CA0122002H2[2004-10-08].gz,H2
Exports,850530,COMTRADE-FINAL-CA0122002H2[2004-10-08].gz,H2
Exports,851993,COMTRADE-FINAL-CA0122002H2[2004-10-08].gz,H2
Exports,853510,COMTRADE-FINAL-CA0122002H2[2004-10-08].gz,H2
Exports,854012,COMTRADE-FINAL-CA0122002H2[2004-10-08].gz,H2
Exports,854129,COMTRADE-FINAL-CA0122002H2[2004-10-08].gz,H2
Exports,854270,COMTRADE-FINAL-CA0122002H2[2004-10-08].gz,H2
Exports,854320,COMTRADE-FINAL-CA0122002H2[2004-10-08].gz,H2
Exports,854520,COMTRADE-FINAL-CA0122002H2[2004-10-08].gz,H2
Exports,860799,COMTRADE-FINAL-CA0122002H2[2004-10-08].gz,H2
Exports,900820,COMTRADE-FINAL-CA0122002H2[2004-10-08].gz,H2
Exports,901410,COMTRADE-FINAL-CA0122002H2[2004-10-08].gz,H2
Exports,903130,COMTRADE-FINAL-CA0122002H2[2004-10-08].gz,H2
Exports,950720,COMTRADE-FINAL-CA0122002H2[2004-10-08].gz,H2
Exports,960860,COMTRADE-FINAL-CA0122002H2[2004-10-08].gz,H2
Imports,030345,COMTRADE-FINAL-CA0122002H2[2004-10-08].gz,H2
Imports,071232,COMTRADE-FINAL-CA0122002H2[2004-10-08].gz,H2
Imports,151540,COMTRADE-FINAL-CA0122002H2[2004-10-08].gz,H2
Imports,260500,COMTRADE-FINAL-CA0122002H2[2004-10-08].gz,H2
Imports,261210,COMTRADE-FINAL-CA0122002H2[2004-10-08].gz,H2
Imports,261610,COMTRADE-FINAL-CA0122002H2[2004-10-08].gz,H2
Imports,282612,COMTRADE-FINAL-CA0122002H2[2004-10-08].gz,H2
Imports,291461,COMTRADE-FINAL-CA0122002H2[2004-10-08].gz,H2
Imports,292214,COMTRADE-FINAL-CA0122002H2[2004-10-08].gz,H2
Imports,292231,COMTRADE-FINAL-CA0122002H2[2004-10-08].gz,H2
Imports,292244,COMTRADE-FINAL-CA0122002H2[2004-10-08].gz,H2
Imports,293332,COMTRADE-FINAL-CA0122002H2[2004-10-08].gz,H2
Imports,293354,COMTRADE-FINAL-CA0122002H2[2004-10-08].gz,H2
Imports,293712,COMTRADE-FINAL-CA0122002H2[2004-10-08].gz,H2
Imports,382520,COMTRADE-FINAL-CA0122002H2[2004-10-08].gz,H2
Imports,470319,COMTRADE-FINAL-CA0122002H2[2004-10-08].gz,H2
Imports,500390,COMTRADE-FINAL-CA0122002H2[2004-10-08].gz,H2
Imports,510121,COMTRADE-FINAL-CA0122002H2[2004-10-08].gz,H2
Imports,510219,COMTRADE-FINAL-CA0122002H2[2004-10-08].gz,H2
Imports,520613,COMTRADE-FINAL-CA0122002H2[2004-10-08].gz,H2
Imports,520623,COMTRADE-FINAL-CA0122002H2[2004-10-08].gz,H2
Imports,710811,COMTRADE-FINAL-CA0122002H2[2004-10-08].gz,H2
Imports,810194,COMTRADE-FINAL-CA0122002H2[2004-10-08].gz,H2
Imports,810196,COMTRADE-FINAL-CA0122002H2[2004-10-08].gz,H2
Imports,810295,COMTRADE-FINAL-CA0122002H2[2004-10-08].gz,H2
Imports,810296,COMTRADE-FINAL-CA0122002H2[2004-10-08].gz,H2
Imports,811090,COMTRADE-FINAL-CA0122002H2[2004-10-08].gz,H2
Imports,847521,COMTRADE-FINAL-CA0122002H2[2004-10-08].gz,H2
Exports,020423,COMTRADE-FINAL-CA0122003H2[2004-09-29].gz,H2
Exports,020680,COMTRADE-FINAL-CA0122003H2[2004-09-29].gz,H2
Exports,030221,COMTRADE-FINAL-CA0122003H2[2004-09-29].gz,H2
Exports,040590,COMTRADE-FINAL-CA0122003H2[2004-09-29].gz,H2
Exports,180200,COMTRADE-FINAL-CA0122003H2[2004-09-29].gz,H2
Exports,252620,COMTRADE-FINAL-CA0122003H2[2004-09-29].gz,H2
Exports,262040,COMTRADE-FINAL-CA0122003H2[2004-09-29].gz,H2
Exports,262099,COMTRADE-FINAL-CA0122003H2[2004-09-29].gz,H2
Exports,271119,COMTRADE-FINAL-CA0122003H2[2004-09-29].gz,H2
Exports,282760,COMTRADE-FINAL-CA0122003H2[2004-09-29].gz,H2
Exports,290244,COMTRADE-FINAL-CA0122003H2[2004-09-29].gz,H2
Exports,290344,COMTRADE-FINAL-CA0122003H2[2004-09-29].gz,H2
Exports,290944,COMTRADE-FINAL-CA0122003H2[2004-09-29].gz,H2
Exports,291539,COMTRADE-FINAL-CA0122003H2[2004-09-29].gz,H2
Exports,294120,COMTRADE-FINAL-CA0122003H2[2004-09-29].gz,H2
Exports,390512,COMTRADE-FINAL-CA0122003H2[2004-09-29].gz,H2
Exports,401290,COMTRADE-FINAL-CA0122003H2[2004-09-29].gz,H2
Exports,420690,COMTRADE-FINAL-CA0122003H2[2004-09-29].gz,H2
Exports,520299,COMTRADE-FINAL-CA0122003H2[2004-09-29].gz,H2
Exports,540231,COMTRADE-FINAL-CA0122003H2[2004-09-29].gz,H2
Exports,540233,COMTRADE-FINAL-CA0122003H2[2004-09-29].gz,H2
Exports,570220,COMTRADE-FINAL-CA0122003H2[2004-09-29].gz,H2
Exports,590290,COMTRADE-FINAL-CA0122003H2[2004-09-29].gz,H2
Exports,590900,COMTRADE-FINAL-CA0122003H2[2004-09-29].gz,H2
Exports,711319,COMTRADE-FINAL-CA0122003H2[2004-09-29].gz,H2
Exports,720293,COMTRADE-FINAL-CA0122003H2[2004-09-29].gz,H2
Exports,720840,COMTRADE-FINAL-CA0122003H2[2004-09-29].gz,H2
Exports,722790,COMTRADE-FINAL-CA0122003H2[2004-09-29].gz,H2
Exports,741539,COMTRADE-FINAL-CA0122003H2[2004-09-29].gz,H2
Exports,820560,COMTRADE-FINAL-CA0122003H2[2004-09-29].gz,H2
Exports,844210,COMTRADE-FINAL-CA0122003H2[2004-09-29].gz,H2
Exports,847510,COMTRADE-FINAL-CA0122003H2[2004-09-29].gz,H2
Exports,847690,COMTRADE-FINAL-CA0122003H2[2004-09-29].gz,H2
Exports,848020,COMTRADE-FINAL-CA0122003H2[2004-09-29].gz,H2
Exports,848050,COMTRADE-FINAL-CA0122003H2[2004-09-29].gz,H2
Exports,960400,COMTRADE-FINAL-CA0122003H2[2004-09-29].gz,H2
Imports,051000,COMTRADE-FINAL-CA0122003H2[2004-09-29].gz,H2
Imports,120730,COMTRADE-FINAL-CA0122003H2[2004-09-29].gz,H2
Imports,291736,COMTRADE-FINAL-CA0122003H2[2004-09-29].gz,H2
Imports,291737,COMTRADE-FINAL-CA0122003H2[2004-09-29].gz,H2
Imports,293295,COMTRADE-FINAL-CA0122003H2[2004-09-29].gz,H2
Imports,293371,COMTRADE-FINAL-CA0122003H2[2004-09-29].gz,H2
Imports,293372,COMTRADE-FINAL-CA0122003H2[2004-09-29].gz,H2
Imports,510211,COMTRADE-FINAL-CA0122003H2[2004-09-29].gz,H2
Imports,710231,COMTRADE-FINAL-CA0122003H2[2004-09-29].gz,H2
Imports,780191,COMTRADE-FINAL-CA0122003H2[2004-09-29].gz,H2
Imports,810720,COMTRADE-FINAL-CA0122003H2[2004-09-29].gz,H2
Imports,811292,COMTRADE-FINAL-CA0122003H2[2004-09-29].gz,H2
Imports,911110,COMTRADE-FINAL-CA0122003H2[2004-09-29].gz,H2
Exports,010190,COMTRADE-FINAL-CA0122004H2[2005-08-31].gz,H2
Exports,020210,COMTRADE-FINAL-CA0122004H2[2005-08-31].gz,H2
Exports,071090,COMTRADE-FINAL-CA0122004H2[2005-08-31].gz,H2
Exports,150410,COMTRADE-FINAL-CA0122004H2[2005-08-31].gz,H2
Exports,150810,COMTRADE-FINAL-CA0122004H2[2005-08-31].gz,H2
Exports,200850,COMTRADE-FINAL-CA0122004H2[2005-08-31].gz,H2
Exports,220600,COMTRADE-FINAL-CA0122004H2[2005-08-31].gz,H2
Exports,230800,COMTRADE-FINAL-CA0122004H2[2005-08-31].gz,H2
Exports,252400,COMTRADE-FINAL-CA0122004H2[2005-08-31].gz,H2
Exports,292690,COMTRADE-FINAL-CA0122004H2[2005-08-31].gz,H2
Exports,294190,COMTRADE-FINAL-CA0122004H2[2005-08-31].gz,H2
Exports,340490,COMTRADE-FINAL-CA0122004H2[2005-08-31].gz,H2
Exports,390930,COMTRADE-FINAL-CA0122004H2[2005-08-31].gz,H2
Exports,401162,COMTRADE-FINAL-CA0122004H2[2005-08-31].gz,H2
Exports,540410,COMTRADE-FINAL-CA0122004H2[2005-08-31].gz,H2
Exports,720292,COMTRADE-FINAL-CA0122004H2[2005-08-31].gz,H2
Exports,811222,COMTRADE-FINAL-CA0122004H2[2005-08-31].gz,H2
Exports,842112,COMTRADE-FINAL-CA0122004H2[2005-08-31].gz,H2
Exports,844520,COMTRADE-FINAL-CA0122004H2[2005-08-31].gz,H2
Exports,852390,COMTRADE-FINAL-CA0122004H2[2005-08-31].gz,H2
Exports,853540,COMTRADE-FINAL-CA0122004H2[2005-08-31].gz,H2
Exports,860610,COMTRADE-FINAL-CA0122004H2[2005-08-31].gz,H2
Exports,871610,COMTRADE-FINAL-CA0122004H2[2005-08-31].gz,H2
Exports,880240,COMTRADE-FINAL-CA0122004H2[2005-08-31].gz,H2
Imports,261390,COMTRADE-FINAL-CA0122004H2[2005-08-31].gz,H2
Imports,262060,COMTRADE-FINAL-CA0122004H2[2005-08-31].gz,H2
Imports,290270,COMTRADE-FINAL-CA0122004H2[2005-08-31].gz,H2
Imports,290347,COMTRADE-FINAL-CA0122004H2[2005-08-31].gz,H2
Imports,430190,COMTRADE-FINAL-CA0122004H2[2005-08-31].gz,H2
Imports,530121,COMTRADE-FINAL-CA0122004H2[2005-08-31].gz,H2
Imports,711011,COMTRADE-FINAL-CA0122004H2[2005-08-31].gz,H2
Imports,711041,COMTRADE-FINAL-CA0122004H2[2005-08-31].gz,H2
Exports,030731,COMTRADE-FINAL-CA0122005H2[2007-11-06].gz,H2
Exports,110319,COMTRADE-FINAL-CA0122005H2[2007-11-06].gz,H2
Exports,150890,COMTRADE-FINAL-CA0122005H2[2007-11-06].gz,H2
Exports,170211,COMTRADE-FINAL-CA0122005H2[2007-11-06].gz,H2
Exports,200949,COMTRADE-FINAL-CA0122005H2[2007-11-06].gz,H2
Exports,261590,COMTRADE-FINAL-CA0122005H2[2007-11-06].gz,H2
Exports,270730,COMTRADE-FINAL-CA0122005H2[2007-11-06].gz,H2
Exports,280130,COMTRADE-FINAL-CA0122005H2[2007-11-06].gz,H2
Exports,281610,COMTRADE-FINAL-CA0122005H2[2007-11-06].gz,H2
Exports,283340,COMTRADE-FINAL-CA0122005H2[2007-11-06].gz,H2
Exports,290369,COMTRADE-FINAL-CA0122005H2[2007-11-06].gz,H2
Exports,290559,COMTRADE-FINAL-CA0122005H2[2007-11-06].gz,H2
Exports,291521,COMTRADE-FINAL-CA0122005H2[2007-11-06].gz,H2
Exports,292390,COMTRADE-FINAL-CA0122005H2[2007-11-06].gz,H2
Exports,320210,COMTRADE-FINAL-CA0122005H2[2007-11-06].gz,H2
Exports,381010,COMTRADE-FINAL-CA0122005H2[2007-11-06].gz,H2
Exports,392092,COMTRADE-FINAL-CA0122005H2[2007-11-06].gz,H2
Exports,400130,COMTRADE-FINAL-CA0122005H2[2007-11-06].gz,H2
Exports,550962,COMTRADE-FINAL-CA0122005H2[2007-11-06].gz,H2
Exports,560221,COMTRADE-FINAL-CA0122005H2[2007-11-06].gz,H2
Exports,560500,COMTRADE-FINAL-CA0122005H2[2007-11-06].gz,H2
Exports,630252,COMTRADE-FINAL-CA0122005H2[2007-11-06].gz,H2
Exports,740921,COMTRADE-FINAL-CA0122005H2[2007-11-06].gz,H2
Exports,741533,COMTRADE-FINAL-CA0122005H2[2007-11-06].gz,H2
Exports,790112,COMTRADE-FINAL-CA0122005H2[2007-11-06].gz,H2
Exports,841182,COMTRADE-FINAL-CA0122005H2[2007-11-06].gz,H2
Exports,843359,COMTRADE-FINAL-CA0122005H2[2007-11-06].gz,H2
Exports,854089,COMTRADE-FINAL-CA0122005H2[2007-11-06].gz,H2
Exports,900110,COMTRADE-FINAL-CA0122005H2[2007-11-06].gz,H2
Imports,030266,COMTRADE-FINAL-CA0122005H2[2007-11-06].gz,H2
Imports,030373,COMTRADE-FINAL-CA0122005H2[2007-11-06].gz,H2
Imports,290124,COMTRADE-FINAL-CA0122005H2[2007-11-06].gz,H2
Imports,290714,COMTRADE-FINAL-CA0122005H2[2007-11-06].gz,H2
Imports,710210,COMTRADE-FINAL-CA0122005H2[2007-11-06].gz,H2
Exports,040620,COMTRADE-FINAL-CA0122006H2[2007-11-06].gz,H2
Exports,090810,COMTRADE-FINAL-CA0122006H2[2007-11-06].gz,H2
Exports,090920,COMTRADE-FINAL-CA0122006H2[2007-11-06].gz,H2
Exports,090940,COMTRADE-FINAL-CA0122006H2[2007-11-06].gz,H2
Exports,120210,COMTRADE-FINAL-CA0122006H2[2007-11-06].gz,H2
Exports,120720,COMTRADE-FINAL-CA0122006H2[2007-11-06].gz,H2
Exports,151419,COMTRADE-FINAL-CA0122006H2[2007-11-06].gz,H2
Exports,160290,COMTRADE-FINAL-CA0122006H2[2007-11-06].gz,H2
Exports,253020,COMTRADE-FINAL-CA0122006H2[2007-11-06].gz,H2
Exports,282490,COMTRADE-FINAL-CA0122006H2[2007-11-06].gz,H2
Exports,290311,COMTRADE-FINAL-CA0122006H2[2007-11-06].gz,H2
Exports,290950,COMTRADE-FINAL-CA0122006H2[2007-11-06].gz,H2
Exports,291522,COMTRADE-FINAL-CA0122006H2[2007-11-06].gz,H2
Exports,292122,COMTRADE-FINAL-CA0122006H2[2007-11-06].gz,H2
Exports,292249,COMTRADE-FINAL-CA0122006H2[2007-11-06].gz,H2
Exports,300120,COMTRADE-FINAL-CA0122006H2[2007-11-06].gz,H2
Exports,310430,COMTRADE-FINAL-CA0122006H2[2007-11-06].gz,H2
Exports,330112,COMTRADE-FINAL-CA0122006H2[2007-11-06].gz,H2
Exports,380700,COMTRADE-FINAL-CA0122006H2[2007-11-06].gz,H2
Exports,390490,COMTRADE-FINAL-CA0122006H2[2007-11-06].gz,H2
Exports,480592,COMTRADE-FINAL-CA0122006H2[2007-11-06].gz,H2
Exports,540833,COMTRADE-FINAL-CA0122006H2[2007-11-06].gz,H2
Exports,550969,COMTRADE-FINAL-CA0122006H2[2007-11-06].gz,H2
Exports,570251,COMTRADE-FINAL-CA0122006H2[2007-11-06].gz,H2
Exports,721931,COMTRADE-FINAL-CA0122006H2[2007-11-06].gz,H2
Exports,843352,COMTRADE-FINAL-CA0122006H2[2007-11-06].gz,H2
Exports,846930,COMTRADE-FINAL-CA0122006H2[2007-11-06].gz,H2
Exports,847529,COMTRADE-FINAL-CA0122006H2[2007-11-06].gz,H2
Exports,890710,COMTRADE-FINAL-CA0122006H2[2007-11-06].gz,H2
Exports,900921,COMTRADE-FINAL-CA0122006H2[2007-11-06].gz,H2
Exports,901290,COMTRADE-FINAL-CA0122006H2[2007-11-06].gz,H2
Exports,901710,COMTRADE-FINAL-CA0122006H2[2007-11-06].gz,H2
Imports,030236,COMTRADE-FINAL-CA0122006H2[2007-11-06].gz,H2
Imports,030346,COMTRADE-FINAL-CA0122006H2[2007-11-06].gz,H2
Imports,130214,COMTRADE-FINAL-CA0122006H2[2007-11-06].gz,H2
Imports,293352,COMTRADE-FINAL-CA0122006H2[2007-11-06].gz,H2
Imports,470411,COMTRADE-FINAL-CA0122006H2[2007-11-06].gz,H2
Imports,510130,COMTRADE-FINAL-CA0122006H2[2007-11-06].gz,H2
Imports,520544,COMTRADE-FINAL-CA0122006H2[2007-11-06].gz,H2
Imports,711049,COMTRADE-FINAL-CA0122006H2[2007-11-06].gz,H2
Imports,911019,COMTRADE-FINAL-CA0122006H2[2007-11-06].gz,H2
Exports,030429,COMTRADE-FINAL-CA0122007H3[2008-12-30].gz,H3
Exports,030491,COMTRADE-FINAL-CA0122007H3[2008-12-30].gz,H3
Exports,090500,COMTRADE-FINAL-CA0122007H3[2008-12-30].gz,H3
Exports,100640,COMTRADE-FINAL-CA0122007H3[2008-12-30].gz,H3
Exports,100890,COMTRADE-FINAL-CA0122007H3[2008-12-30].gz,H3
Exports,150790,COMTRADE-FINAL-CA0122007H3[2008-12-30].gz,H3
Exports,160231,COMTRADE-FINAL-CA0122007H3[2008-12-30].gz,H3
Exports,170219,COMTRADE-FINAL-CA0122007H3[2008-12-30].gz,H3
Exports,220710,COMTRADE-FINAL-CA0122007H3[2008-12-30].gz,H3
Exports,250620,COMTRADE-FINAL-CA0122007H3[2008-12-30].gz,H3
Exports,262029,COMTRADE-FINAL-CA0122007H3[2008-12-30].gz,H3
Exports,271091,COMTRADE-FINAL-CA0122007H3[2008-12-30].gz,H3
Exports,282410,COMTRADE-FINAL-CA0122007H3[2008-12-30].gz,H3
Exports,282810,COMTRADE-FINAL-CA0122007H3[2008-12-30].gz,H3
Exports,290532,COMTRADE-FINAL-CA0122007H3[2008-12-30].gz,H3
Exports,291412,COMTRADE-FINAL-CA0122007H3[2008-12-30].gz,H3
Exports,293359,COMTRADE-FINAL-CA0122007H3[2008-12-30].gz,H3
Exports,381210,COMTRADE-FINAL-CA0122007H3[2008-12-30].gz,H3
Exports,401032,COMTRADE-FINAL-CA0122007H3[2008-12-30].gz,H3
Exports,701710,COMTRADE-FINAL-CA0122007H3[2008-12-30].gz,H3
Exports,800200,COMTRADE-FINAL-CA0122007H3[2008-12-30].gz,H3
Exports,820580,COMTRADE-FINAL-CA0122007H3[2008-12-30].gz,H3
Exports,830130,COMTRADE-FINAL-CA0122007H3[2008-12-30].gz,H3
Exports,844316,COMTRADE-FINAL-CA0122007H3[2008-12-30].gz,H3
Exports,844811,COMTRADE-FINAL-CA0122007H3[2008-12-30].gz,H3
Exports,844849,COMTRADE-FINAL-CA0122007H3[2008-12-30].gz,H3
Exports,870895,COMTRADE-FINAL-CA0122007H3[2008-12-30].gz,H3
Imports,030491,COMTRADE-FINAL-CA0122007H3[2008-12-30].gz,H3
Imports,030562,COMTRADE-FINAL-CA0122007H3[2008-12-30].gz,H3
Imports,290352,COMTRADE-FINAL-CA0122007H3[2008-12-30].gz,H3
Imports,290811,COMTRADE-FINAL-CA0122007H3[2008-12-30].gz,H3
Imports,290819,COMTRADE-FINAL-CA0122007H3[2008-12-30].gz,H3
Imports,291818,COMTRADE-FINAL-CA0122007H3[2008-12-30].gz,H3
Imports,291891,COMTRADE-FINAL-CA0122007H3[2008-12-30].gz,H3
Imports,292011,COMTRADE-FINAL-CA0122007H3[2008-12-30].gz,H3
Imports,292019,COMTRADE-FINAL-CA0122007H3[2008-12-30].gz,H3
Imports,292412,COMTRADE-FINAL-CA0122007H3[2008-12-30].gz,H3
Imports,292512,COMTRADE-FINAL-CA0122007H3[2008-12-30].gz,H3
Imports,292521,COMTRADE-FINAL-CA0122007H3[2008-12-30].gz,H3
Imports,293050,COMTRADE-FINAL-CA0122007H3[2008-12-30].gz,H3
Imports,293920,COMTRADE-FINAL-CA0122007H3[2008-12-30].gz,H3
Imports,300692,COMTRADE-FINAL-CA0122007H3[2008-12-30].gz,H3
Imports,382477,COMTRADE-FINAL-CA0122007H3[2008-12-30].gz,H3
Imports,382483,COMTRADE-FINAL-CA0122007H3[2008-12-30].gz,H3
Imports,710239,COMTRADE-FINAL-CA0122007H3[2008-12-30].gz,H3
Imports,848610,COMTRADE-FINAL-CA0122007H3[2008-12-30].gz,H3
Imports,848630,COMTRADE-FINAL-CA0122007H3[2008-12-30].gz,H3
Imports,880521,COMTRADE-FINAL-CA0122007H3[2008-12-30].gz,H3
Exports,030194,COMTRADE-FINAL-CA0122008H3[2010-03-23].gz,H3
Exports,110520,COMTRADE-FINAL-CA0122008H3[2010-03-23].gz,H3
Exports,130232,COMTRADE-FINAL-CA0122008H3[2010-03-23].gz,H3
Exports,160239,COMTRADE-FINAL-CA0122008H3[2010-03-23].gz,H3
Exports,160241,COMTRADE-FINAL-CA0122008H3[2010-03-23].gz,H3
Exports,271220,COMTRADE-FINAL-CA0122008H3[2010-03-23].gz,H3
Exports,280480,COMTRADE-FINAL-CA0122008H3[2010-03-23].gz,H3
Exports,280490,COMTRADE-FINAL-CA0122008H3[2010-03-23].gz,H3
Exports,283230,COMTRADE-FINAL-CA0122008H3[2010-03-23].gz,H3
Exports,284590,COMTRADE-FINAL-CA0122008H3[2010-03-23].gz,H3
Exports,290219,COMTRADE-FINAL-CA0122008H3[2010-03-23].gz,H3
Exports,290490,COMTRADE-FINAL-CA0122008H3[2010-03-23].gz,H3
Exports,294000,COMTRADE-FINAL-CA0122008H3[2010-03-23].gz,H3
Exports,390430,COMTRADE-FINAL-CA0122008H3[2010-03-23].gz,H3
Exports,400249,COMTRADE-FINAL-CA0122008H3[2010-03-23].gz,H3
Exports,611693,COMTRADE-FINAL-CA0122008H3[2010-03-23].gz,H3
Exports,681299,COMTRADE-FINAL-CA0122008H3[2010-03-23].gz,H3
Exports,681389,COMTRADE-FINAL-CA0122008H3[2010-03-23].gz,H3
Exports,731990,COMTRADE-FINAL-CA0122008H3[2010-03-23].gz,H3
Exports,848041,COMTRADE-FINAL-CA0122008H3[2010-03-23].gz,H3
Exports,853080,COMTRADE-FINAL-CA0122008H3[2010-03-23].gz,H3
Exports,903033,COMTRADE-FINAL-CA0122008H3[2010-03-23].gz,H3
Exports,903084,COMTRADE-FINAL-CA0122008H3[2010-03-23].gz,H3
Exports,920510,COMTRADE-FINAL-CA0122008H3[2010-03-23].gz,H3
Imports,010620,COMTRADE-FINAL-CA0122008H3[2010-03-23].gz,H3
Imports,071233,COMTRADE-FINAL-CA0122008H3[2010-03-23].gz,H3
Imports,262110,COMTRADE-FINAL-CA0122008H3[2010-03-23].gz,H3
Imports,291040,COMTRADE-FINAL-CA0122008H3[2010-03-23].gz,H3
Imports,382482,COMTRADE-FINAL-CA0122008H3[2010-03-23].gz,H3
Imports,854072,COMTRADE-FINAL-CA0122008H3[2010-03-23].gz,H3
Exports,150500,COMTRADE-FINAL-CA0122009H3[2010-04-26].gz,H3
Exports,200320,COMTRADE-FINAL-CA0122009H3[2010-04-26].gz,H3
Exports,251990,COMTRADE-FINAL-CA0122009H3[2010-04-26].gz,H3
Exports,262021,COMTRADE-FINAL-CA0122009H3[2010-04-26].gz,H3
Exports,270720,COMTRADE-FINAL-CA0122009H3[2010-04-26].gz,H3
Exports,290349,COMTRADE-FINAL-CA0122009H3[2010-04-26].gz,H3
Exports,292239,COMTRADE-FINAL-CA0122009H3[2010-04-26].gz,H3
Exports,293321,COMTRADE-FINAL-CA0122009H3[2010-04-26].gz,H3
Exports,294150,COMTRADE-FINAL-CA0122009H3[2010-04-26].gz,H3
Exports,510810,COMTRADE-FINAL-CA0122009H3[2010-04-26].gz,H3
Exports,611692,COMTRADE-FINAL-CA0122009H3[2010-04-26].gz,H3
Exports,681381,COMTRADE-FINAL-CA0122009H3[2010-04-26].gz,H3
Exports,820140,COMTRADE-FINAL-CA0122009H3[2010-04-26].gz,H3
Exports,845970,COMTRADE-FINAL-CA0122009H3[2010-04-26].gz,H3
Exports,853290,COMTRADE-FINAL-CA0122009H3[2010-04-26].gz,H3
Exports,871492,COMTRADE-FINAL-CA0122009H3[2010-04-26].gz,H3
Exports,901390,COMTRADE-FINAL-CA0122009H3[2010-04-26].gz,H3
Exports,903032,COMTRADE-FINAL-CA0122009H3[2010-04-26].gz,H3
Exports,910400,COMTRADE-FINAL-CA0122009H3[2010-04-26].gz,H3
Imports,382472,COMTRADE-FINAL-CA0122009H3[2010-04-26].gz,H3
Imports,711039,COMTRADE-FINAL-CA0122009H3[2010-04-26].gz,H3
Imports,720280,COMTRADE-FINAL-CA0122009H3[2010-04-26].gz,H3
Exports,020713,COMTRADE-FINAL-CA0122010H3[2011-07-19].gz,H3
Exports,020736,COMTRADE-FINAL-CA0122010H3[2011-07-19].gz,H3
Exports,290539,COMTRADE-FINAL-CA0122010H3[2011-07-19].gz,H3
Exports,291816,COMTRADE-FINAL-CA0122010H3[2011-07-19].gz,H3
Exports,292119,COMTRADE-FINAL-CA0122010H3[2011-07-19].gz,H3
Exports,310240,COMTRADE-FINAL-CA0122010H3[2011-07-19].gz,H3
Exports,382410,COMTRADE-FINAL-CA0122010H3[2011-07-19].gz,H3
Exports,521214,COMTRADE-FINAL-CA0122010H3[2011-07-19].gz,H3
Exports,660200,COMTRADE-FINAL-CA0122010H3[2011-07-19].gz,H3
Exports,701400,COMTRADE-FINAL-CA0122010H3[2011-07-19].gz,H3
Exports,722699,COMTRADE-FINAL-CA0122010H3[2011-07-19].gz,H3
Exports,910199,COMTRADE-FINAL-CA0122010H3[2011-07-19].gz,H3
Exports,911420,COMTRADE-FINAL-CA0122010H3[2011-07-19].gz,H3
Imports,030267,COMTRADE-FINAL-CA0122010H3[2011-07-19].gz,H3
Imports,030344,COMTRADE-FINAL-CA0122010H3[2011-07-19].gz,H3
Imports,030492,COMTRADE-FINAL-CA0122010H3[2011-07-19].gz,H3
Imports,293951,COMTRADE-FINAL-CA0122010H3[2011-07-19].gz,H3
Exports,250490,COMTRADE-FINAL-CA0122011H3[2012-04-02].gz,H3
Exports,284330,COMTRADE-FINAL-CA0122011H3[2012-04-02].gz,H3
Exports,382313,COMTRADE-FINAL-CA0122011H3[2012-04-02].gz,H3
Exports,401034,COMTRADE-FINAL-CA0122011H3[2012-04-02].gz,H3
Exports,510521,COMTRADE-FINAL-CA0122011H3[2012-04-02].gz,H3
Exports,722219,COMTRADE-FINAL-CA0122011H3[2012-04-02].gz,H3
Exports,845951,COMTRADE-FINAL-CA0122011H3[2012-04-02].gz,H3
Exports,852321,COMTRADE-FINAL-CA0122011H3[2012-04-02].gz,H3
Exports,900190,COMTRADE-FINAL-CA0122011H3[2012-04-02].gz,H3
Imports,030235,COMTRADE-FINAL-CA0122011H3[2012-04-02].gz,H3
Imports,290891,COMTRADE-FINAL-CA0122011H3[2012-04-02].gz,H3
Imports,390770,COMTRADE-FINAL-CA0122011H3[2012-04-02].gz,H3
Imports,550140,COMTRADE-FINAL-CA0122011H3[2012-04-02].gz,H3
Imports,550311,COMTRADE-FINAL-CA0122011H3[2012-04-02].gz,H3
Imports,710221,COMTRADE-FINAL-CA0122011H3[2012-04-02].gz,H3
Exports,010121,COMTRADE-FINAL-CA0122012H4[2013-05-04].gz,H4
Exports,030273,COMTRADE-FINAL-CA0122012H4[2013-05-04].gz,H4
Exports,030279,COMTRADE-FINAL-CA0122012H4[2013-05-04].gz,H4
Exports,030324,COMTRADE-FINAL-CA0122012H4[2013-05-04].gz,H4
Exports,030615,COMTRADE-FINAL-CA0122012H4[2013-05-04].gz,H4
Exports,030625,COMTRADE-FINAL-CA0122012H4[2013-05-04].gz,H4
Exports,030779,COMTRADE-FINAL-CA0122012H4[2013-05-04].gz,H4
Exports,050100,COMTRADE-FINAL-CA0122012H4[2013-05-04].gz,H4
Exports,090422,COMTRADE-FINAL-CA0122012H4[2013-05-04].gz,H4
Exports,090510,COMTRADE-FINAL-CA0122012H4[2013-05-04].gz,H4
Exports,121292,COMTRADE-FINAL-CA0122012H4[2013-05-04].gz,H4
Exports,190300,COMTRADE-FINAL-CA0122012H4[2013-05-04].gz,H4
Exports,200921,COMTRADE-FINAL-CA0122012H4[2013-05-04].gz,H4
Exports,230690,COMTRADE-FINAL-CA0122012H4[2013-05-04].gz,H4
Exports,240311,COMTRADE-FINAL-CA0122012H4[2013-05-04].gz,H4
Exports,271020,COMTRADE-FINAL-CA0122012H4[2013-05-04].gz,H4
Exports,283110,COMTRADE-FINAL-CA0122012H4[2013-05-04].gz,H4
Exports,292130,COMTRADE-FINAL-CA0122012H4[2013-05-04].gz,H4
Exports,360490,COMTRADE-FINAL-CA0122012H4[2013-05-04].gz,H4
Exports,381800,COMTRADE-FINAL-CA0122012H4[2013-05-04].gz,H4
Exports,401140,COMTRADE-FINAL-CA0122012H4[2013-05-04].gz,H4
Exports,401193,COMTRADE-FINAL-CA0122012H4[2013-05-04].gz,H4
Exports,480540,COMTRADE-FINAL-CA0122012H4[2013-05-04].gz,H4
Exports,732421,COMTRADE-FINAL-CA0122012H4[2013-05-04].gz,H4
Exports,740710,COMTRADE-FINAL-CA0122012H4[2013-05-04].gz,H4
Exports,741810,COMTRADE-FINAL-CA0122012H4[2013-05-04].gz,H4
Exports,810199,COMTRADE-FINAL-CA0122012H4[2013-05-04].gz,H4
Exports,843910,COMTRADE-FINAL-CA0122012H4[2013-05-04].gz,H4
Exports,844630,COMTRADE-FINAL-CA0122012H4[2013-05-04].gz,H4
Exports,950640,COMTRADE-FINAL-CA0122012H4[2013-05-04].gz,H4
Imports,010121,COMTRADE-FINAL-CA0122012H4[2013-05-04].gz,H4
Imports,030111,COMTRADE-FINAL-CA0122012H4[2013-05-04].gz,H4
Imports,030119,COMTRADE-FINAL-CA0122012H4[2013-05-04].gz,H4
Imports,030247,COMTRADE-FINAL-CA0122012H4[2013-05-04].gz,H4
Imports,030253,COMTRADE-FINAL-CA0122012H4[2013-05-04].gz,H4
Imports,030256,COMTRADE-FINAL-CA0122012H4[2013-05-04].gz,H4
Imports,030282,COMTRADE-FINAL-CA0122012H4[2013-05-04].gz,H4
Imports,030324,COMTRADE-FINAL-CA0122012H4[2013-05-04].gz,H4
Imports,030325,COMTRADE-FINAL-CA0122012H4[2013-05-04].gz,H4
Imports,030368,COMTRADE-FINAL-CA0122012H4[2013-05-04].gz,H4
Imports,030382,COMTRADE-FINAL-CA0122012H4[2013-05-04].gz,H4
Imports,030390,COMTRADE-FINAL-CA0122012H4[2013-05-04].gz,H4
Imports,030441,COMTRADE-FINAL-CA0122012H4[2013-05-04].gz,H4
Imports,030445,COMTRADE-FINAL-CA0122012H4[2013-05-04].gz,H4
Imports,030449,COMTRADE-FINAL-CA0122012H4[2013-05-04].gz,H4
Imports,030461,COMTRADE-FINAL-CA0122012H4[2013-05-04].gz,H4
Imports,030469,COMTRADE-FINAL-CA0122012H4[2013-05-04].gz,H4
Imports,030474,COMTRADE-FINAL-CA0122012H4[2013-05-04].gz,H4
Imports,030494,COMTRADE-FINAL-CA0122012H4[2013-05-04].gz,H4
Imports,030579,COMTRADE-FINAL-CA0122012H4[2013-05-04].gz,H4
Imports,030626,COMTRADE-FINAL-CA0122012H4[2013-05-04].gz,H4
Imports,030627,COMTRADE-FINAL-CA0122012H4[2013-05-04].gz,H4
Imports,071335,COMTRADE-FINAL-CA0122012H4[2013-05-04].gz,H4
Imports,071440,COMTRADE-FINAL-CA0122012H4[2013-05-04].gz,H4
Imports,100710,COMTRADE-FINAL-CA0122012H4[2013-05-04].gz,H4
Imports,100790,COMTRADE-FINAL-CA0122012H4[2013-05-04].gz,H4
Imports,100821,COMTRADE-FINAL-CA0122012H4[2013-05-04].gz,H4
Imports,120230,COMTRADE-FINAL-CA0122012H4[2013-05-04].gz,H4
Imports,160551,COMTRADE-FINAL-CA0122012H4[2013-05-04].gz,H4
Imports,160558,COMTRADE-FINAL-CA0122012H4[2013-05-04].gz,H4
Imports,285210,COMTRADE-FINAL-CA0122012H4[2013-05-04].gz,H4
Imports,285290,COMTRADE-FINAL-CA0122012H4[2013-05-04].gz,H4
Imports,290372,COMTRADE-FINAL-CA0122012H4[2013-05-04].gz,H4
Imports,290374,COMTRADE-FINAL-CA0122012H4[2013-05-04].gz,H4
Imports,290376,COMTRADE-FINAL-CA0122012H4[2013-05-04].gz,H4
Imports,290378,COMTRADE-FINAL-CA0122012H4[2013-05-04].gz,H4
Imports,290391,COMTRADE-FINAL-CA0122012H4[2013-05-04].gz,H4
Imports,290399,COMTRADE-FINAL-CA0122012H4[2013-05-04].gz,H4
Imports,293110,COMTRADE-FINAL-CA0122012H4[2013-05-04].gz,H4
Imports,293355,COMTRADE-FINAL-CA0122012H4[2013-05-04].gz,H4
Imports,382473,COMTRADE-FINAL-CA0122012H4[2013-05-04].gz,H4
Imports,847971,COMTRADE-FINAL-CA0122012H4[2013-05-04].gz,H4
Exports,020755,COMTRADE-FINAL-CA0122013H4[2014-02-15].gz,H4
Exports,110630,COMTRADE-FINAL-CA0122013H4[2014-02-15].gz,H4
Exports,251810,COMTRADE-FINAL-CA0122013H4[2014-02-15].gz,H4
Exports,291570,COMTRADE-FINAL-CA0122013H4[2014-02-15].gz,H4
Exports,292159,COMTRADE-FINAL-CA0122013H4[2014-02-15].gz,H4
Exports,292221,COMTRADE-FINAL-CA0122013H4[2014-02-15].gz,H4
Exports,293319,COMTRADE-FINAL-CA0122013H4[2014-02-15].gz,H4
Exports,293500,COMTRADE-FINAL-CA0122013H4[2014-02-15].gz,H4
Exports,293959,COMTRADE-FINAL-CA0122013H4[2014-02-15].gz,H4
Exports,300340,COMTRADE-FINAL-CA0122013H4[2014-02-15].gz,H4
Exports,320300,COMTRADE-FINAL-CA0122013H4[2014-02-15].gz,H4
Exports,380190,COMTRADE-FINAL-CA0122013H4[2014-02-15].gz,H4
Exports,380850,COMTRADE-FINAL-CA0122013H4[2014-02-15].gz,H4
Exports,382482,COMTRADE-FINAL-CA0122013H4[2014-02-15].gz,H4
Exports,391211,COMTRADE-FINAL-CA0122013H4[2014-02-15].gz,H4
Exports,480610,COMTRADE-FINAL-CA0122013H4[2014-02-15].gz,H4
Exports,550390,COMTRADE-FINAL-CA0122013H4[2014-02-15].gz,H4
Exports,722691,COMTRADE-FINAL-CA0122013H4[2014-02-15].gz,H4
Exports,810419,COMTRADE-FINAL-CA0122013H4[2014-02-15].gz,H4
Exports,840420,COMTRADE-FINAL-CA0122013H4[2014-02-15].gz,H4
Exports,853221,COMTRADE-FINAL-CA0122013H4[2014-02-15].gz,H4
Exports,853222,COMTRADE-FINAL-CA0122013H4[2014-02-15].gz,H4
Exports,854020,COMTRADE-FINAL-CA0122013H4[2014-02-15].gz,H4
Imports,020840,COMTRADE-FINAL-CA0122013H4[2014-02-15].gz,H4
Imports,021092,COMTRADE-FINAL-CA0122013H4[2014-02-15].gz,H4
Imports,030326,COMTRADE-FINAL-CA0122013H4[2014-02-15].gz,H4
Imports,030572,COMTRADE-FINAL-CA0122013H4[2014-02-15].gz,H4
Imports,030779,COMTRADE-FINAL-CA0122013H4[2014-02-15].gz,H4
Imports,030781,COMTRADE-FINAL-CA0122013H4[2014-02-15].gz,H4
Imports,030830,COMTRADE-FINAL-CA0122013H4[2014-02-15].gz,H4
Imports,030890,COMTRADE-FINAL-CA0122013H4[2014-02-15].gz,H4
Imports,100860,COMTRADE-FINAL-CA0122013H4[2014-02-15].gz,H4
Imports,160561,COMTRADE-FINAL-CA0122013H4[2014-02-15].gz,H4
Imports,382474,COMTRADE-FINAL-CA0122013H4[2014-02-15].gz,H4
Imports,470630,COMTRADE-FINAL-CA0122013H4[2014-02-15].gz,H4
Imports,710121,COMTRADE-FINAL-CA0122013H4[2014-02-15].gz,H4
Exports,030231,COMTRADE-FINAL-CA0122014H4[2015-05-09].gz,H4
Exports,030626,COMTRADE-FINAL-CA0122014H4[2015-05-09].gz,H4
Exports,090520,COMTRADE-FINAL-CA0122014H4[2015-05-09].gz,H4
Exports,151110,COMTRADE-FINAL-CA0122014H4[2015-05-09].gz,H4
Exports,151491,COMTRADE-FINAL-CA0122014H4[2015-05-09].gz,H4
Exports,200981,COMTRADE-FINAL-CA0122014H4[2015-05-09].gz,H4
Exports,292090,COMTRADE-FINAL-CA0122014H4[2015-05-09].gz,H4
Exports,310420,COMTRADE-FINAL-CA0122014H4[2015-05-09].gz,H4
Exports,382510,COMTRADE-FINAL-CA0122014H4[2015-05-09].gz,H4
Exports,382520,COMTRADE-FINAL-CA0122014H4[2015-05-09].gz,H4
Exports,540824,COMTRADE-FINAL-CA0122014H4[2015-05-09].gz,H4
Exports,681182,COMTRADE-FINAL-CA0122014H4[2015-05-09].gz,H4
Exports,730539,COMTRADE-FINAL-CA0122014H4[2015-05-09].gz,H4
Exports,730621,COMTRADE-FINAL-CA0122014H4[2015-05-09].gz,H4
Exports,800110,COMTRADE-FINAL-CA0122014H4[2015-05-09].gz,H4
Exports,821510,COMTRADE-FINAL-CA0122014H4[2015-05-09].gz,H4
Imports,030281,COMTRADE-FINAL-CA0122014H4[2015-05-09].gz,H4
Imports,030355,COMTRADE-FINAL-CA0122014H4[2015-05-09].gz,H4
Imports,030443,COMTRADE-FINAL-CA0122014H4[2015-05-09].gz,H4
Imports,030451,COMTRADE-FINAL-CA0122014H4[2015-05-09].gz,H4
Imports,030484,COMTRADE-FINAL-CA0122014H4[2015-05-09].gz,H4
Imports,030789,COMTRADE-FINAL-CA0122014H4[2015-05-09].gz,H4
Imports,030819,COMTRADE-FINAL-CA0122014H4[2015-05-09].gz,H4
Imports,080261,COMTRADE-FINAL-CA0122014H4[2015-05-09].gz,H4
Imports,121292,COMTRADE-FINAL-CA0122014H4[2015-05-09].gz,H4
Imports,811222,COMTRADE-FINAL-CA0122014H4[2015-05-09].gz,H4
Exports,030195,COMTRADE-FINAL-CA0122015H4[2016-08-15].gz,H4
Exports,030236,COMTRADE-FINAL-CA0122015H4[2016-08-15].gz,H4
Exports,030369,COMTRADE-FINAL-CA0122015H4[2016-08-15].gz,H4
Exports,070991,COMTRADE-FINAL-CA0122015H4[2016-08-15].gz,H4
Exports,091012,COMTRADE-FINAL-CA0122015H4[2016-08-15].gz,H4
Exports,150420,COMTRADE-FINAL-CA0122015H4[2016-08-15].gz,H4
Exports,151530,COMTRADE-FINAL-CA0122015H4[2016-08-15].gz,H4
Exports,240319,COMTRADE-FINAL-CA0122015H4[2016-08-15].gz,H4
Exports,280800,COMTRADE-FINAL-CA0122015H4[2016-08-15].gz,H4
Exports,282690,COMTRADE-FINAL-CA0122015H4[2016-08-15].gz,H4
Exports,290919,COMTRADE-FINAL-CA0122015H4[2016-08-15].gz,H4
Exports,291241,COMTRADE-FINAL-CA0122015H4[2016-08-15].gz,H4
Exports,292511,COMTRADE-FINAL-CA0122015H4[2016-08-15].gz,H4
Exports,300660,COMTRADE-FINAL-CA0122015H4[2016-08-15].gz,H4
Exports,350290,COMTRADE-FINAL-CA0122015H4[2016-08-15].gz,H4
Exports,520951,COMTRADE-FINAL-CA0122015H4[2016-08-15].gz,H4
Exports,810890,COMTRADE-FINAL-CA0122015H4[2016-08-15].gz,H4
Exports,840682,COMTRADE-FINAL-CA0122015H4[2016-08-15].gz,H4
Exports,845610,COMTRADE-FINAL-CA0122015H4[2016-08-15].gz,H4
Exports,847971,COMTRADE-FINAL-CA0122015H4[2016-08-15].gz,H4
Exports,848710,COMTRADE-FINAL-CA0122015H4[2016-08-15].gz,H4
Exports,853225,COMTRADE-FINAL-CA0122015H4[2016-08-15].gz,H4
Exports,900710,COMTRADE-FINAL-CA0122015H4[2016-08-15].gz,H4
Imports,010613,COMTRADE-FINAL-CA0122015H4[2016-08-15].gz,H4
Imports,010632,COMTRADE-FINAL-CA0122015H4[2016-08-15].gz,H4
Imports,030233,COMTRADE-FINAL-CA0122015H4[2016-08-15].gz,H4
Imports,030334,COMTRADE-FINAL-CA0122015H4[2016-08-15].gz,H4
Imports,030365,COMTRADE-FINAL-CA0122015H4[2016-08-15].gz,H4
Imports,030367,COMTRADE-FINAL-CA0122015H4[2016-08-15].gz,H4
Imports,030473,COMTRADE-FINAL-CA0122015H4[2016-08-15].gz,H4
Imports,030483,COMTRADE-FINAL-CA0122015H4[2016-08-15].gz,H4
Imports,290381,COMTRADE-FINAL-CA0122015H4[2016-08-15].gz,H4
Imports,292146,COMTRADE-FINAL-CA0122015H4[2016-08-15].gz,H4
Imports,293120,COMTRADE-FINAL-CA0122015H4[2016-08-15].gz,H4
Imports,293943,COMTRADE-FINAL-CA0122015H4[2016-08-15].gz,H4
Imports,510531,COMTRADE-FINAL-CA0122015H4[2016-08-15].gz,H4
Imports,510540,COMTRADE-FINAL-CA0122015H4[2016-08-15].gz,H4
Imports,811020,COMTRADE-FINAL-CA0122015H4[2016-08-15].gz,H4
Exports,010512,COMTRADE-FINAL-CA0122016H4[2017-06-08].gz,H4
Exports,030281,COMTRADE-FINAL-CA0122016H4[2017-06-08].gz,H4
Exports,030345,COMTRADE-FINAL-CA0122016H4[2017-06-08].gz,H4
Exports,060311,COMTRADE-FINAL-CA0122016H4[2017-06-08].gz,H4
Exports,080450,COMTRADE-FINAL-CA0122016H4[2017-06-08].gz,H4
Exports,090421,COMTRADE-FINAL-CA0122016H4[2017-06-08].gz,H4
Exports,120242,COMTRADE-FINAL-CA0122016H4[2017-06-08].gz,H4
Exports,120770,COMTRADE-FINAL-CA0122016H4[2017-06-08].gz,H4
Exports,151221,COMTRADE-FINAL-CA0122016H4[2017-06-08].gz,H4
Exports,170113,COMTRADE-FINAL-CA0122016H4[2017-06-08].gz,H4
Exports,282739,COMTRADE-FINAL-CA0122016H4[2017-06-08].gz,H4
Exports,291529,COMTRADE-FINAL-CA0122016H4[2017-06-08].gz,H4
Exports,291550,COMTRADE-FINAL-CA0122016H4[2017-06-08].gz,H4
Exports,293379,COMTRADE-FINAL-CA0122016H4[2017-06-08].gz,H4
Exports,300691,COMTRADE-FINAL-CA0122016H4[2017-06-08].gz,H4
Exports,310260,COMTRADE-FINAL-CA0122016H4[2017-06-08].gz,H4
Exports,390330,COMTRADE-FINAL-CA0122016H4[2017-06-08].gz,H4
Exports,540252,COMTRADE-FINAL-CA0122016H4[2017-06-08].gz,H4
Exports,550690,COMTRADE-FINAL-CA0122016H4[2017-06-08].gz,H4
Exports,821193,COMTRADE-FINAL-CA0122016H4[2017-06-08].gz,H4
Exports,841382,COMTRADE-FINAL-CA0122016H4[2017-06-08].gz,H4
Exports,860290,COMTRADE-FINAL-CA0122016H4[2017-06-08].gz,H4
Exports,880510,COMTRADE-FINAL-CA0122016H4[2017-06-08].gz,H4
Exports,910700,COMTRADE-FINAL-CA0122016H4[2017-06-08].gz,H4
Imports,030195,COMTRADE-FINAL-CA0122016H4[2017-06-08].gz,H4
Imports,030531,COMTRADE-FINAL-CA0122016H4[2017-06-08].gz,H4
Imports,120721,COMTRADE-FINAL-CA0122016H4[2017-06-08].gz,H4
Imports,290892,COMTRADE-FINAL-CA0122016H4[2017-06-08].gz,H4
Exports,030193,COMTRADE-FINAL-CA0122017H5[2018-05-04].gz,H5
Exports,030247,COMTRADE-FINAL-CA0122017H5[2018-05-04].gz,H5
Exports,030487,COMTRADE-FINAL-CA0122017H5[2018-05-04].gz,H5
Exports,030551,COMTRADE-FINAL-CA0122017H5[2018-05-04].gz,H5
Exports,030631,COMTRADE-FINAL-CA0122017H5[2018-05-04].gz,H5
Exports,030632,COMTRADE-FINAL-CA0122017H5[2018-05-04].gz,H5
Exports,030636,COMTRADE-FINAL-CA0122017H5[2018-05-04].gz,H5
Exports,030639,COMTRADE-FINAL-CA0122017H5[2018-05-04].gz,H5
Exports,030742,COMTRADE-FINAL-CA0122017H5[2018-05-04].gz,H5
Exports,030752,COMTRADE-FINAL-CA0122017H5[2018-05-04].gz,H5
Exports,030772,COMTRADE-FINAL-CA0122017H5[2018-05-04].gz,H5
Exports,040140,COMTRADE-FINAL-CA0122017H5[2018-05-04].gz,H5
Exports,040150,COMTRADE-FINAL-CA0122017H5[2018-05-04].gz,H5
Exports,040729,COMTRADE-FINAL-CA0122017H5[2018-05-04].gz,H5
Exports,071151,COMTRADE-FINAL-CA0122017H5[2018-05-04].gz,H5
Exports,071360,COMTRADE-FINAL-CA0122017H5[2018-05-04].gz,H5
Exports,080540,COMTRADE-FINAL-CA0122017H5[2018-05-04].gz,H5
Exports,081030,COMTRADE-FINAL-CA0122017H5[2018-05-04].gz,H5
Exports,081210,COMTRADE-FINAL-CA0122017H5[2018-05-04].gz,H5
Exports,090922,COMTRADE-FINAL-CA0122017H5[2018-05-04].gz,H5
Exports,090962,COMTRADE-FINAL-CA0122017H5[2018-05-04].gz,H5
Exports,110422,COMTRADE-FINAL-CA0122017H5[2018-05-04].gz,H5
Exports,110610,COMTRADE-FINAL-CA0122017H5[2018-05-04].gz,H5
Exports,110811,COMTRADE-FINAL-CA0122017H5[2018-05-04].gz,H5
Exports,120190,COMTRADE-FINAL-CA0122017H5[2018-05-04].gz,H5
Exports,150290,COMTRADE-FINAL-CA0122017H5[2018-05-04].gz,H5
Exports,150300,COMTRADE-FINAL-CA0122017H5[2018-05-04].gz,H5
Exports,170220,COMTRADE-FINAL-CA0122017H5[2018-05-04].gz,H5
Exports,284321,COMTRADE-FINAL-CA0122017H5[2018-05-04].gz,H5
Exports,290499,COMTRADE-FINAL-CA0122017H5[2018-05-04].gz,H5
Exports,291815,COMTRADE-FINAL-CA0122017H5[2018-05-04].gz,H5
Exports,292212,COMTRADE-FINAL-CA0122017H5[2018-05-04].gz,H5
Exports,300212,COMTRADE-FINAL-CA0122017H5[2018-05-04].gz,H5
Exports,300215,COMTRADE-FINAL-CA0122017H5[2018-05-04].gz,H5
Exports,340212,COMTRADE-FINAL-CA0122017H5[2018-05-04].gz,H5
Exports,370130,COMTRADE-FINAL-CA0122017H5[2018-05-04].gz,H5
Exports,380210,COMTRADE-FINAL-CA0122017H5[2018-05-04].gz,H5
Exports,380852,COMTRADE-FINAL-CA0122017H5[2018-05-04].gz,H5
Exports,381129,COMTRADE-FINAL-CA0122017H5[2018-05-04].gz,H5
Exports,381231,COMTRADE-FINAL-CA0122017H5[2018-05-04].gz,H5
Exports,390130,COMTRADE-FINAL-CA0122017H5[2018-05-04].gz,H5
Exports,391400,COMTRADE-FINAL-CA0122017H5[2018-05-04].gz,H5
Exports,392063,COMTRADE-FINAL-CA0122017H5[2018-05-04].gz,H5
Exports,401033,COMTRADE-FINAL-CA0122017H5[2018-05-04].gz,H5
Exports,401036,COMTRADE-FINAL-CA0122017H5[2018-05-04].gz,H5
Exports,441919,COMTRADE-FINAL-CA0122017H5[2018-05-04].gz,H5
Exports,460211,COMTRADE-FINAL-CA0122017H5[2018-05-04].gz,H5
Exports,540248,COMTRADE-FINAL-CA0122017H5[2018-05-04].gz,H5
Exports,540412,COMTRADE-FINAL-CA0122017H5[2018-05-04].gz,H5
Exports,550620,COMTRADE-FINAL-CA0122017H5[2018-05-04].gz,H5
Exports,690730,COMTRADE-FINAL-CA0122017H5[2018-05-04].gz,H5
Exports,721810,COMTRADE-FINAL-CA0122017H5[2018-05-04].gz,H5
Exports,721891,COMTRADE-FINAL-CA0122017H5[2018-05-04].gz,H5
Exports,842449,COMTRADE-FINAL-CA0122017H5[2018-05-04].gz,H5
Exports,842482,COMTRADE-FINAL-CA0122017H5[2018-05-04].gz,H5
Exports,852842,COMTRADE-FINAL-CA0122017H5[2018-05-04].gz,H5
Exports,853224,COMTRADE-FINAL-CA0122017H5[2018-05-04].gz,H5
Exports,854160,COMTRADE-FINAL-CA0122017H5[2018-05-04].gz,H5
Exports,870192,COMTRADE-FINAL-CA0122017H5[2018-05-04].gz,H5
Imports,030255,COMTRADE-FINAL-CA0122017H5[2018-05-04].gz,H5
Imports,030291,COMTRADE-FINAL-CA0122017H5[2018-05-04].gz,H5
Imports,030391,COMTRADE-FINAL-CA0122017H5[2018-05-04].gz,H5
Imports,030399,COMTRADE-FINAL-CA0122017H5[2018-05-04].gz,H5
Imports,030448,COMTRADE-FINAL-CA0122017H5[2018-05-04].gz,H5
Imports,030482,COMTRADE-FINAL-CA0122017H5[2018-05-04].gz,H5
Imports,030631,COMTRADE-FINAL-CA0122017H5[2018-05-04].gz,H5
Imports,030633,COMTRADE-FINAL-CA0122017H5[2018-05-04].gz,H5
Imports,030634,COMTRADE-FINAL-CA0122017H5[2018-05-04].gz,H5
Imports,030639,COMTRADE-FINAL-CA0122017H5[2018-05-04].gz,H5
Imports,030699,COMTRADE-FINAL-CA0122017H5[2018-05-04].gz,H5
Imports,030712,COMTRADE-FINAL-CA0122017H5[2018-05-04].gz,H5
Imports,030792,COMTRADE-FINAL-CA0122017H5[2018-05-04].gz,H5
Imports,160552,COMTRADE-FINAL-CA0122017H5[2018-05-04].gz,H5
Imports,160563,COMTRADE-FINAL-CA0122017H5[2018-05-04].gz,H5
Imports,262091,COMTRADE-FINAL-CA0122017H5[2018-05-04].gz,H5
Imports,281212,COMTRADE-FINAL-CA0122017H5[2018-05-04].gz,H5
Imports,281219,COMTRADE-FINAL-CA0122017H5[2018-05-04].gz,H5
Imports,285310,COMTRADE-FINAL-CA0122017H5[2018-05-04].gz,H5
Imports,290389,COMTRADE-FINAL-CA0122017H5[2018-05-04].gz,H5
Imports,290499,COMTRADE-FINAL-CA0122017H5[2018-05-04].gz,H5
Imports,291479,COMTRADE-FINAL-CA0122017H5[2018-05-04].gz,H5
Imports,292024,COMTRADE-FINAL-CA0122017H5[2018-05-04].gz,H5
Imports,292215,COMTRADE-FINAL-CA0122017H5[2018-05-04].gz,H5
Imports,292217,COMTRADE-FINAL-CA0122017H5[2018-05-04].gz,H5
Imports,292218,COMTRADE-FINAL-CA0122017H5[2018-05-04].gz,H5
Imports,293139,COMTRADE-FINAL-CA0122017H5[2018-05-04].gz,H5
Imports,293214,COMTRADE-FINAL-CA0122017H5[2018-05-04].gz,H5
Imports,293510,COMTRADE-FINAL-CA0122017H5[2018-05-04].gz,H5
Imports,293550,COMTRADE-FINAL-CA0122017H5[2018-05-04].gz,H5
Imports,293944,COMTRADE-FINAL-CA0122017H5[2018-05-04].gz,H5
Imports,293979,COMTRADE-FINAL-CA0122017H5[2018-05-04].gz,H5
Imports,293980,COMTRADE-FINAL-CA0122017H5[2018-05-04].gz,H5
Imports,300211,COMTRADE-FINAL-CA0122017H5[2018-05-04].gz,H5
Imports,300214,COMTRADE-FINAL-CA0122017H5[2018-05-04].gz,H5
Imports,300219,COMTRADE-FINAL-CA0122017H5[2018-05-04].gz,H5
Imports,300341,COMTRADE-FINAL-CA0122017H5[2018-05-04].gz,H5
Imports,300342,COMTRADE-FINAL-CA0122017H5[2018-05-04].gz,H5
Imports,300441,COMTRADE-FINAL-CA0122017H5[2018-05-04].gz,H5
Imports,300460,COMTRADE-FINAL-CA0122017H5[2018-05-04].gz,H5
Imports,370500,COMTRADE-FINAL-CA0122017H5[2018-05-04].gz,H5
Imports,380862,COMTRADE-FINAL-CA0122017H5[2018-05-04].gz,H5
Imports,380869,COMTRADE-FINAL-CA0122017H5[2018-05-04].gz,H5
Imports,381231,COMTRADE-FINAL-CA0122017H5[2018-05-04].gz,H5
Imports,382475,COMTRADE-FINAL-CA0122017H5[2018-05-04].gz,H5
Imports,382484,COMTRADE-FINAL-CA0122017H5[2018-05-04].gz,H5
Imports,441873,COMTRADE-FINAL-CA0122017H5[2018-05-04].gz,H5
Imports,441891,COMTRADE-FINAL-CA0122017H5[2018-05-04].gz,H5
Imports,550210,COMTRADE-FINAL-CA0122017H5[2018-05-04].gz,H5
Imports,570420,COMTRADE-FINAL-CA0122017H5[2018-05-04].gz,H5
Imports,845612,COMTRADE-FINAL-CA0122017H5[2018-05-04].gz,H5
Imports,845650,COMTRADE-FINAL-CA0122017H5[2018-05-04].gz,H5
Imports,845941,COMTRADE-FINAL-CA0122017H5[2018-05-04].gz,H5
Imports,845949,COMTRADE-FINAL-CA0122017H5[2018-05-04].gz,H5
Imports,846012,COMTRADE-FINAL-CA0122017H5[2018-05-04].gz,H5
Imports,846022,COMTRADE-FINAL-CA0122017H5[2018-05-04].gz,H5
Imports,846023,COMTRADE-FINAL-CA0122017H5[2018-05-04].gz,H5
Imports,846024,COMTRADE-FINAL-CA0122017H5[2018-05-04].gz,H5
Imports,852842,COMTRADE-FINAL-CA0122017H5[2018-05-04].gz,H5
Exports,030325,COMTRADE-FINAL-CA0122024H4[2026-03-31].gz,H4
Exports,030811,COMTRADE-FINAL-CA0122024H4[2026-03-31].gz,H4
Exports,030819,COMTRADE-FINAL-CA0122024H4[2026-03-31].gz,H4
Exports,040520,COMTRADE-FINAL-CA0122024H4[2026-03-31].gz,H4
Exports,071410,COMTRADE-FINAL-CA0122024H4[2026-03-31].gz,H4
Exports,080132,COMTRADE-FINAL-CA0122024H4[2026-03-31].gz,H4
Exports,080251,COMTRADE-FINAL-CA0122024H4[2026-03-31].gz,H4
Exports,080252,COMTRADE-FINAL-CA0122024H4[2026-03-31].gz,H4
Exports,080390,COMTRADE-FINAL-CA0122024H4[2026-03-31].gz,H4
Exports,090931,COMTRADE-FINAL-CA0122024H4[2026-03-31].gz,H4
Exports,090932,COMTRADE-FINAL-CA0122024H4[2026-03-31].gz,H4
Exports,110313,COMTRADE-FINAL-CA0122024H4[2026-03-31].gz,H4
Exports,110620,COMTRADE-FINAL-CA0122024H4[2026-03-31].gz,H4
Exports,120750,COMTRADE-FINAL-CA0122024H4[2026-03-31].gz,H4
Exports,180100,COMTRADE-FINAL-CA0122024H4[2026-03-31].gz,H4
Exports,180320,COMTRADE-FINAL-CA0122024H4[2026-03-31].gz,H4
Exports,200551,COMTRADE-FINAL-CA0122024H4[2026-03-31].gz,H4
Exports,200820,COMTRADE-FINAL-CA0122024H4[2026-03-31].gz,H4
Exports,230310,COMTRADE-FINAL-CA0122024H4[2026-03-31].gz,H4
Exports,261400,COMTRADE-FINAL-CA0122024H4[2026-03-31].gz,H4
Exports,262060,COMTRADE-FINAL-CA0122024H4[2026-03-31].gz,H4
Exports,282731,COMTRADE-FINAL-CA0122024H4[2026-03-31].gz,H4
Exports,283210,COMTRADE-FINAL-CA0122024H4[2026-03-31].gz,H4
Exports,283510,COMTRADE-FINAL-CA0122024H4[2026-03-31].gz,H4
Exports,284190,COMTRADE-FINAL-CA0122024H4[2026-03-31].gz,H4
Exports,291429,COMTRADE-FINAL-CA0122024H4[2026-03-31].gz,H4
Exports,292219,COMTRADE-FINAL-CA0122024H4[2026-03-31].gz,H4
Exports,292310,COMTRADE-FINAL-CA0122024H4[2026-03-31].gz,H4
Exports,293329,COMTRADE-FINAL-CA0122024H4[2026-03-31].gz,H4
Exports,293621,COMTRADE-FINAL-CA0122024H4[2026-03-31].gz,H4
Exports,293712,COMTRADE-FINAL-CA0122024H4[2026-03-31].gz,H4
Exports,320416,COMTRADE-FINAL-CA0122024H4[2026-03-31].gz,H4
Exports,330124,COMTRADE-FINAL-CA0122024H4[2026-03-31].gz,H4
Exports,330130,COMTRADE-FINAL-CA0122024H4[2026-03-31].gz,H4
Exports,381119,COMTRADE-FINAL-CA0122024H4[2026-03-31].gz,H4
Exports,390770,COMTRADE-FINAL-CA0122024H4[2026-03-31].gz,H4
Exports,482361,COMTRADE-FINAL-CA0122024H4[2026-03-31].gz,H4
Exports,510130,COMTRADE-FINAL-CA0122024H4[2026-03-31].gz,H4
Exports,520922,COMTRADE-FINAL-CA0122024H4[2026-03-31].gz,H4
Exports,521142,COMTRADE-FINAL-CA0122024H4[2026-03-31].gz,H4
Exports,521143,COMTRADE-FINAL-CA0122024H4[2026-03-31].gz,H4
Exports,531100,COMTRADE-FINAL-CA0122024H4[2026-03-31].gz,H4
Exports,670300,COMTRADE-FINAL-CA0122024H4[2026-03-31].gz,H4
Exports,711419,COMTRADE-FINAL-CA0122024H4[2026-03-31].gz,H4
Exports,731581,COMTRADE-FINAL-CA0122024H4[2026-03-31].gz,H4
Exports,740811,COMTRADE-FINAL-CA0122024H4[2026-03-31].gz,H4
Exports,741910,COMTRADE-FINAL-CA0122024H4[2026-03-31].gz,H4
Exports,810530,COMTRADE-FINAL-CA0122024H4[2026-03-31].gz,H4
Exports,843621,COMTRADE-FINAL-CA0122024H4[2026-03-31].gz,H4
Exports,853941,COMTRADE-FINAL-CA0122024H4[2026-03-31].gz,H4
Exports,950810,COMTRADE-FINAL-CA0122024H4[2026-03-31].gz,H4
Imports,030246,COMTRADE-FINAL-CA0122024H4[2026-03-31].gz,H4
Imports,130211,COMTRADE-FINAL-CA0122024H4[2026-03-31].gz,H4
Imports,291536,COMTRADE-FINAL-CA0122024H4[2026-03-31].gz,H4
Imports,293963,COMTRADE-FINAL-CA0122024H4[2026-03-31].gz,H4
Imports,711031,COMTRADE-FINAL-CA0122024H4[2026-03-31].gz,H4
Exports,010111,COMTRADE-FINAL-CA0202000H1[2002-09-01].gz,H1
Exports,010119,COMTRADE-FINAL-CA0202000H1[2002-09-01].gz,H1
Exports,010120,COMTRADE-FINAL-CA0202000H1[2002-09-01].gz,H1
Exports,020621,COMTRADE-FINAL-CA0202000H1[2002-09-01].gz,H1
Exports,293100,COMTRADE-FINAL-CA0202000H1[2002-09-01].gz,H1
Exports,370254,COMTRADE-FINAL-CA0202000H1[2002-09-01].gz,H1
Exports,401191,COMTRADE-FINAL-CA0202000H1[2002-09-01].gz,H1
Exports,480260,COMTRADE-FINAL-CA0202000H1[2002-09-01].gz,H1
Exports,480560,COMTRADE-FINAL-CA0202000H1[2002-09-01].gz,H1
Exports,481121,COMTRADE-FINAL-CA0202000H1[2002-09-01].gz,H1
Exports,681120,COMTRADE-FINAL-CA0202000H1[2002-09-01].gz,H1
Exports,701391,COMTRADE-FINAL-CA0202000H1[2002-09-01].gz,H1
Exports,711420,COMTRADE-FINAL-CA0202000H1[2002-09-01].gz,H1
Exports,711610,COMTRADE-FINAL-CA0202000H1[2002-09-01].gz,H1
Exports,843020,COMTRADE-FINAL-CA0202000H1[2002-09-01].gz,H1
Exports,844240,COMTRADE-FINAL-CA0202000H1[2002-09-01].gz,H1
Exports,846920,COMTRADE-FINAL-CA0202000H1[2002-09-01].gz,H1
Exports,847021,COMTRADE-FINAL-CA0202000H1[2002-09-01].gz,H1
Exports,847681,COMTRADE-FINAL-CA0202000H1[2002-09-01].gz,H1
Exports,851210,COMTRADE-FINAL-CA0202000H1[2002-09-01].gz,H1
Exports,851390,COMTRADE-FINAL-CA0202000H1[2002-09-01].gz,H1
Exports,852732,COMTRADE-FINAL-CA0202000H1[2002-09-01].gz,H1
Exports,854240,COMTRADE-FINAL-CA0202000H1[2002-09-01].gz,H1
Exports,871411,COMTRADE-FINAL-CA0202000H1[2002-09-01].gz,H1
Exports,871496,COMTRADE-FINAL-CA0202000H1[2002-09-01].gz,H1
Exports,880190,COMTRADE-FINAL-CA0202000H1[2002-09-01].gz,H1
Exports,880400,COMTRADE-FINAL-CA0202000H1[2002-09-01].gz,H1
Exports,900510,COMTRADE-FINAL-CA0202000H1[2002-09-01].gz,H1
Exports,900580,COMTRADE-FINAL-CA0202000H1[2002-09-01].gz,H1
Exports,900651,COMTRADE-FINAL-CA0202000H1[2002-09-01].gz,H1
Exports,900662,COMTRADE-FINAL-CA0202000H1[2002-09-01].gz,H1
Exports,900990,COMTRADE-FINAL-CA0202000H1[2002-09-01].gz,H1
Exports,902119,COMTRADE-FINAL-CA0202000H1[2002-09-01].gz,H1
Exports,902130,COMTRADE-FINAL-CA0202000H1[2002-09-01].gz,H1
Exports,920120,COMTRADE-FINAL-CA0202000H1[2002-09-01].gz,H1
Exports,920210,COMTRADE-FINAL-CA0202000H1[2002-09-01].gz,H1
Exports,930320,COMTRADE-FINAL-CA0202000H1[2002-09-01].gz,H1
Exports,950291,COMTRADE-FINAL-CA0202000H1[2002-09-01].gz,H1
Exports,950611,COMTRADE-FINAL-CA0202000H1[2002-09-01].gz,H1
Exports,950612,COMTRADE-FINAL-CA0202000H1[2002-09-01].gz,H1
Exports,950631,COMTRADE-FINAL-CA0202000H1[2002-09-01].gz,H1
Exports,950639,COMTRADE-FINAL-CA0202000H1[2002-09-01].gz,H1
Exports,950651,COMTRADE-FINAL-CA0202000H1[2002-09-01].gz,H1
Exports,950661,COMTRADE-FINAL-CA0202000H1[2002-09-01].gz,H1
Exports,950669,COMTRADE-FINAL-CA0202000H1[2002-09-01].gz,H1
Exports,950670,COMTRADE-FINAL-CA0202000H1[2002-09-01].gz,H1
Exports,960891,COMTRADE-FINAL-CA0202000H1[2002-09-01].gz,H1
Imports,410140,COMTRADE-FINAL-CA0202000H1[2002-09-01].gz,H1
Imports,430212,COMTRADE-FINAL-CA0202000H1[2002-09-01].gz,H1
Exports,020500,COMTRADE-FINAL-CA0202001H1[2003-04-10].gz,H1
Exports,071230,COMTRADE-FINAL-CA0202001H1[2003-04-10].gz,H1
Exports,290330,COMTRADE-FINAL-CA0202001H1[2003-04-10].gz,H1
Exports,370253,COMTRADE-FINAL-CA0202001H1[2003-04-10].gz,H1
Exports,382370,COMTRADE-FINAL-CA0202001H1[2003-04-10].gz,H1
Exports,400930,COMTRADE-FINAL-CA0202001H1[2003-04-10].gz,H1
Exports,480253,COMTRADE-FINAL-CA0202001H1[2003-04-10].gz,H1
Exports,480431,COMTRADE-FINAL-CA0202001H1[2003-04-10].gz,H1
Exports,531010,COMTRADE-FINAL-CA0202001H1[2003-04-10].gz,H1
Exports,540332,COMTRADE-FINAL-CA0202001H1[2003-04-10].gz,H1
Exports,551612,COMTRADE-FINAL-CA0202001H1[2003-04-10].gz,H1
Exports,570239,COMTRADE-FINAL-CA0202001H1[2003-04-10].gz,H1
Exports,600299,COMTRADE-FINAL-CA0202001H1[2003-04-10].gz,H1
Exports,621310,COMTRADE-FINAL-CA0202001H1[2003-04-10].gz,H1
Exports,630649,COMTRADE-FINAL-CA0202001H1[2003-04-10].gz,H1
Exports,701720,COMTRADE-FINAL-CA0202001H1[2003-04-10].gz,H1
Exports,710121,COMTRADE-FINAL-CA0202001H1[2003-04-10].gz,H1
Exports,711590,COMTRADE-FINAL-CA0202001H1[2003-04-10].gz,H1
Exports,741531,COMTRADE-FINAL-CA0202001H1[2003-04-10].gz,H1
Exports,820160,COMTRADE-FINAL-CA0202001H1[2003-04-10].gz,H1
Exports,841122,COMTRADE-FINAL-CA0202001H1[2003-04-10].gz,H1
Exports,844833,COMTRADE-FINAL-CA0202001H1[2003-04-10].gz,H1
Exports,845699,COMTRADE-FINAL-CA0202001H1[2003-04-10].gz,H1
Exports,850640,COMTRADE-FINAL-CA0202001H1[2003-04-10].gz,H1
Exports,851939,COMTRADE-FINAL-CA0202001H1[2003-04-10].gz,H1
Exports,900691,COMTRADE-FINAL-CA0202001H1[2003-04-10].gz,H1
Exports,900810,COMTRADE-FINAL-CA0202001H1[2003-04-10].gz,H1
Exports,910221,COMTRADE-FINAL-CA0202001H1[2003-04-10].gz,H1
Exports,911490,COMTRADE-FINAL-CA0202001H1[2003-04-10].gz,H1
Exports,920994,COMTRADE-FINAL-CA0202001H1[2003-04-10].gz,H1
Exports,930400,COMTRADE-FINAL-CA0202001H1[2003-04-10].gz,H1
Exports,930521,COMTRADE-FINAL-CA0202001H1[2003-04-10].gz,H1
Exports,950659,COMTRADE-FINAL-CA0202001H1[2003-04-10].gz,H1
Exports,950710,COMTRADE-FINAL-CA0202001H1[2003-04-10].gz,H1
Exports,950730,COMTRADE-FINAL-CA0202001H1[2003-04-10].gz,H1
Imports,010120,COMTRADE-FINAL-CA0202001H1[2003-04-10].gz,H1
Imports,050610,COMTRADE-FINAL-CA0202001H1[2003-04-10].gz,H1
Imports,050710,COMTRADE-FINAL-CA0202001H1[2003-04-10].gz,H1
Imports,110321,COMTRADE-FINAL-CA0202001H1[2003-04-10].gz,H1
Imports,911210,COMTRADE-FINAL-CA0202001H1[2003-04-10].gz,H1
Exports,021011,COMTRADE-FINAL-CA0202002H2[2003-07-29].gz,H2
Exports,300630,COMTRADE-FINAL-CA0202002H2[2003-07-29].gz,H2
Exports,382530,COMTRADE-FINAL-CA0202002H2[2003-07-29].gz,H2
Exports,521049,COMTRADE-FINAL-CA0202002H2[2003-07-29].gz,H2
Exports,590410,COMTRADE-FINAL-CA0202002H2[2003-07-29].gz,H2
Exports,681130,COMTRADE-FINAL-CA0202002H2[2003-07-29].gz,H2
Exports,810790,COMTRADE-FINAL-CA0202002H2[2003-07-29].gz,H2
Exports,845410,COMTRADE-FINAL-CA0202002H2[2003-07-29].gz,H2
Exports,852739,COMTRADE-FINAL-CA0202002H2[2003-07-29].gz,H2
Exports,870911,COMTRADE-FINAL-CA0202002H2[2003-07-29].gz,H2
Exports,900991,COMTRADE-FINAL-CA0202002H2[2003-07-29].gz,H2
Exports,902150,COMTRADE-FINAL-CA0202002H2[2003-07-29].gz,H2
Exports,920999,COMTRADE-FINAL-CA0202002H2[2003-07-29].gz,H2
Exports,940530,COMTRADE-FINAL-CA0202002H2[2003-07-29].gz,H2
Imports,140300,COMTRADE-FINAL-CA0202002H2[2003-07-29].gz,H2
Imports,711291,COMTRADE-FINAL-CA0202002H2[2003-07-29].gz,H2
Imports,930190,COMTRADE-FINAL-CA0202002H2[2003-07-29].gz,H2
Exports,300680,COMTRADE-FINAL-CA0202003H2[2005-09-29].gz,H2
Exports,370256,COMTRADE-FINAL-CA0202003H2[2005-09-29].gz,H2
Exports,382550,COMTRADE-FINAL-CA0202003H2[2005-09-29].gz,H2
Exports,480421,COMTRADE-FINAL-CA0202003H2[2005-09-29].gz,H2
Exports,480640,COMTRADE-FINAL-CA0202003H2[2005-09-29].gz,H2
Exports,580900,COMTRADE-FINAL-CA0202003H2[2005-09-29].gz,H2
Exports,681110,COMTRADE-FINAL-CA0202003H2[2005-09-29].gz,H2
Exports,741510,COMTRADE-FINAL-CA0202003H2[2005-09-29].gz,H2
Exports,821194,COMTRADE-FINAL-CA0202003H2[2005-09-29].gz,H2
Exports,844360,COMTRADE-FINAL-CA0202003H2[2005-09-29].gz,H2
Exports,852010,COMTRADE-FINAL-CA0202003H2[2005-09-29].gz,H2
Exports,900640,COMTRADE-FINAL-CA0202003H2[2005-09-29].gz,H2
Exports,930310,COMTRADE-FINAL-CA0202003H2[2005-09-29].gz,H2
Imports,020850,COMTRADE-FINAL-CA0202003H2[2005-09-29].gz,H2
Imports,021091,COMTRADE-FINAL-CA0202003H2[2005-09-29].gz,H2
Exports,253010,COMTRADE-FINAL-CA0202004H2[2005-09-29].gz,H2
Exports,382549,COMTRADE-FINAL-CA0202004H2[2005-09-29].gz,H2
Exports,490400,COMTRADE-FINAL-CA0202004H2[2005-09-29].gz,H2
Exports,550951,COMTRADE-FINAL-CA0202004H2[2005-09-29].gz,H2
Exports,720510,COMTRADE-FINAL-CA0202004H2[2005-09-29].gz,H2
Exports,851921,COMTRADE-FINAL-CA0202004H2[2005-09-29].gz,H2
Exports,871495,COMTRADE-FINAL-CA0202004H2[2005-09-29].gz,H2
Exports,900130,COMTRADE-FINAL-CA0202004H2[2005-09-29].gz,H2
Exports,911410,COMTRADE-FINAL-CA0202004H2[2005-09-29].gz,H2
Exports,920930,COMTRADE-FINAL-CA0202004H2[2005-09-29].gz,H2
Exports,930591,COMTRADE-FINAL-CA0202004H2[2005-09-29].gz,H2
Imports,711292,COMTRADE-FINAL-CA0202004H2[2005-09-29].gz,H2
Exports,020319,COMTRADE-FINAL-CA0202005H2[2008-08-26].gz,H2
Exports,021012,COMTRADE-FINAL-CA0202005H2[2008-08-26].gz,H2
Exports,170260,COMTRADE-FINAL-CA0202005H2[2008-08-26].gz,H2
Exports,282520,COMTRADE-FINAL-CA0202005H2[2008-08-26].gz,H2
Exports,370400,COMTRADE-FINAL-CA0202005H2[2008-08-26].gz,H2
Exports,382479,COMTRADE-FINAL-CA0202005H2[2008-08-26].gz,H2
Exports,700232,COMTRADE-FINAL-CA0202005H2[2008-08-26].gz,H2
Exports,810920,COMTRADE-FINAL-CA0202005H2[2008-08-26].gz,H2
Exports,851940,COMTRADE-FINAL-CA0202005H2[2008-08-26].gz,H2
Exports,900711,COMTRADE-FINAL-CA0202005H2[2008-08-26].gz,H2
Exports,911320,COMTRADE-FINAL-CA0202005H2[2008-08-26].gz,H2
Exports,920993,COMTRADE-FINAL-CA0202005H2[2008-08-26].gz,H2
Exports,930599,COMTRADE-FINAL-CA0202005H2[2008-08-26].gz,H2
Exports,960831,COMTRADE-FINAL-CA0202005H2[2008-08-26].gz,H2
Exports,170250,COMTRADE-FINAL-CA0202006H2[2023-04-11].gz,H2
Exports,420610,COMTRADE-FINAL-CA0202006H2[2023-04-11].gz,H2
Exports,480230,COMTRADE-FINAL-CA0202006H2[2023-04-11].gz,H2
Exports,511219,COMTRADE-FINAL-CA0202006H2[2023-04-11].gz,H2
Exports,550200,COMTRADE-FINAL-CA0202006H2[2023-04-11].gz,H2
Exports,551439,COMTRADE-FINAL-CA0202006H2[2023-04-11].gz,H2
Exports,710239,COMTRADE-FINAL-CA0202006H2[2023-04-11].gz,H2
Exports,844610,COMTRADE-FINAL-CA0202006H2[2023-04-11].gz,H2
Exports,902140,COMTRADE-FINAL-CA0202006H2[2023-04-11].gz,H2
Exports,910121,COMTRADE-FINAL-CA0202006H2[2023-04-11].gz,H2
Exports,910129,COMTRADE-FINAL-CA0202006H2[2023-04-11].gz,H2
Exports,910191,COMTRADE-FINAL-CA0202006H2[2023-04-11].gz,H2
Exports,910212,COMTRADE-FINAL-CA0202006H2[2023-04-11].gz,H2
Exports,911110,COMTRADE-FINAL-CA0202006H2[2023-04-11].gz,H2
Exports,911430,COMTRADE-FINAL-CA0202006H2[2023-04-11].gz,H2
Exports,920410,COMTRADE-FINAL-CA0202006H2[2023-04-11].gz,H2
Exports,370295,COMTRADE-FINAL-CA0202007H3[2023-04-11].gz,H3
Exports,381111,COMTRADE-FINAL-CA0202007H3[2023-04-11].gz,H3
Exports,401212,COMTRADE-FINAL-CA0202007H3[2023-04-11].gz,H3
Exports,731412,COMTRADE-FINAL-CA0202007H3[2023-04-11].gz,H3
Exports,842831,COMTRADE-FINAL-CA0202007H3[2023-04-11].gz,H3
Exports,846040,COMTRADE-FINAL-CA0202007H3[2023-04-11].gz,H3
Exports,851920,COMTRADE-FINAL-CA0202007H3[2023-04-11].gz,H3
Exports,852792,COMTRADE-FINAL-CA0202007H3[2023-04-11].gz,H3
Exports,901120,COMTRADE-FINAL-CA0202007H3[2023-04-11].gz,H3
Exports,911190,COMTRADE-FINAL-CA0202007H3[2023-04-11].gz,H3
Exports,930510,COMTRADE-FINAL-CA0202007H3[2023-04-11].gz,H3
Imports,030422,COMTRADE-FINAL-CA0202007H3[2023-04-11].gz,H3
Imports,030561,COMTRADE-FINAL-CA0202007H3[2023-04-11].gz,H3
Exports,260900,COMTRADE-FINAL-CA0202008H3[2023-04-11].gz,H3
Exports,350211,COMTRADE-FINAL-CA0202008H3[2023-04-11].gz,H3
Exports,370110,COMTRADE-FINAL-CA0202008H3[2023-04-11].gz,H3
Exports,480511,COMTRADE-FINAL-CA0202008H3[2023-04-11].gz,H3
Exports,490591,COMTRADE-FINAL-CA0202008H3[2023-04-11].gz,H3
Exports,550921,COMTRADE-FINAL-CA0202008H3[2023-04-11].gz,H3
Exports,710310,COMTRADE-FINAL-CA0202008H3[2023-04-11].gz,H3
Exports,711019,COMTRADE-FINAL-CA0202008H3[2023-04-11].gz,H3
Exports,731414,COMTRADE-FINAL-CA0202008H3[2023-04-11].gz,H3
Exports,851930,COMTRADE-FINAL-CA0202008H3[2023-04-11].gz,H3
Exports,880212,COMTRADE-FINAL-CA0202008H3[2023-04-11].gz,H3
Exports,910610,COMTRADE-FINAL-CA0202008H3[2023-04-11].gz,H3
Imports,030268,COMTRADE-FINAL-CA0202008H3[2023-04-11].gz,H3
Exports,370232,COMTRADE-FINAL-CA0202009H3[2023-04-12].gz,H3
Exports,480449,COMTRADE-FINAL-CA0202009H3[2023-04-12].gz,H3
Exports,530710,COMTRADE-FINAL-CA0202009H3[2023-04-12].gz,H3
Exports,551110,COMTRADE-FINAL-CA0202009H3[2023-04-12].gz,H3
Exports,551430,COMTRADE-FINAL-CA0202009H3[2023-04-12].gz,H3
Exports,600330,COMTRADE-FINAL-CA0202009H3[2023-04-12].gz,H3
Exports,700231,COMTRADE-FINAL-CA0202009H3[2023-04-12].gz,H3
Exports,710399,COMTRADE-FINAL-CA0202009H3[2023-04-12].gz,H3
Exports,730240,COMTRADE-FINAL-CA0202009H3[2023-04-12].gz,H3
Exports,840681,COMTRADE-FINAL-CA0202009H3[2023-04-12].gz,H3
Exports,845710,COMTRADE-FINAL-CA0202009H3[2023-04-12].gz,H3
Exports,850870,COMTRADE-FINAL-CA0202009H3[2023-04-12].gz,H3
Exports,870530,COMTRADE-FINAL-CA0202009H3[2023-04-12].gz,H3
Exports,911180,COMTRADE-FINAL-CA0202009H3[2023-04-12].gz,H3
Exports,911440,COMTRADE-FINAL-CA0202009H3[2023-04-12].gz,H3
Exports,430400,COMTRADE-FINAL-CA0202010H3[2023-04-12].gz,H3
Exports,854081,COMTRADE-FINAL-CA0202010H3[2023-04-12].gz,H3
Exports,911011,COMTRADE-FINAL-CA0202010H3[2023-04-12].gz,H3
Exports,252490,COMTRADE-FINAL-CA0202011H3[2023-04-12].gz,H3
Exports,290920,COMTRADE-FINAL-CA0202011H3[2023-04-12].gz,H3
Exports,340391,COMTRADE-FINAL-CA0202011H3[2023-04-12].gz,H3
Exports,440721,COMTRADE-FINAL-CA0202011H3[2023-04-12].gz,H3
Exports,851420,COMTRADE-FINAL-CA0202011H3[2023-04-12].gz,H3
Exports,910819,COMTRADE-FINAL-CA0202011H3[2023-04-12].gz,H3
Exports,920992,COMTRADE-FINAL-CA0202011H3[2023-04-12].gz,H3
Imports,020830,COMTRADE-FINAL-CA0202011H3[2023-04-12].gz,H3
Imports,430130,COMTRADE-FINAL-CA0202011H3[2023-04-12].gz,H3
Exports,010129,COMTRADE-FINAL-CA0202012H4[2023-04-12].gz,H4
Exports,010130,COMTRADE-FINAL-CA0202012H4[2023-04-12].gz,H4
Exports,010229,COMTRADE-FINAL-CA0202012H4[2023-04-12].gz,H4
Exports,551349,COMTRADE-FINAL-CA0202012H4[2023-04-12].gz,H4
Exports,711100,COMTRADE-FINAL-CA0202012H4[2023-04-12].gz,H4
Exports,711620,COMTRADE-FINAL-CA0202012H4[2023-04-12].gz,H4
Exports,846011,COMTRADE-FINAL-CA0202012H4[2023-04-12].gz,H4
Exports,900850,COMTRADE-FINAL-CA0202012H4[2023-04-12].gz,H4
Exports,910811,COMTRADE-FINAL-CA0202012H4[2023-04-12].gz,H4
Exports,930110,COMTRADE-FINAL-CA0202012H4[2023-04-12].gz,H4
Exports,930520,COMTRADE-FINAL-CA0202012H4[2023-04-12].gz,H4
Imports,020741,COMTRADE-FINAL-CA0202012H4[2023-04-12].gz,H4
Imports,030271,COMTRADE-FINAL-CA0202012H4[2023-04-12].gz,H4
Imports,030272,COMTRADE-FINAL-CA0202012H4[2023-04-12].gz,H4
Imports,030431,COMTRADE-FINAL-CA0202012H4[2023-04-12].gz,H4
Imports,030446,COMTRADE-FINAL-CA0202012H4[2023-04-12].gz,H4
Imports,030463,COMTRADE-FINAL-CA0202012H4[2023-04-12].gz,H4
Imports,030532,COMTRADE-FINAL-CA0202012H4[2023-04-12].gz,H4
Imports,030811,COMTRADE-FINAL-CA0202012H4[2023-04-12].gz,H4
Imports,100210,COMTRADE-FINAL-CA0202012H4[2023-04-12].gz,H4
Imports,150120,COMTRADE-FINAL-CA0202012H4[2023-04-12].gz,H4
Imports,160417,COMTRADE-FINAL-CA0202012H4[2023-04-12].gz,H4
Imports,160431,COMTRADE-FINAL-CA0202012H4[2023-04-12].gz,H4
Imports,430160,COMTRADE-FINAL-CA0202012H4[2023-04-12].gz,H4
Imports,930110,COMTRADE-FINAL-CA0202012H4[2023-04-12].gz,H4
Imports,930520,COMTRADE-FINAL-CA0202012H4[2023-04-12].gz,H4
Exports,020450,COMTRADE-FINAL-CA0202013H4[2023-04-13].gz,H4
Exports,030111,COMTRADE-FINAL-CA0202013H4[2023-04-13].gz,H4
Exports,160249,COMTRADE-FINAL-CA0202013H4[2023-04-13].gz,H4
Exports,460129,COMTRADE-FINAL-CA0202013H4[2023-04-13].gz,H4
Exports,900120,COMTRADE-FINAL-CA0202013H4[2023-04-13].gz,H4
Exports,961220,COMTRADE-FINAL-CA0202013H4[2023-04-13].gz,H4
Exports,961390,COMTRADE-FINAL-CA0202013H4[2023-04-13].gz,H4
Imports,010130,COMTRADE-FINAL-CA0202013H4[2023-04-13].gz,H4
Imports,030323,COMTRADE-FINAL-CA0202013H4[2023-04-13].gz,H4
Imports,030442,COMTRADE-FINAL-CA0202013H4[2023-04-13].gz,H4
Exports,010239,COMTRADE-FINAL-CA0202014H4[2023-04-13].gz,H4
Exports,160553,COMTRADE-FINAL-CA0202014H4[2023-04-13].gz,H4
Exports,250410,COMTRADE-FINAL-CA0202014H4[2023-04-13].gz,H4
Exports,290382,COMTRADE-FINAL-CA0202014H4[2023-04-13].gz,H4
Exports,293624,COMTRADE-FINAL-CA0202014H4[2023-04-13].gz,H4
Exports,360690,COMTRADE-FINAL-CA0202014H4[2023-04-13].gz,H4
Exports,630640,COMTRADE-FINAL-CA0202014H4[2023-04-13].gz,H4
Exports,740940,COMTRADE-FINAL-CA0202014H4[2023-04-13].gz,H4
Exports,844317,COMTRADE-FINAL-CA0202014H4[2023-04-13].gz,H4
Imports,020860,COMTRADE-FINAL-CA0202014H4[2023-04-13].gz,H4
Imports,030194,COMTRADE-FINAL-CA0202014H4[2023-04-13].gz,H4
Imports,030543,COMTRADE-FINAL-CA0202014H4[2023-04-13].gz,H4
Imports,080280,COMTRADE-FINAL-CA0202014H4[2023-04-13].gz,H4
Exports,010221,COMTRADE-FINAL-CA0202015H4[2023-04-14].gz,H4
Exports,681280,COMTRADE-FINAL-CA0202015H4[2023-04-14].gz,H4
Exports,681490,COMTRADE-FINAL-CA0202015H4[2023-04-14].gz,H4
Exports,710221,COMTRADE-FINAL-CA0202015H4[2023-04-14].gz,H4
Exports,711291,COMTRADE-FINAL-CA0202015H4[2023-04-14].gz,H4
Exports,711299,COMTRADE-FINAL-CA0202015H4[2023-04-14].gz,H4
Exports,731940,COMTRADE-FINAL-CA0202015H4[2023-04-14].gz,H4
Exports,810520,COMTRADE-FINAL-CA0202015H4[2023-04-14].gz,H4
Imports,010631,COMTRADE-FINAL-CA0202015H4[2023-04-14].gz,H4
Imports,030234,COMTRADE-FINAL-CA0202015H4[2023-04-14].gz,H4
Imports,030273,COMTRADE-FINAL-CA0202015H4[2023-04-14].gz,H4
Imports,030383,COMTRADE-FINAL-CA0202015H4[2023-04-14].gz,H4
Exports,440921,COMTRADE-FINAL-CA0202016H4[2023-04-14].gz,H4
Exports,551120,COMTRADE-FINAL-CA0202016H4[2023-04-14].gz,H4
Exports,600523,COMTRADE-FINAL-CA0202016H4[2023-04-14].gz,H4
Exports,681189,COMTRADE-FINAL-CA0202016H4[2023-04-14].gz,H4
Exports,710391,COMTRADE-FINAL-CA0202016H4[2023-04-14].gz,H4
Exports,710490,COMTRADE-FINAL-CA0202016H4[2023-04-14].gz,H4
Exports,840130,COMTRADE-FINAL-CA0202016H4[2023-04-14].gz,H4
Imports,010649,COMTRADE-FINAL-CA0202016H4[2023-04-14].gz,H4
Imports,030821,COMTRADE-FINAL-CA0202016H4[2023-04-14].gz,H4
Imports,030829,COMTRADE-FINAL-CA0202016H4[2023-04-14].gz,H4
Exports,220291,COMTRADE-FINAL-CA0202017H5[2023-04-17].gz,H5
Exports,370500,COMTRADE-FINAL-CA0202017H5[2023-04-17].gz,H5
Exports,440140,COMTRADE-FINAL-CA0202017H5[2023-04-17].gz,H5
Exports,440326,COMTRADE-FINAL-CA0202017H5[2023-04-17].gz,H5
Exports,690723,COMTRADE-FINAL-CA0202017H5[2023-04-17].gz,H5
Exports,710210,COMTRADE-FINAL-CA0202017H5[2023-04-17].gz,H5
Exports,741021,COMTRADE-FINAL-CA0202017H5[2023-04-17].gz,H5
Exports,852862,COMTRADE-FINAL-CA0202017H5[2023-04-17].gz,H5
Exports,870191,COMTRADE-FINAL-CA0202017H5[2023-04-17].gz,H5
Exports,871160,COMTRADE-FINAL-CA0202017H5[2023-04-17].gz,H5
Exports,902219,COMTRADE-FINAL-CA0202017H5[2023-04-17].gz,H5
Exports,962000,COMTRADE-FINAL-CA0202017H5[2023-04-17].gz,H5
Imports,030299,COMTRADE-FINAL-CA0202017H5[2023-04-17].gz,H5
Imports,030635,COMTRADE-FINAL-CA0202017H5[2023-04-17].gz,H5
Imports,030695,COMTRADE-FINAL-CA0202017H5[2023-04-17].gz,H5
Imports,030722,COMTRADE-FINAL-CA0202017H5[2023-04-17].gz,H5
Imports,292021,COMTRADE-FINAL-CA0202017H5[2023-04-17].gz,H5
Imports,300349,COMTRADE-FINAL-CA0202017H5[2023-04-17].gz,H5
Imports,300442,COMTRADE-FINAL-CA0202017H5[2023-04-17].gz,H5
Imports,440322,COMTRADE-FINAL-CA0202017H5[2023-04-17].gz,H5
Imports,441874,COMTRADE-FINAL-CA0202017H5[2023-04-17].gz,H5
Imports,870240,COMTRADE-FINAL-CA0202017H5[2023-04-17].gz,H5
Imports,930120,COMTRADE-FINAL-CA0202017H5[2023-04-17].gz,H5
Exports,291560,COMTRADE-FINAL-CA0202018H5[2023-04-19].gz,H5
Exports,390469,COMTRADE-FINAL-CA0202018H5[2023-04-19].gz,H5
Exports,401190,COMTRADE-FINAL-CA0202018H5[2023-04-19].gz,H5
Exports,440323,COMTRADE-FINAL-CA0202018H5[2023-04-19].gz,H5
Exports,441873,COMTRADE-FINAL-CA0202018H5[2023-04-19].gz,H5
Exports,540247,COMTRADE-FINAL-CA0202018H5[2023-04-19].gz,H5
Exports,710229,COMTRADE-FINAL-CA0202018H5[2023-04-19].gz,H5
Exports,711029,COMTRADE-FINAL-CA0202018H5[2023-04-19].gz,H5
Exports,841013,COMTRADE-FINAL-CA0202018H5[2023-04-19].gz,H5
Exports,843231,COMTRADE-FINAL-CA0202018H5[2023-04-19].gz,H5
Exports,844832,COMTRADE-FINAL-CA0202018H5[2023-04-19].gz,H5
Exports,870195,COMTRADE-FINAL-CA0202018H5[2023-04-19].gz,H5
Imports,020751,COMTRADE-FINAL-CA0202018H5[2023-04-19].gz,H5
Imports,030447,COMTRADE-FINAL-CA0202018H5[2023-04-19].gz,H5
Imports,030691,COMTRADE-FINAL-CA0202018H5[2023-04-19].gz,H5
Imports,030692,COMTRADE-FINAL-CA0202018H5[2023-04-19].gz,H5
Imports,030693,COMTRADE-FINAL-CA0202018H5[2023-04-19].gz,H5
Imports,030694,COMTRADE-FINAL-CA0202018H5[2023-04-19].gz,H5
Imports,440341,COMTRADE-FINAL-CA0202018H5[2023-04-19].gz,H5
Imports,440612,COMTRADE-FINAL-CA0202018H5[2023-04-19].gz,H5
Exports,550700,COMTRADE-FINAL-CA0202019H5[2023-04-18].gz,H5
Exports,570250,COMTRADE-FINAL-CA0202019H5[2023-04-18].gz,H5
Exports,580110,COMTRADE-FINAL-CA0202019H5[2023-04-18].gz,H5
Exports,630420,COMTRADE-FINAL-CA0202019H5[2023-04-18].gz,H5
Exports,711049,COMTRADE-FINAL-CA0202019H5[2023-04-18].gz,H5
Exports,870194,COMTRADE-FINAL-CA0202019H5[2023-04-18].gz,H5
Exports,940610,COMTRADE-FINAL-CA0202019H5[2023-04-18].gz,H5
Imports,030571,COMTRADE-FINAL-CA0202019H5[2023-04-18].gz,H5
Imports,100840,COMTRADE-FINAL-CA0202019H5[2023-04-18].gz,H5
Imports,160562,COMTRADE-FINAL-CA0202019H5[2023-04-18].gz,H5
Imports,382488,COMTRADE-FINAL-CA0202019H5[2023-04-18].gz,H5
Imports,440395,COMTRADE-FINAL-CA0202019H5[2023-04-18].gz,H5
Exports,220422,COMTRADE-FINAL-CA0202020H5[2023-04-19].gz,H5
Exports,440692,COMTRADE-FINAL-CA0202020H5[2023-04-19].gz,H5
Exports,440711,COMTRADE-FINAL-CA0202020H5[2023-04-19].gz,H5
Exports,441231,COMTRADE-FINAL-CA0202020H5[2023-04-19].gz,H5
Exports,530310,COMTRADE-FINAL-CA0202020H5[2023-04-19].gz,H5
Exports,540245,COMTRADE-FINAL-CA0202020H5[2023-04-19].gz,H5
Exports,550319,COMTRADE-FINAL-CA0202020H5[2023-04-19].gz,H5
Exports,722220,COMTRADE-FINAL-CA0202020H5[2023-04-19].gz,H5
Exports,810110,COMTRADE-FINAL-CA0202020H5[2023-04-19].gz,H5
Exports,843242,COMTRADE-FINAL-CA0202020H5[2023-04-19].gz,H5
Exports,848640,COMTRADE-FINAL-CA0202020H5[2023-04-19].gz,H5
Exports,910890,COMTRADE-FINAL-CA0202020H5[2023-04-19].gz,H5
Exports,910990,COMTRADE-FINAL-CA0202020H5[2023-04-19].gz,H5
Imports,300343,COMTRADE-FINAL-CA0202020H5[2023-04-19].gz,H5
Imports,870230,COMTRADE-FINAL-CA0202020H5[2023-04-19].gz,H5
Exports,030441,COMTRADE-FINAL-CA0202021H5[2023-04-25].gz,H5
Exports,030471,COMTRADE-FINAL-CA0202021H5[2023-04-25].gz,H5
Exports,290899,COMTRADE-FINAL-CA0202021H5[2023-04-25].gz,H5
Exports,291819,COMTRADE-FINAL-CA0202021H5[2023-04-25].gz,H5
Exports,300360,COMTRADE-FINAL-CA0202021H5[2023-04-25].gz,H5
Exports,401180,COMTRADE-FINAL-CA0202021H5[2023-04-25].gz,H5
Exports,440321,COMTRADE-FINAL-CA0202021H5[2023-04-25].gz,H5
Exports,440325,COMTRADE-FINAL-CA0202021H5[2023-04-25].gz,H5
Exports,440712,COMTRADE-FINAL-CA0202021H5[2023-04-25].gz,H5
Exports,440719,COMTRADE-FINAL-CA0202021H5[2023-04-25].gz,H5
Exports,600340,COMTRADE-FINAL-CA0202021H5[2023-04-25].gz,H5
Exports,841210,COMTRADE-FINAL-CA0202021H5[2023-04-25].gz,H5
Exports,844530,COMTRADE-FINAL-CA0202021H5[2023-04-25].gz,H5
Exports,845611,COMTRADE-FINAL-CA0202021H5[2023-04-25].gz,H5
Exports,870230,COMTRADE-FINAL-CA0202021H5[2023-04-25].gz,H5
Exports,870350,COMTRADE-FINAL-CA0202021H5[2023-04-25].gz,H5
Exports,870360,COMTRADE-FINAL-CA0202021H5[2023-04-25].gz,H5
Exports,950621,COMTRADE-FINAL-CA0202021H5[2023-04-25].gz,H5
Imports,030453,COMTRADE-FINAL-CA0202021H5[2023-04-25].gz,H5
Imports,030488,COMTRADE-FINAL-CA0202021H5[2023-04-25].gz,H5
Imports,300213,COMTRADE-FINAL-CA0202021H5[2023-04-25].gz,H5
Imports,300443,COMTRADE-FINAL-CA0202021H5[2023-04-25].gz,H5
Imports,440326,COMTRADE-FINAL-CA0202021H5[2023-04-25].gz,H5
Exports,292800,COMTRADE-FINAL-CA0202022H6[2023-04-05].gz,H6
Exports,370199,COMTRADE-FINAL-CA0202022H6[2023-04-05].gz,H6
Exports,382600,COMTRADE-FINAL-CA0202022H6[2023-04-05].gz,H6
Exports,440141,COMTRADE-FINAL-CA0202022H6[2023-04-05].gz,H6
Exports,440149,COMTRADE-FINAL-CA0202022H6[2023-04-05].gz,H6
Exports,441875,COMTRADE-FINAL-CA0202022H6[2023-04-05].gz,H6
Exports,490590,COMTRADE-FINAL-CA0202022H6[2023-04-05].gz,H6
Exports,570321,COMTRADE-FINAL-CA0202022H6[2023-04-05].gz,H6
Exports,620220,COMTRADE-FINAL-CA0202022H6[2023-04-05].gz,H6
Exports,711510,COMTRADE-FINAL-CA0202022H6[2023-04-05].gz,H6
Exports,741980,COMTRADE-FINAL-CA0202022H6[2023-04-05].gz,H6
Exports,843930,COMTRADE-FINAL-CA0202022H6[2023-04-05].gz,H6
Exports,845959,COMTRADE-FINAL-CA0202022H6[2023-04-05].gz,H6
Exports,846223,COMTRADE-FINAL-CA0202022H6[2023-04-05].gz,H6
Exports,846242,COMTRADE-FINAL-CA0202022H6[2023-04-05].gz,H6
Exports,846290,COMTRADE-FINAL-CA0202022H6[2023-04-05].gz,H6
Exports,851431,COMTRADE-FINAL-CA0202022H6[2023-04-05].gz,H6
Exports,851439,COMTRADE-FINAL-CA0202022H6[2023-04-05].gz,H6
Exports,851714,COMTRADE-FINAL-CA0202022H6[2023-04-05].gz,H6
Exports,852581,COMTRADE-FINAL-CA0202022H6[2023-04-05].gz,H6
Exports,854141,COMTRADE-FINAL-CA0202022H6[2023-04-05].gz,H6
Exports,854340,COMTRADE-FINAL-CA0202022H6[2023-04-05].gz,H6
Exports,854800,COMTRADE-FINAL-CA0202022H6[2023-04-05].gz,H6
Exports,854991,COMTRADE-FINAL-CA0202022H6[2023-04-05].gz,H6
Exports,854999,COMTRADE-FINAL-CA0202022H6[2023-04-05].gz,H6
Exports,870121,COMTRADE-FINAL-CA0202022H6[2023-04-05].gz,H6
Exports,890319,COMTRADE-FINAL-CA0202022H6[2023-04-05].gz,H6
Exports,890322,COMTRADE-FINAL-CA0202022H6[2023-04-05].gz,H6
Exports,890393,COMTRADE-FINAL-CA0202022H6[2023-04-05].gz,H6
Exports,902789,COMTRADE-FINAL-CA0202022H6[2023-04-05].gz,H6
Exports,940149,COMTRADE-FINAL-CA0202022H6[2023-04-05].gz,H6
Exports,940521,COMTRADE-FINAL-CA0202022H6[2023-04-05].gz,H6
Exports,940529,COMTRADE-FINAL-CA0202022H6[2023-04-05].gz,H6
Exports,940531,COMTRADE-FINAL-CA0202022H6[2023-04-05].gz,H6
Exports,940539,COMTRADE-FINAL-CA0202022H6[2023-04-05].gz,H6
Exports,940541,COMTRADE-FINAL-CA0202022H6[2023-04-05].gz,H6
Exports,940569,COMTRADE-FINAL-CA0202022H6[2023-04-05].gz,H6
Exports,950829,COMTRADE-FINAL-CA0202022H6[2023-04-05].gz,H6
Exports,970121,COMTRADE-FINAL-CA0202022H6[2023-04-05].gz,H6
Exports,970129,COMTRADE-FINAL-CA0202022H6[2023-04-05].gz,H6
Exports,970191,COMTRADE-FINAL-CA0202022H6[2023-04-05].gz,H6
Exports,970199,COMTRADE-FINAL-CA0202022H6[2023-04-05].gz,H6
Exports,970290,COMTRADE-FINAL-CA0202022H6[2023-04-05].gz,H6
Exports,970390,COMTRADE-FINAL-CA0202022H6[2023-04-05].gz,H6
Exports,970690,COMTRADE-FINAL-CA0202022H6[2023-04-05].gz,H6
Imports,030486,COMTRADE-FINAL-CA0202022H6[2023-04-05].gz,H6
Imports,030496,COMTRADE-FINAL-CA0202022H6[2023-04-05].gz,H6
Imports,030784,COMTRADE-FINAL-CA0202022H6[2023-04-05].gz,H6
Imports,030812,COMTRADE-FINAL-CA0202022H6[2023-04-05].gz,H6
Imports,070956,COMTRADE-FINAL-CA0202022H6[2023-04-05].gz,H6
Imports,150930,COMTRADE-FINAL-CA0202022H6[2023-04-05].gz,H6
Imports,150940,COMTRADE-FINAL-CA0202022H6[2023-04-05].gz,H6
Imports,240499,COMTRADE-FINAL-CA0202022H6[2023-04-05].gz,H6
Imports,293492,COMTRADE-FINAL-CA0202022H6[2023-04-05].gz,H6
Imports,360310,COMTRADE-FINAL-CA0202022H6[2023-04-05].gz,H6
Imports,360350,COMTRADE-FINAL-CA0202022H6[2023-04-05].gz,H6
Imports,382769,COMTRADE-FINAL-CA0202022H6[2023-04-05].gz,H6
Imports,440141,COMTRADE-FINAL-CA0202022H6[2023-04-05].gz,H6
Imports,440149,COMTRADE-FINAL-CA0202022H6[2023-04-05].gz,H6
Imports,440220,COMTRADE-FINAL-CA0202022H6[2023-04-05].gz,H6
Imports,441882,COMTRADE-FINAL-CA0202022H6[2023-04-05].gz,H6
Imports,441883,COMTRADE-FINAL-CA0202022H6[2023-04-05].gz,H6
Imports,441889,COMTRADE-FINAL-CA0202022H6[2023-04-05].gz,H6
Imports,441892,COMTRADE-FINAL-CA0202022H6[2023-04-05].gz,H6
Imports,570321,COMTRADE-FINAL-CA0202022H6[2023-04-05].gz,H6
Imports,681513,COMTRADE-FINAL-CA0202022H6[2023-04-05].gz,H6
Imports,701914,COMTRADE-FINAL-CA0202022H6[2023-04-05].gz,H6
Imports,710429,COMTRADE-FINAL-CA0202022H6[2023-04-05].gz,H6
Imports,710499,COMTRADE-FINAL-CA0202022H6[2023-04-05].gz,H6
Imports,810999,COMTRADE-FINAL-CA0202022H6[2023-04-05].gz,H6
Imports,850171,COMTRADE-FINAL-CA0202022H6[2023-04-05].gz,H6
Imports,851431,COMTRADE-FINAL-CA0202022H6[2023-04-05].gz,H6
Imports,851432,COMTRADE-FINAL-CA0202022H6[2023-04-05].gz,H6
Imports,854142,COMTRADE-FINAL-CA0202022H6[2023-04-05].gz,H6
Imports,854919,COMTRADE-FINAL-CA0202022H6[2023-04-05].gz,H6
Imports,854999,COMTRADE-FINAL-CA0202022H6[2023-04-05].gz,H6
Imports,880610,COMTRADE-FINAL-CA0202022H6[2023-04-05].gz,H6
Imports,950822,COMTRADE-FINAL-CA0202022H6[2023-04-05].gz,H6
Imports,970121,COMTRADE-FINAL-CA0202022H6[2023-04-05].gz,H6
Imports,970129,COMTRADE-FINAL-CA0202022H6[2023-04-05].gz,H6
Imports,970290,COMTRADE-FINAL-CA0202022H6[2023-04-05].gz,H6
Imports,970310,COMTRADE-FINAL-CA0202022H6[2023-04-05].gz,H6
Imports,970390,COMTRADE-FINAL-CA0202022H6[2023-04-05].gz,H6
Imports,970510,COMTRADE-FINAL-CA0202022H6[2023-04-05].gz,H6
Imports,970529,COMTRADE-FINAL-CA0202022H6[2023-04-05].gz,H6
Imports,970531,COMTRADE-FINAL-CA0202022H6[2023-04-05].gz,H6
Imports,970610,COMTRADE-FINAL-CA0202022H6[2023-04-05].gz,H6
Imports,970690,COMTRADE-FINAL-CA0202022H6[2023-04-05].gz,H6
Exports,020312,COMTRADE-FINAL-CA0202023H6[2024-02-26].gz,H6
Exports,050690,COMTRADE-FINAL-CA0202023H6[2024-02-26].gz,H6
Exports,240412,COMTRADE-FINAL-CA0202023H6[2024-02-26].gz,H6
Exports,240419,COMTRADE-FINAL-CA0202023H6[2024-02-26].gz,H6
Exports,240499,COMTRADE-FINAL-CA0202023H6[2024-02-26].gz,H6
Exports,300251,COMTRADE-FINAL-CA0202023H6[2024-02-26].gz,H6
Exports,440311,COMTRADE-FINAL-CA0202023H6[2024-02-26].gz,H6
Exports,440312,COMTRADE-FINAL-CA0202023H6[2024-02-26].gz,H6
Exports,441881,COMTRADE-FINAL-CA0202023H6[2024-02-26].gz,H6
Exports,521011,COMTRADE-FINAL-CA0202023H6[2024-02-26].gz,H6
Exports,570329,COMTRADE-FINAL-CA0202023H6[2024-02-26].gz,H6
Exports,590490,COMTRADE-FINAL-CA0202023H6[2024-02-26].gz,H6
Exports,681519,COMTRADE-FINAL-CA0202023H6[2024-02-26].gz,H6
Exports,821290,COMTRADE-FINAL-CA0202023H6[2024-02-26].gz,H6
Exports,845730,COMTRADE-FINAL-CA0202023H6[2024-02-26].gz,H6
Exports,845931,COMTRADE-FINAL-CA0202023H6[2024-02-26].gz,H6
Exports,850172,COMTRADE-FINAL-CA0202023H6[2024-02-26].gz,H6
Exports,851419,COMTRADE-FINAL-CA0202023H6[2024-02-26].gz,H6
Exports,852419,COMTRADE-FINAL-CA0202023H6[2024-02-26].gz,H6
Exports,853951,COMTRADE-FINAL-CA0202023H6[2024-02-26].gz,H6
Exports,854912,COMTRADE-FINAL-CA0202023H6[2024-02-26].gz,H6
Exports,854919,COMTRADE-FINAL-CA0202023H6[2024-02-26].gz,H6
Exports,870122,COMTRADE-FINAL-CA0202023H6[2024-02-26].gz,H6
Exports,870220,COMTRADE-FINAL-CA0202023H6[2024-02-26].gz,H6
Exports,870370,COMTRADE-FINAL-CA0202023H6[2024-02-26].gz,H6
Exports,880621,COMTRADE-FINAL-CA0202023H6[2024-02-26].gz,H6
Exports,880622,COMTRADE-FINAL-CA0202023H6[2024-02-26].gz,H6
Exports,880710,COMTRADE-FINAL-CA0202023H6[2024-02-26].gz,H6
Exports,890332,COMTRADE-FINAL-CA0202023H6[2024-02-26].gz,H6
Exports,970510,COMTRADE-FINAL-CA0202023H6[2024-02-26].gz,H6
Imports,030452,COMTRADE-FINAL-CA0202023H6[2024-02-26].gz,H6
Imports,292330,COMTRADE-FINAL-CA0202023H6[2024-02-26].gz,H6
Imports,360340,COMTRADE-FINAL-CA0202023H6[2024-02-26].gz,H6
Imports,360360,COMTRADE-FINAL-CA0202023H6[2024-02-26].gz,H6
Imports,382489,COMTRADE-FINAL-CA0202023H6[2024-02-26].gz,H6
Imports,382739,COMTRADE-FINAL-CA0202023H6[2024-02-26].gz,H6
Imports,382759,COMTRADE-FINAL-CA0202023H6[2024-02-26].gz,H6
Imports,382765,COMTRADE-FINAL-CA0202023H6[2024-02-26].gz,H6
Imports,440325,COMTRADE-FINAL-CA0202023H6[2024-02-26].gz,H6
Imports,441234,COMTRADE-FINAL-CA0202023H6[2024-02-26].gz,H6
Imports,490520,COMTRADE-FINAL-CA0202023H6[2024-02-26].gz,H6
Imports,710421,COMTRADE-FINAL-CA0202023H6[2024-02-26].gz,H6
Imports,710491,COMTRADE-FINAL-CA0202023H6[2024-02-26].gz,H6
Imports,810921,COMTRADE-FINAL-CA0202023H6[2024-02-26].gz,H6
Imports,850172,COMTRADE-FINAL-CA0202023H6[2024-02-26].gz,H6
Imports,851411,COMTRADE-FINAL-CA0202023H6[2024-02-26].gz,H6
Imports,854913,COMTRADE-FINAL-CA0202023H6[2024-02-26].gz,H6
Imports,854914,COMTRADE-FINAL-CA0202023H6[2024-02-26].gz,H6
Imports,902781,COMTRADE-FINAL-CA0202023H6[2024-02-26].gz,H6
Imports,940620,COMTRADE-FINAL-CA0202023H6[2024-02-26].gz,H6
Imports,950826,COMTRADE-FINAL-CA0202023H6[2024-02-26].gz,H6
Imports,950840,COMTRADE-FINAL-CA0202023H6[2024-02-26].gz,H6
Imports,970539,COMTRADE-FINAL-CA0202023H6[2024-02-26].gz,H6
Exports,020322,COMTRADE-FINAL-CA0242004H1[2024-11-06].gz,H1
Exports,020442,COMTRADE-FINAL-CA0242004H1[2024-11-06].gz,H1
Exports,020443,COMTRADE-FINAL-CA0242004H1[2024-11-06].gz,H1
Exports,020900,COMTRADE-FINAL-CA0242004H1[2024-11-06].gz,H1
Exports,030549,COMTRADE-FINAL-CA0242004H1[2024-11-06].gz,H1
Exports,080430,COMTRADE-FINAL-CA0242004H1[2024-11-06].gz,H1
Exports,080530,COMTRADE-FINAL-CA0242004H1[2024-11-06].gz,H1
Exports,160300,COMTRADE-FINAL-CA0242004H1[2024-11-06].gz,H1
Exports,230120,COMTRADE-FINAL-CA0242004H1[2024-11-06].gz,H1
Exports,270740,COMTRADE-FINAL-CA0242004H1[2024-11-06].gz,H1
Exports,280470,COMTRADE-FINAL-CA0242004H1[2024-11-06].gz,H1
Exports,284450,COMTRADE-FINAL-CA0242004H1[2024-11-06].gz,H1
Exports,400920,COMTRADE-FINAL-CA0242004H1[2024-11-06].gz,H1
Exports,410729,COMTRADE-FINAL-CA0242004H1[2024-11-06].gz,H1
Exports,480429,COMTRADE-FINAL-CA0242004H1[2024-11-06].gz,H1
Exports,480529,COMTRADE-FINAL-CA0242004H1[2024-11-06].gz,H1
Exports,580230,COMTRADE-FINAL-CA0242004H1[2024-11-06].gz,H1
Exports,681290,COMTRADE-FINAL-CA0242004H1[2024-11-06].gz,H1
Exports,701200,COMTRADE-FINAL-CA0242004H1[2024-11-06].gz,H1
Exports,711290,COMTRADE-FINAL-CA0242004H1[2024-11-06].gz,H1
Exports,731930,COMTRADE-FINAL-CA0242004H1[2024-11-06].gz,H1
Exports,741490,COMTRADE-FINAL-CA0242004H1[2024-11-06].gz,H1
Exports,844220,COMTRADE-FINAL-CA0242004H1[2024-11-06].gz,H1
Exports,848510,COMTRADE-FINAL-CA0242004H1[2024-11-06].gz,H1
Exports,850930,COMTRADE-FINAL-CA0242004H1[2024-11-06].gz,H1
Exports,851910,COMTRADE-FINAL-CA0242004H1[2024-11-06].gz,H1
Exports,890520,COMTRADE-FINAL-CA0242004H1[2024-11-06].gz,H1
Exports,900620,COMTRADE-FINAL-CA0242004H1[2024-11-06].gz,H1
Exports,900840,COMTRADE-FINAL-CA0242004H1[2024-11-06].gz,H1
Exports,950299,COMTRADE-FINAL-CA0242004H1[2024-11-06].gz,H1
Imports,110312,COMTRADE-FINAL-CA0242004H1[2024-11-06].gz,H1
Imports,293791,COMTRADE-FINAL-CA0242004H1[2024-11-06].gz,H1
Imports,530529,COMTRADE-FINAL-CA0242004H1[2024-11-06].gz,H1
Imports,630641,COMTRADE-FINAL-CA0242004H1[2024-11-06].gz,H1
Imports,711220,COMTRADE-FINAL-CA0242004H1[2024-11-06].gz,H1
Exports,021020,COMTRADE-FINAL-CA0242005H2[2024-11-06].gz,H2
Exports,150430,COMTRADE-FINAL-CA0242005H2[2024-11-06].gz,H2
Exports,291470,COMTRADE-FINAL-CA0242005H2[2024-11-06].gz,H2
Exports,293890,COMTRADE-FINAL-CA0242005H2[2024-11-06].gz,H2
Exports,741420,COMTRADE-FINAL-CA0242005H2[2024-11-06].gz,H2
Exports,810296,COMTRADE-FINAL-CA0242005H2[2024-11-06].gz,H2
Exports,820120,COMTRADE-FINAL-CA0242005H2[2024-11-06].gz,H2
Exports,842099,COMTRADE-FINAL-CA0242005H2[2024-11-06].gz,H2
Exports,842850,COMTRADE-FINAL-CA0242005H2[2024-11-06].gz,H2
Exports,844820,COMTRADE-FINAL-CA0242005H2[2024-11-06].gz,H2
Imports,010612,COMTRADE-FINAL-CA0242005H2[2024-11-06].gz,H2
Imports,030372,COMTRADE-FINAL-CA0242005H2[2024-11-06].gz,H2
Imports,860620,COMTRADE-FINAL-CA0242005H2[2024-11-06].gz,H2
Exports,230620,COMTRADE-FINAL-CA0242006H2[2024-11-06].gz,H2
Exports,282420,COMTRADE-FINAL-CA0242006H2[2024-11-06].gz,H2
Exports,284410,COMTRADE-FINAL-CA0242006H2[2024-11-06].gz,H2
Exports,290241,COMTRADE-FINAL-CA0242006H2[2024-11-06].gz,H2
Exports,291219,COMTRADE-FINAL-CA0242006H2[2024-11-06].gz,H2
Exports,382420,COMTRADE-FINAL-CA0242006H2[2024-11-06].gz,H2
Exports,810297,COMTRADE-FINAL-CA0242006H2[2024-11-06].gz,H2
Exports,844841,COMTRADE-FINAL-CA0242006H2[2024-11-06].gz,H2
Exports,845961,COMTRADE-FINAL-CA0242006H2[2024-11-06].gz,H2
Exports,854260,COMTRADE-FINAL-CA0242006H2[2024-11-06].gz,H2
Exports,880110,COMTRADE-FINAL-CA0242006H2[2024-11-06].gz,H2
Imports,810730,COMTRADE-FINAL-CA0242006H2[2024-11-06].gz,H2
Imports,530521,COMTRADE-FINAL-CA0242007H2[2016-10-05].gz,H2
Imports,930119,COMTRADE-FINAL-CA0242007H2[2016-10-05].gz,H2
Exports,020725,COMTRADE-FINAL-CA0242008H2[2024-11-07].gz,H2
Exports,110210,COMTRADE-FINAL-CA0242008H2[2024-11-07].gz,H2
Exports,130211,COMTRADE-FINAL-CA0242008H2[2024-11-07].gz,H2
Exports,281530,COMTRADE-FINAL-CA0242008H2[2024-11-07].gz,H2
Exports,283220,COMTRADE-FINAL-CA0242008H2[2024-11-07].gz,H2
Exports,283421,COMTRADE-FINAL-CA0242008H2[2024-11-07].gz,H2
Exports,710900,COMTRADE-FINAL-CA0242008H2[2024-11-07].gz,H2
Exports,731519,COMTRADE-FINAL-CA0242008H2[2024-11-07].gz,H2
Exports,811213,COMTRADE-FINAL-CA0242008H2[2024-11-07].gz,H2
Exports,841111,COMTRADE-FINAL-CA0242008H2[2024-11-07].gz,H2
Exports,845620,COMTRADE-FINAL-CA0242008H2[2024-11-07].gz,H2
Exports,845630,COMTRADE-FINAL-CA0242008H2[2024-11-07].gz,H2
Exports,890800,COMTRADE-FINAL-CA0242008H2[2024-11-07].gz,H2
Exports,911090,COMTRADE-FINAL-CA0242008H2[2024-11-07].gz,H2
Exports,920300,COMTRADE-FINAL-CA0242008H2[2024-11-07].gz,H2
Imports,262011,COMTRADE-FINAL-CA0242009H3[2016-10-05].gz,H3
Imports,382476,COMTRADE-FINAL-CA0242009H3[2016-10-05].gz,H3
Imports,500300,COMTRADE-FINAL-CA0242009H3[2016-10-05].gz,H3
Imports,810330,COMTRADE-FINAL-CA0242009H3[2016-10-05].gz,H3
Imports,262021,COMTRADE-FINAL-CA0242010H3[2016-10-05].gz,H3
Imports,811252,COMTRADE-FINAL-CA0242010H3[2016-10-05].gz,H3
Imports,811259,COMTRADE-FINAL-CA0242010H3[2016-10-05].gz,H3
Imports,021093,COMTRADE-FINAL-CA0242012H3[2016-10-05].gz,H3
Imports,252410,COMTRADE-FINAL-CA0242012H3[2016-10-05].gz,H3
Imports,262029,COMTRADE-FINAL-CA0242012H3[2016-10-05].gz,H3
Imports,010231,COMTRADE-FINAL-CA0242014H4[2016-10-05].gz,H4
Imports,010633,COMTRADE-FINAL-CA0242014H4[2016-10-05].gz,H4
Imports,030274,COMTRADE-FINAL-CA0242014H4[2016-10-05].gz,H4
Imports,030356,COMTRADE-FINAL-CA0242014H4[2016-10-05].gz,H4
Imports,030454,COMTRADE-FINAL-CA0242014H4[2016-10-05].gz,H4
Imports,030564,COMTRADE-FINAL-CA0242014H4[2016-10-05].gz,H4
Imports,071360,COMTRADE-FINAL-CA0242014H4[2016-10-05].gz,H4
Imports,290392,COMTRADE-FINAL-CA0242014H4[2016-10-05].gz,H4
Imports,811213,COMTRADE-FINAL-CA0242014H4[2016-10-05].gz,H4
Exports,010310,COMTRADE-FINAL-CA0242015H4[2019-10-03].gz,H4
Exports,010594,COMTRADE-FINAL-CA0242015H4[2019-10-03].gz,H4
Exports,010599,COMTRADE-FINAL-CA0242015H4[2019-10-03].gz,H4
Exports,010632,COMTRADE-FINAL-CA0242015H4[2019-10-03].gz,H4
Exports,020741,COMTRADE-FINAL-CA0242015H4[2019-10-03].gz,H4
Exports,020745,COMTRADE-FINAL-CA0242015H4[2019-10-03].gz,H4
Exports,020751,COMTRADE-FINAL-CA0242015H4[2019-10-03].gz,H4
Exports,020910,COMTRADE-FINAL-CA0242015H4[2019-10-03].gz,H4
Exports,020990,COMTRADE-FINAL-CA0242015H4[2019-10-03].gz,H4
Exports,030510,COMTRADE-FINAL-CA0242015H4[2019-10-03].gz,H4
Exports,040819,COMTRADE-FINAL-CA0242015H4[2019-10-03].gz,H4
Exports,040891,COMTRADE-FINAL-CA0242015H4[2019-10-03].gz,H4
Exports,041000,COMTRADE-FINAL-CA0242015H4[2019-10-03].gz,H4
Exports,071231,COMTRADE-FINAL-CA0242015H4[2019-10-03].gz,H4
Exports,071335,COMTRADE-FINAL-CA0242015H4[2019-10-03].gz,H4
Exports,080310,COMTRADE-FINAL-CA0242015H4[2019-10-03].gz,H4
Exports,090611,COMTRADE-FINAL-CA0242015H4[2019-10-03].gz,H4
Exports,091011,COMTRADE-FINAL-CA0242015H4[2019-10-03].gz,H4
Exports,100410,COMTRADE-FINAL-CA0242015H4[2019-10-03].gz,H4
Exports,100490,COMTRADE-FINAL-CA0242015H4[2019-10-03].gz,H4
Exports,120230,COMTRADE-FINAL-CA0242015H4[2019-10-03].gz,H4
Exports,120241,COMTRADE-FINAL-CA0242015H4[2019-10-03].gz,H4
Exports,150110,COMTRADE-FINAL-CA0242015H4[2019-10-03].gz,H4
Exports,160510,COMTRADE-FINAL-CA0242015H4[2019-10-03].gz,H4
Exports,160530,COMTRADE-FINAL-CA0242015H4[2019-10-03].gz,H4
Exports,160540,COMTRADE-FINAL-CA0242015H4[2019-10-03].gz,H4
Exports,170114,COMTRADE-FINAL-CA0242015H4[2019-10-03].gz,H4
Exports,283529,COMTRADE-FINAL-CA0242015H4[2019-10-03].gz,H4
Exports,290260,COMTRADE-FINAL-CA0242015H4[2019-10-03].gz,H4
Exports,290611,COMTRADE-FINAL-CA0242015H4[2019-10-03].gz,H4
Exports,290723,COMTRADE-FINAL-CA0242015H4[2019-10-03].gz,H4
Exports,291511,COMTRADE-FINAL-CA0242015H4[2019-10-03].gz,H4
Exports,292320,COMTRADE-FINAL-CA0242015H4[2019-10-03].gz,H4
Exports,293190,COMTRADE-FINAL-CA0242015H4[2019-10-03].gz,H4
Exports,293220,COMTRADE-FINAL-CA0242015H4[2019-10-03].gz,H4
Exports,293790,COMTRADE-FINAL-CA0242015H4[2019-10-03].gz,H4
Exports,320120,COMTRADE-FINAL-CA0242015H4[2019-10-03].gz,H4
Exports,340420,COMTRADE-FINAL-CA0242015H4[2019-10-03].gz,H4
Exports,382471,COMTRADE-FINAL-CA0242015H4[2019-10-03].gz,H4
Exports,400291,COMTRADE-FINAL-CA0242015H4[2019-10-03].gz,H4
Exports,400610,COMTRADE-FINAL-CA0242015H4[2019-10-03].gz,H4
Exports,401219,COMTRADE-FINAL-CA0242015H4[2019-10-03].gz,H4
Exports,500600,COMTRADE-FINAL-CA0242015H4[2019-10-03].gz,H4
Exports,530929,COMTRADE-FINAL-CA0242015H4[2019-10-03].gz,H4
Exports,551419,COMTRADE-FINAL-CA0242015H4[2019-10-03].gz,H4
Exports,551519,COMTRADE-FINAL-CA0242015H4[2019-10-03].gz,H4
Exports,600634,COMTRADE-FINAL-CA0242015H4[2019-10-03].gz,H4
Exports,681320,COMTRADE-FINAL-CA0242015H4[2019-10-03].gz,H4
Exports,721510,COMTRADE-FINAL-CA0242015H4[2019-10-03].gz,H4
Exports,722880,COMTRADE-FINAL-CA0242015H4[2019-10-03].gz,H4
Exports,730511,COMTRADE-FINAL-CA0242015H4[2019-10-03].gz,H4
Exports,750511,COMTRADE-FINAL-CA0242015H4[2019-10-03].gz,H4
Exports,810390,COMTRADE-FINAL-CA0242015H4[2019-10-03].gz,H4
Exports,840120,COMTRADE-FINAL-CA0242015H4[2019-10-03].gz,H4
Exports,840220,COMTRADE-FINAL-CA0242015H4[2019-10-03].gz,H4
Exports,841012,COMTRADE-FINAL-CA0242015H4[2019-10-03].gz,H4
Exports,842832,COMTRADE-FINAL-CA0242015H4[2019-10-03].gz,H4
Exports,844831,COMTRADE-FINAL-CA0242015H4[2019-10-03].gz,H4
Exports,845510,COMTRADE-FINAL-CA0242015H4[2019-10-03].gz,H4
Exports,846021,COMTRADE-FINAL-CA0242015H4[2019-10-03].gz,H4
Exports,846031,COMTRADE-FINAL-CA0242015H4[2019-10-03].gz,H4
Exports,848610,COMTRADE-FINAL-CA0242015H4[2019-10-03].gz,H4
Exports,853223,COMTRADE-FINAL-CA0242015H4[2019-10-03].gz,H4
Exports,853331,COMTRADE-FINAL-CA0242015H4[2019-10-03].gz,H4
Exports,860400,COMTRADE-FINAL-CA0242015H4[2019-10-03].gz,H4
Exports,911220,COMTRADE-FINAL-CA0242015H4[2019-10-03].gz,H4
Exports,960920,COMTRADE-FINAL-CA0242015H4[2019-10-03].gz,H4
Imports,010515,COMTRADE-FINAL-CA0242015H4[2019-10-03].gz,H4
Imports,071334,COMTRADE-FINAL-CA0242015H4[2019-10-03].gz,H4
Imports,071450,COMTRADE-FINAL-CA0242015H4[2019-10-03].gz,H4
Imports,080270,COMTRADE-FINAL-CA0242015H4[2019-10-03].gz,H4
Exports,020321,COMTRADE-FINAL-CA0242016H4[2019-10-03].gz,H4
Exports,020641,COMTRADE-FINAL-CA0242016H4[2019-10-03].gz,H4
Exports,030244,COMTRADE-FINAL-CA0242016H4[2019-10-03].gz,H4
Exports,030282,COMTRADE-FINAL-CA0242016H4[2019-10-03].gz,H4
Exports,030473,COMTRADE-FINAL-CA0242016H4[2019-10-03].gz,H4
Exports,050790,COMTRADE-FINAL-CA0242016H4[2019-10-03].gz,H4
Exports,060315,COMTRADE-FINAL-CA0242016H4[2019-10-03].gz,H4
Exports,060319,COMTRADE-FINAL-CA0242016H4[2019-10-03].gz,H4
Exports,090710,COMTRADE-FINAL-CA0242016H4[2019-10-03].gz,H4
Exports,160529,COMTRADE-FINAL-CA0242016H4[2019-10-03].gz,H4
Exports,160554,COMTRADE-FINAL-CA0242016H4[2019-10-03].gz,H4
Exports,284210,COMTRADE-FINAL-CA0242016H4[2019-10-03].gz,H4
Exports,284990,COMTRADE-FINAL-CA0242016H4[2019-10-03].gz,H4
Exports,290513,COMTRADE-FINAL-CA0242016H4[2019-10-03].gz,H4
Exports,291739,COMTRADE-FINAL-CA0242016H4[2019-10-03].gz,H4
Exports,291990,COMTRADE-FINAL-CA0242016H4[2019-10-03].gz,H4
Exports,293911,COMTRADE-FINAL-CA0242016H4[2019-10-03].gz,H4
Exports,460121,COMTRADE-FINAL-CA0242016H4[2019-10-03].gz,H4
Exports,460194,COMTRADE-FINAL-CA0242016H4[2019-10-03].gz,H4
Exports,521149,COMTRADE-FINAL-CA0242016H4[2019-10-03].gz,H4
Exports,530129,COMTRADE-FINAL-CA0242016H4[2019-10-03].gz,H4
Exports,530620,COMTRADE-FINAL-CA0242016H4[2019-10-03].gz,H4
Exports,540219,COMTRADE-FINAL-CA0242016H4[2019-10-03].gz,H4
Exports,540261,COMTRADE-FINAL-CA0242016H4[2019-10-03].gz,H4
Exports,540600,COMTRADE-FINAL-CA0242016H4[2019-10-03].gz,H4
Exports,550140,COMTRADE-FINAL-CA0242016H4[2019-10-03].gz,H4
Exports,581100,COMTRADE-FINAL-CA0242016H4[2019-10-03].gz,H4
Exports,600644,COMTRADE-FINAL-CA0242016H4[2019-10-03].gz,H4
Exports,681181,COMTRADE-FINAL-CA0242016H4[2019-10-03].gz,H4
Exports,721921,COMTRADE-FINAL-CA0242016H4[2019-10-03].gz,H4
Exports,721924,COMTRADE-FINAL-CA0242016H4[2019-10-03].gz,H4
Exports,722850,COMTRADE-FINAL-CA0242016H4[2019-10-03].gz,H4
Exports,780411,COMTRADE-FINAL-CA0242016H4[2019-10-03].gz,H4
Exports,820150,COMTRADE-FINAL-CA0242016H4[2019-10-03].gz,H4
Exports,854040,COMTRADE-FINAL-CA0242016H4[2019-10-03].gz,H4
Exports,854710,COMTRADE-FINAL-CA0242016H4[2019-10-03].gz,H4
Exports,880100,COMTRADE-FINAL-CA0242016H4[2019-10-03].gz,H4
Exports,920810,COMTRADE-FINAL-CA0242016H4[2019-10-03].gz,H4
Imports,290375,COMTRADE-FINAL-CA0242016H4[2019-10-03].gz,H4
Exports,010513,COMTRADE-FINAL-CA0242017H4[2019-10-03].gz,H4
Exports,020742,COMTRADE-FINAL-CA0242017H4[2019-10-03].gz,H4
Exports,090811,COMTRADE-FINAL-CA0242017H4[2019-10-03].gz,H4
Exports,090812,COMTRADE-FINAL-CA0242017H4[2019-10-03].gz,H4
Exports,120590,COMTRADE-FINAL-CA0242017H4[2019-10-03].gz,H4
Exports,282751,COMTRADE-FINAL-CA0242017H4[2019-10-03].gz,H4
Exports,284430,COMTRADE-FINAL-CA0242017H4[2019-10-03].gz,H4
Exports,290339,COMTRADE-FINAL-CA0242017H4[2019-10-03].gz,H4
Exports,291413,COMTRADE-FINAL-CA0242017H4[2019-10-03].gz,H4
Exports,291612,COMTRADE-FINAL-CA0242017H4[2019-10-03].gz,H4
Exports,390530,COMTRADE-FINAL-CA0242017H4[2019-10-03].gz,H4
Exports,392094,COMTRADE-FINAL-CA0242017H4[2019-10-03].gz,H4
Exports,400259,COMTRADE-FINAL-CA0242017H4[2019-10-03].gz,H4
Exports,400270,COMTRADE-FINAL-CA0242017H4[2019-10-03].gz,H4
Exports,401035,COMTRADE-FINAL-CA0242017H4[2019-10-03].gz,H4
Exports,511000,COMTRADE-FINAL-CA0242017H4[2019-10-03].gz,H4
Exports,521051,COMTRADE-FINAL-CA0242017H4[2019-10-03].gz,H4
Exports,591140,COMTRADE-FINAL-CA0242017H4[2019-10-03].gz,H4
Exports,681291,COMTRADE-FINAL-CA0242017H4[2019-10-03].gz,H4
Exports,681410,COMTRADE-FINAL-CA0242017H4[2019-10-03].gz,H4
Exports,720825,COMTRADE-FINAL-CA0242017H4[2019-10-03].gz,H4
Exports,720927,COMTRADE-FINAL-CA0242017H4[2019-10-03].gz,H4
Exports,722511,COMTRADE-FINAL-CA0242017H4[2019-10-03].gz,H4
Exports,810490,COMTRADE-FINAL-CA0242017H4[2019-10-03].gz,H4
Exports,843353,COMTRADE-FINAL-CA0242017H4[2019-10-03].gz,H4
Exports,844512,COMTRADE-FINAL-CA0242017H4[2019-10-03].gz,H4
Exports,847521,COMTRADE-FINAL-CA0242017H4[2019-10-03].gz,H4
Imports,030472,COMTRADE-FINAL-CA0242017H4[2019-10-03].gz,H4
Imports,291616,COMTRADE-FINAL-CA0242017H4[2019-10-03].gz,H4
Imports,810294,COMTRADE-FINAL-CA0242017H4[2019-10-03].gz,H4
Exports,010391,COMTRADE-FINAL-CA0242018H5[2023-03-23].gz,H5
Exports,010614,COMTRADE-FINAL-CA0242018H5[2023-03-23].gz,H5
Exports,020810,COMTRADE-FINAL-CA0242018H5[2023-03-23].gz,H5
Exports,100290,COMTRADE-FINAL-CA0242018H5[2023-03-23].gz,H5
Exports,100829,COMTRADE-FINAL-CA0242018H5[2023-03-23].gz,H5
Exports,140110,COMTRADE-FINAL-CA0242018H5[2023-03-23].gz,H5
Exports,151511,COMTRADE-FINAL-CA0242018H5[2023-03-23].gz,H5
Exports,283522,COMTRADE-FINAL-CA0242018H5[2023-03-23].gz,H5
Exports,284310,COMTRADE-FINAL-CA0242018H5[2023-03-23].gz,H5
Exports,290713,COMTRADE-FINAL-CA0242018H5[2023-03-23].gz,H5
Exports,291513,COMTRADE-FINAL-CA0242018H5[2023-03-23].gz,H5
Exports,291524,COMTRADE-FINAL-CA0242018H5[2023-03-23].gz,H5
Exports,292529,COMTRADE-FINAL-CA0242018H5[2023-03-23].gz,H5
Exports,292640,COMTRADE-FINAL-CA0242018H5[2023-03-23].gz,H5
Exports,381239,COMTRADE-FINAL-CA0242018H5[2023-03-23].gz,H5
Exports,401170,COMTRADE-FINAL-CA0242018H5[2023-03-23].gz,H5
Exports,441210,COMTRADE-FINAL-CA0242018H5[2023-03-23].gz,H5
Exports,530500,COMTRADE-FINAL-CA0242018H5[2023-03-23].gz,H5
Exports,530720,COMTRADE-FINAL-CA0242018H5[2023-03-23].gz,H5
Exports,550311,COMTRADE-FINAL-CA0242018H5[2023-03-23].gz,H5
Exports,550999,COMTRADE-FINAL-CA0242018H5[2023-03-23].gz,H5
Exports,721933,COMTRADE-FINAL-CA0242018H5[2023-03-23].gz,H5
Exports,750110,COMTRADE-FINAL-CA0242018H5[2023-03-23].gz,H5
Exports,750712,COMTRADE-FINAL-CA0242018H5[2023-03-23].gz,H5
Exports,800120,COMTRADE-FINAL-CA0242018H5[2023-03-23].gz,H5
Exports,811229,COMTRADE-FINAL-CA0242018H5[2023-03-23].gz,H5
Exports,845941,COMTRADE-FINAL-CA0242018H5[2023-03-23].gz,H5
Exports,846012,COMTRADE-FINAL-CA0242018H5[2023-03-23].gz,H5
Exports,851950,COMTRADE-FINAL-CA0242018H5[2023-03-23].gz,H5
Exports,854071,COMTRADE-FINAL-CA0242018H5[2023-03-23].gz,H5
Exports,890610,COMTRADE-FINAL-CA0242018H5[2023-03-23].gz,H5
Imports,030249,COMTRADE-FINAL-CA0242018H5[2023-03-23].gz,H5
Imports,030553,COMTRADE-FINAL-CA0242018H5[2023-03-23].gz,H5
Imports,030787,COMTRADE-FINAL-CA0242018H5[2023-03-23].gz,H5
Imports,160557,COMTRADE-FINAL-CA0242018H5[2023-03-23].gz,H5
Imports,293294,COMTRADE-FINAL-CA0242018H5[2023-03-23].gz,H5
Imports,300360,COMTRADE-FINAL-CA0242018H5[2023-03-23].gz,H5
Imports,550640,COMTRADE-FINAL-CA0242018H5[2023-03-23].gz,H5
Exports,071233,COMTRADE-FINAL-CA0242019H5[2023-06-02].gz,H5
Exports,071430,COMTRADE-FINAL-CA0242019H5[2023-06-02].gz,H5
Exports,080121,COMTRADE-FINAL-CA0242019H5[2023-06-02].gz,H5
Exports,080131,COMTRADE-FINAL-CA0242019H5[2023-06-02].gz,H5
Exports,081060,COMTRADE-FINAL-CA0242019H5[2023-06-02].gz,H5
Exports,090720,COMTRADE-FINAL-CA0242019H5[2023-06-02].gz,H5
Exports,090831,COMTRADE-FINAL-CA0242019H5[2023-06-02].gz,H5
Exports,100111,COMTRADE-FINAL-CA0242019H5[2023-06-02].gz,H5
Exports,100210,COMTRADE-FINAL-CA0242019H5[2023-06-02].gz,H5
Exports,100390,COMTRADE-FINAL-CA0242019H5[2023-06-02].gz,H5
Exports,100710,COMTRADE-FINAL-CA0242019H5[2023-06-02].gz,H5
Exports,100790,COMTRADE-FINAL-CA0242019H5[2023-06-02].gz,H5
Exports,100810,COMTRADE-FINAL-CA0242019H5[2023-06-02].gz,H5
Exports,110430,COMTRADE-FINAL-CA0242019H5[2023-06-02].gz,H5
Exports,110814,COMTRADE-FINAL-CA0242019H5[2023-06-02].gz,H5
Exports,110900,COMTRADE-FINAL-CA0242019H5[2023-06-02].gz,H5
Exports,120110,COMTRADE-FINAL-CA0242019H5[2023-06-02].gz,H5
Exports,121293,COMTRADE-FINAL-CA0242019H5[2023-06-02].gz,H5
Exports,150190,COMTRADE-FINAL-CA0242019H5[2023-06-02].gz,H5
Exports,151311,COMTRADE-FINAL-CA0242019H5[2023-06-02].gz,H5
Exports,230649,COMTRADE-FINAL-CA0242019H5[2023-06-02].gz,H5
Exports,280530,COMTRADE-FINAL-CA0242019H5[2023-06-02].gz,H5
Exports,290371,COMTRADE-FINAL-CA0242019H5[2023-06-02].gz,H5
Exports,290541,COMTRADE-FINAL-CA0242019H5[2023-06-02].gz,H5
Exports,290911,COMTRADE-FINAL-CA0242019H5[2023-06-02].gz,H5
Exports,293139,COMTRADE-FINAL-CA0242019H5[2023-06-02].gz,H5
Exports,300213,COMTRADE-FINAL-CA0242019H5[2023-06-02].gz,H5
Exports,300219,COMTRADE-FINAL-CA0242019H5[2023-06-02].gz,H5
Exports,300460,COMTRADE-FINAL-CA0242019H5[2023-06-02].gz,H5
Exports,380859,COMTRADE-FINAL-CA0242019H5[2023-06-02].gz,H5
Exports,380869,COMTRADE-FINAL-CA0242019H5[2023-06-02].gz,H5
Exports,382491,COMTRADE-FINAL-CA0242019H5[2023-06-02].gz,H5
Exports,392079,COMTRADE-FINAL-CA0242019H5[2023-06-02].gz,H5
Exports,441874,COMTRADE-FINAL-CA0242019H5[2023-06-02].gz,H5
Exports,442191,COMTRADE-FINAL-CA0242019H5[2023-06-02].gz,H5
Exports,460192,COMTRADE-FINAL-CA0242019H5[2023-06-02].gz,H5
Exports,530110,COMTRADE-FINAL-CA0242019H5[2023-06-02].gz,H5
Exports,530390,COMTRADE-FINAL-CA0242019H5[2023-06-02].gz,H5
Exports,540743,COMTRADE-FINAL-CA0242019H5[2023-06-02].gz,H5
Exports,550120,COMTRADE-FINAL-CA0242019H5[2023-06-02].gz,H5
Exports,550959,COMTRADE-FINAL-CA0242019H5[2023-06-02].gz,H5
Exports,551291,COMTRADE-FINAL-CA0242019H5[2023-06-02].gz,H5
Exports,551313,COMTRADE-FINAL-CA0242019H5[2023-06-02].gz,H5
Exports,600390,COMTRADE-FINAL-CA0242019H5[2023-06-02].gz,H5
Exports,600524,COMTRADE-FINAL-CA0242019H5[2023-06-02].gz,H5
Exports,750711,COMTRADE-FINAL-CA0242019H5[2023-06-02].gz,H5
Exports,811212,COMTRADE-FINAL-CA0242019H5[2023-06-02].gz,H5
Exports,811219,COMTRADE-FINAL-CA0242019H5[2023-06-02].gz,H5
Exports,846024,COMTRADE-FINAL-CA0242019H5[2023-06-02].gz,H5
Exports,880521,COMTRADE-FINAL-CA0242019H5[2023-06-02].gz,H5
Exports,910820,COMTRADE-FINAL-CA0242019H5[2023-06-02].gz,H5
Exports,940152,COMTRADE-FINAL-CA0242019H5[2023-06-02].gz,H5
Exports,940153,COMTRADE-FINAL-CA0242019H5[2023-06-02].gz,H5
Exports,940382,COMTRADE-FINAL-CA0242019H5[2023-06-02].gz,H5
Imports,281211,COMTRADE-FINAL-CA0242019H5[2023-06-02].gz,H5
Imports,540253,COMTRADE-FINAL-CA0242019H5[2023-06-02].gz,H5
Exports,020760,COMTRADE-FINAL-CA0242020H5[2023-12-12].gz,H5
Exports,030579,COMTRADE-FINAL-CA0242020H5[2023-12-12].gz,H5
Exports,050210,COMTRADE-FINAL-CA0242020H5[2023-12-12].gz,H5
Exports,080112,COMTRADE-FINAL-CA0242020H5[2023-12-12].gz,H5
Exports,080122,COMTRADE-FINAL-CA0242020H5[2023-12-12].gz,H5
Exports,080261,COMTRADE-FINAL-CA0242020H5[2023-12-12].gz,H5
Exports,080262,COMTRADE-FINAL-CA0242020H5[2023-12-12].gz,H5
Exports,121221,COMTRADE-FINAL-CA0242020H5[2023-12-12].gz,H5
Exports,290323,COMTRADE-FINAL-CA0242020H5[2023-12-12].gz,H5
Exports,290331,COMTRADE-FINAL-CA0242020H5[2023-12-12].gz,H5
Exports,290619,COMTRADE-FINAL-CA0242020H5[2023-12-12].gz,H5
Exports,292129,COMTRADE-FINAL-CA0242020H5[2023-12-12].gz,H5
Exports,300349,COMTRADE-FINAL-CA0242020H5[2023-12-12].gz,H5
Exports,441891,COMTRADE-FINAL-CA0242020H5[2023-12-12].gz,H5
Exports,550340,COMTRADE-FINAL-CA0242020H5[2023-12-12].gz,H5
Exports,551642,COMTRADE-FINAL-CA0242020H5[2023-12-12].gz,H5
Exports,600129,COMTRADE-FINAL-CA0242020H5[2023-12-12].gz,H5
Exports,710420,COMTRADE-FINAL-CA0242020H5[2023-12-12].gz,H5
Exports,721061,COMTRADE-FINAL-CA0242020H5[2023-12-12].gz,H5
Exports,740911,COMTRADE-FINAL-CA0242020H5[2023-12-12].gz,H5
Exports,750620,COMTRADE-FINAL-CA0242020H5[2023-12-12].gz,H5
Exports,842441,COMTRADE-FINAL-CA0242020H5[2023-12-12].gz,H5
Exports,845640,COMTRADE-FINAL-CA0242020H5[2023-12-12].gz,H5
Exports,845650,COMTRADE-FINAL-CA0242020H5[2023-12-12].gz,H5
Exports,846023,COMTRADE-FINAL-CA0242020H5[2023-12-12].gz,H5
Exports,846320,COMTRADE-FINAL-CA0242020H5[2023-12-12].gz,H5
Imports,290431,COMTRADE-FINAL-CA0242020H5[2023-12-12].gz,H5
Imports,293070,COMTRADE-FINAL-CA0242020H5[2023-12-12].gz,H5
Exports,010649,COMTRADE-FINAL-CA0242021H5[2023-12-12].gz,H5
Exports,120300,COMTRADE-FINAL-CA0242021H5[2023-12-12].gz,H5
Exports,252800,COMTRADE-FINAL-CA0242021H5[2023-12-12].gz,H5
Exports,282732,COMTRADE-FINAL-CA0242021H5[2023-12-12].gz,H5
Exports,284150,COMTRADE-FINAL-CA0242021H5[2023-12-12].gz,H5
Exports,381512,COMTRADE-FINAL-CA0242021H5[2023-12-12].gz,H5
Exports,390939,COMTRADE-FINAL-CA0242021H5[2023-12-12].gz,H5
Exports,391310,COMTRADE-FINAL-CA0242021H5[2023-12-12].gz,H5
Exports,441912,COMTRADE-FINAL-CA0242021H5[2023-12-12].gz,H5
Exports,460122,COMTRADE-FINAL-CA0242021H5[2023-12-12].gz,H5
Exports,520532,COMTRADE-FINAL-CA0242021H5[2023-12-12].gz,H5
Exports,520542,COMTRADE-FINAL-CA0242021H5[2023-12-12].gz,H5
Exports,521221,COMTRADE-FINAL-CA0242021H5[2023-12-12].gz,H5
Exports,550110,COMTRADE-FINAL-CA0242021H5[2023-12-12].gz,H5
Exports,551339,COMTRADE-FINAL-CA0242021H5[2023-12-12].gz,H5
Exports,600310,COMTRADE-FINAL-CA0242021H5[2023-12-12].gz,H5
Exports,701120,COMTRADE-FINAL-CA0242021H5[2023-12-12].gz,H5
Exports,740313,COMTRADE-FINAL-CA0242021H5[2023-12-12].gz,H5
Exports,846022,COMTRADE-FINAL-CA0242021H5[2023-12-12].gz,H5
Exports,852210,COMTRADE-FINAL-CA0242021H5[2023-12-12].gz,H5
Exports,854079,COMTRADE-FINAL-CA0242021H5[2023-12-12].gz,H5
Exports,940383,COMTRADE-FINAL-CA0242021H5[2023-12-12].gz,H5
Imports,030552,COMTRADE-FINAL-CA0242021H5[2023-12-12].gz,H5
Imports,290491,COMTRADE-FINAL-CA0242021H5[2023-12-12].gz,H5
Imports,293138,COMTRADE-FINAL-CA0242021H5[2023-12-12].gz,H5
Exports,010231,COMTRADE-FINAL-CA0242022H5[2023-12-12].gz,H5
Exports,020441,COMTRADE-FINAL-CA0242022H5[2023-12-12].gz,H5
Exports,030699,COMTRADE-FINAL-CA0242022H5[2023-12-12].gz,H5
Exports,080221,COMTRADE-FINAL-CA0242022H5[2023-12-12].gz,H5
Exports,290329,COMTRADE-FINAL-CA0242022H5[2023-12-12].gz,H5
Exports,290729,COMTRADE-FINAL-CA0242022H5[2023-12-12].gz,H5
Exports,291229,COMTRADE-FINAL-CA0242022H5[2023-12-12].gz,H5
Exports,291419,COMTRADE-FINAL-CA0242022H5[2023-12-12].gz,H5
Exports,293219,COMTRADE-FINAL-CA0242022H5[2023-12-12].gz,H5
Exports,300211,COMTRADE-FINAL-CA0242022H5[2023-12-12].gz,H5
Exports,500500,COMTRADE-FINAL-CA0242022H5[2023-12-12].gz,H5
Exports,520952,COMTRADE-FINAL-CA0242022H5[2023-12-12].gz,H5
Exports,550953,COMTRADE-FINAL-CA0242022H5[2023-12-12].gz,H5
Exports,551693,COMTRADE-FINAL-CA0242022H5[2023-12-12].gz,H5
Exports,600121,COMTRADE-FINAL-CA0242022H5[2023-12-12].gz,H5
Exports,600539,COMTRADE-FINAL-CA0242022H5[2023-12-12].gz,H5
Exports,600643,COMTRADE-FINAL-CA0242022H5[2023-12-12].gz,H5
Exports,681293,COMTRADE-FINAL-CA0242022H5[2023-12-12].gz,H5
Exports,740919,COMTRADE-FINAL-CA0242022H5[2023-12-12].gz,H5
Exports,811299,COMTRADE-FINAL-CA0242022H5[2023-12-12].gz,H5
Exports,844842,COMTRADE-FINAL-CA0242022H5[2023-12-12].gz,H5
Imports,291462,COMTRADE-FINAL-CA0242022H5[2023-12-12].gz,H5
Exports,020840,COMTRADE-FINAL-CA0242023H5[2024-11-06].gz,H5
Exports,021092,COMTRADE-FINAL-CA0242023H5[2024-11-06].gz,H5
Exports,071334,COMTRADE-FINAL-CA0242023H5[2024-11-06].gz,H5
Exports,080270,COMTRADE-FINAL-CA0242023H5[2024-11-06].gz,H5
Exports,100860,COMTRADE-FINAL-CA0242023H5[2024-11-06].gz,H5
Exports,110720,COMTRADE-FINAL-CA0242023H5[2024-11-06].gz,H5
Exports,160552,COMTRADE-FINAL-CA0242023H5[2024-11-06].gz,H5
Exports,261220,COMTRADE-FINAL-CA0242023H5[2024-11-06].gz,H5
Exports,281213,COMTRADE-FINAL-CA0242023H5[2024-11-06].gz,H5
Exports,282749,COMTRADE-FINAL-CA0242023H5[2024-11-06].gz,H5
Exports,284011,COMTRADE-FINAL-CA0242023H5[2024-11-06].gz,H5
Exports,285290,COMTRADE-FINAL-CA0242023H5[2024-11-06].gz,H5
Exports,291211,COMTRADE-FINAL-CA0242023H5[2024-11-06].gz,H5
Exports,292211,COMTRADE-FINAL-CA0242023H5[2024-11-06].gz,H5
Exports,310311,COMTRADE-FINAL-CA0242023H5[2024-11-06].gz,H5
Exports,380510,COMTRADE-FINAL-CA0242023H5[2024-11-06].gz,H5
Exports,380861,COMTRADE-FINAL-CA0242023H5[2024-11-06].gz,H5
Exports,500710,COMTRADE-FINAL-CA0242023H5[2024-11-06].gz,H5
Exports,510539,COMTRADE-FINAL-CA0242023H5[2024-11-06].gz,H5
Exports,520522,COMTRADE-FINAL-CA0242023H5[2024-11-06].gz,H5
Exports,540211,COMTRADE-FINAL-CA0242023H5[2024-11-06].gz,H5
Exports,540251,COMTRADE-FINAL-CA0242023H5[2024-11-06].gz,H5
Exports,540269,COMTRADE-FINAL-CA0242023H5[2024-11-06].gz,H5
Exports,600633,COMTRADE-FINAL-CA0242023H5[2024-11-06].gz,H5
Exports,681140,COMTRADE-FINAL-CA0242023H5[2024-11-06].gz,H5
Exports,721050,COMTRADE-FINAL-CA0242023H5[2024-11-06].gz,H5
Exports,721114,COMTRADE-FINAL-CA0242023H5[2024-11-06].gz,H5
Exports,722710,COMTRADE-FINAL-CA0242023H5[2024-11-06].gz,H5
Exports,810196,COMTRADE-FINAL-CA0242023H5[2024-11-06].gz,H5
Exports,860390,COMTRADE-FINAL-CA0242023H5[2024-11-06].gz,H5
Exports,860712,COMTRADE-FINAL-CA0242023H5[2024-11-06].gz,H5
Exports,880260,COMTRADE-FINAL-CA0242023H5[2024-11-06].gz,H5
Imports,281216,COMTRADE-FINAL-CA0242023H5[2024-11-06].gz,H5
Imports,290432,COMTRADE-FINAL-CA0242023H5[2024-11-06].gz,H5
Imports,292340,COMTRADE-FINAL-CA0242023H5[2024-11-06].gz,H5
Exports,010392,COMTRADE-FINAL-CA0242024H6[2025-09-30].gz,H6
Exports,010620,COMTRADE-FINAL-CA0242024H6[2025-09-30].gz,H6
Exports,020744,COMTRADE-FINAL-CA0242024H6[2025-09-30].gz,H6
Exports,021091,COMTRADE-FINAL-CA0242024H6[2025-09-30].gz,H6
Exports,030271,COMTRADE-FINAL-CA0242024H6[2025-09-30].gz,H6
Exports,030272,COMTRADE-FINAL-CA0242024H6[2025-09-30].gz,H6
Exports,030354,COMTRADE-FINAL-CA0242024H6[2025-09-30].gz,H6
Exports,030355,COMTRADE-FINAL-CA0242024H6[2025-09-30].gz,H6
Exports,030357,COMTRADE-FINAL-CA0242024H6[2025-09-30].gz,H6
Exports,030363,COMTRADE-FINAL-CA0242024H6[2025-09-30].gz,H6
Exports,030383,COMTRADE-FINAL-CA0242024H6[2025-09-30].gz,H6
Exports,030446,COMTRADE-FINAL-CA0242024H6[2025-09-30].gz,H6
Exports,030451,COMTRADE-FINAL-CA0242024H6[2025-09-30].gz,H6
Exports,030452,COMTRADE-FINAL-CA0242024H6[2025-09-30].gz,H6
Exports,030462,COMTRADE-FINAL-CA0242024H6[2025-09-30].gz,H6
Exports,030469,COMTRADE-FINAL-CA0242024H6[2025-09-30].gz,H6
Exports,030474,COMTRADE-FINAL-CA0242024H6[2025-09-30].gz,H6
Exports,030479,COMTRADE-FINAL-CA0242024H6[2025-09-30].gz,H6
Exports,030531,COMTRADE-FINAL-CA0242024H6[2025-09-30].gz,H6
Exports,030544,COMTRADE-FINAL-CA0242024H6[2025-09-30].gz,H6
Exports,030552,COMTRADE-FINAL-CA0242024H6[2025-09-30].gz,H6
Exports,030553,COMTRADE-FINAL-CA0242024H6[2025-09-30].gz,H6
Exports,030561,COMTRADE-FINAL-CA0242024H6[2025-09-30].gz,H6
Exports,030562,COMTRADE-FINAL-CA0242024H6[2025-09-30].gz,H6
Exports,030694,COMTRADE-FINAL-CA0242024H6[2025-09-30].gz,H6
Exports,030695,COMTRADE-FINAL-CA0242024H6[2025-09-30].gz,H6
Exports,030712,COMTRADE-FINAL-CA0242024H6[2025-09-30].gz,H6
Exports,030890,COMTRADE-FINAL-CA0242024H6[2025-09-30].gz,H6
Exports,030910,COMTRADE-FINAL-CA0242024H6[2025-09-30].gz,H6
Exports,030990,COMTRADE-FINAL-CA0242024H6[2025-09-30].gz,H6
Exports,040320,COMTRADE-FINAL-CA0242024H6[2025-09-30].gz,H6
Exports,041010,COMTRADE-FINAL-CA0242024H6[2025-09-30].gz,H6
Exports,070521,COMTRADE-FINAL-CA0242024H6[2025-09-30].gz,H6
Exports,071440,COMTRADE-FINAL-CA0242024H6[2025-09-30].gz,H6
Exports,080299,COMTRADE-FINAL-CA0242024H6[2025-09-30].gz,H6
Exports,100850,COMTRADE-FINAL-CA0242024H6[2025-09-30].gz,H6
Exports,140420,COMTRADE-FINAL-CA0242024H6[2025-09-30].gz,H6
Exports,151321,COMTRADE-FINAL-CA0242024H6[2025-09-30].gz,H6
Exports,230320,COMTRADE-FINAL-CA0242024H6[2025-09-30].gz,H6
Exports,230330,COMTRADE-FINAL-CA0242024H6[2025-09-30].gz,H6
Exports,281212,COMTRADE-FINAL-CA0242024H6[2025-09-30].gz,H6
Exports,283911,COMTRADE-FINAL-CA0242024H6[2025-09-30].gz,H6
Exports,284441,COMTRADE-FINAL-CA0242024H6[2025-09-30].gz,H6
Exports,284443,COMTRADE-FINAL-CA0242024H6[2025-09-30].gz,H6
Exports,291632,COMTRADE-FINAL-CA0242024H6[2025-09-30].gz,H6
Exports,293628,COMTRADE-FINAL-CA0242024H6[2025-09-30].gz,H6
Exports,293723,COMTRADE-FINAL-CA0242024H6[2025-09-30].gz,H6
Exports,340231,COMTRADE-FINAL-CA0242024H6[2025-09-30].gz,H6
Exports,340239,COMTRADE-FINAL-CA0242024H6[2025-09-30].gz,H6
Exports,340242,COMTRADE-FINAL-CA0242024H6[2025-09-30].gz,H6
Exports,340249,COMTRADE-FINAL-CA0242024H6[2025-09-30].gz,H6
Exports,360320,COMTRADE-FINAL-CA0242024H6[2025-09-30].gz,H6
Exports,381511,COMTRADE-FINAL-CA0242024H6[2025-09-30].gz,H6
Exports,382211,COMTRADE-FINAL-CA0242024H6[2025-09-30].gz,H6
Exports,382761,COMTRADE-FINAL-CA0242024H6[2025-09-30].gz,H6
Exports,390729,COMTRADE-FINAL-CA0242024H6[2025-09-30].gz,H6
Exports,391120,COMTRADE-FINAL-CA0242024H6[2025-09-30].gz,H6
Exports,391212,COMTRADE-FINAL-CA0242024H6[2025-09-30].gz,H6
Exports,401512,COMTRADE-FINAL-CA0242024H6[2025-09-30].gz,H6
Exports,440398,COMTRADE-FINAL-CA0242024H6[2025-09-30].gz,H6
Exports,440727,COMTRADE-FINAL-CA0242024H6[2025-09-30].gz,H6
Exports,441410,COMTRADE-FINAL-CA0242024H6[2025-09-30].gz,H6
Exports,441889,COMTRADE-FINAL-CA0242024H6[2025-09-30].gz,H6
Exports,441920,COMTRADE-FINAL-CA0242024H6[2025-09-30].gz,H6
Exports,442011,COMTRADE-FINAL-CA0242024H6[2025-09-30].gz,H6
Exports,470610,COMTRADE-FINAL-CA0242024H6[2025-09-30].gz,H6
Exports,521029,COMTRADE-FINAL-CA0242024H6[2025-09-30].gz,H6
Exports,551020,COMTRADE-FINAL-CA0242024H6[2025-09-30].gz,H6
Exports,570331,COMTRADE-FINAL-CA0242024H6[2025-09-30].gz,H6
Exports,570339,COMTRADE-FINAL-CA0242024H6[2025-09-30].gz,H6
Exports,701913,COMTRADE-FINAL-CA0242024H6[2025-09-30].gz,H6
Exports,722540,COMTRADE-FINAL-CA0242024H6[2025-09-30].gz,H6
Exports,811100,COMTRADE-FINAL-CA0242024H6[2025-09-30].gz,H6
Exports,845612,COMTRADE-FINAL-CA0242024H6[2025-09-30].gz,H6
Exports,845949,COMTRADE-FINAL-CA0242024H6[2025-09-30].gz,H6
Exports,846224,COMTRADE-FINAL-CA0242024H6[2025-09-30].gz,H6
Exports,846261,COMTRADE-FINAL-CA0242024H6[2025-09-30].gz,H6
Exports,851771,COMTRADE-FINAL-CA0242024H6[2025-09-30].gz,H6
Exports,854149,COMTRADE-FINAL-CA0242024H6[2025-09-30].gz,H6
Exports,854911,COMTRADE-FINAL-CA0242024H6[2025-09-30].gz,H6
Exports,854939,COMTRADE-FINAL-CA0242024H6[2025-09-30].gz,H6
Exports,870441,COMTRADE-FINAL-CA0242024H6[2025-09-30].gz,H6
Exports,870442,COMTRADE-FINAL-CA0242024H6[2025-09-30].gz,H6
Exports,870443,COMTRADE-FINAL-CA0242024H6[2025-09-30].gz,H6
Exports,870822,COMTRADE-FINAL-CA0242024H6[2025-09-30].gz,H6
Exports,880624,COMTRADE-FINAL-CA0242024H6[2025-09-30].gz,H6
Exports,880699,COMTRADE-FINAL-CA0242024H6[2025-09-30].gz,H6
Exports,880790,COMTRADE-FINAL-CA0242024H6[2025-09-30].gz,H6
Exports,890311,COMTRADE-FINAL-CA0242024H6[2025-09-30].gz,H6
Exports,910910,COMTRADE-FINAL-CA0242024H6[2025-09-30].gz,H6
Exports,940191,COMTRADE-FINAL-CA0242024H6[2025-09-30].gz,H6
Exports,950823,COMTRADE-FINAL-CA0242024H6[2025-09-30].gz,H6
Exports,970122,COMTRADE-FINAL-CA0242024H6[2025-09-30].gz,H6
Exports,970192,COMTRADE-FINAL-CA0242024H6[2025-09-30].gz,H6
Exports,970529,COMTRADE-FINAL-CA0242024H6[2025-09-30].gz,H6
Imports,030990,COMTRADE-FINAL-CA0242024H6[2025-09-30].gz,H6
Imports,041010,COMTRADE-FINAL-CA0242024H6[2025-09-30].gz,H6
Imports,070953,COMTRADE-FINAL-CA0242024H6[2025-09-30].gz,H6
Imports,071234,COMTRADE-FINAL-CA0242024H6[2025-09-30].gz,H6
Imports,080291,COMTRADE-FINAL-CA0242024H6[2025-09-30].gz,H6
Imports,121160,COMTRADE-FINAL-CA0242024H6[2025-09-30].gz,H6
Imports,151010,COMTRADE-FINAL-CA0242024H6[2025-09-30].gz,H6
Imports,284441,COMTRADE-FINAL-CA0242024H6[2025-09-30].gz,H6
Imports,284444,COMTRADE-FINAL-CA0242024H6[2025-09-30].gz,H6
Imports,284540,COMTRADE-FINAL-CA0242024H6[2025-09-30].gz,H6
Imports,293060,COMTRADE-FINAL-CA0242024H6[2025-09-30].gz,H6
Imports,293159,COMTRADE-FINAL-CA0242024H6[2025-09-30].gz,H6
Imports,300259,COMTRADE-FINAL-CA0242024H6[2025-09-30].gz,H6
Imports,300693,COMTRADE-FINAL-CA0242024H6[2025-09-30].gz,H6
Imports,382211,COMTRADE-FINAL-CA0242024H6[2025-09-30].gz,H6
Imports,382212,COMTRADE-FINAL-CA0242024H6[2025-09-30].gz,H6
Imports,382487,COMTRADE-FINAL-CA0242024H6[2025-09-30].gz,H6
Imports,382731,COMTRADE-FINAL-CA0242024H6[2025-09-30].gz,H6
Imports,382740,COMTRADE-FINAL-CA0242024H6[2025-09-30].gz,H6
Imports,382751,COMTRADE-FINAL-CA0242024H6[2025-09-30].gz,H6
Imports,382764,COMTRADE-FINAL-CA0242024H6[2025-09-30].gz,H6
Imports,382768,COMTRADE-FINAL-CA0242024H6[2025-09-30].gz,H6
Imports,382790,COMTRADE-FINAL-CA0242024H6[2025-09-30].gz,H6
Imports,390721,COMTRADE-FINAL-CA0242024H6[2025-09-30].gz,H6
Imports,440398,COMTRADE-FINAL-CA0242024H6[2025-09-30].gz,H6
Imports,440723,COMTRADE-FINAL-CA0242024H6[2025-09-30].gz,H6
Imports,441811,COMTRADE-FINAL-CA0242024H6[2025-09-30].gz,H6
Imports,520624,COMTRADE-FINAL-CA0242024H6[2025-09-30].gz,H6
Imports,550119,COMTRADE-FINAL-CA0242024H6[2025-09-30].gz,H6
Imports,701913,COMTRADE-FINAL-CA0242024H6[2025-09-30].gz,H6
Imports,701963,COMTRADE-FINAL-CA0242024H6[2025-09-30].gz,H6
Imports,701964,COMTRADE-FINAL-CA0242024H6[2025-09-30].gz,H6
Imports,701971,COMTRADE-FINAL-CA0242024H6[2025-09-30].gz,H6
Imports,701973,COMTRADE-FINAL-CA0242024H6[2025-09-30].gz,H6
Imports,810610,COMTRADE-FINAL-CA0242024H6[2025-09-30].gz,H6
Imports,810991,COMTRADE-FINAL-CA0242024H6[2025-09-30].gz,H6
Imports,841470,COMTRADE-FINAL-CA0242024H6[2025-09-30].gz,H6
Imports,841934,COMTRADE-FINAL-CA0242024H6[2025-09-30].gz,H6
Imports,841935,COMTRADE-FINAL-CA0242024H6[2025-09-30].gz,H6
Imports,846219,COMTRADE-FINAL-CA0242024H6[2025-09-30].gz,H6
Imports,846224,COMTRADE-FINAL-CA0242024H6[2025-09-30].gz,H6
Imports,846225,COMTRADE-FINAL-CA0242024H6[2025-09-30].gz,H6
Imports,846233,COMTRADE-FINAL-CA0242024H6[2025-09-30].gz,H6
Imports,846242,COMTRADE-FINAL-CA0242024H6[2025-09-30].gz,H6
Imports,846263,COMTRADE-FINAL-CA0242024H6[2025-09-30].gz,H6
Imports,848580,COMTRADE-FINAL-CA0242024H6[2025-09-30].gz,H6
Imports,850180,COMTRADE-FINAL-CA0242024H6[2025-09-30].gz,H6
Imports,852412,COMTRADE-FINAL-CA0242024H6[2025-09-30].gz,H6
Imports,852582,COMTRADE-FINAL-CA0242024H6[2025-09-30].gz,H6
Imports,854911,COMTRADE-FINAL-CA0242024H6[2025-09-30].gz,H6
Imports,854931,COMTRADE-FINAL-CA0242024H6[2025-09-30].gz,H6
Imports,870129,COMTRADE-FINAL-CA0242024H6[2025-09-30].gz,H6
Imports,870443,COMTRADE-FINAL-CA0242024H6[2025-09-30].gz,H6
Imports,880623,COMTRADE-FINAL-CA0242024H6[2025-09-30].gz,H6
Imports,880624,COMTRADE-FINAL-CA0242024H6[2025-09-30].gz,H6
Imports,880629,COMTRADE-FINAL-CA0242024H6[2025-09-30].gz,H6
Imports,880691,COMTRADE-FINAL-CA0242024H6[2025-09-30].gz,H6
Imports,880694,COMTRADE-FINAL-CA0242024H6[2025-09-30].gz,H6
Imports,880710,COMTRADE-FINAL-CA0242024H6[2025-09-30].gz,H6
Imports,950830,COMTRADE-FINAL-CA0242024H6[2025-09-30].gz,H6
Imports,970192,COMTRADE-FINAL-CA0242024H6[2025-09-30].gz,H6
Imports,970521,COMTRADE-FINAL-CA0242024H6[2025-09-30].gz,H6
Exports,020732,COMTRADE-FINAL-CA0282000H1[2005-05-06].gz,H1
Exports,020733,COMTRADE-FINAL-CA0282000H1[2005-05-06].gz,H1
Exports,030264,COMTRADE-FINAL-CA0282000H1[2005-05-06].gz,H1
Exports,030541,COMTRADE-FINAL-CA0282000H1[2005-05-06].gz,H1
Exports,030542,COMTRADE-FINAL-CA0282000H1[2005-05-06].gz,H1
Exports,071110,COMTRADE-FINAL-CA0282000H1[2005-05-06].gz,H1
Exports,110312,COMTRADE-FINAL-CA0282000H1[2005-05-06].gz,H1
Exports,293610,COMTRADE-FINAL-CA0282000H1[2005-05-06].gz,H1
Exports,293710,COMTRADE-FINAL-CA0282000H1[2005-05-06].gz,H1
Exports,370520,COMTRADE-FINAL-CA0282000H1[2005-05-06].gz,H1
Exports,410140,COMTRADE-FINAL-CA0282000H1[2005-05-06].gz,H1
Exports,411000,COMTRADE-FINAL-CA0282000H1[2005-05-06].gz,H1
Exports,441219,COMTRADE-FINAL-CA0282000H1[2005-05-06].gz,H1
Exports,480510,COMTRADE-FINAL-CA0282000H1[2005-05-06].gz,H1
Exports,551311,COMTRADE-FINAL-CA0282000H1[2005-05-06].gz,H1
Exports,551312,COMTRADE-FINAL-CA0282000H1[2005-05-06].gz,H1
Exports,630621,COMTRADE-FINAL-CA0282000H1[2005-05-06].gz,H1
Exports,630631,COMTRADE-FINAL-CA0282000H1[2005-05-06].gz,H1
Exports,630639,COMTRADE-FINAL-CA0282000H1[2005-05-06].gz,H1
Exports,701932,COMTRADE-FINAL-CA0282000H1[2005-05-06].gz,H1
Exports,731920,COMTRADE-FINAL-CA0282000H1[2005-05-06].gz,H1
Exports,851931,COMTRADE-FINAL-CA0282000H1[2005-05-06].gz,H1
Exports,854060,COMTRADE-FINAL-CA0282000H1[2005-05-06].gz,H1
Exports,902111,COMTRADE-FINAL-CA0282000H1[2005-05-06].gz,H1
Imports,110421,COMTRADE-FINAL-CA0282000H1[2005-05-06].gz,H1
Imports,140290,COMTRADE-FINAL-CA0282000H1[2005-05-06].gz,H1
Imports,230810,COMTRADE-FINAL-CA0282000H1[2005-05-06].gz,H1
Imports,530591,COMTRADE-FINAL-CA0282000H1[2005-05-06].gz,H1
Exports,010593,COMTRADE-FINAL-CA0282005H1[2006-11-22].gz,H1
Exports,021090,COMTRADE-FINAL-CA0282005H1[2006-11-22].gz,H1
Exports,060240,COMTRADE-FINAL-CA0282005H1[2006-11-22].gz,H1
Exports,090820,COMTRADE-FINAL-CA0282005H1[2006-11-22].gz,H1
Exports,401021,COMTRADE-FINAL-CA0282005H1[2006-11-22].gz,H1
Exports,481630,COMTRADE-FINAL-CA0282005H1[2006-11-22].gz,H1
Exports,551411,COMTRADE-FINAL-CA0282005H1[2006-11-22].gz,H1
Exports,551412,COMTRADE-FINAL-CA0282005H1[2006-11-22].gz,H1
Exports,570410,COMTRADE-FINAL-CA0282005H1[2006-11-22].gz,H1
Exports,850920,COMTRADE-FINAL-CA0282005H1[2006-11-22].gz,H1
Imports,910891,COMTRADE-FINAL-CA0282005H1[2006-11-22].gz,H1
Exports,030240,COMTRADE-FINAL-CA0282007H1[2008-11-13].gz,H1
Exports,120730,COMTRADE-FINAL-CA0282007H1[2008-11-13].gz,H1
Exports,290519,COMTRADE-FINAL-CA0282007H1[2008-11-13].gz,H1
Exports,480910,COMTRADE-FINAL-CA0282007H1[2008-11-13].gz,H1
Exports,551221,COMTRADE-FINAL-CA0282007H1[2008-11-13].gz,H1
Exports,551332,COMTRADE-FINAL-CA0282007H1[2008-11-13].gz,H1
Exports,590491,COMTRADE-FINAL-CA0282007H1[2008-11-13].gz,H1
Imports,120792,COMTRADE-FINAL-CA0282007H1[2008-11-13].gz,H1
Exports,290319,COMTRADE-FINAL-CA0282009H1[2011-09-07].gz,H1
Exports,290345,COMTRADE-FINAL-CA0282009H1[2011-09-07].gz,H1
Exports,370255,COMTRADE-FINAL-CA0282009H1[2011-09-07].gz,H1
Exports,570252,COMTRADE-FINAL-CA0282009H1[2011-09-07].gz,H1
Exports,580211,COMTRADE-FINAL-CA0282009H1[2011-09-07].gz,H1
Exports,741532,COMTRADE-FINAL-CA0282009H1[2011-09-07].gz,H1
Exports,110230,COMTRADE-FINAL-CA0282010H1[2011-08-08].gz,H1
Exports,151540,COMTRADE-FINAL-CA0282010H1[2011-08-08].gz,H1
Exports,370210,COMTRADE-FINAL-CA0282010H1[2011-08-08].gz,H1
Exports,810193,COMTRADE-FINAL-CA0282010H1[2011-08-08].gz,H1
Exports,860630,COMTRADE-FINAL-CA0282010H1[2011-08-08].gz,H1
Exports,010519,COMTRADE-FINAL-CA0282011H1[2012-03-21].gz,H1
Exports,160242,COMTRADE-FINAL-CA0282011H1[2012-03-21].gz,H1
Exports,290343,COMTRADE-FINAL-CA0282011H1[2012-03-21].gz,H1
Exports,411100,COMTRADE-FINAL-CA0282011H1[2012-03-21].gz,H1
Exports,521129,COMTRADE-FINAL-CA0282011H1[2012-03-21].gz,H1
Exports,681230,COMTRADE-FINAL-CA0282011H1[2012-03-21].gz,H1
Exports,890600,COMTRADE-FINAL-CA0282011H1[2012-03-21].gz,H1
Exports,051000,COMTRADE-FINAL-CA0282012H1[2013-09-16].gz,H1
Exports,160412,COMTRADE-FINAL-CA0282012H1[2013-09-16].gz,H1
Exports,253040,COMTRADE-FINAL-CA0282012H1[2013-09-16].gz,H1
Exports,290342,COMTRADE-FINAL-CA0282012H1[2013-09-16].gz,H1
Exports,291411,COMTRADE-FINAL-CA0282012H1[2013-09-16].gz,H1
Exports,401023,COMTRADE-FINAL-CA0282012H1[2013-09-16].gz,H1
Exports,480251,COMTRADE-FINAL-CA0282012H1[2013-09-16].gz,H1
Exports,681240,COMTRADE-FINAL-CA0282012H1[2013-09-16].gz,H1
Imports,293970,COMTRADE-FINAL-CA0282012H1[2013-09-16].gz,H1
Exports,290346,COMTRADE-FINAL-CA0282013H3[2014-08-01].gz,H3
Exports,370252,COMTRADE-FINAL-CA0282013H3[2014-08-01].gz,H3
Exports,440722,COMTRADE-FINAL-CA0282013H3[2014-08-01].gz,H3
Exports,860721,COMTRADE-FINAL-CA0282013H3[2014-08-01].gz,H3
Exports,030351,COMTRADE-FINAL-CA0282014H3[2015-11-05].gz,H3
Exports,060313,COMTRADE-FINAL-CA0282015H3[2016-03-09].gz,H3
Exports,841931,COMTRADE-FINAL-CA0282015H3[2016-03-09].gz,H3
Exports,080260,COMTRADE-FINAL-CA0282017H3[2024-07-13].gz,H3
Exports,291090,COMTRADE-FINAL-CA0282017H3[2024-07-13].gz,H3
Exports,910911,COMTRADE-FINAL-CA0282017H3[2024-07-13].gz,H3
Exports,030373,COMTRADE-FINAL-CA0282018H3[2019-11-13].gz,H3
Exports,100400,COMTRADE-FINAL-CA0282019H3[2020-05-29].gz,H3
Exports,261510,COMTRADE-FINAL-CA0282020H3[2024-08-14].gz,H3
Exports,282200,COMTRADE-FINAL-CA0282020H3[2024-08-14].gz,H3
Exports,283526,COMTRADE-FINAL-CA0282020H3[2024-08-14].gz,H3
Exports,252930,COMTRADE-FINAL-CA0282021H3[2024-08-07].gz,H3
Exports,551631,COMTRADE-FINAL-CA0282021H3[2024-08-07].gz,H3
Exports,280120,COMTRADE-FINAL-CA0282022H3[2024-08-14].gz,H3
Exports,284690,COMTRADE-FINAL-CA0282022H3[2024-08-14].gz,H3
Exports,382475,COMTRADE-FINAL-CA0282022H3[2024-08-14].gz,H3
Exports,291421,COMTRADE-FINAL-CA0282023H3[2024-08-14].gz,H3
Exports,160430,COMTRADE-FINAL-CA0312000H1[2002-09-01].gz,H1
Exports,230700,COMTRADE-FINAL-CA0312000H1[2002-09-01].gz,H1
Exports,281830,COMTRADE-FINAL-CA0312000H1[2002-09-01].gz,H1
Exports,283800,COMTRADE-FINAL-CA0312000H1[2002-09-01].gz,H1
Exports,284920,COMTRADE-FINAL-CA0312000H1[2002-09-01].gz,H1
Exports,291020,COMTRADE-FINAL-CA0312000H1[2002-09-01].gz,H1
Exports,291030,COMTRADE-FINAL-CA0312000H1[2002-09-01].gz,H1
Exports,291712,COMTRADE-FINAL-CA0312000H1[2002-09-01].gz,H1
Exports,292520,COMTRADE-FINAL-CA0312000H1[2002-09-01].gz,H1
Exports,310410,COMTRADE-FINAL-CA0312000H1[2002-09-01].gz,H1
Exports,480522,COMTRADE-FINAL-CA0312000H1[2002-09-01].gz,H1
Exports,530830,COMTRADE-FINAL-CA0312000H1[2002-09-01].gz,H1
Exports,810430,COMTRADE-FINAL-CA0312000H1[2002-09-01].gz,H1
Exports,810810,COMTRADE-FINAL-CA0312000H1[2002-09-01].gz,H1
Exports,846110,COMTRADE-FINAL-CA0312000H1[2002-09-01].gz,H1
Imports,370292,COMTRADE-FINAL-CA0312000H1[2002-09-01].gz,H1
Imports,430170,COMTRADE-FINAL-CA0312000H1[2002-09-01].gz,H1
Exports,120911,COMTRADE-FINAL-CA0312001H1[2002-10-23].gz,H1
Exports,120919,COMTRADE-FINAL-CA0312001H1[2002-10-23].gz,H1
Exports,252510,COMTRADE-FINAL-CA0312001H1[2002-10-23].gz,H1
Exports,282580,COMTRADE-FINAL-CA0312001H1[2002-10-23].gz,H1
Exports,290124,COMTRADE-FINAL-CA0312001H1[2002-10-23].gz,H1
Exports,291611,COMTRADE-FINAL-CA0312001H1[2002-10-23].gz,H1
Exports,292144,COMTRADE-FINAL-CA0312001H1[2002-10-23].gz,H1
Exports,292620,COMTRADE-FINAL-CA0312001H1[2002-10-23].gz,H1
Exports,293020,COMTRADE-FINAL-CA0312001H1[2002-10-23].gz,H1
Exports,701912,COMTRADE-FINAL-CA0312001H1[2002-10-23].gz,H1
Exports,860692,COMTRADE-FINAL-CA0312001H1[2002-10-23].gz,H1
Imports,530830,COMTRADE-FINAL-CA0312001H1[2002-10-23].gz,H1
Exports,230890,COMTRADE-FINAL-CA0312002H1[2003-08-05].gz,H1
Exports,270220,COMTRADE-FINAL-CA0312002H1[2003-08-05].gz,H1
Exports,283610,COMTRADE-FINAL-CA0312002H1[2003-08-05].gz,H1
Exports,401022,COMTRADE-FINAL-CA0312002H1[2003-08-05].gz,H1
Imports,810292,COMTRADE-FINAL-CA0312002H1[2003-08-05].gz,H1
Exports,140310,COMTRADE-FINAL-CA0312003H1[2004-04-30].gz,H1
Exports,290123,COMTRADE-FINAL-CA0312003H1[2004-04-30].gz,H1
Exports,292145,COMTRADE-FINAL-CA0312003H1[2004-04-30].gz,H1
Exports,293331,COMTRADE-FINAL-CA0312003H1[2004-04-30].gz,H1
Exports,370293,COMTRADE-FINAL-CA0312003H1[2004-04-30].gz,H1
Exports,860620,COMTRADE-FINAL-CA0312003H1[2004-04-30].gz,H1
Exports,282620,COMTRADE-FINAL-CA0312004H2[2005-05-06].gz,H2
Exports,291531,COMTRADE-FINAL-CA0312004H2[2005-05-06].gz,H2
Exports,291732,COMTRADE-FINAL-CA0312004H2[2005-05-06].gz,H2
Exports,293420,COMTRADE-FINAL-CA0312004H2[2005-05-06].gz,H2
Exports,390220,COMTRADE-FINAL-CA0312004H2[2005-05-06].gz,H2
Exports,010631,COMTRADE-FINAL-CA0312005H2[2006-09-13].gz,H2
Exports,520514,COMTRADE-FINAL-CA0312006H2[2007-03-14].gz,H2
Exports,860120,COMTRADE-FINAL-CA0312006H2[2007-03-14].gz,H2
Exports,060312,COMTRADE-FINAL-CA0312007H3[2008-03-13].gz,H3
Exports,480830,COMTRADE-FINAL-CA0312007H3[2008-03-13].gz,H3
Exports,500300,COMTRADE-FINAL-CA0312007H3[2008-03-13].gz,H3
Exports,520513,COMTRADE-FINAL-CA0312007H3[2008-03-13].gz,H3
Exports,844315,COMTRADE-FINAL-CA0312007H3[2008-03-13].gz,H3
Exports,200591,COMTRADE-FINAL-CA0312008H3[2009-03-26].gz,H3
Exports,520632,COMTRADE-FINAL-CA0312008H3[2009-03-26].gz,H3
Exports,844851,COMTRADE-FINAL-CA0312008H3[2009-03-26].gz,H3
Exports,310221,COMTRADE-FINAL-CA0312009H3[2010-03-30].gz,H3
Exports,440795,COMTRADE-FINAL-CA0312009H3[2010-03-30].gz,H3
Exports,740100,COMTRADE-FINAL-CA0312009H3[2010-03-30].gz,H3
Exports,230641,COMTRADE-FINAL-CA0312010H3[2011-05-23].gz,H3
Exports,291249,COMTRADE-FINAL-CA0312010H3[2011-05-23].gz,H3
Exports,382311,COMTRADE-FINAL-CA0312010H3[2011-05-23].gz,H3
Exports,520544,COMTRADE-FINAL-CA0312010H3[2011-05-23].gz,H3
Exports,030412,COMTRADE-FINAL-CA0312011H3[2012-04-05].gz,H3
Exports,470421,COMTRADE-FINAL-CA0312011H3[2012-04-05].gz,H3
Exports,844621,COMTRADE-FINAL-CA0312011H3[2012-04-05].gz,H3
Exports,120729,COMTRADE-FINAL-CA0312012H4[2013-03-09].gz,H4
Exports,520541,COMTRADE-FINAL-CA0312012H4[2013-03-09].gz,H4
Exports,722592,COMTRADE-FINAL-CA0312014H4[2015-03-03].gz,H4
Exports,160431,COMTRADE-FINAL-CA0312015H4[2016-09-20].gz,H4
Exports,282630,COMTRADE-FINAL-CA0312015H4[2016-09-20].gz,H4
Exports,382478,COMTRADE-FINAL-CA0312015H4[2016-09-20].gz,H4
Exports,390591,COMTRADE-FINAL-CA0312015H4[2016-09-20].gz,H4
Exports,282741,COMTRADE-FINAL-CA0312016H4[2017-10-13].gz,H4
Exports,292229,COMTRADE-FINAL-CA0312016H4[2017-10-13].gz,H4
Exports,292421,COMTRADE-FINAL-CA0312016H4[2017-10-13].gz,H4
Exports,520823,COMTRADE-FINAL-CA0312016H4[2017-10-13].gz,H4
Exports,722920,COMTRADE-FINAL-CA0312016H4[2017-10-13].gz,H4
Exports,160432,COMTRADE-FINAL-CA0312017H4[2018-05-21].gz,H4
Exports,283410,COMTRADE-FINAL-CA0312017H4[2018-05-21].gz,H4
Exports,290313,COMTRADE-FINAL-CA0312017H4[2018-05-21].gz,H4
Exports,290399,COMTRADE-FINAL-CA0312017H4[2018-05-21].gz,H4
Exports,292250,COMTRADE-FINAL-CA0312017H4[2018-05-21].gz,H4
Exports,810194,COMTRADE-FINAL-CA0312017H4[2018-05-21].gz,H4
Exports,030399,COMTRADE-FINAL-CA0312018H5[2019-05-13].gz,H5
Exports,150210,COMTRADE-FINAL-CA0312018H5[2019-05-13].gz,H5
Exports,281810,COMTRADE-FINAL-CA0312018H5[2019-05-13].gz,H5
Exports,290211,COMTRADE-FINAL-CA0312018H5[2019-05-13].gz,H5
Exports,382484,COMTRADE-FINAL-CA0312018H5[2019-05-13].gz,H5
Exports,430130,COMTRADE-FINAL-CA0312018H5[2019-05-13].gz,H5
Exports,530820,COMTRADE-FINAL-CA0312018H5[2019-05-13].gz,H5
Imports,281214,COMTRADE-FINAL-CA0312018H5[2019-05-13].gz,H5
Imports,291471,COMTRADE-FINAL-CA0312018H5[2019-05-13].gz,H5
Imports,292029,COMTRADE-FINAL-CA0312018H5[2019-05-13].gz,H5
Imports,292114,COMTRADE-FINAL-CA0312018H5[2019-05-13].gz,H5
Imports,440691,COMTRADE-FINAL-CA0312018H5[2019-05-13].gz,H5
Exports,030391,COMTRADE-FINAL-CA0312019H5[2025-06-10].gz,H5
Exports,060314,COMTRADE-FINAL-CA0312019H5[2025-06-10].gz,H5
Exports,293622,COMTRADE-FINAL-CA0312019H5[2025-06-10].gz,H5
Exports,293625,COMTRADE-FINAL-CA0312019H5[2025-06-10].gz,H5
Exports,293626,COMTRADE-FINAL-CA0312019H5[2025-06-10].gz,H5
Exports,441233,COMTRADE-FINAL-CA0312019H5[2025-06-10].gz,H5
Exports,550490,COMTRADE-FINAL-CA0312019H5[2025-06-10].gz,H5
Exports,740312,COMTRADE-FINAL-CA0312019H5[2025-06-10].gz,H5
Exports,810990,COMTRADE-FINAL-CA0312019H5[2025-06-10].gz,H5
Imports,281112,COMTRADE-FINAL-CA0312019H5[2025-06-10].gz,H5
Exports,081400,COMTRADE-FINAL-CA0312020H5[2025-06-10].gz,H5
Exports,282090,COMTRADE-FINAL-CA0312020H5[2025-06-10].gz,H5
Exports,290250,COMTRADE-FINAL-CA0312020H5[2025-06-10].gz,H5
Exports,551011,COMTRADE-FINAL-CA0312020H5[2025-06-10].gz,H5
Exports,681292,COMTRADE-FINAL-CA0312020H5[2025-06-10].gz,H5
Exports,721923,COMTRADE-FINAL-CA0312020H5[2025-06-10].gz,H5
Exports,846520,COMTRADE-FINAL-CA0312020H5[2025-06-10].gz,H5
Exports,860711,COMTRADE-FINAL-CA0312020H5[2025-06-10].gz,H5
Imports,281213,COMTRADE-FINAL-CA0312020H5[2025-06-10].gz,H5
Imports,290382,COMTRADE-FINAL-CA0312020H5[2025-06-10].gz,H5
Imports,292030,COMTRADE-FINAL-CA0312020H5[2025-06-10].gz,H5
Imports,293392,COMTRADE-FINAL-CA0312020H5[2025-06-10].gz,H5
Imports,440396,COMTRADE-FINAL-CA0312020H5[2025-06-10].gz,H5
Exports,010633,COMTRADE-FINAL-CA0312021H5[2025-06-09].gz,H5
Exports,030314,COMTRADE-FINAL-CA0312021H5[2025-06-09].gz,H5
Exports,030482,COMTRADE-FINAL-CA0312021H5[2025-06-09].gz,H5
Exports,121410,COMTRADE-FINAL-CA0312021H5[2025-06-09].gz,H5
Exports,320641,COMTRADE-FINAL-CA0312021H5[2025-06-09].gz,H5
Exports,520523,COMTRADE-FINAL-CA0312021H5[2025-06-09].gz,H5
Exports,520524,COMTRADE-FINAL-CA0312021H5[2025-06-09].gz,H5
Exports,560391,COMTRADE-FINAL-CA0312021H5[2025-06-09].gz,H5
Exports,600536,COMTRADE-FINAL-CA0312021H5[2025-06-09].gz,H5
Exports,090832,COMTRADE-FINAL-CA0312022H6[2025-06-10].gz,H6
Exports,290516,COMTRADE-FINAL-CA0312022H6[2025-06-10].gz,H6
Exports,291440,COMTRADE-FINAL-CA0312022H6[2025-06-10].gz,H6
Exports,291829,COMTRADE-FINAL-CA0312022H6[2025-06-10].gz,H6
Exports,300242,COMTRADE-FINAL-CA0312022H6[2025-06-10].gz,H6
Exports,370298,COMTRADE-FINAL-CA0312022H6[2025-06-10].gz,H6
Exports,382430,COMTRADE-FINAL-CA0312022H6[2025-06-10].gz,H6
Exports,382764,COMTRADE-FINAL-CA0312022H6[2025-06-10].gz,H6
Exports,390140,COMTRADE-FINAL-CA0312022H6[2025-06-10].gz,H6
Exports,441883,COMTRADE-FINAL-CA0312022H6[2025-06-10].gz,H6
Exports,580210,COMTRADE-FINAL-CA0312022H6[2025-06-10].gz,H6
Exports,710499,COMTRADE-FINAL-CA0312022H6[2025-06-10].gz,H6
Exports,741920,COMTRADE-FINAL-CA0312022H6[2025-06-10].gz,H6
Exports,842132,COMTRADE-FINAL-CA0312022H6[2025-06-10].gz,H6
Exports,843239,COMTRADE-FINAL-CA0312022H6[2025-06-10].gz,H6
Exports,846219,COMTRADE-FINAL-CA0312022H6[2025-06-10].gz,H6
Exports,846232,COMTRADE-FINAL-CA0312022H6[2025-06-10].gz,H6
Exports,846259,COMTRADE-FINAL-CA0312022H6[2025-06-10].gz,H6
Exports,852492,COMTRADE-FINAL-CA0312022H6[2025-06-10].gz,H6
Exports,854929,COMTRADE-FINAL-CA0312022H6[2025-06-10].gz,H6
Imports,382711,COMTRADE-FINAL-CA0312022H6[2025-06-10].gz,H6
Imports,382762,COMTRADE-FINAL-CA0312022H6[2025-06-10].gz,H6
Imports,440713,COMTRADE-FINAL-CA0312022H6[2025-06-10].gz,H6
Imports,701972,COMTRADE-FINAL-CA0312022H6[2025-06-10].gz,H6
Imports,810690,COMTRADE-FINAL-CA0312022H6[2025-06-10].gz,H6
Imports,841933,COMTRADE-FINAL-CA0312022H6[2025-06-10].gz,H6
Imports,846251,COMTRADE-FINAL-CA0312022H6[2025-06-10].gz,H6
Imports,847983,COMTRADE-FINAL-CA0312022H6[2025-06-10].gz,H6
Imports,950821,COMTRADE-FINAL-CA0312022H6[2025-06-10].gz,H6
Exports,010613,COMTRADE-FINAL-CA0312023H6[2025-06-10].gz,H6
Exports,160417,COMTRADE-FINAL-CA0312023H6[2025-06-10].gz,H6
Exports,291734,COMTRADE-FINAL-CA0312023H6[2025-06-10].gz,H6
Exports,293211,COMTRADE-FINAL-CA0312023H6[2025-06-10].gz,H6
Exports,320418,COMTRADE-FINAL-CA0312023H6[2025-06-10].gz,H6
Exports,340241,COMTRADE-FINAL-CA0312023H6[2025-06-10].gz,H6
Exports,390761,COMTRADE-FINAL-CA0312023H6[2025-06-10].gz,H6
Exports,390931,COMTRADE-FINAL-CA0312023H6[2025-06-10].gz,H6
Exports,440220,COMTRADE-FINAL-CA0312023H6[2025-06-10].gz,H6
Exports,441242,COMTRADE-FINAL-CA0312023H6[2025-06-10].gz,H6
Exports,520543,COMTRADE-FINAL-CA0312023H6[2025-06-10].gz,H6
Exports,521112,COMTRADE-FINAL-CA0312023H6[2025-06-10].gz,H6
Exports,530290,COMTRADE-FINAL-CA0312023H6[2025-06-10].gz,H6
Exports,846233,COMTRADE-FINAL-CA0312023H6[2025-06-10].gz,H6
Exports,846262,COMTRADE-FINAL-CA0312023H6[2025-06-10].gz,H6
Exports,950822,COMTRADE-FINAL-CA0312023H6[2025-06-10].gz,H6
Imports,070954,COMTRADE-FINAL-CA0312023H6[2025-06-10].gz,H6
Imports,290348,COMTRADE-FINAL-CA0312023H6[2025-06-10].gz,H6
Imports,291050,COMTRADE-FINAL-CA0312023H6[2025-06-10].gz,H6
Imports,292425,COMTRADE-FINAL-CA0312023H6[2025-06-10].gz,H6
Imports,293080,COMTRADE-FINAL-CA0312023H6[2025-06-10].gz,H6
Imports,293154,COMTRADE-FINAL-CA0312023H6[2025-06-10].gz,H6
Imports,300251,COMTRADE-FINAL-CA0312023H6[2025-06-10].gz,H6
Imports,382492,COMTRADE-FINAL-CA0312023H6[2025-06-10].gz,H6
Imports,440132,COMTRADE-FINAL-CA0312023H6[2025-06-10].gz,H6
Imports,810399,COMTRADE-FINAL-CA0312023H6[2025-06-10].gz,H6
Imports,811269,COMTRADE-FINAL-CA0312023H6[2025-06-10].gz,H6
Imports,854929,COMTRADE-FINAL-CA0312023H6[2025-06-10].gz,H6
Imports,890323,COMTRADE-FINAL-CA0312023H6[2025-06-10].gz,H6
Exports,070956,COMTRADE-FINAL-CA0312024H6[2025-02-24].gz,H6
Exports,120721,COMTRADE-FINAL-CA0312024H6[2025-02-24].gz,H6
Exports,151090,COMTRADE-FINAL-CA0312024H6[2025-02-24].gz,H6
Exports,370244,COMTRADE-FINAL-CA0312024H6[2025-02-24].gz,H6
Exports,380120,COMTRADE-FINAL-CA0312024H6[2025-02-24].gz,H6
Exports,380862,COMTRADE-FINAL-CA0312024H6[2025-02-24].gz,H6
Exports,440691,COMTRADE-FINAL-CA0312024H6[2025-02-24].gz,H6
Exports,441892,COMTRADE-FINAL-CA0312024H6[2025-02-24].gz,H6
Exports,520612,COMTRADE-FINAL-CA0312024H6[2025-02-24].gz,H6
Exports,681513,COMTRADE-FINAL-CA0312024H6[2025-02-24].gz,H6
Exports,841934,COMTRADE-FINAL-CA0312024H6[2025-02-24].gz,H6
Exports,843241,COMTRADE-FINAL-CA0312024H6[2025-02-24].gz,H6
Exports,846251,COMTRADE-FINAL-CA0312024H6[2025-02-24].gz,H6
Exports,848520,COMTRADE-FINAL-CA0312024H6[2025-02-24].gz,H6
Exports,854159,COMTRADE-FINAL-CA0312024H6[2025-02-24].gz,H6
Exports,870129,COMTRADE-FINAL-CA0312024H6[2025-02-24].gz,H6
Imports,030910,COMTRADE-FINAL-CA0312024H6[2025-02-24].gz,H6
Imports,151630,COMTRADE-FINAL-CA0312024H6[2025-02-24].gz,H6
Imports,293296,COMTRADE-FINAL-CA0312024H6[2025-02-24].gz,H6
Imports,440611,COMTRADE-FINAL-CA0312024H6[2025-02-24].gz,H6
Imports,441242,COMTRADE-FINAL-CA0312024H6[2025-02-24].gz,H6
Imports,842870,COMTRADE-FINAL-CA0312024H6[2025-02-24].gz,H6
Imports,854939,COMTRADE-FINAL-CA0312024H6[2025-02-24].gz,H6
Exports,050300,COMTRADE-FINAL-CA0322000H1[2002-09-01].gz,H1
Exports,050590,COMTRADE-FINAL-CA0322000H1[2002-09-01].gz,H1
Exports,090610,COMTRADE-FINAL-CA0322000H1[2002-09-01].gz,H1
Exports,090700,COMTRADE-FINAL-CA0322000H1[2002-09-01].gz,H1
Exports,100200,COMTRADE-FINAL-CA0322000H1[2002-09-01].gz,H1
Exports,100700,COMTRADE-FINAL-CA0322000H1[2002-09-01].gz,H1
Exports,100820,COMTRADE-FINAL-CA0322000H1[2002-09-01].gz,H1
Exports,100830,COMTRADE-FINAL-CA0322000H1[2002-09-01].gz,H1
Exports,120500,COMTRADE-FINAL-CA0322000H1[2002-09-01].gz,H1
Exports,120760,COMTRADE-FINAL-CA0322000H1[2002-09-01].gz,H1
Exports,120923,COMTRADE-FINAL-CA0322000H1[2002-09-01].gz,H1
Exports,120925,COMTRADE-FINAL-CA0322000H1[2002-09-01].gz,H1
Exports,140290,COMTRADE-FINAL-CA0322000H1[2002-09-01].gz,H1
Exports,140390,COMTRADE-FINAL-CA0322000H1[2002-09-01].gz,H1
Exports,150200,COMTRADE-FINAL-CA0322000H1[2002-09-01].gz,H1
Exports,150510,COMTRADE-FINAL-CA0322000H1[2002-09-01].gz,H1
Exports,150590,COMTRADE-FINAL-CA0322000H1[2002-09-01].gz,H1
Exports,151560,COMTRADE-FINAL-CA0322000H1[2002-09-01].gz,H1
Exports,152110,COMTRADE-FINAL-CA0322000H1[2002-09-01].gz,H1
Exports,200120,COMTRADE-FINAL-CA0322000H1[2002-09-01].gz,H1
Exports,230220,COMTRADE-FINAL-CA0322000H1[2002-09-01].gz,H1
Exports,230670,COMTRADE-FINAL-CA0322000H1[2002-09-01].gz,H1
Exports,252810,COMTRADE-FINAL-CA0322000H1[2002-09-01].gz,H1
Exports,252890,COMTRADE-FINAL-CA0322000H1[2002-09-01].gz,H1
Exports,270791,COMTRADE-FINAL-CA0322000H1[2002-09-01].gz,H1
Exports,270810,COMTRADE-FINAL-CA0322000H1[2002-09-01].gz,H1
Exports,280920,COMTRADE-FINAL-CA0322000H1[2002-09-01].gz,H1
Exports,282510,COMTRADE-FINAL-CA0322000H1[2002-09-01].gz,H1
Exports,282550,COMTRADE-FINAL-CA0322000H1[2002-09-01].gz,H1
Exports,282560,COMTRADE-FINAL-CA0322000H1[2002-09-01].gz,H1
Exports,282611,COMTRADE-FINAL-CA0322000H1[2002-09-01].gz,H1
Exports,282734,COMTRADE-FINAL-CA0322000H1[2002-09-01].gz,H1
Exports,283321,COMTRADE-FINAL-CA0322000H1[2002-09-01].gz,H1
Exports,283323,COMTRADE-FINAL-CA0322000H1[2002-09-01].gz,H1
Exports,283326,COMTRADE-FINAL-CA0322000H1[2002-09-01].gz,H1
Exports,283327,COMTRADE-FINAL-CA0322000H1[2002-09-01].gz,H1
Exports,283523,COMTRADE-FINAL-CA0322000H1[2002-09-01].gz,H1
Exports,283524,COMTRADE-FINAL-CA0322000H1[2002-09-01].gz,H1
Exports,283691,COMTRADE-FINAL-CA0322000H1[2002-09-01].gz,H1
Exports,284019,COMTRADE-FINAL-CA0322000H1[2002-09-01].gz,H1
Exports,284030,COMTRADE-FINAL-CA0322000H1[2002-09-01].gz,H1
Exports,284120,COMTRADE-FINAL-CA0322000H1[2002-09-01].gz,H1
Exports,284130,COMTRADE-FINAL-CA0322000H1[2002-09-01].gz,H1
Exports,284140,COMTRADE-FINAL-CA0322000H1[2002-09-01].gz,H1
Exports,284161,COMTRADE-FINAL-CA0322000H1[2002-09-01].gz,H1
Exports,284170,COMTRADE-FINAL-CA0322000H1[2002-09-01].gz,H1
Exports,284610,COMTRADE-FINAL-CA0322000H1[2002-09-01].gz,H1
Exports,290314,COMTRADE-FINAL-CA0322000H1[2002-09-01].gz,H1
Exports,290321,COMTRADE-FINAL-CA0322000H1[2002-09-01].gz,H1
Exports,290341,COMTRADE-FINAL-CA0322000H1[2002-09-01].gz,H1
Exports,290361,COMTRADE-FINAL-CA0322000H1[2002-09-01].gz,H1
Exports,290514,COMTRADE-FINAL-CA0322000H1[2002-09-01].gz,H1
Exports,290515,COMTRADE-FINAL-CA0322000H1[2002-09-01].gz,H1
Exports,290517,COMTRADE-FINAL-CA0322000H1[2002-09-01].gz,H1
Exports,290522,COMTRADE-FINAL-CA0322000H1[2002-09-01].gz,H1
Exports,290529,COMTRADE-FINAL-CA0322000H1[2002-09-01].gz,H1
Exports,290543,COMTRADE-FINAL-CA0322000H1[2002-09-01].gz,H1
Exports,290550,COMTRADE-FINAL-CA0322000H1[2002-09-01].gz,H1
Exports,290712,COMTRADE-FINAL-CA0322000H1[2002-09-01].gz,H1
Exports,290715,COMTRADE-FINAL-CA0322000H1[2002-09-01].gz,H1
Exports,290721,COMTRADE-FINAL-CA0322000H1[2002-09-01].gz,H1
Exports,290722,COMTRADE-FINAL-CA0322000H1[2002-09-01].gz,H1
Exports,290730,COMTRADE-FINAL-CA0322000H1[2002-09-01].gz,H1
Exports,290810,COMTRADE-FINAL-CA0322000H1[2002-09-01].gz,H1
Exports,290820,COMTRADE-FINAL-CA0322000H1[2002-09-01].gz,H1
Exports,290890,COMTRADE-FINAL-CA0322000H1[2002-09-01].gz,H1
Exports,290930,COMTRADE-FINAL-CA0322000H1[2002-09-01].gz,H1
Exports,290941,COMTRADE-FINAL-CA0322000H1[2002-09-01].gz,H1
Exports,290942,COMTRADE-FINAL-CA0322000H1[2002-09-01].gz,H1
Exports,291010,COMTRADE-FINAL-CA0322000H1[2002-09-01].gz,H1
Exports,291221,COMTRADE-FINAL-CA0322000H1[2002-09-01].gz,H1
Exports,291230,COMTRADE-FINAL-CA0322000H1[2002-09-01].gz,H1
Exports,291242,COMTRADE-FINAL-CA0322000H1[2002-09-01].gz,H1
Exports,291260,COMTRADE-FINAL-CA0322000H1[2002-09-01].gz,H1
Exports,291300,COMTRADE-FINAL-CA0322000H1[2002-09-01].gz,H1
Exports,291422,COMTRADE-FINAL-CA0322000H1[2002-09-01].gz,H1
Exports,291423,COMTRADE-FINAL-CA0322000H1[2002-09-01].gz,H1
Exports,291439,COMTRADE-FINAL-CA0322000H1[2002-09-01].gz,H1
Exports,291450,COMTRADE-FINAL-CA0322000H1[2002-09-01].gz,H1
Exports,291469,COMTRADE-FINAL-CA0322000H1[2002-09-01].gz,H1
Exports,291533,COMTRADE-FINAL-CA0322000H1[2002-09-01].gz,H1
Exports,291535,COMTRADE-FINAL-CA0322000H1[2002-09-01].gz,H1
Exports,291540,COMTRADE-FINAL-CA0322000H1[2002-09-01].gz,H1
Exports,291613,COMTRADE-FINAL-CA0322000H1[2002-09-01].gz,H1
Exports,291614,COMTRADE-FINAL-CA0322000H1[2002-09-01].gz,H1
Exports,291615,COMTRADE-FINAL-CA0322000H1[2002-09-01].gz,H1
Exports,291634,COMTRADE-FINAL-CA0322000H1[2002-09-01].gz,H1
Exports,291635,COMTRADE-FINAL-CA0322000H1[2002-09-01].gz,H1
Exports,291714,COMTRADE-FINAL-CA0322000H1[2002-09-01].gz,H1
Exports,291719,COMTRADE-FINAL-CA0322000H1[2002-09-01].gz,H1
Exports,291720,COMTRADE-FINAL-CA0322000H1[2002-09-01].gz,H1
Exports,291731,COMTRADE-FINAL-CA0322000H1[2002-09-01].gz,H1
Exports,291735,COMTRADE-FINAL-CA0322000H1[2002-09-01].gz,H1
Exports,291813,COMTRADE-FINAL-CA0322000H1[2002-09-01].gz,H1
Exports,291821,COMTRADE-FINAL-CA0322000H1[2002-09-01].gz,H1
Exports,291822,COMTRADE-FINAL-CA0322000H1[2002-09-01].gz,H1
Exports,291823,COMTRADE-FINAL-CA0322000H1[2002-09-01].gz,H1
Exports,291830,COMTRADE-FINAL-CA0322000H1[2002-09-01].gz,H1
Exports,291900,COMTRADE-FINAL-CA0322000H1[2002-09-01].gz,H1
Exports,292111,COMTRADE-FINAL-CA0322000H1[2002-09-01].gz,H1
Exports,292112,COMTRADE-FINAL-CA0322000H1[2002-09-01].gz,H1
Exports,292141,COMTRADE-FINAL-CA0322000H1[2002-09-01].gz,H1
Exports,292142,COMTRADE-FINAL-CA0322000H1[2002-09-01].gz,H1
Exports,292143,COMTRADE-FINAL-CA0322000H1[2002-09-01].gz,H1
Exports,292149,COMTRADE-FINAL-CA0322000H1[2002-09-01].gz,H1
Exports,292151,COMTRADE-FINAL-CA0322000H1[2002-09-01].gz,H1
Exports,292213,COMTRADE-FINAL-CA0322000H1[2002-09-01].gz,H1
Exports,292519,COMTRADE-FINAL-CA0322000H1[2002-09-01].gz,H1
Exports,292700,COMTRADE-FINAL-CA0322000H1[2002-09-01].gz,H1
Exports,293030,COMTRADE-FINAL-CA0322000H1[2002-09-01].gz,H1
Exports,293212,COMTRADE-FINAL-CA0322000H1[2002-09-01].gz,H1
Exports,293213,COMTRADE-FINAL-CA0322000H1[2002-09-01].gz,H1
Exports,293221,COMTRADE-FINAL-CA0322000H1[2002-09-01].gz,H1
Exports,293229,COMTRADE-FINAL-CA0322000H1[2002-09-01].gz,H1
Exports,293311,COMTRADE-FINAL-CA0322000H1[2002-09-01].gz,H1
Exports,293340,COMTRADE-FINAL-CA0322000H1[2002-09-01].gz,H1
Exports,293361,COMTRADE-FINAL-CA0322000H1[2002-09-01].gz,H1
Exports,293390,COMTRADE-FINAL-CA0322000H1[2002-09-01].gz,H1
Exports,293430,COMTRADE-FINAL-CA0322000H1[2002-09-01].gz,H1
Exports,293490,COMTRADE-FINAL-CA0322000H1[2002-09-01].gz,H1
Exports,293623,COMTRADE-FINAL-CA0322000H1[2002-09-01].gz,H1
Exports,293722,COMTRADE-FINAL-CA0322000H1[2002-09-01].gz,H1
Exports,293792,COMTRADE-FINAL-CA0322000H1[2002-09-01].gz,H1
Exports,293799,COMTRADE-FINAL-CA0322000H1[2002-09-01].gz,H1
Exports,293810,COMTRADE-FINAL-CA0322000H1[2002-09-01].gz,H1
Exports,293910,COMTRADE-FINAL-CA0322000H1[2002-09-01].gz,H1
Exports,293930,COMTRADE-FINAL-CA0322000H1[2002-09-01].gz,H1
Exports,293941,COMTRADE-FINAL-CA0322000H1[2002-09-01].gz,H1
Exports,293949,COMTRADE-FINAL-CA0322000H1[2002-09-01].gz,H1
Exports,293950,COMTRADE-FINAL-CA0322000H1[2002-09-01].gz,H1
Exports,293962,COMTRADE-FINAL-CA0322000H1[2002-09-01].gz,H1
Exports,293990,COMTRADE-FINAL-CA0322000H1[2002-09-01].gz,H1
Exports,310250,COMTRADE-FINAL-CA0322000H1[2002-09-01].gz,H1
Exports,320630,COMTRADE-FINAL-CA0322000H1[2002-09-01].gz,H1
Exports,320643,COMTRADE-FINAL-CA0322000H1[2002-09-01].gz,H1
Exports,330121,COMTRADE-FINAL-CA0322000H1[2002-09-01].gz,H1
Exports,350219,COMTRADE-FINAL-CA0322000H1[2002-09-01].gz,H1
Exports,370241,COMTRADE-FINAL-CA0322000H1[2002-09-01].gz,H1
Exports,370242,COMTRADE-FINAL-CA0322000H1[2002-09-01].gz,H1
Exports,370243,COMTRADE-FINAL-CA0322000H1[2002-09-01].gz,H1
Exports,370251,COMTRADE-FINAL-CA0322000H1[2002-09-01].gz,H1
Exports,370294,COMTRADE-FINAL-CA0322000H1[2002-09-01].gz,H1
Exports,380620,COMTRADE-FINAL-CA0322000H1[2002-09-01].gz,H1
Exports,381710,COMTRADE-FINAL-CA0322000H1[2002-09-01].gz,H1
Exports,381720,COMTRADE-FINAL-CA0322000H1[2002-09-01].gz,H1
Exports,391220,COMTRADE-FINAL-CA0322000H1[2002-09-01].gz,H1
Exports,392073,COMTRADE-FINAL-CA0322000H1[2002-09-01].gz,H1
Exports,400121,COMTRADE-FINAL-CA0322000H1[2002-09-01].gz,H1
Exports,400122,COMTRADE-FINAL-CA0322000H1[2002-09-01].gz,H1
Exports,401013,COMTRADE-FINAL-CA0322000H1[2002-09-01].gz,H1
Exports,401024,COMTRADE-FINAL-CA0322000H1[2002-09-01].gz,H1
Exports,410710,COMTRADE-FINAL-CA0322000H1[2002-09-01].gz,H1
Exports,410721,COMTRADE-FINAL-CA0322000H1[2002-09-01].gz,H1
Exports,430120,COMTRADE-FINAL-CA0322000H1[2002-09-01].gz,H1
Exports,430160,COMTRADE-FINAL-CA0322000H1[2002-09-01].gz,H1
Exports,430212,COMTRADE-FINAL-CA0322000H1[2002-09-01].gz,H1
Exports,441139,COMTRADE-FINAL-CA0322000H1[2002-09-01].gz,H1
Exports,441214,COMTRADE-FINAL-CA0322000H1[2002-09-01].gz,H1
Exports,441293,COMTRADE-FINAL-CA0322000H1[2002-09-01].gz,H1
Exports,460110,COMTRADE-FINAL-CA0322000H1[2002-09-01].gz,H1
Exports,470311,COMTRADE-FINAL-CA0322000H1[2002-09-01].gz,H1
Exports,470500,COMTRADE-FINAL-CA0322000H1[2002-09-01].gz,H1
Exports,480252,COMTRADE-FINAL-CA0322000H1[2002-09-01].gz,H1
Exports,480570,COMTRADE-FINAL-CA0322000H1[2002-09-01].gz,H1
Exports,481012,COMTRADE-FINAL-CA0322000H1[2002-09-01].gz,H1
Exports,481131,COMTRADE-FINAL-CA0322000H1[2002-09-01].gz,H1
Exports,481140,COMTRADE-FINAL-CA0322000H1[2002-09-01].gz,H1
Exports,510210,COMTRADE-FINAL-CA0322000H1[2002-09-01].gz,H1
Exports,510530,COMTRADE-FINAL-CA0322000H1[2002-09-01].gz,H1
Exports,510540,COMTRADE-FINAL-CA0322000H1[2002-09-01].gz,H1
Exports,511211,COMTRADE-FINAL-CA0322000H1[2002-09-01].gz,H1
Exports,520535,COMTRADE-FINAL-CA0322000H1[2002-09-01].gz,H1
Exports,520546,COMTRADE-FINAL-CA0322000H1[2002-09-01].gz,H1
Exports,520613,COMTRADE-FINAL-CA0322000H1[2002-09-01].gz,H1
Exports,520622,COMTRADE-FINAL-CA0322000H1[2002-09-01].gz,H1
Exports,520641,COMTRADE-FINAL-CA0322000H1[2002-09-01].gz,H1
Exports,520853,COMTRADE-FINAL-CA0322000H1[2002-09-01].gz,H1
Exports,520912,COMTRADE-FINAL-CA0322000H1[2002-09-01].gz,H1
Exports,520921,COMTRADE-FINAL-CA0322000H1[2002-09-01].gz,H1
Exports,520941,COMTRADE-FINAL-CA0322000H1[2002-09-01].gz,H1
Exports,521012,COMTRADE-FINAL-CA0322000H1[2002-09-01].gz,H1
Exports,521021,COMTRADE-FINAL-CA0322000H1[2002-09-01].gz,H1
Exports,521022,COMTRADE-FINAL-CA0322000H1[2002-09-01].gz,H1
Exports,521031,COMTRADE-FINAL-CA0322000H1[2002-09-01].gz,H1
Exports,521122,COMTRADE-FINAL-CA0322000H1[2002-09-01].gz,H1
Exports,521141,COMTRADE-FINAL-CA0322000H1[2002-09-01].gz,H1
Exports,521151,COMTRADE-FINAL-CA0322000H1[2002-09-01].gz,H1
Exports,530210,COMTRADE-FINAL-CA0322000H1[2002-09-01].gz,H1
Exports,530599,COMTRADE-FINAL-CA0322000H1[2002-09-01].gz,H1
Exports,530911,COMTRADE-FINAL-CA0322000H1[2002-09-01].gz,H1
Exports,540310,COMTRADE-FINAL-CA0322000H1[2002-09-01].gz,H1
Exports,540333,COMTRADE-FINAL-CA0322000H1[2002-09-01].gz,H1
Exports,540341,COMTRADE-FINAL-CA0322000H1[2002-09-01].gz,H1
Exports,540781,COMTRADE-FINAL-CA0322000H1[2002-09-01].gz,H1
Exports,550130,COMTRADE-FINAL-CA0322000H1[2002-09-01].gz,H1
Exports,550310,COMTRADE-FINAL-CA0322000H1[2002-09-01].gz,H1
Exports,550941,COMTRADE-FINAL-CA0322000H1[2002-09-01].gz,H1
Exports,550952,COMTRADE-FINAL-CA0322000H1[2002-09-01].gz,H1
Exports,550991,COMTRADE-FINAL-CA0322000H1[2002-09-01].gz,H1
Exports,550992,COMTRADE-FINAL-CA0322000H1[2002-09-01].gz,H1
Exports,551012,COMTRADE-FINAL-CA0322000H1[2002-09-01].gz,H1
Exports,551322,COMTRADE-FINAL-CA0322000H1[2002-09-01].gz,H1
Exports,551421,COMTRADE-FINAL-CA0322000H1[2002-09-01].gz,H1
Exports,551441,COMTRADE-FINAL-CA0322000H1[2002-09-01].gz,H1
Exports,551522,COMTRADE-FINAL-CA0322000H1[2002-09-01].gz,H1
Exports,551591,COMTRADE-FINAL-CA0322000H1[2002-09-01].gz,H1
Exports,551621,COMTRADE-FINAL-CA0322000H1[2002-09-01].gz,H1
Exports,551623,COMTRADE-FINAL-CA0322000H1[2002-09-01].gz,H1
Exports,551643,COMTRADE-FINAL-CA0322000H1[2002-09-01].gz,H1
Exports,551692,COMTRADE-FINAL-CA0322000H1[2002-09-01].gz,H1
Exports,580123,COMTRADE-FINAL-CA0322000H1[2002-09-01].gz,H1
Exports,580126,COMTRADE-FINAL-CA0322000H1[2002-09-01].gz,H1
Exports,600241,COMTRADE-FINAL-CA0322000H1[2002-09-01].gz,H1
Exports,600291,COMTRADE-FINAL-CA0322000H1[2002-09-01].gz,H1
Exports,681220,COMTRADE-FINAL-CA0322000H1[2002-09-01].gz,H1
Exports,690320,COMTRADE-FINAL-CA0322000H1[2002-09-01].gz,H1
Exports,701952,COMTRADE-FINAL-CA0322000H1[2002-09-01].gz,H1
Exports,710510,COMTRADE-FINAL-CA0322000H1[2002-09-01].gz,H1
Exports,721913,COMTRADE-FINAL-CA0322000H1[2002-09-01].gz,H1
Exports,722520,COMTRADE-FINAL-CA0322000H1[2002-09-01].gz,H1
Exports,722692,COMTRADE-FINAL-CA0322000H1[2002-09-01].gz,H1
Exports,731413,COMTRADE-FINAL-CA0322000H1[2002-09-01].gz,H1
Exports,740722,COMTRADE-FINAL-CA0322000H1[2002-09-01].gz,H1
Exports,740931,COMTRADE-FINAL-CA0322000H1[2002-09-01].gz,H1
Exports,741011,COMTRADE-FINAL-CA0322000H1[2002-09-01].gz,H1
Exports,741811,COMTRADE-FINAL-CA0322000H1[2002-09-01].gz,H1
Exports,750400,COMTRADE-FINAL-CA0322000H1[2002-09-01].gz,H1
Exports,810192,COMTRADE-FINAL-CA0322000H1[2002-09-01].gz,H1
Exports,810210,COMTRADE-FINAL-CA0322000H1[2002-09-01].gz,H1
Exports,810411,COMTRADE-FINAL-CA0322000H1[2002-09-01].gz,H1
Exports,810510,COMTRADE-FINAL-CA0322000H1[2002-09-01].gz,H1
Exports,810910,COMTRADE-FINAL-CA0322000H1[2002-09-01].gz,H1
Exports,811220,COMTRADE-FINAL-CA0322000H1[2002-09-01].gz,H1
Exports,843062,COMTRADE-FINAL-CA0322000H1[2002-09-01].gz,H1
Exports,844340,COMTRADE-FINAL-CA0322000H1[2002-09-01].gz,H1
Exports,846912,COMTRADE-FINAL-CA0322000H1[2002-09-01].gz,H1
Exports,854050,COMTRADE-FINAL-CA0322000H1[2002-09-01].gz,H1
Exports,854091,COMTRADE-FINAL-CA0322000H1[2002-09-01].gz,H1
Exports,854214,COMTRADE-FINAL-CA0322000H1[2002-09-01].gz,H1
Exports,910620,COMTRADE-FINAL-CA0322000H1[2002-09-01].gz,H1
Exports,910899,COMTRADE-FINAL-CA0322000H1[2002-09-01].gz,H1
Exports,911210,COMTRADE-FINAL-CA0322000H1[2002-09-01].gz,H1
Exports,911280,COMTRADE-FINAL-CA0322000H1[2002-09-01].gz,H1
Exports,930590,COMTRADE-FINAL-CA0322000H1[2002-09-01].gz,H1
Exports,961330,COMTRADE-FINAL-CA0322000H1[2002-09-01].gz,H1
Imports,430140,COMTRADE-FINAL-CA0322000H1[2002-09-01].gz,H1
Imports,810291,COMTRADE-FINAL-CA0322000H1[2002-09-01].gz,H1
Imports,811291,COMTRADE-FINAL-CA0322000H1[2002-09-01].gz,H1
Exports,050610,COMTRADE-FINAL-CA0322001H1[2002-10-23].gz,H1
Exports,050900,COMTRADE-FINAL-CA0322001H1[2002-10-23].gz,H1
Exports,110314,COMTRADE-FINAL-CA0322001H1[2002-10-23].gz,H1
Exports,130213,COMTRADE-FINAL-CA0322001H1[2002-10-23].gz,H1
Exports,151410,COMTRADE-FINAL-CA0322001H1[2002-10-23].gz,H1
Exports,230640,COMTRADE-FINAL-CA0322001H1[2002-10-23].gz,H1
Exports,250621,COMTRADE-FINAL-CA0322001H1[2002-10-23].gz,H1
Exports,252922,COMTRADE-FINAL-CA0322001H1[2002-10-23].gz,H1
Exports,270760,COMTRADE-FINAL-CA0322001H1[2002-10-23].gz,H1
Exports,280910,COMTRADE-FINAL-CA0322001H1[2002-10-23].gz,H1
Exports,282736,COMTRADE-FINAL-CA0322001H1[2002-10-23].gz,H1
Exports,283670,COMTRADE-FINAL-CA0322001H1[2002-10-23].gz,H1
Exports,283692,COMTRADE-FINAL-CA0322001H1[2002-10-23].gz,H1
Exports,284110,COMTRADE-FINAL-CA0322001H1[2002-10-23].gz,H1
Exports,284420,COMTRADE-FINAL-CA0322001H1[2002-10-23].gz,H1
Exports,290351,COMTRADE-FINAL-CA0322001H1[2002-10-23].gz,H1
Exports,290542,COMTRADE-FINAL-CA0322001H1[2002-10-23].gz,H1
Exports,290549,COMTRADE-FINAL-CA0322001H1[2002-10-23].gz,H1
Exports,290614,COMTRADE-FINAL-CA0322001H1[2002-10-23].gz,H1
Exports,291100,COMTRADE-FINAL-CA0322001H1[2002-10-23].gz,H1
Exports,291736,COMTRADE-FINAL-CA0322001H1[2002-10-23].gz,H1
Exports,292230,COMTRADE-FINAL-CA0322001H1[2002-10-23].gz,H1
Exports,292610,COMTRADE-FINAL-CA0322001H1[2002-10-23].gz,H1
Exports,293351,COMTRADE-FINAL-CA0322001H1[2002-10-23].gz,H1
Exports,293410,COMTRADE-FINAL-CA0322001H1[2002-10-23].gz,H1
Exports,293921,COMTRADE-FINAL-CA0322001H1[2002-10-23].gz,H1
Exports,293942,COMTRADE-FINAL-CA0322001H1[2002-10-23].gz,H1
Exports,293969,COMTRADE-FINAL-CA0322001H1[2002-10-23].gz,H1
Exports,320642,COMTRADE-FINAL-CA0322001H1[2002-10-23].gz,H1
Exports,330126,COMTRADE-FINAL-CA0322001H1[2002-10-23].gz,H1
Exports,470329,COMTRADE-FINAL-CA0322001H1[2002-10-23].gz,H1
Exports,481021,COMTRADE-FINAL-CA0322001H1[2002-10-23].gz,H1
Exports,481500,COMTRADE-FINAL-CA0322001H1[2002-10-23].gz,H1
Exports,520534,COMTRADE-FINAL-CA0322001H1[2002-10-23].gz,H1
Exports,521042,COMTRADE-FINAL-CA0322001H1[2002-10-23].gz,H1
Exports,521152,COMTRADE-FINAL-CA0322001H1[2002-10-23].gz,H1
Exports,550912,COMTRADE-FINAL-CA0322001H1[2002-10-23].gz,H1
Exports,551413,COMTRADE-FINAL-CA0322001H1[2002-10-23].gz,H1
Exports,551423,COMTRADE-FINAL-CA0322001H1[2002-10-23].gz,H1
Exports,551431,COMTRADE-FINAL-CA0322001H1[2002-10-23].gz,H1
Exports,551433,COMTRADE-FINAL-CA0322001H1[2002-10-23].gz,H1
Exports,551443,COMTRADE-FINAL-CA0322001H1[2002-10-23].gz,H1
Exports,681270,COMTRADE-FINAL-CA0322001H1[2002-10-23].gz,H1
Exports,721912,COMTRADE-FINAL-CA0322001H1[2002-10-23].gz,H1
Exports,722519,COMTRADE-FINAL-CA0322001H1[2002-10-23].gz,H1
Exports,722591,COMTRADE-FINAL-CA0322001H1[2002-10-23].gz,H1
Exports,722611,COMTRADE-FINAL-CA0322001H1[2002-10-23].gz,H1
Exports,722720,COMTRADE-FINAL-CA0322001H1[2002-10-23].gz,H1
Exports,800500,COMTRADE-FINAL-CA0322001H1[2002-10-23].gz,H1
Exports,844321,COMTRADE-FINAL-CA0322001H1[2002-10-23].gz,H1
Exports,847040,COMTRADE-FINAL-CA0322001H1[2002-10-23].gz,H1
Exports,140120,COMTRADE-FINAL-CA0322002H2[2004-12-06].gz,H2
Exports,252530,COMTRADE-FINAL-CA0322002H2[2004-12-06].gz,H2
Exports,252610,COMTRADE-FINAL-CA0322002H2[2004-12-06].gz,H2
Exports,283324,COMTRADE-FINAL-CA0322002H2[2004-12-06].gz,H2
Exports,284329,COMTRADE-FINAL-CA0322002H2[2004-12-06].gz,H2
Exports,291212,COMTRADE-FINAL-CA0322002H2[2004-12-06].gz,H2
Exports,291461,COMTRADE-FINAL-CA0322002H2[2004-12-06].gz,H2
Exports,292010,COMTRADE-FINAL-CA0322002H2[2004-12-06].gz,H2
Exports,292222,COMTRADE-FINAL-CA0322002H2[2004-12-06].gz,H2
Exports,292243,COMTRADE-FINAL-CA0322002H2[2004-12-06].gz,H2
Exports,292419,COMTRADE-FINAL-CA0322002H2[2004-12-06].gz,H2
Exports,293349,COMTRADE-FINAL-CA0322002H2[2004-12-06].gz,H2
Exports,293391,COMTRADE-FINAL-CA0322002H2[2004-12-06].gz,H2
Exports,293491,COMTRADE-FINAL-CA0322002H2[2004-12-06].gz,H2
Exports,293719,COMTRADE-FINAL-CA0322002H2[2004-12-06].gz,H2
Exports,293740,COMTRADE-FINAL-CA0322002H2[2004-12-06].gz,H2
Exports,293750,COMTRADE-FINAL-CA0322002H2[2004-12-06].gz,H2
Exports,293999,COMTRADE-FINAL-CA0322002H2[2004-12-06].gz,H2
Exports,294140,COMTRADE-FINAL-CA0322002H2[2004-12-06].gz,H2
Exports,410640,COMTRADE-FINAL-CA0322002H2[2004-12-06].gz,H2
Exports,411330,COMTRADE-FINAL-CA0322002H2[2004-12-06].gz,H2
Exports,430213,COMTRADE-FINAL-CA0322002H2[2004-12-06].gz,H2
Exports,441039,COMTRADE-FINAL-CA0322002H2[2004-12-06].gz,H2
Exports,480442,COMTRADE-FINAL-CA0322002H2[2004-12-06].gz,H2
Exports,480512,COMTRADE-FINAL-CA0322002H2[2004-12-06].gz,H2
Exports,520621,COMTRADE-FINAL-CA0322002H2[2004-12-06].gz,H2
Exports,520635,COMTRADE-FINAL-CA0322002H2[2004-12-06].gz,H2
Exports,530130,COMTRADE-FINAL-CA0322002H2[2004-12-06].gz,H2
Exports,540331,COMTRADE-FINAL-CA0322002H2[2004-12-06].gz,H2
Exports,540831,COMTRADE-FINAL-CA0322002H2[2004-12-06].gz,H2
Exports,551323,COMTRADE-FINAL-CA0322002H2[2004-12-06].gz,H2
Exports,551432,COMTRADE-FINAL-CA0322002H2[2004-12-06].gz,H2
Exports,580131,COMTRADE-FINAL-CA0322002H2[2004-12-06].gz,H2
Exports,580135,COMTRADE-FINAL-CA0322002H2[2004-12-06].gz,H2
Exports,600534,COMTRADE-FINAL-CA0322002H2[2004-12-06].gz,H2
Exports,600543,COMTRADE-FINAL-CA0322002H2[2004-12-06].gz,H2
Exports,810195,COMTRADE-FINAL-CA0322002H2[2004-12-06].gz,H2
Exports,900992,COMTRADE-FINAL-CA0322002H2[2004-12-06].gz,H2
Exports,900993,COMTRADE-FINAL-CA0322002H2[2004-12-06].gz,H2
Exports,920420,COMTRADE-FINAL-CA0322002H2[2004-12-06].gz,H2
Exports,930610,COMTRADE-FINAL-CA0322002H2[2004-12-06].gz,H2
Imports,810530,COMTRADE-FINAL-CA0322002H2[2004-12-06].gz,H2
Exports,282120,COMTRADE-FINAL-CA0322003H2[2005-01-11].gz,H2
Exports,282735,COMTRADE-FINAL-CA0322003H2[2005-01-11].gz,H2
Exports,282919,COMTRADE-FINAL-CA0322003H2[2005-01-11].gz,H2
Exports,283719,COMTRADE-FINAL-CA0322003H2[2005-01-11].gz,H2
Exports,290612,COMTRADE-FINAL-CA0322003H2[2005-01-11].gz,H2
Exports,291532,COMTRADE-FINAL-CA0322003H2[2005-01-11].gz,H2
Exports,291713,COMTRADE-FINAL-CA0322003H2[2005-01-11].gz,H2
Exports,291733,COMTRADE-FINAL-CA0322003H2[2005-01-11].gz,H2
Exports,292214,COMTRADE-FINAL-CA0322003H2[2005-01-11].gz,H2
Exports,293333,COMTRADE-FINAL-CA0322003H2[2005-01-11].gz,H2
Exports,293739,COMTRADE-FINAL-CA0322003H2[2005-01-11].gz,H2
Exports,370291,COMTRADE-FINAL-CA0322003H2[2005-01-11].gz,H2
Exports,520548,COMTRADE-FINAL-CA0322003H2[2005-01-11].gz,H2
Exports,520623,COMTRADE-FINAL-CA0322003H2[2005-01-11].gz,H2
Exports,530590,COMTRADE-FINAL-CA0322003H2[2005-01-11].gz,H2
Exports,550410,COMTRADE-FINAL-CA0322003H2[2005-01-11].gz,H2
Exports,551342,COMTRADE-FINAL-CA0322003H2[2005-01-11].gz,H2
Exports,551633,COMTRADE-FINAL-CA0322003H2[2005-01-11].gz,H2
Exports,580125,COMTRADE-FINAL-CA0322003H2[2005-01-11].gz,H2
Exports,600541,COMTRADE-FINAL-CA0322003H2[2005-01-11].gz,H2
Exports,711230,COMTRADE-FINAL-CA0322003H2[2005-01-11].gz,H2
Exports,722693,COMTRADE-FINAL-CA0322003H2[2005-01-11].gz,H2
Exports,780500,COMTRADE-FINAL-CA0322003H2[2005-01-11].gz,H2
Exports,810930,COMTRADE-FINAL-CA0322003H2[2005-01-11].gz,H2
Exports,920910,COMTRADE-FINAL-CA0322003H2[2005-01-11].gz,H2
Exports,120791,COMTRADE-FINAL-CA0322004H2[2005-11-03].gz,H2
Exports,230660,COMTRADE-FINAL-CA0322004H2[2005-11-03].gz,H2
Exports,280512,COMTRADE-FINAL-CA0322004H2[2005-11-03].gz,H2
Exports,282010,COMTRADE-FINAL-CA0322004H2[2005-11-03].gz,H2
Exports,370191,COMTRADE-FINAL-CA0322004H2[2005-11-03].gz,H2
Exports,400260,COMTRADE-FINAL-CA0322004H2[2005-11-03].gz,H2
Exports,511120,COMTRADE-FINAL-CA0322004H2[2005-11-03].gz,H2
Exports,540500,COMTRADE-FINAL-CA0322004H2[2005-11-03].gz,H2
Exports,550922,COMTRADE-FINAL-CA0322004H2[2005-11-03].gz,H2
Exports,600641,COMTRADE-FINAL-CA0322004H2[2005-11-03].gz,H2
Exports,710410,COMTRADE-FINAL-CA0322004H2[2005-11-03].gz,H2
Exports,720291,COMTRADE-FINAL-CA0322004H2[2005-11-03].gz,H2
Exports,811010,COMTRADE-FINAL-CA0322004H2[2005-11-03].gz,H2
Exports,090830,COMTRADE-FINAL-CA0322005H2[2006-07-28].gz,H2
Exports,120910,COMTRADE-FINAL-CA0322005H2[2006-07-28].gz,H2
Exports,284169,COMTRADE-FINAL-CA0322005H2[2006-07-28].gz,H2
Exports,291737,COMTRADE-FINAL-CA0322005H2[2006-07-28].gz,H2
Exports,293919,COMTRADE-FINAL-CA0322005H2[2006-07-28].gz,H2
Exports,510211,COMTRADE-FINAL-CA0322005H2[2006-07-28].gz,H2
Exports,551343,COMTRADE-FINAL-CA0322005H2[2006-07-28].gz,H2
Exports,720270,COMTRADE-FINAL-CA0322005H2[2006-07-28].gz,H2
Exports,720280,COMTRADE-FINAL-CA0322005H2[2006-07-28].gz,H2
Exports,750521,COMTRADE-FINAL-CA0322005H2[2006-07-28].gz,H2
Exports,810600,COMTRADE-FINAL-CA0322005H2[2006-07-28].gz,H2
Exports,811292,COMTRADE-FINAL-CA0322005H2[2006-07-28].gz,H2
Exports,020850,COMTRADE-FINAL-CA0322006H2[2007-10-29].gz,H2
Exports,283020,COMTRADE-FINAL-CA0322006H2[2007-10-29].gz,H2
Exports,284180,COMTRADE-FINAL-CA0322006H2[2007-10-29].gz,H2
Exports,291534,COMTRADE-FINAL-CA0322006H2[2007-10-29].gz,H2
Exports,293332,COMTRADE-FINAL-CA0322006H2[2007-10-29].gz,H2
Exports,392093,COMTRADE-FINAL-CA0322006H2[2007-10-29].gz,H2
Exports,470200,COMTRADE-FINAL-CA0322006H2[2007-10-29].gz,H2
Exports,510330,COMTRADE-FINAL-CA0322006H2[2007-10-29].gz,H2
Exports,521052,COMTRADE-FINAL-CA0322006H2[2007-10-29].gz,H2
Exports,530490,COMTRADE-FINAL-CA0322006H2[2007-10-29].gz,H2
Exports,550520,COMTRADE-FINAL-CA0322006H2[2007-10-29].gz,H2
Exports,810197,COMTRADE-FINAL-CA0322006H2[2007-10-29].gz,H2
Exports,030362,COMTRADE-FINAL-CA0322007H3[2008-07-25].gz,H3
Exports,030421,COMTRADE-FINAL-CA0322007H3[2008-07-25].gz,H3
Exports,030422,COMTRADE-FINAL-CA0322007H3[2008-07-25].gz,H3
Exports,030492,COMTRADE-FINAL-CA0322007H3[2008-07-25].gz,H3
Exports,260500,COMTRADE-FINAL-CA0322007H3[2008-07-25].gz,H3
Exports,282570,COMTRADE-FINAL-CA0322007H3[2008-07-25].gz,H3
Exports,283190,COMTRADE-FINAL-CA0322007H3[2008-07-25].gz,H3
Exports,285200,COMTRADE-FINAL-CA0322007H3[2008-07-25].gz,H3
Exports,290819,COMTRADE-FINAL-CA0322007H3[2008-07-25].gz,H3
Exports,291899,COMTRADE-FINAL-CA0322007H3[2008-07-25].gz,H3
Exports,293293,COMTRADE-FINAL-CA0322007H3[2008-07-25].gz,H3
Exports,293352,COMTRADE-FINAL-CA0322007H3[2008-07-25].gz,H3
Exports,293731,COMTRADE-FINAL-CA0322007H3[2008-07-25].gz,H3
Exports,293920,COMTRADE-FINAL-CA0322007H3[2008-07-25].gz,H3
Exports,520643,COMTRADE-FINAL-CA0322007H3[2008-07-25].gz,H3
Exports,540244,COMTRADE-FINAL-CA0322007H3[2008-07-25].gz,H3
Exports,540246,COMTRADE-FINAL-CA0322007H3[2008-07-25].gz,H3
Exports,292019,COMTRADE-FINAL-CA0322008H3[2009-06-01].gz,H3
Exports,292231,COMTRADE-FINAL-CA0322008H3[2009-06-01].gz,H3
Exports,293711,COMTRADE-FINAL-CA0322008H3[2009-06-01].gz,H3
Exports,382474,COMTRADE-FINAL-CA0322008H3[2009-06-01].gz,H3
Exports,551644,COMTRADE-FINAL-CA0322008H3[2009-06-01].gz,H3
Exports,811090,COMTRADE-FINAL-CA0322008H3[2009-06-01].gz,H3
Exports,860310,COMTRADE-FINAL-CA0322008H3[2009-06-01].gz,H3
Exports,910812,COMTRADE-FINAL-CA0322008H3[2009-06-01].gz,H3
Exports,030268,COMTRADE-FINAL-CA0322009H3[2010-06-11].gz,H3
Exports,030341,COMTRADE-FINAL-CA0322009H3[2010-06-11].gz,H3
Exports,290359,COMTRADE-FINAL-CA0322009H3[2010-06-11].gz,H3
Exports,290891,COMTRADE-FINAL-CA0322009H3[2010-06-11].gz,H3
Exports,293371,COMTRADE-FINAL-CA0322009H3[2010-06-11].gz,H3
Exports,293961,COMTRADE-FINAL-CA0322009H3[2010-06-11].gz,H3
Exports,400241,COMTRADE-FINAL-CA0322009H3[2010-06-11].gz,H3
Exports,470693,COMTRADE-FINAL-CA0322009H3[2010-06-11].gz,H3
Exports,710811,COMTRADE-FINAL-CA0322009H3[2010-06-11].gz,H3
Imports,261220,COMTRADE-FINAL-CA0322009H3[2010-06-11].gz,H3
Exports,810299,COMTRADE-FINAL-CA0322010H3[2011-09-07].gz,H3
Exports,282612,COMTRADE-FINAL-CA0322011H3[2012-05-25].gz,H3
Exports,293354,COMTRADE-FINAL-CA0322011H3[2012-05-25].gz,H3
Exports,511300,COMTRADE-FINAL-CA0322011H3[2012-05-25].gz,H3
Exports,580124,COMTRADE-FINAL-CA0322011H3[2012-05-25].gz,H3
Exports,010641,COMTRADE-FINAL-CA0322012H4[2013-05-25].gz,H4
Exports,030368,COMTRADE-FINAL-CA0322012H4[2013-05-25].gz,H4
Exports,030382,COMTRADE-FINAL-CA0322012H4[2013-05-25].gz,H4
Exports,030390,COMTRADE-FINAL-CA0322012H4[2013-05-25].gz,H4
Exports,030453,COMTRADE-FINAL-CA0322012H4[2013-05-25].gz,H4
Exports,030495,COMTRADE-FINAL-CA0322012H4[2013-05-25].gz,H4
Exports,030571,COMTRADE-FINAL-CA0322012H4[2013-05-25].gz,H4
Exports,030771,COMTRADE-FINAL-CA0322012H4[2013-05-25].gz,H4
Exports,100310,COMTRADE-FINAL-CA0322012H4[2013-05-25].gz,H4
Exports,160551,COMTRADE-FINAL-CA0322012H4[2013-05-25].gz,H4
Exports,285210,COMTRADE-FINAL-CA0322012H4[2013-05-25].gz,H4
Exports,290372,COMTRADE-FINAL-CA0322012H4[2013-05-25].gz,H4
Exports,290373,COMTRADE-FINAL-CA0322012H4[2013-05-25].gz,H4
Exports,290391,COMTRADE-FINAL-CA0322012H4[2013-05-25].gz,H4
Exports,370297,COMTRADE-FINAL-CA0322012H4[2013-05-25].gz,H4
Exports,480840,COMTRADE-FINAL-CA0322012H4[2013-05-25].gz,H4
Exports,580127,COMTRADE-FINAL-CA0322012H4[2013-05-25].gz,H4
Exports,580137,COMTRADE-FINAL-CA0322012H4[2013-05-25].gz,H4
Exports,030444,COMTRADE-FINAL-CA0322013H4[2014-07-18].gz,H4
Exports,030459,COMTRADE-FINAL-CA0322013H4[2014-07-18].gz,H4
Exports,030485,COMTRADE-FINAL-CA0322013H4[2014-07-18].gz,H4
Exports,030572,COMTRADE-FINAL-CA0322013H4[2014-07-18].gz,H4
Exports,160556,COMTRADE-FINAL-CA0322013H4[2014-07-18].gz,H4
Exports,292146,COMTRADE-FINAL-CA0322013H4[2014-07-18].gz,H4
Exports,911012,COMTRADE-FINAL-CA0322013H4[2014-07-18].gz,H4
Exports,030442,COMTRADE-FINAL-CA0322014H4[2019-07-19].gz,H4
Exports,291910,COMTRADE-FINAL-CA0322014H4[2019-07-19].gz,H4
Exports,382481,COMTRADE-FINAL-CA0322014H4[2019-07-19].gz,H4
Exports,382483,COMTRADE-FINAL-CA0322014H4[2019-07-19].gz,H4
Exports,510400,COMTRADE-FINAL-CA0322014H4[2019-07-19].gz,H4
Exports,030543,COMTRADE-FINAL-CA0322015H4[2019-07-19].gz,H4
Exports,293120,COMTRADE-FINAL-CA0322015H4[2019-07-19].gz,H4
Exports,030719,COMTRADE-FINAL-CA0322016H4[2019-07-23].gz,H4
Exports,848620,COMTRADE-FINAL-CA0322017H4[2018-04-06].gz,H4
Exports,030488,COMTRADE-FINAL-CA0322018H5[2024-07-17].gz,H5
Exports,293590,COMTRADE-FINAL-CA0322018H5[2024-07-17].gz,H5
Exports,300214,COMTRADE-FINAL-CA0322018H5[2024-07-17].gz,H5
Exports,300442,COMTRADE-FINAL-CA0322018H5[2024-07-17].gz,H5
Imports,281217,COMTRADE-FINAL-CA0322018H5[2024-07-17].gz,H5
Imports,292023,COMTRADE-FINAL-CA0322018H5[2024-07-17].gz,H5
Imports,293971,COMTRADE-FINAL-CA0322018H5[2024-07-17].gz,H5
Exports,440612,COMTRADE-FINAL-CA0322019H5[2024-07-19].gz,H5
Imports,290383,COMTRADE-FINAL-CA0322019H5[2024-07-19].gz,H5
Imports,290435,COMTRADE-FINAL-CA0322019H5[2024-07-19].gz,H5
Exports,292029,COMTRADE-FINAL-CA0322020H5[2021-06-09].gz,H5
Imports,382485,COMTRADE-FINAL-CA0322022H5[2023-05-26].gz,H5
Exports,030792,COMTRADE-FINAL-CA0322023H5[2024-04-04].gz,H5
Exports,100821,COMTRADE-FINAL-CA0322023H5[2024-04-04].gz,H5
Imports,030782,COMTRADE-FINAL-CA0322023H5[2024-04-04].gz,H5
Exports,300241,COMTRADE-FINAL-CA0322024H6[2025-06-19].gz,H6
Exports,300249,COMTRADE-FINAL-CA0322024H6[2025-06-19].gz,H6
Exports,701980,COMTRADE-FINAL-CA0322024H6[2025-06-19].gz,H6
Imports,240492,COMTRADE-FINAL-CA0322024H6[2025-06-19].gz,H6
Imports,284442,COMTRADE-FINAL-CA0322024H6[2025-06-19].gz,H6
Imports,293335,COMTRADE-FINAL-CA0322024H6[2025-06-19].gz,H6
Imports,293945,COMTRADE-FINAL-CA0322024H6[2025-06-19].gz,H6
Imports,293972,COMTRADE-FINAL-CA0322024H6[2025-06-19].gz,H6
Imports,382732,COMTRADE-FINAL-CA0322024H6[2025-06-19].gz,H6
Imports,810929,COMTRADE-FINAL-CA0322024H6[2025-06-19].gz,H6
Imports,870451,COMTRADE-FINAL-CA0322024H6[2025-06-19].gz,H6
Imports,880692,COMTRADE-FINAL-CA0322024H6[2025-06-19].gz,H6
Imports,880720,COMTRADE-FINAL-CA0322024H6[2025-06-19].gz,H6
Imports,950823,COMTRADE-FINAL-CA0322024H6[2025-06-19].gz,H6
Imports,970210,COMTRADE-FINAL-CA0322024H6[2025-06-19].gz,H6
Exports,030310,COMTRADE-FINAL-CA0362000H1[2005-12-14].gz,H1
Exports,030343,COMTRADE-FINAL-CA0362000H1[2005-12-14].gz,H1
Exports,060230,COMTRADE-FINAL-CA0362000H1[2005-12-14].gz,H1
Exports,081220,COMTRADE-FINAL-CA0362000H1[2005-12-14].gz,H1
Exports,110321,COMTRADE-FINAL-CA0362000H1[2005-12-14].gz,H1
Exports,110329,COMTRADE-FINAL-CA0362000H1[2005-12-14].gz,H1
Exports,110411,COMTRADE-FINAL-CA0362000H1[2005-12-14].gz,H1
Exports,110421,COMTRADE-FINAL-CA0362000H1[2005-12-14].gz,H1
Exports,230650,COMTRADE-FINAL-CA0362000H1[2005-12-14].gz,H1
Exports,252700,COMTRADE-FINAL-CA0362000H1[2005-12-14].gz,H1
Exports,262020,COMTRADE-FINAL-CA0362000H1[2005-12-14].gz,H1
Exports,280450,COMTRADE-FINAL-CA0362000H1[2005-12-14].gz,H1
Exports,280521,COMTRADE-FINAL-CA0362000H1[2005-12-14].gz,H1
Exports,280522,COMTRADE-FINAL-CA0362000H1[2005-12-14].gz,H1
Exports,281620,COMTRADE-FINAL-CA0362000H1[2005-12-14].gz,H1
Exports,282530,COMTRADE-FINAL-CA0362000H1[2005-12-14].gz,H1
Exports,284800,COMTRADE-FINAL-CA0362000H1[2005-12-14].gz,H1
Exports,290347,COMTRADE-FINAL-CA0362000H1[2005-12-14].gz,H1
Exports,293010,COMTRADE-FINAL-CA0362000H1[2005-12-14].gz,H1
Exports,293791,COMTRADE-FINAL-CA0362000H1[2005-12-14].gz,H1
Exports,293929,COMTRADE-FINAL-CA0362000H1[2005-12-14].gz,H1
Exports,410122,COMTRADE-FINAL-CA0362000H1[2005-12-14].gz,H1
Exports,480452,COMTRADE-FINAL-CA0362000H1[2005-12-14].gz,H1
Exports,480521,COMTRADE-FINAL-CA0362000H1[2005-12-14].gz,H1
Exports,480710,COMTRADE-FINAL-CA0362000H1[2005-12-14].gz,H1
Exports,520528,COMTRADE-FINAL-CA0362000H1[2005-12-14].gz,H1
Exports,520615,COMTRADE-FINAL-CA0362000H1[2005-12-14].gz,H1
Exports,521121,COMTRADE-FINAL-CA0362000H1[2005-12-14].gz,H1
Exports,530511,COMTRADE-FINAL-CA0362000H1[2005-12-14].gz,H1
Exports,530519,COMTRADE-FINAL-CA0362000H1[2005-12-14].gz,H1
Exports,550610,COMTRADE-FINAL-CA0362000H1[2005-12-14].gz,H1
Exports,551592,COMTRADE-FINAL-CA0362000H1[2005-12-14].gz,H1
Exports,560730,COMTRADE-FINAL-CA0362000H1[2005-12-14].gz,H1
Exports,590492,COMTRADE-FINAL-CA0362000H1[2005-12-14].gz,H1
Exports,660310,COMTRADE-FINAL-CA0362000H1[2005-12-14].gz,H1
Exports,681520,COMTRADE-FINAL-CA0362000H1[2005-12-14].gz,H1
Exports,710590,COMTRADE-FINAL-CA0362000H1[2005-12-14].gz,H1
Exports,711039,COMTRADE-FINAL-CA0362000H1[2005-12-14].gz,H1
Exports,711041,COMTRADE-FINAL-CA0362000H1[2005-12-14].gz,H1
Exports,711210,COMTRADE-FINAL-CA0362000H1[2005-12-14].gz,H1
Exports,711220,COMTRADE-FINAL-CA0362000H1[2005-12-14].gz,H1
Exports,730220,COMTRADE-FINAL-CA0362000H1[2005-12-14].gz,H1
Exports,750610,COMTRADE-FINAL-CA0362000H1[2005-12-14].gz,H1
Exports,800600,COMTRADE-FINAL-CA0362000H1[2005-12-14].gz,H1
Exports,810191,COMTRADE-FINAL-CA0362000H1[2005-12-14].gz,H1
Exports,810710,COMTRADE-FINAL-CA0362000H1[2005-12-14].gz,H1
Exports,811000,COMTRADE-FINAL-CA0362000H1[2005-12-14].gz,H1
Exports,811211,COMTRADE-FINAL-CA0362000H1[2005-12-14].gz,H1
Exports,811230,COMTRADE-FINAL-CA0362000H1[2005-12-14].gz,H1
Exports,811240,COMTRADE-FINAL-CA0362000H1[2005-12-14].gz,H1
Exports,845691,COMTRADE-FINAL-CA0362000H1[2005-12-14].gz,H1
Exports,854311,COMTRADE-FINAL-CA0362000H1[2005-12-14].gz,H1
Exports,901041,COMTRADE-FINAL-CA0362000H1[2005-12-14].gz,H1
Exports,910112,COMTRADE-FINAL-CA0362000H1[2005-12-14].gz,H1
Exports,910891,COMTRADE-FINAL-CA0362000H1[2005-12-14].gz,H1
Imports,810310,COMTRADE-FINAL-CA0362000H1[2005-12-14].gz,H1
Imports,811211,COMTRADE-FINAL-CA0362000H1[2005-12-14].gz,H1
Exports,283030,COMTRADE-FINAL-CA0362001H1[2005-12-19].gz,H1
Exports,290270,COMTRADE-FINAL-CA0362001H1[2005-12-19].gz,H1
Exports,470419,COMTRADE-FINAL-CA0362001H1[2005-12-19].gz,H1
Exports,480523,COMTRADE-FINAL-CA0362001H1[2005-12-19].gz,H1
Exports,520526,COMTRADE-FINAL-CA0362001H1[2005-12-19].gz,H1
Exports,520625,COMTRADE-FINAL-CA0362001H1[2005-12-19].gz,H1
Exports,520644,COMTRADE-FINAL-CA0362001H1[2005-12-19].gz,H1
Exports,530521,COMTRADE-FINAL-CA0362001H1[2005-12-19].gz,H1
Exports,530529,COMTRADE-FINAL-CA0362001H1[2005-12-19].gz,H1
Exports,810310,COMTRADE-FINAL-CA0362001H1[2005-12-19].gz,H1
Exports,020830,COMTRADE-FINAL-CA0362002H2[2004-01-02].gz,H2
Exports,021093,COMTRADE-FINAL-CA0362002H2[2004-01-02].gz,H2
Exports,030234,COMTRADE-FINAL-CA0362002H2[2004-01-02].gz,H2
Exports,030344,COMTRADE-FINAL-CA0362002H2[2004-01-02].gz,H2
Exports,030346,COMTRADE-FINAL-CA0362002H2[2004-01-02].gz,H2
Exports,050710,COMTRADE-FINAL-CA0362002H2[2004-01-02].gz,H2
Exports,292244,COMTRADE-FINAL-CA0362002H2[2004-01-02].gz,H2
Exports,293372,COMTRADE-FINAL-CA0362002H2[2004-01-02].gz,H2
Exports,293991,COMTRADE-FINAL-CA0362002H2[2004-01-02].gz,H2
Exports,310270,COMTRADE-FINAL-CA0362002H2[2004-01-02].gz,H2
Exports,310320,COMTRADE-FINAL-CA0362002H2[2004-01-02].gz,H2
Exports,382541,COMTRADE-FINAL-CA0362002H2[2004-01-02].gz,H2
Exports,470411,COMTRADE-FINAL-CA0362002H2[2004-01-02].gz,H2
Exports,500310,COMTRADE-FINAL-CA0362002H2[2004-01-02].gz,H2
Exports,530121,COMTRADE-FINAL-CA0362002H2[2004-01-02].gz,H2
Exports,530810,COMTRADE-FINAL-CA0362002H2[2004-01-02].gz,H2
Exports,854072,COMTRADE-FINAL-CA0362002H2[2004-01-02].gz,H2
Exports,901042,COMTRADE-FINAL-CA0362002H2[2004-01-02].gz,H2
Imports,810297,COMTRADE-FINAL-CA0362002H2[2004-01-02].gz,H2
Exports,120924,COMTRADE-FINAL-CA0362003H2[2004-11-01].gz,H2
Exports,291213,COMTRADE-FINAL-CA0362003H2[2004-11-01].gz,H2
Exports,520614,COMTRADE-FINAL-CA0362003H2[2004-11-01].gz,H2
Exports,520624,COMTRADE-FINAL-CA0362003H2[2004-11-01].gz,H2
Exports,580134,COMTRADE-FINAL-CA0362003H2[2004-11-01].gz,H2
Exports,810294,COMTRADE-FINAL-CA0362003H2[2004-11-01].gz,H2
Exports,810295,COMTRADE-FINAL-CA0362003H2[2004-11-01].gz,H2
Exports,811251,COMTRADE-FINAL-CA0362003H2[2004-11-01].gz,H2
Exports,030372,COMTRADE-FINAL-CA0362004H2[2005-12-19].gz,H2
Exports,291523,COMTRADE-FINAL-CA0362004H2[2005-12-19].gz,H2
Exports,293291,COMTRADE-FINAL-CA0362004H2[2005-12-19].gz,H2
Exports,510531,COMTRADE-FINAL-CA0362004H2[2005-12-19].gz,H2
Exports,140200,COMTRADE-FINAL-CA0362005H2[2006-06-15].gz,H2
Exports,520527,COMTRADE-FINAL-CA0362005H2[2006-06-15].gz,H2
Exports,911019,COMTRADE-FINAL-CA0362005H2[2006-06-15].gz,H2
Exports,030331,COMTRADE-FINAL-CA0362006H2[2007-08-10].gz,H2
Exports,290714,COMTRADE-FINAL-CA0362006H2[2007-08-10].gz,H2
Exports,520547,COMTRADE-FINAL-CA0362006H2[2007-08-10].gz,H2
Exports,810730,COMTRADE-FINAL-CA0362006H2[2007-08-10].gz,H2
Exports,030267,COMTRADE-FINAL-CA0362007H3[2008-03-11].gz,H3
Exports,030361,COMTRADE-FINAL-CA0362007H3[2008-03-11].gz,H3
Exports,030411,COMTRADE-FINAL-CA0362007H3[2008-03-11].gz,H3
Exports,290551,COMTRADE-FINAL-CA0362007H3[2008-03-11].gz,H3
Exports,291636,COMTRADE-FINAL-CA0362007H3[2008-03-11].gz,H3
Exports,292411,COMTRADE-FINAL-CA0362007H3[2008-03-11].gz,H3
Exports,292630,COMTRADE-FINAL-CA0362007H3[2008-03-11].gz,H3
Exports,293943,COMTRADE-FINAL-CA0362007H3[2008-03-11].gz,H3
Exports,382473,COMTRADE-FINAL-CA0362007H3[2008-03-11].gz,H3
Exports,382477,COMTRADE-FINAL-CA0362007H3[2008-03-11].gz,H3
Exports,848630,COMTRADE-FINAL-CA0362007H3[2008-03-11].gz,H3
Exports,292011,COMTRADE-FINAL-CA0362008H3[2009-04-03].gz,H3
Exports,292521,COMTRADE-FINAL-CA0362008H3[2009-04-03].gz,H3
Exports,293951,COMTRADE-FINAL-CA0362008H3[2009-04-03].gz,H3
Exports,382472,COMTRADE-FINAL-CA0362008H3[2009-04-03].gz,H3
Exports,382476,COMTRADE-FINAL-CA0362008H3[2009-04-03].gz,H3
Exports,071232,COMTRADE-FINAL-CA0362009H3[2010-03-19].gz,H3
Exports,811020,COMTRADE-FINAL-CA0362010H3[2011-02-15].gz,H3
Exports,261310,COMTRADE-FINAL-CA0362011H3[2012-05-25].gz,H3
Exports,293341,COMTRADE-FINAL-CA0362011H3[2012-05-25].gz,H3
Exports,020860,COMTRADE-FINAL-CA0362012H4[2013-04-08].gz,H4
Exports,030119,COMTRADE-FINAL-CA0362012H4[2013-04-08].gz,H4
Exports,030290,COMTRADE-FINAL-CA0362012H4[2013-04-08].gz,H4
Exports,030312,COMTRADE-FINAL-CA0362012H4[2013-04-08].gz,H4
Exports,030326,COMTRADE-FINAL-CA0362012H4[2013-04-08].gz,H4
Exports,030367,COMTRADE-FINAL-CA0362012H4[2013-04-08].gz,H4
Exports,030432,COMTRADE-FINAL-CA0362012H4[2013-04-08].gz,H4
Exports,030461,COMTRADE-FINAL-CA0362012H4[2013-04-08].gz,H4
Exports,030463,COMTRADE-FINAL-CA0362012H4[2013-04-08].gz,H4
Exports,030781,COMTRADE-FINAL-CA0362012H4[2013-04-08].gz,H4
Exports,030789,COMTRADE-FINAL-CA0362012H4[2013-04-08].gz,H4
Exports,030821,COMTRADE-FINAL-CA0362012H4[2013-04-08].gz,H4
Exports,030829,COMTRADE-FINAL-CA0362012H4[2013-04-08].gz,H4
Exports,080280,COMTRADE-FINAL-CA0362012H4[2013-04-08].gz,H4
Exports,090821,COMTRADE-FINAL-CA0362012H4[2013-04-08].gz,H4
Exports,090822,COMTRADE-FINAL-CA0362012H4[2013-04-08].gz,H4
Exports,100840,COMTRADE-FINAL-CA0362012H4[2013-04-08].gz,H4
Exports,160557,COMTRADE-FINAL-CA0362012H4[2013-04-08].gz,H4
Exports,290376,COMTRADE-FINAL-CA0362012H4[2013-04-08].gz,H4
Exports,290377,COMTRADE-FINAL-CA0362012H4[2013-04-08].gz,H4
Exports,290379,COMTRADE-FINAL-CA0362012H4[2013-04-08].gz,H4
Exports,291818,COMTRADE-FINAL-CA0362012H4[2013-04-08].gz,H4
Exports,293110,COMTRADE-FINAL-CA0362012H4[2013-04-08].gz,H4
Exports,370296,COMTRADE-FINAL-CA0362012H4[2013-04-08].gz,H4
Exports,810320,COMTRADE-FINAL-CA0362012H4[2013-04-08].gz,H4
Imports,030485,COMTRADE-FINAL-CA0362012H4[2013-04-08].gz,H4
Exports,030323,COMTRADE-FINAL-CA0362013H4[2014-04-16].gz,H4
Exports,160561,COMTRADE-FINAL-CA0362013H4[2014-04-16].gz,H4
Exports,290378,COMTRADE-FINAL-CA0362013H4[2014-04-16].gz,H4
Exports,290381,COMTRADE-FINAL-CA0362013H4[2014-04-16].gz,H4
Exports,290389,COMTRADE-FINAL-CA0362013H4[2014-04-16].gz,H4
Exports,290392,COMTRADE-FINAL-CA0362013H4[2014-04-16].gz,H4
Exports,810330,COMTRADE-FINAL-CA0362013H4[2014-04-16].gz,H4
Exports,030256,COMTRADE-FINAL-CA0362015H4[2016-03-24].gz,H4
Exports,030431,COMTRADE-FINAL-CA0362015H4[2016-03-24].gz,H4
Exports,030433,COMTRADE-FINAL-CA0362015H4[2016-03-24].gz,H4
Exports,030445,COMTRADE-FINAL-CA0362015H4[2016-03-24].gz,H4
Exports,030532,COMTRADE-FINAL-CA0362015H4[2016-03-24].gz,H4
Exports,030246,COMTRADE-FINAL-CA0362016H4[2017-03-16].gz,H4
Exports,030475,COMTRADE-FINAL-CA0362016H4[2017-03-16].gz,H4
Exports,030483,COMTRADE-FINAL-CA0362016H4[2017-03-16].gz,H4
Exports,291891,COMTRADE-FINAL-CA0362016H4[2017-03-16].gz,H4
Imports,030455,COMTRADE-FINAL-CA0362016H4[2017-03-16].gz,H4
Exports,030249,COMTRADE-FINAL-CA0362017H5[2023-02-26].gz,H5
Exports,030291,COMTRADE-FINAL-CA0362017H5[2023-02-26].gz,H5
Exports,030292,COMTRADE-FINAL-CA0362017H5[2023-02-26].gz,H5
Exports,030299,COMTRADE-FINAL-CA0362017H5[2023-02-26].gz,H5
Exports,030633,COMTRADE-FINAL-CA0362017H5[2023-02-26].gz,H5
Exports,030691,COMTRADE-FINAL-CA0362017H5[2023-02-26].gz,H5
Exports,030692,COMTRADE-FINAL-CA0362017H5[2023-02-26].gz,H5
Exports,030693,COMTRADE-FINAL-CA0362017H5[2023-02-26].gz,H5
Exports,030722,COMTRADE-FINAL-CA0362017H5[2023-02-26].gz,H5
Exports,030732,COMTRADE-FINAL-CA0362017H5[2023-02-26].gz,H5
Exports,030783,COMTRADE-FINAL-CA0362017H5[2023-02-26].gz,H5
Exports,030787,COMTRADE-FINAL-CA0362017H5[2023-02-26].gz,H5
Exports,030812,COMTRADE-FINAL-CA0362017H5[2023-02-26].gz,H5
Exports,281214,COMTRADE-FINAL-CA0362017H5[2023-02-26].gz,H5
Exports,281219,COMTRADE-FINAL-CA0362017H5[2023-02-26].gz,H5
Exports,285310,COMTRADE-FINAL-CA0362017H5[2023-02-26].gz,H5
Exports,290491,COMTRADE-FINAL-CA0362017H5[2023-02-26].gz,H5
Exports,291462,COMTRADE-FINAL-CA0362017H5[2023-02-26].gz,H5
Exports,291471,COMTRADE-FINAL-CA0362017H5[2023-02-26].gz,H5
Exports,291479,COMTRADE-FINAL-CA0362017H5[2023-02-26].gz,H5
Exports,291536,COMTRADE-FINAL-CA0362017H5[2023-02-26].gz,H5
Exports,292022,COMTRADE-FINAL-CA0362017H5[2023-02-26].gz,H5
Exports,292023,COMTRADE-FINAL-CA0362017H5[2023-02-26].gz,H5
Exports,292215,COMTRADE-FINAL-CA0362017H5[2023-02-26].gz,H5
Exports,292216,COMTRADE-FINAL-CA0362017H5[2023-02-26].gz,H5
Exports,292217,COMTRADE-FINAL-CA0362017H5[2023-02-26].gz,H5
Exports,292218,COMTRADE-FINAL-CA0362017H5[2023-02-26].gz,H5
Exports,293070,COMTRADE-FINAL-CA0362017H5[2023-02-26].gz,H5
Exports,293134,COMTRADE-FINAL-CA0362017H5[2023-02-26].gz,H5
Exports,293214,COMTRADE-FINAL-CA0362017H5[2023-02-26].gz,H5
Exports,293510,COMTRADE-FINAL-CA0362017H5[2023-02-26].gz,H5
Exports,293980,COMTRADE-FINAL-CA0362017H5[2023-02-26].gz,H5
Exports,300341,COMTRADE-FINAL-CA0362017H5[2023-02-26].gz,H5
Exports,300441,COMTRADE-FINAL-CA0362017H5[2023-02-26].gz,H5
Exports,300443,COMTRADE-FINAL-CA0362017H5[2023-02-26].gz,H5
Exports,382488,COMTRADE-FINAL-CA0362017H5[2023-02-26].gz,H5
Exports,440322,COMTRADE-FINAL-CA0362017H5[2023-02-26].gz,H5
Exports,440397,COMTRADE-FINAL-CA0362017H5[2023-02-26].gz,H5
Exports,440611,COMTRADE-FINAL-CA0362017H5[2023-02-26].gz,H5
Exports,440797,COMTRADE-FINAL-CA0362017H5[2023-02-26].gz,H5
Exports,440922,COMTRADE-FINAL-CA0362017H5[2023-02-26].gz,H5
Exports,441234,COMTRADE-FINAL-CA0362017H5[2023-02-26].gz,H5
Exports,540253,COMTRADE-FINAL-CA0362017H5[2023-02-26].gz,H5
Exports,550640,COMTRADE-FINAL-CA0362017H5[2023-02-26].gz,H5
Exports,570420,COMTRADE-FINAL-CA0362017H5[2023-02-26].gz,H5
Exports,600535,COMTRADE-FINAL-CA0362017H5[2023-02-26].gz,H5
Exports,600538,COMTRADE-FINAL-CA0362017H5[2023-02-26].gz,H5
Exports,870240,COMTRADE-FINAL-CA0362017H5[2023-02-26].gz,H5
Imports,030292,COMTRADE-FINAL-CA0362017H5[2023-02-26].gz,H5
Imports,030456,COMTRADE-FINAL-CA0362017H5[2023-02-26].gz,H5
Imports,030783,COMTRADE-FINAL-CA0362017H5[2023-02-26].gz,H5
Imports,030822,COMTRADE-FINAL-CA0362017H5[2023-02-26].gz,H5
Imports,290393,COMTRADE-FINAL-CA0362017H5[2023-02-26].gz,H5
Imports,290434,COMTRADE-FINAL-CA0362017H5[2023-02-26].gz,H5
Imports,292113,COMTRADE-FINAL-CA0362017H5[2023-02-26].gz,H5
Imports,292216,COMTRADE-FINAL-CA0362017H5[2023-02-26].gz,H5
Imports,293520,COMTRADE-FINAL-CA0362017H5[2023-02-26].gz,H5
Imports,293530,COMTRADE-FINAL-CA0362017H5[2023-02-26].gz,H5
Imports,440324,COMTRADE-FINAL-CA0362017H5[2023-02-26].gz,H5
Exports,030456,COMTRADE-FINAL-CA0362018H5[2023-02-26].gz,H5
Exports,030497,COMTRADE-FINAL-CA0362018H5[2023-02-26].gz,H5
Exports,030635,COMTRADE-FINAL-CA0362018H5[2023-02-26].gz,H5
Exports,030784,COMTRADE-FINAL-CA0362018H5[2023-02-26].gz,H5
Exports,121294,COMTRADE-FINAL-CA0362018H5[2023-02-26].gz,H5
Exports,290383,COMTRADE-FINAL-CA0362018H5[2023-02-26].gz,H5
Exports,290431,COMTRADE-FINAL-CA0362018H5[2023-02-26].gz,H5
Exports,290811,COMTRADE-FINAL-CA0362018H5[2023-02-26].gz,H5
Exports,291040,COMTRADE-FINAL-CA0362018H5[2023-02-26].gz,H5
Exports,291050,COMTRADE-FINAL-CA0362018H5[2023-02-26].gz,H5
Exports,292340,COMTRADE-FINAL-CA0362018H5[2023-02-26].gz,H5
Exports,293080,COMTRADE-FINAL-CA0362018H5[2023-02-26].gz,H5
Exports,293971,COMTRADE-FINAL-CA0362018H5[2023-02-26].gz,H5
Exports,300342,COMTRADE-FINAL-CA0362018H5[2023-02-26].gz,H5
Exports,382485,COMTRADE-FINAL-CA0362018H5[2023-02-26].gz,H5
Exports,440324,COMTRADE-FINAL-CA0362018H5[2023-02-26].gz,H5
Exports,470319,COMTRADE-FINAL-CA0362018H5[2023-02-26].gz,H5
Exports,540263,COMTRADE-FINAL-CA0362018H5[2023-02-26].gz,H5
Imports,030788,COMTRADE-FINAL-CA0362018H5[2023-02-26].gz,H5
Imports,293132,COMTRADE-FINAL-CA0362018H5[2023-02-26].gz,H5
Exports,020743,COMTRADE-FINAL-CA0362019H5[2023-02-27].gz,H5
Exports,030493,COMTRADE-FINAL-CA0362019H5[2023-02-27].gz,H5
Exports,030554,COMTRADE-FINAL-CA0362019H5[2023-02-27].gz,H5
Exports,121150,COMTRADE-FINAL-CA0362019H5[2023-02-27].gz,H5
Exports,292021,COMTRADE-FINAL-CA0362019H5[2023-02-27].gz,H5
Exports,292024,COMTRADE-FINAL-CA0362019H5[2023-02-27].gz,H5
Exports,292330,COMTRADE-FINAL-CA0362019H5[2023-02-27].gz,H5
Exports,292425,COMTRADE-FINAL-CA0362019H5[2023-02-27].gz,H5
Exports,293060,COMTRADE-FINAL-CA0362019H5[2023-02-27].gz,H5
Exports,293131,COMTRADE-FINAL-CA0362019H5[2023-02-27].gz,H5
Exports,293138,COMTRADE-FINAL-CA0362019H5[2023-02-27].gz,H5
Imports,030392,COMTRADE-FINAL-CA0362019H5[2023-02-27].gz,H5
Imports,293137,COMTRADE-FINAL-CA0362019H5[2023-02-27].gz,H5
Exports,030365,COMTRADE-FINAL-CA0362020H5[2023-02-27].gz,H5
Exports,030484,COMTRADE-FINAL-CA0362020H5[2023-02-27].gz,H5
Exports,293392,COMTRADE-FINAL-CA0362020H5[2023-02-27].gz,H5
Exports,300343,COMTRADE-FINAL-CA0362020H5[2023-02-27].gz,H5
Imports,293133,COMTRADE-FINAL-CA0362020H5[2023-02-27].gz,H5
Imports,293134,COMTRADE-FINAL-CA0362020H5[2023-02-27].gz,H5
Exports,030241,COMTRADE-FINAL-CA0362021H5[2023-02-27].gz,H5
Exports,030443,COMTRADE-FINAL-CA0362021H5[2023-02-27].gz,H5
Exports,030486,COMTRADE-FINAL-CA0362021H5[2023-02-27].gz,H5
Exports,160418,COMTRADE-FINAL-CA0362021H5[2023-02-27].gz,H5
Exports,160563,COMTRADE-FINAL-CA0362021H5[2023-02-27].gz,H5
Exports,290394,COMTRADE-FINAL-CA0362021H5[2023-02-27].gz,H5
Exports,292113,COMTRADE-FINAL-CA0362021H5[2023-02-27].gz,H5
Exports,293295,COMTRADE-FINAL-CA0362021H5[2023-02-27].gz,H5
Exports,520633,COMTRADE-FINAL-CA0362021H5[2023-02-27].gz,H5
Exports,550210,COMTRADE-FINAL-CA0362021H5[2023-02-27].gz,H5
Exports,550290,COMTRADE-FINAL-CA0362021H5[2023-02-27].gz,H5
Imports,030497,COMTRADE-FINAL-CA0362021H5[2023-02-27].gz,H5
Imports,160418,COMTRADE-FINAL-CA0362021H5[2023-02-27].gz,H5
Exports,030255,COMTRADE-FINAL-CA0362022H6[2023-02-17].gz,H6
Exports,030496,COMTRADE-FINAL-CA0362022H6[2023-02-17].gz,H6
Exports,041090,COMTRADE-FINAL-CA0362022H6[2023-02-17].gz,H6
Exports,070953,COMTRADE-FINAL-CA0362022H6[2023-02-17].gz,H6
Exports,070954,COMTRADE-FINAL-CA0362022H6[2023-02-17].gz,H6
Exports,071234,COMTRADE-FINAL-CA0362022H6[2023-02-17].gz,H6
Exports,080291,COMTRADE-FINAL-CA0362022H6[2023-02-17].gz,H6
Exports,080292,COMTRADE-FINAL-CA0362022H6[2023-02-17].gz,H6
Exports,151010,COMTRADE-FINAL-CA0362022H6[2023-02-17].gz,H6
Exports,281112,COMTRADE-FINAL-CA0362022H6[2023-02-17].gz,H6
Exports,284442,COMTRADE-FINAL-CA0362022H6[2023-02-17].gz,H6
Exports,284444,COMTRADE-FINAL-CA0362022H6[2023-02-17].gz,H6
Exports,284540,COMTRADE-FINAL-CA0362022H6[2023-02-17].gz,H6
Exports,292114,COMTRADE-FINAL-CA0362022H6[2023-02-17].gz,H6
Exports,293148,COMTRADE-FINAL-CA0362022H6[2023-02-17].gz,H6
Exports,293149,COMTRADE-FINAL-CA0362022H6[2023-02-17].gz,H6
Exports,293159,COMTRADE-FINAL-CA0362022H6[2023-02-17].gz,H6
Exports,293492,COMTRADE-FINAL-CA0362022H6[2023-02-17].gz,H6
Exports,293550,COMTRADE-FINAL-CA0362022H6[2023-02-17].gz,H6
Exports,293972,COMTRADE-FINAL-CA0362022H6[2023-02-17].gz,H6
Exports,300259,COMTRADE-FINAL-CA0362022H6[2023-02-17].gz,H6
Exports,300693,COMTRADE-FINAL-CA0362022H6[2023-02-17].gz,H6
Exports,360310,COMTRADE-FINAL-CA0362022H6[2023-02-17].gz,H6
Exports,360330,COMTRADE-FINAL-CA0362022H6[2023-02-17].gz,H6
Exports,360340,COMTRADE-FINAL-CA0362022H6[2023-02-17].gz,H6
Exports,360350,COMTRADE-FINAL-CA0362022H6[2023-02-17].gz,H6
Exports,360360,COMTRADE-FINAL-CA0362022H6[2023-02-17].gz,H6
Exports,382212,COMTRADE-FINAL-CA0362022H6[2023-02-17].gz,H6
Exports,382213,COMTRADE-FINAL-CA0362022H6[2023-02-17].gz,H6
Exports,382487,COMTRADE-FINAL-CA0362022H6[2023-02-17].gz,H6
Exports,382489,COMTRADE-FINAL-CA0362022H6[2023-02-17].gz,H6
Exports,382492,COMTRADE-FINAL-CA0362022H6[2023-02-17].gz,H6
Exports,382740,COMTRADE-FINAL-CA0362022H6[2023-02-17].gz,H6
Exports,382768,COMTRADE-FINAL-CA0362022H6[2023-02-17].gz,H6
Exports,382790,COMTRADE-FINAL-CA0362022H6[2023-02-17].gz,H6
Exports,390721,COMTRADE-FINAL-CA0362022H6[2023-02-17].gz,H6
Exports,440132,COMTRADE-FINAL-CA0362022H6[2023-02-17].gz,H6
Exports,440342,COMTRADE-FINAL-CA0362022H6[2023-02-17].gz,H6
Exports,440713,COMTRADE-FINAL-CA0362022H6[2023-02-17].gz,H6
Exports,440714,COMTRADE-FINAL-CA0362022H6[2023-02-17].gz,H6
Exports,440723,COMTRADE-FINAL-CA0362022H6[2023-02-17].gz,H6
Exports,441241,COMTRADE-FINAL-CA0362022H6[2023-02-17].gz,H6
Exports,441249,COMTRADE-FINAL-CA0362022H6[2023-02-17].gz,H6
Exports,441251,COMTRADE-FINAL-CA0362022H6[2023-02-17].gz,H6
Exports,441811,COMTRADE-FINAL-CA0362022H6[2023-02-17].gz,H6
Exports,441882,COMTRADE-FINAL-CA0362022H6[2023-02-17].gz,H6
Exports,470630,COMTRADE-FINAL-CA0362022H6[2023-02-17].gz,H6
Exports,490520,COMTRADE-FINAL-CA0362022H6[2023-02-17].gz,H6
Exports,681511,COMTRADE-FINAL-CA0362022H6[2023-02-17].gz,H6
Exports,681512,COMTRADE-FINAL-CA0362022H6[2023-02-17].gz,H6
Exports,701914,COMTRADE-FINAL-CA0362022H6[2023-02-17].gz,H6
Exports,701915,COMTRADE-FINAL-CA0362022H6[2023-02-17].gz,H6
Exports,701961,COMTRADE-FINAL-CA0362022H6[2023-02-17].gz,H6
Exports,701962,COMTRADE-FINAL-CA0362022H6[2023-02-17].gz,H6
Exports,701963,COMTRADE-FINAL-CA0362022H6[2023-02-17].gz,H6
Exports,701964,COMTRADE-FINAL-CA0362022H6[2023-02-17].gz,H6
Exports,701965,COMTRADE-FINAL-CA0362022H6[2023-02-17].gz,H6
Exports,701969,COMTRADE-FINAL-CA0362022H6[2023-02-17].gz,H6
Exports,701971,COMTRADE-FINAL-CA0362022H6[2023-02-17].gz,H6
Exports,701972,COMTRADE-FINAL-CA0362022H6[2023-02-17].gz,H6
Exports,701973,COMTRADE-FINAL-CA0362022H6[2023-02-17].gz,H6
Exports,710421,COMTRADE-FINAL-CA0362022H6[2023-02-17].gz,H6
Exports,710429,COMTRADE-FINAL-CA0362022H6[2023-02-17].gz,H6
Exports,710491,COMTRADE-FINAL-CA0362022H6[2023-02-17].gz,H6
Exports,810391,COMTRADE-FINAL-CA0362022H6[2023-02-17].gz,H6
Exports,810399,COMTRADE-FINAL-CA0362022H6[2023-02-17].gz,H6
Exports,810991,COMTRADE-FINAL-CA0362022H6[2023-02-17].gz,H6
Exports,810999,COMTRADE-FINAL-CA0362022H6[2023-02-17].gz,H6
Exports,811231,COMTRADE-FINAL-CA0362022H6[2023-02-17].gz,H6
Exports,811269,COMTRADE-FINAL-CA0362022H6[2023-02-17].gz,H6
Exports,841470,COMTRADE-FINAL-CA0362022H6[2023-02-17].gz,H6
Exports,841912,COMTRADE-FINAL-CA0362022H6[2023-02-17].gz,H6
Exports,841933,COMTRADE-FINAL-CA0362022H6[2023-02-17].gz,H6
Exports,841935,COMTRADE-FINAL-CA0362022H6[2023-02-17].gz,H6
Exports,842870,COMTRADE-FINAL-CA0362022H6[2023-02-17].gz,H6
Exports,846211,COMTRADE-FINAL-CA0362022H6[2023-02-17].gz,H6
Exports,846222,COMTRADE-FINAL-CA0362022H6[2023-02-17].gz,H6
Exports,846225,COMTRADE-FINAL-CA0362022H6[2023-02-17].gz,H6
Exports,846226,COMTRADE-FINAL-CA0362022H6[2023-02-17].gz,H6
Exports,846269,COMTRADE-FINAL-CA0362022H6[2023-02-17].gz,H6
Exports,847983,COMTRADE-FINAL-CA0362022H6[2023-02-17].gz,H6
Exports,848530,COMTRADE-FINAL-CA0362022H6[2023-02-17].gz,H6
Exports,848580,COMTRADE-FINAL-CA0362022H6[2023-02-17].gz,H6
Exports,850171,COMTRADE-FINAL-CA0362022H6[2023-02-17].gz,H6
Exports,850180,COMTRADE-FINAL-CA0362022H6[2023-02-17].gz,H6
Exports,851411,COMTRADE-FINAL-CA0362022H6[2023-02-17].gz,H6
Exports,851432,COMTRADE-FINAL-CA0362022H6[2023-02-17].gz,H6
Exports,852411,COMTRADE-FINAL-CA0362022H6[2023-02-17].gz,H6
Exports,852412,COMTRADE-FINAL-CA0362022H6[2023-02-17].gz,H6
Exports,852582,COMTRADE-FINAL-CA0362022H6[2023-02-17].gz,H6
Exports,854142,COMTRADE-FINAL-CA0362022H6[2023-02-17].gz,H6
Exports,854151,COMTRADE-FINAL-CA0362022H6[2023-02-17].gz,H6
Exports,854921,COMTRADE-FINAL-CA0362022H6[2023-02-17].gz,H6
Exports,854931,COMTRADE-FINAL-CA0362022H6[2023-02-17].gz,H6
Exports,870123,COMTRADE-FINAL-CA0362022H6[2023-02-17].gz,H6
Exports,870460,COMTRADE-FINAL-CA0362022H6[2023-02-17].gz,H6
Exports,880610,COMTRADE-FINAL-CA0362022H6[2023-02-17].gz,H6
Exports,880623,COMTRADE-FINAL-CA0362022H6[2023-02-17].gz,H6
Exports,880629,COMTRADE-FINAL-CA0362022H6[2023-02-17].gz,H6
Exports,880691,COMTRADE-FINAL-CA0362022H6[2023-02-17].gz,H6
Exports,880693,COMTRADE-FINAL-CA0362022H6[2023-02-17].gz,H6
Exports,880694,COMTRADE-FINAL-CA0362022H6[2023-02-17].gz,H6
Exports,880720,COMTRADE-FINAL-CA0362022H6[2023-02-17].gz,H6
Exports,890312,COMTRADE-FINAL-CA0362022H6[2023-02-17].gz,H6
Exports,890321,COMTRADE-FINAL-CA0362022H6[2023-02-17].gz,H6
Exports,890331,COMTRADE-FINAL-CA0362022H6[2023-02-17].gz,H6
Exports,890333,COMTRADE-FINAL-CA0362022H6[2023-02-17].gz,H6
Exports,902781,COMTRADE-FINAL-CA0362022H6[2023-02-17].gz,H6
Exports,940620,COMTRADE-FINAL-CA0362022H6[2023-02-17].gz,H6
Exports,950821,COMTRADE-FINAL-CA0362022H6[2023-02-17].gz,H6
Exports,950826,COMTRADE-FINAL-CA0362022H6[2023-02-17].gz,H6
Exports,950830,COMTRADE-FINAL-CA0362022H6[2023-02-17].gz,H6
Exports,950840,COMTRADE-FINAL-CA0362022H6[2023-02-17].gz,H6
Exports,970210,COMTRADE-FINAL-CA0362022H6[2023-02-17].gz,H6
Exports,970310,COMTRADE-FINAL-CA0362022H6[2023-02-17].gz,H6
Exports,970522,COMTRADE-FINAL-CA0362022H6[2023-02-17].gz,H6
Exports,970531,COMTRADE-FINAL-CA0362022H6[2023-02-17].gz,H6
Exports,970539,COMTRADE-FINAL-CA0362022H6[2023-02-17].gz,H6
Exports,970610,COMTRADE-FINAL-CA0362022H6[2023-02-17].gz,H6
Imports,293144,COMTRADE-FINAL-CA0362022H6[2023-02-17].gz,H6
Imports,293148,COMTRADE-FINAL-CA0362022H6[2023-02-17].gz,H6
Imports,293334,COMTRADE-FINAL-CA0362022H6[2023-02-17].gz,H6
Imports,293336,COMTRADE-FINAL-CA0362022H6[2023-02-17].gz,H6
Imports,391120,COMTRADE-FINAL-CA0362022H6[2023-02-17].gz,H6
Imports,440342,COMTRADE-FINAL-CA0362022H6[2023-02-17].gz,H6
Imports,440714,COMTRADE-FINAL-CA0362022H6[2023-02-17].gz,H6
Imports,441241,COMTRADE-FINAL-CA0362022H6[2023-02-17].gz,H6
Imports,441249,COMTRADE-FINAL-CA0362022H6[2023-02-17].gz,H6
Imports,811239,COMTRADE-FINAL-CA0362022H6[2023-02-17].gz,H6
Imports,811249,COMTRADE-FINAL-CA0362022H6[2023-02-17].gz,H6
Imports,870123,COMTRADE-FINAL-CA0362022H6[2023-02-17].gz,H6
Imports,870124,COMTRADE-FINAL-CA0362022H6[2023-02-17].gz,H6
Imports,880693,COMTRADE-FINAL-CA0362022H6[2023-02-17].gz,H6
Imports,880699,COMTRADE-FINAL-CA0362022H6[2023-02-17].gz,H6
Imports,970122,COMTRADE-FINAL-CA0362022H6[2023-02-17].gz,H6
Imports,970522,COMTRADE-FINAL-CA0362022H6[2023-02-17].gz,H6
Exports,030454,COMTRADE-FINAL-CA0362023H6[2024-02-07].gz,H6
Exports,030822,COMTRADE-FINAL-CA0362023H6[2024-02-07].gz,H6
Exports,121160,COMTRADE-FINAL-CA0362023H6[2024-02-07].gz,H6
Exports,160562,COMTRADE-FINAL-CA0362023H6[2024-02-07].gz,H6
Exports,290348,COMTRADE-FINAL-CA0362023H6[2024-02-07].gz,H6
Exports,290435,COMTRADE-FINAL-CA0362023H6[2024-02-07].gz,H6
Exports,291616,COMTRADE-FINAL-CA0362023H6[2024-02-07].gz,H6
Exports,382712,COMTRADE-FINAL-CA0362023H6[2024-02-07].gz,H6
Exports,382732,COMTRADE-FINAL-CA0362023H6[2024-02-07].gz,H6
Exports,382739,COMTRADE-FINAL-CA0362023H6[2024-02-07].gz,H6
Exports,441252,COMTRADE-FINAL-CA0362023H6[2024-02-07].gz,H6
Exports,441291,COMTRADE-FINAL-CA0362023H6[2024-02-07].gz,H6
Exports,550119,COMTRADE-FINAL-CA0362023H6[2024-02-07].gz,H6
Exports,810690,COMTRADE-FINAL-CA0362023H6[2024-02-07].gz,H6
Exports,870451,COMTRADE-FINAL-CA0362023H6[2024-02-07].gz,H6
Exports,880692,COMTRADE-FINAL-CA0362023H6[2024-02-07].gz,H6
Exports,890323,COMTRADE-FINAL-CA0362023H6[2024-02-07].gz,H6
Exports,950824,COMTRADE-FINAL-CA0362023H6[2024-02-07].gz,H6
Imports,070955,COMTRADE-FINAL-CA0362023H6[2024-02-07].gz,H6
Imports,284530,COMTRADE-FINAL-CA0362023H6[2024-02-07].gz,H6
Imports,293153,COMTRADE-FINAL-CA0362023H6[2024-02-07].gz,H6
Imports,550111,COMTRADE-FINAL-CA0362023H6[2024-02-07].gz,H6
Imports,810391,COMTRADE-FINAL-CA0362023H6[2024-02-07].gz,H6
Imports,810939,COMTRADE-FINAL-CA0362023H6[2024-02-07].gz,H6
Imports,811231,COMTRADE-FINAL-CA0362023H6[2024-02-07].gz,H6
Imports,854991,COMTRADE-FINAL-CA0362023H6[2024-02-07].gz,H6
Exports,030447,COMTRADE-FINAL-CA0362024H6[2025-02-15].gz,H6
Exports,030494,COMTRADE-FINAL-CA0362024H6[2025-02-15].gz,H6
Exports,030782,COMTRADE-FINAL-CA0362024H6[2025-02-15].gz,H6
Exports,151630,COMTRADE-FINAL-CA0362024H6[2025-02-15].gz,H6
Exports,240491,COMTRADE-FINAL-CA0362024H6[2025-02-15].gz,H6
Exports,290393,COMTRADE-FINAL-CA0362024H6[2025-02-15].gz,H6
Exports,293334,COMTRADE-FINAL-CA0362024H6[2025-02-15].gz,H6
Exports,382711,COMTRADE-FINAL-CA0362024H6[2025-02-15].gz,H6
Exports,441259,COMTRADE-FINAL-CA0362024H6[2025-02-15].gz,H6
Exports,810939,COMTRADE-FINAL-CA0362024H6[2025-02-15].gz,H6
Exports,811239,COMTRADE-FINAL-CA0362024H6[2025-02-15].gz,H6
Exports,811249,COMTRADE-FINAL-CA0362024H6[2025-02-15].gz,H6
Exports,846263,COMTRADE-FINAL-CA0362024H6[2025-02-15].gz,H6
Exports,870124,COMTRADE-FINAL-CA0362024H6[2025-02-15].gz,H6
Exports,970521,COMTRADE-FINAL-CA0362024H6[2025-02-15].gz,H6
Imports,292022,COMTRADE-FINAL-CA0362024H6[2025-02-15].gz,H6
Imports,382486,COMTRADE-FINAL-CA0362024H6[2025-02-15].gz,H6
Imports,811241,COMTRADE-FINAL-CA0362024H6[2025-02-15].gz,H6
Imports,854912,COMTRADE-FINAL-CA0362024H6[2025-02-15].gz,H6
Exports,120926,COMTRADE-FINAL-CA0402000H1[2002-09-01].gz,H1
Exports,262050,COMTRADE-FINAL-CA0402000H1[2002-09-01].gz,H1
Exports,291431,COMTRADE-FINAL-CA0402000H1[2002-09-01].gz,H1
Exports,291817,COMTRADE-FINAL-CA0402000H1[2002-09-01].gz,H1
Exports,530410,COMTRADE-FINAL-CA0402000H1[2002-09-01].gz,H1
Imports,230640,COMTRADE-FINAL-CA0402000H1[2002-09-01].gz,H1
Imports,262050,COMTRADE-FINAL-CA0402000H1[2002-09-01].gz,H1
Imports,410122,COMTRADE-FINAL-CA0402000H1[2002-09-01].gz,H1
Exports,283422,COMTRADE-FINAL-CA0402001H1[2002-10-23].gz,H1
Exports,290362,COMTRADE-FINAL-CA0402001H1[2002-10-23].gz,H1
Exports,293970,COMTRADE-FINAL-CA0402001H1[2002-10-23].gz,H1
Exports,292424,COMTRADE-FINAL-CA0402002H2[2005-12-02].gz,H2
Exports,811259,COMTRADE-FINAL-CA0402002H2[2005-12-02].gz,H2
Exports,292512,COMTRADE-FINAL-CA0402003H2[2005-12-14].gz,H2
Imports,292424,COMTRADE-FINAL-CA0402003H2[2005-12-14].gz,H2
Exports,430170,COMTRADE-FINAL-CA0402004H2[2005-06-13].gz,H2
Exports,293355,COMTRADE-FINAL-CA0402006H2[2007-03-28].gz,H2
Exports,292412,COMTRADE-FINAL-CA0402007H3[2008-03-27].gz,H3
Exports,293050,COMTRADE-FINAL-CA0402007H3[2008-03-27].gz,H3
Exports,440794,COMTRADE-FINAL-CA0402007H3[2008-03-27].gz,H3
Exports,290352,COMTRADE-FINAL-CA0402009H3[2010-04-28].gz,H3
Exports,293963,COMTRADE-FINAL-CA0402011H3[2012-11-12].gz,H3
Exports,020752,COMTRADE-FINAL-CA0402012H4[2019-06-22].gz,H4
Exports,020753,COMTRADE-FINAL-CA0402012H4[2019-06-22].gz,H4
Exports,030224,COMTRADE-FINAL-CA0402012H4[2019-06-22].gz,H4
Exports,030334,COMTRADE-FINAL-CA0402012H4[2019-06-22].gz,H4
Exports,030564,COMTRADE-FINAL-CA0402012H4[2019-06-22].gz,H4
Imports,030283,COMTRADE-FINAL-CA0402012H4[2019-06-22].gz,H4
Exports,030472,COMTRADE-FINAL-CA0402015H4[2019-06-21].gz,H4
Exports,290375,COMTRADE-FINAL-CA0402015H4[2019-06-21].gz,H4
Exports,030634,COMTRADE-FINAL-CA0402017H5[2019-07-03].gz,H5
Exports,281217,COMTRADE-FINAL-CA0402017H5[2019-07-03].gz,H5
Exports,292030,COMTRADE-FINAL-CA0402017H5[2019-07-03].gz,H5
Exports,292423,COMTRADE-FINAL-CA0402017H5[2019-07-03].gz,H5
Exports,293132,COMTRADE-FINAL-CA0402017H5[2019-07-03].gz,H5
Exports,293979,COMTRADE-FINAL-CA0402017H5[2019-07-03].gz,H5
Exports,382486,COMTRADE-FINAL-CA0402017H5[2019-07-03].gz,H5
Exports,440393,COMTRADE-FINAL-CA0402017H5[2019-07-03].gz,H5
Exports,440394,COMTRADE-FINAL-CA0402017H5[2019-07-03].gz,H5
Exports,440395,COMTRADE-FINAL-CA0402017H5[2019-07-03].gz,H5
Exports,440796,COMTRADE-FINAL-CA0402017H5[2019-07-03].gz,H5
Imports,292640,COMTRADE-FINAL-CA0402017H5[2019-07-03].gz,H5
Imports,293131,COMTRADE-FINAL-CA0402017H5[2019-07-03].gz,H5
Imports,293540,COMTRADE-FINAL-CA0402017H5[2019-07-03].gz,H5
Exports,030356,COMTRADE-FINAL-CA0402018H5[2019-07-18].gz,H5
Exports,440396,COMTRADE-FINAL-CA0402018H5[2019-07-18].gz,H5
Imports,281215,COMTRADE-FINAL-CA0402018H5[2019-07-18].gz,H5
Imports,293135,COMTRADE-FINAL-CA0402018H5[2019-07-18].gz,H5
Exports,030283,COMTRADE-FINAL-CA0402019H5[2020-06-27].gz,H5
Imports,290433,COMTRADE-FINAL-CA0402019H5[2020-06-27].gz,H5
Imports,290436,COMTRADE-FINAL-CA0402019H5[2020-06-27].gz,H5
Imports,293136,COMTRADE-FINAL-CA0402019H5[2020-06-27].gz,H5
Exports,030830,COMTRADE-FINAL-CA0402020H5[2021-06-29].gz,H5
Exports,281211,COMTRADE-FINAL-CA0402020H5[2021-06-29].gz,H5
Exports,281215,COMTRADE-FINAL-CA0402020H5[2021-06-29].gz,H5
Exports,293520,COMTRADE-FINAL-CA0402020H5[2021-06-29].gz,H5
Exports,290892,COMTRADE-FINAL-CA0402021H5[2023-05-17].gz,H5
Exports,293530,COMTRADE-FINAL-CA0402021H5[2023-05-17].gz,H5
Exports,240411,COMTRADE-FINAL-CA0402022H6[2024-02-22].gz,H6
Exports,240492,COMTRADE-FINAL-CA0402022H6[2024-02-22].gz,H6
Exports,293141,COMTRADE-FINAL-CA0402022H6[2024-02-22].gz,H6
Exports,293142,COMTRADE-FINAL-CA0402022H6[2024-02-22].gz,H6
Exports,293144,COMTRADE-FINAL-CA0402022H6[2024-02-22].gz,H6
Exports,293145,COMTRADE-FINAL-CA0402022H6[2024-02-22].gz,H6
Exports,293146,COMTRADE-FINAL-CA0402022H6[2024-02-22].gz,H6
Exports,382713,COMTRADE-FINAL-CA0402022H6[2024-02-22].gz,H6
Exports,382720,COMTRADE-FINAL-CA0402022H6[2024-02-22].gz,H6
Exports,382731,COMTRADE-FINAL-CA0402022H6[2024-02-22].gz,H6
Exports,382751,COMTRADE-FINAL-CA0402022H6[2024-02-22].gz,H6
Exports,382759,COMTRADE-FINAL-CA0402022H6[2024-02-22].gz,H6
Exports,382762,COMTRADE-FINAL-CA0402022H6[2024-02-22].gz,H6
Exports,382763,COMTRADE-FINAL-CA0402022H6[2024-02-22].gz,H6
Exports,382765,COMTRADE-FINAL-CA0402022H6[2024-02-22].gz,H6
Exports,382769,COMTRADE-FINAL-CA0402022H6[2024-02-22].gz,H6
Exports,550111,COMTRADE-FINAL-CA0402022H6[2024-02-22].gz,H6
Exports,810610,COMTRADE-FINAL-CA0402022H6[2024-02-22].gz,H6
Exports,810929,COMTRADE-FINAL-CA0402022H6[2024-02-22].gz,H6
Exports,811241,COMTRADE-FINAL-CA0402022H6[2024-02-22].gz,H6
Exports,854913,COMTRADE-FINAL-CA0402022H6[2024-02-22].gz,H6
Exports,854914,COMTRADE-FINAL-CA0402022H6[2024-02-22].gz,H6
Imports,284520,COMTRADE-FINAL-CA0402022H6[2024-02-22].gz,H6
Imports,293141,COMTRADE-FINAL-CA0402022H6[2024-02-22].gz,H6
Imports,293142,COMTRADE-FINAL-CA0402022H6[2024-02-22].gz,H6
Imports,293143,COMTRADE-FINAL-CA0402022H6[2024-02-22].gz,H6
Imports,293145,COMTRADE-FINAL-CA0402022H6[2024-02-22].gz,H6
Imports,293146,COMTRADE-FINAL-CA0402022H6[2024-02-22].gz,H6
Imports,293151,COMTRADE-FINAL-CA0402022H6[2024-02-22].gz,H6
Imports,293337,COMTRADE-FINAL-CA0402022H6[2024-02-22].gz,H6
Imports,382712,COMTRADE-FINAL-CA0402022H6[2024-02-22].gz,H6
Imports,382713,COMTRADE-FINAL-CA0402022H6[2024-02-22].gz,H6
Imports,382714,COMTRADE-FINAL-CA0402022H6[2024-02-22].gz,H6
Imports,382720,COMTRADE-FINAL-CA0402022H6[2024-02-22].gz,H6
Imports,854921,COMTRADE-FINAL-CA0402022H6[2024-02-22].gz,H6
Exports,293154,COMTRADE-FINAL-CA0402023H6[2024-07-26].gz,H6
Exports,810921,COMTRADE-FINAL-CA0402023H6[2024-07-26].gz,H6
Exports,950825,COMTRADE-FINAL-CA0402023H6[2024-07-26].gz,H6
Imports,810931,COMTRADE-FINAL-CA0402023H6[2024-07-26].gz,H6
Exports,284520,COMTRADE-FINAL-CA0402024H6[2025-07-07].gz,H6
Exports,290434,COMTRADE-FINAL-CA0402024H6[2025-07-07].gz,H6
Exports,382714,COMTRADE-FINAL-CA0402024H6[2025-07-07].gz,H6
Imports,293147,COMTRADE-FINAL-CA0402024H6[2025-07-07].gz,H6
Imports,293152,COMTRADE-FINAL-CA0402024H6[2025-07-07].gz,H6
Imports,430150,COMTRADE-FINAL-CA0442001H1[2003-06-03].gz,H1
Exports,810291,COMTRADE-FINAL-CA0442002H1[2009-01-08].gz,H1
Exports,810292,COMTRADE-FINAL-CA0442002H1[2009-01-08].gz,H1
Exports,811261,COMTRADE-FINAL-CA0442024H6[2025-11-25].gz,H6
Imports,290394,COMTRADE-FINAL-CA0442024H6[2025-11-25].gz,H6
Imports,870452,COMTRADE-FINAL-CA0442024H6[2025-11-25].gz,H6
Exports,020710,COMTRADE-FINAL-CA0482000H0[2003-06-03].gz,H0
Exports,020721,COMTRADE-FINAL-CA0482000H0[2003-06-03].gz,H0
Exports,020750,COMTRADE-FINAL-CA0482000H0[2003-06-03].gz,H0
Exports,040500,COMTRADE-FINAL-CA0482000H0[2003-06-03].gz,H0
Exports,071210,COMTRADE-FINAL-CA0482000H0[2003-06-03].gz,H0
Exports,080110,COMTRADE-FINAL-CA0482000H0[2003-06-03].gz,H0
Exports,080120,COMTRADE-FINAL-CA0482000H0[2003-06-03].gz,H0
Exports,080130,COMTRADE-FINAL-CA0482000H0[2003-06-03].gz,H0
Exports,080710,COMTRADE-FINAL-CA0482000H0[2003-06-03].gz,H0
Exports,151911,COMTRADE-FINAL-CA0482000H0[2003-06-03].gz,H0
Exports,210110,COMTRADE-FINAL-CA0482000H0[2003-06-03].gz,H0
Exports,250310,COMTRADE-FINAL-CA0482000H0[2003-06-03].gz,H0
Exports,251329,COMTRADE-FINAL-CA0482000H0[2003-06-03].gz,H0
Exports,290340,COMTRADE-FINAL-CA0482000H0[2003-06-03].gz,H0
Exports,300239,COMTRADE-FINAL-CA0482000H0[2003-06-03].gz,H0
Exports,382340,COMTRADE-FINAL-CA0482000H0[2003-06-03].gz,H0
Exports,382350,COMTRADE-FINAL-CA0482000H0[2003-06-03].gz,H0
Exports,382390,COMTRADE-FINAL-CA0482000H0[2003-06-03].gz,H0
Exports,401010,COMTRADE-FINAL-CA0482000H0[2003-06-03].gz,H0
Exports,440820,COMTRADE-FINAL-CA0482000H0[2003-06-03].gz,H0
Exports,441211,COMTRADE-FINAL-CA0482000H0[2003-06-03].gz,H0
Exports,441212,COMTRADE-FINAL-CA0482000H0[2003-06-03].gz,H0
Exports,540760,COMTRADE-FINAL-CA0482000H0[2003-06-03].gz,H0
Exports,560300,COMTRADE-FINAL-CA0482000H0[2003-06-03].gz,H0
Exports,720814,COMTRADE-FINAL-CA0482000H0[2003-06-03].gz,H0
Exports,720941,COMTRADE-FINAL-CA0482000H0[2003-06-03].gz,H0
Exports,721460,COMTRADE-FINAL-CA0482000H0[2003-06-03].gz,H0
Exports,721690,COMTRADE-FINAL-CA0482000H0[2003-06-03].gz,H0
Exports,721711,COMTRADE-FINAL-CA0482000H0[2003-06-03].gz,H0
Exports,731430,COMTRADE-FINAL-CA0482000H0[2003-06-03].gz,H0
Exports,761690,COMTRADE-FINAL-CA0482000H0[2003-06-03].gz,H0
Exports,820232,COMTRADE-FINAL-CA0482000H0[2003-06-03].gz,H0
Exports,847191,COMTRADE-FINAL-CA0482000H0[2003-06-03].gz,H0
Exports,847192,COMTRADE-FINAL-CA0482000H0[2003-06-03].gz,H0
Exports,847193,COMTRADE-FINAL-CA0482000H0[2003-06-03].gz,H0
Exports,847199,COMTRADE-FINAL-CA0482000H0[2003-06-03].gz,H0
Exports,847619,COMTRADE-FINAL-CA0482000H0[2003-06-03].gz,H0
Exports,850230,COMTRADE-FINAL-CA0482000H0[2003-06-03].gz,H0
Exports,850611,COMTRADE-FINAL-CA0482000H0[2003-06-03].gz,H0
Exports,850619,COMTRADE-FINAL-CA0482000H0[2003-06-03].gz,H0
Exports,850620,COMTRADE-FINAL-CA0482000H0[2003-06-03].gz,H0
Exports,851710,COMTRADE-FINAL-CA0482000H0[2003-06-03].gz,H0
Exports,851781,COMTRADE-FINAL-CA0482000H0[2003-06-03].gz,H0
Exports,851991,COMTRADE-FINAL-CA0482000H0[2003-06-03].gz,H0
Exports,852031,COMTRADE-FINAL-CA0482000H0[2003-06-03].gz,H0
Exports,852422,COMTRADE-FINAL-CA0482000H0[2003-06-03].gz,H0
Exports,852490,COMTRADE-FINAL-CA0482000H0[2003-06-03].gz,H0
Exports,852810,COMTRADE-FINAL-CA0482000H0[2003-06-03].gz,H0
Exports,852820,COMTRADE-FINAL-CA0482000H0[2003-06-03].gz,H0
Imports,020710,COMTRADE-FINAL-CA0482000H0[2003-06-03].gz,H0
Imports,020721,COMTRADE-FINAL-CA0482000H0[2003-06-03].gz,H0
Imports,020722,COMTRADE-FINAL-CA0482000H0[2003-06-03].gz,H0
Imports,020723,COMTRADE-FINAL-CA0482000H0[2003-06-03].gz,H0
Imports,020731,COMTRADE-FINAL-CA0482000H0[2003-06-03].gz,H0
Imports,020739,COMTRADE-FINAL-CA0482000H0[2003-06-03].gz,H0
Imports,020750,COMTRADE-FINAL-CA0482000H0[2003-06-03].gz,H0
Imports,040500,COMTRADE-FINAL-CA0482000H0[2003-06-03].gz,H0
Imports,060291,COMTRADE-FINAL-CA0482000H0[2003-06-03].gz,H0
Imports,060299,COMTRADE-FINAL-CA0482000H0[2003-06-03].gz,H0
Imports,071210,COMTRADE-FINAL-CA0482000H0[2003-06-03].gz,H0
Imports,080110,COMTRADE-FINAL-CA0482000H0[2003-06-03].gz,H0
Imports,080130,COMTRADE-FINAL-CA0482000H0[2003-06-03].gz,H0
Imports,080710,COMTRADE-FINAL-CA0482000H0[2003-06-03].gz,H0
Imports,090140,COMTRADE-FINAL-CA0482000H0[2003-06-03].gz,H0
Imports,151911,COMTRADE-FINAL-CA0482000H0[2003-06-03].gz,H0
Imports,152010,COMTRADE-FINAL-CA0482000H0[2003-06-03].gz,H0
Imports,152090,COMTRADE-FINAL-CA0482000H0[2003-06-03].gz,H0
Imports,170210,COMTRADE-FINAL-CA0482000H0[2003-06-03].gz,H0
Imports,200530,COMTRADE-FINAL-CA0482000H0[2003-06-03].gz,H0
Imports,210110,COMTRADE-FINAL-CA0482000H0[2003-06-03].gz,H0
Imports,220810,COMTRADE-FINAL-CA0482000H0[2003-06-03].gz,H0
Imports,251329,COMTRADE-FINAL-CA0482000H0[2003-06-03].gz,H0
Imports,253030,COMTRADE-FINAL-CA0482000H0[2003-06-03].gz,H0
Imports,282737,COMTRADE-FINAL-CA0482000H0[2003-06-03].gz,H0
Imports,284160,COMTRADE-FINAL-CA0482000H0[2003-06-03].gz,H0
Imports,290340,COMTRADE-FINAL-CA0482000H0[2003-06-03].gz,H0
Imports,291430,COMTRADE-FINAL-CA0482000H0[2003-06-03].gz,H0
Imports,291441,COMTRADE-FINAL-CA0482000H0[2003-06-03].gz,H0
Imports,293290,COMTRADE-FINAL-CA0482000H0[2003-06-03].gz,H0
Imports,300231,COMTRADE-FINAL-CA0482000H0[2003-06-03].gz,H0
Imports,300239,COMTRADE-FINAL-CA0482000H0[2003-06-03].gz,H0
Imports,320610,COMTRADE-FINAL-CA0482000H0[2003-06-03].gz,H0
Imports,350210,COMTRADE-FINAL-CA0482000H0[2003-06-03].gz,H0
Imports,380999,COMTRADE-FINAL-CA0482000H0[2003-06-03].gz,H0
Imports,382310,COMTRADE-FINAL-CA0482000H0[2003-06-03].gz,H0
Imports,382320,COMTRADE-FINAL-CA0482000H0[2003-06-03].gz,H0
Imports,382330,COMTRADE-FINAL-CA0482000H0[2003-06-03].gz,H0
Imports,382340,COMTRADE-FINAL-CA0482000H0[2003-06-03].gz,H0
Imports,382350,COMTRADE-FINAL-CA0482000H0[2003-06-03].gz,H0
Imports,382360,COMTRADE-FINAL-CA0482000H0[2003-06-03].gz,H0
Imports,382390,COMTRADE-FINAL-CA0482000H0[2003-06-03].gz,H0
Imports,390511,COMTRADE-FINAL-CA0482000H0[2003-06-03].gz,H0
Imports,390520,COMTRADE-FINAL-CA0482000H0[2003-06-03].gz,H0
Imports,390590,COMTRADE-FINAL-CA0482000H0[2003-06-03].gz,H0
Imports,401010,COMTRADE-FINAL-CA0482000H0[2003-06-03].gz,H0
Imports,401091,COMTRADE-FINAL-CA0482000H0[2003-06-03].gz,H0
Imports,401099,COMTRADE-FINAL-CA0482000H0[2003-06-03].gz,H0
Imports,440331,COMTRADE-FINAL-CA0482000H0[2003-06-03].gz,H0
Imports,440335,COMTRADE-FINAL-CA0482000H0[2003-06-03].gz,H0
Imports,440820,COMTRADE-FINAL-CA0482000H0[2003-06-03].gz,H0
Imports,441010,COMTRADE-FINAL-CA0482000H0[2003-06-03].gz,H0
Imports,441211,COMTRADE-FINAL-CA0482000H0[2003-06-03].gz,H0
Imports,441212,COMTRADE-FINAL-CA0482000H0[2003-06-03].gz,H0
Imports,441221,COMTRADE-FINAL-CA0482000H0[2003-06-03].gz,H0
Imports,480791,COMTRADE-FINAL-CA0482000H0[2003-06-03].gz,H0
Imports,480799,COMTRADE-FINAL-CA0482000H0[2003-06-03].gz,H0
Imports,482330,COMTRADE-FINAL-CA0482000H0[2003-06-03].gz,H0
Imports,540760,COMTRADE-FINAL-CA0482000H0[2003-06-03].gz,H0
Imports,560300,COMTRADE-FINAL-CA0482000H0[2003-06-03].gz,H0
Imports,630531,COMTRADE-FINAL-CA0482000H0[2003-06-03].gz,H0
Imports,640211,COMTRADE-FINAL-CA0482000H0[2003-06-03].gz,H0
Imports,640311,COMTRADE-FINAL-CA0482000H0[2003-06-03].gz,H0
Imports,700311,COMTRADE-FINAL-CA0482000H0[2003-06-03].gz,H0
Imports,700410,COMTRADE-FINAL-CA0482000H0[2003-06-03].gz,H0
Imports,701910,COMTRADE-FINAL-CA0482000H0[2003-06-03].gz,H0
Imports,701920,COMTRADE-FINAL-CA0482000H0[2003-06-03].gz,H0
Imports,720130,COMTRADE-FINAL-CA0482000H0[2003-06-03].gz,H0
Imports,720140,COMTRADE-FINAL-CA0482000H0[2003-06-03].gz,H0
Imports,720811,COMTRADE-FINAL-CA0482000H0[2003-06-03].gz,H0
Imports,720812,COMTRADE-FINAL-CA0482000H0[2003-06-03].gz,H0
Imports,720813,COMTRADE-FINAL-CA0482000H0[2003-06-03].gz,H0
Imports,720814,COMTRADE-FINAL-CA0482000H0[2003-06-03].gz,H0
Imports,720821,COMTRADE-FINAL-CA0482000H0[2003-06-03].gz,H0
Imports,720822,COMTRADE-FINAL-CA0482000H0[2003-06-03].gz,H0
Imports,720823,COMTRADE-FINAL-CA0482000H0[2003-06-03].gz,H0
Imports,720824,COMTRADE-FINAL-CA0482000H0[2003-06-03].gz,H0
Imports,720831,COMTRADE-FINAL-CA0482000H0[2003-06-03].gz,H0
Imports,720832,COMTRADE-FINAL-CA0482000H0[2003-06-03].gz,H0
Imports,720833,COMTRADE-FINAL-CA0482000H0[2003-06-03].gz,H0
Imports,720834,COMTRADE-FINAL-CA0482000H0[2003-06-03].gz,H0
Imports,720835,COMTRADE-FINAL-CA0482000H0[2003-06-03].gz,H0
Imports,720842,COMTRADE-FINAL-CA0482000H0[2003-06-03].gz,H0
Imports,720843,COMTRADE-FINAL-CA0482000H0[2003-06-03].gz,H0
Imports,720844,COMTRADE-FINAL-CA0482000H0[2003-06-03].gz,H0
Imports,720845,COMTRADE-FINAL-CA0482000H0[2003-06-03].gz,H0
Imports,720911,COMTRADE-FINAL-CA0482000H0[2003-06-03].gz,H0
Imports,720912,COMTRADE-FINAL-CA0482000H0[2003-06-03].gz,H0
Imports,720913,COMTRADE-FINAL-CA0482000H0[2003-06-03].gz,H0
Imports,720914,COMTRADE-FINAL-CA0482000H0[2003-06-03].gz,H0
Imports,720921,COMTRADE-FINAL-CA0482000H0[2003-06-03].gz,H0
Imports,720922,COMTRADE-FINAL-CA0482000H0[2003-06-03].gz,H0
Imports,720923,COMTRADE-FINAL-CA0482000H0[2003-06-03].gz,H0
Imports,720924,COMTRADE-FINAL-CA0482000H0[2003-06-03].gz,H0
Imports,720931,COMTRADE-FINAL-CA0482000H0[2003-06-03].gz,H0
Imports,720932,COMTRADE-FINAL-CA0482000H0[2003-06-03].gz,H0
Imports,720934,COMTRADE-FINAL-CA0482000H0[2003-06-03].gz,H0
Imports,720941,COMTRADE-FINAL-CA0482000H0[2003-06-03].gz,H0
Imports,720942,COMTRADE-FINAL-CA0482000H0[2003-06-03].gz,H0
Imports,720943,COMTRADE-FINAL-CA0482000H0[2003-06-03].gz,H0
Imports,720944,COMTRADE-FINAL-CA0482000H0[2003-06-03].gz,H0
Imports,721039,COMTRADE-FINAL-CA0482000H0[2003-06-03].gz,H0
Imports,721060,COMTRADE-FINAL-CA0482000H0[2003-06-03].gz,H0
Imports,721111,COMTRADE-FINAL-CA0482000H0[2003-06-03].gz,H0
Imports,721130,COMTRADE-FINAL-CA0482000H0[2003-06-03].gz,H0
Imports,721149,COMTRADE-FINAL-CA0482000H0[2003-06-03].gz,H0
Imports,721221,COMTRADE-FINAL-CA0482000H0[2003-06-03].gz,H0
Imports,721229,COMTRADE-FINAL-CA0482000H0[2003-06-03].gz,H0
Imports,721331,COMTRADE-FINAL-CA0482000H0[2003-06-03].gz,H0
Imports,721339,COMTRADE-FINAL-CA0482000H0[2003-06-03].gz,H0
Imports,721349,COMTRADE-FINAL-CA0482000H0[2003-06-03].gz,H0
Imports,721350,COMTRADE-FINAL-CA0482000H0[2003-06-03].gz,H0
Imports,721440,COMTRADE-FINAL-CA0482000H0[2003-06-03].gz,H0
Imports,721460,COMTRADE-FINAL-CA0482000H0[2003-06-03].gz,H0
Imports,721520,COMTRADE-FINAL-CA0482000H0[2003-06-03].gz,H0
Imports,721530,COMTRADE-FINAL-CA0482000H0[2003-06-03].gz,H0
Imports,721540,COMTRADE-FINAL-CA0482000H0[2003-06-03].gz,H0
Imports,721660,COMTRADE-FINAL-CA0482000H0[2003-06-03].gz,H0
Imports,721690,COMTRADE-FINAL-CA0482000H0[2003-06-03].gz,H0
Imports,721711,COMTRADE-FINAL-CA0482000H0[2003-06-03].gz,H0
Imports,721712,COMTRADE-FINAL-CA0482000H0[2003-06-03].gz,H0
Imports,721713,COMTRADE-FINAL-CA0482000H0[2003-06-03].gz,H0
Imports,721719,COMTRADE-FINAL-CA0482000H0[2003-06-03].gz,H0
Imports,721721,COMTRADE-FINAL-CA0482000H0[2003-06-03].gz,H0
Imports,721722,COMTRADE-FINAL-CA0482000H0[2003-06-03].gz,H0
Imports,721723,COMTRADE-FINAL-CA0482000H0[2003-06-03].gz,H0
Imports,721729,COMTRADE-FINAL-CA0482000H0[2003-06-03].gz,H0
Imports,721731,COMTRADE-FINAL-CA0482000H0[2003-06-03].gz,H0
Imports,721732,COMTRADE-FINAL-CA0482000H0[2003-06-03].gz,H0
Imports,721733,COMTRADE-FINAL-CA0482000H0[2003-06-03].gz,H0
Imports,721739,COMTRADE-FINAL-CA0482000H0[2003-06-03].gz,H0
Imports,721890,COMTRADE-FINAL-CA0482000H0[2003-06-03].gz,H0
Imports,722210,COMTRADE-FINAL-CA0482000H0[2003-06-03].gz,H0
Imports,722590,COMTRADE-FINAL-CA0482000H0[2003-06-03].gz,H0
Imports,730420,COMTRADE-FINAL-CA0482000H0[2003-06-03].gz,H0
Imports,731411,COMTRADE-FINAL-CA0482000H0[2003-06-03].gz,H0
Imports,731430,COMTRADE-FINAL-CA0482000H0[2003-06-03].gz,H0
Imports,750800,COMTRADE-FINAL-CA0482000H0[2003-06-03].gz,H0
Imports,761690,COMTRADE-FINAL-CA0482000H0[2003-06-03].gz,H0
Imports,790710,COMTRADE-FINAL-CA0482000H0[2003-06-03].gz,H0
Imports,790790,COMTRADE-FINAL-CA0482000H0[2003-06-03].gz,H0
Imports,820232,COMTRADE-FINAL-CA0482000H0[2003-06-03].gz,H0
Imports,820711,COMTRADE-FINAL-CA0482000H0[2003-06-03].gz,H0
Imports,820712,COMTRADE-FINAL-CA0482000H0[2003-06-03].gz,H0
Imports,840619,COMTRADE-FINAL-CA0482000H0[2003-06-03].gz,H0
Imports,844350,COMTRADE-FINAL-CA0482000H0[2003-06-03].gz,H0
Imports,846921,COMTRADE-FINAL-CA0482000H0[2003-06-03].gz,H0
Imports,846931,COMTRADE-FINAL-CA0482000H0[2003-06-03].gz,H0
Imports,846939,COMTRADE-FINAL-CA0482000H0[2003-06-03].gz,H0
Imports,847120,COMTRADE-FINAL-CA0482000H0[2003-06-03].gz,H0
Imports,847191,COMTRADE-FINAL-CA0482000H0[2003-06-03].gz,H0
Imports,847192,COMTRADE-FINAL-CA0482000H0[2003-06-03].gz,H0
Imports,847193,COMTRADE-FINAL-CA0482000H0[2003-06-03].gz,H0
Imports,847199,COMTRADE-FINAL-CA0482000H0[2003-06-03].gz,H0
Imports,847520,COMTRADE-FINAL-CA0482000H0[2003-06-03].gz,H0
Imports,847611,COMTRADE-FINAL-CA0482000H0[2003-06-03].gz,H0
Imports,847619,COMTRADE-FINAL-CA0482000H0[2003-06-03].gz,H0
Imports,850230,COMTRADE-FINAL-CA0482000H0[2003-06-03].gz,H0
Imports,850611,COMTRADE-FINAL-CA0482000H0[2003-06-03].gz,H0
Imports,850612,COMTRADE-FINAL-CA0482000H0[2003-06-03].gz,H0
Imports,850613,COMTRADE-FINAL-CA0482000H0[2003-06-03].gz,H0
Imports,850619,COMTRADE-FINAL-CA0482000H0[2003-06-03].gz,H0
Imports,850620,COMTRADE-FINAL-CA0482000H0[2003-06-03].gz,H0
Imports,851710,COMTRADE-FINAL-CA0482000H0[2003-06-03].gz,H0
Imports,851720,COMTRADE-FINAL-CA0482000H0[2003-06-03].gz,H0
Imports,851740,COMTRADE-FINAL-CA0482000H0[2003-06-03].gz,H0
Imports,851781,COMTRADE-FINAL-CA0482000H0[2003-06-03].gz,H0
Imports,851782,COMTRADE-FINAL-CA0482000H0[2003-06-03].gz,H0
Imports,851991,COMTRADE-FINAL-CA0482000H0[2003-06-03].gz,H0
Imports,852031,COMTRADE-FINAL-CA0482000H0[2003-06-03].gz,H0
Imports,852421,COMTRADE-FINAL-CA0482000H0[2003-06-03].gz,H0
Imports,852422,COMTRADE-FINAL-CA0482000H0[2003-06-03].gz,H0
Imports,852423,COMTRADE-FINAL-CA0482000H0[2003-06-03].gz,H0
Imports,852490,COMTRADE-FINAL-CA0482000H0[2003-06-03].gz,H0
Imports,852711,COMTRADE-FINAL-CA0482000H0[2003-06-03].gz,H0
Imports,852810,COMTRADE-FINAL-CA0482000H0[2003-06-03].gz,H0
Imports,852820,COMTRADE-FINAL-CA0482000H0[2003-06-03].gz,H0
Imports,853940,COMTRADE-FINAL-CA0482000H0[2003-06-03].gz,H0
Imports,854030,COMTRADE-FINAL-CA0482000H0[2003-06-03].gz,H0
Imports,854211,COMTRADE-FINAL-CA0482000H0[2003-06-03].gz,H0
Imports,854220,COMTRADE-FINAL-CA0482000H0[2003-06-03].gz,H0
Imports,854280,COMTRADE-FINAL-CA0482000H0[2003-06-03].gz,H0
Imports,854380,COMTRADE-FINAL-CA0482000H0[2003-06-03].gz,H0
Imports,900721,COMTRADE-FINAL-CA0482000H0[2003-06-03].gz,H0
Imports,900729,COMTRADE-FINAL-CA0482000H0[2003-06-03].gz,H0
Imports,901020,COMTRADE-FINAL-CA0482000H0[2003-06-03].gz,H0
Imports,901030,COMTRADE-FINAL-CA0482000H0[2003-06-03].gz,H0
Imports,902211,COMTRADE-FINAL-CA0482000H0[2003-06-03].gz,H0
Imports,902520,COMTRADE-FINAL-CA0482000H0[2003-06-03].gz,H0
Imports,903081,COMTRADE-FINAL-CA0482000H0[2003-06-03].gz,H0
Imports,903140,COMTRADE-FINAL-CA0482000H0[2003-06-03].gz,H0
Exports,010591,COMTRADE-FINAL-CA0482001H0[2003-06-03].gz,H0
Exports,020739,COMTRADE-FINAL-CA0482001H0[2003-06-03].gz,H0
Exports,060299,COMTRADE-FINAL-CA0482001H0[2003-06-03].gz,H0
Exports,380999,COMTRADE-FINAL-CA0482001H0[2003-06-03].gz,H0
Exports,630531,COMTRADE-FINAL-CA0482001H0[2003-06-03].gz,H0
Exports,701920,COMTRADE-FINAL-CA0482001H0[2003-06-03].gz,H0
Exports,720831,COMTRADE-FINAL-CA0482001H0[2003-06-03].gz,H0
Exports,720832,COMTRADE-FINAL-CA0482001H0[2003-06-03].gz,H0
Exports,720922,COMTRADE-FINAL-CA0482001H0[2003-06-03].gz,H0
Exports,720934,COMTRADE-FINAL-CA0482001H0[2003-06-03].gz,H0
Exports,721331,COMTRADE-FINAL-CA0482001H0[2003-06-03].gz,H0
Exports,721349,COMTRADE-FINAL-CA0482001H0[2003-06-03].gz,H0
Exports,721660,COMTRADE-FINAL-CA0482001H0[2003-06-03].gz,H0
Exports,721739,COMTRADE-FINAL-CA0482001H0[2003-06-03].gz,H0
Exports,840611,COMTRADE-FINAL-CA0482001H0[2003-06-03].gz,H0
Exports,844350,COMTRADE-FINAL-CA0482001H0[2003-06-03].gz,H0
Exports,901020,COMTRADE-FINAL-CA0482001H0[2003-06-03].gz,H0
Imports,010591,COMTRADE-FINAL-CA0482001H0[2003-06-03].gz,H0
Imports,151912,COMTRADE-FINAL-CA0482001H0[2003-06-03].gz,H0
Imports,250390,COMTRADE-FINAL-CA0482001H0[2003-06-03].gz,H0
Imports,251321,COMTRADE-FINAL-CA0482001H0[2003-06-03].gz,H0
Imports,283521,COMTRADE-FINAL-CA0482001H0[2003-06-03].gz,H0
Imports,284810,COMTRADE-FINAL-CA0482001H0[2003-06-03].gz,H0
Imports,291633,COMTRADE-FINAL-CA0482001H0[2003-06-03].gz,H0
Imports,440332,COMTRADE-FINAL-CA0482001H0[2003-06-03].gz,H0
Imports,440334,COMTRADE-FINAL-CA0482001H0[2003-06-03].gz,H0
Imports,720841,COMTRADE-FINAL-CA0482001H0[2003-06-03].gz,H0
Imports,720933,COMTRADE-FINAL-CA0482001H0[2003-06-03].gz,H0
Imports,721031,COMTRADE-FINAL-CA0482001H0[2003-06-03].gz,H0
Imports,721122,COMTRADE-FINAL-CA0482001H0[2003-06-03].gz,H0
Imports,721341,COMTRADE-FINAL-CA0482001H0[2003-06-03].gz,H0
Imports,721450,COMTRADE-FINAL-CA0482001H0[2003-06-03].gz,H0
Imports,741410,COMTRADE-FINAL-CA0482001H0[2003-06-03].gz,H0
Imports,840611,COMTRADE-FINAL-CA0482001H0[2003-06-03].gz,H0
Imports,846910,COMTRADE-FINAL-CA0482001H0[2003-06-03].gz,H0
Imports,846929,COMTRADE-FINAL-CA0482001H0[2003-06-03].gz,H0
Imports,961410,COMTRADE-FINAL-CA0482001H0[2003-06-03].gz,H0
Exports,290374,COMTRADE-FINAL-CA0482015H4[2019-10-05].gz,H4
Exports,071450,COMTRADE-FINAL-CA0512015H4[2016-02-05].gz,H4
Exports,293337,COMTRADE-FINAL-CA0512022H6[2024-04-23].gz,H6
Exports,271021,COMTRADE-FINAL-CA0522000H1[2002-09-01].gz,H1
Exports,271093,COMTRADE-FINAL-CA0522000H1[2002-09-01].gz,H1
Exports,271094,COMTRADE-FINAL-CA0522000H1[2002-09-01].gz,H1
Imports,271013,COMTRADE-FINAL-CA0522000H1[2002-09-01].gz,H1
Imports,271021,COMTRADE-FINAL-CA0522000H1[2002-09-01].gz,H1
Imports,271029,COMTRADE-FINAL-CA0522000H1[2002-09-01].gz,H1
Imports,271093,COMTRADE-FINAL-CA0522000H1[2002-09-01].gz,H1
Imports,271094,COMTRADE-FINAL-CA0522000H1[2002-09-01].gz,H1
Imports,271095,COMTRADE-FINAL-CA0522000H1[2002-09-01].gz,H1
Exports,271095,COMTRADE-FINAL-CA0522001H1[2002-09-01].gz,H1
Imports,271096,COMTRADE-FINAL-CA0522002H1[2003-06-03].gz,H1
Exports,140210,COMTRADE-FINAL-CA0562000H1[2002-09-01].gz,H1
Exports,230810,COMTRADE-FINAL-CA0562000H1[2002-09-01].gz,H1
Exports,292422,COMTRADE-FINAL-CA0562000H1[2002-09-01].gz,H1
Exports,430140,COMTRADE-FINAL-CA0562000H1[2002-09-01].gz,H1
Exports,530591,COMTRADE-FINAL-CA0562000H1[2002-09-01].gz,H1
Exports,810293,COMTRADE-FINAL-CA0562000H1[2002-09-01].gz,H1
Exports,120792,COMTRADE-FINAL-CA0562001H1[2002-09-01].gz,H1
Exports,293294,COMTRADE-FINAL-CA0562001H1[2002-09-01].gz,H1
Exports,430150,COMTRADE-FINAL-CA0562001H1[2002-09-01].gz,H1
Exports,293292,COMTRADE-FINAL-CA0562002H2[2004-03-22].gz,H2
Imports,291636,COMTRADE-FINAL-CA0562007H3[2008-04-01].gz,H3
Exports,010514,COMTRADE-FINAL-CA0562012H4[2021-05-19].gz,H4
Exports,030253,COMTRADE-FINAL-CA0562012H4[2021-05-19].gz,H4
Exports,030364,COMTRADE-FINAL-CA0562012H4[2021-05-19].gz,H4
Exports,030455,COMTRADE-FINAL-CA0562012H4[2021-05-19].gz,H4
Exports,293944,COMTRADE-FINAL-CA0562012H4[2021-05-19].gz,H4
Exports,293133,COMTRADE-FINAL-CA0562017H5[2019-09-28].gz,H5
Imports,030457,COMTRADE-FINAL-CA0562017H5[2019-09-28].gz,H5
Exports,030448,COMTRADE-FINAL-CA0562018H5[2021-10-01].gz,H5
Exports,811252,COMTRADE-FINAL-CA0562018H5[2021-10-01].gz,H5
Exports,030788,COMTRADE-FINAL-CA0562019H5[2022-11-15].gz,H5
Exports,293135,COMTRADE-FINAL-CA0562019H5[2022-11-15].gz,H5
Exports,293136,COMTRADE-FINAL-CA0562019H5[2022-11-15].gz,H5
Exports,010515,COMTRADE-FINAL-CA0562020H5[2023-10-17].gz,H5
Exports,070955,COMTRADE-FINAL-CA0562022H6[2026-03-19].gz,H6
Exports,293335,COMTRADE-FINAL-CA0562023H6[2026-03-18].gz,H6
Exports,293336,COMTRADE-FINAL-CA0562023H6[2026-03-18].gz,H6
Exports,870452,COMTRADE-FINAL-CA0562023H6[2026-03-18].gz,H6
Imports,811261,COMTRADE-FINAL-CA0562023H6[2026-03-18].gz,H6
Exports,293296,COMTRADE-FINAL-CA0562024H6[2026-03-12].gz,H6
Exports,810931,COMTRADE-FINAL-CA0562024H6[2026-03-12].gz,H6
Exports,030392,COMTRADE-FINAL-CA0702017H5[2019-10-08].gz,H5
Exports,252410,COMTRADE-FINAL-CA0722014H4[2015-06-12].gz,H4
Exports,290316,COMTRADE-FINAL-CA0762000H1[2023-08-31].gz,H1
Exports,151920,COMTRADE-FINAL-CA0962001H0[2005-12-14].gz,H0
Exports,151930,COMTRADE-FINAL-CA0962001H0[2005-12-14].gz,H0
Exports,251321,COMTRADE-FINAL-CA0962001H0[2005-12-14].gz,H0
Exports,284160,COMTRADE-FINAL-CA0962001H0[2005-12-14].gz,H0
Exports,401099,COMTRADE-FINAL-CA0962001H0[2005-12-14].gz,H0
Exports,441010,COMTRADE-FINAL-CA0962001H0[2005-12-14].gz,H0
Exports,721713,COMTRADE-FINAL-CA0962001H0[2005-12-14].gz,H0
Exports,722210,COMTRADE-FINAL-CA0962001H0[2005-12-14].gz,H0
Exports,722510,COMTRADE-FINAL-CA0962001H0[2005-12-14].gz,H0
Exports,730420,COMTRADE-FINAL-CA0962001H0[2005-12-14].gz,H0
Exports,820711,COMTRADE-FINAL-CA0962001H0[2005-12-14].gz,H0
Exports,820712,COMTRADE-FINAL-CA0962001H0[2005-12-14].gz,H0
Exports,846921,COMTRADE-FINAL-CA0962001H0[2005-12-14].gz,H0
Exports,847120,COMTRADE-FINAL-CA0962001H0[2005-12-14].gz,H0
Exports,851740,COMTRADE-FINAL-CA0962001H0[2005-12-14].gz,H0
Exports,851782,COMTRADE-FINAL-CA0962001H0[2005-12-14].gz,H0
Exports,852421,COMTRADE-FINAL-CA0962001H0[2005-12-14].gz,H0
Exports,852423,COMTRADE-FINAL-CA0962001H0[2005-12-14].gz,H0
Exports,852711,COMTRADE-FINAL-CA0962001H0[2005-12-14].gz,H0
Exports,854211,COMTRADE-FINAL-CA0962001H0[2005-12-14].gz,H0
Exports,854380,COMTRADE-FINAL-CA0962001H0[2005-12-14].gz,H0
Exports,900729,COMTRADE-FINAL-CA0962001H0[2005-12-14].gz,H0
Exports,901030,COMTRADE-FINAL-CA0962001H0[2005-12-14].gz,H0
Exports,902211,COMTRADE-FINAL-CA0962001H0[2005-12-14].gz,H0
Exports,903140,COMTRADE-FINAL-CA0962001H0[2005-12-14].gz,H0
Imports,080120,COMTRADE-FINAL-CA0962001H0[2005-12-14].gz,H0
Imports,151913,COMTRADE-FINAL-CA0962001H0[2005-12-14].gz,H0
Imports,151920,COMTRADE-FINAL-CA0962001H0[2005-12-14].gz,H0
Imports,151930,COMTRADE-FINAL-CA0962001H0[2005-12-14].gz,H0
Imports,250310,COMTRADE-FINAL-CA0962001H0[2005-12-14].gz,H0
Imports,284890,COMTRADE-FINAL-CA0962001H0[2005-12-14].gz,H0
Imports,440333,COMTRADE-FINAL-CA0962001H0[2005-12-14].gz,H0
Imports,721121,COMTRADE-FINAL-CA0962001H0[2005-12-14].gz,H0
Imports,722510,COMTRADE-FINAL-CA0962001H0[2005-12-14].gz,H0
Imports,722610,COMTRADE-FINAL-CA0962001H0[2005-12-14].gz,H0
Imports,151919,COMTRADE-FINAL-CA1082000H0[2002-09-01].gz,H0
Imports,854049,COMTRADE-FINAL-CA1082000H0[2002-09-01].gz,H0
Exports,090140,COMTRADE-FINAL-CA1082001H0[2003-06-04].gz,H0
Imports,721112,COMTRADE-FINAL-CA1082002H0[2004-01-14].gz,H0
Exports,290432,COMTRADE-FINAL-CA1242017H5[2022-06-14].gz,H5
Exports,290436,COMTRADE-FINAL-CA1242017H5[2022-06-14].gz,H5
Exports,030457,COMTRADE-FINAL-CA1242021H5[2025-10-03].gz,H5
Exports,293945,COMTRADE-FINAL-CA1242022H6[2025-10-02].gz,H6
Exports,293143,COMTRADE-FINAL-CA1242023H6[2025-10-02].gz,H6
Exports,293147,COMTRADE-FINAL-CA1242024H6[2026-04-29].gz,H6
Exports,293540,COMTRADE-FINAL-CA1242024H6[2026-04-29].gz,H6
Exports,440334,COMTRADE-FINAL-CA1402000H0[2004-02-19].gz,H0
Exports,854280,COMTRADE-FINAL-CA1402000H0[2004-02-19].gz,H0
Exports,440335,COMTRADE-FINAL-CA1402001H0[2004-02-26].gz,H0
Exports,721540,COMTRADE-FINAL-CA1402003H0[2004-09-29].gz,H0
Exports,721729,COMTRADE-FINAL-CA1402003H0[2004-09-29].gz,H0
Imports,140299,COMTRADE-FINAL-CA1402003H0[2004-09-29].gz,H0
Imports,800510,COMTRADE-FINAL-CA1742000H0[2002-09-01].gz,H0
Exports,640311,COMTRADE-FINAL-CA1742004H0[2008-05-16].gz,H0
Imports,681020,COMTRADE-FINAL-CA1742004H0[2008-05-16].gz,H0
Imports,721141,COMTRADE-FINAL-CA1742004H0[2008-05-16].gz,H0
Imports,854042,COMTRADE-FINAL-CA1742006H0[2008-11-12].gz,H0
Imports,090130,COMTRADE-FINAL-CA1742007H0[2008-10-28].gz,H0
Exports,290433,COMTRADE-FINAL-CA2032021H5[2022-12-15].gz,H5
Exports,271013,COMTRADE-FINAL-CA2142001H1[2004-01-09].gz,H1
Exports,284530,COMTRADE-FINAL-CA2312023H6[2024-10-10].gz,H6
Exports,281216,COMTRADE-FINAL-CA2512019H5[2020-06-26].gz,H5
Exports,293151,COMTRADE-FINAL-CA2512024H6[2025-06-20].gz,H6
Exports,293153,COMTRADE-FINAL-CA2512024H6[2025-06-20].gz,H6
Imports,880250,COMTRADE-FINAL-CA2702001H0[2004-12-13].gz,H0
Exports,293137,COMTRADE-FINAL-CA2762019H5[2025-05-26].gz,H5
Exports,293152,COMTRADE-FINAL-CA2762022H6[2025-08-14].gz,H6
Exports,060291,COMTRADE-FINAL-CA2882000H0[2002-09-01].gz,H0
Exports,152010,COMTRADE-FINAL-CA2882000H0[2002-09-01].gz,H0
Exports,220810,COMTRADE-FINAL-CA2882000H0[2002-09-01].gz,H0
Exports,320610,COMTRADE-FINAL-CA2882000H0[2002-09-01].gz,H0
Exports,350210,COMTRADE-FINAL-CA2882000H0[2002-09-01].gz,H0
Exports,401091,COMTRADE-FINAL-CA2882000H0[2002-09-01].gz,H0
Exports,440333,COMTRADE-FINAL-CA2882000H0[2002-09-01].gz,H0
Exports,480791,COMTRADE-FINAL-CA2882000H0[2002-09-01].gz,H0
Exports,640211,COMTRADE-FINAL-CA2882000H0[2002-09-01].gz,H0
Exports,700311,COMTRADE-FINAL-CA2882000H0[2002-09-01].gz,H0
Exports,720811,COMTRADE-FINAL-CA2882000H0[2002-09-01].gz,H0
Exports,720835,COMTRADE-FINAL-CA2882000H0[2002-09-01].gz,H0
Exports,720841,COMTRADE-FINAL-CA2882000H0[2002-09-01].gz,H0
Exports,720845,COMTRADE-FINAL-CA2882000H0[2002-09-01].gz,H0
Exports,720921,COMTRADE-FINAL-CA2882000H0[2002-09-01].gz,H0
Exports,721111,COMTRADE-FINAL-CA2882000H0[2002-09-01].gz,H0
Exports,721341,COMTRADE-FINAL-CA2882000H0[2002-09-01].gz,H0
Imports,291449,COMTRADE-FINAL-CA2882000H0[2002-09-01].gz,H0
Imports,293940,COMTRADE-FINAL-CA2882000H0[2002-09-01].gz,H0
Imports,293960,COMTRADE-FINAL-CA2882000H0[2002-09-01].gz,H0
Exports,090130,COMTRADE-FINAL-CA2882001H0[2005-09-26].gz,H0
Exports,284810,COMTRADE-FINAL-CA2882001H0[2005-09-26].gz,H0
Exports,720821,COMTRADE-FINAL-CA2882001H0[2005-09-26].gz,H0
Exports,721060,COMTRADE-FINAL-CA2882001H0[2005-09-26].gz,H0
Exports,721712,COMTRADE-FINAL-CA2882001H0[2005-09-26].gz,H0
Exports,731411,COMTRADE-FINAL-CA2882001H0[2005-09-26].gz,H0
Imports,854041,COMTRADE-FINAL-CA2882001H0[2005-09-26].gz,H0
Imports,800520,COMTRADE-FINAL-CA2882002H0[2005-09-26].gz,H0
Imports,271022,COMTRADE-FINAL-CA3082004H1[2006-11-30].gz,H1
Exports,020722,COMTRADE-FINAL-CA4142000H0[2005-12-19].gz,H0
Exports,750800,COMTRADE-FINAL-CA4142000H0[2005-12-19].gz,H0
Exports,790710,COMTRADE-FINAL-CA4142000H0[2005-12-19].gz,H0
Exports,790790,COMTRADE-FINAL-CA4142000H0[2005-12-19].gz,H0
Exports,846910,COMTRADE-FINAL-CA4142000H0[2005-12-19].gz,H0
Exports,847611,COMTRADE-FINAL-CA4142000H0[2005-12-19].gz,H0
Exports,847520,COMTRADE-FINAL-CA4142001H0[2004-09-15].gz,H0
Exports,853940,COMTRADE-FINAL-CA4142001H0[2004-09-15].gz,H0
Exports,902520,COMTRADE-FINAL-CA4142001H0[2004-09-15].gz,H0
Exports,800510,COMTRADE-FINAL-CA4142002H0[2009-02-26].gz,H0
Exports,701910,COMTRADE-FINAL-CA4142004H0[2009-01-28].gz,H0
Imports,320130,COMTRADE-FINAL-CA4262000H0[2023-12-04].gz,H0
Exports,284890,COMTRADE-FINAL-CA4262001H0[2023-12-05].gz,H0
Exports,681020,COMTRADE-FINAL-CA4262002H0[2023-12-04].gz,H0
Exports,700410,COMTRADE-FINAL-CA4262002H0[2023-12-04].gz,H0
Exports,851720,COMTRADE-FINAL-CA4262002H0[2023-12-04].gz,H0
Exports,854220,COMTRADE-FINAL-CA4262002H0[2023-12-04].gz,H0
Imports,140291,COMTRADE-FINAL-CA4262002H0[2023-12-04].gz,H0
Exports,020723,COMTRADE-FINAL-CA4262003H0[2023-12-08].gz,H0
Exports,441221,COMTRADE-FINAL-CA4262003H0[2023-12-08].gz,H0
Exports,741410,COMTRADE-FINAL-CA4262003H0[2023-12-08].gz,H0
Imports,520545,COMTRADE-FINAL-CA4262003H0[2023-12-08].gz,H0
Exports,140299,COMTRADE-FINAL-CA4262004H0[2023-12-09].gz,H0
Exports,282737,COMTRADE-FINAL-CA4262004H0[2023-12-09].gz,H0
Exports,293290,COMTRADE-FINAL-CA4262004H0[2023-12-09].gz,H0
Exports,440331,COMTRADE-FINAL-CA4262004H0[2023-12-09].gz,H0
Exports,482330,COMTRADE-FINAL-CA4262004H0[2023-12-09].gz,H0
Exports,721719,COMTRADE-FINAL-CA4262004H0[2023-12-09].gz,H0
Exports,721890,COMTRADE-FINAL-CA4262004H0[2023-12-09].gz,H0
Exports,846929,COMTRADE-FINAL-CA4262004H0[2023-12-09].gz,H0
Imports,271015,COMTRADE-FINAL-CA4622001H1[2004-05-11].gz,H1
Imports,271025,COMTRADE-FINAL-CA4622001H1[2004-05-11].gz,H1
Imports,271027,COMTRADE-FINAL-CA4622001H1[2004-05-11].gz,H1
Exports,840619,COMTRADE-FINAL-CA5082000H0[2005-01-11].gz,H0
Exports,854049,COMTRADE-FINAL-CA5082000H0[2005-01-11].gz,H0
Exports,271026,COMTRADE-FINAL-CA6342000H1[2004-02-04].gz,H1
Exports,271029,COMTRADE-FINAL-CA6342000H1[2004-02-04].gz,H1
Exports,721339,COMTRADE-FINAL-CA6342003H0[2024-07-19].gz,H0
Exports,271022,COMTRADE-FINAL-CA6702006H1[2007-04-24].gz,H1
Exports,900721,COMTRADE-FINAL-CA6902004H0[2022-12-26].gz,H0
Exports,250390,COMTRADE-FINAL-CA6902005H0[2022-12-14].gz,H0
Exports,850613,COMTRADE-FINAL-CA6902005H0[2022-12-14].gz,H0
Exports,200530,COMTRADE-FINAL-CA7402000H0[2002-09-01].gz,H0
Exports,721031,COMTRADE-FINAL-CA7402000H0[2002-09-01].gz,H0
Exports,721221,COMTRADE-FINAL-CA7402005H0[2007-05-08].gz,H0
Exports,721039,COMTRADE-FINAL-CA7402006H0[2008-05-01].gz,H0
Exports,800520,COMTRADE-FINAL-CA7402007H0[2008-05-09].gz,H0
Exports,152090,COMTRADE-FINAL-CA8042000H0[2003-06-03].gz,H0
Exports,170210,COMTRADE-FINAL-CA8042000H0[2003-06-03].gz,H0
Exports,253030,COMTRADE-FINAL-CA8042000H0[2003-06-03].gz,H0
Exports,283521,COMTRADE-FINAL-CA8042000H0[2003-06-03].gz,H0
Exports,291430,COMTRADE-FINAL-CA8042000H0[2003-06-03].gz,H0
Exports,382320,COMTRADE-FINAL-CA8042000H0[2003-06-03].gz,H0
Exports,390511,COMTRADE-FINAL-CA8042000H0[2003-06-03].gz,H0
Exports,390520,COMTRADE-FINAL-CA8042000H0[2003-06-03].gz,H0
Exports,390590,COMTRADE-FINAL-CA8042000H0[2003-06-03].gz,H0
Exports,480799,COMTRADE-FINAL-CA8042000H0[2003-06-03].gz,H0
Exports,520545,COMTRADE-FINAL-CA8042000H0[2003-06-03].gz,H0
Exports,720130,COMTRADE-FINAL-CA8042000H0[2003-06-03].gz,H0
Exports,720813,COMTRADE-FINAL-CA8042000H0[2003-06-03].gz,H0
Exports,720822,COMTRADE-FINAL-CA8042000H0[2003-06-03].gz,H0
Exports,720823,COMTRADE-FINAL-CA8042000H0[2003-06-03].gz,H0
Exports,720824,COMTRADE-FINAL-CA8042000H0[2003-06-03].gz,H0
Exports,720833,COMTRADE-FINAL-CA8042000H0[2003-06-03].gz,H0
Exports,720834,COMTRADE-FINAL-CA8042000H0[2003-06-03].gz,H0
Exports,720842,COMTRADE-FINAL-CA8042000H0[2003-06-03].gz,H0
Exports,720843,COMTRADE-FINAL-CA8042000H0[2003-06-03].gz,H0
Exports,720844,COMTRADE-FINAL-CA8042000H0[2003-06-03].gz,H0
Exports,720912,COMTRADE-FINAL-CA8042000H0[2003-06-03].gz,H0
Exports,720913,COMTRADE-FINAL-CA8042000H0[2003-06-03].gz,H0
Exports,720923,COMTRADE-FINAL-CA8042000H0[2003-06-03].gz,H0
Exports,720932,COMTRADE-FINAL-CA8042000H0[2003-06-03].gz,H0
Exports,720933,COMTRADE-FINAL-CA8042000H0[2003-06-03].gz,H0
Exports,720942,COMTRADE-FINAL-CA8042000H0[2003-06-03].gz,H0
Exports,720943,COMTRADE-FINAL-CA8042000H0[2003-06-03].gz,H0
Exports,720944,COMTRADE-FINAL-CA8042000H0[2003-06-03].gz,H0
Exports,721112,COMTRADE-FINAL-CA8042000H0[2003-06-03].gz,H0
Exports,721122,COMTRADE-FINAL-CA8042000H0[2003-06-03].gz,H0
Exports,721130,COMTRADE-FINAL-CA8042000H0[2003-06-03].gz,H0
Exports,721141,COMTRADE-FINAL-CA8042000H0[2003-06-03].gz,H0
Exports,721149,COMTRADE-FINAL-CA8042000H0[2003-06-03].gz,H0
Exports,721229,COMTRADE-FINAL-CA8042000H0[2003-06-03].gz,H0
Exports,721350,COMTRADE-FINAL-CA8042000H0[2003-06-03].gz,H0
Exports,721440,COMTRADE-FINAL-CA8042000H0[2003-06-03].gz,H0
Exports,721450,COMTRADE-FINAL-CA8042000H0[2003-06-03].gz,H0
Exports,721520,COMTRADE-FINAL-CA8042000H0[2003-06-03].gz,H0
Exports,721530,COMTRADE-FINAL-CA8042000H0[2003-06-03].gz,H0
Exports,721721,COMTRADE-FINAL-CA8042000H0[2003-06-03].gz,H0
Exports,721722,COMTRADE-FINAL-CA8042000H0[2003-06-03].gz,H0
Exports,721731,COMTRADE-FINAL-CA8042000H0[2003-06-03].gz,H0
Exports,721732,COMTRADE-FINAL-CA8042000H0[2003-06-03].gz,H0
Exports,721733,COMTRADE-FINAL-CA8042000H0[2003-06-03].gz,H0
Exports,722590,COMTRADE-FINAL-CA8042000H0[2003-06-03].gz,H0
Exports,722610,COMTRADE-FINAL-CA8042000H0[2003-06-03].gz,H0
Exports,854030,COMTRADE-FINAL-CA8042000H0[2003-06-03].gz,H0
Exports,854041,COMTRADE-FINAL-CA8042000H0[2003-06-03].gz,H0
Exports,854042,COMTRADE-FINAL-CA8042000H0[2003-06-03].gz,H0
Exports,880250,COMTRADE-FINAL-CA8042000H0[2003-06-03].gz,H0
Exports,903081,COMTRADE-FINAL-CA8042000H0[2003-06-03].gz,H0
Imports,290521,COMTRADE-FINAL-CA8042000H0[2003-06-03].gz,H0
Imports,520525,COMTRADE-FINAL-CA8042000H0[2003-06-03].gz,H0
Exports,140291,COMTRADE-FINAL-CA8182000H0[2022-12-05].gz,H0
Exports,290521,COMTRADE-FINAL-CA8182000H0[2022-12-05].gz,H0
Exports,520525,COMTRADE-FINAL-CA8182000H0[2022-12-05].gz,H0
Exports,720140,COMTRADE-FINAL-CA8182000H0[2022-12-05].gz,H0
Exports,720911,COMTRADE-FINAL-CA8182000H0[2022-12-05].gz,H0
Exports,846939,COMTRADE-FINAL-CA8182000H0[2022-12-05].gz,H0
Exports,850612,COMTRADE-FINAL-CA8182000H0[2022-12-05].gz,H0
Exports,300231,COMTRADE-FINAL-CA8182001H0[2022-12-05].gz,H0
Exports,020731,COMTRADE-FINAL-CA8182002H0[2022-12-05].gz,H0
Exports,382330,COMTRADE-FINAL-CA8182002H0[2022-12-05].gz,H0
Exports,720924,COMTRADE-FINAL-CA8182002H0[2022-12-05].gz,H0
Exports,382310,COMTRADE-FINAL-CA8182003H0[2022-12-05].gz,H0
Exports,961410,COMTRADE-FINAL-CA8182003H0[2022-12-05].gz,H0
Exports,382360,COMTRADE-FINAL-CA8182004H0[2022-12-05].gz,H0
Exports,720812,COMTRADE-FINAL-CA8182004H0[2022-12-05].gz,H0
Exports,721121,COMTRADE-FINAL-CA8182004H0[2022-12-05].gz,H0
Imports,283693,COMTRADE-FINAL-CA8182005H0[2022-12-05].gz,H0
