country,iso3,reporter_code,snapshot,year,flow,source_raw_file,active_nonenergy_products,total_nonenergy_imports,gini,theil,hhi,direct_active_gini,direct_active_hhi,fixed_nonenergy_universe_count,top10_share,top5_share,top5_gini_contribution,top5_theil_contribution,top5_hhi_contribution,rank6_50_share,rank6_50_gini_contribution,rank6_50_theil_contribution,rank6_50_hhi_contribution,rank51_200_share,rank51_200_gini_contribution,rank51_200_theil_contribution,rank51_200_hhi_contribution,rank201_plus_share,rank201_plus_gini_contribution,rank201_plus_theil_contribution,rank201_plus_hhi_contribution
Albania,ALB,8,start,2000,Imports,COMTRADE-FINAL-CA0082000H1[2005-01-11].gz,3406,878351084.0,0.8641491595683831,2.4304624788214566,0.007947764082963282,0.8641491595683832,0.007947764082963282,4924,0.22302526013618496,0.1445775263596077,0.1443988035564601,0.7231062045980614,0.004565292697689981,0.3027761428982309,0.29914735318294156,1.1099073637231165,0.0028225303986030045,0.24181145096452114,0.2260983673849091,0.5148874494491338,0.00043816971647514047,0.31083487977764024,0.1945046354440723,0.08256146105114417,0.00012177127019515637
Albania,ALB,8,mid,2012,Imports,COMTRADE-FINAL-CA0082012H4[2013-05-04].gz,3902,3666674921.0,0.873460956825583,2.3323628865424797,0.006753775141980201,0.8734609568255833,0.006753775141980201,4924,0.20417568472983813,0.1349483687245041,0.13479286452454017,0.6622676056227169,0.0037766607336372445,0.28994026606543555,0.2866822904473706,1.0336234145443621,0.0023535722662539403,0.2571706510120609,0.24274655533178563,0.5658181086703051,0.0005036551933291801,0.31794071419799946,0.20923924652188677,0.07065375770509494,0.00011988694875983445
Albania,ALB,8,end,2024,Imports,COMTRADE-FINAL-CA0082024H6[2025-05-07].gz,3038,7026034818.835,0.833620880004922,2.230513635999468,0.006165747378589749,0.8336208800049212,0.006165747378589749,4924,0.17368664656447527,0.12486605795619812,0.12471544137939254,0.6153418416201843,0.003847191625808914,0.2549679448974307,0.251069910332676,0.8632151935281624,0.0016214808050662552,0.26926121435720773,0.24964378259642955,0.6019158433359113,0.0005404152312509,0.35090478278916337,0.20819174569642385,0.15004075751520926,0.00015665971646367923
Algeria,DZA,12,start,2000,Imports,COMTRADE-FINAL-CA0122000H1[2002-09-01].gz,3860,7463504075.0,0.9007241581234814,2.7872408435437137,0.014437724569096304,0.9007241581234819,0.014437724569096304,4924,0.2863142877707881,0.1912634400216362,0.1910830257324696,1.0332943851638778,0.010260614777395805,0.34176893029998107,0.3382194855674592,1.3005278390219877,0.0037307065901258122,0.21999564516684478,0.2074582443806196,0.44908505099862395,0.00036803350152406314,0.2469719845115379,0.16396340244293303,0.00433356835922424,7.836970005062285e-05
Algeria,DZA,12,mid,2009,Imports,COMTRADE-FINAL-CA0122009H3[2010-04-26].gz,4255,36072699881.0,0.9118831788426401,2.6986232717044234,0.009735331847113796,0.9118831788426398,0.009735331847113796,4924,0.247958967566695,0.1634486097321904,0.16328159069751602,0.8349873377969068,0.005633719141057512,0.3507702237580263,0.34731290245035795,1.326583898723373,0.003552154425758521,0.24839409325728987,0.2357451467968103,0.5401165524185021,0.0004764579317187681,0.2373870732524934,0.1655435388979558,-0.003064517234358362,7.300034857899459e-05
Algeria,DZA,12,end,2024,Imports,COMTRADE-FINAL-CA0122024H4[2026-03-31].gz,3999,44500765188.0,0.8865012846551209,2.4491679022757524,0.007871207317871685,0.8865012846551206,0.007871207317871685,4924,0.22028738318511987,0.1441682153081273,0.1440161686222078,0.7212505628473641,0.004590538157256399,0.30965697284250704,0.30626975310227156,1.124552785786078,0.0026839555292593703,0.253066637780375,0.2392133055196557,0.5527920306179046,0.0004885863148471478,0.2931081740689906,0.19700205741098561,0.05057252302440501,0.00010812731650876991
Andorra,AND,20,start,2000,Imports,COMTRADE-FINAL-CA0202000H1[2002-09-01].gz,2811,796650949.9999999,0.8744121103673207,2.602279372004502,0.007849164508351653,0.874412110367321,0.007849164508351653,4924,0.21309994546545136,0.13947064520540647,0.13926616148678223,0.6935911363056266,0.004275988202027741,0.31885928708677247,0.31397974556647734,1.1698461991358968,0.00285101275901732,0.2798913535929381,0.25847081488527557,0.6442916958715248,0.0006141075442807377,0.2617787141148831,0.1626953884287855,0.09455034069145438,0.0001080560030258538
Andorra,AND,20,mid,2012,Imports,COMTRADE-FINAL-CA0202012H4[2023-04-12].gz,2990,1113341271.7949998,0.8939629485460202,2.705531746287274,0.00789659384232364,0.8939629485460201,0.00789659384232364,4924,0.2192409694388308,0.1350190365175638,0.1348000388356158,0.6604610560246575,0.003656971615370758,0.353571286591093,0.34848046511350067,1.3334901686475724,0.0035161012358830156,0.282243338277371,0.2620019870982653,0.653696006063224,0.0006361378547580512,0.2291663386139723,0.14868045749863829,0.05788451555181945,8.738313631181456e-05
Andorra,AND,20,end,2023,Imports,COMTRADE-FINAL-CA0202023H6[2024-02-26].gz,3415,1730145534.6740003,0.9049307872095217,2.734665244499337,0.009760577000622588,0.9049307872095222,0.009760577000622588,4924,0.23433480479644703,0.1637491976848981,0.1635615667027431,0.8450943056712721,0.006194531010512732,0.33172650721585717,0.32742603626049666,1.2209362094681542,0.0029074885961451673,0.2685263986677374,0.2516367117092154,0.6072222469664903,0.0005661917329732553,0.23599789643150712,0.16230647253706648,0.06141248239342104,9.23656609914349e-05
Angola,AGO,24,start,2004,Imports,COMTRADE-FINAL-CA0242004H1[2024-11-06].gz,3642,3879460019.8580003,0.8951707443086825,2.5175424579508103,0.006548626118798328,0.8951707443086829,0.006548626118798328,4924,0.18653037265260625,0.11560513356738135,0.1154639040689315,0.5506471454544745,0.002840175613179514,0.33631671059733015,0.33215383516143543,1.2390514530760506,0.00295072351428629,0.2844530074312003,0.26785155193558347,0.663346711951976,0.0006545746456150633,0.2636251484040882,0.17970145314273223,0.06449714746830881,0.0001031523457174603
Angola,AGO,24,mid,2014,Imports,COMTRADE-FINAL-CA0242014H4[2016-10-05].gz,4373,21305715652.999996,0.888046835038971,2.263985853407785,0.005001116903138277,0.8880468350389707,0.005001116903138277,4924,0.15508058708202835,0.09056532039111789,0.09046666768623163,0.4070522554635217,0.0016531739368611147,0.32323152116848375,0.3198942464409463,1.1768377256752562,0.0026873097084783052,0.2661102312288613,0.25264237214777097,0.5918290074810171,0.000528437609312401,0.3200929272115372,0.22504354876402208,0.0882668647879896,0.0001321956484864565
Angola,AGO,24,end,2024,Imports,COMTRADE-FINAL-CA0242024H6[2025-09-30].gz,4391,10851818515.289999,0.8878822663413918,2.29304964472901,0.005987173558354802,0.8878822663413914,0.005987173558354802,4924,0.18958110865930397,0.11604768589558248,0.11593391523432693,0.553566897911621,0.0028695895901429407,0.28733688770517124,0.2845420102423654,1.0286048506595715,0.0024111414402368607,0.27453791688478923,0.2608800063657047,0.6223715638638145,0.0005749214406153454,0.32207750951445707,0.22652633449899479,0.08850633229400308,0.00013152108735965478
Antigua and Barbuda,ATG,28,start,2000,Imports,COMTRADE-FINAL-CA0282000H1[2005-05-06].gz,3112,241053163.0,0.8543064245801655,2.3089793756755244,0.0056564644204807855,0.8543064245801653,0.0056564644204807855,4924,0.17043672843571026,0.10690678778108378,0.10676712087848633,0.5058478157360377,0.0026828049968087445,0.2896440468424802,0.28551554167244775,1.0273982700849436,0.0022427314834685373,0.27984827501558235,0.2599256310163676,0.6363134760215409,0.000584178202628466,0.3236008903608537,0.2020981310128639,0.13941981383300273,0.00014674973757503778
Antigua and Barbuda,ATG,28,mid,2015,Imports,COMTRADE-FINAL-CA0282015H3[2016-03-09].gz,3057,364837357.00000006,0.8722915239826475,2.4670345171311676,0.006597719251580965,0.8722915239826479,0.006597719251580965,4924,0.19193808919408434,0.11988037411969299,0.11971721407816449,0.5789590432886598,0.003251223924750759,0.3077644126086087,0.30337676515535883,1.1150443632340994,0.0026162217275170745,0.284720694279319,0.26403697540864923,0.6514346256091127,0.0005996025638411858,0.28763451899237913,0.18516056934047495,0.12159648499929611,0.0001306710354719447
Antigua and Barbuda,ATG,28,end,2024,Imports,COMTRADE-FINAL-CA0282024H3[2025-04-16].gz,3185,611992069.599,0.8642643711481386,2.3206812805354358,0.005206603390930742,0.8642643711481386,0.005206603390930742,4924,0.16698898001197332,0.10114341094372695,0.10100447696480089,0.46816004272869527,0.0021657639096031136,0.28914094926476525,0.2851598570314983,1.0279572605849243,0.002281061611742188,0.2864306420206224,0.26625563378558736,0.654867868567832,0.0005988678513975503,0.32328499777088543,0.21184440336625213,0.16969610865398418,0.00016091001818788997
Argentina,ARG,32,start,2000,Imports,COMTRADE-FINAL-CA0322000H1[2002-09-01].gz,4172,18274962254.0,0.8231510393260151,1.8494728509451357,0.003868676119232769,0.8231510393260153,0.003868676119232769,4924,0.14802365137549356,0.09033149839885847,0.09023489246803669,0.40726726984359146,0.0017006350499882972,0.24193161853519965,0.23932700212191302,0.8145480131525887,0.0015861121990253663,0.2358636887416687,0.22321662074497106,0.49434684437509474,0.0004102922847879487,0.43187319432427324,0.27037252399109424,0.13331072357386065,0.00017163658543115708
Argentina,ARG,32,mid,2012,Imports,COMTRADE-FINAL-CA0322012H4[2013-05-25].gz,4214,53800533706.0,0.8642423860771937,2.2986664357527538,0.009958255910744016,0.8642423860771937,0.009958255910744016,4924,0.22607258406409073,0.16142303708229128,0.16129295632672888,0.8483228772830139,0.007462094456497588,0.2641791347312484,0.2614872153928798,0.920538089304306,0.0019877301866403183,0.22550129606790076,0.21365261412230196,0.46443480959134187,0.00038145288915239636,0.3488965321185596,0.22780960023528296,0.06537065957409166,0.00012697837845370967
Argentina,ARG,32,end,2024,Imports,COMTRADE-FINAL-CA0322024H6[2025-06-19].gz,4287,55060344919.00001,0.872433013977662,2.249295689793035,0.0074600737980712985,0.8724330139776624,0.0074600737980712985,4924,0.19383276153974488,0.12894992973763333,0.1288451932240754,0.6476078426362932,0.004741111435159727,0.27246985133247814,0.2697332213098368,0.9563642221015652,0.0020786839063009314,0.260217379596911,0.2469292592241835,0.5753292532433982,0.0005135819969200328,0.33836283933297745,0.2269253402195663,0.06999437181177764,0.00012669645969060696
Armenia,ARM,51,start,2000,Imports,COMTRADE-FINAL-CA0512000H1[2002-09-01].gz,2499,536422385.0,0.9140971218671045,3.628158922003028,0.044752046943240704,0.9140971218671043,0.044752046943240704,4924,0.44211850778747797,0.3572214067837605,0.3567954112619414,2.197359133067271,0.04159052251358283,0.2937949244545415,0.2891503826652491,1.0779370962541694,0.002842058415797237,0.18749731433933353,0.17115680510543618,0.3543812447615714,0.00027137804364893865,0.1614863544223644,0.09699452283447785,-0.001518552079983304,4.808797021170081e-05
Armenia,ARM,51,mid,2012,Imports,COMTRADE-FINAL-CA0512012H3[2013-03-29].gz,3694,2965076574.0,0.8748667943128063,2.352892268297328,0.0063272573351852,0.8748667943128063,0.0063272573351852,4924,0.19134153577377389,0.12089833434433252,0.1207596150868824,0.5830271592210384,0.003190247008632681,0.30080947455983886,0.2971858752231972,1.0793507303327656,0.0024591811116763517,0.26963857034304783,0.25376813066688664,0.6075060492508182,0.0005578195366689022,0.30865362075278074,0.2031531733358402,0.08300832949270616,0.0001200096782072646
Armenia,ARM,51,end,2024,Imports,COMTRADE-FINAL-CA0512024H6[2025-08-21].gz,4229,15513502790.990002,0.9283591909919574,4.143643539868338,0.15168917440123514,0.9283591909919575,0.15168917440123514,4924,0.5476865316732121,0.4967633596884588,0.49653564415338586,3.4612819985529515,0.15058371605648002,0.16234258849574787,0.16081518534726155,0.5007015453161305,0.0009018062843745977,0.1460584351905731,0.13843370008577832,0.2374535407138857,0.0001594123673899978,0.19483561662522003,0.13257466140553176,-0.055793544714629856,4.423969299051138e-05
Aruba,ABW,533,start,2005,Imports,COMTRADE-FINAL-CA5332005H2[2006-08-18].gz,181,371022820.00000006,0.8196193945313953,4.758071971209802,0.0401261358127245,0.8196193945313952,0.0401261358127245,4924,0.5224692971715323,0.35336547223699066,0.345446369725031,2.089814666929949,0.0281427787150533,0.5756438747902353,0.46011217964150886,2.5442315123373054,0.011874496796144097,0.07099065297277402,0.014060845164855593,0.12402579194254731,0.00010886030152710321,0.0,0.0,0.0,0.0
Aruba,ABW,533,mid,2016,Imports,COMTRADE-FINAL-CA5332016H4[2019-07-21].gz,3446,1008524941.21,0.8639454522139618,2.28250698529454,0.005681906341778658,0.8639454522139625,0.005681906341778658,4924,0.17754901159908337,0.12206067391567507,0.12190283125562273,0.586892617917831,0.0030943491651426944,0.2734144736684491,0.26981114901343584,0.9487857041949691,0.0019184728172858734,0.2633456957666075,0.24612310192129572,0.5792526828902678,0.0005044375767906307,0.34117915664926834,0.2261083700236075,0.16757598029147247,0.00016464678255945878
Aruba,ABW,533,end,2023,Imports,COMTRADE-FINAL-CA5332023H4[2024-03-14].gz,3588,1412838083.871,0.8795191558302351,2.427595254386612,0.007504508366172205,0.8795191558302351,0.007504508366172205,4924,0.20816675740935794,0.1488595343767986,0.14868476069310063,0.7484836402951947,0.004798978656791756,0.27720970606126455,0.27378480013847045,0.9710090003004281,0.002047270500389454,0.26583544012173094,0.24928042559958818,0.5890036469645201,0.0005207340748763899,0.30809531944020585,0.20776916939907594,0.11909896682646882,0.00013752513411460638
Australia,AUS,36,start,2000,Imports,COMTRADE-FINAL-CA0362000H1[2005-12-14].gz,4334,49053489668.0,0.8307782554443478,2.03201475543209,0.0075400994691375,0.8307782554443479,0.0075400994691375,4924,0.2022602325166731,0.14091003480687983,0.14078942065732963,0.71469388418991,0.005300457336832731,0.24215442130552314,0.23986911426690335,0.8320603750105238,0.001772723585024285,0.21319049583858857,0.20208108608367173,0.42327463782855934,0.00032791529483989894,0.4037450480490084,0.24803863443644317,0.06198585840309637,0.00013900325244058508
Australia,AUS,36,mid,2012,Imports,COMTRADE-FINAL-CA0362012H4[2013-04-08].gz,4523,179509418370.0,0.8637252172977095,2.193109733622199,0.007460372380595229,0.8637252172977088,0.007460372380595229,4924,0.2130756583956907,0.14760129384068038,0.14747026152271334,0.7443980140667954,0.0049158195978543815,0.2699374286981811,0.26740196317508214,0.9474551860430734,0.0020719589852176,0.2171061951254839,0.20622944504627908,0.4345131802439873,0.00033879318920095264,0.36535508233565456,0.2426235475536347,0.06674335326834277,0.00013380060832229483
Australia,AUS,36,end,2024,Imports,COMTRADE-FINAL-CA0362024H6[2025-02-15].gz,4632,248116711082.15897,0.8665010985725357,2.1413741497984216,0.006525544124565381,0.8665010985725357,0.006525544124565381,4924,0.19930402894017313,0.1361957823791107,0.13607212450394865,0.6732290429317263,0.004063348044223637,0.26380290740130335,0.26132783867926257,0.9160548250106348,0.0019392256280407643,0.22470612692427402,0.21394458639226527,0.46187496689996377,0.0003787655860150942,0.3752951832953121,0.2551565489970592,0.09021531495609658,0.00014420486628588546
Austria,AUT,40,start,2000,Imports,COMTRADE-FINAL-CA0402000H1[2002-09-01].gz,4431,50147148061.0,0.8019416634787551,1.7032263072530645,0.004248273124724954,0.8019416634787553,0.004248273124724954,4924,0.14243990760892455,0.09854034215443398,0.09845715738157076,0.4640182360447704,0.0025656854223459215,0.20903501265545274,0.20692620821889762,0.672029405512633,0.0011557496999826174,0.2198081636490754,0.20859390089121202,0.44290239053956215,0.00034752458297659955,0.4726164815410379,0.2879643969870748,0.12427627515609899,0.00017931341941981643
Austria,AUT,40,mid,2012,Imports,COMTRADE-FINAL-CA0402012H4[2019-06-22].gz,4670,131463465635.10298,0.8135578427420902,1.689962570208382,0.0037927927764635117,0.8135578427420898,0.0037927927764635117,4924,0.13718626722460428,0.09303533271621092,0.09295917009426638,0.42955300885247333,0.0021086619385121534,0.20727845949532087,0.20526902164336366,0.6631517570191575,0.0011226270706909158,0.22845766303780468,0.21744593812291796,0.4701781885370788,0.00037984214518313616,0.47122854475066367,0.29788371288154214,0.12707961579967214,0.0001816616220773071
Austria,AUT,40,end,2024,Imports,COMTRADE-FINAL-CA0402024H6[2025-07-07].gz,4761,182080437077.08997,0.8252771900193407,1.7163768800496502,0.003644270222992555,0.825277190019341,0.003644270222992555,4924,0.13387340673133566,0.09197733917630133,0.09190174824607529,0.42153649835384865,0.001960681599422563,0.20561769514692074,0.20364274321091858,0.6546448604553525,0.001087144849975258,0.23643448912000087,0.2252945951801446,0.49519856100207893,0.0004080326906239804,0.4659704765567773,0.30443810338220223,0.1449969602383701,0.0001884110829707533
Azerbaijan,AZE,31,start,2000,Imports,COMTRADE-FINAL-CA0312000H1[2002-09-01].gz,2685,881737759.9999999,0.8958229240498777,2.9900490916646087,0.015714656858589155,0.8958229240498778,0.015714656858589155,4924,0.29518354300716354,0.2125138419840385,0.21222479064135075,1.164689735123437,0.01188466922604701,0.3302722323633957,0.3251948646098762,1.2348999939056793,0.0032553494841658292,0.24985593562138025,0.23003475837903786,0.5494437025111523,0.0004994034494945374,0.2073579900311857,0.12836851041961297,0.04101566012434035,7.523469888177865e-05
Azerbaijan,AZE,31,mid,2012,Imports,COMTRADE-FINAL-CA0312012H4[2013-03-09].gz,3647,8704987412.0,0.8993892380419275,2.632448205721707,0.009044626247727264,0.8993892380419284,0.009044626247727264,4924,0.23939159235627394,0.16550654168826498,0.16530349573758246,0.8461954296813512,0.005685733202074107,0.31353835218329573,0.30982092543749606,1.1440618658750126,0.0027533778248684956,0.25908793747031444,0.24332264277298943,0.5688178182905959,0.0004995526070294602,0.26186716865812476,0.18094217409385993,0.07337309187474707,0.00010596261375519703
Azerbaijan,AZE,31,end,2024,Imports,COMTRADE-FINAL-CA0312024H6[2025-02-24].gz,4250,18775273195.160004,0.8860365186203213,2.7914917119054174,0.035162833670361715,0.8860365186203214,0.035162833670361715,4924,0.3232704190974326,0.2694925182304409,0.2693312270714181,1.6378293117480718,0.0334255011205359,0.21047648419095633,0.20831841093824893,0.6857350865203444,0.0012859872156369796,0.21527049592760966,0.2041141886109166,0.4340106220880069,0.0003483281549818137,0.3047605016509929,0.20427269199973755,0.03391669154899391,0.00010301717920702928
Bahamas,BHS,44,start,2000,Imports,COMTRADE-FINAL-CA0442000H1[2003-06-03].gz,3854,1557731289.0,0.8594853893797977,2.082112005902204,0.0040232568436250424,0.8594853893797976,0.0040232568436250424,4924,0.13817990210595302,0.08424444957104538,0.08415208769967387,0.3756655251311133,0.0015407497171777734,0.2582548206381955,0.255203890280377,0.8815122076484679,0.0017165111793831945,0.28371027765039647,0.2671756143908267,0.6455752803004683,0.0005858017848133654,0.37379045214036266,0.2529537970089202,0.17935899282215503,0.00018019416225070853
Bahamas,BHS,44,mid,2012,Imports,COMTRADE-FINAL-CA0442012H3[2013-09-22].gz,3917,2424409639.0000005,0.8700559790883348,2.1656496559251974,0.004699506151478473,0.8700559790883353,0.004699506151478473,4924,0.1504905721697249,0.10411922649747649,0.10400607620371057,0.4865708708803306,0.002335527891352683,0.25149496665155674,0.24853201772307637,0.8486806529522395,0.0015785759436069851,0.28927903695749463,0.27279628599278993,0.6653165673150805,0.0006146397213954481,0.3551067698934719,0.24472159916875777,0.16508156477754704,0.0001707625951233569
Bahamas,BHS,44,end,2024,Imports,COMTRADE-FINAL-CA0442024H6[2025-11-25].gz,4267,3842180697.0,0.8742626835984619,2.1015326649721633,0.004252118035015001,0.8742626835984615,0.004252118035015001,4924,0.1413062504655543,0.09125135965259365,0.09116371506361093,0.4151997449695133,0.001837589131227617,0.25587479170386923,0.2531278721013637,0.869304206847787,0.0016573385804117672,0.282739864053226,0.26776753099969686,0.6410942380095618,0.0005764934138075815,0.37013398459031116,0.26220356543379036,0.17593447514530147,0.00018069690956803525
Bahrain,BHR,48,start,2000,Imports,COMTRADE-FINAL-CA0482000H0[2003-06-03].gz,3501,2171500992.0,0.8747052338565706,2.5879792919989577,0.013972040240054577,0.8747052338565706,0.013972040240054577,4924,0.26139215735619614,0.2013583583939712,0.2011649464905031,1.1026202273357166,0.011555672933660903,0.25921798427619597,0.2559630033547255,0.893690529001277,0.0018532791815664329,0.24718884586169232,0.2315811347437881,0.5316141132143621,0.0004551952806157292,0.2922348114681405,0.18599614926755395,0.06005442244760198,0.00010789284421151118
Bahrain,BHR,48,mid,2012,Imports,COMTRADE-FINAL-CA0482012H3[2015-03-23].gz,4245,9882873039.999998,0.8959808361906231,2.6731768145116352,0.01515526449369216,0.8959808361906234,0.01515526449369216,4924,0.29334576345017993,0.23331377006134246,0.23310383917209976,1.2933192615882414,0.012896304992562573,0.250763007528406,0.2481730765425895,0.8567358888269743,0.0017405784405448775,0.23780179523105865,0.22542495007412394,0.5026664824479669,0.00042447486964093055,0.2781214271791932,0.18927897040181008,0.02045518164845248,9.390619094377702e-05
Bahrain,BHR,48,end,2024,Imports,COMTRADE-FINAL-CA0482024H6[2026-04-29].gz,4302,15257473032.637,0.9061612187924722,2.987108534599014,0.025594803204147684,0.9061612187924724,0.025594803204147684,4924,0.38355838861792985,0.2883776004574219,0.28814777404553826,1.6800537853161022,0.022595201795503048,0.2572417030401409,0.2549348132630158,0.9288352812349749,0.0026263930815871336,0.19797340020750914,0.1878437118293327,0.382783785226706,0.00029573682375500486,0.25640729629492814,0.1752349196545854,-0.004564317178769886,7.74715033025011e-05
Barbados,BRB,52,start,2000,Imports,COMTRADE-FINAL-CA0522000H1[2002-09-01].gz,3558,840833211.0,0.8413315265715265,2.072075059154017,0.004535363907049937,0.8413315265715264,0.004535363907049937,4924,0.14850579460710667,0.10492261585990088,0.10480020252518088,0.4914313285375603,0.0024090428655419776,0.23460735889082282,0.23154276490865455,0.7750203478738038,0.001378053687870803,0.28182512358446793,0.26388090616099746,0.6375395906972875,0.0005703684418667224,0.37864490166480824,0.24110765297669354,0.16808379204536536,0.00017789891177043358
Barbados,BRB,52,mid,2012,Imports,COMTRADE-FINAL-CA0522012H2[2013-03-29].gz,3549,1085491079.0,0.8559563188011254,2.181284808601213,0.005420104039945464,0.855956318801125,0.005420104039945464,4924,0.1531577463176922,0.10635563621025393,0.10624717978155415,0.5106045787470819,0.003067685953366089,0.25280777251021513,0.24942739276006573,0.8508581604054273,0.0015606120050891791,0.28942900713604114,0.27146104520436826,0.6692297239853136,0.0006306346929799993,0.3514075841434897,0.22882070105513738,0.1505923454633904,0.0001611713885101952
Barbados,BRB,52,end,2024,Imports,COMTRADE-FINAL-CA0522024H6[2025-03-11].gz,3844,1590857435.5,0.8525682054497967,2.044887026799099,0.004034298779568785,0.8525682054497972,0.004034298779568785,4924,0.13470744213072508,0.09280148310992382,0.09269852640621601,0.4230381586751583,0.0018564144566891884,0.2407838724674785,0.23780623240197213,0.7979255900365625,0.001402215359180045,0.28511807381213383,0.2685176970846521,0.6510834378857883,0.0005955950293394668,0.3812965706104638,0.25354574955695647,0.17283984020158946,0.00018007393436008485
Belarus,BLR,112,start,2000,Imports,COMTRADE-FINAL-CA1122000H1[2002-09-01].gz,4012,4930272400.0,0.8153375019205885,1.8093016645948938,0.003592781598837592,0.8153375019205884,0.003592781598837592,4924,0.13415006899618773,0.08820463956514857,0.08811329729000254,0.3982196217548491,0.0017265855724031974,0.21974861132622206,0.21717643382647475,0.7114814760658136,0.0012177664405114493,0.25140777985262847,0.2374381175220382,0.5432648672460025,0.00046583698884459417,0.4406389692560009,0.272609653282073,0.15633569952822884,0.00018259259707835147
Belarus,BLR,112,mid,2011,Imports,COMTRADE-FINAL-CA1122011H3[2012-05-01].gz,4345,22698830300.0,0.8244854853556451,1.7309885728993677,0.002993506606364275,0.8244854853556454,0.002993506606364275,4924,0.11463343265930316,0.07867149436330206,0.0785956532481327,0.345587874847702,0.0013436385536551498,0.19919707384569504,0.19703381761188368,0.6232199363742199,0.0009684682223509447,0.25671238917596134,0.24312632469906825,0.554370645844056,0.00046519873360599355,0.4654190426150416,0.3057296897965606,0.20781011583338976,0.00021620109675218676
Belarus,BLR,112,end,2021,Imports,COMTRADE-FINAL-CA1122021H5[2022-04-12].gz,4086,25652233100.000004,0.8147532810330393,1.7118096226851842,0.002616410840130285,0.8147532810330391,0.002616410840130285,4924,0.1035706122801449,0.06619445583862248,0.06612056652833942,0.27748490148591104,0.0009005225797697671,0.2008944920188635,0.19857036387753538,0.6305404659033672,0.000990992231887831,0.26576452294367914,0.25098149366218236,0.5849693054615528,0.0005046925351925302,0.46714652919883476,0.2990808569649822,0.21881494983435304,0.0002202034932801561
Belgium,BEL,56,start,2000,Imports,COMTRADE-FINAL-CA0562000H1[2002-09-01].gz,4493,133213310881.99998,0.8207195530876862,1.9713633791450744,0.00809138211245443,0.8207195530876863,0.00809138211245443,4924,0.21263102540905365,0.16766349340858508,0.16751833038356048,0.8713768613454407,0.0065619739481651155,0.19541991612339737,0.19350897666552797,0.6188586493088505,0.0010519329109422897,0.21279237679513952,0.20219632312734928,0.423722314355596,0.00033190644920380564,0.4241242136728781,0.2574959229112485,0.057405554135187276,0.0001455688041432219
Belgium,BEL,56,mid,2012,Imports,COMTRADE-FINAL-CA0562012H4[2021-05-19].gz,4705,234824178650.52606,0.8366292573432209,1.9671821189787675,0.0070751238825972505,0.836629257343221,0.0070751238825972505,4924,0.2011960612755472,0.14825399165783054,0.14813449910023652,0.7528543015572735,0.005264386164741191,0.2151825936430356,0.21321315221752005,0.705395270922423,0.0013199093415532223,0.2177188244575315,0.20721839224820698,0.4363136835479256,0.0003409767938680929,0.41884459024160214,0.2680632137772574,0.0726188629511458,0.00014985158243474277
Belgium,BEL,56,end,2024,Imports,COMTRADE-FINAL-CA0562024H6[2026-03-12].gz,4811,292517993553.418,0.8583401055007199,2.1511569739759318,0.009100657538293408,0.85834010550072,0.009100657538293408,4924,0.22508466246426664,0.17179474915302498,0.17166004985046018,0.8985819859006318,0.007160043406784432,0.22921356865256864,0.22715946436415022,0.7643698194234256,0.0014589363706212252,0.21867613677922254,0.20851945294612953,0.44174376346416044,0.00035196305750916145,0.38031554541518364,0.2510011383399798,0.0464614051877133,0.00012971470337859128
Belize,BLZ,84,start,2000,Imports,COMTRADE-FINAL-CA0842000H1[2003-04-17].gz,2909,364040182.99999994,0.8888064007778957,2.826496503583318,0.015320516847120469,0.8888064007778962,0.015320516847120469,4924,0.26882916383986105,0.18781131916967533,0.18760529246772414,1.0312949729719896,0.011866773406812827,0.3125536540615903,0.3079422266251833,1.1429744311288665,0.002816901846173026,0.2688484061362534,0.24865587014074014,0.603827901475655,0.0005512936974964072,0.23078662063248118,0.14460301154424804,0.04839919800680622,8.554789663820757e-05
Belize,BLZ,84,mid,2012,Imports,COMTRADE-FINAL-CA0842012H3[2013-07-15].gz,3182,459439613.0,0.88181788943557,2.4721594647806464,0.005550892444172392,0.8818178894355702,0.005550892444172392,4924,0.16070256382616274,0.0956217088229177,0.09548719078906905,0.43628093402901874,0.0018936028471897937,0.3358224353771602,0.33092300533431807,1.2296452226542884,0.0028163810403065838,0.30275322367588847,0.28251341956936515,0.7242088675081838,0.0007344953748315963,0.2658026321240336,0.17289427374281757,0.08202444058915473,0.00010641318184442007
Belize,BLZ,84,end,2024,Imports,COMTRADE-FINAL-CA0842024H6[2025-12-08].gz,3489,1213201817.9299998,0.8703168514500293,2.263134595157973,0.005165552585745703,0.8703168514500292,0.005165552585745703,4924,0.14555506178654842,0.0965094605815087,0.0964090581453121,0.45451750886773074,0.002562573646092194,0.26698796268118696,0.2633207444589989,0.9118385161925243,0.0017235744217647879,0.3139049265136072,0.2938732051210306,0.7481868357224171,0.0007260377621394556,0.3225976502236972,0.21671384372468783,0.1485917343753016,0.00015336675574926617
Benin,BEN,204,start,2000,Imports,COMTRADE-FINAL-CA2042000H1[2003-04-10].gz,2127,397874668.0,0.9071049665883512,3.3423777556432994,0.017957807388840463,0.907104966588351,0.017957807388840463,4924,0.3520459413515615,0.23746964970386106,0.23701013945048058,1.3071052543243051,0.0124188948713301,0.3925342620400252,0.3852122710100235,1.5538053691452043,0.005063216458831428,0.23035091795514862,0.20771233139344752,0.49249488039181144,0.0004381430091050984,0.13964517030096524,0.07717022473439959,-0.011027748218021296,3.7553049573838074e-05
Benin,BEN,204,mid,2012,Imports,COMTRADE-FINAL-CA2042012H2[2014-11-15].gz,2398,1767372423.0,0.9416951642507453,3.9334354658599064,0.04216606397414418,0.941695164250745,0.04216606397414418,4924,0.4583549881812318,0.3316793203443573,0.33123736329954745,2.003794245610227,0.03568581812918199,0.40711044581609385,0.40091308345018106,1.661683123335458,0.006204166827340794,0.16764607816719693,0.15358088116912938,0.314319324251743,0.0002588722053270849,0.09356415567235192,0.055963836331887444,-0.04636122733752121,1.7206812294322193e-05
Benin,BEN,204,end,2024,Imports,COMTRADE-FINAL-CA2042024H6[2025-10-16].gz,3336,2909891968.994,0.9321645833166305,3.6034850335181283,0.05894176081932766,0.9321645833166301,0.05894176081932766,4924,0.4037165927486782,0.32977188991134626,0.329538726110631,2.1016153085178755,0.055825012108022,0.30365925103120217,0.29993980799262254,1.1113482920023268,0.0027508789184482775,0.20077847140602656,0.18785515256481095,0.3958513295609807,0.00031802048761924643,0.16579038765142506,0.11483089664856601,-0.005329896563055339,4.784930523813343e-05
Bermuda,BMU,60,start,2010,Imports,COMTRADE-FINAL-CA0602010H3[2011-07-27].gz,3315,578391241.0000001,0.8692411450440779,2.5573367666238753,0.015980110090536594,0.8692411450440778,0.015980110090536594,4924,0.23509991818911372,0.17760493886870599,0.1774542399318629,0.9942362448405709,0.013524119178084137,0.26362685497981114,0.2600939007137053,0.909986235539955,0.0018542742983682868,0.2519916401128922,0.2352134612389027,0.5472294141200202,0.00047544969440998266,0.30677656603859055,0.19647954315960703,0.10588487212332892,0.00012626691967418459
Bermuda,BMU,60,mid,2017,Imports,COMTRADE-FINAL-CA0602017H5[2018-06-07].gz,3747,805475925.31,0.8723349517104053,2.4038427285857544,0.013167140205393465,0.8723349517104049,0.013167140205393465,4924,0.2127115970580392,0.1642910925096436,0.16416876967747485,0.9024092460101406,0.011096065515746663,0.2347415189728361,0.23185747822465325,0.7775197884602766,0.0014060473828204241,0.26419500350548586,0.24842420001166715,0.5833908173605112,0.0005126382286021735,0.33677238501203444,0.2278845037966099,0.14052287675482625,0.00015238907822420568
Bermuda,BMU,60,end,2024,Imports,COMTRADE-FINAL-CA0602024H6[2025-10-02].gz,3653,946318970.7499999,0.878709630352321,2.551564560322226,0.017369560520962713,0.878709630352321,0.017369560520962713,4924,0.2408759101249234,0.1930899668059941,0.19294870721367208,1.0947390728864084,0.01533284081733228,0.2354843014463332,0.23257233262566404,0.7830965405019549,0.0014364975750083922,0.25181214829170534,0.23618523277854603,0.5411936771414116,0.0004551806981827817,0.31961358345596746,0.21700335773443885,0.1325352697924516,0.00014504143043925753
Bolivia (Plurinational State of),BOL,68,start,2000,Imports,COMTRADE-FINAL-CA0682000H1[2022-09-02].gz,3774,1586684082.0,0.8624429309290906,2.316587595507402,0.00835523600433864,0.8624429309290902,0.00835523600433864,4924,0.20929774226095754,0.150971670868505,0.15082659163950346,0.7748006904550324,0.005885975635983851,0.2632658899770824,0.2601447092260036,0.9078243374300073,0.001853253749958423,0.2535773000089252,0.23880198762192317,0.5536156734875026,0.000488337511732288,0.3321851391454874,0.21266964244166028,0.08034689413485932,0.00012766910666408077
Bolivia (Plurinational State of),BOL,68,mid,2012,Imports,COMTRADE-FINAL-CA0682012H4[2019-06-14].gz,4182,6862575560.69,0.8703130807432826,2.1524826168144178,0.004933126464077473,0.8703130807432824,0.004933126464077473,4924,0.15671665886675168,0.10278254430074066,0.10268182844031488,0.4802149954048214,0.0023392266307576833,0.27064346740764267,0.26770120309806905,0.9362316832379729,0.0018763235511520952,0.27400072572450007,0.25959364253749023,0.6189903862885412,0.000566496822872964,0.35257326256711663,0.24033640666740863,0.1170455518830826,0.00015107945929473146
Bolivia (Plurinational State of),BOL,68,end,2024,Imports,COMTRADE-FINAL-CA0682024H6[2026-03-16].gz,4133,6845363841.0,0.8626585362564106,2.0612485484770824,0.004161239657714815,0.862658536256411,0.004161239657714815,4924,0.15003493406893087,0.09218662043632342,0.09208358550229828,0.4165060945161381,0.0017318876331599373,0.250138989512631,0.24740610625662218,0.8495158755229472,0.0016816337706020961,0.2807091179315857,0.2654061810823038,0.6351078339098034,0.0005709638545189454,0.3769652721194598,0.2577626634151864,0.16011874452819358,0.00017675439943383483
Bosnia Herzegovina,BIH,70,start,2003,Imports,COMTRADE-FINAL-CA0702003H2[2004-03-25].gz,4030,2734756217.0,0.8493650914529679,2.041356756444728,0.004381341720750733,0.8493650914529678,0.004381341720750733,4924,0.15469650799956478,0.0914904898815703,0.09138521774180149,0.4126467735742291,0.0017066803201788595,0.2720984636009331,0.26915608030089117,0.9521506444245438,0.0020417242006452708,0.25210556091691355,0.238248413003483,0.5469688106178777,0.0004742962196578661,0.384305485600583,0.25057538040679234,0.12959052782807726,0.00015864098026873675
Bosnia Herzegovina,BIH,70,mid,2014,Imports,COMTRADE-FINAL-CA0702014H4[2015-01-23].gz,4316,8501400097.0,0.844846740805851,1.9063138797924268,0.003832146116925161,0.8448467408058511,0.003832146116925161,4924,0.12763073472376535,0.08638032025561776,0.08630387599306028,0.3924627446637491,0.0017995770005149318,0.23565942295206344,0.2330243480691538,0.7742148828914884,0.0013263084440247204,0.26603342816782616,0.2524288762249509,0.592295317326427,0.0005310346672588428,0.41192682862449265,0.2730896405186858,0.14734093491076228,0.0001752260051266669
Bosnia Herzegovina,BIH,70,end,2024,Imports,COMTRADE-FINAL-CA0702024H6[2025-04-15].gz,4423,13606227784.410997,0.8409626449980954,1.844618358425067,0.0036293585936422504,0.8409626449980954,0.0036293585936422504,4924,0.12767432308348367,0.09056645078734067,0.09048413224197378,0.4124054407492389,0.001844676949502828,0.2133655762746291,0.21102727686557934,0.679397225395598,0.0010843232821196858,0.2658080664104898,0.25227234146404387,0.5869912139139579,0.0005124656991638418,0.43025990652754065,0.2871788944264984,0.16582447836627257,0.0001878926628558941
Botswana,BWA,72,start,2000,Imports,COMTRADE-FINAL-CA0722000H1[2003-11-17].gz,4162,1673124835.0,0.8697984757807852,2.369769109992284,0.01010595797890675,0.8697984757807855,0.01010595797890675,4924,0.2506564036508369,0.18099956898912448,0.18083114922345422,0.9542790962224585,0.007661859933807759,0.25580964973244213,0.2532082228789222,0.8879251046578776,0.0019475259475176434,0.2221248341359418,0.21024917228683626,0.45311667731075084,0.0003666066959758757,0.34106594714249155,0.2255099313915727,0.07444823180119678,0.0001299654016054724
Botswana,BWA,72,mid,2012,Imports,COMTRADE-FINAL-CA0722012H2[2013-02-28].gz,4072,6980129610.138999,0.9170272690852435,3.7326333442292703,0.11656451804715605,0.9170272690852428,0.11656451804715605,4924,0.45594803546371737,0.40835695406381406,0.4081796490121576,2.8216670411027778,0.1151896054068524,0.194692717265385,0.19264579008822172,0.6196216642183179,0.0010870214594207099,0.17261074778693622,0.16327021518260632,0.3100527842550389,0.0002250452985424297,0.2243395808838648,0.15293161480225778,-0.018708145346864557,6.284588234055476e-05
Botswana,BWA,72,end,2023,Imports,COMTRADE-FINAL-CA0722023H6[2024-04-05].gz,4221,5018508612.424001,0.904862458444444,2.7625066628238804,0.016003447843277813,0.9048624584444438,0.016003447843277813,4924,0.30083237481080716,0.23699845581723852,0.23678780514771808,1.3168984685714467,0.013489209495524766,0.2669796576724187,0.2642521340327736,0.931885252595407,0.002010155241628241,0.23374284846006382,0.2216186168011928,0.49192755218317596,0.000416142608066051,0.2622790380502788,0.18220390246275942,0.021795389473850256,8.794049805875917e-05
Brazil,BRA,76,start,2000,Imports,COMTRADE-FINAL-CA0762000H1[2023-08-31].gz,4248,38740490563.0,0.8508538306243135,2.068223364682008,0.005282679359679759,0.8508538306243139,0.005282679359679759,4924,0.18262418530554425,0.115657844509918,0.11553152012999826,0.548672678301133,0.0027203034050657104,0.262980679788239,0.26029584602194505,0.9146794607611443,0.00198365821671637,0.24241323346356097,0.22971585716826803,0.5153892827375097,0.00043453761515568483,0.37894824223828194,0.2453106073041021,0.08948194288222107,0.00014418012274199272
Brazil,BRA,76,mid,2012,Imports,COMTRADE-FINAL-CA0762012H4[2023-08-29].gz,4508,176746030488.0,0.8496798235432367,2.0010815754414493,0.005223045864748161,0.849679823543237,0.005223045864748161,4924,0.17334876877456298,0.11562917902977769,0.11552189639672537,0.5526301065671636,0.0029217564546354046,0.24430739186869907,0.24201962369773425,0.8351069129164719,0.0017173009691670382,0.24379257251547187,0.23160803284443449,0.5171721291456968,0.0004304210599355889,0.3962708565860513,0.26053027060434253,0.09617242681211713,0.0001535673810101294
Brazil,BRA,76,end,2024,Imports,COMTRADE-FINAL-CA0762024H6[2025-01-29].gz,4477,228858716838.0,0.860901013715626,2.0579981440598445,0.004552905488449165,0.8609010137156261,0.004552905488449165,4924,0.1563877474346903,0.09250271527596604,0.09240461994437602,0.4178203877043431,0.0017279658468017458,0.28519056789364083,0.2823788464793164,1.0082577715247216,0.002191178776181818,0.25499258868282915,0.24255223370235873,0.5595231797731357,0.0004983134151296742,0.3673141281475639,0.24356531358957495,0.0723968050576444,0.00013544745033592756
Brunei Darussalam,BRN,96,start,2001,Imports,COMTRADE-FINAL-CA0962001H0[2005-12-14].gz,3029,919242568.0,0.8677156587786107,2.5320138824871736,0.008138172880734491,0.8677156587786106,0.008138172880734491,4924,0.22958232173599688,0.1572741907661526,0.15702206585641026,0.7933000189180631,0.004960712122693712,0.2921337135031371,0.2879232252618657,1.0471206673003106,0.0024964709561122395,0.27080450434492936,0.2514685435920398,0.6129994420111696,0.0005707614900566425,0.279787591385781,0.17130182406829497,0.07859375425763078,0.00011022831187189698
Brunei Darussalam,BRN,96,mid,2013,Imports,COMTRADE-FINAL-CA0962013H4[2014-08-08].gz,3650,2930567936.0000005,0.8867706551863518,2.5576039218468933,0.008998902886192801,0.8867706551863512,0.008998902886192801,4924,0.23396894204383323,0.15498880916354227,0.15480923302302993,0.7881347058246587,0.00543361575489605,0.3233783863451102,0.31966531004564813,1.1970705465335232,0.0030226121950443735,0.24046894559087134,0.22604746840732112,0.5127722338206591,0.00043919804439001523,0.2811638589004761,0.18624864371035235,0.05962643566805237,0.00010347689186236155
Brunei Darussalam,BRN,96,end,2024,Imports,COMTRADE-FINAL-CA0962024H6[2025-10-06].gz,3183,2249959399.3170004,0.8692150230500654,2.4396731421366797,0.006913748025222705,0.8692150230500653,0.006913748025222705,4924,0.19315959709114996,0.1275090989691141,0.12735415389807403,0.6275818248796566,0.0038450335430545986,0.3010946988067667,0.2967251331994801,1.0727049531240793,0.0023315211746212346,0.28131787640835837,0.2622532605103572,0.6480769818203399,0.0006176768758637674,0.2900783258157606,0.182882475442154,0.09130938231260405,0.00011951643168310556
Bulgaria,BGR,100,start,2000,Imports,COMTRADE-FINAL-CA1002000H1[2002-10-24].gz,4138,3890504983.9999995,0.8294282747143618,1.9483335968758206,0.005629182259137935,0.8294282747143618,0.005629182259137935,4924,0.16727874573518348,0.11922782001504821,0.11912641945400727,0.585709613928279,0.003744338201891945,0.22412865843739016,0.22164057508139826,0.732839558778904,0.0012966684062918816,0.2418980965937519,0.22870355482997917,0.5110888468221042,0.0004236158797600517,0.41474542495380984,0.25995772534897693,0.11869557734653316,0.00016455977119405707
Bulgaria,BGR,100,mid,2012,Imports,COMTRADE-FINAL-CA1002012H4[2013-04-15].gz,4514,21828753194.999996,0.837967146349686,2.0559907620389493,0.009512931270875524,0.8379671463496863,0.009512931270875524,4924,0.2119788070104659,0.16954691515994305,0.1694205665363817,0.8992619787587772,0.00798386305829389,0.1984035385501576,0.19639378590798046,0.6247772824141619,0.0010153799657861957,0.22137725687922866,0.21051514174048364,0.4514454075857691,0.00036508214645568994,0.41067228941067085,0.26163765216484014,0.08050609328024153,0.00014860610033974882
Bulgaria,BGR,100,end,2024,Imports,COMTRADE-FINAL-CA1002024H6[2025-05-30].gz,4630,43834026238.166,0.8456849594033858,1.9819925190599115,0.006826941996740161,0.8456849594033857,0.006826941996740161,4924,0.17606963116225063,0.13392048422886454,0.13382360437154214,0.6787765002229964,0.005065770009515685,0.21768303239892794,0.21548330866317197,0.7019414138484836,0.0011779953230328661,0.23750367681163165,0.22617701374362342,0.502236767582748,0.0004259788075322878,0.4108928065605758,0.2702010326250483,0.09903783740568323,0.00015719785665932142
Burkina Faso,BFA,854,start,2000,Imports,COMTRADE-FINAL-CA8542000H1[2018-01-10].gz,2897,466830718.0,0.9284105974279352,3.3579432002693284,0.022041025742141142,0.9284105974279351,0.022041025742141142,4924,0.3364798243632288,0.22303094459178238,0.2227721789609104,1.2565514116659073,0.016031167438118353,0.41873671462939155,0.4130424522190738,1.682226612666605,0.005596727440276443,0.20996480383666616,0.19488385991349966,0.4311116660514964,0.00037215068164178785,0.14826753694215983,0.09771210633445145,-0.011946490114681008,4.0980182104561164e-05
Burkina Faso,BFA,854,mid,2012,Imports,COMTRADE-FINAL-CA8542012H3[2022-07-24].gz,3074,2438383261.612,0.9137978885544414,2.907944256390124,0.009625637716634956,0.9137978885544411,0.009625637716634956,4924,0.2399429908900368,0.15329508494652655,0.153070926008289,0.7716587377102622,0.004862729055390857,0.3880553859009131,0.3825527992846661,1.494439098989177,0.004096871759895039,0.26953756570660503,0.251059575363162,0.6170322844909786,0.0006008414567473083,0.1891119634459553,0.12711458789832436,0.024814135199705985,6.519544460175378e-05
Burkina Faso,BFA,854,end,2024,Imports,COMTRADE-FINAL-CA8542024H6[2025-03-06].gz,3341,3746301725.941,0.9131159265330174,2.889523777973783,0.011379378960780234,0.9131159265330169,0.011379378960780234,4924,0.2740688053085476,0.18155733254164264,0.18132529556502974,0.9484340229904837,0.007106497837234513,0.3430493316280418,0.33882191005742757,1.2990327454490267,0.0036218654661048346,0.26876258908873574,0.2515935874820956,0.6099030075125365,0.0005749499602895633,0.20663074674157983,0.14137513342846436,0.0321540020217363,7.60656971513221e-05
Burundi,BDI,108,start,2000,Imports,COMTRADE-FINAL-CA1082000H0[2002-09-01].gz,1924,100400514.0,0.9020289076808162,3.4582747056568217,0.02599424570303748,0.9020289076808161,0.02599424570303748,4924,0.37199888239615986,0.2854234192466385,0.2848994303176948,1.6521221446031737,0.021843539132665644,0.35839908150271016,0.35065297368038667,1.3660477978854493,0.0037582324968456066,0.20637439166895102,0.18344513050452255,0.41386164096359557,0.00034110942068164005,0.14980310758170026,0.08303137317821195,0.026243122204603696,5.1364652844594924e-05
Burundi,BDI,108,mid,2012,Imports,COMTRADE-FINAL-CA1082012H2[2013-09-05].gz,2848,771962900.0000001,0.9286170060192817,3.485699994880538,0.030821343041072077,0.928617006019282,0.030821343041072077,4924,0.38996106807723524,0.305035380586295,0.30466497043262236,1.7974889784364323,0.027038929446809374,0.3406721109084387,0.3356388720932507,1.2786279626860393,0.00338445701251244,0.20922823426105452,0.19376058604191734,0.4257588571158177,0.00035958505276813843,0.1450642742442117,0.09455257745149122,-0.01617580335775216,3.837152898211539e-05
Burundi,BDI,108,end,2023,Imports,COMTRADE-FINAL-CA1082023H6[2025-10-02].gz,3215,907404430.1259999,0.9140757084717785,2.934800495819812,0.012179590273659226,0.9140757084717797,0.012179590273659226,4924,0.2631091599414261,0.18189795979735396,0.18168070499331201,0.960730107783764,0.00796920655927349,0.3619421788787553,0.3570714910105163,1.370743188962253,0.003604700677935893,0.2593576603047444,0.24222123787815245,0.5806285090973013,0.0005398275078900845,0.1968022010191464,0.13310227458979787,0.02269868997649388,6.585552855975828e-05
Cabo Verde,CPV,132,start,2000,Imports,COMTRADE-FINAL-CA1322000H1[2004-02-18].gz,2629,196921717.0,0.8858836650535172,2.7991897600759272,0.009183820069755218,0.8858836650535171,0.009183820069755218,4924,0.23087618860544465,0.1458880637324526,0.1456550558210315,0.7310032342207381,0.004645849866774509,0.37520475889563776,0.36903515243232415,1.4358725453387164,0.003908607537405445,0.2624924037007051,0.24114560940418614,0.5894296429665287,0.0005513657296928598,0.2164147736712046,0.1300478473959753,0.042884337549943495,7.79969358824051e-05
Cabo Verde,CPV,132,mid,2012,Imports,COMTRADE-FINAL-CA1322012H3[2013-03-29].gz,3178,603030300.9999999,0.8963224679216405,2.845992072673415,0.015863987108821358,0.8963224679216406,0.015863987108821358,4924,0.28250807489356994,0.20847796004864444,0.20825896137921754,1.1514286062869692,0.01265862931960458,0.3000787597020189,0.2961066229319721,1.0891641076313117,0.0026329502682528754,0.24883065954694011,0.23180905997073242,0.5410016446316924,0.0004782428276618857,0.2426126207023968,0.1601478236397183,0.06439771412344177,9.416469330201912e-05
Cabo Verde,CPV,132,end,2024,Imports,COMTRADE-FINAL-CA1322024H5[2025-10-08].gz,3441,773757042.17,0.8819340672055552,2.4433660594118924,0.006314969572452925,0.8819340672055547,0.006314969572452925,4924,0.18772951758579082,0.11985967105597452,0.11970360119002053,0.5742270268806334,0.0029939153099481,0.31571356635030995,0.3116217543372006,1.1451776605459223,0.0026257636236255055,0.272196189618091,0.2548811734758728,0.6149155574538928,0.000568102754597711,0.2922305729756246,0.19572753820246125,0.1090458145314438,0.000127187884281607
Cambodia,KHM,116,start,2000,Imports,COMTRADE-FINAL-CA1162000H1[2005-05-06].gz,2636,1138482368.0000002,0.9415228911249024,4.022808896773851,0.05046857315989766,0.9415228911249036,0.05046857315989766,4924,0.5088490435013922,0.41104182651689514,0.41052160773519286,2.542556132887547,0.04645692931999922,0.3339911488203214,0.3291959617705423,1.2804660962020609,0.0038147466409073154,0.14715423256585378,0.13533586158101318,0.24672248623724413,0.00017598303426064513,0.10781279209692954,0.06646946003815415,-0.04693581855300111,2.0914164730476357e-05
Cambodia,KHM,116,mid,2012,Imports,COMTRADE-FINAL-CA1162012H4[2016-10-11].gz,2887,6076390405.0,0.9388486602976741,3.6563938535504343,0.03375538473615907,0.9388486602976738,0.03375538473615907,4924,0.42049410171168883,0.3240805495886336,0.323708829737768,1.9316936815489023,0.029389854286905805,0.3530892226232458,0.3482366319096804,1.3577758832731588,0.0040071856126089826,0.19455070015942988,0.18054651847786798,0.38556442100523497,0.00032506150237657233,0.12827952762869066,0.08635668017235777,-0.018640132276860427,3.3283334267720525e-05
Cambodia,KHM,116,end,2024,Imports,COMTRADE-FINAL-CA1162024H6[2026-04-27].gz,4083,24398976048.71,0.8906992085120878,2.506264364537852,0.012471071242757967,0.8906992085120875,0.012471071242757967,4924,0.22762393533137362,0.17194049145690082,0.17181010144571768,0.9304678134779545,0.009999810880003533,0.2661225616170403,0.2631090465719219,0.91490234802793,0.0018143126503581339,0.26354132373131123,0.24964570364020144,0.5904396804984218,0.0005435824047074143,0.2983956231947477,0.20613435685424683,0.07045452253354607,0.00011336530768888772
Cameroon,CMR,120,start,2000,Imports,COMTRADE-FINAL-CA1202000H1[2007-03-07].gz,3351,983766777.0,0.9044736662261772,2.8424305512909247,0.010408158503509513,0.9044736662261772,0.010408158503509513,4924,0.2575112607202835,0.15944173524371824,0.15923045243895298,0.80945521057801,0.005296476483383964,0.391103794034305,0.38635986560134356,1.5321529024238563,0.00461121258159456,0.23155394599425466,0.21685136257720164,0.4920957345765324,0.0004324479447452589,0.21790052472772212,0.1420319856086792,0.008726703712527078,6.802149378573042e-05
Cameroon,CMR,120,mid,2012,Imports,COMTRADE-FINAL-CA1202012H2[2013-09-22].gz,3669,4104270994.0000005,0.9130972437781023,2.8991280080288973,0.013808874944775174,0.9130972437781031,0.013808874944775174,4924,0.2878656160270104,0.20307088158126624,0.2028573036912115,1.0940309393213934,0.00983752726829337,0.3405481788328034,0.33668672539099936,1.2821732403435457,0.0034457226561807595,0.23479719021956447,0.22128919055502128,0.5043799192509866,0.0004524221630276819,0.22158374936636582,0.15226402414087017,0.018543909112971768,7.320285727336122e-05
Cameroon,CMR,120,end,2023,Imports,COMTRADE-FINAL-CA1202023H6[2025-07-14].gz,3985,6254368315.474001,0.9129992834291654,2.8085103615232674,0.01238329236362877,0.9129992834291654,0.01238329236362877,4924,0.2938136272458346,0.1994122286972283,0.19919758534626497,1.0595323593010937,0.008465041193137225,0.32042113604717815,0.31716524254889533,1.199593997333737,0.003378368458475688,0.24096521528552842,0.22789706470587742,0.5178564141068335,0.0004551254424094909,0.23920141997006494,0.16873939082812747,0.03152759078160347,8.475726960636564e-05
Canada,CAN,124,start,2000,Imports,COMTRADE-FINAL-CA1242000H1[2005-12-16].gz,4504,178527258269.00003,0.8382073956982656,2.1436585330167164,0.008541755804313335,0.8382073956982659,0.008541755804313335,4924,0.2515629594274912,0.1682088146966371,0.1680380150147957,0.8615536473255487,0.0057981300917716826,0.2569500566871846,0.2546896523636667,0.9140421430811566,0.002373216539308851,0.18555977076310393,0.17620535283700758,0.34225410740671813,0.0002480920235312113,0.3892813578530742,0.23927437548279556,0.025808635203293157,0.000122317149701589
Canada,CAN,124,mid,2012,Imports,COMTRADE-FINAL-CA1242012H4[2013-03-23].gz,4713,364895702944.0,0.8378540887646817,1.9195770362542608,0.005627838404795158,0.8378540887646819,0.005627838404795158,4924,0.19010686239559496,0.13171575000261398,0.1315931079969856,0.6443325091970383,0.0036663812763565963,0.22274209544888782,0.22069882475966995,0.7392821070261447,0.0014534801104406296,0.21934857429789956,0.20889413396116036,0.4427883366486048,0.00035084741973546524,0.42619358025059856,0.2766680220468658,0.09317408338247293,0.00015712959826246536
Canada,CAN,124,end,2024,Imports,COMTRADE-FINAL-CA1242024H6[2026-04-29].gz,4821,480533284467.33405,0.8444777473951255,1.9153394050037,0.005096407069266351,0.8444777473951255,0.005096407069266351,4924,0.17384636055719505,0.11145672542389648,0.11136022500385327,0.5301161516797712,0.0028122169090465704,0.24324501095247464,0.24109927216277413,0.8310210059144089,0.0017482213583442032,0.2255556123618337,0.2151993798981504,0.4646016206392438,0.00038140964823464845,0.4197426512617951,0.2768188703303477,0.08960062677027587,0.00015455915364092916
Central African Rep.,CAF,140,start,2000,Imports,COMTRADE-FINAL-CA1402000H0[2004-02-19].gz,1099,56596237.0,0.8796690833305232,3.71569448882497,0.025287810318073964,0.8796690833305232,0.025287810318073964,4924,0.4033333170189389,0.268331656042786,0.26740123610133437,1.5260487951100226,0.018109126311657432,0.4302781826289971,0.415455819760889,1.7688954916183053,0.00677837418203461,0.20755489450650225,0.16889017898674566,0.42798024906493304,0.00037735300566501195,0.09383526682171468,0.027921848481554126,-0.007230046968291236,2.2956818716904732e-05
Central African Rep.,CAF,140,mid,2012,Imports,COMTRADE-FINAL-CA1402012H3[2014-12-19].gz,1065,197815235.99999997,0.8785231272254543,3.6822036291868327,0.02350672626572631,0.8785231272254543,0.02350672626572631,4924,0.3859628385752855,0.27704327587790056,0.27603507533580984,1.576562249590294,0.017786312724702793,0.41106619535537575,0.3956852735835371,1.6393462848821028,0.005285532395956905,0.22000675985027224,0.17699649325940586,0.46179481479748086,0.000408356045672573,0.09188376891645157,0.029806285046701506,0.004500279916955546,2.6525099394044455e-05
Central African Rep.,CAF,140,end,2024,Imports,COMTRADE-FINAL-CA1402024H6[2025-10-15].gz,1578,558198029.8119999,0.8829653536433232,3.346682926053556,0.018582617779341774,0.8829653536433233,0.018582617779341774,4924,0.33293111598569786,0.2478307162476356,0.2472147540348088,1.3821402742561353,0.014177107297739855,0.37649957434881126,0.3662518868116866,1.4428499596114694,0.003935448295878816,0.23048864564585148,0.19915007939673465,0.48628410919977705,0.0004185401633275397,0.14518106375770182,0.0703486334000931,0.035408582986174324,5.152202239556457e-05
Chile,CHL,152,start,2000,Imports,COMTRADE-FINAL-CA1522000H1[2002-09-01].gz,4097,10530895588.0,0.8243389954533373,1.879530017412145,0.004290211015877425,0.8243389954533376,0.004290211015877425,4924,0.14122839594364042,0.09162321966639558,0.09153704427831985,0.4235080691247952,0.0021623259495330157,0.24678156255009104,0.24402367608977638,0.8302819291229647,0.001556987274425497,0.23547954701075519,0.22242725970713412,0.49035279139700505,0.0003990775285510694,0.42611567077275825,0.266351015378107,0.13538722776738024,0.000171820263367843
Chile,CHL,152,mid,2012,Imports,COMTRADE-FINAL-CA1522012H4[2026-05-27].gz,4491,55547928672.285995,0.8610094334951494,2.123777264619226,0.006456299787224198,0.8610094334951492,0.006456299787224198,4924,0.1882074892695861,0.13148583883980175,0.13137302244863472,0.6509655057091582,0.004082344298597986,0.2636535621933179,0.26102258073217766,0.9083283425998775,0.0018320263157386785,0.23222476669640607,0.22076074136580087,0.4847511742815803,0.00040306787503628487,0.3726358322704743,0.24785308894853617,0.07973224202860998,0.00013886129785124738
Chile,CHL,152,end,2024,Imports,COMTRADE-FINAL-CA1522024H6[2026-04-29].gz,4623,66261830017.515,0.8563794119430858,1.9529518342943246,0.004201947069451549,0.8563794119430848,0.004201947069451549,4924,0.15321166559606073,0.09813942403778285,0.09804070172449564,0.4494970855667373,0.001962781222812358,0.24095987238326727,0.2385934140829632,0.8092161043074957,0.0015716558938619549,0.2606124506227099,0.24809714863730553,0.5734969831445165,0.0005045326119281657,0.40028825295624,0.27164814749832134,0.12074166127557523,0.00016297734084906972
China,CHN,156,start,2000,Imports,COMTRADE-FINAL-CA1562000H1[2005-12-16].gz,4434,155559118718.00003,0.8588443949573894,2.000160147124496,0.0039297150710828265,0.8588443949573896,0.0039297150710828265,4924,0.13566350495674384,0.0787998297638517,0.07871911556264731,0.34435898632282713,0.0012913963402120642,0.27103686327522186,0.2682945466482097,0.9408725705576525,0.0019255679964753677,0.2728106651609225,0.2593243809894392,0.6157500378815881,0.0005631667212806356,0.37735264180000366,0.2525063517570933,0.099178552362428,0.00014958401311475843
China,CHN,156,mid,2012,Imports,COMTRADE-FINAL-CA1562012H4[2013-05-22].gz,4613,1329938588542.0,0.9171610531090157,2.9824333366495264,0.01885395691426618,0.917161053109016,0.01885395691426618,4924,0.35882699637650256,0.25706278120736004,0.2568393369828185,1.4391599650531843,0.014857627808666883,0.31843228534742285,0.31580486857857243,1.208920987268205,0.003641941640130193,0.19321038543601188,0.18411358614590592,0.3717263299326896,0.00029095741234919515,0.2312945480092053,0.1604032614017188,-0.03737394560455249,6.343005311991155e-05
China,CHN,156,end,2024,Imports,COMTRADE-FINAL-CA1562024H6[2025-07-04].gz,4661,1606486860321.0002,0.9141924519042418,2.811150910605841,0.01651192912207796,0.9141924519042421,0.01651192912207796,4924,0.31303398739568555,0.2392628922313106,0.23906912481087228,1.3299790514724021,0.013656151854099545,0.2841776694435752,0.2815836017942137,1.0143991588390386,0.002375485525492948,0.22726719921236826,0.21675465564218016,0.4753356252201148,0.0004044764178410836,0.24929223911274584,0.1767850696569758,-0.008562924925714647,7.58153246443876e-05
"China, Hong Kong SAR",HKG,344,start,2000,Imports,COMTRADE-FINAL-CA3442000H1[2005-12-19].gz,4195,151255598864.0,0.8645928581228627,2.174145620128638,0.006617447976446178,0.8645928581228626,0.006617447976446178,4924,0.1863110237965604,0.12905798274228236,0.1289406566627856,0.6401268926226559,0.0042380893915172895,0.25624572453939654,0.25350842533009754,0.876739602504187,0.0017620676984537714,0.25122124541519875,0.23785509749548017,0.5424541478308366,0.00046443332943017074,0.36347504730312236,0.24428867863449938,0.11482497717095826,0.00015285755704494373
"China, Hong Kong SAR",HKG,344,mid,2012,Imports,COMTRADE-FINAL-CA3442012H4[2013-03-19].gz,4382,443658522213.00006,0.9349655858411898,3.495614706425026,0.030761562719038984,0.9349655858411905,0.030761562719038984,4924,0.4799377460004095,0.3450156613710699,0.3446733161716192,2.0229207982466755,0.025649269245304043,0.3191069247343815,0.316536536273438,1.255151392442309,0.0048563685263194115,0.1619510077743297,0.15422272138000762,0.2897625694890327,0.00022056264158678006,0.17392640612021867,0.11953301201612503,-0.07222005375299174,3.536230582875354e-05
"China, Hong Kong SAR",HKG,344,end,2024,Imports,COMTRADE-FINAL-CA3442024H6[2025-04-14].gz,4227,424200219091.765,0.9522817168353017,3.807858752902121,0.0412616301061729,0.9522817168353019,0.0412616301061729,4924,0.4816526723334851,0.37683531651358737,0.3765116585485769,2.279341550568681,0.036787589511318455,0.34526501787718294,0.34223914036515835,1.3436905064027556,0.004267136764235563,0.14941806481928055,0.14197348184476294,0.2536407835722989,0.00018299231617080794,0.12848160078994908,0.09155743607680368,-0.06881408764161506,2.3911514448088633e-05
"China, Macao SAR",MAC,446,start,2000,Imports,COMTRADE-FINAL-CA4462000H1[2022-08-03].gz,1538,1255850490.478,0.8655018079719324,3.1304327285045552,0.011753146916516676,0.8655018079719325,0.011753146916516676,4924,0.2726151799407721,0.167647180882865,0.16716523530224273,0.8605042392552091,0.0059417641136997445,0.41540532800270125,0.40438147817889786,1.6519517115085398,0.00522104213350683,0.25970037682610114,0.2236455234598238,0.5801096825228237,0.0005340616291433544,0.15724711428833266,0.07030957103096809,0.03786709521798226,5.62790401667492e-05
"China, Macao SAR",MAC,446,mid,2012,Imports,COMTRADE-FINAL-CA4462012H4[2022-08-11].gz,2068,6207273877.139999,0.9244881901970986,3.8352342688027594,0.038853014878492825,0.9244881901970978,0.038853014878492825,4924,0.4549756902528713,0.3273270243761429,0.3268050912520407,1.9620070788046313,0.032633406001172524,0.38894853920769107,0.3822595417811957,1.5829747224702613,0.005934213501123115,0.17315873224768613,0.15600063295968863,0.3256366881513503,0.0002619021027072879,0.11056570416847995,0.05942292420417351,-0.0353842206234828,2.3493273489906632e-05
"China, Macao SAR",MAC,446,end,2024,Imports,COMTRADE-FINAL-CA4462024H6[2025-05-13].gz,1895,12828535700.612999,0.917187541991382,3.7089293410683797,0.03223688631831301,0.9171875419913822,0.03223688631831301,4924,0.43669865233408584,0.3393617087949777,0.3386986708076653,2.0096899398741295,0.028120550379676926,0.34436217868701174,0.3369475130519243,1.3085641627353775,0.003752166976030847,0.200902578463362,0.17866425981586356,0.4014442417854573,0.0003335458692918305,0.11537353405464862,0.06287709831592858,-0.010769003326585072,3.0623093313407526e-05
Colombia,COL,170,start,2000,Imports,COMTRADE-FINAL-CA1702000H1[2004-02-18].gz,4132,9141703046.999998,0.8366019911983259,1.9423758485898521,0.004036041687946012,0.836601991198326,0.004036041687946012,4924,0.14583888052621846,0.08756514753153087,0.087467537259367,0.39151532687994217,0.0015798456911849906,0.26109275720989195,0.2582763269767997,0.8986867240204579,0.001827632489366363,0.24894974695788583,0.23575996087560658,0.5398197200479758,0.0004731540290445604,0.40239234830069154,0.25509816608655267,0.1123540776414764,0.000155409478350098
Colombia,COL,170,mid,2012,Imports,COMTRADE-FINAL-CA1702012H4[2013-09-07].gz,4413,46967346706.99999,0.8477430059108507,1.9998449922817254,0.00502863622484867,0.8477430059108506,0.00502863622484867,4924,0.16466735206441438,0.10637107806337723,0.10627226891807515,0.5014394880825165,0.0025810740709967263,0.26558782427773464,0.2629351032239243,0.9203335381306949,0.0019038084287376518,0.22828647271446417,0.21679574371081733,0.4724083575037348,0.00038918781235849074,0.39975462494442404,0.26173989005803405,0.10566360856477913,0.00015456591275579907
Colombia,COL,170,end,2024,Imports,COMTRADE-FINAL-CA1702024H6[2026-04-29].gz,4456,55674625153.76,0.8505781281624496,2.0399123766325515,0.005840465791338493,0.8505781281624498,0.005840465791338493,4924,0.1890819854674285,0.13374720169775142,0.13361580837008846,0.6563574853766229,0.003761289280459883,0.2368046312635996,0.23441063417648414,0.7917807007632659,0.0015144718735386246,0.23445832763875962,0.2228135334995814,0.49202000580450034,0.0004121117846577256,0.3949898393998893,0.2597381521162957,0.09975418468816283,0.00015259285268225781
Comoros,COM,174,start,2000,Imports,COMTRADE-FINAL-CA1742000H0[2002-09-01].gz,1183,29779076.0,0.9289309829429911,4.437059314886231,0.05963524393599843,0.9289309829429908,0.05963524393599843,4924,0.5708050847514544,0.44722351358383317,0.4459429675237529,2.799929653062959,0.054179144258841724,0.3584652190014223,0.347854757692018,1.4378346121438457,0.00527976980555196,0.13578312503719053,0.11243816750454003,0.22395566972110195,0.00016574296482916695,0.05852814237755395,0.022695090222680094,-0.024660620041674033,1.0586906775566121e-05
Comoros,COM,174,mid,2012,Imports,COMTRADE-FINAL-CA1742012H2[2015-11-02].gz,2097,196278509.72700006,0.9499794946566082,4.163802423992528,0.04244873526904578,0.9499794946566089,0.04244873526904578,4924,0.5256536065725556,0.3733998166361775,0.37273302712120043,2.2482005435346504,0.03506616524331108,0.4145257829422158,0.4074151499740807,1.7140700686589057,0.007186114831019846,0.14203436055482627,0.1282922838416416,0.24147278952932866,0.00018465038643786832,0.07004003986678026,0.04153903371968547,-0.039940977730356514,1.1804808276990508e-05
Comoros,COM,174,end,2023,Imports,COMTRADE-FINAL-CA1742023H6[2025-11-08].gz,2406,238404202.511,0.9427930467002811,3.8975385217425975,0.03560420830789092,0.942793046700281,0.03560420830789092,4924,0.4707943175341352,0.3388549234391478,0.3383317003505059,2.009322977350068,0.029234325687447004,0.3995786862062765,0.3934838499127295,1.6221810106702208,0.0061172294287030644,0.1667777587449799,0.1522499521028985,0.30276623461033547,0.0002327222691013921,0.09478863160959568,0.058727544334147244,-0.03673170088802786,1.9930922639457287e-05
Costa Rica,CRI,188,start,2000,Imports,COMTRADE-FINAL-CA1882000H1[2002-10-25].gz,3948,4141173398.0000005,0.8556982111530709,2.3532685005941105,0.013075653145457354,0.8556982111530704,0.013075653145457354,4924,0.23945157248018228,0.1849612816102128,0.18482130764289367,1.0143399443744596,0.011000412996846131,0.24061964997716329,0.23796572012515782,0.8119095761650543,0.0015824550630096918,0.22144443068299952,0.2089024231280876,0.45017544430128553,0.00036154096342056114,0.3529746377296243,0.2240087602569318,0.0768435357533106,0.00013124412218097238
Costa Rica,CRI,188,mid,2012,Imports,COMTRADE-FINAL-CA1882012H4[2013-09-22].gz,4273,14576762217.999998,0.873638316559571,2.4387523142413965,0.012187225577998752,0.8736383165595709,0.012187225577998752,4924,0.26344904825747456,0.19743782363779885,0.19726511184496817,1.06288312331111,0.009722613716308257,0.25557645175580185,0.25312107035395204,0.8922321878657019,0.0019997640454743554,0.22002010556143636,0.20850841677584006,0.4455694989517466,0.00035510663037024103,0.326965619044963,0.21474371758481067,0.03806750411283846,0.0001097411858459006
Costa Rica,CRI,188,end,2024,Imports,COMTRADE-FINAL-CA1882024H6[2025-10-05].gz,4307,20475454483.260002,0.8616563436090198,2.0916336560035345,0.0049974444894981904,0.8616563436090199,0.0049974444894981904,4924,0.1728695035236508,0.10334781438902928,0.10324261092729824,0.4806143482391107,0.0022628285392205043,0.2683304044272625,0.26566884470449825,0.941704396954601,0.0020973276796327996,0.2564694684978274,0.24319658823000684,0.5594687556446598,0.0004858395307357063,0.37185231268588065,0.2495482997472164,0.10984615516516269,0.00015144873990918141
Croatia,HRV,191,start,2000,Imports,COMTRADE-FINAL-CA1912000H1[2002-09-01].gz,4161,5664162513.999999,0.8165061471745467,1.9141638495436486,0.00605903398141001,0.816506147174547,0.00605903398141001,4924,0.1804945429219371,0.14380533520828992,0.1436598335684423,0.7189015702825381,0.0045440894545852005,0.1977228579185679,0.1955192032152354,0.6191418241598149,0.0009715400679624842,0.22769764685801885,0.2155479019878933,0.47022790490300415,0.0003842564975288953,0.4307741600151236,0.2617792084029758,0.10589255019829165,0.00015914796133343245
Croatia,HRV,191,mid,2012,Imports,COMTRADE-FINAL-CA1912012H4[2013-03-15].gz,4525,14696273901.000002,0.8179537005753157,1.6762719583204075,0.0032524651826769365,0.8179537005753157,0.0032524651826769365,4924,0.11171845201624074,0.07851919491793635,0.07845876404317881,0.35418268405658393,0.0016908548594951214,0.19425463053644887,0.19215891419563466,0.5996669610612616,0.0008928048901485292,0.25435388833687483,0.24173348538770123,0.5513895181485334,0.00047320369278624683,0.4728722862087397,0.3056025369488011,0.17103279505402846,0.00019560174024703844
Croatia,HRV,191,end,2024,Imports,COMTRADE-FINAL-CA1912024H6[2025-04-19].gz,4661,37488241858.0,0.8385129929589487,1.790569826069946,0.0035978721631429573,0.838512992958949,0.0035978721631429573,4924,0.13273031262967777,0.09134821664804553,0.09126692287320096,0.4157471892548539,0.0018588526145704232,0.20819799583565818,0.20609652126758993,0.6617507523607989,0.0010763561033142338,0.256109939072984,0.2437496502286458,0.5561945168174988,0.00047557546699738987,0.44434384844331226,0.2973998985895119,0.15687736763679466,0.00018708797826091081
Cyprus,CYP,196,start,2000,Imports,COMTRADE-FINAL-CA1962000H1[2002-09-01].gz,3891,2808183192.0,0.8627593485108487,2.505645346224765,0.01731673941576802,0.8627593485108487,0.01731673941576802,4924,0.2827925208783886,0.22386003298890195,0.22367678605668953,1.2605201336837883,0.015370371678978435,0.22511841806205782,0.22262582322627508,0.7500548088908798,0.001485086279020699,0.2129250809359235,0.20081631916457088,0.42621436489106096,0.00033895042649798306,0.3380964680131167,0.2156404200633132,0.06885603875903634,0.00012233103127090106
Cyprus,CYP,196,mid,2012,Imports,COMTRADE-FINAL-CA1962012H4[2013-04-23].gz,4020,4719062189.0,0.8583079721021775,2.110414902883995,0.005289631681580198,0.8583079721021771,0.005289631681580198,4924,0.16046844955236084,0.10952142292482088,0.10941956479661467,0.5244529515728481,0.0029603860342051137,0.2543813351060631,0.2514918607768276,0.8637092600711798,0.0016541591848144642,0.26391798495025975,0.24917888193220916,0.5817788941202409,0.0005090109911520767,0.3721792570188563,0.24821766459652597,0.14047379711972657,0.00016607547140854334
Cyprus,CYP,196,end,2024,Imports,COMTRADE-FINAL-CA1962024H6[2026-05-10].gz,4167,10605567555.970999,0.8859472887242351,2.472301985476345,0.009293322662929896,0.885947288724235,0.009293322662929896,4924,0.24683609465768944,0.16333229059747387,0.16317343499716858,0.8394187300976478,0.005966027613984671,0.301703179981048,0.29872021028075096,1.1042774460684683,0.0028207717752735686,0.22882319879590882,0.21674112702833837,0.4759081466662055,0.0003968822243916325,0.30614133062556936,0.20731251641797718,0.05269766264402362,0.00010964104928002398
Czechia,CZE,203,start,2000,Imports,COMTRADE-FINAL-CA2032000H1[2002-09-01].gz,4441,22284147669.0,0.7970519199630055,1.5419618271080633,0.0021808200457332882,0.7970519199630051,0.0021808200457332882,4924,0.08735588386732566,0.051377457958273226,0.051325980174754225,0.20273643278375825,0.0005527749590507657,0.20052973909978714,0.1983864917461431,0.6281325803656984,0.000976429295300554,0.2439144300382059,0.23157966585893952,0.5183496207928773,0.00043417778355828114,0.5041783729037338,0.31575978218316875,0.19274319316572924,0.00021743800782368715
Czechia,CZE,203,mid,2012,Imports,COMTRADE-FINAL-CA2032012H4[2013-03-19].gz,4682,109309579686.0,0.8399157030734367,1.8935064704727826,0.004747347052515334,0.8399157030734368,0.004747347052515334,4924,0.17343497277837772,0.10876655792416905,0.1086663195975429,0.5117063889141125,0.002513124948319248,0.23806665614825998,0.23590997089007945,0.8095433563602326,0.0016991123898613685,0.2256523954497661,0.21478428652276943,0.4611760828169032,0.00036880743269662703,0.4275143904778049,0.28055512606304495,0.11108064238153428,0.00016630228163808992
Czechia,CZE,203,end,2024,Imports,COMTRADE-FINAL-CA2032024H6[2025-06-04].gz,4787,205616318348.99997,0.8633417421752048,2.126287787096991,0.007065993936559737,0.8633417421752052,0.007065993936559737,4924,0.19188966246517086,0.12808816441038087,0.1279898069420143,0.6373367288775503,0.004358989529473716,0.2773442700176872,0.2749035193481042,0.9831076964402384,0.0022048641964526393,0.22200538942782078,0.2118532652412152,0.4557088075740535,0.0003747186367302303,0.37256217614411136,0.24859515064387108,0.05013455420514896,0.00012742157390315228
Côte d'Ivoire,CIV,384,start,2000,Imports,COMTRADE-FINAL-CA3842000H1[2017-10-12].gz,3352,1325199678.9999998,0.8943385771296745,2.744261329733298,0.01118771340309846,0.8943385771296748,0.01118771340309846,4924,0.26416904376566797,0.1867811809211886,0.1865507764974061,0.9830781200707709,0.00768725103630632,0.32709951461073367,0.3228022993630601,1.2035236802179075,0.0029478946604354233,0.23929618379223894,0.2241756540732866,0.5176483582005842,0.0004660593158179455,0.24682312067583898,0.16080984719592165,0.040011171244034735,8.650839053877269e-05
Côte d'Ivoire,CIV,384,mid,2012,Imports,COMTRADE-FINAL-CA3842012H3[2013-12-09].gz,3984,6204642612.93,0.9090827186314191,2.8822704303025164,0.016849979590001642,0.9090827186314197,0.016849979590001642,4924,0.3247638443077775,0.23552181093987637,0.23529505317287652,1.3057993086201765,0.013370393089214177,0.29780777013778315,0.2947861971734244,1.0954287515649623,0.0030081990110145587,0.22683654551498833,0.21440934250737348,0.47123248311820565,0.0003938579089169462,0.23983387340735215,0.16459212577774482,0.009809886999171388,7.752958085596583e-05
Côte d'Ivoire,CIV,384,end,2024,Imports,COMTRADE-FINAL-CA3842024H6[2025-10-05].gz,4169,12418884160.913002,0.9036280552625287,2.580078255619803,0.010034359652740035,0.9036280552625291,0.010034359652740035,4924,0.23630811966912954,0.16611468333015975,0.16596837186584928,0.866538239775051,0.006931902786890981,0.2956246327849393,0.2925535042218904,1.0614404878223027,0.002462131092056323,0.26817823691544934,0.2540098625761804,0.5994327369965881,0.0005388642179941619,0.2700824469694515,0.19109631659860854,0.052666791025861734,0.00010146155579857119
Denmark,DNK,208,start,2000,Imports,COMTRADE-FINAL-CA2082000H1[2002-09-01].gz,4353,31647758136.0,0.7936048795550857,1.6195473426971398,0.003053070465980654,0.7936048795550856,0.003053070465980654,4924,0.12087655188619646,0.07887075847104168,0.07879712815448478,0.34795680394410433,0.001400916288771049,0.20749841355265403,0.20530899406397307,0.6615946914451378,0.0010942934886398153,0.22513141776136328,0.21334130241842553,0.458094663042071,0.0003629348409251094,0.488499410214941,0.2961574549182024,0.1519011842658267,0.0001949258476446807
Denmark,DNK,208,mid,2012,Imports,COMTRADE-FINAL-CA2082012H4[2013-09-22].gz,4602,71004097385.99998,0.81816473212512,1.6637310840196375,0.003039087478025332,0.81816473212512,0.003039087478025332,4924,0.10835661978411194,0.07130181275986795,0.07124518637740017,0.3130746605907276,0.0013502265813785264,0.20829354639625788,0.2061318828920714,0.6596490990578212,0.0010463072865536547,0.24583613657827552,0.23387676789011008,0.5249268054820457,0.00044290225839344223,0.4745685042655989,0.3069108949655384,0.16608051888904307,0.00019965135169970887
Denmark,DNK,208,end,2024,Imports,COMTRADE-FINAL-CA2082024H6[2025-07-01].gz,4772,110485790496.91699,0.842290049339188,1.8579583096580594,0.004797688275153269,0.8422900493391885,0.004797688275153269,4924,0.14890498137510358,0.1084868497404084,0.10840563087910109,0.5212607316499897,0.003029954633062391,0.21725582373556565,0.2151062444149099,0.6990981157654833,0.0011613163544048793,0.23968602067063183,0.2285465074135567,0.5079161860941647,0.0004294340382956852,0.43457130585339415,0.2902316666316202,0.12968327614842196,0.00017698324939031268
Dominica,DMA,212,start,2000,Imports,COMTRADE-FINAL-CA2122000H1[2003-06-03].gz,2454,114066192.0,0.8552722048153689,2.526053225661986,0.006054424197566831,0.8552722048153687,0.006054424197566831,4924,0.18406342562921713,0.10831725712382859,0.10810298863092277,0.5059650627658676,0.0023531185561219982,0.32590077027293063,0.3199260569111789,1.1938268418307747,0.0028604761961588026,0.3023617059566607,0.27591680310275907,0.7205001968629355,0.0007258366219144287,0.2634202666465801,0.15132635617050819,0.10576112420240824,0.00011499282337160083
Dominica,DMA,212,mid,2010,Imports,COMTRADE-FINAL-CA2122010H3[2011-07-27].gz,2713,173886872.00000003,0.8664532202301326,2.4951731254354503,0.006006361483901946,0.8664532202301329,0.006006361483901946,4924,0.17784766728105844,0.11406761377592668,0.11388093301147034,0.5409033554977737,0.0027098855708306206,0.3082893774527229,0.3031165842945932,1.1073306633307025,0.0024637317644580154,0.3028166813787674,0.27844578111281126,0.7164470279954716,0.0007015067494971132,0.27482632739258295,0.17100992181125765,0.13049207861150236,0.0001312373991161982
Dominica,DMA,212,end,2023,Imports,COMTRADE-FINAL-CA2122023H5[2024-10-01].gz,3064,241794097.092,0.8691196304277817,2.418443764765728,0.005854447216650997,0.8691196304277822,0.005854447216650997,4924,0.1817762222963118,0.1114750039112175,0.11131132843627221,0.5255324722112001,0.002564143942185053,0.3052234813106411,0.30086058999403154,1.1017627083081167,0.0025426590472954706,0.28494921186963695,0.26448422262962057,0.6545028844779879,0.0006101966108880553,0.29835230290850445,0.1924634893678574,0.13664569976842317,0.00013744761628241815
Dominican Rep.,DOM,214,start,2001,Imports,COMTRADE-FINAL-CA2142001H1[2004-01-09].gz,3555,3510438999.9999995,0.8667870029036602,2.4837583086295294,0.01286330290608096,0.8667870029036602,0.01286330290608096,4924,0.23254584398133682,0.16977306826866956,0.1696248846391794,0.9203140312183535,0.010196358666629003,0.27599138928208133,0.2726007711184967,0.9693221753837977,0.002092697615365799,0.24685761572840326,0.231581906958909,0.5318837160393632,0.0004600294509137769,0.307377926720846,0.1929794401870751,0.06223838598801453,0.0001142171731723829
Dominican Rep.,DOM,214,mid,2013,Imports,COMTRADE-FINAL-CA2142013H4[2015-01-14].gz,4246,11419978548.000002,0.8618350970130976,2.1068374803124676,0.005249076478188007,0.8618350970130975,0.005249076478188007,4924,0.1646981226335312,0.11212517410763877,0.11201875067570369,0.534417217848768,0.002839830922690906,0.2620598770561535,0.25926215696380545,0.8985970895658717,0.001764585091722737,0.25812307495390074,0.24462324249803746,0.5655570195452847,0.0004950985925029564,0.3676918738823069,0.24593094687555106,0.10826615335254272,0.00014956187127140687
Dominican Rep.,DOM,214,end,2024,Imports,COMTRADE-FINAL-CA2142024H6[2025-03-26].gz,4134,26374871957.893997,0.8636455514358773,2.1564434530688263,0.005582653530051544,0.8636455514358772,0.005582653530051544,4924,0.1767499949055353,0.11896087240486138,0.11884088957408549,0.5728080221101601,0.003107178498328339,0.26462393434939957,0.2617388310917423,0.91170665967399,0.001833087732272385,0.2603257870684409,0.2462925768905293,0.5718009220986602,0.0005006890869762696,0.3560894061772982,0.2367732538795202,0.10012784918601614,0.0001416982124745505
Ecuador,ECU,218,start,2000,Imports,COMTRADE-FINAL-CA2182000H1[2002-09-01].gz,3809,2515394521.0,0.8393121611405073,2.011624035967071,0.0040848204224069335,0.8393121611405072,0.0040848204224069335,4924,0.13947841305646222,0.0845379117369875,0.08444249209980906,0.3765054526339526,0.001521043007283448,0.2744660931359324,0.2712212810842857,0.954715082094374,0.0019439109132741398,0.24491173138354785,0.23059145030091915,0.523411665555026,0.0004453794294944942,0.3960842637435323,0.2530569376554934,0.15699183568371866,0.00017448707235485225
Ecuador,ECU,218,mid,2012,Imports,COMTRADE-FINAL-CA2182012H3[2013-09-20].gz,4225,19481147785.0,0.8651688586242123,2.3632451498761657,0.01485337060065935,0.8651688586242121,0.01485337060065935,4924,0.23746403020267423,0.18452427729991677,0.18440003133101363,1.025154059905284,0.01281862741270997,0.24198807865622893,0.2394156684312374,0.8127339033124457,0.0015399874704377606,0.22146412490980882,0.20978396269216737,0.4509257281785006,0.00036397285053279914,0.35202351913404545,0.23156919616979388,0.07443145847993536,0.0001307828669788249
Ecuador,ECU,218,end,2024,Imports,COMTRADE-FINAL-CA2182024H6[2025-04-08].gz,4345,23361075545.187996,0.8737179686608935,2.3999245824617574,0.014156307838423796,0.8737179686608936,0.014156307838423796,4924,0.25443080581537075,0.1943879798427389,0.19424803614136246,1.0703033986529378,0.012082132671530351,0.23208219733534086,0.2297613484651567,0.7785179619536697,0.0015533974932795322,0.22970050686546678,0.2179315533936973,0.475982894855534,0.0003902778086474163,0.3438293159564537,0.23177703066067695,0.0751203269996157,0.00013049986496649558
Egypt,EGY,818,start,2000,Imports,COMTRADE-FINAL-CA8182000H0[2022-12-05].gz,3493,9688458584.025002,0.8792880047457742,2.6754706932696277,0.012730543372860859,0.8792880047457747,0.012730543372860859,4924,0.2650957879682641,0.20479391187113938,0.20456882311550328,1.1054123513771725,0.009868496015984485,0.30474960618084024,0.3007661384959055,1.0895224940375265,0.00236659753960506,0.22939966755296443,0.21531931984715552,0.48341146247618905,0.00041805047833037205,0.2610568143950558,0.15863372328720993,-0.002875614621259931,7.739933894094296e-05
Egypt,EGY,818,mid,2012,Imports,COMTRADE-FINAL-CA8182012H3[2013-03-09].gz,4344,51992322403.0,0.8896935195941194,2.566704457971849,0.011090393666977828,0.8896935195941196,0.011090393666977828,4924,0.2711796248629675,0.1783716172383345,0.17820674113564086,0.9339035013002416,0.007300857951883682,0.3141465354089446,0.3113261652629713,1.1785182803858008,0.0033225279720201723,0.22045475995378727,0.20948348260765767,0.4536537594254473,0.0003776411874754976,0.2870270873989337,0.1906771305878495,0.0006289168603595859,8.936655559847495e-05
Egypt,EGY,818,end,2024,Imports,COMTRADE-FINAL-CA8182024H6[2025-04-17].gz,4412,75619377756.027,0.8904623967591736,2.4945994790041985,0.009970891436471634,0.8904623967591738,0.009970891436471634,4924,0.2560764113523249,0.16707206354469187,0.16691800281867894,0.8636140079708488,0.006409123370316872,0.3030371351106079,0.30033163902425186,1.1244505825506768,0.003069283128641888,0.22865993989074693,0.21717137779511542,0.47356901339092417,0.00038931941886424836,0.30123086145395345,0.20604137712112736,0.032965875091749225,0.0001031655186486313
El Salvador,SLV,222,start,2000,Imports,COMTRADE-FINAL-CA2222000H1[2022-09-30].gz,3380,3012879433.67,0.8513194939895985,2.276013868998168,0.006837038770739812,0.8513194939895978,0.006837038770739812,4924,0.18056437146338203,0.11862754338783377,0.1185020383242891,0.5850228805062804,0.0039906211687668535,0.2815945284198784,0.27801363599565965,0.9974498413300295,0.0021999060098828434,0.262739563256275,0.245282628933726,0.5777506347335157,0.0005027816692989593,0.33703836493601275,0.20952119073592354,0.11579051242834268,0.00014372992279115544
El Salvador,SLV,222,mid,2012,Imports,COMTRADE-FINAL-CA2222012H3[2018-09-10].gz,4017,7284204141.759999,0.865779713399145,2.175753204632794,0.005655646403797275,0.865779713399145,0.005655646403797275,4924,0.16542216235694474,0.11501913922018643,0.11491377270362058,0.5575533567452521,0.003269395702559168,0.2522500538433534,0.2494141489073869,0.855852774554454,0.0016404499610375815,0.2880367529068305,0.2719483103632713,0.6599384957598154,0.000603842862479966,0.3446940540296297,0.22950348142486632,0.10240857757327246,0.00014195787772055892
El Salvador,SLV,222,end,2024,Imports,COMTRADE-FINAL-CA2222024H6[2026-03-23].gz,4309,13043521670.440002,0.8701032120822695,2.120748863449243,0.00490809122151607,0.8701032120822694,0.00490809122151607,4924,0.16473344557223019,0.10832598989272577,0.10821718489467294,0.509248831938513,0.0025025398049678418,0.25118061398424674,0.24851174473231777,0.8515187294918751,0.0016594636242988142,0.2825829321518729,0.2680868732411862,0.6455876863594987,0.0005956420950040149,0.3579104639711545,0.24528740921409253,0.11439361565935643,0.00015044569724540025
Estonia,EST,233,start,2000,Imports,COMTRADE-FINAL-CA2332000H1[2005-01-11].gz,4123,3832476517.9999995,0.8475214141969106,2.1940689080617766,0.008710001103252643,0.8475214141969103,0.008710001103252643,4924,0.2258133470447529,0.16251564440766134,0.16236744389595195,0.8418191014263339,0.006467226764828114,0.23883920249684365,0.23643895718184205,0.8160952842196506,0.0017360480807252115,0.22637316219634565,0.2140986151465938,0.4647244770884825,0.00037460556069669586,0.37227199089914953,0.23461639797252276,0.07143004532730908,0.00013212069700262264
Estonia,EST,233,mid,2012,Imports,COMTRADE-FINAL-CA2332012H4[2013-02-13].gz,4385,13894674614.000002,0.8540637966379786,2.064885070285974,0.005812062515025829,0.8540637966379785,0.005812062515025829,4924,0.17390704379838276,0.11537563311704623,0.11527508809430555,0.5590100155282532,0.0033666181160819496,0.26175905112200093,0.2591789985444502,0.906367429398366,0.0018787729528951813,0.24031241296107209,0.22807415966453537,0.5079449521698861,0.00042325811157824104,0.3825529027998806,0.25153555033468744,0.09156267318946805,0.00014341333447045784
Estonia,EST,233,end,2024,Imports,COMTRADE-FINAL-CA2332024H6[2025-03-20].gz,4534,18490450803.95,0.852949410549417,2.0017460491827976,0.0053351277323757445,0.8529494105494178,0.0053351277323757445,4924,0.17448835395689674,0.12010282798258114,0.11999520919660012,0.5806847452605829,0.0032271990648211355,0.23665710299346907,0.23434811379518541,0.7931630798855103,0.0015232221893627894,0.24078812197020813,0.2289217854229999,0.5094516285835052,0.00042550156266126773,0.4024519470537416,0.2696843021346315,0.11844659545319978,0.000159204915530552
Eswatini,SWZ,748,start,2000,Imports,COMTRADE-FINAL-CA7482000H1[2003-06-03].gz,4006,838017333.0,0.8543256756840735,2.202901509493406,0.0074378798575251304,0.8543256756840731,0.0074378798575251304,4924,0.20679546701165907,0.14617241097088382,0.14602922442739968,0.7386740980718413,0.005080896658129917,0.25236181210371217,0.2496015628894306,0.864647927474334,0.0017843547346430083,0.24048824732292262,0.22726201015882333,0.5114139391978274,0.0004343923267839631,0.36097752960248136,0.23143287820841998,0.08816554474940311,0.0001382361379682429
Eswatini,SWZ,748,mid,2012,Imports,COMTRADE-FINAL-CA7482012H4[2020-04-10].gz,4186,1381613405.08,0.8599013412690695,2.1254106698765316,0.005962524220582805,0.8599013412690693,0.005962524220582805,4924,0.18261006033702518,0.12690506592902462,0.12678184169057738,0.6210132997761485,0.0036847860440048694,0.2463802775806755,0.24373382114058742,0.833791963811265,0.0016484291285760587,0.2537927605125774,0.24036209251886032,0.552052242288043,0.000478468993321118,0.3729218959777226,0.24902358591904428,0.11855316400107488,0.00015084005468075757
Eswatini,SWZ,748,end,2023,Imports,COMTRADE-FINAL-CA7482023H6[2024-10-17].gz,4143,1597484011.9499996,0.8616344349194703,2.065944590653518,0.00428790335195154,0.8616344349194704,0.00428790335195154,4924,0.15056737943661902,0.09199321498173949,0.09189599029037435,0.416988524153384,0.001785815042544764,0.2610783221166514,0.2582326388176333,0.896328910756728,0.0017939535135094713,0.2709365097540297,0.2564381584925522,0.6067626761688629,0.0005434335337054451,0.37599195314757966,0.2550676473189105,0.1458644795745426,0.00016470126219186081
Ethiopia,ETH,231,start,2000,Imports,COMTRADE-FINAL-CA2312000H1[2018-01-11].gz,3042,867883482.5649998,0.8644274059068784,2.5039586284101416,0.008185847603684054,0.8644274059068779,0.008185847603684054,4924,0.22312180018646352,0.1515601101270511,0.15135309992448573,0.7656650035118386,0.005038073194243529,0.3026893963627007,0.29839407416724106,1.093574781499754,0.002556538992776886,0.2521431756006427,0.2337171100794096,0.5462009144034987,0.00047093864713726506,0.29360731790960576,0.18096312173574214,0.09851792899505023,0.00012029676952637349
Ethiopia,ETH,231,mid,2012,Imports,COMTRADE-FINAL-CA2312012H3[2013-11-03].gz,4020,9325963646.178,0.903992643892186,2.629503990612782,0.00880998490597846,0.9039926438921864,0.00880998490597846,4924,0.23376535996155304,0.15145143756173715,0.1512874277093098,0.7621863982134287,0.004839835392153928,0.34746577741944856,0.3437739522316179,1.3059019753243777,0.0034030086077738797,0.24346954392111314,0.23051416316813308,0.5287473704601863,0.00047692690873730103,0.2576132410977012,0.17841710078312528,0.03266824661478904,9.02139973133525e-05
Ethiopia,ETH,231,end,2023,Imports,COMTRADE-FINAL-CA2312023H6[2024-10-10].gz,4031,14325970841.941,0.8963701904214716,2.553376199176315,0.008878453454479266,0.8963701904214716,0.008878453454479266,4924,0.23411342231726007,0.16264853274713906,0.1624740076256138,0.8306087577204674,0.005630768484103234,0.3138620470575238,0.3103860283960783,1.1383095857919003,0.0026542800306859795,0.2462406318532983,0.23323123079322516,0.5388936573541756,0.000493737084459181,0.2772487883420388,0.19027892360655427,0.04556419830977129,9.966785523087328e-05
Fiji,FJI,242,start,2002,Imports,COMTRADE-FINAL-CA2422002H1[2003-10-29].gz,3284,589891970.0,0.8453025190786617,2.253260665880409,0.0062768601717807515,0.8453025190786614,0.0062768601717807515,4924,0.1929233245877207,0.13277613865467602,0.13260487635115176,0.6527082843132559,0.0038076963265706084,0.2587082516634359,0.2551925877815429,0.8887307594335225,0.0018087051904248628,0.2637346101639594,0.2457963995607708,0.582192344979392,0.0005117148247841519,0.3447809995179287,0.21170865538519587,0.12962927715423808,0.00014874383000112892
Fiji,FJI,242,mid,2013,Imports,COMTRADE-FINAL-CA2422013H4[2014-08-04].gz,3689,1990128029.0000002,0.8886141182645442,3.0616251601111495,0.052367639005026,0.8886141182645435,0.052367639005026,4924,0.34638409135234577,0.2975077358703941,0.2973420702162518,1.900511792704074,0.050672331889924364,0.21802779244966056,0.21541574910165592,0.7121202132278482,0.001277801403568793,0.2074094605207798,0.195045821110304,0.4106903903011945,0.00032364174008059403,0.27705501115916553,0.18081047783633244,0.038302763878033365,9.386397145223705e-05
Fiji,FJI,242,end,2024,Imports,COMTRADE-FINAL-CA2422024H6[2026-05-08].gz,3775,2188993702.412,0.8648240772182103,2.248531732478551,0.005733715679140442,0.864824077218211,0.005733715679140442,4924,0.18563376107246016,0.11411747317397425,0.11398492215232237,0.5416829761321698,0.0027335418732946848,0.28842858362700013,0.2851062602885638,1.0288594913372124,0.002353629363585936,0.2586079010932592,0.24356802177383208,0.5701725315508523,0.0005100066938144377,0.3388460421057664,0.22216487300349216,0.10781673345831608,0.0001365377484453835
Finland,FIN,246,start,2000,Imports,COMTRADE-FINAL-CA2462000H1[2002-10-25].gz,4340,22022142466.000004,0.8292639439831454,1.933179302895111,0.005313617064135453,0.8292639439831453,0.005313617064135453,4924,0.16771674768379458,0.118894253112253,0.11878385451528996,0.5752460738713656,0.003221837308142723,0.2439554638046541,0.24151134145033376,0.8258906825898569,0.001595281906784603,0.21611911539594064,0.20493043521735022,0.433049621992315,0.0003405564849154015,0.4210311676871521,0.2640383128001715,0.09899292444157318,0.0001559413642927252
Finland,FIN,246,mid,2012,Imports,COMTRADE-FINAL-CA2462012H4[2013-03-15].gz,4584,50471016383.99999,0.8340571185918675,1.8282210124921487,0.0041125321977343145,0.8340571185918673,0.0041125321977343145,4924,0.1461798618674888,0.10440465721769128,0.10430751919175459,0.4873505348145049,0.0023293517203340987,0.22256722616003027,0.22024137303998972,0.7199325155381723,0.001202694037484642,0.23345305207428912,0.22214353401055975,0.48831868788532695,0.00040681624888435063,0.4395750645479895,0.2873646923495633,0.13261927425414496,0.0001736701910312235
Finland,FIN,246,end,2024,Imports,COMTRADE-FINAL-CA2462024H6[2025-10-01].gz,4598,61950420400.055,0.8503670651348604,1.9496548519101322,0.004375598842871425,0.85036706513486,0.004375598842871425,4924,0.1561832693063008,0.09972685685448596,0.09962848825313848,0.45886399017683627,0.002044889791707352,0.2595447692639757,0.2569760829513031,0.8882138677847078,0.0017560386741661263,0.2358406019683488,0.2245087023718294,0.4969314252964349,0.0004197793239752025,0.40488777191318953,0.2692537915585894,0.10564556865215319,0.00015489105302274404
France,FRA,251,start,2000,Imports,COMTRADE-FINAL-CA2512000H1[2005-02-28].gz,4517,218245719949.0,0.7811337717290954,1.617697475421348,0.004132064379930989,0.7811337717290951,0.004132064379930989,4924,0.15982395899865492,0.10727533454778973,0.1071752172897596,0.5050630217438414,0.0025462712006007996,0.19135212294711462,0.1895323684058017,0.6083684275317386,0.0010993082877196773,0.20874744354670283,0.1982195003927777,0.40881651183240186,0.00031088235024876305,0.4926250989583928,0.2862066856407562,0.09544951431336576,0.00017560254136174787
France,FRA,251,mid,2012,Imports,COMTRADE-FINAL-CA2512012H4[2013-05-29].gz,4448,474542912974.99994,0.8128223817986122,1.8234409408164118,0.0055375296762147025,0.812822381798612,0.0055375296762147025,4924,0.17484452667961414,0.13502712257842883,0.13490048396084925,0.6698094244269351,0.0040633014597799945,0.19327470262577146,0.19128441193854454,0.6027716259621694,0.0009523741280991464,0.22205688714538818,0.2107136169277386,0.4489953390282939,0.0003530459647224667,0.44964128765041167,0.2759238689714798,0.10186455139901321,0.0001688081236130957
France,FRA,251,end,2024,Imports,COMTRADE-FINAL-CA2512024H6[2025-06-20].gz,4835,646925305787.853,0.8185411620495623,1.7070550219130547,0.003572891092764302,0.8185411620495624,0.003572891092764302,4924,0.14497816776043682,0.08219825774203642,0.08211788970264237,0.36163882303083905,0.0013675479902091519,0.23522405313189695,0.23320655243246738,0.8004428162879161,0.001682076173573428,0.21995231977836388,0.20968547956344813,0.44374311248914705,0.0003498592250922163,0.4626253693477028,0.2935312403510046,0.10123027010515226,0.0001734077038895061
French Polynesia,PYF,258,start,2000,Imports,COMTRADE-FINAL-CA2582000H1[2002-09-01].gz,3232,761357806.9999999,0.8533446106344476,2.245410410025607,0.0048097096194941015,0.8533446106344469,0.0048097096194941015,4924,0.15688901774405792,0.09386838401461353,0.09373340938346644,0.42568274846350046,0.0017911200175490937,0.2912437456237972,0.2872638038893244,1.035478728008378,0.0022742513781507786,0.28131506869870454,0.26218227810613803,0.6429352001965192,0.0005965266572111115,0.33357280166288494,0.21016511925551876,0.1413137333572097,0.00014781156658311633
French Polynesia,PYF,258,mid,2012,Imports,COMTRADE-FINAL-CA2582012H4[2013-02-21].gz,3562,1282779126.0,0.8660457227779995,2.2736020498520895,0.005871462286988735,0.8660457227779992,0.005871462286988735,4924,0.17268429361034052,0.11101771108801159,0.11089335789715325,0.5324582050463627,0.0030629301405669593,0.28185702503899585,0.2782825944019289,0.9893780318737164,0.0020992253704656518,0.270343602223059,0.25370711978775234,0.6084048063896708,0.0005587307326102005,0.3367816616499336,0.223162650691165,0.14336100654234005,0.00015057604334592454
French Polynesia,PYF,258,end,2024,Imports,COMTRADE-FINAL-CA2582024H5[2025-05-03].gz,2325,1271272043.9009998,0.8337304892857214,2.4905536369860393,0.008123692091827584,0.8337304892857209,0.008123692091827584,4924,0.1950409758567804,0.13068952559521044,0.13049548452733553,0.6607734064599791,0.005086014805263378,0.29469004840752794,0.28910759020841437,1.051638516991845,0.002335985264265538,0.27442432935274824,0.24812659754490388,0.617385042208465,0.0005572256043404103,0.3001960966445135,0.16600081700506752,0.1607566713257505,0.00014446641795825684
Gabon,GAB,266,start,2000,Imports,COMTRADE-FINAL-CA2662000H1[2005-01-11].gz,2965,766664646.9999999,0.8850120729147182,2.6943324880262334,0.010045464974108203,0.8850120729147173,0.010045464974108203,4924,0.22872713148073467,0.17009038570680307,0.16987235351912566,0.8876602078326338,0.006918598879530101,0.30959207876869804,0.30480519007727963,1.1109031425957627,0.0024283757441669472,0.2768504663854678,0.2567902283832919,0.6346215992437254,0.0006037175640162772,0.24346706913903132,0.15354430093502083,0.06114753835411157,9.477278639487778e-05
Gabon,GAB,266,mid,2012,Imports,COMTRADE-FINAL-CA2662012H3[2023-10-12].gz,3436,4521293306.639999,0.926412755185057,3.551641777540034,0.048010584366718956,0.9264127551850567,0.048010584366718956,4924,0.43141327592302237,0.3695744126871898,0.3692626149698193,2.2946646486398787,0.04573340742720361,0.2533546891664515,0.2502898542565319,0.8792681294857013,0.0019053622857914602,0.20238130014152328,0.18980740546216113,0.4018305404297462,0.0003262698515807287,0.17468959800483555,0.11705288049654444,-0.024121541015292847,4.554480214316412e-05
Gabon,GAB,266,end,2023,Imports,COMTRADE-FINAL-CA2662023H6[2024-10-04].gz,3712,3896035708.9539995,0.9167859700610247,3.222075929246835,0.04135754602973404,0.9167859700610246,0.04135754602973404,4924,0.3572317771212293,0.2968147979522171,0.29660882457745064,1.825208462685572,0.03895210799316668,0.2709662903264355,0.2677371519839297,0.9433349392743913,0.001964605217874718,0.21818409130203845,0.20550670030327237,0.4475262180990376,0.000373876697755207,0.21403482041930919,0.14693329319637194,0.006006309187834277,6.695612093743502e-05
Gambia,GMB,270,start,2000,Imports,COMTRADE-FINAL-CA2702000H0[2002-10-03].gz,1736,151147637.35,0.8986201437249605,3.49425498767817,0.02182845587983402,0.8986201437249599,0.02182845587983402,4924,0.393761464403069,0.27899828424939654,0.27830576916655453,1.576038004881088,0.016617928758532907,0.37860305773413405,0.3700148319363989,1.4877268239711772,0.00481301753168503,0.21272924814262734,0.18660455983678545,0.43325843916414786,0.00036133518394983286,0.12966940987384212,0.06369498278522141,-0.002768280338242189,3.617440566625177e-05
Gambia,GMB,270,mid,2012,Imports,COMTRADE-FINAL-CA2702012H3[2014-08-13].gz,2559,265961362.725,0.9463161220796593,3.9651019016450295,0.03943936682138425,0.9463161220796594,0.03943936682138425,4924,0.5121548784582014,0.37865279218444037,0.37804947323927207,2.2690373414222824,0.033365327839187775,0.3536023338890097,0.34857716866728033,1.413005127104851,0.00580457209719319,0.17316392990163987,0.15903372230521942,0.3212998281435157,0.00025080238114717665,0.09458094402491005,0.060655757867887364,-0.0382403950256195,1.8664503856110473e-05
Gambia,GMB,270,end,2024,Imports,COMTRADE-FINAL-CA2702024H6[2025-10-03].gz,2617,675813446.9940001,0.9275638104953322,3.6425644599243157,0.02994196957746626,0.9275638104953321,0.02994196957746626,4924,0.4545938415717529,0.33175791897413553,0.33124374625086017,1.940763939176464,0.024655922514100776,0.34536956351870723,0.340787594578462,1.374727426987058,0.004987010849839017,0.1841897896063967,0.16893926500789877,0.3453824610176275,0.0002616916881931061,0.13868272790076044,0.08659320465811102,-0.018309367256833367,3.73445253333631e-05
Georgia,GEO,268,start,2000,Imports,COMTRADE-FINAL-CA2682000H1[2002-09-01].gz,2700,437115009.0,0.8939588360064497,3.0865579981991282,0.01698529231139884,0.8939588360064499,0.01698529231139884,4924,0.34447740274230665,0.23722514867934905,0.23686249674040466,1.3058447279338645,0.012365964982573696,0.3497688771377786,0.34474036502287403,1.3522553575148444,0.0042164409708670275,0.2078141706502235,0.19114480506903975,0.4155280645524623,0.0003383206873805373,0.20519180353264876,0.12121116917413124,0.012929848197956624,6.456567057757951e-05
Georgia,GEO,268,mid,2012,Imports,COMTRADE-FINAL-CA2682012H4[2013-03-02].gz,4004,6092755582.999999,0.873970780204887,2.3237420231129757,0.007992999520634963,0.8739707802048868,0.007992999520634963,4924,0.22008863423661815,0.16626006906077462,0.1660791050335143,0.8519572963285894,0.005818043885011351,0.2398875034055178,0.23724073371054258,0.8071231002624492,0.0015675257000672318,0.25012386402822034,0.23616085888880634,0.5385867300488549,0.00045831592830325587,0.34372856350548736,0.2344900825720238,0.12607489647308215,0.00014911400725312453
Georgia,GEO,268,end,2024,Imports,COMTRADE-FINAL-CA2682024H6[2026-04-28].gz,4201,14378662691.565,0.8918226363086074,2.736574987063002,0.022711346872413746,0.8918226363086073,0.022711346872413746,4924,0.31343730066348213,0.2570136447066485,0.2568223986713016,1.4853591048442103,0.020771247343741202,0.23083983377153444,0.22842930217670993,0.7699296966964295,0.0014824106914950207,0.2190875120908902,0.20753702689228198,0.4444734799718414,0.0003575074271400261,0.29305900943092666,0.19903390856831388,0.036812705550520936,0.00010018141003749046
Germany,DEU,276,start,2000,Imports,COMTRADE-FINAL-CA2762000H1[2004-11-17].gz,4489,313127099000.0,0.8005721070648958,1.7542222675196133,0.004871964485990119,0.8005721070648959,0.004871964485990119,4924,0.17427230417000733,0.11886364872687048,0.11875395174421502,0.5725040066221115,0.0031152039519942794,0.2093251448364742,0.2073041459473648,0.680848062026773,0.0012646636259449463,0.2140775360943768,0.20336032692689704,0.42706764381349327,0.0003349751397797361,0.45773367034227846,0.2711536824464189,0.07380255505723594,0.00015712176827115657
Germany,DEU,276,mid,2012,Imports,COMTRADE-FINAL-CA2762012H4[2020-06-20].gz,4424,818998881082.429,0.8137496992625987,1.758026964972835,0.0037359128777962845,0.813749699262599,0.0037359128777962845,4924,0.13932207505385724,0.09237273774566897,0.09228349095092668,0.42008848578232627,0.0018307449844882234,0.23161540094573307,0.2292109751892937,0.7637308409217833,0.0013584427090713262,0.22767270094988698,0.21614460701435112,0.46843065454656574,0.00037863652125443974,0.4483391603587112,0.2761106261080273,0.10577698372215984,0.000168088662982295
Germany,DEU,276,end,2024,Imports,COMTRADE-FINAL-CA2762024H6[2025-10-16].gz,4805,1148752235568.458,0.8359089715784167,1.8265278937948821,0.004163296367059958,0.8359089715784163,0.004163296367059958,4924,0.1478451406051046,0.09922194286597309,0.09913620662132124,0.4593582878404951,0.0021542905357116093,0.2348169300204038,0.2325964269188183,0.7795744628045576,0.001424370788330303,0.23765018457651363,0.22674470500468707,0.5027672198674734,0.0004263802663455814,0.42831094253710944,0.27743163303359014,0.08482792328235633,0.00015825477667246374
Ghana,GHA,288,start,2000,Imports,COMTRADE-FINAL-CA2882000H0[2002-09-01].gz,3489,1926146753.0,0.8911187850585124,2.718843405299595,0.012284783971315324,0.8911187850585123,0.012284783971315324,4924,0.26515943460929015,0.19646853460703054,0.19624119530188724,1.0494982161987985,0.009077349382914716,0.313591971151328,0.30967235866350556,1.1416113958378662,0.0026901662311610984,0.23535602585521165,0.22072938961782276,0.4994466217977878,0.0004318090231004547,0.25458346838642987,0.1644758414752969,0.028287171465142775,8.545933413905557e-05
Ghana,GHA,288,mid,2012,Imports,COMTRADE-FINAL-CA2882012H3[2013-04-20].gz,4210,11899580022.0,0.9089457603081003,2.571113074147221,0.008478961110890077,0.9089457603081004,0.008478961110890077,4924,0.2128291706209596,0.1497209511349257,0.14958213441116128,0.7598371314625415,0.005274926044516858,0.3139472649034638,0.3105689025865061,1.1331037491474698,0.0025305357467973887,0.27280031458297355,0.2586724932710379,0.617201818434337,0.000569540642413229,0.263531469378637,0.19012223003939496,0.06097037510287197,0.00010395867716260096
Ghana,GHA,288,end,2023,Imports,COMTRADE-FINAL-CA2882023H5[2024-04-16].gz,4483,10940412162.801,0.9004285376857624,2.406750268898813,0.006268765537969101,0.9004285376857626,0.006268765537969101,4924,0.18635674653745174,0.1131433758087313,0.11302663245150577,0.5343290426574514,0.002607419200922781,0.33153682188476413,0.32834236721967835,1.226497817459538,0.0030160366579587887,0.26231937500924984,0.24959396454911548,0.5841830513759888,0.0005318235576211444,0.2930004272972547,0.20946557346546296,0.061740357405834764,0.00011348612146638563
Greece,GRC,300,start,2000,Imports,COMTRADE-FINAL-CA3002000H1[2004-09-07].gz,4365,20331689709.999996,0.8360703120996325,2.06016499194951,0.007787780854100534,0.836070312099632,0.007787780854100534,4924,0.2122941952963732,0.1581456333370337,0.1580064292101192,0.814430953735535,0.005917941771224586,0.22153404356527043,0.21930827227148644,0.7298387762489182,0.0013669006218889192,0.22036309100145124,0.20914859732183277,0.4479373305283606,0.00036091404429752707,0.3999572320962448,0.24960701329619397,0.06795793143669632,0.00014202441668950168
Greece,GRC,300,mid,2012,Imports,COMTRADE-FINAL-CA3002012H4[2013-05-30].gz,4596,36105759252.0,0.8577046813882494,2.2005715339991077,0.010571017564112689,0.8577046813882492,0.010571017564112689,4924,0.22696959260165844,0.1838316455464743,0.18368794503378538,0.9828897083218655,0.008873729862867214,0.21400248408753664,0.21187074347554985,0.6896916793569936,0.0011763650593839985,0.22956642850193168,0.21846172321350327,0.4759720948480134,0.000391724105138836,0.37259944186405736,0.2436842696654109,0.052018051472235594,0.00012919853672264245
Greece,GRC,300,end,2024,Imports,COMTRADE-FINAL-CA3002024H6[2025-02-25].gz,4663,60329910774.98899,0.8438190965674589,1.897984111031223,0.0046709395692551125,0.8438190965674588,0.0046709395692551125,4924,0.16529119500952125,0.10530963660435141,0.10521558959322504,0.4956734387182111,0.002552227928710799,0.22701335202180947,0.22485968407192874,0.7559413519543025,0.0014955551830883168,0.25108516240748835,0.23901486897298796,0.5412601243890889,0.0004616845388895471,0.41659184896635093,0.2747289539293171,0.10510919596962029,0.00016147191856644806
Greenland,GRL,304,start,2000,Imports,COMTRADE-FINAL-CA3042000H1[2002-09-01].gz,2344,208262696.0,0.8615028327742849,2.7375824831847853,0.01232242732241084,0.8615028327742849,0.01232242732241084,4924,0.22127267573641707,0.16310809690084874,0.16289435216661408,0.8752010206148704,0.009092609293842388,0.320332108260041,0.3140001740196954,1.1576794308331133,0.002550679511234836,0.27318248613712365,0.24794839988456627,0.6203998708514445,0.0005793876596910482,0.24337730870198665,0.1366599067034091,0.08430216088535686,9.975085764257157e-05
Greenland,GRL,304,mid,2009,Imports,COMTRADE-FINAL-CA3042009H3[2019-09-04].gz,2884,605093297.33,0.8774267503794754,2.5876690410245127,0.008201046192433399,0.877426750379475,0.008201046192433399,4924,0.19224688459639724,0.12949327422625906,0.1293372148664275,0.6514143517942379,0.004827177585106924,0.3182047216570644,0.3131798643674102,1.1516229692321374,0.002577161494996936,0.2972630834678955,0.2750012123977011,0.7009122481880241,0.0006889263508768741,0.255038920648781,0.15990845874793652,0.083719471810114,0.00010778076145266432
Greenland,GRL,304,end,2018,Imports,COMTRADE-FINAL-CA3042018H5[2019-09-04].gz,2970,661473360.87,0.8813262441876989,2.833861198634172,0.02321232452784267,0.881326244187699,0.02321232452784267,4924,0.2693636206291437,0.21384490605823783,0.2136617898434593,1.2478751128558228,0.02067831529794181,0.2707298370467503,0.26664822837103525,0.9395350491921775,0.0019177595629214352,0.26147661188474036,0.2421978001512529,0.5793147438306315,0.0005184316933859704,0.25394864501027153,0.15881842582195138,0.06713629275553976,9.781797359345678e-05
Grenada,GRD,308,start,2000,Imports,COMTRADE-FINAL-CA3082000H1[2003-04-17].gz,2720,170205297.0,0.8644556859442221,2.5116976217977727,0.0063021249906426305,0.8644556859442221,0.0063021249906426305,4924,0.1829782990255585,0.1133815776367994,0.1132028756975172,0.5384632543144365,0.0027467317913189896,0.3325023661905074,0.3268716542796011,1.2169239665300475,0.002815492631356892,0.2826286687890213,0.26016700002433,0.6520017091975449,0.0006231234779129091,0.27148738738367184,0.16421415594277358,0.10430869175574359,0.0001167770900538388
Grenada,GRD,308,mid,2012,Imports,COMTRADE-FINAL-CA3082012H3[2021-07-10].gz,2922,213660186.551,0.8698400961115186,2.485999727611332,0.006771464893575502,0.8698400961115182,0.006771464893575502,4924,0.18998747976499045,0.12946155665430753,0.12927587658229753,0.6345037653646681,0.003752272461357625,0.29539387343079765,0.2907549552807704,1.0468676731568802,0.0022375933993529595,0.29408031107855537,0.27198322244661144,0.6854494724546569,0.000653292296535844,0.2810642588363395,0.17782604180183922,0.11917881663512697,0.00012830673632907366
Grenada,GRD,308,end,2024,Imports,COMTRADE-FINAL-CA3082024H4[2025-05-29].gz,3386,491253563.901,0.8652491909009763,2.286015693534556,0.005357244701982405,0.8652491909009767,0.005357244701982405,4924,0.17571628404816317,0.11250376384900582,0.11235122237349832,0.5309558345774055,0.0025889850268511825,0.26964583271214826,0.26615499852102514,0.9411143779780071,0.0020159835349323543,0.28070317668042494,0.2622644245641591,0.6380732953851304,0.0005830993307380179,0.3371472267584208,0.22447854544229387,0.17587218559401316,0.00016917680946085023
Guatemala,GTM,320,start,2000,Imports,COMTRADE-FINAL-CA3202000H1[2002-09-01].gz,3941,3455061639.9999995,0.849778636644036,2.1410440822202665,0.0059183237915378115,0.8497786366440363,0.0059183237915378115,4924,0.1854635270490283,0.12590027798352102,0.12576616696056342,0.612047879658661,0.0034403580925468614,0.26663786149245083,0.26363103318294734,0.9239762477561071,0.0019089315899338355,0.23711486460814635,0.2238925960825518,0.5015164764845264,0.0004248761688090593,0.37034699591588194,0.23648884041797322,0.10350347832097187,0.00014415794024805393
Guatemala,GTM,320,mid,2012,Imports,COMTRADE-FINAL-CA3202012H4[2013-03-29].gz,4309,12390130477.0,0.8485616530090232,1.9574269398938238,0.0041067367712977415,0.8485616530090234,0.0041067367712977415,4924,0.14085939126463326,0.09099249342796087,0.09090638831336752,0.4141963796892568,0.0018538838778727601,0.24812538994960284,0.24548588500145152,0.8359723046996844,0.0015708357637873593,0.26230115553705824,0.24889970844174075,0.5809542303407195,0.0005192282810144036,0.39858096108537805,0.2632696712524634,0.12630402516416317,0.00016278884862321808
Guatemala,GTM,320,end,2024,Imports,COMTRADE-FINAL-CA3202024H6[2025-05-21].gz,4434,26342564668.000004,0.8625874719301657,2.0776364173992286,0.005133598407668234,0.8625874719301658,0.005133598407668234,4924,0.18015468542672414,0.11365406948662014,0.11353716021572412,0.5377527271812169,0.0026566757361958875,0.24952670177369507,0.24710105437320762,0.856734116744657,0.0018152054101192876,0.26218504532688136,0.2491456352951283,0.5798478831582699,0.0005139560183442377,0.3746341834128032,0.2528036220461058,0.10330169031508464,0.0001477612430088212
Guyana,GUY,328,start,2000,Imports,COMTRADE-FINAL-CA3282000H1[2003-11-17].gz,3000,384482264.99999994,0.8563178218907463,2.30448239900467,0.00462477073497428,0.8563178218907461,0.00462477073497428,4924,0.14319369708249094,0.0830227890693476,0.08289721702344148,0.36685186307168366,0.0014214952137156563,0.3043416158251149,0.299738042817335,1.088741123005724,0.0023728326874078638,0.3006421703911363,0.27864864919396615,0.7078094486701778,0.0006863380472710066,0.3119934247144014,0.19503391285600372,0.1410799642570848,0.0001441047865797526
Guyana,GUY,328,mid,2012,Imports,COMTRADE-FINAL-CA3282012H3[2013-09-19].gz,3298,1233749561.9999998,0.8845275732186482,2.530046002824719,0.007195645923931448,0.8845275732186484,0.007195645923931448,4924,0.20185110221801345,0.1242681948370096,0.12411119739446726,0.6054301266214834,0.0035509614760964574,0.32824170782012313,0.32384444792272915,1.207565533841098,0.002938328347067782,0.28043701647061847,0.26183130486141765,0.6412306844080162,0.0005975801353282436,0.267053080872249,0.17474062304003424,0.07581965795412189,0.00010877596543896486
Guyana,GUY,328,end,2024,Imports,COMTRADE-FINAL-CA3282024H5[2025-03-05].gz,3671,6115375436.945,0.9122317328664086,2.885004602526252,0.01378936339012756,0.9122317328664074,0.01378936339012756,4924,0.2942444361787521,0.21060509523801185,0.21036856381745125,1.1362282461345528,0.01007805804155313,0.32776982912095304,0.32409006275871144,1.2230480129381298,0.003212584837754626,0.23496204112880784,0.22091817523987378,0.4951663038516923,0.0004182058104419016,0.22666303451222727,0.156854931050372,0.03056203960187571,8.051470037790222e-05
Honduras,HND,340,start,2000,Imports,COMTRADE-FINAL-CA3402000H1[2004-03-25].gz,3635,2048059685.0,0.8611261886746431,2.2397217168361854,0.005357563560236955,0.8611261886746433,0.005357563560236955,4924,0.16856010375010141,0.10653481223619711,0.10640967700938746,0.49977100164751587,0.0024358937531302268,0.29747327425553033,0.29372176806155925,1.0563697921192312,0.0022663633134007177,0.2599447152289412,0.24428572511403873,0.5749155047501576,0.0005164045347308142,0.3360471982793314,0.2167090184896577,0.1086654183192808,0.0001389019589751961
Honduras,HND,340,mid,2012,Imports,COMTRADE-FINAL-CA3402012H4[2013-12-06].gz,4066,5928893957.000001,0.8771300745574477,2.2644061781635756,0.006124285883504736,0.877130074557448,0.006124285883504736,4924,0.1748001528433813,0.12378047477292733,0.1236574996244858,0.6037311434020884,0.00358375667661581,0.27025859956499626,0.26717938582221973,0.9310690748784912,0.001823865779686756,0.2816076125601771,0.266225221751591,0.6412549014890176,0.0005870406112589488,0.32435331310189913,0.22006796735915124,0.08835105839397792,0.00012962281594322092
Honduras,HND,340,end,2024,Imports,COMTRADE-FINAL-CA3402024H6[2025-10-05].gz,3987,11604757082.130003,0.8860383202566025,2.408692117781878,0.007556481223997286,0.8860383202566025,0.007556481223997286,4924,0.21799078751867615,0.146323200409042,0.14616805475607014,0.7330275753423381,0.00463161085727341,0.28294733387616283,0.2798558446624269,1.0039073876685638,0.0022788055551263976,0.2636235807580507,0.24909553499891038,0.5854127522667225,0.0005239682275356736,0.30710588495674424,0.210918885839195,0.08634440250425324,0.00012209658406180478
Hungary,HUN,348,start,2000,Imports,COMTRADE-FINAL-CA3482000H1[2002-09-01].gz,3989,21204607999.999996,0.8280975727356268,2.0666987306034548,0.006774292737844167,0.828097572735627,0.006774292737844167,4924,0.19870138342099986,0.13211609214846134,0.13199027947718212,0.6569462428988854,0.004307866480466916,0.25678594937477744,0.2540819638683593,0.8938892078005242,0.001971347238784527,0.21800373563142506,0.20586951003733994,0.44110531363997996,0.00035476807351064764,0.39309422284533635,0.23615581935274535,0.07475796626406539,0.00014031094508207642
Hungary,HUN,348,mid,2012,Imports,COMTRADE-FINAL-CA3482012H4[2013-05-29].gz,4555,65577796155.0,0.8693818790805321,2.21930286183158,0.007922278319665283,0.8693818790805323,0.007922278319665283,4924,0.2079588958716515,0.14947808541412144,0.14935633861572672,0.7628391297745662,0.005556742716135949,0.25847230597619447,0.2559541782609186,0.8877298229263922,0.001795967522282257,0.24259370892820464,0.23091837137121918,0.5192734591992078,0.0004467964696920196,0.3494558996814795,0.23315299083266758,0.04946044993141416,0.00012277161155505668
Hungary,HUN,348,end,2024,Imports,COMTRADE-FINAL-CA3482024H6[2026-02-16].gz,4678,114487814162.86899,0.8740931851146755,2.1420043818259984,0.005329697476015032,0.874093185114676,0.005329697476015032,4924,0.171488017524363,0.1065047325530559,0.10640236166757042,0.49800476166419944,0.002382911460565036,0.29058454001806255,0.28791859780503143,1.0387030602519685,0.002352573483073374,0.24739456491859996,0.2357337277399978,0.5332632459646289,0.0004616225210639142,0.3555161625102817,0.24403849790207582,0.07203331394520147,0.00013259001131270845
Iceland,ISL,352,start,2000,Imports,COMTRADE-FINAL-CA3522000H1[2002-10-24].gz,3762,1936086908.0000002,0.8559600644804279,2.3582998877233563,0.0094304296684266,0.8559600644804277,0.0094304296684266,4924,0.2563251925429578,0.17729178405249563,0.1770881847304323,0.920912171045168,0.006677329343386962,0.2558360854387844,0.2530452787362314,0.901513566751996,0.002253183197222404,0.22349541623505464,0.21036813312570216,0.45849613524755933,0.0003744674628828493,0.3433767142736652,0.21545846788806217,0.07737801467863265,0.00012544966493438435
Iceland,ISL,352,mid,2012,Imports,COMTRADE-FINAL-CA3522012H4[2013-05-04].gz,4107,3697965406.0,0.8836538735872785,2.925958591809492,0.03235092445264921,0.8836538735872783,0.03235092445264921,4924,0.37669660630475893,0.32198888801611464,0.32174138385413853,1.9289075815530297,0.030714912321128014,0.2034725852441374,0.20140258646800813,0.6637530334781301,0.0013129440397906336,0.17768872434225727,0.16809349311250815,0.3230487581435213,0.0002345515842804298,0.29684980239749065,0.19241641015262373,0.010249218634811163,8.851650745014471e-05
Iceland,ISL,352,end,2024,Imports,COMTRADE-FINAL-CA3522024H6[2025-06-21].gz,4460,8522434313.118999,0.891595400266896,2.6036866963712018,0.015052628394488683,0.891595400266896,0.015052628394488683,4924,0.2927304551823516,0.21585647707859196,0.21568540702159317,1.188666911884235,0.012288241300140414,0.26919771883002863,0.2667070458592199,0.955994785115057,0.002309711562303616,0.2138442407987276,0.2034521027407298,0.433471154637494,0.0003570278448477838,0.30110156329265203,0.20575084464535306,0.02555384473441571,9.764768719686595e-05
India,IND,699,start,2000,Imports,COMTRADE-FINAL-CA6992000H1[2005-08-01].gz,4051,29073827031.000004,0.9054705395124514,3.309965818261682,0.04589479954446468,0.9054705395124514,0.04589479954446468,4924,0.4139340046347542,0.34988943468479144,0.3496544878232741,2.1807301382386486,0.043671402135865865,0.2563109905974627,0.2537088943774894,0.8937295959376507,0.001959139006026453,0.16330157837665643,0.15462306655500885,0.28791219827894327,0.00021005378539879066,0.2304979963410892,0.14748409075667906,-0.05240611419355967,5.420461717358694e-05
India,IND,699,mid,2012,Imports,COMTRADE-FINAL-CA6992012H3[2013-04-30].gz,4475,267550069575.99997,0.8939516655558373,2.98385288192853,0.039962995065985454,0.8939516655558377,0.039962995065985454,4924,0.3708927159630607,0.30287237248496285,0.3026942997460639,1.8552234414477982,0.037821728281364535,0.2436883454143795,0.24141163248342795,0.8375544329183131,0.0018293204506259614,0.17656873396984085,0.16794694763858295,0.3224744450997525,0.00023876913506893564,0.27687054813081685,0.1818987856877625,-0.03139943753733454,7.317719892602892e-05
India,IND,699,end,2024,Imports,COMTRADE-FINAL-CA6992024H6[2025-04-25].gz,4636,447410661780.12695,0.8778865434781334,2.48715360263153,0.020212719463080193,0.8778865434781329,0.020212719463080193,4924,0.2617251861184152,0.21122150706615023,0.21109423731387622,1.212345999936941,0.018207596229970598,0.2426350495406224,0.24029185545397616,0.8154903158900738,0.001541503630364577,0.21653836299755955,0.206359265815325,0.4400549416350088,0.0003590141905794375,0.32960508039566794,0.220141184894956,0.019262345169506544,0.00010460541216558193
Indonesia,IDN,360,start,2000,Imports,COMTRADE-FINAL-CA3602000H1[2004-12-06].gz,4370,24723950154.0,0.8594729182389658,2.084128599382962,0.005381724267699062,0.8594729182389653,0.005381724267699062,4924,0.17253378660892765,0.11834660548879217,0.11823391103084693,0.5686057979809359,0.0030677931993717024,0.2506429574840018,0.24808004427700367,0.8516960388347594,0.0016660049775626205,0.26054257891892446,0.24725764880892181,0.5725076398922576,0.0005014776795911175,0.3704678581082816,0.24590131412219335,0.09131912267500891,0.00014644841117362228
Indonesia,IDN,360,mid,2012,Imports,COMTRADE-FINAL-CA3602012H4[2013-04-30].gz,4579,133639334794.0,0.8402844842459914,1.8539634278771024,0.003759346116668307,0.8402844842459916,0.003759346116668307,4924,0.1345389060586654,0.08496926458139116,0.08489131774379986,0.38012952177401493,0.0015913487258786252,0.24212243479495058,0.23974166088767324,0.8126118630944096,0.0015272348679301283,0.25329908132971884,0.24098446961811917,0.5499786054953122,0.0004769531357326231,0.41960921929393946,0.2746670359963993,0.1112434375133656,0.00016380938712693034
Indonesia,IDN,360,end,2024,Imports,COMTRADE-FINAL-CA3602024H6[2026-03-14].gz,4728,188262564471.0,0.8393375972957448,1.7999051208886694,0.0035394120458233204,0.8393375972957449,0.0035394120458233204,4924,0.13743016917784565,0.085675926243343,0.08559734542198033,0.38248763851383927,0.001557044256245814,0.21867781158526112,0.21659028501892877,0.7141128989305828,0.001301830728423368,0.2627105617073099,0.25028664163991954,0.5785047038659875,0.0005054328667203573,0.432935700464086,0.2868633252149162,0.12479987957825966,0.00017510419443378093
Iran,IRN,364,start,2000,Imports,COMTRADE-FINAL-CA3642000H1[2005-03-29].gz,2686,11439832131.0,0.8686818206194645,2.704435873670712,0.01165663724501582,0.8686818206194646,0.01165663724501582,4924,0.25255153244555945,0.17782175749655676,0.17758134559074756,0.9435411422636023,0.008400448791474216,0.3051648174088053,0.30022022255877784,1.1049037922699931,0.0026200344373533938,0.263518652135302,0.242330073991937,0.5894748257168023,0.0005400355105556179,0.25349477295933587,0.14855017847800195,0.06651611342031402,9.611850563259171e-05
Iran,IRN,364,mid,2013,Imports,COMTRADE-FINAL-CA3642013H4[2020-08-02].gz,3654,43576658417.08,0.8890841757949938,2.666182691298335,0.01134970607964978,0.8890841757949941,0.01134970607964978,4924,0.2793435892111083,0.19624033371081556,0.19599891306899453,1.0365362467811376,0.007992332684063116,0.29894822389486325,0.29562407270621205,1.0948322489182185,0.0028343178544905415,0.23551573847485344,0.22157288072575598,0.5001582702899404,0.0004314606542677914,0.26929570391946767,0.1758883092940312,0.03465592530903788,9.159488682832974e-05
Iran,IRN,364,end,2022,Imports,COMTRADE-FINAL-CA3642022H6[2024-11-06].gz,3223,49444892080.00001,0.8776795236999939,2.7156316343314484,0.013432783691978535,0.8776795236999939,0.013432783691978535,4924,0.29810902328097516,0.2137933347731153,0.21352341951886225,1.1561650653806723,0.010258162710074445,0.2774356745499055,0.27402910326926505,1.0061712731350294,0.0026587347390469645,0.23476461700341011,0.2187921641369957,0.49459348445882395,0.0004168390826679508,0.274006373673569,0.17133483677487085,0.05870181135692225,9.904716018917428e-05
Ireland,IRL,372,start,2000,Imports,COMTRADE-FINAL-CA3722000H1[2022-12-08].gz,4332,29962542673.925,0.8576898748100791,2.52028626417646,0.019427669590798568,0.8576898748100792,0.019427669590798568,4924,0.31809834063176456,0.2587830512523123,0.2585743521600385,1.4739008328303589,0.01764402285992474,0.20926307429903618,0.20724534183752727,0.6901339118674591,0.001420620395490061,0.1862983087130776,0.17675818191170897,0.34753845769322744,0.0002580070794364579,0.34565556573557393,0.2151119989008043,0.00871306178541454,0.0001050192559473083
Ireland,IRL,372,mid,2012,Imports,COMTRADE-FINAL-CA3722012H4[2018-03-16].gz,4526,57878306276.29,0.8887486922653072,3.0239939303071433,0.05550814808272985,0.8887486922653078,0.05550814808272985,4924,0.3729066497127304,0.3304098004811295,0.3302425004825365,2.101717205693492,0.05419324852446301,0.18702744824149672,0.18516937749200052,0.5818456286965865,0.0009595614544685694,0.19009068735481477,0.18088314895242621,0.3603747951168491,0.0002736887299133193,0.29247206392255903,0.19245366533834404,-0.019943699199784167,8.164937388495502e-05
Ireland,IRL,372,end,2024,Imports,COMTRADE-FINAL-CA3722024H6[2025-03-21].gz,4791,127818645069.349,0.9036087236796295,2.9028895869074147,0.0284781140736862,0.9036087236796295,0.0284781140736862,4924,0.35200299555351305,0.2959313103015469,0.29573417123795886,1.7458633748761923,0.02645019484209984,0.2406493945126979,0.23847818758735573,0.8158371030068787,0.001662939561081461,0.19343181877064808,0.18473118311289943,0.37348215275955576,0.00029336188412241353,0.2699874764151071,0.18466518174141539,-0.0322930437352119,7.161778638248357e-05
Israel,ISR,376,start,2000,Imports,COMTRADE-FINAL-CA3762000H1[2002-09-01].gz,4156,25169997999.999996,0.8794007958316621,3.067779772449597,0.04483117610965591,0.8794007958316616,0.04483117610965591,4924,0.40195728263466696,0.3531608776289932,0.3529236200081748,2.184586816684185,0.04341763138652864,0.20209128839422238,0.19997285994850528,0.648040001611539,0.0011476817171654865,0.1600390998571324,0.15149996535723043,0.27461729333547313,0.00019201202322903198,0.28470873411965225,0.17500435051775157,-0.03946433918160111,7.385098273276255e-05
Israel,ISR,376,mid,2012,Imports,COMTRADE-FINAL-CA3762012H4[2013-05-30].gz,4401,51841064000.0,0.8726576594411719,2.5153782059458,0.016424273415304506,0.8726576594411717,0.016424273415304506,4924,0.28850493097407204,0.23087551477139978,0.2306957234697008,1.293543821670391,0.014413985790896524,0.23767522263051774,0.2353126581475852,0.8002242059751367,0.0015825028552155756,0.20803768925719118,0.19762736056729574,0.41262964390946066,0.00032721488781354495,0.3234115733408913,0.20902191725659036,0.008980534390811978,0.00010056988137886803
Israel,ISR,376,end,2024,Imports,COMTRADE-FINAL-CA3762024H6[2025-10-02].gz,4486,76710026000.0,0.8583922354851985,2.0699651060338145,0.005530274259253794,0.8583922354851985,0.005530274259253794,4924,0.18646742628435245,0.12645586451111357,0.1263247266089698,0.6111536883310024,0.0032508260290716236,0.24626578057166706,0.24381427617269136,0.8353416852086266,0.0016737753443898259,0.24758301715837047,0.23542064243702748,0.5337445698008133,0.0004610988169177874,0.37969533775884895,0.2528325902665099,0.089725162693372,0.0001445740688745567
Italy,ITA,380,start,2000,Imports,COMTRADE-FINAL-CA3802000H1[2022-06-30].gz,4502,167098455516.06796,0.7978773833283579,1.7459209542911611,0.005030619286557146,0.7978773833283577,0.005030619286557146,4924,0.1694265046004784,0.121323454778423,0.12121501641907917,0.5886905027102242,0.0033778708498476235,0.20622533298182347,0.20416325027763124,0.6613209060064826,0.0011554137994572026,0.21660013609098303,0.2058283639522398,0.43507346490499066,0.0003438257544457134,0.45585107614877074,0.2666707526794079,0.06083608066946343,0.00015350888280660737
Italy,ITA,380,mid,2012,Imports,COMTRADE-FINAL-CA3802012H4[2021-02-04].gz,4717,344147746831.0,0.8085264219286858,1.7026279891487937,0.004365515228423475,0.8085264219286858,0.004365515228423475,4924,0.14769327158909415,0.10598268510213747,0.10589926550514099,0.5048429173089622,0.0027819642899936875,0.20035882391500567,0.19837043173190755,0.6306514370935391,0.001016080823326717,0.23510227223707314,0.22392783794533283,0.49118144924484997,0.00040380389145771575,0.4585562187457838,0.2803288867463043,0.07595218550144192,0.00016366622364535614
Italy,ITA,380,end,2024,Imports,COMTRADE-FINAL-CA3802024H6[2025-12-25].gz,4809,495579861346.875,0.8227330441572064,1.774074268637592,0.004333687403315945,0.822733044157206,0.004333687403315945,4924,0.16487303696541938,0.10162939093646275,0.10153923451068557,0.47212903381225063,0.0022442375895410146,0.22338573361461206,0.2214213592897686,0.7479643955334603,0.001539607556435384,0.2314564968801186,0.22065932333580007,0.47980185255934604,0.0003907634943329467,0.44352837856880667,0.2791131270209521,0.07417898673253487,0.00015907876300659985
Jamaica,JAM,388,start,2000,Imports,COMTRADE-FINAL-CA3882000H1[2002-09-01].gz,3622,2136925367.0,0.8691630564371903,2.3390252556578823,0.006551554841435218,0.8691630564371904,0.006551554841435218,4924,0.19238399213593124,0.13449457217286148,0.13433293921442666,0.6609602655691122,0.0038236059167587873,0.28606862148864176,0.28242362543516036,1.003256527195305,0.002073884470404142,0.26216791043765075,0.2463521527172692,0.5824397554184887,0.0005263263312249097,0.3172688959008459,0.2060543390703339,0.0923687074749764,0.00012773812304737965
Jamaica,JAM,388,mid,2012,Imports,COMTRADE-FINAL-CA3882012H3[2013-07-04].gz,3721,3802379262.999999,0.8934878236103929,2.665448614525528,0.01144999946354946,0.8934878236103925,0.01144999946354946,4924,0.258755806508037,0.19127820942989404,0.19106964423309117,1.0146049922496303,0.008360739618418584,0.30785868318937604,0.3042257010510824,1.1126936838706776,0.0025609346581040617,0.23777495779582758,0.2239760122028443,0.5075321428333637,0.00044024739717575203,0.2630881495849027,0.1742164661233751,0.03061779557185615,8.807778985106124e-05
Jamaica,JAM,388,end,2024,Imports,COMTRADE-FINAL-CA3882024H6[2026-04-28].gz,3895,5299999091.59,0.8779180090177808,2.319273056634257,0.006744125939112936,0.8779180090177812,0.006744125939112936,4924,0.1919233019448388,0.13769762135820662,0.13755637732992035,0.6854732400096022,0.004279166577835461,0.2581557055479599,0.255158309265975,0.8826451929251822,0.0017393049888836827,0.2805957570163149,0.26462668588471316,0.6384722695219506,0.0005854862766810935,0.32355091607751857,0.22057663653717235,0.11268235417752158,0.00014016809571270074
Japan,JPN,392,start,2000,Imports,COMTRADE-FINAL-CA3922000H1[2005-12-16].gz,4408,235946262593.0,0.853132899054071,2.129261974086864,0.007658883608585451,0.8531328990540714,0.007658883608585451,4924,0.19143070602781065,0.13587451539379594,0.13576719378163163,0.6903560681522226,0.0053431628825498624,0.2565208701247012,0.25392205339381096,0.8776056287652961,0.0017437216955277525,0.24205961292406508,0.2300728297227244,0.5186088985152869,0.0004489008537974526,0.3655450015574378,0.23337082215590402,0.04269137865405867,0.00012309817671038296
Japan,JPN,392,mid,2012,Imports,COMTRADE-FINAL-CA3922012H4[2013-03-15].gz,4606,501160956717.0,0.8506192028265834,1.9965021569836534,0.005152497800858174,0.850619202826584,0.005152497800858174,4924,0.16598168683126857,0.11115316270749528,0.1110574905301507,0.5298296746282979,0.002816654057906596,0.2553174546370878,0.2528765413617334,0.8745296881434509,0.0017510694745491587,0.2456733333576241,0.23377382279872405,0.524939144129213,0.0004434594727097729,0.38785604929779277,0.25291134813597527,0.06720365008269195,0.0001413147956926463
Japan,JPN,392,end,2024,Imports,COMTRADE-FINAL-CA3922024H6[2025-02-04].gz,4705,512990730881.37787,0.8606290531609027,2.037266232093261,0.0054804271184972966,0.8606290531609024,0.0054804271184972966,4924,0.17635357973137822,0.1273915693811043,0.1272735710536418,0.6191593818910867,0.0034411130166602617,0.2319139633505816,0.22966207902978222,0.7666327261977688,0.0013911988093789048,0.2597554214290739,0.24752884072424408,0.5711386470633916,0.0005015001953172756,0.3809390458392406,0.25616456235323454,0.08033547694101359,0.00014661509714085428
Jordan,JOR,400,start,2000,Imports,COMTRADE-FINAL-CA4002000H1[2002-09-01].gz,3532,3203991211.0,0.8770923522862193,2.6393095789069094,0.011580362377675771,0.8770923522862193,0.011580362377675771,4924,0.25791684108336965,0.1806867921523771,0.1804927616826748,0.9549551409497641,0.008001788564080528,0.33015402909337127,0.32617904209476195,1.2257632790558917,0.0031034906292377036,0.22308662804864188,0.20953064881499545,0.4641029143034924,0.00039757506635462405,0.26607255070560965,0.1608898996937871,-0.005511755402238708,7.750811800291605e-05
Jordan,JOR,400,mid,2012,Imports,COMTRADE-FINAL-CA4002012H4[2013-12-09].gz,4056,12816220387.0,0.883559048512916,2.352885637493756,0.006103952047977883,0.8835590485129157,0.006103952047977883,4924,0.18738473539640452,0.11366339451197517,0.1135377778922981,0.5382258121841226,0.0026730156001468497,0.3182674060547918,0.3148258348206112,1.1622655801398118,0.002773677771907466,0.2668158989596573,0.2524907304732712,0.5980063382009605,0.0005458216290044025,0.30125330047357574,0.20270470532673554,0.05438790696886115,0.00011143704691916653
Jordan,JOR,400,end,2024,Imports,COMTRADE-FINAL-CA4002024H6[2026-02-13].gz,4002,21747545582.017002,0.8897939933984053,2.526637365408357,0.010184902885577446,0.8897939933984045,0.010184902885577446,4924,0.23473093491724303,0.16597835929810442,0.1658305444553611,0.8690224816644905,0.007138247521816768,0.2984980139898939,0.2952842586657571,1.0742760958612136,0.0024750845100938784,0.2483354055666327,0.23478218910714316,0.537944940498414,0.00046926382008775273,0.28718822114536885,0.1938970011701438,0.04539384738423863,0.00010230703357904552
Kazakhstan,KAZ,398,start,2000,Imports,COMTRADE-FINAL-CA3982000H1[2004-01-02].gz,238,280060200.0,0.8803022058564731,5.062155899344973,0.07264710006009872,0.8803022058564729,0.07264710006009872,4924,0.6348060167064081,0.4979568678448419,0.4906431926859615,3.160991240853936,0.06539746927988,0.4358334386678293,0.37140990977456056,1.820969478125244,0.007191907838000046,0.06593149362172847,0.01846400440786983,0.08103502676532029,5.7719720636320055e-05,0.00027819986560032446,-0.00021490101191869195,-0.0008398463995256489,3.2215823692821854e-09
Kazakhstan,KAZ,398,mid,2012,Imports,COMTRADE-FINAL-CA3982012H4[2013-03-04].gz,4498,36219982725.0,0.8662940872371829,2.0437518671410833,0.004592840468647047,0.8662940872371832,0.004592840468647047,4924,0.15467243438551564,0.1070945615698109,0.10698854735423084,0.5021166954764871,0.0024153291620920714,0.24131548289861865,0.23885222687303276,0.8056679902862595,0.0014762539833827386,0.2699904741454166,0.25660667765325257,0.6025857082460083,0.0005366226444439495,0.38159948138615385,0.2638466353566666,0.1333814731323283,0.00016463467872828813
Kazakhstan,KAZ,398,end,2024,Imports,COMTRADE-FINAL-CA3982024H6[2025-10-09].gz,4580,56380447608.229996,0.8563733759926033,1.9558498594301654,0.004493014115432876,0.8563733759926035,0.004493014115432876,4924,0.15868456068423192,0.11166996416689288,0.11155964931412306,0.5267600645431275,0.0025835256206081106,0.22165554460994433,0.21943608100472675,0.7220938142358482,0.0012615619772930482,0.25103541801408474,0.23875356273932063,0.5413362074589205,0.0004625101038252753,0.41563907320907806,0.2866240829344328,0.1656597731922694,0.00018541641370644146
Kenya,KEN,404,start,2000,Imports,COMTRADE-FINAL-CA4042000H1[2002-09-01].gz,3716,1907933264.0,0.8794385459827443,2.4988249089080607,0.008195804528626217,0.8794385459827443,0.008195804528626217,4924,0.2177277951286875,0.15119445279685634,0.15101487106814018,0.7612097860431816,0.004826698784280748,0.33264812852479314,0.32861244056109373,1.2209983067382066,0.002858485064200173,0.23158454423479707,0.21799980125336837,0.4865975552081069,0.000414573147326091,0.28457287444355345,0.18181143310014186,0.030019260918565806,9.60475328192037e-05
Kenya,KEN,404,mid,2013,Imports,COMTRADE-FINAL-CA4042013H3[2015-01-14].gz,4199,11234928825.000002,0.8832388977074267,2.3642880668949853,0.007191704967218833,0.883238897707427,0.007191704967218833,4924,0.20224870573045214,0.13878926792667062,0.13864722929034198,0.6881796416263899,0.004202863917070326,0.2980589046139449,0.294909059458513,1.065434728721441,0.0023654285016537764,0.25161805913616164,0.23886517228340964,0.5557569269078003,0.000511515227874961,0.31153376832322266,0.21081743667516212,0.05491676963935403,0.00011189732061976947
Kenya,KEN,404,end,2024,Imports,COMTRADE-FINAL-CA4042024H6[2025-11-08].gz,4365,15254866597.992,0.8819123664669097,2.3811589287344472,0.008767500558519813,0.8819123664669093,0.008767500558519813,4924,0.23826954036176234,0.17194953247679662,0.17177762618152054,0.8870745966698557,0.006228076302422795,0.26506844146626707,0.26243202170162,0.9223994392756227,0.0019733333528125473,0.24403133449529138,0.2318279587558111,0.5246033191363808,0.000454200442462122,0.3189506915616448,0.2158747598279582,0.04708157365258815,0.00011189046082234826
Kuwait,KWT,414,start,2000,Imports,COMTRADE-FINAL-CA4142000H0[2005-12-19].gz,1376,3013177530.0,0.8217676133845246,2.876958507582549,0.008634680184732943,0.8217676133845246,0.008634680184732943,4924,0.2205605004627789,0.14133304253068685,0.14089846232779868,0.7031367607492314,0.004319027873123657,0.3608161935948062,0.3493816957788407,1.3633871473033041,0.0035429247130206775,0.2953098090440094,0.2487726065080034,0.6931272737141909,0.0006743758750152628,0.2025409548304975,0.08271484876988174,0.11730732581582254,9.835172357334701e-05
Kuwait,KWT,414,mid,2014,Imports,COMTRADE-FINAL-CA4142014H4[2015-07-23].gz,4391,28018286045.999996,0.8773651567250006,2.3619948822296326,0.011158157603052223,0.877365156725,0.011158157603052223,4924,0.23525139864652808,0.1863705525536771,0.1862208410771788,0.9987084712237844,0.009183064269796686,0.23055782274291317,0.22813523132269922,0.7606491368939077,0.0013858758822017075,0.24933418523424267,0.23678732640430072,0.5386335681979181,0.0004651160965362766,0.33373743946916723,0.22622175792082197,0.06400370591402256,0.00012410135451755336
Kuwait,KWT,414,end,2024,Imports,COMTRADE-FINAL-CA4142024H6[2026-03-31].gz,4341,35897672686.0,0.8952347686737643,2.6146140910857634,0.012161249642361482,0.8952347686737641,0.012161249642361482,4924,0.300470790216107,0.2058571284443657,0.20563860891796462,1.0956512417696909,0.008658628114282741,0.2812391871713409,0.27867680642808007,1.0315484463261562,0.003033959331596169,0.22279998651103328,0.21144379229196314,0.455892162210773,0.0003699942291364324,0.2901036978732601,0.1994755610357566,0.03152224077914323,9.866796734614074e-05
Kyrgyzstan,KGZ,417,start,2000,Imports,COMTRADE-FINAL-CA4172000H1[2005-12-02].gz,2765,349426722.00000006,0.8715962652623723,2.6891838953718934,0.011801072143594332,0.8715962652623723,0.011801072143594332,4924,0.23896875866293935,0.1707667909840049,0.17055890562112141,0.9092105735389545,0.00860397624540157,0.3088382805479885,0.3038711299260802,1.1147764204585284,0.0025449424026754257,0.26325059564133735,0.24271526952791483,0.5901079837437798,0.0005492406622876068,0.25714433282666915,0.154450960187256,0.07508891763063083,0.00010291283322972878
Kyrgyzstan,KGZ,417,mid,2012,Imports,COMTRADE-FINAL-CA4172012H3[2013-07-12].gz,3564,3937244154.9999995,0.8896381086746471,2.5617723359308826,0.00840853770938667,0.889638108674647,0.00840853770938667,4924,0.22569190098905617,0.14887898639854608,0.14870536826750055,0.7499176452908778,0.0048849641901835125,0.3221277871707959,0.3182515829223267,1.1857519812790769,0.0029281143336139927,0.25138347692924456,0.23606663257610183,0.5492363476976446,0.00048723011649957394,0.2776097495014135,0.18661452490871794,0.07686636166328328,0.00010822906908958892
Kyrgyzstan,KGZ,417,end,2024,Imports,COMTRADE-FINAL-CA4172024H6[2025-04-25].gz,3919,10319563384.0,0.9153535373408359,3.079816462283544,0.02340054118697103,0.9153535373408359,0.02340054118697103,4924,0.3727928029232985,0.26670525805549916,0.2664682945151359,1.5287294246891665,0.01944884424644244,0.30276258261706124,0.29985183615584493,1.1434187570212837,0.003560737822626933,0.20478378169514078,0.1934210633572627,0.4050557341091622,0.0003220629986426906,0.22574837763229888,0.15561234331259238,0.0026125464639313156,6.889611925896963e-05
Latvia,LVA,428,start,2000,Imports,COMTRADE-FINAL-CA4282000H1[2022-10-18].gz,4011,1784918973.298,0.8166539886824811,1.7351453022574224,0.002719679324062051,0.8166539886824808,0.002719679324062051,4924,0.09907443505258566,0.06436928280151008,0.06430621907629966,0.2730123548939251,0.0010055280513460042,0.19667171380227905,0.19430869088361882,0.6108354374928381,0.0009270559600232604,0.2801268073242078,0.2644157111911723,0.6334789708051953,0.0005691109481109815,0.458832196072003,0.2936233675313904,0.21781853906546406,0.00021798436458180526
Latvia,LVA,428,mid,2012,Imports,COMTRADE-FINAL-CA4282012H4[2013-03-23].gz,4468,11061069291.999998,0.8341577794329198,1.8435159861928705,0.0044428914320942476,0.83415777943292,0.0044428914320942476,4924,0.14496278358529258,0.11082823664133684,0.11073188483708724,0.5298910228722697,0.002860484303231545,0.19554055617038635,0.19345004976736777,0.6068672491621238,0.0009210953111525997,0.25768679028196273,0.24465978624592594,0.5604415743098461,0.00047906028160110855,0.4359444169063142,0.2853160585825388,0.14631613984863084,0.0001822515361089947
Latvia,LVA,428,end,2024,Imports,COMTRADE-FINAL-CA4282024H6[2025-10-06].gz,4497,18260690655.119,0.849164176116898,1.9350170736686365,0.004726382320380055,0.849164176116898,0.004726382320380055,4924,0.15030237311101016,0.10615617078579295,0.10606781274412964,0.5055066894643285,0.0028176338882976012,0.2252551640617853,0.22288247534965364,0.7330597014028863,0.001254817069577564,0.25658072966998424,0.2438203028803519,0.5589986236534127,0.0004828526226237945,0.4120079354824375,0.27639358514276285,0.13745205914800912,0.00017107873988109586
Lebanon,LBN,422,start,2000,Imports,COMTRADE-FINAL-CA4222000H1[2002-10-24].gz,3850,4432526455.999999,0.8606221190908923,2.4534823126226573,0.01427332254633236,0.8606221190908925,0.01427332254633236,4924,0.26648320960370153,0.21937818660590985,0.21917347983572974,1.2102452068300584,0.012512845047694964,0.2200249184437807,0.21745090443123974,0.7174372345695799,0.0012652838006551024,0.22421622056066987,0.211267458776445,0.45925038769895365,0.0003714508342188942,0.3363806743896398,0.21273027604747785,0.06654948352406503,0.0001237428637633967
Lebanon,LBN,422,mid,2012,Imports,COMTRADE-FINAL-CA4222012H4[2013-03-29].gz,4139,14420889954.0,0.884672908621882,2.593690645544819,0.01477716215299854,0.8846729086218823,0.01477716215299854,4924,0.28824664290805535,0.22308437747336549,0.22288697911223201,1.2300616999851723,0.012423921167795567,0.25386157348104255,0.2511992231610132,0.8750001168491247,0.001882797588802817,0.22146905261311647,0.20967290116883724,0.45262736479966637,0.00036807483113985337,0.3015849964324754,0.2009138051797997,0.0360014639108556,0.00010236856526030093
Lebanon,LBN,422,end,2024,Imports,COMTRADE-FINAL-CA4222024H5[2025-10-17].gz,4156,12380143848.999998,0.899129732683848,2.9419625430784997,0.03719563522961238,0.8991297326838481,0.03719563522961238,4924,0.32770749255933784,0.2744506325927829,0.27429550245169704,1.6828777644153008,0.03524362110259546,0.23509013006193039,0.2325543777217631,0.7836861485813161,0.0014693436845768227,0.22542135520806397,0.21376274530192715,0.47037173343387634,0.0003999813215470346,0.26503788213722285,0.17851710720846067,0.005026896648006839,8.268912089307652e-05
Lesotho,LSO,426,start,2000,Imports,COMTRADE-FINAL-CA4262000H0[2023-12-04].gz,2721,215848329.313,0.8942795905231429,2.810547354516043,0.008458229572546072,0.8942795905231433,0.008458229572546072,4924,0.22463381126610257,0.13420907250568784,0.1339768619995525,0.656225443188681,0.0036418983529588832,0.3796535410805448,0.3736772416402567,1.4605020263423105,0.004081056968669956,0.28455899745201657,0.26252973231418986,0.6664727070479592,0.0006653912554056895,0.20157838896175084,0.12409575456914398,0.02734717793709209,6.988299551154076e-05
Lesotho,LSO,426,mid,2012,Imports,COMTRADE-FINAL-CA4262012H2[2023-08-30].gz,3432,1200915016.5340002,0.873601866284329,2.3872364865656337,0.005919116483228239,0.8736018662843292,0.005919116483228239,4924,0.18290984978049263,0.10872438789855297,0.10857699944996971,0.509068091645346,0.0024036541085714976,0.31657282639868023,0.3126264710929838,1.1598900624336912,0.002817270272573229,0.27454459125962855,0.2570035488105213,0.6216281177882781,0.0005730806045167956,0.30015819444313807,0.19539484693085407,0.09665021469831846,0.00012511149756671742
Lesotho,LSO,426,end,2024,Imports,COMTRADE-FINAL-CA4262024H6[2025-10-14].gz,3874,1549310099.1519997,0.8874728540213495,2.3797078771070796,0.005750861580462204,0.8874728540213492,0.005750861580462204,4924,0.17513324040190356,0.1013062161280093,0.10118558177840964,0.4673551905156999,0.0020971486035896887,0.331091530837306,0.32739935398305614,1.2242030547837304,0.0029995715816999403,0.26218195166780695,0.24732988512139353,0.5814704536882471,0.0005224042662629425,0.305420301366878,0.21155803313849025,0.10667917811940243,0.0001317371289096318
Lithuania,LTU,440,start,2000,Imports,COMTRADE-FINAL-CA4402000H1[2022-11-11].gz,4067,3407784075.9999995,0.8198338676583335,1.820027113180965,0.004053993345497477,0.819833867658333,0.004053993345497477,4924,0.131614845893188,0.09164812970386099,0.09156689143839386,0.4268844369938309,0.0023053792170862134,0.21010206423694786,0.207678278456498,0.6694802046354785,0.0010894410067392446,0.25252214238077214,0.23845856470691484,0.543879353894003,0.0004601592665520331,0.4457276636784191,0.28213013305652673,0.17978311765765254,0.00019901385511998532
Lithuania,LTU,440,mid,2012,Imports,COMTRADE-FINAL-CA4402012H4[2013-03-23].gz,4470,19115358450.0,0.8446793672809433,1.9309865183549697,0.004614019188877899,0.8446793672809434,0.004614019188877899,4924,0.15990280522309538,0.10801381001568401,0.10791335678135527,0.5090897867328237,0.0025524058566691364,0.23100446927200688,0.22871160873520976,0.7683066836270072,0.0014500605143246354,0.24344448593364193,0.23133468343325803,0.5189943441561966,0.0004402815652075632,0.41753723477866717,0.2767197183311203,0.13459570383894215,0.0001712712526765628
Lithuania,LTU,440,end,2024,Imports,COMTRADE-FINAL-CA4402024H6[2025-12-11].gz,4626,33737236976.999996,0.8440353851940222,1.8918735325974565,0.004748646272993064,0.8440353851940217,0.004748646272993064,4924,0.15610309491310198,0.11505037405435597,0.11494924523443427,0.5512320842469145,0.003002935592903364,0.21429358014920727,0.21210403021550947,0.6868634930695792,0.001136465923975212,0.2433897851853064,0.2315923078854314,0.5171895940092672,0.00043442847491160727,0.42726626061113043,0.28538980185864693,0.13658836127169577,0.00017481628120288
Luxembourg,LUX,442,start,2000,Imports,COMTRADE-FINAL-CA4422000H1[2002-09-01].gz,4112,7484273535.0,0.8764657006356926,2.403973836064201,0.008752343265879247,0.8764657006356924,0.008752343265879247,4924,0.23885386453088797,0.1648202743033496,0.16464936507103367,0.8447324457637604,0.005806376590337133,0.28431232512080096,0.2814214017593802,1.0182971312008926,0.0024134040946640276,0.2341311225710566,0.22175092357625395,0.4947418519313945,0.00042327462647884565,0.31673627800479287,0.20864401022902473,0.04620240716815332,0.00010928795439924072
Luxembourg,LUX,442,mid,2012,Imports,COMTRADE-FINAL-CA4422012H4[2013-05-03].gz,4442,18810621081.000004,0.8909954824492627,2.5706724632660336,0.01360134310812675,0.8909954824492632,0.01360134310812675,4924,0.27728088416327396,0.19989010058779563,0.19973359656871711,1.0875368194120796,0.010664137275488794,0.2800974001639567,0.27751373884111513,1.006385326209264,0.0024616596537146125,0.2197173731492874,0.20896623108394524,0.4509364329532899,0.000376048594455157,0.30029512609896014,0.20478191595548523,0.0258138846914008,9.949758446818321e-05
Luxembourg,LUX,442,end,2024,Imports,COMTRADE-FINAL-CA4422024H6[2025-04-19].gz,4580,21190477442.362,0.883232626676957,2.2835640110600917,0.006582507009900716,0.8832326266769575,0.006582507009900716,4924,0.20157126312454388,0.13035801692959217,0.13023044878871415,0.6352044731408688,0.003517714092458695,0.2975107054031112,0.2947048303604845,1.0702328473113183,0.0024869263255283946,0.24232609880277645,0.23090911928169977,0.522188988715514,0.00045937239756990527,0.32980517886452015,0.22738822824605864,0.05593770189239061,0.00011849419434372074
Madagascar,MDG,450,start,2000,Imports,COMTRADE-FINAL-CA4502000H1[2024-07-26].gz,3298,678081966.9760001,0.8878390690090989,2.7578977207879185,0.011841468448037072,0.8878390690090991,0.011841468448037072,4924,0.28070701206924853,0.18635266885732188,0.1861223923040447,0.9820519555801944,0.007759382260824619,0.3362430581455397,0.3320523512385148,1.268546010451526,0.0035727010054522126,0.23112335420740282,0.2162197724629621,0.4908460905975342,0.00043154015587833656,0.24628091878973554,0.15344455300357748,0.016453664158663655,7.784502588190187e-05
Madagascar,MDG,450,mid,2012,Imports,COMTRADE-FINAL-CA4502012H4[2024-07-31].gz,3737,1760375613.85,0.8847771006553773,2.45786896763711,0.007132166545897379,0.8847771006553771,0.007132166545897379,4924,0.1931561473194338,0.12500019325918135,0.12486388201360031,0.6099694094717873,0.003595150459615616,0.3357176855938079,0.3317131812851286,1.2377737062330636,0.0029415185712858448,0.24948526233718404,0.2349766442541572,0.5437217048537887,0.00048532245832886504,0.2897968588098267,0.1932233931024911,0.06640414707847009,0.0001101750566670527
Madagascar,MDG,450,end,2024,Imports,COMTRADE-FINAL-CA4502024H6[2025-12-06].gz,3968,3851059056.63,0.8978337184913261,2.5681333725636293,0.0083205446839917,0.8978337184913261,0.0083205446839917,4924,0.23267970512977038,0.1396227000160648,0.13946544314852455,0.6901500458869849,0.004055047383669713,0.3347119266076329,0.3313644690922514,1.2717696057257288,0.0036679507389680284,0.25683234534767163,0.24272622773458608,0.5654653758246417,0.0005026839468412689,0.2688330280286306,0.18427757851596413,0.04074834512627326,9.486261451268824e-05
Malawi,MWI,454,start,2000,Imports,COMTRADE-FINAL-CA4542000H1[2006-05-24].gz,3111,388310054.0,0.8855011456966841,2.6555001788704318,0.008396317974164907,0.8855011456966837,0.008396317974164907,4924,0.2179488141787851,0.13819640581080603,0.13801136868723757,0.6869180562677828,0.004312474679545593,0.3524723657085635,0.3475184884433399,1.3237502498553422,0.0034082317778185737,0.2712761823344394,0.25284150195834854,0.6210690819657876,0.0005977504276146835,0.2380550461461912,0.14712978660775808,0.023762790781519102,7.786108918605845e-05
Malawi,MWI,454,mid,2012,Imports,COMTRADE-FINAL-CA4542012H3[2023-03-29].gz,3646,2278511201.381,0.9240668519893083,3.288008975847619,0.030943055901911994,0.9240668519893078,0.030943055901911994,4924,0.37989287186008475,0.3054485490122566,0.30517767177781613,1.8095966115913587,0.02801990065518553,0.2977299108916341,0.29415813606036423,1.0705652127684226,0.002502219161216314,0.20850895142803813,0.19651219699683198,0.4256360107660798,0.0003679226110628105,0.1883125886680712,0.12821884715429593,-0.017788859278241725,5.301347444733936e-05
Malawi,MWI,454,end,2024,Imports,COMTRADE-FINAL-CA4542024H6[2025-10-10].gz,3829,2613563124.507,0.9064962970300651,2.7710314450862374,0.010765472350963156,0.9064962970300652,0.010765472350963156,4924,0.26923189719375457,0.18010279265314882,0.17988709956159404,0.934649609677952,0.006634207970954483,0.356101963309117,0.35213880069988057,1.348727478915581,0.003631053198331408,0.2268905810570388,0.2143629994545359,0.47981833289551185,0.0004258701872387826,0.23690466298069537,0.1601073973140548,0.00783602359719204,7.434099443848238e-05
Malaysia,MYS,458,start,2000,Imports,COMTRADE-FINAL-CA4582000H1[2005-12-22].gz,4288,47158197640.99999,0.8726678106440791,2.5447398950123907,0.014059163329937938,0.8726678106440793,0.014059163329937938,4924,0.3017450650537258,0.22418274231940766,0.2239732233772811,1.2242546671410888,0.011351062150380151,0.2629975747323431,0.26051672490769834,0.9336930767290196,0.0023050504525339035,0.20293665691070856,0.1925874077398384,0.39856661170431984,0.0003138636855593146,0.3098830260375409,0.19559045461926142,-0.011774460562038,8.91870414645648e-05
Malaysia,MYS,458,mid,2012,Imports,COMTRADE-FINAL-CA4582012H3[2013-03-23].gz,4600,148861096931.0,0.8681756276248654,2.3844548183243326,0.01233648813147509,0.8681756276248656,0.01233648813147509,4924,0.2677420793793124,0.2049501991977647,0.2047808348963435,1.1073476096052703,0.010089234052733218,0.25305565634963334,0.25070934845850146,0.8718563574248507,0.0018287845804398478,0.20250408239308207,0.1928494237072878,0.3969165293711471,0.00031206386536191045,0.3394900620595199,0.2198360205627327,0.008334321923064172,0.00010640563294011119
Malaysia,MYS,458,end,2024,Imports,COMTRADE-FINAL-CA4582024H6[2025-02-28].gz,4764,199879649188.995,0.8618863314482166,2.0979196115227543,0.006642315842772878,0.8618863314482168,0.006642315842772878,4924,0.1933180289547427,0.13268450353031414,0.1325786154047434,0.6595946000197759,0.004286182390306646,0.2609163050147148,0.25845038416094124,0.8968066816782985,0.001816754906440674,0.23314809103602457,0.22236395071976334,0.4885317620645835,0.000408148817485647,0.37325110041894655,0.24849338116276873,0.05298656776009656,0.00013122972853991008
Maldives,MDV,462,start,2000,Imports,COMTRADE-FINAL-CA4622000H1[2004-05-11].gz,2188,301170034.0,0.8606098237501072,2.673585081093774,0.007779631309197319,0.8606098237501072,0.007779631309197319,4924,0.18940565647377788,0.12489331192890193,0.12467901290069107,0.6184528652429959,0.004176562837508927,0.32872980528003,0.321823800229119,1.1986455588470935,0.0027292370039195425,0.30963194433613533,0.2793909340125106,0.7462848669373802,0.0007641107179213954,0.23674493845493272,0.13471607660778656,0.1102017900663046,0.00010972074984745397
Maldives,MDV,462,mid,2012,Imports,COMTRADE-FINAL-CA4622012H4[2013-04-01].gz,2540,975226091.9999999,0.8434030875058486,2.331066786116521,0.004192697469120351,0.8434030875058491,0.004192697469120351,4924,0.12266426613757994,0.07198668600019369,0.07185178271497586,0.3070173886623637,0.001044089083046786,0.2999583067369103,0.2943761494197852,1.0606757249332468,0.0021823209794694844,0.32886665169560525,0.30058053460733586,0.8045974821938462,0.0008209414579230319,0.2991883555672908,0.17659462076375185,0.15877619032706422,0.00014534594868104977
Maldives,MDV,462,end,2024,Imports,COMTRADE-FINAL-CA4622024H6[2025-05-30].gz,3002,2781979070.825,0.8601863112221787,2.3131067266446066,0.004493277138205793,0.8601863112221788,0.004493277138205793,4924,0.14138491040405837,0.08503490493239844,0.08489975696766094,0.3768586445466591,0.0014577127938348857,0.2894204686896566,0.28489762783665934,1.0158920126884097,0.0020898351529422187,0.31974234105065585,0.2968744447392232,0.7790556569986646,0.0008045917119076451,0.30580228532728926,0.19351448167863514,0.14130041241087363,0.0001411374795210435
Mali,MLI,466,start,2000,Imports,COMTRADE-FINAL-CA4662000H1[2004-03-22].gz,2408,471079769.0,0.8934626456744983,2.9754988060711716,0.01171838133600275,0.8934626456744981,0.01171838133600275,4924,0.26262880968679425,0.18468279625907685,0.18436418118774558,0.9699613757895202,0.0075320649340970824,0.3653658743532244,0.3585733438403541,1.378780358696588,0.0035409669962363187,0.2633758124025912,0.24048733735150915,0.5987600567898574,0.0005807961764990712,0.18657551698510746,0.11003778329488942,0.027997014795205936,6.455322917027819e-05
Mali,MLI,466,mid,2011,Imports,COMTRADE-FINAL-CA4662011H3[2013-07-15].gz,2888,2179379658.0000005,0.9150186625706298,3.1246131573876257,0.016432834181507604,0.9150186625706296,0.016432834181507604,4924,0.29819707943699636,0.208759841053816,0.20849587663098226,1.1425690551369416,0.011791049337188398,0.3779260733291197,0.37242733031916697,1.4567244409506717,0.004104981873496036,0.23936827484442819,0.22206185064943665,0.52200720600469,0.00048254012552720397,0.17394581077263588,0.1120336049710441,0.003312455295322418,5.426284529596676e-05
Mali,MLI,466,end,2023,Imports,COMTRADE-FINAL-CA4662023H6[2025-10-09].gz,3145,4060497297.402,0.9134806551350527,2.931458142328236,0.011684950728366011,0.9134806551350532,0.011684950728366011,4924,0.2622178102973352,0.18419839806975058,0.18396527740048554,0.9705957640369869,0.007715310993236734,0.3516545927103245,0.3467061420956805,1.3156487307069404,0.0033000010048635487,0.27097252043877773,0.2528285137041992,0.6213294247774814,0.0006023441210320827,0.19317448878114726,0.1299807219346875,0.023884222806827345,6.729460923364422e-05
Malta,MLT,470,start,2000,Imports,COMTRADE-FINAL-CA4702000H1[2002-09-01].gz,3721,2712149605.0,0.9168407497129892,4.430295928526032,0.2189589935071093,0.9168407497129893,0.2189589935071093,4924,0.5578788042314503,0.5236652373670958,0.5234578474295726,3.8550853091912587,0.21815396724716127,0.15494782757387748,0.1530955136310084,0.4523601491439921,0.0006402280212351958,0.12965160963305342,0.1219551890630928,0.19541505748339946,0.0001261328538785648,0.19173532542597332,0.11833219958931532,-0.07256458729261739,3.866538483430713e-05
Malta,MLT,470,mid,2012,Imports,COMTRADE-FINAL-CA4702012H4[2013-05-01].gz,3882,4057452324.0000005,0.9054601865825879,2.9775509667347935,0.01963783275278213,0.9054601865825882,0.01963783275278213,4924,0.3527752142726101,0.2639879755118411,0.26372491618676386,1.4897093001551824,0.016252805375676912,0.29952165571260203,0.29647616924798065,1.106385404277228,0.0029987807391636924,0.20125276065994646,0.19013183647589438,0.39754579155958714,0.0003206382553743976,0.2352376081156103,0.15512726467194907,-0.016089529257204284,6.560838256712972e-05
Malta,MLT,470,end,2024,Imports,COMTRADE-FINAL-CA4702024H6[2025-04-17].gz,4349,6921749423.950002,0.9086430534732653,2.9285666378301984,0.021337741470920837,0.908643053473265,0.021337741470920837,4924,0.3609108949741408,0.2931549537611387,0.29287672592876923,1.678617405999414,0.019016713076830703,0.2417145634358911,0.2393911469437816,0.8325958803924788,0.0019161071294317546,0.20723212989495163,0.19678431045444028,0.4107958636140591,0.00032545845752910264,0.2578983529080183,0.1795908701462741,0.0065574878242470845,7.94628071292765e-05
Mauritania,MRT,478,start,2000,Imports,COMTRADE-FINAL-CA4782000H1[2007-02-05].gz,1424,176245499.99999997,0.901396708070396,3.6756274609492303,0.022900300967761286,0.9013967080703964,0.022900300967761286,4924,0.4008160378562858,0.26994479291669865,0.2691601305248084,1.5223609694805358,0.016129504028598515,0.43516587016122404,0.4233313160304074,1.775376936660629,0.006401124156810481,0.19630908728271054,0.16839555396664144,0.39686178465800576,0.0003464982046310332,0.09858024963936693,0.04050970754853877,-0.018972229849939924,2.3174577721252916e-05
Mauritania,MRT,478,mid,2012,Imports,COMTRADE-FINAL-CA4782012H3[2013-09-22].gz,2166,1951792127.0,0.9213686716956996,3.4365461026250688,0.0179356856188127,0.9213686716956992,0.0179356856188127,4924,0.3434149842250969,0.23177836934904977,0.2313387100320428,1.270699775300357,0.011891188545540776,0.42123608279110564,0.41346944075357117,1.6903018395646463,0.0055694356998888354,0.22771368923517488,0.2060150980013659,0.48805565904368353,0.0004430163798063934,0.11927185862466984,0.0705454229087198,-0.012511171283617986,3.20449935766947e-05
Mauritania,MRT,478,end,2024,Imports,COMTRADE-FINAL-CA4782024H6[2025-10-10].gz,2738,3125263170.798,0.9191320557987982,3.4060623451504797,0.02537394137385175,0.9191320557987981,0.02537394137385175,4924,0.3879531395454973,0.2914031087959419,0.2910153025664648,1.6837394078868313,0.021128622732281423,0.3468940384446895,0.3418615090581542,1.327117873845641,0.003858986142493689,0.20593844412529266,0.19006134583828374,0.4150438908810874,0.0003454501929879594,0.155764408634076,0.09619389833589542,-0.01983882746308033,4.08823060886672e-05
Mauritius,MUS,480,start,2000,Imports,COMTRADE-FINAL-CA4802000H1[2002-09-01].gz,3753,1605410522.0,0.854485104178964,2.130425773462594,0.004454006230810029,0.8544851041789636,0.004454006230810029,4924,0.1488388077227265,0.08815604299371846,0.08804425787230188,0.3938929652407239,0.00156809124088259,0.28682499465566597,0.2834570839210183,1.0153621719046082,0.0022029341486720726,0.2674095425064743,0.2515135367886746,0.5943017272021413,0.0005273489853757259,0.3576094198441413,0.23147022559696911,0.12686890911512155,0.00015563185587964167
Mauritius,MUS,480,mid,2012,Imports,COMTRADE-FINAL-CA4802012H4[2013-04-03].gz,4137,4247708405.0000005,0.8643557367006965,2.206071946689514,0.005971150286126972,0.8643557367006962,0.005971150286126972,4924,0.1881902684419318,0.11856495596712222,0.11844070792854791,0.5679956508591752,0.0029895277712257465,0.29184243215725003,0.28885217960102794,1.0474333302404726,0.0024190228910716148,0.23947646294267522,0.22665464769537236,0.5072742095035108,0.00042797361124637963,0.35011614893295245,0.23040820147574842,0.08336875608635506,0.0001346260125832306
Mauritius,MUS,480,end,2024,Imports,COMTRADE-FINAL-CA4802024H6[2025-04-07].gz,4168,5105169153.969001,0.8642016510850621,2.2035765347340552,0.006167049009618171,0.8642016510850619,0.006167049009618171,4924,0.19222194069274387,0.12523803313743864,0.12510711354271956,0.6067243216999976,0.003326157344442622,0.2797897542910398,0.27693697243931475,0.9934051790507256,0.0022604248087167295,0.24509861764799779,0.2320595587095377,0.5246848024255372,0.0004477552881446325,0.3498735949235235,0.2300980063934901,0.07876223155779476,0.00013271156831418657
Mexico,MEX,484,start,2000,Imports,COMTRADE-FINAL-CA4842000H1[2004-03-03].gz,4389,121675889026.99998,0.8427915274380674,2.0020224658709305,0.0049061591782613,0.8427915274380673,0.0049061591782613,4924,0.1719861221667497,0.10299869948942011,0.1028922650033093,0.47736868509964503,0.00218798654906052,0.27473655252005447,0.27205055449649296,0.9686357584053573,0.0021623012842440065,0.23411900862775772,0.2224707175229101,0.49366728284178296,0.0004193050760996053,0.38814573936276786,0.24537799041535513,0.06235073952414493,0.00013656626885716805
Mexico,MEX,484,mid,2012,Imports,COMTRADE-FINAL-CA4842012H4[2013-04-08].gz,4618,281874444600.0,0.8550704213017157,2.052142874699558,0.005727326126489107,0.8550704213017155,0.005727326126489107,4924,0.18852059083558045,0.11905182309825141,0.1189470605772841,0.5738681332083199,0.0031598053917314874,0.2613011740534499,0.2588747215719604,0.9107276006881089,0.002003446662141392,0.23718001042734715,0.2259181127166181,0.5024011004654265,0.0004279499144073808,0.38246699242095167,0.251330526435853,0.06514604033770292,0.00013612415820884715
Mexico,MEX,484,end,2024,Imports,COMTRADE-FINAL-CA4842024H6[2026-02-04].gz,4016,457725473824.0,0.8610435161684675,2.160949019688879,0.005254155202929947,0.861043516168468,0.005254155202929947,4924,0.16634314787763432,0.10085289196586741,0.10074813957180138,0.4699212200200476,0.00231956687005439,0.285829351149248,0.2827718901002211,1.0168547705100948,0.002275578475890063,0.261701812345876,0.2474203527499998,0.5800464330631889,0.0005201464790098882,0.3516159445390086,0.23010313374644517,0.09412659609554797,0.00013886337797560744
Mongolia,MNG,496,start,2000,Imports,COMTRADE-FINAL-CA4962000H1[2003-06-03].gz,2782,432759510.00000006,0.9026496251198778,2.9486652751198554,0.010936915839947423,0.9026496251198779,0.010936915839947423,4924,0.26165392876057186,0.1636018120087066,0.16335513019341918,0.838835312067135,0.0058609765289874705,0.3904489678343521,0.3845778838494647,1.5201910911939132,0.00445757610285046,0.2582315591172104,0.23888746850619486,0.5831702593502801,0.000559795618091397,0.1877176610397308,0.115829142570799,0.0064686125085269205,5.8567590018095535e-05
Mongolia,MNG,496,mid,2015,Imports,COMTRADE-FINAL-CA4962015H4[2016-08-31].gz,3524,2690131169.9999995,0.8847174472438138,2.4165026176759348,0.005790425124477468,0.8847174472438133,0.005790425124477468,4924,0.17006541008600712,0.10379843596994567,0.10367421510866451,0.4856223734680165,0.0024049290943266733,0.3191096056601844,0.3149975812647916,1.1569506204641373,0.0026220997112826384,0.29101442403593,0.272833898628025,0.6748246111967483,0.0006394651864372091,0.28607753433394,0.19321175224233256,0.09910501254703334,0.00012393113243094894
Mongolia,MNG,496,end,2023,Imports,COMTRADE-FINAL-CA4962023H6[2025-10-09].gz,3855,7050554976.965001,0.8958994101967845,2.5645410723675006,0.008722595897917018,0.8958994101967845,0.008722595897917018,4924,0.24063655013950574,0.15501449090406041,0.1548427867646952,0.7848859047923442,0.005141214459780478,0.3142833821646984,0.3108475741421149,1.157250726074808,0.0029821874299625125,0.25511431334273005,0.24061405025485083,0.5588938263412111,0.0004939316744914365,0.275587813588511,0.1895949990351234,0.06351061515913818,0.00010526233368258927
Montenegro,MNE,499,start,2006,Imports,COMTRADE-FINAL-CA4992006H2[2011-03-08].gz,3441,1335208459.0,0.8658621690127297,2.327372151897254,0.00628111741399387,0.8658621690127297,0.00628111741399387,4924,0.18099271044237744,0.12367525301904936,0.1235309471306349,0.602535613788274,0.0035281126002766083,0.282159290158152,0.2784377172195013,0.9882968365274757,0.002049820309137749,0.27300004285396723,0.2555472275215428,0.6155991334616228,0.0005618992404361116,0.32116541396883136,0.20834627714105064,0.12094056811988109,0.0001412852641433999
Montenegro,MNE,499,mid,2015,Imports,COMTRADE-FINAL-CA4992015H4[2016-01-28].gz,3773,1687751739.0,0.8655882712861779,2.166919237644975,0.004414159042209862,0.865588271286178,0.004414159042209862,4924,0.13854470371533714,0.08899633845970518,0.08889962335359577,0.40303738135321926,0.0017583110231119046,0.28095197493207863,0.2774072935873554,0.9741448358210764,0.0019047200656856055,0.28695946701551767,0.2698909714672969,0.6565469320133849,0.0006010612295773984,0.34309221959269864,0.22939038287792984,0.13319008845729408,0.00015006672383495356
Montenegro,MNE,499,end,2024,Imports,COMTRADE-FINAL-CA4992024H6[2025-04-02].gz,4009,3828275519.4100003,0.8777984328851586,2.242010525110565,0.005396049225968381,0.8777984328851582,0.005396049225968381,4924,0.16161029252152104,0.10726750505821944,0.10716278984688357,0.5091730357494391,0.0027149046691688395,0.27695808459012167,0.27376522499293654,0.9616374016292951,0.0019291098052330066,0.2856401582314946,0.2699781890833949,0.6569941609669523,0.0006132178207483054,0.33013425212016434,0.22689222896194364,0.11420592676487869,0.00013881693081823043
Montserrat,MSR,500,start,2000,Imports,COMTRADE-FINAL-CA5002000H0[2005-05-09].gz,1002,12046521.0,0.83889646141997,3.3646226144119527,0.0159786965053888,0.8388964614199701,0.0159786965053888,4924,0.33152318416246485,0.2232367336594524,0.22228817197401035,1.2129445650802007,0.010848080761057258,0.37408335568418466,0.3586220500413545,1.4506731045279073,0.004431955066327915,0.27996016443253624,0.2216352827363478,0.6538500546037136,0.0006511879417162352,0.1227197462238268,0.036350956668257293,0.04715489020013191,4.747273628739549e-05
Montserrat,MSR,500,mid,2013,Imports,COMTRADE-FINAL-CA5002013H3[2014-04-28].gz,2163,25181668.000000004,0.8586029195600807,2.698725702840147,0.007357656571246773,0.8586029195600806,0.007357656571246773,4924,0.20268717518632995,0.1185837713371489,0.11833035499494715,0.5659969127741395,0.002888606035133463,0.36510480852498917,0.3578692273484899,1.3895659582364939,0.003745331715767644,0.28379880684988934,0.2553779075849402,0.6552600651352108,0.0006255026243863256,0.23251261328797238,0.12702542963170338,0.08790276669430311,9.821619595933918e-05
Montserrat,MSR,500,end,2024,Imports,COMTRADE-FINAL-CA5002024H5[2025-07-24].gz,2532,37189103.577,0.8470410840098178,2.3647699973800598,0.004433495409235297,0.8470410840098179,0.004433495409235297,4924,0.1337282151767527,0.07552443781174285,0.07538291407331976,0.3257724761506087,0.0011505972145446552,0.3099560092149168,0.3042529528929692,1.1091199783249703,0.002378891351680174,0.31776233737522097,0.28983783213640096,0.7617015079273216,0.0007473845529098258,0.29675721559811935,0.17756738490712798,0.1681760349771587,0.00015662229010064281
Morocco,MAR,504,start,2000,Imports,COMTRADE-FINAL-CA5042000H1[2022-12-26].gz,4018,7851707249.006999,0.8638878385998449,2.262633025105156,0.006868540581515051,0.8638878385998447,0.006868540581515051,4924,0.19229510589599783,0.12468599042237767,0.12456615595356063,0.6123471976487758,0.0038281836430449005,0.2985799589609466,0.29538794772266525,1.0750093003362857,0.002473983835654464,0.24172785636813654,0.22858499049920816,0.5173449644124084,0.0004466425436178668,0.3350061942485392,0.21534874442441074,0.05793156270768632,0.00011973055919781997
Morocco,MAR,504,mid,2012,Imports,COMTRADE-FINAL-CA5042012H2[2013-07-01].gz,4240,29199127905.999992,0.8676014225896517,2.2438522254574744,0.006455436098999136,0.867601422589652,0.006455436098999136,4924,0.19506713714915433,0.12763658719100243,0.12750335634901155,0.6199138887992248,0.003417100376501271,0.3014427802625244,0.2983804935401922,1.0876581444460311,0.0025183537529748844,0.23046615195746326,0.21848547635902146,0.4803347922527563,0.00039977079984493885,0.3404544805890102,0.22323209634142638,0.05594539995946209,0.00012021116967804153
Morocco,MAR,504,end,2024,Imports,COMTRADE-FINAL-CA5042024H6[2025-12-10].gz,4564,83910057763.709,0.892209060096244,2.377288646736238,0.006651336503418073,0.892209060096244,0.006651336503418073,4924,0.19880176323947565,0.11433897638837612,0.11422572682606277,0.5419793963405466,0.002703580305500771,0.33948585312604107,0.336380332938994,1.2748993793854704,0.003373255931629806,0.2456603364326167,0.23404944806140593,0.5327544708300209,0.0004720670312067189,0.3005148340529661,0.20755355226978126,0.02765540018019973,0.00010243323508077601
Mozambique,MOZ,508,start,2000,Imports,COMTRADE-FINAL-CA5082000H0[2005-01-11].gz,3247,771281048.0,0.8866409788559044,2.698568364049742,0.013449397463695245,0.8866409788559044,0.013449397463695245,4924,0.25147150899525283,0.18966020541969808,0.18946593205019083,1.030473353604312,0.010641060395188692,0.2859699023746788,0.28199871415898176,1.0077837134526126,0.0021473781826272715,0.2670889302079675,0.24942873338881316,0.6030312918238379,0.0005642045245840981,0.25728096199765565,0.16574759925791865,0.05728000516897978,9.675436129518301e-05
Mozambique,MOZ,508,mid,2012,Imports,COMTRADE-FINAL-CA5082012H3[2013-07-05].gz,3874,4330123977.0,0.9147120879861037,3.032533297668418,0.018252689037513196,0.9147120879861037,0.018252689037513196,4924,0.3523138725595893,0.2632150217993631,0.2629208636826169,1.4715150070754017,0.014698352094360153,0.3140756800170171,0.3107995729827904,1.1670777887804606,0.003164285923850477,0.20487867229072643,0.19348102775420745,0.40714067308818647,0.000327550821403038,0.21783062589289334,0.14751062356648886,-0.013200171275631126,6.250019789952522e-05
Mozambique,MOZ,508,end,2024,Imports,COMTRADE-FINAL-CA5082024H6[2025-10-09].gz,4147,7328506469.0,0.8916558343856383,2.495587231602787,0.009865837055793221,0.891655834385638,0.009865837055793221,4924,0.24174341371896793,0.17161431024452847,0.17144769527788714,0.8944156628081015,0.007013380313507066,0.2811355715946679,0.27816097205078283,0.995242191251978,0.0022641197854952637,0.2491950324927913,0.2360863029419102,0.5411600639318669,0.0004753748508329637,0.29805508566801237,0.20596086411505815,0.06476931361083989,0.00011296210595793239
Namibia,NAM,516,start,2000,Imports,COMTRADE-FINAL-CA5162000H1[2003-06-03].gz,3969,1153429659.0,0.8567434494743223,2.327728659818223,0.014185793788697124,0.8567434494743222,0.014185793788697124,4924,0.23026776095758433,0.17408055483338322,0.17395488737366702,0.9624358427747097,0.012108097552886329,0.23503732947749695,0.2324942458244182,0.7905622242749151,0.001549819836439648,0.22990425238467016,0.21692845451134563,0.4754269502884293,0.00038714703483838414,0.36097786330444964,0.2333658617648914,0.09930364248016915,0.00014072936453276313
Namibia,NAM,516,mid,2012,Imports,COMTRADE-FINAL-CA5162012H4[2013-09-03].gz,4320,5857158858.999999,0.8879839563527294,2.5769664249281123,0.014225273592459333,0.8879839563527294,0.014225273592459333,4924,0.2843858522704276,0.21650470160143565,0.21631837376106935,1.1928555442433193,0.011796346156045927,0.2557377504256276,0.25322147348202106,0.8870049147704595,0.001940750706698466,0.22424690276828022,0.21298391465001693,0.4644241692912261,0.00038806639554754,0.3035106452046567,0.20546019445962202,0.03268179662310768,0.0001001103341673987
Namibia,NAM,516,end,2024,Imports,COMTRADE-FINAL-CA5162024H6[2025-05-15].gz,4421,7362386990.103001,0.8896597216242462,2.3855065754924145,0.008492171403513852,0.8896597216242459,0.008492171403513852,4924,0.2139368203842539,0.15220881004603676,0.15208016705244876,0.7792870900052147,0.0057697463617833065,0.2809740663023588,0.2781598716307682,0.9885727470220251,0.0021213037545120277,0.2535278416586438,0.24082567655821685,0.5516852713909419,0.00048118961003985135,0.31328928199296047,0.2185940063828123,0.06596146707423257,0.00011993167717866624
Netherlands,NLD,528,start,2000,Imports,COMTRADE-FINAL-CA5282000H1[2005-12-22].gz,4420,112814040278.99998,0.8146122229457787,1.9149517509535483,0.007495138179696341,0.8146122229457786,0.007495138179696341,4924,0.2054040529484227,0.16482069644338176,0.1646705729880863,0.8497683297154814,0.006132494313971055,0.18351458170407814,0.18165217421073176,0.5662196253525479,0.0008940821201918541,0.20584653458818175,0.1952818480346129,0.4009452717575318,0.000304581095802236,0.44581818726435846,0.27300762771234777,0.09801852412798706,0.00016398064973119347
Netherlands,NLD,528,mid,2012,Imports,COMTRADE-FINAL-CA5282012H4[2013-05-08].gz,4681,324161301914.7001,0.8234170949246682,1.7809844771760202,0.004390918612893429,0.8234170949246677,0.004390918612893429,4924,0.1540782336742005,0.108518017229392,0.1084239153062819,0.5134831181672037,0.0026442104886061518,0.21232912056392436,0.21029806070934084,0.6856978258834402,0.001188935465946874,0.2324184645315865,0.22124447839510636,0.48227797187074817,0.00039260716021125865,0.4467343976750969,0.28345064051393914,0.09952556125462832,0.000165165498129144
Netherlands,NLD,528,end,2024,Imports,COMTRADE-FINAL-CA5282024H6[2025-11-22].gz,4833,493627871835.022,0.8319408998753097,1.7662063748812176,0.003603970503007296,0.8319408998753095,0.003603970503007296,4924,0.14175255427280956,0.08602823631934284,0.08594436684448638,0.38242167158688656,0.0014972262366879695,0.23393047398608316,0.23183923057829742,0.7849666844206642,0.001532665297606135,0.23604483363308212,0.22505305066566983,0.49344497628244527,0.00040500680890100707,0.44399645606149196,0.28910425178685606,0.10537304259122174,0.00016907215981218498
New Zealand,NZL,554,start,2000,Imports,COMTRADE-FINAL-CA5542000H1[2005-12-22].gz,4174,9749365416.000002,0.8239317664288383,2.0299044574460354,0.008435609026771903,0.8239317664288381,0.008435609026771903,4924,0.2027988154966598,0.1520647304456313,0.15194343966943719,0.7906456937021854,0.0065912632853549445,0.22297323001636885,0.2206301426795695,0.7351435321979153,0.0013654917023392982,0.2115622751223175,0.20023008220838007,0.42072698201061287,0.00033150212798072385,0.41339976441568216,0.2511281018714513,0.08338824953532198,0.00014735191109693433
New Zealand,NZL,554,mid,2012,Imports,COMTRADE-FINAL-CA5542012H4[2019-10-19].gz,4484,28119677903.438,0.8377836747627644,1.911395715010577,0.0049397634639767535,0.8377836747627645,0.0049397634639767535,4924,0.1557094181037532,0.10504530997184199,0.10495725770523602,0.4997538353638145,0.0028185928784135615,0.2432223549194414,0.24082419413364878,0.8201306498824004,0.0015682089595775851,0.2319979698319981,0.22033423145414463,0.4806491037258128,0.0003901217879930261,0.41973436527671854,0.27166799146973497,0.11086212603854899,0.000162839837992578
New Zealand,NZL,554,end,2024,Imports,COMTRADE-FINAL-CA5542024H6[2025-06-19].gz,4530,39529412026.885,0.8522040380676892,2.0106733197534927,0.005262219255400466,0.852204038067689,0.005262219255400466,4924,0.17604407858851737,0.11922802219211373,0.11911314813289257,0.571750145571273,0.0030234410671615545,0.2491344624436761,0.2467065505194358,0.8474214121093115,0.0016827330273278462,0.23342447427813354,0.22196760039211222,0.48755449747747204,0.0004028063057968549,0.39821304108607647,0.26441673902324847,0.10394726459543573,0.00015323885511421076
Nicaragua,NIC,558,start,2000,Imports,COMTRADE-FINAL-CA5582000H1[2002-09-01].gz,3136,1172801600.0,0.8522406896946717,2.2705955591301614,0.004832913768407854,0.8522406896946715,0.004832913768407854,4924,0.15082563564630197,0.09173399575853237,0.09160875249243358,0.41659229605869075,0.0018211629865237918,0.296632052645392,0.2922004309210929,1.04825790369085,0.002188016552002683,0.2922325959924509,0.2724263027147186,0.6893543323050182,0.0006881369595850649,0.31940135560362476,0.19600520356642653,0.11639102707560274,0.0001355972702963151
Nicaragua,NIC,558,mid,2012,Imports,COMTRADE-FINAL-CA5582012H4[2013-07-05].gz,3854,4205615300.9999995,0.8890686747437357,2.4343552078716337,0.00731706416945341,0.8890686747437357,0.00731706416945341,4924,0.17885001498077746,0.11708984750600232,0.11698461531671125,0.5784396677700783,0.0040320177250198035,0.32105494577245036,0.31722769395596645,1.162768472507152,0.002589854896841616,0.27382224177277675,0.2584837868329116,0.6233325898488693,0.0005857066015672891,0.2880329649487707,0.19637257863814653,0.0698144777455344,0.00010948494602470188
Nicaragua,NIC,558,end,2024,Imports,COMTRADE-FINAL-CA5582024H6[2025-10-10].gz,3886,9717061174.5,0.9004297862404403,2.58321560375738,0.008511555844899732,0.9004297862404405,0.008511555844899732,4924,0.22173283614555642,0.15862012855747099,0.15844600514027737,0.8074373976840641,0.0053967153862126875,0.30713545275611187,0.30353359681186126,1.1010732777301722,0.002418243486973905,0.27652077193422825,0.26124057885935065,0.6335125980915157,0.0006011704582151376,0.2577236467521889,0.17720960542895126,0.041192330251627926,9.542651349800432e-05
Niger,NER,562,start,2000,Imports,COMTRADE-FINAL-CA5622000H1[2004-02-18].gz,2713,254056717.0,0.9412587491039974,3.732968370461321,0.0297725022046962,0.9412587491039976,0.0297725022046962,4924,0.44822353584928043,0.3339651003992152,0.33345413369920845,1.952610002754497,0.02456617888119049,0.3693923044569611,0.36419395331906695,1.4548160639031744,0.004885391377916652,0.1835990362888142,0.1697333597264993,0.35601206908749716,0.00029538999059786373,0.11304355885500952,0.07387730235922287,-0.03046976528384728,2.5541954991200873e-05
Niger,NER,562,mid,2012,Imports,COMTRADE-FINAL-CA5622012H3[2013-09-07].gz,3022,1503293716.0,0.9306611871907104,3.2956249331093086,0.019296817070328785,0.9306611871907104,0.019296817070328785,4924,0.32795088195525995,0.2199124844874959,0.21965216033638385,1.2209818253815627,0.013805744973435927,0.40453763372020907,0.39907852330607607,1.5992212862278685,0.005013233951301712,0.22820259525967682,0.21244338519806688,0.48663314140133807,0.0004369226443245996,0.14734728653261825,0.09948711835018367,-0.011211319901460135,4.09155012665476e-05
Niger,NER,562,end,2024,Imports,COMTRADE-FINAL-CA5622024H6[2025-10-15].gz,2971,1304529274.4250002,0.936468036256073,3.5952359849537374,0.028695751564311762,0.9364680362560729,0.028695751564311762,4924,0.44387985700316557,0.32578210853514544,0.32533833950369695,1.9005788529333558,0.023908410341001274,0.34017710061940765,0.33590439389717336,1.323307413342969,0.004438033331036046,0.20156295214067826,0.18694362381678764,0.39723568409950333,0.0003162270716611237,0.1324778387047684,0.08828167903841502,-0.025885965422091685,3.308082061331244e-05
Nigeria,NGA,566,start,2000,Imports,COMTRADE-FINAL-CA5662000H1[2004-12-13].gz,3444,4860743137.0,0.8928862466043578,2.686169954022665,0.00965165311019831,0.8928862466043581,0.00965165311019831,4924,0.24166366906604142,0.15613370519891348,0.15594959746629514,0.7953370995099982,0.005476793629136953,0.3507197468161749,0.34648930153576707,1.330019070380384,0.0036170682919646146,0.24728539737824046,0.23179282183522493,0.5376325659238407,0.0004759244398461043,0.24586115060667113,0.15865452576707073,0.023181218208442055,8.186674925063809e-05
Nigeria,NGA,566,mid,2013,Imports,COMTRADE-FINAL-CA5662013H3[2014-12-02].gz,4001,33062236222.0,0.8941532392910232,2.5224727581761384,0.008283842153363528,0.8941532392910232,0.008283842153363528,4924,0.22404644239009394,0.15210455007437457,0.15194243636375585,0.7673447652391351,0.004946032342720188,0.3132282671692031,0.309843533579829,1.141392188525688,0.002715230004227755,0.2581169440598582,0.24430948949067888,0.5743590167843271,0.0005257491414313983,0.27655023869656414,0.18805777985675945,0.03937678762698882,9.683066498418682e-05
Nigeria,NGA,566,end,2024,Imports,COMTRADE-FINAL-CA5662024H6[2025-06-29].gz,4227,23868292311.251,0.8867139597723271,2.3046726286498234,0.006028133684559397,0.886713959772327,0.006028133684559397,4924,0.17291204661246615,0.11105502886796471,0.11095491990580027,0.532674067453612,0.003019434109038342,0.30172226411522024,0.2984469397813113,1.0756832705665473,0.0023295796689721394,0.26987279190859537,0.25586830274865846,0.606010352114858,0.0005502999889383387,0.31734991510821975,0.221443797336557,0.09030493851480621,0.0001288199176105777
North Macedonia,MKD,807,start,2000,Imports,COMTRADE-FINAL-CA8072000H1[2022-10-07].gz,3698,1083439865.19,0.8448326860703904,2.095370049829361,0.004610573859363979,0.8448326860703905,0.004610573859363979,4924,0.15536512570576366,0.09527036891142882,0.09516054014678421,0.4365015835320756,0.001974145352966357,0.27602928099869073,0.27259976410343056,0.9600975031071579,0.0019663507605584296,0.2614221420568377,0.24591246645491852,0.5790236360662319,0.0005194826830829756,0.36727820803304284,0.2311599153652572,0.11974732712389549,0.00015059506275621565
North Macedonia,MKD,807,mid,2012,Imports,COMTRADE-FINAL-CA8072012H4[2013-03-15].gz,4134,4852432791.0,0.8668450305229554,2.2740497761088574,0.008955071816326298,0.8668450305229554,0.008955071816326298,4924,0.20468628107048845,0.1486319638242054,0.14851111958749225,0.7717177602154348,0.006577279513718388,0.2550999931615762,0.25239973029283486,0.8750418716241626,0.0017698534980443432,0.2532351422582418,0.23967396846384809,0.550630126002187,0.00047854957098236977,0.3430329007559766,0.22626021217878015,0.07666001826707346,0.0001293892335812003
North Macedonia,MKD,807,end,2024,Imports,COMTRADE-FINAL-CA8072024H6[2025-02-26].gz,4266,10207982978.310001,0.8748273062053448,2.3381235270321383,0.009363559375706942,0.8748273062053447,0.009363559375706942,4924,0.22565520610953035,0.17116253147095908,0.17101308050701675,0.8967630258522692,0.007108210653744861,0.2521120159234215,0.24948267064297364,0.8589909835260979,0.0017014389755225237,0.24071805144852687,0.2281211518211954,0.5096136912831885,0.0004273568199321637,0.33600740115709254,0.226210403234159,0.07275582637058267,0.00012655292650739169
Norway,NOR,579,start,2000,Imports,COMTRADE-FINAL-CA5792000H1[2022-11-02].gz,4341,26678036323.2,0.8425460466721016,2.1445603612821915,0.008197317336782927,0.8425460466721015,0.008197317336782927,4924,0.2371981498335763,0.16748401774018018,0.16731331297333113,0.8587188113201166,0.005846351154322035,0.23530628018581592,0.2330950201711984,0.8091749889689543,0.0018895762956426883,0.2125140615207656,0.2015240234160403,0.42252140774454905,0.00033044100148462764,0.3846956405532383,0.24061369011153189,0.05414515324857082,0.00013094888533357499
Norway,NOR,579,mid,2012,Imports,COMTRADE-FINAL-CA5792012H4[2013-08-07].gz,4521,72321863686.0,0.8512122877444427,2.0212791651093434,0.005923958368928994,0.8512122877444424,0.005923958368928994,4924,0.1693495636419958,0.12115835922099194,0.12106309511090836,0.5962826489764713,0.0038087621671230986,0.24987951454665133,0.24730448232705676,0.8405398630570506,0.0015523260117900584,0.23231852943300013,0.22109100515245214,0.4882225884730512,0.0004140709037645259,0.39664359679935657,0.2617537051540255,0.09623406460277037,0.0001487992862513104
Norway,NOR,579,end,2024,Imports,COMTRADE-FINAL-CA5792024H6[2025-06-20].gz,4668,89735756587.972,0.8605534169737435,2.065639478777798,0.006575364256713606,0.8605534169737434,0.006575364256713606,4924,0.18320698124421345,0.13286474982021507,0.13275906380460478,0.6637885907865562,0.004516215295836119,0.2413898824596007,0.23900526788955814,0.806364078443245,0.0014924443088488006,0.23529851770073174,0.2241451313865171,0.4948220344353361,0.0004162331697275198,0.3904468500194525,0.26464395389306333,0.1006647751126608,0.00015047148230116662
Oman,OMN,512,start,2000,Imports,COMTRADE-FINAL-CA5122000H1[2002-10-24].gz,3351,3464435399.0000005,0.9167688069022708,3.1957343937345537,0.024462274127511376,0.9167688069022706,0.024462274127511376,4924,0.3639316202472505,0.2860444937971839,0.28574793498462775,1.6570666234969043,0.02140380298547276,0.30005869109802386,0.29624619158177606,1.086578786823351,0.0026193008182180573,0.2210170015232834,0.20673963664444364,0.4551593192514274,0.0003794269389863901,0.19287981358150877,0.12803504369142316,-0.003070335837128981,5.97433848341695e-05
Oman,OMN,512,mid,2012,Imports,COMTRADE-FINAL-CA5122012H4[2013-05-31].gz,4222,17724755132.000004,0.8816207262443067,2.316675014188736,0.007388947117182557,0.8816207262443068,0.007388947117182557,4924,0.19147253717896942,0.13530904529508053,0.13519291193448546,0.6797704634561468,0.004744816821470586,0.2802532946825028,0.277210338255137,0.9779434235817118,0.0019987562185153434,0.2611958755959955,0.24759436368384122,0.5778293058436281,0.0005168627520904979,0.32324178442642093,0.22162311237084284,0.08113182130724964,0.00012851132510612994
Oman,OMN,512,end,2024,Imports,COMTRADE-FINAL-CA5122024H6[2026-04-30].gz,4483,32783627501.302002,0.8924014054812405,2.4203743956497745,0.007826934286221221,0.8924014054812406,0.007826934286221221,4924,0.21463312194082984,0.14847170477319466,0.14832672884372092,0.7438622397818082,0.004631374930768813,0.31338742411821013,0.31036167558911926,1.1409207376079424,0.0026703202406442635,0.23253934009105548,0.2212129966872113,0.4891047876754541,0.0004159023412693697,0.3056015310175397,0.21250000436118904,0.046486630584569505,0.00010933677353877395
Pakistan,PAK,586,start,2003,Imports,COMTRADE-FINAL-CA5862003H2[2004-10-25].gz,3675,8949090392.0,0.8869284349278028,2.5917533028460964,0.010045294997698141,0.8869284349278028,0.010045294997698141,4924,0.24475188550537103,0.16737372698112313,0.16719492761830806,0.8683544612698852,0.006649528100678342,0.316927752625286,0.31319429804363064,1.1603292411631598,0.002832890466235889,0.24644621362213526,0.23182854389061464,0.5331404781398208,0.0004691918729241857,0.26925230677145556,0.17471066537524949,0.029929122273230645,9.368455785972238e-05
Pakistan,PAK,586,mid,2014,Imports,COMTRADE-FINAL-CA5862014H4[2015-04-08].gz,4245,30166591990.000004,0.8865739281426483,2.39165370624294,0.008306037835790862,0.886573928142649,0.008306037835790862,4924,0.2045634351750981,0.13538993945202357,0.13527270689696036,0.6849789947669629,0.005170035823677416,0.30372011953318423,0.3006072252484831,1.096089590674379,0.002534003413271827,0.25337518184801455,0.24028412404155747,0.5532943841213276,0.000487709018156706,0.30751475916677756,0.21040987195564753,0.05729073668027056,0.00011428958068491122
Pakistan,PAK,586,end,2024,Imports,COMTRADE-FINAL-CA5862024H6[2025-04-09].gz,4243,38271119889.585,0.9063421993722093,2.8162485573111486,0.015679596369330324,0.9063421993722096,0.015679596369330324,4924,0.29766207621813806,0.21849663019217766,0.2183134489615978,1.2055211890336193,0.01215534529557242,0.31906325177611733,0.3160322201605845,1.1877241177435618,0.003095512643226129,0.21554976702198292,0.2045011449285309,0.437425433709135,0.0003572051587784553,0.24689035100972212,0.1674953853214961,-0.014422183175167923,7.153327175331833e-05
Panama,PAN,591,start,2000,Imports,COMTRADE-FINAL-CA5912000H1[2002-09-01].gz,3563,2191106521.0,0.8391037934172564,2.1148900363849688,0.005219508427704084,0.8391037934172565,0.005219508427704084,4924,0.16808072904439136,0.10521589172140482,0.10510003398567784,0.49703924159764323,0.00261221185651246,0.26945726104687173,0.26612482740665966,0.938687083044078,0.0019837137344636043,0.25069726936698755,0.2350482980729001,0.5415230173627518,0.00046516587839157955,0.3746295778647359,0.2328306339520189,0.13764069438049542,0.00015841695833644127
Panama,PAN,591,mid,2012,Imports,COMTRADE-FINAL-CA5912012H4[2023-01-10].gz,4121,22474748836.999996,0.8968041721691864,2.718305107168374,0.016883612844783225,0.8968041721691862,0.016883612844783225,4924,0.2945046649390149,0.2180158806286553,0.21784391488602559,1.2171742820284968,0.01402893164573987,0.28366041624876265,0.2807044452392834,1.011315779271295,0.0023646296816486737,0.22475145908275662,0.21302833324746515,0.4684968123846674,0.0003995020254291511,0.27357224403982566,0.18522747879641233,0.021318233483915185,9.054949196552449e-05
Panama,PAN,591,end,2024,Imports,COMTRADE-FINAL-CA5912024H6[2025-03-24].gz,3937,11051024403.0,0.8666161997767642,2.228461293595283,0.006757637339436277,0.8666161997767641,0.006757637339436277,4924,0.1846367077064539,0.13493793579881935,0.1348126294813725,0.6758425930171257,0.004554571219501349,0.2413756952209899,0.23854767867498858,0.805763404883461,0.0014813500441241917,0.28010343890524037,0.26426769119772175,0.6357651620070156,0.0005781366405176009,0.34358293007495033,0.22898820042268117,0.11109013368768046,0.0001435794352931347
Paraguay,PRY,600,start,2000,Imports,COMTRADE-FINAL-CA6002000H1[2022-04-14].gz,3363,1498959254.0000002,0.8810578075996355,2.5835974591000372,0.009676536325114041,0.8810578075996351,0.009676536325114041,4924,0.23336324549046078,0.15600067805445497,0.15582717449067857,0.8038717442654304,0.006201620821582941,0.3121746843837157,0.30827940914669266,1.1449965539816624,0.0028413749648386714,0.2611072654019586,0.24441577426151118,0.5829554336341664,0.0005350872258244913,0.2707173721598706,0.17253544970075319,0.05177372721877783,9.845331286794078e-05
Paraguay,PRY,600,mid,2012,Imports,COMTRADE-FINAL-CA6002012H4[2018-07-24].gz,3833,7861531882.999999,0.8798421731512748,2.3852338744850536,0.006493328283844581,0.8798421731512751,0.006493328283844581,4924,0.18883662128911524,0.11552942002389842,0.11540282418876618,0.5516478549013463,0.0028926635033321266,0.33255182163837627,0.3288088096957057,1.2314069774243537,0.0030272472538865228,0.24209102959784096,0.22830505529660203,0.5190948359910929,0.000451776822394156,0.3098277287398845,0.20732548397020092,0.0830842061682602,0.00012164070423177602
Paraguay,PRY,600,end,2024,Imports,COMTRADE-FINAL-CA6002024H6[2025-07-03].gz,4154,14376765997.206001,0.886035470151648,2.4770722850148466,0.011310080418543414,0.886035470151648,0.011310080418543414,4924,0.21115955212466309,0.14805500626673973,0.14794668503394964,0.7866564275435529,0.008123284243648216,0.316559465161683,0.3132318269424124,1.1533762988775165,0.0026641243441922584,0.23198445726439618,0.21982055610780765,0.4877387645297574,0.0004146679110191489,0.30340107130718097,0.20503640206747828,0.049300794064019604,0.0001080039196837911
Peru,PER,604,start,2000,Imports,COMTRADE-FINAL-CA6042000H1[2002-09-01].gz,3988,4937154464.0,0.8456344621148205,2.0333279765238474,0.004530892537052238,0.8456344621148209,0.004530892537052238,4924,0.14273698769980392,0.09485674357868337,0.09476353193827286,0.4379370926341067,0.0021008724258288233,0.2710044594585324,0.2678342099180794,0.9329401850493912,0.0018079168149845554,0.2527225394129375,0.23853637546464282,0.5466617832178449,0.0004684188948019171,0.3814162575498468,0.24450034479382537,0.11578891562250454,0.00015368440143694254
Peru,PER,604,mid,2012,Imports,COMTRADE-FINAL-CA6042012H4[2024-09-04].gz,4312,44335807977.956,0.8764289508756427,2.278695034404421,0.006659222249552725,0.8764289508756427,0.006659222249552725,4924,0.1840106259550268,0.12307063574500603,0.12295751620825332,0.6011729102922609,0.0036422520790166347,0.3115994136650649,0.3083242951590023,1.1220191682036085,0.0024739479785798333,0.2341847563513511,0.22236358720483634,0.4947238061751791,0.00042311276541164385,0.331145194238578,0.22278355230355093,0.060779149733373034,0.00011990942654461238
Peru,PER,604,end,2024,Imports,COMTRADE-FINAL-CA6042024H6[2025-08-05].gz,4419,44762427649.946,0.8549069076173357,1.984166537385685,0.004233844923709638,0.8549069076173355,0.004233844923709638,4924,0.14929848183939232,0.09419036964333112,0.09409797945683612,0.42944236443517725,0.0018818899245603745,0.2549461772941994,0.2523328708289614,0.8683243067845526,0.0016980228488764034,0.25728638881172294,0.24439595955558796,0.5634559412939415,0.0004937436708901928,0.3935770642507465,0.26408009777595004,0.12294392487201301,0.00016018847938266626
Philippines,PHL,608,start,2000,Imports,COMTRADE-FINAL-CA6082000H1[2002-09-01].gz,4078,16311572385.0,0.8523944205917496,2.0678877642982814,0.004488541296366665,0.8523944205917497,0.004488541296366665,4924,0.14663021281153454,0.09394734038715423,0.09384751827036376,0.42836825480063806,0.0018816713055843455,0.2792241940674747,0.276057795008368,0.9711231698196807,0.0019436279023174392,0.2602249634632449,0.2462929690436305,0.5764672835042486,0.000519558505209487,0.3666035020821262,0.2361961382693875,0.09192905617371397,0.00014368358325539244
Philippines,PHL,608,mid,2012,Imports,COMTRADE-FINAL-CA6082012H2[2013-04-04].gz,4236,37000693349.0,0.8826895237179725,2.604851205904758,0.01563816284119338,0.8826895237179719,0.01563816284119338,4924,0.3016869702201807,0.22351381610592208,0.22331598271669278,1.2333489635170631,0.012908675229056022,0.26300619058570174,0.2604709748014972,0.9318725321946112,0.0022953400492522276,0.2138074014656893,0.20262137304018446,0.42833937636445263,0.00033940290455411075,0.29967259184268685,0.1962811931595979,0.011290333828631448,9.47446583310178e-05
Philippines,PHL,608,end,2024,Imports,COMTRADE-FINAL-CA6082024H6[2025-04-09].gz,4574,100186758505.00003,0.8669789173647172,2.1038930501901096,0.005047893644950052,0.8669789173647171,0.005047893644950052,4924,0.16975548618775607,0.09926373303927064,0.09916364016851269,0.45587445673568255,0.002010049800333656,0.28785571475442706,0.2852351605460412,1.0343825565703342,0.002437019686239315,0.24992800455817765,0.23785103555556575,0.5403308839245111,0.0004661261516902808,0.3629525476481243,0.24472908109459732,0.07330515295958223,0.00013469800668680017
Poland,POL,616,start,2000,Imports,COMTRADE-FINAL-CA6162000H1[2002-09-01].gz,3778,33176908000.0,0.7680527679108122,1.6045349146118044,0.002711542867539391,0.7680527679108118,0.002711542867539391,4924,0.11193749076315371,0.07169616288534181,0.07161628919279382,0.3081079133900401,0.001111723570369995,0.1967314968350878,0.1943683823621956,0.618180629774636,0.0009970431510635683,0.235256897544521,0.221046577969258,0.48869698375272114,0.0003945846699513878,0.4963154427350493,0.2810215183865647,0.1895493876944067,0.0002081914761544399
Poland,POL,616,mid,2012,Imports,COMTRADE-FINAL-CA6162012H4[2013-04-19].gz,4686,145402804461.0,0.8152891018462983,1.6531415989803717,0.003008827517052924,0.8152891018462984,0.003008827517052924,4924,0.12154900767132738,0.07476530176135049,0.07469749978088085,0.3241600937475046,0.0012032470679765003,0.21437760104899878,0.21233827687961015,0.6950472815776728,0.0012170243425999921,0.2345501023611133,0.22320063278496574,0.4874578814888685,0.00039510722450286325,0.47630699482853756,0.3050526924008416,0.14647634216632568,0.00019344888197356822
Poland,POL,616,end,2024,Imports,COMTRADE-FINAL-CA6162024H6[2025-03-24].gz,4784,329479802327.0,0.8293330686512057,1.7100254369554546,0.003060261681943188,0.8293330686512064,0.003060261681943188,4924,0.11875460133003894,0.07686667192520345,0.0767957666829346,0.3344557167266704,0.001239959645282524,0.2189977229823955,0.21681269618241242,0.7055868285227204,0.0011744629145906717,0.25016705390555166,0.2385000789967763,0.539623970665954,0.0004635604651587686,0.4539685511868493,0.29722452678908245,0.13035892104011,0.00018227865691122433
Portugal,PRT,620,start,2000,Imports,COMTRADE-FINAL-CA6202000H1[2002-09-01].gz,4407,29659703168.999996,0.8149335469474783,1.852870275253246,0.005486316360085089,0.8149335469474781,0.005486316360085089,4924,0.18433591822889564,0.13220395351421868,0.13207756055316475,0.6490457828817711,0.0037733825953923513,0.20534757493403627,0.2033058386444743,0.6620015086595317,0.0011923904963846395,0.22097731609351046,0.20977394965442042,0.4487082368923033,0.00035909198631793983,0.44147115545823473,0.2697761980954187,0.09311474681964016,0.00016145128199015804
Portugal,PRT,620,mid,2012,Imports,COMTRADE-FINAL-CA6202012H4[2013-03-01].gz,4662,53107171770.0,0.8126982794343148,1.7013887197534865,0.004270739014542843,0.8126982794343149,0.004270739014542843,4924,0.13777674148662727,0.10380839962476503,0.10373126608179438,0.4969808278617564,0.002816790683882856,0.18591573195771244,0.1840023425383932,0.5674355782023303,0.0008332073204770858,0.24565758116428593,0.2339308587505019,0.5254086350459607,0.00044521145417960266,0.46461828725323656,0.2910338120636255,0.1115636786434395,0.0001755295560032982
Portugal,PRT,620,end,2024,Imports,COMTRADE-FINAL-CA6202024H6[2026-05-01].gz,4779,95225062111.58301,0.8228476969026023,1.7074119252640827,0.003422663646385067,0.8228476969026022,0.003422663646385067,4924,0.13598742746028508,0.086271520194879,0.08619321886131523,0.385674200329844,0.0015746572721897284,0.21811583625962563,0.21606118736584537,0.7103752594959186,0.001264111761088426,0.2355958838467404,0.22460074195546476,0.49368101939454523,0.0004086157857247454,0.46001675969875483,0.29599254871997693,0.1176814460437746,0.00017527882738216662
Qatar,QAT,634,start,2000,Imports,COMTRADE-FINAL-CA6342000H1[2004-02-04].gz,1875,2678182107.0,0.8540464854604836,2.9561803416646146,0.016946280218692277,0.8540464854604837,0.016946280218692277,4924,0.26860496421052366,0.19358774358356204,0.19327012357948914,1.0754251867610485,0.013301004405666058,0.331098356860167,0.3235511384088765,1.2273866439772125,0.0030556389503702814,0.25550297155498847,0.22556437446453328,0.5596695864199075,0.0004943998688724242,0.2198109280012825,0.11166084900758474,0.0936989245064461,9.523699378351301e-05
Qatar,QAT,634,mid,2013,Imports,COMTRADE-FINAL-CA6342013H4[2023-07-26].gz,3637,23881478261.621002,0.8709281040726886,2.517103234926197,0.01116086606714093,0.8709281040726888,0.01116086606714093,4924,0.2695566087938665,0.19736921927441287,0.19714476727858452,1.0497594207047718,0.008557935631380334,0.2640877105368745,0.26103289389210904,0.9263736218498886,0.0020971255976470525,0.22740246479079176,0.213599527281712,0.47068976346444924,0.0003887701701877393,0.31114060539792066,0.199150915620283,0.0702804289070873,0.00011703466792580274
Qatar,QAT,634,end,2024,Imports,COMTRADE-FINAL-CA6342024H6[2025-11-26].gz,3967,32024375540.506,0.8786051614252893,2.4722405529303817,0.009114736098666651,0.8786051614252897,0.009114736098666651,4924,0.24057147080706467,0.1507664386248327,0.15061078852487297,0.7642788922960454,0.005265403256006345,0.3198875051171975,0.31670438274351126,1.2018101398012782,0.0033550585443692708,0.22450003780718417,0.21218483009895917,0.4649678194628957,0.00038936080268286863,0.3048460184507856,0.1991051600579459,0.0411837013701629,0.00010491349560816847
Rep. of Korea,KOR,410,start,2000,Imports,COMTRADE-FINAL-CA4102000H1[2002-09-01].gz,4390,96024001526.0,0.8622299989695105,2.4531667269017627,0.019195453500276592,0.8622299989695106,0.019195453500276592,4924,0.2645017433768999,0.22032499097186914,0.2201856193172934,1.261420563534742,0.017411170770204466,0.23053357765901036,0.22806631760783364,0.7563674455274862,0.0013213880346411573,0.21417592901866442,0.20362245540611335,0.43522534566287896,0.0003615911705552125,0.3349655023504561,0.21035560663827002,0.00015337217665550157,0.00010130352487576028
Rep. of Korea,KOR,410,mid,2012,Imports,COMTRADE-FINAL-CA4102012H4[2013-06-06].gz,4668,300871362010.00006,0.857531665449405,2.0858948663467674,0.006228187241366303,0.8575316654494052,0.006228187241366303,4924,0.17563372371729774,0.12809905466112126,0.12799403924231875,0.6315555076933799,0.003907590915349334,0.26842601944255773,0.26572545920444135,0.9204584358073888,0.0017632300452582465,0.23572598364542047,0.22478194754980513,0.5012726136713308,0.00043739939303803337,0.3677489422509004,0.23903021945283978,0.03260830917466789,0.00011996688772069037
Rep. of Korea,KOR,410,end,2024,Imports,COMTRADE-FINAL-CA4102024H6[2025-04-10].gz,4781,395016367118.00006,0.849114036591397,1.8773552467723365,0.003598144648711635,0.8491140365913972,0.003598144648711635,4924,0.1297752927617398,0.07663679674208462,0.07656246776204237,0.3320261605071116,0.0011952204472183083,0.26450770722164796,0.26191969115861385,0.905156407111922,0.0017532746866076331,0.25405704011693947,0.24246087516773313,0.5570861617094034,0.0004979454947763732,0.40479845591932784,0.26817100250300785,0.0830865174438998,0.00015170402010931985
Rep. of Moldova,MDA,498,start,2000,Imports,COMTRADE-FINAL-CA4982000H1[2002-10-24].gz,3119,423498964.00000006,0.8602445085829521,2.525868393422941,0.016070783883029058,0.8602445085829522,0.016070783883029058,4924,0.22239048027517722,0.1777781846002343,0.17763019825067103,1.0015467596940775,0.013989875844346026,0.23508544173817625,0.23154549758025947,0.7754939099495478,0.001365135843911461,0.2776855749491278,0.25816058576902884,0.6314706436260269,0.0005819350156226238,0.3094507987124615,0.19290822698299281,0.11735708015328918,0.00013383717914894542
Rep. of Moldova,MDA,498,mid,2012,Imports,COMTRADE-FINAL-CA4982012H3[2013-03-23].gz,3942,3743715950.0,0.8501011278352467,2.0214173351076234,0.004724653772526233,0.8501011278352464,0.004724653772526233,4924,0.13302580688580287,0.09587305575384265,0.09579219784131189,0.4552625507359203,0.0026937164570105298,0.23454891724223897,0.2316574164657137,0.7684742636255615,0.0013003463349761872,0.27461104250729473,0.25885311600412214,0.6144064759201318,0.0005428043376211581,0.3949669844966237,0.26379839752409895,0.18327404482601026,0.00018778664291835712
Rep. of Moldova,MDA,498,end,2024,Imports,COMTRADE-FINAL-CA4982024H6[2025-10-06].gz,4155,7242429666.999998,0.8498280179499059,1.9552821796764313,0.0040005746284605135,0.849828017949906,0.0040005746284605135,4924,0.13363237329356037,0.09304444600402084,0.09295816314316707,0.42844960158939294,0.0020492071687612883,0.22297654803250144,0.22040424662409497,0.7212050288327748,0.0011998704231056536,0.27623347313269175,0.2613964828579938,0.6227109753183997,0.0005616918972724351,0.4077455328307862,0.27506912532465005,0.18291657393586402,0.00018980513932113696
Romania,ROU,642,start,2000,Imports,COMTRADE-FINAL-CA6422000H1[2022-12-21].gz,4231,9157600835.210001,0.8240917372976829,1.7677897992943263,0.0028610438977175194,0.824091737297683,0.0028610438977175194,4924,0.10627199747652386,0.06291925889778935,0.06285513075515914,0.2617910191522826,0.0008477504051917453,0.22791800177347726,0.22535032542843816,0.7432113872424924,0.0012673567322902138,0.2752299599632848,0.2609007723436237,0.6225260666475684,0.0005693868676355405,0.43393277936544855,0.274985508770462,0.14026132625198312,0.00017654989260002023
Romania,ROU,642,mid,2012,Imports,COMTRADE-FINAL-CA6422012H4[2013-04-17].gz,4612,53644225426.0,0.8158883249514912,1.6834520599554408,0.003797534055391618,0.8158883249514914,0.003797534055391618,4924,0.1242817932770593,0.08614046319839763,0.0860756621755046,0.39964603580071684,0.002214125905793615,0.19445625450415704,0.19250233349642057,0.606236642070206,0.0009501191693633915,0.24644380423854761,0.2343441739566759,0.5246261129507552,0.00043714979064138966,0.47295947805889765,0.30296615532289023,0.15294326913376266,0.0001961391895932205
Romania,ROU,642,end,2024,Imports,COMTRADE-FINAL-CA6422024H6[2025-04-29].gz,4808,120205351666.04001,0.8321335515735055,1.7403274756508988,0.0037289489483617365,0.8321335515735058,0.0037289489483617365,4924,0.13046730401263312,0.08914614493890416,0.08907736967757893,0.40946267975730144,0.002014439555680636,0.20921421741418125,0.20717491156006282,0.6663813322691443,0.0010903558366573602,0.2450963820627361,0.233617980611653,0.5215082233281275,0.00043644154048132547,0.45654325558417846,0.302263289724211,0.1429752402963258,0.00018771201554241575
Russian Federation,RUS,643,start,2000,Imports,COMTRADE-FINAL-CA6432000H1[2005-11-23].gz,4322,24021275968.0,0.8425792769383396,1.9785729958138618,0.005374460854513664,0.8425792769383396,0.005374460854513664,4924,0.16732238489472068,0.11899436087357805,0.11889055525612945,0.5783681804165267,0.0033922451413916843,0.23427273723913447,0.23177668594437417,0.7753286339450635,0.0013984626888533197,0.23798025174688342,0.22567179470117887,0.5010675377391769,0.00041825022856978783,0.40875265014040396,0.2662402410366573,0.12380864371309516,0.00016550279569887234
Russian Federation,RUS,643,mid,2011,Imports,COMTRADE-FINAL-CA6432011H3[2012-05-16].gz,4518,243838719724.0,0.8463850580637132,1.9333998473052685,0.005037667164403731,0.8463850580637136,0.005037667164403731,4924,0.14822642294224384,0.1069937584773746,0.10691275237022077,0.5169091934072036,0.0031119637695193273,0.2294335687635354,0.22705544988285686,0.751115456342846,0.001293195510280714,0.250800612365096,0.23848682606908106,0.5426303229635435,0.00046902885748391446,0.41277206039399406,0.27393002974155467,0.12274487459167521,0.00016347902711977467
Russian Federation,RUS,643,end,2021,Imports,COMTRADE-FINAL-CA6432021H5[2022-08-30].gz,4705,270086564341.90894,0.8324775314523652,1.7656155821693276,0.0037907265340999304,0.8324775314523658,0.0037907265340999304,4924,0.13057110394957172,0.0925784637635068,0.0925036164929679,0.42700058393908763,0.002061409246190356,0.21712576138135278,0.21494422854878822,0.697722820530714,0.0011465210726643164,0.2323633873557613,0.22117887343330112,0.48100712521829847,0.00038888543957210875,0.4579323874993793,0.3038508129773081,0.15988505248122742,0.00019391077567315073
Rwanda,RWA,646,start,2001,Imports,COMTRADE-FINAL-CA6462001H1[2003-06-03].gz,2274,201273019.99999997,0.9096045495435415,3.4399281531616084,0.030191818960784607,0.9096045495435416,0.030191818960784607,4924,0.37103888042222455,0.2717306025417615,0.2713511118528094,1.597084663098257,0.025591241984955382,0.36059183087678626,0.3542227392515485,1.391812785484555,0.004158056940182593,0.22296969690820959,0.202252145243092,0.4669481401198001,0.00040501000298387153,0.14470786967324287,0.08177855319609158,-0.015917435541003944,3.751003266275975e-05
Rwanda,RWA,646,mid,2012,Imports,COMTRADE-FINAL-CA6462012H3[2013-02-13].gz,3374,1326946386.794,0.9051373014290698,2.7808070270388914,0.009995088454834673,0.9051373014290698,0.009995088454834673,4924,0.25114722264339406,0.166994288551012,0.16678023379029816,0.8573656654655759,0.00591758242420945,0.35086045664934873,0.34637502317912267,1.321159634329843,0.0034889992197435467,0.2538896176995664,0.2376400607226053,0.5588419554911874,0.0005044565633620053,0.228255637100073,0.15434198373704358,0.04343977175228435,8.405024751967035e-05
Rwanda,RWA,646,end,2022,Imports,COMTRADE-FINAL-CA6462022H4[2023-02-24].gz,3823,4120614638.74,0.9122097509333583,2.936938498848688,0.021842722960070535,0.9122097509333584,0.021842722960070535,4924,0.31156680177270213,0.2452904142108921,0.24508131845987874,1.4054031738824058,0.019186063746638587,0.2709586074459921,0.2677957689482713,0.9461416124317312,0.0020574386652792384,0.2537672681424707,0.23967760216701176,0.5631063580293844,0.000520868988047913,0.22998371020064523,0.15965506135819652,0.022287354505166834,7.835156010480068e-05
Saint Lucia,LCA,662,start,2000,Imports,COMTRADE-FINAL-CA6622000H1[2002-10-24].gz,2904,271637203.99999994,0.8524755772515172,2.3370056902320675,0.005206770081362473,0.8524755772515169,0.005206770081362473,4924,0.16691469245427815,0.10612832122951761,0.10595131797994047,0.4936093452816508,0.0022603052685129287,0.28658510815366817,0.2821042036351448,1.0088681566161701,0.0021324209645737593,0.297739220051757,0.27519478938254754,0.6974632731736192,0.000669900293698609,0.3095473505650574,0.1892252662538844,0.13706491516062677,0.00014414355457717444
Saint Lucia,LCA,662,mid,2010,Imports,COMTRADE-FINAL-CA6622010H1[2017-04-24].gz,2949,494599339.00000006,0.8744408328888904,2.5245679507346526,0.006989468567108566,0.8744408328888902,0.006989468567108566,4924,0.19583313158693888,0.1306898651961199,0.1305035607831007,0.6412299632676725,0.003759394903443944,0.3064055301616568,0.3017297862202042,1.10065220068257,0.00245528471887509,0.2889983417418194,0.26778578334732245,0.6733239310956155,0.0006539280944101342,0.2739062629004039,0.174421702538263,0.10936185568879454,0.0001208608503793988
Saint Lucia,LCA,662,end,2020,Imports,COMTRADE-FINAL-CA6622020H4[2022-10-06].gz,3217,425361107.43999994,0.8747272605500496,2.3875985965835453,0.005223811275343168,0.8747272605500496,0.005223811275343168,4924,0.15673264968918665,0.09804829363192992,0.09791094240622226,0.4496575559033239,0.001985732786768203,0.30476333439447145,0.3004849335149826,1.092145908172635,0.0023987958502750327,0.30449094241869257,0.28377499296198694,0.7212299161012268,0.0007047965812027713,0.2926974295549062,0.19255639166685776,0.12456521640635904,0.00013448605709716262
Saint Vincent and the Grenadines,VCT,670,start,2000,Imports,COMTRADE-FINAL-CA6702000H1[2002-09-01].gz,2670,128399599.0,0.8695712696730339,2.6161360655331563,0.0077535427917759985,0.869571269673034,0.0077535427917759985,4924,0.213104538204983,0.14151463821939195,0.1412827789294717,0.7023466932487155,0.004211773644565538,0.3279730771114012,0.3224641922209679,1.2017055191519859,0.0028429187751326085,0.2729029444336505,0.25101466778497133,0.6226880344175204,0.0005912423774225316,0.25760934023555637,0.15480963073762294,0.08939581871493435,0.00010760799465532058
Saint Vincent and the Grenadines,VCT,670,mid,2012,Imports,COMTRADE-FINAL-CA6702012H3[2013-09-06].gz,3085,270654025.0,0.8739708400637767,2.5018900194765967,0.007739911148076803,0.8739708400637771,0.007739911148076803,4924,0.20613921035536045,0.14680480363445547,0.14661847787230148,0.7413147879990913,0.004972248245964881,0.27969971293631524,0.27549836076228934,0.9749049090254474,0.001995361197549257,0.291613204570515,0.2709743300460111,0.6788976076328235,0.0006501020734317124,0.28188227885871425,0.1808796713831748,0.10677271481923453,0.0001221996311309522
Saint Vincent and the Grenadines,VCT,670,end,2023,Imports,COMTRADE-FINAL-CA6702023H6[2024-10-25].gz,3158,401642944.871,0.8646832578112151,2.3246848183395565,0.0052198124894514255,0.8646832578112149,0.0052198124894514255,4924,0.15840545739067696,0.1063697452796172,0.10623056761777447,0.49994713068525914,0.002483036979246283,0.2801711348302678,0.2759853444254445,0.9723647368426368,0.0019227106569287787,0.2954107652577123,0.2747895047936039,0.6889240481098027,0.0006558921622206034,0.3180483546324027,0.20767784097439218,0.16344890270185794,0.00015817269105576016
Samoa,WSM,882,start,2001,Imports,COMTRADE-FINAL-CA8822001H1[2004-07-16].gz,1911,110935462.00000001,0.8668478652399338,2.892160373348592,0.008714955104472358,0.8668478652399343,0.008714955104472358,4924,0.22558556613754402,0.13295277933759359,0.13262749327813378,0.6491545039037571,0.0035927683821716395,0.3955160281425608,0.3866898955028609,1.5376856147953943,0.004401977491295924,0.2808329580688995,0.24990659196028786,0.6543701815984062,0.0006496085749401047,0.19069823445094589,0.09762388449865124,0.0509500730510352,7.060065606469023e-05
Samoa,WSM,882,mid,2012,Imports,COMTRADE-FINAL-CA8822012H4[2013-02-07].gz,2710,240514128.99999997,0.8799551945642287,2.6766013425988633,0.008329242429481458,0.879955194564229,0.008329242429481458,4924,0.20366228114606938,0.13698951199661125,0.13679346162726735,0.6854797985029063,0.004620295165948496,0.337380206901691,0.33181912602935987,1.2451036574263536,0.0029553207751105313,0.2931499360040242,0.26974966300564973,0.6863128577354943,0.0006633143602230477,0.2324803450976736,0.14159294390195173,0.059705028934108145,9.031212819938256e-05
Samoa,WSM,882,end,2024,Imports,COMTRADE-FINAL-CA8822024H5[2025-10-10].gz,2951,388543110.51900005,0.8815064936226337,2.620391754611592,0.008402586371172046,0.8815064936226336,0.008402586371172046,4924,0.20625312538126314,0.1336405310739955,0.133471967472573,0.6702524771778748,0.004732688592694586,0.3320179310815611,0.32705003819318457,1.2236302534966665,0.002950014266421661,0.28603698976839564,0.26485140292772646,0.6599838098520068,0.0006231138131997659,0.2483045480760477,0.15613308502914977,0.06652521408504342,9.676969885603335e-05
Sao Tome and Principe,STP,678,start,2000,Imports,COMTRADE-FINAL-CA6782000H1[2003-11-17].gz,995,23530980.0,0.8988238191207365,3.8466453467376764,0.022366719271910977,0.8988238191207365,0.022366719271910977,4924,0.41044197904209684,0.26572080720819957,0.26449605494095324,1.4824423685932504,0.014444094524461338,0.4666307565600752,0.44808374219345715,1.933221141544924,0.00747038645437962,0.20843542173339147,0.16762276872580562,0.44683190731629535,0.00043990235601913024,0.05921301449833369,0.018621253260520436,-0.015850070716793643,1.2335937050888053e-05
Sao Tome and Principe,STP,678,mid,2012,Imports,COMTRADE-FINAL-CA6782012H3[2013-08-30].gz,2351,100291898.99999999,0.8900771116760804,2.952869089159491,0.010300698408393504,0.8900771116760804,0.010300698408393504,4924,0.2516828203641852,0.15800244245051143,0.1577022416133787,0.8004390914096396,0.005181127191635864,0.40180078652015555,0.39453522011624387,1.569199965156713,0.004545888139999576,0.24925712881563997,0.22676690218837786,0.5491089372004578,0.0005064509689231048,0.1909396422136932,0.11107274775807997,0.03412109539268057,6.723210783496293e-05
Sao Tome and Principe,STP,678,end,2023,Imports,COMTRADE-FINAL-CA6782023H5[2024-03-21].gz,2682,127148643.939,0.9031208584081485,3.1742760568682895,0.02222640535751289,0.9031208584081494,0.02222640535751289,4924,0.3315800921467191,0.24778087896665757,0.24747068760386984,1.4126240325602837,0.018321210304392165,0.34698131906876234,0.3415916531523014,1.3101632354692134,0.0034882288274124883,0.21392054013342118,0.19656314083787005,0.43272186956581493,0.00035401542812930935,0.19131726183115888,0.11749537681410734,0.018766919272977262,6.295079757892238e-05
Saudi Arabia,SAU,682,start,2000,Imports,COMTRADE-FINAL-CA6822000H1[2005-12-02].gz,3502,24211496659.0,0.8570074116328277,2.54986954958072,0.012448521782679854,0.8570074116328275,0.012448521782679854,4924,0.2894370523928378,0.2149265055477544,0.2146602153386289,1.1573091274208214,0.009766499982200074,0.26563231371719065,0.2625442084392453,0.9410111036401448,0.002236307184585692,0.2129823944863386,0.1997366882462198,0.4294560531156092,0.0003486010466677886,0.3064587862487164,0.18006629960873366,0.022093265404144663,9.71135692262977e-05
Saudi Arabia,SAU,682,mid,2012,Imports,COMTRADE-FINAL-CA6822012H4[2014-01-29].gz,4104,135503352966.99998,0.8581968603349601,2.241874818661598,0.008955844221163214,0.8581968603349601,0.008955844221163214,4924,0.205484984668837,0.15437931210524747,0.15425599852344263,0.8068526608830073,0.006759375169108777,0.2505622142134635,0.24782129704337594,0.8493603491722249,0.0016270581456769467,0.24307782557257537,0.22996660773716054,0.5186414669389265,0.00044132465247005703,0.3519806481087139,0.22615295703098096,0.06702034166743961,0.00012808625390743617
Saudi Arabia,SAU,682,end,2024,Imports,COMTRADE-FINAL-CA6822024H6[2025-07-30].gz,4581,207098749009.50604,0.8701047048699689,2.2917591280445917,0.009651220077213392,0.8701047048699695,0.009651220077213392,4924,0.2403218855335718,0.18863842655434018,0.1884631862811686,0.9929906959854927,0.007678198123955421,0.2370457221521722,0.23470177985539073,0.7902818858016203,0.0014712258562191844,0.2253725199562604,0.21452863703706065,0.4647371790401279,0.0003825984369213683,0.34894333133722705,0.23241110169634904,0.0437493672173508,0.00011919766011742167
Senegal,SEN,686,start,2000,Imports,COMTRADE-FINAL-CA6862000H1[2002-09-01].gz,3241,1036172821.0000001,0.8848613057807284,2.7358799314946385,0.01609782149042738,0.8848613057807286,0.01609782149042738,4924,0.2665617665539984,0.19734475934492782,0.19714851249692444,1.0933131186555698,0.013128306710596931,0.2938359836740013,0.28990816582938295,1.0525916966685538,0.0024132400991733844,0.24343075997753852,0.22698397788717828,0.5223777102871899,0.00045277266095157585,0.2653884970035322,0.1708206495672425,0.06759740588332425,0.00010350201970549091
Senegal,SEN,686,mid,2012,Imports,COMTRADE-FINAL-CA6862012H3[2013-03-29].gz,3662,4376808126.0,0.9145051915607638,3.0150384875011587,0.01887756969420647,0.914505191560764,0.01887756969420647,4924,0.32431624743062815,0.23534379106757303,0.23511413307057802,1.3176765596848694,0.015091015995422724,0.32542219956093643,0.3218041713168074,1.2178712415097288,0.0033033118307319864,0.22958844616406868,0.21615354964633932,0.4841895407269108,0.00041939838554766386,0.20964556320742186,0.14143333752703915,-0.004698854420350264,6.38434825040984e-05
Senegal,SEN,686,end,2024,Imports,COMTRADE-FINAL-CA6862024H6[2025-10-10].gz,3973,7738791755.978,0.895631829504387,2.57878754469974,0.010812695848764457,0.8956318295043864,0.010812695848764457,4924,0.255980760015767,0.18404766791001492,0.1838685161975543,0.972525002458194,0.00797487770447677,0.2759269166617536,0.27292910441818097,0.9753538057868839,0.0022290598495623313,0.2562608337201386,0.24214888017163716,0.5628549861265448,0.0004992046759167465,0.28376458170809293,0.19668532871701455,0.06805375032811718,0.0001095536188086093
Serbia,SRB,688,start,2006,Imports,COMTRADE-FINAL-CA6882006H2[2007-04-24].gz,4290,9136815003.0,0.8276770802346712,1.8317596859525134,0.0036667438315660544,0.8276770802346709,0.0036667438315660544,4924,0.1391177606838539,0.08903686697529603,0.08894244869046534,0.39949185918825914,0.0016275832899708665,0.23791540061426808,0.23536332520675315,0.7913365124345869,0.0014484863061729016,0.23807131990790864,0.2256329071197598,0.5006649830709149,0.00041581962817025875,0.4349764125025272,0.2777383992176929,0.1402663312587527,0.00017485460725202788
Serbia,SRB,688,mid,2015,Imports,COMTRADE-FINAL-CA6882015H4[2016-02-19].gz,4455,13319258557.999998,0.841691849899339,1.9945756085646789,0.008414215784549055,0.8416918498993393,0.008414215784549055,4924,0.17925340051098962,0.14514774806090228,0.14505266726324922,0.7636650323057791,0.0069670831832950655,0.18415887805280998,0.18218514661418886,0.5609323227374101,0.0008236731694428418,0.24815269603602969,0.23565822547396365,0.5316650879374184,0.00044867234949632696,0.42254067785025823,0.278795810547937,0.13831316558407136,0.00017478708231481903
Serbia,SRB,688,end,2024,Imports,COMTRADE-FINAL-CA6882024H6[2025-07-30].gz,4607,31251938697.999996,0.8362384134324486,1.7864659287222393,0.003937721804687692,0.8362384134324483,0.003937721804687692,4924,0.130134385209415,0.09058971159862092,0.09051848742935945,0.4211807620913069,0.0022699777560731146,0.19896002140533367,0.19691499541735957,0.6228377901391541,0.000978012251264055,0.25981173063925306,0.2471003445715281,0.5676990212865751,0.0004891337380021747,0.45063853635679246,0.30170458601420147,0.17474835520520327,0.00020059805934834887
Seychelles,SYC,690,start,2000,Imports,COMTRADE-FINAL-CA6902000H0[2008-08-04].gz,2631,173671574.0,0.8573052612782068,2.5631998622520094,0.007988765968843927,0.8573052612782068,0.007988765968843927,4924,0.21646016751135105,0.1413923098318899,0.14117588294326366,0.7068790241740047,0.004536309754293987,0.3208173894940343,0.3154126323606115,1.1726321358066034,0.0028008341637753738,0.26073027356797035,0.23939706719606058,0.5819179612735631,0.0005374814210621374,0.27706002710610544,0.16131967877827105,0.10177074099783792,0.0001141406297124278
Seychelles,SYC,690,mid,2012,Imports,COMTRADE-FINAL-CA6902012H2[2022-12-15].gz,3262,1951872323.9210002,0.9013204637973284,3.3105867757609224,0.05381981985308505,0.9013204637973289,0.05381981985308505,4924,0.38311206038311935,0.32862842646880186,0.32837763340319837,2.0731166086868114,0.05178223104344424,0.24884489460355744,0.2454859084649589,0.846440213338184,0.001677467445106068,0.1971130922887246,0.1837122107046122,0.37896566429221434,0.00028953232887878565,0.22541358663891597,0.14374471122455898,0.01206428944371261,7.058903565598345e-05
Seychelles,SYC,690,end,2024,Imports,COMTRADE-FINAL-CA6902024H6[2025-10-13].gz,3649,1162587431.432,0.8735344685072689,2.5091297906667767,0.014332352227469293,0.873534468507269,0.014332352227469293,4924,0.24949465816044133,0.1944666368397568,0.19429226109830083,1.0697541178720866,0.012205250023638954,0.24328793094197784,0.24027960205556761,0.8183228058709123,0.001564087419882805,0.24166421967965476,0.22688101101736985,0.5123951815058383,0.0004295841066592985,0.3205812125386107,0.21208159433603072,0.10865768541793988,0.00013343067728823345
Singapore,SGP,702,start,2000,Imports,COMTRADE-FINAL-CA7022000H1[2005-12-22].gz,4340,70436546267.0,0.8709825516977056,2.658098180491441,0.023270011968824902,0.8709825516977057,0.023270011968824902,4924,0.3148271062374149,0.2576541592457378,0.2574744937831017,1.4951364149981248,0.02122495363891631,0.24494761617951838,0.24253576665465423,0.8347169385851972,0.0016906406419914806,0.18803825445863268,0.1785490188559185,0.35481236016650275,0.00026939581345600906,0.30935997011611116,0.19242327240403118,-0.026567533258383604,8.502187446110406e-05
Singapore,SGP,702,mid,2012,Imports,COMTRADE-FINAL-CA7022012H4[2019-07-22].gz,4488,218312539843.75595,0.895886367004315,2.8662111943070885,0.019622103214575456,0.8958863670043145,0.019622103214575456,4924,0.37368477161737657,0.2655611915650441,0.26532187978572835,1.49436517388975,0.015837000144914796,0.2916548517216777,0.28922079162369563,1.0965015289552953,0.0034820938385256603,0.1761131224209549,0.16742913408524612,0.31934394625108375,0.00023329792814115224,0.26667083429232363,0.17391456150964485,-0.043999454789040736,6.971130299384713e-05
Singapore,SGP,702,end,2024,Imports,COMTRADE-FINAL-CA7022024H6[2025-10-14].gz,4630,263240874481.104,0.9054551098689565,2.708200118055059,0.012670696971121744,0.9054551098689569,0.012670696971121744,4924,0.2977400609071892,0.2029474401599961,0.20276094156838967,1.0823897926712678,0.008832136083094355,0.3261553230145674,0.3232636887058317,1.2221671959471592,0.0034087129177009776,0.21235230126349391,0.20254265388080084,0.4314336165067509,0.00035779010994080204,0.25854493556194263,0.17688782571393424,-0.02779048707011905,7.205786038561108e-05
Slovakia,SVK,703,start,2000,Imports,COMTRADE-FINAL-CA7032000H1[2002-10-24].gz,4298,8612628210.0,0.8234792707122397,1.8619149035478162,0.0048095789555717815,0.8234792707122398,0.0048095789555717815,4924,0.16259905209585263,0.11707272024459071,0.11696296713805449,0.5630846904151503,0.0030698513827319535,0.21220798495236567,0.2099742724308724,0.6836214268187653,0.0011703409890851733,0.23493067969312703,0.22256371626815846,0.4889722932012385,0.00039745546525860677,0.4357886151099166,0.27397831487515434,0.12623649311266238,0.00017193111849604919
Slovakia,SVK,703,mid,2012,Imports,COMTRADE-FINAL-CA7032012H4[2023-05-23].gz,4616,57293051197.267006,0.8651098064401498,2.1631285749602216,0.007159317550179634,0.8651098064401499,0.007159317550179634,4924,0.21572790075325562,0.142652370321605,0.14252590307476665,0.7135856529758056,0.004560116125472167,0.25365014805358105,0.25137426225935855,0.8855258926651871,0.0020584782589506885,0.23608655315998808,0.22453179660123934,0.4928386147340199,0.0004025301382483421,0.36761092846482574,0.2466778445047854,0.07117841458520918,0.0001381930275084342
Slovakia,SVK,703,end,2024,Imports,COMTRADE-FINAL-CA7032024H6[2025-10-01].gz,4728,100365461010.81902,0.8811188416209196,2.338837291030034,0.009273265907619581,0.8811188416209195,0.009273265907619581,4924,0.24097688394148772,0.16960452827597827,0.16946197118744094,0.8802229307987156,0.0065861899215856855,0.26831103594866684,0.26591216363046044,0.9448916622031173,0.0021725895604339258,0.2308970607129293,0.2202193884034048,0.48313769011705127,0.0004046191491297711,0.33118737506242546,0.22552531839961337,0.03058500791115028,0.00010986727647019791
Slovenia,SVN,705,start,2000,Imports,COMTRADE-FINAL-CA7052000H1[2002-09-01].gz,4266,7657691009.0,0.8067698159912412,1.7033635602710602,0.003474632437290972,0.8067698159912415,0.003474632437290972,4924,0.13708910176268513,0.09438067573509742,0.09428601011100775,0.4313886851708839,0.0019138836060832466,0.18848733164158937,0.18644729428382234,0.5846560889423319,0.0009368777683495845,0.24231648021884816,0.2294562270086914,0.511642236761678,0.00042184951168301857,0.47481551240446507,0.2965802845877197,0.1756765493961662,0.000202021551175123
Slovenia,SVN,705,mid,2012,Imports,COMTRADE-FINAL-CA7052012H4[2013-03-14].gz,4517,21610210430.999996,0.8261098173819187,1.7571208533772527,0.0036982079171193377,0.826109817381919,0.0036982079171193377,4924,0.12682748895621343,0.08781756456460767,0.08774570127366671,0.4033862750633378,0.0019644859205815777,0.21596489955664133,0.2137056786772843,0.6928803031306514,0.0011353333212416354,0.2369404911908723,0.2250458782226173,0.49495286879139355,0.0004040485138087794,0.45927704468787894,0.2996125592083504,0.16590140639186995,0.00019434016148734562
Slovenia,SVN,705,end,2024,Imports,COMTRADE-FINAL-CA7052024H6[2025-07-15].gz,4632,68348020424.29,0.9067202906392546,3.405124590275509,0.04702142156929002,0.9067202906392549,0.04702142156929002,4924,0.48841670703525786,0.4287666485936319,0.4284228305827488,2.6483463017924076,0.04543877062637617,0.1868331120843398,0.18528426147720936,0.6124363615386051,0.0013914833561974147,0.13508826812298252,0.12853450460919874,0.20726483363002732,0.00013331753856888224,0.2493119711990456,0.1644786939700976,-0.06292290668553058,5.78500481475571e-05
South Africa,ZAF,710,start,2000,Imports,COMTRADE-FINAL-CA7102000H1[2003-11-17].gz,4352,15027219515.999998,0.8134214039743634,1.804425304993853,0.004509314056208337,0.8134214039743632,0.004509314056208337,4924,0.16221545504584883,0.11559671648839978,0.11547923640809996,0.5501679737497501,0.002795562467045093,0.2091482055126252,0.20699498478875217,0.6727745086362352,0.0011631280927750114,0.2302008753718069,0.21834837654850553,0.4761314014363137,0.0003870788765639164,0.44505420262716827,0.27259880622900573,0.10535142117155402,0.00016354461982431644
South Africa,ZAF,710,mid,2012,Imports,COMTRADE-FINAL-CA7102012H4[2024-03-12].gz,4667,65584506539.47399,0.8283111337882969,1.8148612356756009,0.004127849600397757,0.8283111337882969,0.004127849600397757,4924,0.1445307244564422,0.09622163811551664,0.0961373358143277,0.44318921968233016,0.002062519242053407,0.24614926699875966,0.2437263882840932,0.8265292927022709,0.0015324952993347825,0.22372934326348703,0.21310687226387726,0.45904012443109643,0.000375651998264808,0.4338997516222367,0.2753405374259988,0.08610259885990368,0.00015718306074475935
South Africa,ZAF,710,end,2024,Imports,COMTRADE-FINAL-CA7102024H6[2025-12-24].gz,4737,71722551325.62498,0.8387696170187361,1.8218230909890378,0.003808938612644103,0.8387696170187362,0.003808938612644103,4924,0.13163592244934777,0.08855485440963332,0.08848055607297131,0.4019863337978271,0.0017848990570492737,0.2430268645455076,0.24060898171666265,0.808697678417341,0.001438557224832384,0.23650825506343742,0.22541868663262243,0.4976322310810321,0.00041655600866492826,0.43191002598142186,0.2842613925964798,0.11350684769283753,0.00016892632209751697
Spain,ESP,724,start,2000,Imports,COMTRADE-FINAL-CA7242000H1[2021-08-02].gz,4300,108738526103.07301,0.8053114480260982,1.980088088307107,0.009693420594657302,0.8053114480260983,0.009693420594657302,4924,0.22418429753252145,0.18255648594310864,0.182403672492648,0.9731295617265744,0.00835324692107652,0.1864065933502428,0.1844620449992145,0.5778026302046532,0.0009200926002327393,0.19427582780409441,0.18400917557274837,0.3671703500735982,0.0002717469883119851,0.4367610929025541,0.2544365549614873,0.06198554630228115,0.00014833408503605634
Spain,ESP,724,mid,2012,Imports,COMTRADE-FINAL-CA7242012H4[2021-05-20].gz,4672,219964898709.906,0.8280660066236192,1.9067561008924223,0.006753205698662637,0.828066006623619,0.006753205698662637,4924,0.1818187367376324,0.14296286700712688,0.14285312309692808,0.7272728055924763,0.005181184460940512,0.20739809679137136,0.20531432387369336,0.6580049053847483,0.0010579772525824691,0.22242050530858495,0.2117228888457614,0.4522042104662902,0.0003613636681607289,0.42721853089291684,0.26817567080723637,0.06927417944890751,0.00015268031697892933
Spain,ESP,724,end,2024,Imports,COMTRADE-FINAL-CA7242024H6[2025-03-30].gz,4813,362794953082.254,0.8227883784451705,1.737937825003204,0.003891432863316636,0.8227883784451706,0.003891432863316636,4924,0.14030831623393736,0.09309765575139306,0.09301855222411456,0.4276396792635202,0.002036358312278151,0.22271549835390778,0.22056315547057623,0.7253328305453394,0.0012637989177614914,0.2371615573049767,0.2263539256970058,0.5024863959688542,0.00042923141411249264,0.44702528858972246,0.28285274505347385,0.0824789192254907,0.0001620442191645012
Sri Lanka,LKA,144,start,2000,Imports,COMTRADE-FINAL-CA1442000H1[2012-08-10].gz,4004,4860567058.0,0.8804623344049678,2.387445116050979,0.006640557763314173,0.880462334404968,0.006640557763314173,4924,0.1997219193596403,0.12209021250376093,0.12195006020096269,0.5860523126394959,0.0030437739624513405,0.324134639206494,0.32067902597890663,1.195878876589213,0.0029684289693930645,0.2603754510437823,0.2463640595853237,0.5800287663266281,0.0005303815527518206,0.29339969724596277,0.19146918863977502,0.02548516049564145,9.797327871794761e-05
Sri Lanka,LKA,144,mid,2012,Imports,COMTRADE-FINAL-CA1442012H3[2013-04-04].gz,4326,13107390440.000002,0.8836692414962057,2.362495916922219,0.006641725921018039,0.883669241496206,0.006641725921018039,4924,0.20079018238202415,0.11203358957849124,0.11191037917475757,0.527363027639482,0.0025288806358589513,0.34568810768080577,0.34242050814766173,1.3105487932218838,0.0035945975470788745,0.23192989559631966,0.22019123396467896,0.48644674429942236,0.00041081814351263626,0.31034840714438316,0.20914712020910736,0.038137351761430696,0.00010742959456757804
Sri Lanka,LKA,144,end,2024,Imports,COMTRADE-FINAL-CA1442024H6[2025-04-09].gz,4425,14157165531.717999,0.870715731644638,2.1735315163720026,0.005493219512065975,0.8707157316446379,0.005493219512065975,4924,0.1716580123429617,0.11262461108191274,0.11251166860278634,0.5332417368097107,0.0026578889793389218,0.2921723703287155,0.28924640321084877,1.0378503445007323,0.002245347186899254,0.24690314861962803,0.23459979992966704,0.5316001259975766,0.00045897996177833843,0.34829986996974377,0.23435785990133576,0.0708393090639828,0.00013100338404946286
Suriname,SUR,740,start,2000,Imports,COMTRADE-FINAL-CA7402000H0[2002-09-01].gz,1458,290006248.0,0.8513883923227934,3.114226910857963,0.014769534497029278,0.8513883923227934,0.014769534497029278,4924,0.2880365529228184,0.21005263996932919,0.20952522169810517,1.144346449348538,0.010914441435103582,0.33628269967480157,0.326345481827776,1.2513077580535286,0.0031671787885118466,0.27921102582589874,0.23796040556666387,0.641877783669888,0.0006133063755145804,0.17445363452997054,0.07755728323024834,0.07669491978600886,7.460789789927194e-05
Suriname,SUR,740,mid,2012,Imports,COMTRADE-FINAL-CA7402012H3[2015-08-24].gz,2726,1348785993.9999998,0.8518444698716662,2.4310029905220385,0.006000594023456384,0.8518444698716661,0.006000594023456384,4924,0.17804362686301742,0.1080044570806835,0.10783410402232506,0.5086464002307954,0.0025560763771422376,0.3216954281417309,0.31638659437229716,1.1714901325372777,0.0027117740557015707,0.2799264740179677,0.25764657064990554,0.6422057396460183,0.0006082622491160816,0.2903736407596181,0.1699772008271385,0.108660718107947,0.00012448134149649356
Suriname,SUR,740,end,2024,Imports,COMTRADE-FINAL-CA7402024H3[2025-04-02].gz,2733,1329858001.111,0.8622087555000874,2.509542385718817,0.006398269231037504,0.8622087555000875,0.006398269231037504,4924,0.18797602091826332,0.10924111741677166,0.1090614803787493,0.5131562201010023,0.002484542356282649,0.3373714390910398,0.3321005650843786,1.2580270636392634,0.003203409790796693,0.28224100860944806,0.2594227154444633,0.6446056758961304,0.0005949120583211967,0.2711464348827404,0.1616239945924963,0.09375342608242118,0.00011540502563696602
Sweden,SWE,752,start,2000,Imports,COMTRADE-FINAL-CA7522000H1[2002-10-24].gz,4418,48500322094.0,0.8306271808630691,1.9663641653839246,0.006595388785195029,0.8306271808630692,0.006595388785195029,4924,0.19041402806638233,0.13867883218186242,0.13855719352906967,0.6949936318424283,0.004674195896303481,0.2264640026789386,0.22419977784858888,0.7500873017002424,0.0014231127611716568,0.21524504207342926,0.20438842789640904,0.43248725827661166,0.00034575171572601073,0.4196121230657698,0.26348178158900165,0.0887959735646421,0.00015232841199388106
Sweden,SWE,752,mid,2012,Imports,COMTRADE-FINAL-CA7522012H4[2021-05-20].gz,4624,116102901456.375,0.8316146387767289,1.8065393074652407,0.0039869104910872704,0.8316146387767289,0.0039869104910872704,4924,0.14331633773113767,0.09634897603321789,0.0962637832063298,0.4439588603293912,0.0020696734919614136,0.2265034795406341,0.22431399793855125,0.745776708488892,0.0013411789652277872,0.23588043465609015,0.22435763708696282,0.4922416542293233,0.00040199573105419867,0.44126710977005784,0.28667922054488504,0.12456208441763442,0.0001740623028438709
Sweden,SWE,752,end,2024,Imports,COMTRADE-FINAL-CA7522024H6[2025-06-17].gz,4750,156388706443.60696,0.8511933512010783,1.9532365033426802,0.004827847386582285,0.8511933512010783,0.004827847386582285,4924,0.17104063289694393,0.11034081920560654,0.11023640949881776,0.5192515552036296,0.002519738202272838,0.24997846910562949,0.2476886696829131,0.8551220046516962,0.0017588739011474982,0.22932866351606962,0.2185670397719763,0.4747779852516082,0.0003894540298284478,0.4103520481726946,0.2747012322473711,0.10408495823574648,0.00015978125333350186
Switzerland,CHE,757,start,2000,Imports,COMTRADE-FINAL-CA7572000H1[2022-05-13].gz,4131,58261100778.090996,0.8189996091319101,2.0228694385434083,0.007234126635945832,0.8189996091319098,0.007234126635945832,4924,0.21196608469984096,0.142195623355459,0.142063466947165,0.7159842982099667,0.004867116650850605,0.24662380735829165,0.24420346073818083,0.8561423123015717,0.0019362451516828066,0.19934584677692418,0.18854697519826014,0.38387294627057644,0.0002910215474042816,0.41183472250932524,0.24418570624830416,0.06686988176129356,0.0001397432860081399
Switzerland,CHE,757,mid,2012,Imports,COMTRADE-FINAL-CA7572012H4[2021-09-29].gz,4505,256365892093.44907,0.9099909887269642,3.9518156161691618,0.14115996300784536,0.9099909887269642,0.14115996300784536,4924,0.5321297642639988,0.47712569185306447,0.4769199062755832,3.3075614056830593,0.1398970982272798,0.17547056105939296,0.17398958357418534,0.5619183708903611,0.0011100180789630487,0.12049899373791667,0.11454603578114597,0.17198612335623784,0.00010750241758933143,0.22690475334962568,0.14453546309604953,-0.08965028376049704,4.53442840132192e-05
Switzerland,CHE,757,end,2024,Imports,COMTRADE-FINAL-CA7572024H6[2026-03-12].gz,4810,350804755425.40094,0.9138270969445548,3.885485434626351,0.10714970406312567,0.9138270969445548,0.10714970406312567,4924,0.5421864060897497,0.5067020946020339,0.5064530597718911,3.394776299462372,0.10641870819527267,0.14252230248435963,0.14122709003901865,0.40745858040422706,0.0005738970487003791,0.12197108773922224,0.11636722002596829,0.1763392687674427,0.00011154099829664239,0.22880451517438435,0.14977972710767667,-0.09308871400769081,4.5557820855956596e-05
Thailand,THA,764,start,2000,Imports,COMTRADE-FINAL-CA7642000H1[2005-12-12].gz,4270,36913952335.0,0.8616164045083784,2.1536951030134994,0.006237820824879892,0.8616164045083781,0.006237820824879892,4924,0.1848475349937085,0.12988745760648174,0.12976793136242243,0.6399042467277831,0.0038668215823740013,0.2608688573450496,0.25812362838539726,0.8951127117217812,0.0017754946783431805,0.2485645868960214,0.2356335143861101,0.5349739371932165,0.0004575470162329205,0.36067909815244725,0.23809133037444868,0.0837042073707181,0.00013795754792978983
Thailand,THA,764,mid,2012,Imports,COMTRADE-FINAL-CA7642012H4[2013-03-09].gz,4653,173698534675.99997,0.8633641390576143,2.15184445527259,0.0075943663209315105,0.8633641390576139,0.0075943663209315105,4924,0.19815081501216741,0.13514509662691004,0.1350408968740455,0.6827189701738751,0.005055459405768338,0.27209014041859525,0.26952421692456713,0.9511352477708838,0.0020329689451469945,0.22254024732589772,0.21197990974386172,0.45591558806408977,0.0003730991485956708,0.3702245156285972,0.24681911551514008,0.062074649263740934,0.00013283882142050646
Thailand,THA,764,end,2024,Imports,COMTRADE-FINAL-CA7642024H6[2025-02-21].gz,4738,226876213939.25,0.8626718005501544,2.156674935712433,0.008326012782741529,0.8626718005501539,0.008326012782741529,4924,0.20322953255765216,0.1418263084477082,0.14171907283759386,0.726679873551061,0.005862981441493661,0.26531410353450374,0.2628569501293584,0.9212784251555857,0.0019514868906611792,0.22555215038684073,0.21505761330731782,0.4656068858558787,0.0003852997430645835,0.3673074376309473,0.24303816427588418,0.043109751149907755,0.0001262447075221049
Togo,TGO,768,start,2000,Imports,COMTRADE-FINAL-CA7682000H1[2002-09-01].gz,2059,235288336.0,0.9062106949682641,3.344503072989111,0.017306006642050138,0.906210694968264,0.017306006642050138,4924,0.3390846547735371,0.23350834101695547,0.23303893619340066,1.2819339138329442,0.011979519329923837,0.40584098160480003,0.3975868865672353,1.5968129776134565,0.004849521372458102,0.22045545981888368,0.19865550387540948,0.4702214362260526,0.00043705320450774805,0.14019521755936087,0.07692936833221861,-0.004465254683342013,3.991273516045613e-05
Togo,TGO,768,mid,2013,Imports,COMTRADE-FINAL-CA7682013H3[2024-03-08].gz,2334,1635027419.106,0.9074107718566777,3.168802186143102,0.013705612610136413,0.907410771856678,0.013705612610136413,4924,0.30085948664088363,0.1961164229021481,0.1957591056605451,1.040358111027809,0.008295706506456951,0.39395000317721907,0.3871162749720023,1.5505637717931984,0.004824498201839988,0.2559332713863053,0.23294893522402185,0.5733116424492838,0.000538522710539911,0.15400030253432753,0.09158645600010855,0.004568660872810966,4.688519129956556e-05
Togo,TGO,768,end,2024,Imports,COMTRADE-FINAL-CA7682024H5[2025-07-02].gz,2641,2541219268.504,0.8942902715975327,2.8709030110261775,0.00962537996067887,0.8942902715975329,0.00962537996067887,4924,0.23810419779295794,0.15058614368577367,0.1503354233298445,0.7562840176100937,0.004741544234184088,0.38721402480224293,0.38107735949404903,1.5025616533878836,0.004290535839893001,0.25569425551979164,0.23492570290941817,0.5662032419259098,0.0005165705860132438,0.2065055759921917,0.127951785864221,0.04585409810229062,7.672930058853612e-05
Tonga,TON,776,start,2000,Imports,COMTRADE-FINAL-CA7762000H0[2005-10-04].gz,650,30310601.0,0.8403008324990374,3.7131085493615488,0.018093022023676537,0.8403008324990373,0.018093022023676537,4924,0.344233755048275,0.22661015530506967,0.22513566970792218,1.2340431900039404,0.011048556404939786,0.4659650595512772,0.4359988149157654,1.8994321571864798,0.006442875556435878,0.24905055495270445,0.17315432506473685,0.5703077076265164,0.0005841798202295532,0.05837423019094871,0.006012022810612848,0.009325494544612477,1.741024207132033e-05
Tonga,TON,776,mid,2011,Imports,COMTRADE-FINAL-CA7762011H3[2012-12-11].gz,2892,140452604.00000003,0.8734988048601451,2.616382286668886,0.010076799052649452,0.8734988048601451,0.010076799052649452,4924,0.218712390551335,0.15134819985252815,0.1511696251665,0.7871942462144487,0.006763423329850669,0.3138110659949031,0.3090822062650177,1.1415001571499102,0.0026668553860701508,0.2651340195743553,0.24495515980879157,0.5901984103428322,0.0005310268473011102,0.2697067145782132,0.16829181361983586,0.09748947296169475,0.00011549348942752207
Tonga,TON,776,end,2023,Imports,COMTRADE-FINAL-CA7762023H5[2025-10-09].gz,2995,270309700.009,0.8936679897342023,2.7758907905121757,0.00972453744281176,0.893667989734203,0.00972453744281176,4924,0.2539132887184177,0.15948462828133336,0.15924866758580422,0.8101718206894141,0.005332613582582908,0.35686287269727524,0.3518856895050441,1.3597565134439706,0.0038114295105522505,0.2504240180831938,0.2323419213591886,0.5474795913582795,0.0004898181535355879,0.2332284809381976,0.15019171128416514,0.0584828650205119,9.067619614101234e-05
Trinidad and Tobago,TTO,780,start,2000,Imports,COMTRADE-FINAL-CA7802000H1[2002-09-01].gz,3620,1833593231.0,0.8587525784546967,2.3990199954066744,0.012541049620326076,0.8587525784546963,0.012541049620326076,4924,0.24047532055925225,0.18836935431509566,0.188196819177751,1.0233528406828292,0.010579643689890918,0.22640525736604886,0.22361216319122565,0.7475672523651944,0.0013836063805931643,0.2386569286079569,0.22419940788648896,0.5069446761762004,0.00043289364408491046,0.34656845971089867,0.2227441881992309,0.12115522618245025,0.0001449059057570848
Trinidad and Tobago,TTO,780,mid,2012,Imports,COMTRADE-FINAL-CA7802012H3[2022-06-14].gz,3851,6043488996.333,0.8875900460839132,2.7192122240236514,0.015266054068201716,0.8875900460839132,0.015266054068201716,4924,0.3300040556010153,0.24407695846224423,0.2437992987371709,1.3443937125942553,0.012508230931783236,0.25186612283458876,0.24927988036171392,0.8930637421489264,0.0023093753181849517,0.21833328292761817,0.2056914886248212,0.4408373077301161,0.0003502733973177594,0.2857236357755488,0.1888193783602072,0.04091746155035315,9.817442091576909e-05
Trinidad and Tobago,TTO,780,end,2024,Imports,COMTRADE-FINAL-CA7802024H4[2025-04-02].gz,3811,6004556357.374,0.8865849575651259,2.5929607366077834,0.012003524822537354,0.8865849575651259,0.012003524822537354,4924,0.275898935069202,0.20341987104475784,0.2032064453995216,1.09109890730977,0.009356345912858617,0.26552145739134647,0.2625533514910941,0.9310750726280239,0.0021094632678683033,0.2392765199716303,0.22539464719052582,0.5071632420052267,0.0004295969213897639,0.29178215159226545,0.1954305134839845,0.0636235146647624,0.00010811872042067015
Tunisia,TUN,788,start,2000,Imports,COMTRADE-FINAL-CA7882000H1[2002-09-01].gz,3947,6490036679.0,0.8570581781166041,2.16988798089592,0.0057211377639975105,0.8570581781166038,0.0057211377639975105,4924,0.17068192380497946,0.11539173012069814,0.11527670724507233,0.5550080396119044,0.0030928701471101532,0.2812680231955588,0.27803864043544685,0.9839675556618678,0.002021790265222636,0.2475173834924023,0.23374786967258435,0.5347534443672152,0.00046671845428718163,0.35582286319134065,0.22999496076350068,0.09615894125493292,0.0001397588973775401
Tunisia,TUN,788,mid,2012,Imports,COMTRADE-FINAL-CA7882012H4[2014-05-16].gz,4295,17653750221.999996,0.8585297523332935,2.0852990897387436,0.004661891329878899,0.8585297523332938,0.004661891329878899,4924,0.15391207906823304,0.09139723291050993,0.09129965686378258,0.4123134270148915,0.0017093162790091814,0.29792648960822693,0.2948635425427883,1.0650998910595346,0.0023548769732962475,0.2451518210479967,0.23264323780859453,0.5278730132567812,0.000460342341116269,0.3655244564332667,0.23972331511812833,0.08001275840753644,0.00013735573645719986
Tunisia,TUN,788,end,2024,Imports,COMTRADE-FINAL-CA7882024H6[2025-12-19].gz,4338,20704095017.365,0.8610302606083481,2.1052568134235488,0.005069809987593053,0.8610302606083486,0.005069809987593053,4924,0.1724680435429782,0.10199835139094404,0.10188735786723752,0.4706752879585151,0.002101211856263858,0.2840906331057714,0.28136744636678124,1.0172534452208073,0.0023776845651693993,0.24533435677898557,0.23279892477823938,0.5253118563821233,0.0004476400676227105,0.368576658724299,0.24497653159609006,0.09201622386210323,0.00014327349853708525
Türkiye,TUR,792,start,2000,Imports,COMTRADE-FINAL-CA7922000H1[2022-12-07].gz,4247,35887114469.0,0.8417699443171499,2.0252781808845546,0.006180892134115396,0.8417699443171505,0.006180892134115396,4924,0.18193663788823244,0.12854064360579226,0.12842036403608498,0.6356169827258253,0.004124104498811304,0.23310190602054595,0.2306586650806348,0.7768683645858895,0.0014729856976434207,0.24093284496333683,0.228282103298735,0.5106789789013451,0.0004299926490258969,0.3974246054103249,0.2544088119016952,0.1021138546714944,0.00015380928863477426
Türkiye,TUR,792,mid,2012,Imports,COMTRADE-FINAL-CA7922012H4[2013-03-20].gz,4547,162898984936.99997,0.8567684192351257,2.137993720750027,0.008300987737293397,0.8567684192351253,0.008300987737293397,4924,0.20584781857277024,0.15409528007622642,0.15397615131133566,0.7980401228268231,0.006282957575914624,0.23681730629471145,0.23447150184850724,0.7902113597222512,0.0014810842881597104,0.22941501382203086,0.21830982055410886,0.4776834840762505,0.00039870746683846555,0.37967239980703155,0.250010945521174,0.07205875412470164,0.00013823840638059552
Türkiye,TUR,792,end,2024,Imports,COMTRADE-FINAL-CA7922024H6[2025-12-23].gz,4740,273136303916.0,0.86790234145034,2.181477483164135,0.008289891193224718,0.8679023414503395,0.008289891193224718,4924,0.20508956626631084,0.15193191410664317,0.15181734427704344,0.7827170374676649,0.006083214141836325,0.2511875815330645,0.24885185050312736,0.8553717525788455,0.0016740632470042865,0.2322029426744498,0.22134492839849473,0.48441026899292183,0.00040077300663220064,0.3646775616858426,0.2458882182716745,0.058978424124702986,0.00013184079775190586
USA,USA,842,start,2000,Imports,COMTRADE-FINAL-CA8422000H1[2005-01-11].gz,4500,783091032103.0,0.8524486470220954,2.331047756140039,0.013550213759750962,0.8524486470220956,0.013550213759750962,4924,0.26652344846897846,0.21444784156605556,0.21427775083848571,1.1788984778079872,0.011679468285285424,0.231804485456066,0.22955996440119292,0.7738607798277843,0.001478716147889839,0.1953760833280147,0.18570367708705937,0.3731193832083851,0.0002821081297926259,0.35837158964986365,0.22290725469535747,0.005169115295882064,0.00010992119678307338
USA,USA,842,mid,2012,Imports,COMTRADE-FINAL-CA8422012H4[2013-04-22].gz,4717,1595379934984.0,0.8480614959202293,2.0437484980396023,0.007069037806284998,0.8480614959202286,0.007069037806284998,4924,0.19883297474978326,0.1401821712188799,0.14007282433615878,0.70756247951296,0.004883998635153815,0.24152038368232095,0.23934546595195552,0.8216016464862743,0.0016714796769530648,0.22530927556128516,0.2147081777374616,0.46324536782758907,0.0003775642530459334,0.392988169537514,0.2539350278946534,0.05133900421277925,0.00013599524113218562
USA,USA,842,end,2024,Imports,COMTRADE-FINAL-CA8422024H6[2025-02-08].gz,4822,2838639126572.0,0.8657454624993711,2.167317663676641,0.007164463924513024,0.865745462499371,0.007164463924513024,4924,0.2117594905689839,0.14635657135999305,0.1462258531031608,0.7320002717179004,0.004552145106823602,0.27210177601628566,0.26968815938603924,0.9571473920575233,0.0021306513433159684,0.21907886304377217,0.20904206286353916,0.44511254303397785,0.000360176322875747,0.36246278957994915,0.2407893871466319,0.03305745686724012,0.00012149115149770645
Uganda,UGA,800,start,2000,Imports,COMTRADE-FINAL-CA8002000H1[2005-12-22].gz,3571,664648125.9999999,0.901271832058871,2.6754940631522386,0.007976362814658385,0.9012718320588713,0.007976362814658385,4924,0.20963255375220907,0.1270576124365692,0.12689750486833778,0.6156611040630364,0.0033362250933755256,0.3902953483162307,0.38550110215088274,1.5026632866907315,0.004079564089417815,0.24453220478259505,0.22995462426823587,0.5327503382338251,0.0004809794049334648,0.23811483446460516,0.15891860077141448,0.02441933416464516,7.959422693157933e-05
Uganda,UGA,800,mid,2012,Imports,COMTRADE-FINAL-CA8002012H4[2013-04-19].gz,4026,4025131648.0,0.9092584226086614,2.6977615683090086,0.01001473161920793,0.9092584226086615,0.01001473161920793,4924,0.24859788859258697,0.17666013317932602,0.17646789295625254,0.9157947092207335,0.006558911482421444,0.3253574210806738,0.3217917622877948,1.1928887377589004,0.00284614555111746,0.25477451630494313,0.24136922208050487,0.5669007938504412,0.000527231948193114,0.2432079294350571,0.16962954528410906,0.02217732747893354,8.244263747591358e-05
Uganda,UGA,800,end,2024,Imports,COMTRADE-FINAL-CA8002024H6[2025-10-15].gz,4174,11580478302.820002,0.9275297821108176,3.6308939878550026,0.0841314594999047,0.9275297821108184,0.0841314594999047,4924,0.4414500737200397,0.3704242197319404,0.37023685746885815,2.457810012215222,0.08184106733548098,0.24920233549529117,0.24675938142973508,0.8668474313282345,0.0019768817325710665,0.18362648313798363,0.17415318750598432,0.3450474257610627,0.00026420505376984556,0.19674696163478472,0.1363803557062401,-0.03881088144951704,4.9305378082810546e-05
Ukraine,UKR,804,start,2000,Imports,COMTRADE-FINAL-CA8042000H0[2003-06-03].gz,3975,6177245330.0,0.8428775069774288,2.0171351087877905,0.004867092445523504,0.8428775069774288,0.004867092445523504,4924,0.16332106239983188,0.10865526041848171,0.10854592326754303,0.5157307209224761,0.0027187796402499426,0.23550493177514778,0.23283490466484144,0.7854099161594075,0.0014812217109101125,0.2598843164287924,0.24526172622497144,0.569581000646334,0.0004958471978764523,0.3959554913775782,0.25623495282007297,0.14641347105957314,0.00017124389648699717
Ukraine,UKR,804,mid,2012,Imports,COMTRADE-FINAL-CA8042012H3[2013-03-29].gz,4451,53889781252.0,0.8452273335486871,1.9251570079180755,0.0046584072821733375,0.8452273335486871,0.0046584072821733375,4924,0.15013745027402067,0.10619691707855293,0.10610710051961035,0.504738578989931,0.0027373714867046373,0.22707454052882148,0.22470492447838897,0.7426031321892982,0.0012886186483557123,0.250545555030977,0.2379034517592145,0.5391157709502036,0.00045770642288740836,0.41618298736164855,0.2765118567914733,0.1386995257886428,0.0001747107242255785
Ukraine,UKR,804,end,2024,Imports,COMTRADE-FINAL-CA8042024H6[2025-07-28].gz,4525,52602134447.850006,0.8480689542981156,1.9150466642515012,0.004314358101405505,0.8480689542981159,0.004314358101405505,4924,0.15090567846976616,0.10712128414251013,0.10701769069827194,0.5021718295589785,0.0024240730410059696,0.2190634512694836,0.2168395238887033,0.7109821974027142,0.00123476882766238,0.25688912031079164,0.24408878080038476,0.5583014724337694,0.0004776253341707132,0.4169261442772145,0.2801229589107556,0.14359116485603884,0.0001778908985664425
United Arab Emirates,ARE,784,start,2005,Imports,COMTRADE-FINAL-CA7842005H2[2007-11-16].gz,4508,56685341006.0,0.8778033178425454,2.627789580630318,0.016736157502039644,0.8778033178425455,0.016736157502039644,4924,0.33191405129093804,0.2557468443290395,0.25551146938023317,1.4263088431245927,0.014296537041643466,0.2488396964327155,0.24663459684597652,0.8731280363777125,0.002091228792318615,0.1866180815018781,0.17748001777613087,0.3492823619064923,0.0002611930689947323,0.30879537773636695,0.198177233840205,-0.020929660778479367,8.719859908282831e-05
United Arab Emirates,ARE,784,mid,2016,Imports,COMTRADE-FINAL-CA7842016H4[2019-11-22].gz,4652,167868322431.27097,0.909008606685942,3.2129759733962135,0.03553482295709673,0.9090086066859413,0.03553482295709673,4924,0.4563101771379693,0.31917690385699615,0.31893863850716225,1.8994358055606542,0.030495453703315762,0.28389654305465806,0.2819239282339471,1.1227100507873162,0.004814471952081383,0.1489969297065085,0.14182815097430487,0.24368945629344727,0.00016325097491143458,0.24792962338183752,0.16631788897052774,-0.05285933924520399,6.164632678813992e-05
United Arab Emirates,ARE,784,end,2023,Imports,COMTRADE-FINAL-CA7842023H6[2025-06-16].gz,4789,364975980013.81805,0.9207012384126484,3.5530341323989263,0.059896519248180714,0.920701238412649,0.059896519248180714,4924,0.49382075512522583,0.41330916082782393,0.413059039954127,2.609861230857969,0.0574500914552749,0.222398572233246,0.22073656959972077,0.7864824119183177,0.002245326002368896,0.14239983081035565,0.1358132276954359,0.22754728725968557,0.0001510564824019814,0.2218924361285742,0.15109240116336461,-0.07085679763704616,5.004530813493398e-05
United Kingdom,GBR,826,start,2000,Imports,COMTRADE-FINAL-CA8262000H1[2005-11-01].gz,4460,250118242771.0,0.8219111833113729,2.0170002000148477,0.008340405495725829,0.8219111833113728,0.008340405495725829,4924,0.22400809700521024,0.165233096985357,0.16508464146154922,0.8542064134802303,0.0064316778528405,0.22183341532536255,0.2197706937582416,0.7412951353795364,0.0014868070673571777,0.19856894882612178,0.18845721492521667,0.3794368903056169,0.00028284338105764335,0.41436453886315877,0.2485986331663654,0.04206176084946417,0.00013907719447050576
United Kingdom,GBR,826,mid,2012,Imports,COMTRADE-FINAL-CA8262012H4[2013-04-24].gz,4684,465014507191.00006,0.8318202034367893,1.8840694589362719,0.005092942548829048,0.8318202034367896,0.005092942548829048,4924,0.16612494769224506,0.11154402233669472,0.11145207492820923,0.5337524280524287,0.002942969465759688,0.24388577118552707,0.24162122817011913,0.8266001712975877,0.0016283917254205742,0.2251322832663392,0.21442951704584012,0.4619407452250396,0.0003748342748469352,0.419437923211439,0.264317383292621,0.06177611436121619,0.0001467470828018502
United Kingdom,GBR,826,end,2024,Imports,COMTRADE-FINAL-CA8262024H6[2026-03-01].gz,4784,678203941853.421,0.8619712348833378,2.338229218593497,0.016583730152617673,0.8619712348833384,0.016583730152617673,4924,0.26497065290322747,0.19225883814232175,0.19213747030424155,1.0759432398985178,0.01417103587861061,0.2507823623930504,0.2486469647740358,0.8748920353380192,0.0020168452070701177,0.19483063463496475,0.18578901468757406,0.37218653942092583,0.000282573284887844,0.36212816482966304,0.23539778511748663,0.015207403936034328,0.00011327578204909869
United Rep. of Tanzania,TZA,834,start,2000,Imports,COMTRADE-FINAL-CA8342000H1[2003-06-03].gz,3571,1095996705.0,0.8818620627674134,2.5641608474626136,0.009156861141927704,0.8818620627674134,0.009156861141927704,4924,0.2616323150716041,0.155991560211853,0.15578849323645705,0.78665276015177,0.004949488617413142,0.3212757106236009,0.3177722185334578,1.217873474641603,0.0036846486498394843,0.23357367056135447,0.21913515379289705,0.4898560534460895,0.00041087570762045415,0.2891590586031917,0.18916619720460137,0.0697785592231514,0.0001118481670546237
United Rep. of Tanzania,TZA,834,mid,2012,Imports,COMTRADE-FINAL-CA8342012H3[2013-09-05].gz,4181,7011632202.0,0.8954679038257518,2.4537067053102093,0.0069690589978119956,0.8954679038257518,0.0069690589978119956,4924,0.20493809422061868,0.12376881542734974,0.12363844210846324,0.5974747845237404,0.003218551668302754,0.33306227903358065,0.3296390608688224,1.2367277936147336,0.0031306797371572982,0.25875811348592054,0.2452757144860325,0.5724139390465789,0.0005170699677261543,0.28441079205314906,0.19691468636243376,0.047090188125156626,0.00010275762462578781
United Rep. of Tanzania,TZA,834,end,2024,Imports,COMTRADE-FINAL-CA8342024H6[2025-10-10].gz,4300,12498955570.442,0.8964070134689995,2.403506101103398,0.006407044896036968,0.8964070134689999,0.006407044896036968,4924,0.18841588753721952,0.1160119689398754,0.11589698871863965,0.5545788866788066,0.0029233083075307924,0.3215221891810673,0.31824337480626047,1.1766820087153618,0.0028065649898980738,0.27100450774398216,0.257317585946461,0.6123677633066502,0.0005658780979442503,0.29146133413507525,0.20494906399763851,0.05987744240257858,0.0001112935006638512
Uruguay,URY,858,start,2000,Imports,COMTRADE-FINAL-CA8582000H1[2002-09-01].gz,3719,2319708647.0,0.8292065423233854,2.0034110631714843,0.004775620747695417,0.8292065423233852,0.004775620747695417,4924,0.1534332737215511,0.1015047571141808,0.10139888482085692,0.4776740362156809,0.002543861470106844,0.2459106840600142,0.24291326736632823,0.8283359422570052,0.0015720377732695717,0.2584613464219242,0.2430979460401854,0.5674711289900805,0.0004988800197533227,0.3941232124038808,0.2417964440960148,0.12992995570871796,0.00016084148456567754
Uruguay,URY,858,mid,2012,Imports,COMTRADE-FINAL-CA8582012H4[2013-05-25].gz,4090,7821381264.999999,0.8508174943609751,2.036267345137254,0.004385681103387114,0.8508174943609752,0.004385681103387114,4924,0.1486866079745634,0.09245461929137266,0.09235887027941254,0.4211150687467059,0.0018725229364378935,0.269632450123968,0.2665809079341787,0.9297771125959462,0.0018491662180129742,0.2596856662352627,0.24577936951640583,0.574018046750804,0.0005151752327632545,0.37822726434939674,0.24609834663097813,0.11135711704379767,0.0001488167161729929
Uruguay,URY,858,end,2024,Imports,COMTRADE-FINAL-CA8582024H6[2025-11-05].gz,4159,10618542094.0,0.8619584669388229,2.1306564224674536,0.00516519074955743,0.8619584669388223,0.00516519074955743,4924,0.17464508013615956,0.10837970657215536,0.10825813457672633,0.5069703384285084,0.002384277474165978,0.2691100364016043,0.2663961091555181,0.9486837322148626,0.0021385603217536826,0.2554349990437714,0.24194046631060914,0.5593196123534188,0.0004930528000987699,0.367075257982469,0.24536375689596937,0.11568273947066315,0.0001493001535389986
Viet Nam,VNM,704,start,2000,Imports,COMTRADE-FINAL-CA7042000H1[2009-02-20].gz,2275,10675051000.0,0.8133461953510942,2.533963922178551,0.010860299784289231,0.8133461953510945,0.010860299784289231,4924,0.2350443103269483,0.17141548082533753,0.17115619670493457,0.9080375210687521,0.008110848727092385,0.2801924546402635,0.27482328894434055,0.9883103509902279,0.0021569649163800317,0.24962682180859064,0.22562682480463558,0.5420281792618636,0.0004756972515360154,0.29876524272580823,0.1417398848971834,0.09558787085770708,0.00011678888928079861
Viet Nam,VNM,704,mid,2012,Imports,COMTRADE-FINAL-CA7042012H4[2013-12-26].gz,4499,93471621564.0,0.8590913662424764,2.093706782688136,0.0058604347393881985,0.8590913662424762,0.0058604347393881985,4924,0.18303055770878127,0.11910820021438313,0.11900243135024836,0.5756873380436104,0.0032528581180436755,0.2694419514679232,0.2668934120104753,0.9450779820699783,0.002060100782885808,0.2344215344488248,0.2228557891280556,0.49095008250426614,0.00040745495642424017,0.3770283138688689,0.2503397337536971,0.08199138007028131,0.00014002088203447536
Viet Nam,VNM,704,end,2023,Imports,COMTRADE-FINAL-CA7042023H6[2025-04-15].gz,4606,220962097628.595,0.8579342724361938,2.006978193111698,0.004329963948005925,0.8579342724361945,0.004329963948005925,4924,0.14706214563713657,0.0885786552145399,0.08849313840801361,0.3976051503699982,0.0016315109517965787,0.2812018192629953,0.27847970070976535,0.9873007901787486,0.0020778519419510644,0.2518165278179017,0.23974528324407143,0.546944823099613,0.00047692326086247515,0.37840299770456304,0.2512161500743434,0.0751274294633376,0.00014367779339580716
Zambia,ZMB,894,start,2000,Imports,COMTRADE-FINAL-CA8942000H1[2023-02-21].gz,3516,639198274.0,0.8650226234206982,2.5249283203171595,0.014640194841945342,0.8650226234206984,0.014640194841945342,4924,0.25699242266727396,0.19179263459650706,0.19161638732648337,1.0549752263784844,0.012152382306750881,0.2624227123158659,0.25920099902510896,0.9122133488152108,0.001963577671792761,0.23139553280614772,0.216928691117584,0.48415389079178417,0.00040708983379946927,0.31438912028147936,0.1972765459515218,0.07358585433167959,0.00011714502960222696
Zambia,ZMB,894,mid,2012,Imports,COMTRADE-FINAL-CA8942012H4[2024-04-12].gz,4194,7285309907.904,0.9096015739922135,2.8104519869693405,0.01878007295021271,0.9096015739922136,0.01878007295021271,4924,0.2775316680095365,0.20615366809949448,0.20600443490502332,1.1622716151433319,0.0155667987700881,0.31338150861737646,0.3101590362436213,1.1420358822955001,0.0027015850828778012,0.23535704528400425,0.22320696316746919,0.4999086278183402,0.00043363087160186475,0.24510777799912478,0.17023113967609982,0.0062358617121687915,7.805822564494379e-05
Zambia,ZMB,894,end,2024,Imports,COMTRADE-FINAL-CA8942024H6[2025-10-09].gz,4211,8637846268.698,0.9016560551091002,2.4729110717593135,0.006319470995870681,0.9016560551091002,0.006319470995870681,4924,0.1826573574828726,0.10755055615351103,0.10743313399512573,0.5026488362545678,0.0023634998381989432,0.3490694260519695,0.34543013739130407,1.3048117630228786,0.003262429855487981,0.27495596890637813,0.26094357624859654,0.6288706218530253,0.0005978848313722635,0.2684240488881414,0.18784920747407394,0.0365798506288416,9.565647081149182e-05
Zimbabwe,ZWE,716,start,2000,Imports,COMTRADE-FINAL-CA7162000H1[2017-10-06].gz,3765,1352782175.47,0.8534277233141794,2.194542731338453,0.005435962684769114,0.8534277233141794,0.005435962684769114,4924,0.17828175362837517,0.1074801465723662,0.10734604372395386,0.5017136869060941,0.002337938866844455,0.3002246848071165,0.29679867332486454,1.0829109309723297,0.0025187802231084956,0.24398467815565927,0.22964959791681827,0.5217754164468855,0.0004461757092191744,0.34831049046485807,0.21963340834854292,0.08814269701314374,0.00013306788559698773
Zimbabwe,ZWE,716,mid,2012,Imports,COMTRADE-FINAL-CA7162012H3[2024-07-26].gz,4166,4980726973.07,0.9018481058771423,2.7455416980730183,0.013771547291988472,0.9018481058771419,0.013771547291988472,4924,0.31152106013826136,0.2216735470383477,0.22144266944016402,1.2016893272162068,0.010448548674768752,0.29070396866917503,0.28789814628681354,1.0632369592080424,0.002845309894178351,0.22770048669383053,0.21576321798176648,0.473591501596888,0.0003951448709956154,0.2599219975986467,0.17674407216839805,0.007023910051881022,8.254385204575639e-05
Zimbabwe,ZWE,716,end,2024,Imports,COMTRADE-FINAL-CA7162024H6[2025-04-09].gz,4092,7357157611.185,0.8975437130837228,2.536308620687853,0.011300179886924002,0.8975437130837229,0.011300179886924002,4924,0.2231222714006483,0.17084779812574183,0.17070669054073417,0.9110904317161079,0.008782663160280157,0.26871828021293503,0.26564118112194385,0.9234270443285378,0.0018043070178516904,0.2768313335257714,0.2622943353158257,0.6344665103878387,0.0006031558791990741,0.28360258813555167,0.19890150610521906,0.06732463425536901,0.00011005382959307811
