flow,cmd_code,product_id
Exports,010111,HS1992:010111
Exports,010119,HS1992:010119
Exports,010120,HS1992:010120
Exports,010210,HS1992:010210
Exports,010290,HS1992:010290
Exports,010310,HS1992:010310
Exports,010391,HS1992:010391
Exports,010392,HS1992:010392
Exports,010410,HS1992:010410
Exports,010420,HS1992:010420
Exports,010511,HS1992:010511
Exports,010519,HS1992:010519
Exports,010591,HS1992:010591
Exports,010599,HS1992:010599
Exports,010600,HS1992:010600
Exports,020110,HS1992:020110
Exports,020120,HS1992:020120
Exports,020130,HS1992:020130
Exports,020210,HS1992:020210
Exports,020220,HS1992:020220
Exports,020230,HS1992:020230
Exports,020311,HS1992:020311
Exports,020312,HS1992:020312
Exports,020319,HS1992:020319
Exports,020321,HS1992:020321
Exports,020322,HS1992:020322
Exports,020329,HS1992:020329
Exports,020410,HS1992:020410
Exports,020421,HS1992:020421
Exports,020422,HS1992:020422
Exports,020423,HS1992:020423
Exports,020430,HS1992:020430
Exports,020441,HS1992:020441
Exports,020442,HS1992:020442
Exports,020443,HS1992:020443
Exports,020450,HS1992:020450
Exports,020500,HS1992:020500
Exports,020610,HS1992:020610
Exports,020621,HS1992:020621
Exports,020622,HS1992:020622
Exports,020629,HS1992:020629
Exports,020630,HS1992:020630
Exports,020641,HS1992:020641
Exports,020649,HS1992:020649
Exports,020680,HS1992:020680
Exports,020690,HS1992:020690
Exports,020710,HS1992:020710
Exports,020721,HS1992:020721
Exports,020722,HS1992:020722
Exports,020723,HS1992:020723
Exports,020731,HS1992:020731
Exports,020739,HS1992:020739
Exports,020741,HS1992:020741
Exports,020742,HS1992:020742
Exports,020743,HS1992:020743
Exports,020750,HS1992:020750
Exports,020810,HS1992:020810
Exports,020820,HS1992:020820
Exports,020890,HS1992:020890
Exports,020900,HS1992:020900
Exports,021011,HS1992:021011
Exports,021012,HS1992:021012
Exports,021019,HS1992:021019
Exports,021020,HS1992:021020
Exports,021090,HS1992:021090
Exports,030110,HS1992:030110
Exports,030191,HS1992:030191
Exports,030192,HS1992:030192
Exports,030193,HS1992:030193
Exports,030199,HS1992:030199
Exports,030211,HS1992:030211
Exports,030212,HS1992:030212
Exports,030219,HS1992:030219
Exports,030221,HS1992:030221
Exports,030222,HS1992:030222
Exports,030223,HS1992:030223
Exports,030229,HS1992:030229
Exports,030231,HS1992:030231
Exports,030232,HS1992:030232
Exports,030233,HS1992:030233
Exports,030239,HS1992:030239
Exports,030240,HS1992:030240
Exports,030250,HS1992:030250
Exports,030261,HS1992:030261
Exports,030262,HS1992:030262
Exports,030263,HS1992:030263
Exports,030264,HS1992:030264
Exports,030265,HS1992:030265
Exports,030266,HS1992:030266
Exports,030269,HS1992:030269
Exports,030270,HS1992:030270
Exports,030310,HS1992:030310
Exports,030321,HS1992:030321
Exports,030322,HS1992:030322
Exports,030329,HS1992:030329
Exports,030331,HS1992:030331
Exports,030332,HS1992:030332
Exports,030333,HS1992:030333
Exports,030339,HS1992:030339
Exports,030341,HS1992:030341
Exports,030342,HS1992:030342
Exports,030343,HS1992:030343
Exports,030349,HS1992:030349
Exports,030350,HS1992:030350
Exports,030360,HS1992:030360
Exports,030371,HS1992:030371
Exports,030372,HS1992:030372
Exports,030373,HS1992:030373
Exports,030374,HS1992:030374
Exports,030375,HS1992:030375
Exports,030376,HS1992:030376
Exports,030377,HS1992:030377
Exports,030378,HS1992:030378
Exports,030379,HS1992:030379
Exports,030380,HS1992:030380
Exports,030410,HS1992:030410
Exports,030420,HS1992:030420
Exports,030490,HS1992:030490
Exports,030510,HS1992:030510
Exports,030520,HS1992:030520
Exports,030530,HS1992:030530
Exports,030541,HS1992:030541
Exports,030542,HS1992:030542
Exports,030549,HS1992:030549
Exports,030551,HS1992:030551
Exports,030559,HS1992:030559
Exports,030561,HS1992:030561
Exports,030562,HS1992:030562
Exports,030563,HS1992:030563
Exports,030569,HS1992:030569
Exports,030611,HS1992:030611
Exports,030612,HS1992:030612
Exports,030613,HS1992:030613
Exports,030614,HS1992:030614
Exports,030619,HS1992:030619
Exports,030621,HS1992:030621
Exports,030622,HS1992:030622
Exports,030623,HS1992:030623
Exports,030624,HS1992:030624
Exports,030629,HS1992:030629
Exports,030710,HS1992:030710
Exports,030721,HS1992:030721
Exports,030729,HS1992:030729
Exports,030731,HS1992:030731
Exports,030739,HS1992:030739
Exports,030741,HS1992:030741
Exports,030749,HS1992:030749
Exports,030751,HS1992:030751
Exports,030759,HS1992:030759
Exports,030760,HS1992:030760
Exports,030791,HS1992:030791
Exports,030799,HS1992:030799
Exports,040110,HS1992:040110
Exports,040120,HS1992:040120
Exports,040130,HS1992:040130
Exports,040210,HS1992:040210
Exports,040221,HS1992:040221
Exports,040229,HS1992:040229
Exports,040291,HS1992:040291
Exports,040299,HS1992:040299
Exports,040310,HS1992:040310
Exports,040390,HS1992:040390
Exports,040410,HS1992:040410
Exports,040490,HS1992:040490
Exports,040500,HS1992:040500
Exports,040610,HS1992:040610
Exports,040620,HS1992:040620
Exports,040630,HS1992:040630
Exports,040640,HS1992:040640
Exports,040690,HS1992:040690
Exports,040700,HS1992:040700
Exports,040811,HS1992:040811
Exports,040819,HS1992:040819
Exports,040891,HS1992:040891
Exports,040899,HS1992:040899
Exports,040900,HS1992:040900
Exports,041000,HS1992:041000
Exports,050100,HS1992:050100
Exports,050210,HS1992:050210
Exports,050290,HS1992:050290
Exports,050300,HS1992:050300
Exports,050400,HS1992:050400
Exports,050510,HS1992:050510
Exports,050590,HS1992:050590
Exports,050610,HS1992:050610
Exports,050690,HS1992:050690
Exports,050710,HS1992:050710
Exports,050790,HS1992:050790
Exports,050800,HS1992:050800
Exports,050900,HS1992:050900
Exports,051000,HS1992:051000
Exports,051110,HS1992:051110
Exports,051191,HS1992:051191
Exports,051199,HS1992:051199
Exports,060110,HS1992:060110
Exports,060120,HS1992:060120
Exports,060210,HS1992:060210
Exports,060220,HS1992:060220
Exports,060230,HS1992:060230
Exports,060240,HS1992:060240
Exports,060291,HS1992:060291
Exports,060299,HS1992:060299
Exports,060310,HS1992:060310
Exports,060390,HS1992:060390
Exports,060410,HS1992:060410
Exports,060491,HS1992:060491
Exports,060499,HS1992:060499
Exports,070110,HS1992:070110
Exports,070190,HS1992:070190
Exports,070200,HS1992:070200
Exports,070310,HS1992:070310
Exports,070320,HS1992:070320
Exports,070390,HS1992:070390
Exports,070410,HS1992:070410
Exports,070420,HS1992:070420
Exports,070490,HS1992:070490
Exports,070511,HS1992:070511
Exports,070519,HS1992:070519
Exports,070521,HS1992:070521
Exports,070529,HS1992:070529
Exports,070610,HS1992:070610
Exports,070690,HS1992:070690
Exports,070700,HS1992:070700
Exports,070810,HS1992:070810
Exports,070820,HS1992:070820
Exports,070890,HS1992:070890
Exports,070910,HS1992:070910
Exports,070920,HS1992:070920
Exports,070930,HS1992:070930
Exports,070940,HS1992:070940
Exports,070951,HS1992:070951
Exports,070952,HS1992:070952
Exports,070960,HS1992:070960
Exports,070970,HS1992:070970
Exports,070990,HS1992:070990
Exports,071010,HS1992:071010
Exports,071021,HS1992:071021
Exports,071022,HS1992:071022
Exports,071029,HS1992:071029
Exports,071030,HS1992:071030
Exports,071040,HS1992:071040
Exports,071080,HS1992:071080
Exports,071090,HS1992:071090
Exports,071110,HS1992:071110
Exports,071120,HS1992:071120
Exports,071130,HS1992:071130
Exports,071140,HS1992:071140
Exports,071190,HS1992:071190
Exports,071210,HS1992:071210
Exports,071220,HS1992:071220
Exports,071230,HS1992:071230
Exports,071290,HS1992:071290
Exports,071310,HS1992:071310
Exports,071320,HS1992:071320
Exports,071331,HS1992:071331
Exports,071332,HS1992:071332
Exports,071333,HS1992:071333
Exports,071339,HS1992:071339
Exports,071340,HS1992:071340
Exports,071350,HS1992:071350
Exports,071390,HS1992:071390
Exports,071410,HS1992:071410
Exports,071420,HS1992:071420
Exports,071490,HS1992:071490
Exports,080110,HS1992:080110
Exports,080120,HS1992:080120
Exports,080130,HS1992:080130
Exports,080211,HS1992:080211
Exports,080212,HS1992:080212
Exports,080221,HS1992:080221
Exports,080222,HS1992:080222
Exports,080231,HS1992:080231
Exports,080232,HS1992:080232
Exports,080240,HS1992:080240
Exports,080250,HS1992:080250
Exports,080290,HS1992:080290
Exports,080300,HS1992:080300
Exports,080410,HS1992:080410
Exports,080420,HS1992:080420
Exports,080430,HS1992:080430
Exports,080440,HS1992:080440
Exports,080450,HS1992:080450
Exports,080510,HS1992:080510
Exports,080520,HS1992:080520
Exports,080530,HS1992:080530
Exports,080540,HS1992:080540
Exports,080590,HS1992:080590
Exports,080610,HS1992:080610
Exports,080620,HS1992:080620
Exports,080710,HS1992:080710
Exports,080720,HS1992:080720
Exports,080810,HS1992:080810
Exports,080820,HS1992:080820
Exports,080910,HS1992:080910
Exports,080920,HS1992:080920
Exports,080930,HS1992:080930
Exports,080940,HS1992:080940
Exports,081010,HS1992:081010
Exports,081020,HS1992:081020
Exports,081030,HS1992:081030
Exports,081040,HS1992:081040
Exports,081090,HS1992:081090
Exports,081110,HS1992:081110
Exports,081120,HS1992:081120
Exports,081190,HS1992:081190
Exports,081210,HS1992:081210
Exports,081220,HS1992:081220
Exports,081290,HS1992:081290
Exports,081310,HS1992:081310
Exports,081320,HS1992:081320
Exports,081330,HS1992:081330
Exports,081340,HS1992:081340
Exports,081350,HS1992:081350
Exports,081400,HS1992:081400
Exports,090111,HS1992:090111
Exports,090112,HS1992:090112
Exports,090121,HS1992:090121
Exports,090122,HS1992:090122
Exports,090130,HS1992:090130
Exports,090140,HS1992:090140
Exports,090210,HS1992:090210
Exports,090220,HS1992:090220
Exports,090230,HS1992:090230
Exports,090240,HS1992:090240
Exports,090300,HS1992:090300
Exports,090411,HS1992:090411
Exports,090412,HS1992:090412
Exports,090420,HS1992:090420
Exports,090500,HS1992:090500
Exports,090610,HS1992:090610
Exports,090620,HS1992:090620
Exports,090700,HS1992:090700
Exports,090810,HS1992:090810
Exports,090820,HS1992:090820
Exports,090830,HS1992:090830
Exports,090910,HS1992:090910
Exports,090920,HS1992:090920
Exports,090930,HS1992:090930
Exports,090940,HS1992:090940
Exports,090950,HS1992:090950
Exports,091010,HS1992:091010
Exports,091020,HS1992:091020
Exports,091030,HS1992:091030
Exports,091040,HS1992:091040
Exports,091050,HS1992:091050
Exports,091091,HS1992:091091
Exports,091099,HS1992:091099
Exports,100110,HS1992:100110
Exports,100190,HS1992:100190
Exports,100200,HS1992:100200
Exports,100300,HS1992:100300
Exports,100400,HS1992:100400
Exports,100510,HS1992:100510
Exports,100590,HS1992:100590
Exports,100610,HS1992:100610
Exports,100620,HS1992:100620
Exports,100630,HS1992:100630
Exports,100640,HS1992:100640
Exports,100700,HS1992:100700
Exports,100810,HS1992:100810
Exports,100820,HS1992:100820
Exports,100830,HS1992:100830
Exports,100890,HS1992:100890
Exports,110100,HS1992:110100
Exports,110210,HS1992:110210
Exports,110220,HS1992:110220
Exports,110230,HS1992:110230
Exports,110290,HS1992:110290
Exports,110311,HS1992:110311
Exports,110312,HS1992:110312
Exports,110313,HS1992:110313
Exports,110314,HS1992:110314
Exports,110319,HS1992:110319
Exports,110321,HS1992:110321
Exports,110329,HS1992:110329
Exports,110411,HS1992:110411
Exports,110412,HS1992:110412
Exports,110419,HS1992:110419
Exports,110421,HS1992:110421
Exports,110422,HS1992:110422
Exports,110423,HS1992:110423
Exports,110429,HS1992:110429
Exports,110430,HS1992:110430
Exports,110510,HS1992:110510
Exports,110520,HS1992:110520
Exports,110610,HS1992:110610
Exports,110620,HS1992:110620
Exports,110630,HS1992:110630
Exports,110710,HS1992:110710
Exports,110720,HS1992:110720
Exports,110811,HS1992:110811
Exports,110812,HS1992:110812
Exports,110813,HS1992:110813
Exports,110814,HS1992:110814
Exports,110819,HS1992:110819
Exports,110820,HS1992:110820
Exports,110900,HS1992:110900
Exports,120100,HS1992:120100
Exports,120210,HS1992:120210
Exports,120220,HS1992:120220
Exports,120300,HS1992:120300
Exports,120400,HS1992:120400
Exports,120500,HS1992:120500
Exports,120600,HS1992:120600
Exports,120720,HS1992:120720
Exports,120740,HS1992:120740
Exports,120750,HS1992:120750
Exports,120791,HS1992:120791
Exports,120810,HS1992:120810
Exports,120890,HS1992:120890
Exports,120911,HS1992:120911
Exports,120919,HS1992:120919
Exports,120921,HS1992:120921
Exports,120922,HS1992:120922
Exports,120923,HS1992:120923
Exports,120924,HS1992:120924
Exports,120925,HS1992:120925
Exports,120926,HS1992:120926
Exports,120929,HS1992:120929
Exports,120930,HS1992:120930
Exports,120991,HS1992:120991
Exports,120999,HS1992:120999
Exports,121010,HS1992:121010
Exports,121020,HS1992:121020
Exports,121110,HS1992:121110
Exports,121120,HS1992:121120
Exports,121190,HS1992:121190
Exports,121210,HS1992:121210
Exports,121220,HS1992:121220
Exports,121230,HS1992:121230
Exports,121291,HS1992:121291
Exports,121292,HS1992:121292
Exports,121299,HS1992:121299
Exports,121300,HS1992:121300
Exports,121410,HS1992:121410
Exports,121490,HS1992:121490
Exports,130110,HS1992:130110
Exports,130120,HS1992:130120
Exports,130190,HS1992:130190
Exports,130211,HS1992:130211
Exports,130212,HS1992:130212
Exports,130213,HS1992:130213
Exports,130214,HS1992:130214
Exports,130219,HS1992:130219
Exports,130220,HS1992:130220
Exports,130231,HS1992:130231
Exports,130232,HS1992:130232
Exports,130239,HS1992:130239
Exports,140110,HS1992:140110
Exports,140120,HS1992:140120
Exports,140190,HS1992:140190
Exports,140210,HS1992:140210
Exports,140291,HS1992:140291
Exports,140299,HS1992:140299
Exports,140310,HS1992:140310
Exports,140390,HS1992:140390
Exports,140410,HS1992:140410
Exports,140420,HS1992:140420
Exports,140490,HS1992:140490
Exports,150100,HS1992:150100
Exports,150200,HS1992:150200
Exports,150300,HS1992:150300
Exports,150410,HS1992:150410
Exports,150420,HS1992:150420
Exports,150430,HS1992:150430
Exports,150510,HS1992:150510
Exports,150590,HS1992:150590
Exports,150600,HS1992:150600
Exports,150710,HS1992:150710
Exports,150790,HS1992:150790
Exports,150810,HS1992:150810
Exports,150890,HS1992:150890
Exports,150910,HS1992:150910
Exports,150990,HS1992:150990
Exports,151000,HS1992:151000
Exports,151110,HS1992:151110
Exports,151190,HS1992:151190
Exports,151211,HS1992:151211
Exports,151219,HS1992:151219
Exports,151221,HS1992:151221
Exports,151229,HS1992:151229
Exports,151311,HS1992:151311
Exports,151319,HS1992:151319
Exports,151321,HS1992:151321
Exports,151329,HS1992:151329
Exports,151410,HS1992:151410
Exports,151490,HS1992:151490
Exports,151511,HS1992:151511
Exports,151519,HS1992:151519
Exports,151521,HS1992:151521
Exports,151529,HS1992:151529
Exports,151530,HS1992:151530
Exports,151540,HS1992:151540
Exports,151550,HS1992:151550
Exports,151560,HS1992:151560
Exports,151590,HS1992:151590
Exports,151610,HS1992:151610
Exports,151620,HS1992:151620
Exports,151710,HS1992:151710
Exports,151790,HS1992:151790
Exports,151800,HS1992:151800
Exports,151911,HS1992:151911
Exports,151912,HS1992:151912
Exports,151913,HS1992:151913
Exports,151919,HS1992:151919
Exports,151920,HS1992:151920
Exports,151930,HS1992:151930
Exports,152010,HS1992:152010
Exports,152090,HS1992:152090
Exports,152110,HS1992:152110
Exports,152190,HS1992:152190
Exports,152200,HS1992:152200
Exports,160100,HS1992:160100
Exports,160210,HS1992:160210
Exports,160220,HS1992:160220
Exports,160231,HS1992:160231
Exports,160239,HS1992:160239
Exports,160241,HS1992:160241
Exports,160242,HS1992:160242
Exports,160249,HS1992:160249
Exports,160250,HS1992:160250
Exports,160290,HS1992:160290
Exports,160300,HS1992:160300
Exports,160411,HS1992:160411
Exports,160412,HS1992:160412
Exports,160413,HS1992:160413
Exports,160414,HS1992:160414
Exports,160415,HS1992:160415
Exports,160416,HS1992:160416
Exports,160419,HS1992:160419
Exports,160420,HS1992:160420
Exports,160430,HS1992:160430
Exports,160510,HS1992:160510
Exports,160520,HS1992:160520
Exports,160530,HS1992:160530
Exports,160540,HS1992:160540
Exports,160590,HS1992:160590
Exports,170111,HS1992:170111
Exports,170112,HS1992:170112
Exports,170191,HS1992:170191
Exports,170199,HS1992:170199
Exports,170210,HS1992:170210
Exports,170220,HS1992:170220
Exports,170230,HS1992:170230
Exports,170240,HS1992:170240
Exports,170250,HS1992:170250
Exports,170260,HS1992:170260
Exports,170290,HS1992:170290
Exports,170310,HS1992:170310
Exports,170390,HS1992:170390
Exports,170410,HS1992:170410
Exports,170490,HS1992:170490
Exports,180100,HS1992:180100
Exports,180200,HS1992:180200
Exports,180310,HS1992:180310
Exports,180320,HS1992:180320
Exports,180400,HS1992:180400
Exports,180500,HS1992:180500
Exports,180610,HS1992:180610
Exports,180620,HS1992:180620
Exports,180631,HS1992:180631
Exports,180632,HS1992:180632
Exports,180690,HS1992:180690
Exports,190110,HS1992:190110
Exports,190120,HS1992:190120
Exports,190190,HS1992:190190
Exports,190211,HS1992:190211
Exports,190219,HS1992:190219
Exports,190220,HS1992:190220
Exports,190230,HS1992:190230
Exports,190240,HS1992:190240
Exports,190300,HS1992:190300
Exports,190410,HS1992:190410
Exports,190490,HS1992:190490
Exports,190510,HS1992:190510
Exports,190520,HS1992:190520
Exports,190530,HS1992:190530
Exports,190540,HS1992:190540
Exports,190590,HS1992:190590
Exports,200110,HS1992:200110
Exports,200120,HS1992:200120
Exports,200190,HS1992:200190
Exports,200210,HS1992:200210
Exports,200290,HS1992:200290
Exports,200310,HS1992:200310
Exports,200320,HS1992:200320
Exports,200410,HS1992:200410
Exports,200490,HS1992:200490
Exports,200510,HS1992:200510
Exports,200520,HS1992:200520
Exports,200530,HS1992:200530
Exports,200540,HS1992:200540
Exports,200551,HS1992:200551
Exports,200559,HS1992:200559
Exports,200560,HS1992:200560
Exports,200570,HS1992:200570
Exports,200580,HS1992:200580
Exports,200590,HS1992:200590
Exports,200600,HS1992:200600
Exports,200710,HS1992:200710
Exports,200791,HS1992:200791
Exports,200799,HS1992:200799
Exports,200811,HS1992:200811
Exports,200819,HS1992:200819
Exports,200820,HS1992:200820
Exports,200830,HS1992:200830
Exports,200840,HS1992:200840
Exports,200850,HS1992:200850
Exports,200860,HS1992:200860
Exports,200870,HS1992:200870
Exports,200880,HS1992:200880
Exports,200891,HS1992:200891
Exports,200892,HS1992:200892
Exports,200899,HS1992:200899
Exports,200911,HS1992:200911
Exports,200919,HS1992:200919
Exports,200920,HS1992:200920
Exports,200930,HS1992:200930
Exports,200940,HS1992:200940
Exports,200950,HS1992:200950
Exports,200960,HS1992:200960
Exports,200970,HS1992:200970
Exports,200980,HS1992:200980
Exports,200990,HS1992:200990
Exports,210110,HS1992:210110
Exports,210120,HS1992:210120
Exports,210130,HS1992:210130
Exports,210210,HS1992:210210
Exports,210220,HS1992:210220
Exports,210230,HS1992:210230
Exports,210310,HS1992:210310
Exports,210320,HS1992:210320
Exports,210330,HS1992:210330
Exports,210390,HS1992:210390
Exports,210410,HS1992:210410
Exports,210420,HS1992:210420
Exports,210500,HS1992:210500
Exports,210610,HS1992:210610
Exports,210690,HS1992:210690
Exports,220110,HS1992:220110
Exports,220190,HS1992:220190
Exports,220210,HS1992:220210
Exports,220290,HS1992:220290
Exports,220300,HS1992:220300
Exports,220410,HS1992:220410
Exports,220421,HS1992:220421
Exports,220429,HS1992:220429
Exports,220430,HS1992:220430
Exports,220510,HS1992:220510
Exports,220590,HS1992:220590
Exports,220600,HS1992:220600
Exports,220710,HS1992:220710
Exports,220720,HS1992:220720
Exports,220810,HS1992:220810
Exports,220820,HS1992:220820
Exports,220830,HS1992:220830
Exports,220840,HS1992:220840
Exports,220850,HS1992:220850
Exports,220890,HS1992:220890
Exports,220900,HS1992:220900
Exports,230110,HS1992:230110
Exports,230120,HS1992:230120
Exports,230210,HS1992:230210
Exports,230220,HS1992:230220
Exports,230230,HS1992:230230
Exports,230240,HS1992:230240
Exports,230250,HS1992:230250
Exports,230310,HS1992:230310
Exports,230320,HS1992:230320
Exports,230330,HS1992:230330
Exports,230400,HS1992:230400
Exports,230500,HS1992:230500
Exports,230610,HS1992:230610
Exports,230620,HS1992:230620
Exports,230630,HS1992:230630
Exports,230640,HS1992:230640
Exports,230650,HS1992:230650
Exports,230660,HS1992:230660
Exports,230690,HS1992:230690
Exports,230700,HS1992:230700
Exports,230810,HS1992:230810
Exports,230890,HS1992:230890
Exports,230910,HS1992:230910
Exports,230990,HS1992:230990
Exports,240110,HS1992:240110
Exports,240120,HS1992:240120
Exports,240130,HS1992:240130
Exports,240210,HS1992:240210
Exports,240220,HS1992:240220
Exports,240290,HS1992:240290
Exports,240310,HS1992:240310
Exports,240391,HS1992:240391
Exports,240399,HS1992:240399
Exports,250100,HS1992:250100
Exports,250200,HS1992:250200
Exports,250310,HS1992:250310
Exports,250390,HS1992:250390
Exports,250410,HS1992:250410
Exports,250490,HS1992:250490
Exports,250510,HS1992:250510
Exports,250590,HS1992:250590
Exports,250610,HS1992:250610
Exports,250621,HS1992:250621
Exports,250629,HS1992:250629
Exports,250700,HS1992:250700
Exports,250810,HS1992:250810
Exports,250820,HS1992:250820
Exports,250830,HS1992:250830
Exports,250840,HS1992:250840
Exports,250850,HS1992:250850
Exports,250860,HS1992:250860
Exports,250870,HS1992:250870
Exports,250900,HS1992:250900
Exports,251010,HS1992:251010
Exports,251020,HS1992:251020
Exports,251110,HS1992:251110
Exports,251120,HS1992:251120
Exports,251200,HS1992:251200
Exports,251311,HS1992:251311
Exports,251319,HS1992:251319
Exports,251321,HS1992:251321
Exports,251329,HS1992:251329
Exports,251400,HS1992:251400
Exports,251511,HS1992:251511
Exports,251512,HS1992:251512
Exports,251520,HS1992:251520
Exports,251611,HS1992:251611
Exports,251612,HS1992:251612
Exports,251621,HS1992:251621
Exports,251622,HS1992:251622
Exports,251690,HS1992:251690
Exports,251710,HS1992:251710
Exports,251720,HS1992:251720
Exports,251730,HS1992:251730
Exports,251741,HS1992:251741
Exports,251749,HS1992:251749
Exports,251810,HS1992:251810
Exports,251820,HS1992:251820
Exports,251830,HS1992:251830
Exports,251910,HS1992:251910
Exports,251990,HS1992:251990
Exports,252010,HS1992:252010
Exports,252020,HS1992:252020
Exports,252100,HS1992:252100
Exports,252210,HS1992:252210
Exports,252220,HS1992:252220
Exports,252230,HS1992:252230
Exports,252310,HS1992:252310
Exports,252321,HS1992:252321
Exports,252329,HS1992:252329
Exports,252330,HS1992:252330
Exports,252390,HS1992:252390
Exports,252400,HS1992:252400
Exports,252510,HS1992:252510
Exports,252520,HS1992:252520
Exports,252530,HS1992:252530
Exports,252610,HS1992:252610
Exports,252620,HS1992:252620
Exports,252700,HS1992:252700
Exports,252810,HS1992:252810
Exports,252890,HS1992:252890
Exports,252910,HS1992:252910
Exports,252921,HS1992:252921
Exports,252922,HS1992:252922
Exports,252930,HS1992:252930
Exports,253010,HS1992:253010
Exports,253020,HS1992:253020
Exports,253030,HS1992:253030
Exports,253040,HS1992:253040
Exports,253090,HS1992:253090
Exports,260111,HS1992:260111
Exports,260112,HS1992:260112
Exports,260120,HS1992:260120
Exports,260200,HS1992:260200
Exports,260300,HS1992:260300
Exports,260400,HS1992:260400
Exports,260500,HS1992:260500
Exports,260600,HS1992:260600
Exports,260700,HS1992:260700
Exports,260800,HS1992:260800
Exports,260900,HS1992:260900
Exports,261000,HS1992:261000
Exports,261100,HS1992:261100
Exports,261210,HS1992:261210
Exports,261220,HS1992:261220
Exports,261310,HS1992:261310
Exports,261390,HS1992:261390
Exports,261400,HS1992:261400
Exports,261510,HS1992:261510
Exports,261590,HS1992:261590
Exports,261610,HS1992:261610
Exports,261690,HS1992:261690
Exports,261710,HS1992:261710
Exports,261790,HS1992:261790
Exports,261800,HS1992:261800
Exports,261900,HS1992:261900
Exports,262011,HS1992:262011
Exports,262019,HS1992:262019
Exports,262020,HS1992:262020
Exports,262030,HS1992:262030
Exports,262040,HS1992:262040
Exports,262050,HS1992:262050
Exports,262090,HS1992:262090
Exports,262100,HS1992:262100
Exports,270600,HS1992:270600
Exports,270710,HS1992:270710
Exports,270720,HS1992:270720
Exports,270730,HS1992:270730
Exports,270740,HS1992:270740
Exports,270750,HS1992:270750
Exports,270760,HS1992:270760
Exports,270791,HS1992:270791
Exports,270799,HS1992:270799
Exports,270810,HS1992:270810
Exports,270820,HS1992:270820
Exports,271000,HS1992:271000
Exports,271011,HS1992:271011
Exports,271019,HS1992:271019
Exports,271021,HS1992:271021
Exports,271025,HS1992:271025
Exports,271026,HS1992:271026
Exports,271029,HS1992:271029
Exports,271210,HS1992:271210
Exports,271220,HS1992:271220
Exports,271290,HS1992:271290
Exports,271311,HS1992:271311
Exports,271312,HS1992:271312
Exports,271320,HS1992:271320
Exports,271390,HS1992:271390
Exports,271410,HS1992:271410
Exports,271490,HS1992:271490
Exports,271500,HS1992:271500
Exports,280110,HS1992:280110
Exports,280120,HS1992:280120
Exports,280130,HS1992:280130
Exports,280200,HS1992:280200
Exports,280300,HS1992:280300
Exports,280410,HS1992:280410
Exports,280421,HS1992:280421
Exports,280429,HS1992:280429
Exports,280430,HS1992:280430
Exports,280440,HS1992:280440
Exports,280450,HS1992:280450
Exports,280461,HS1992:280461
Exports,280469,HS1992:280469
Exports,280470,HS1992:280470
Exports,280480,HS1992:280480
Exports,280490,HS1992:280490
Exports,280511,HS1992:280511
Exports,280519,HS1992:280519
Exports,280521,HS1992:280521
Exports,280522,HS1992:280522
Exports,280530,HS1992:280530
Exports,280540,HS1992:280540
Exports,280610,HS1992:280610
Exports,280620,HS1992:280620
Exports,280700,HS1992:280700
Exports,280800,HS1992:280800
Exports,280910,HS1992:280910
Exports,280920,HS1992:280920
Exports,281000,HS1992:281000
Exports,281111,HS1992:281111
Exports,281119,HS1992:281119
Exports,281121,HS1992:281121
Exports,281122,HS1992:281122
Exports,281123,HS1992:281123
Exports,281129,HS1992:281129
Exports,281210,HS1992:281210
Exports,281290,HS1992:281290
Exports,281310,HS1992:281310
Exports,281390,HS1992:281390
Exports,281410,HS1992:281410
Exports,281420,HS1992:281420
Exports,281511,HS1992:281511
Exports,281512,HS1992:281512
Exports,281520,HS1992:281520
Exports,281530,HS1992:281530
Exports,281610,HS1992:281610
Exports,281620,HS1992:281620
Exports,281630,HS1992:281630
Exports,281700,HS1992:281700
Exports,281810,HS1992:281810
Exports,281820,HS1992:281820
Exports,281830,HS1992:281830
Exports,281910,HS1992:281910
Exports,281990,HS1992:281990
Exports,282010,HS1992:282010
Exports,282090,HS1992:282090
Exports,282110,HS1992:282110
Exports,282120,HS1992:282120
Exports,282200,HS1992:282200
Exports,282300,HS1992:282300
Exports,282410,HS1992:282410
Exports,282420,HS1992:282420
Exports,282490,HS1992:282490
Exports,282510,HS1992:282510
Exports,282520,HS1992:282520
Exports,282530,HS1992:282530
Exports,282540,HS1992:282540
Exports,282550,HS1992:282550
Exports,282560,HS1992:282560
Exports,282570,HS1992:282570
Exports,282580,HS1992:282580
Exports,282590,HS1992:282590
Exports,282611,HS1992:282611
Exports,282612,HS1992:282612
Exports,282619,HS1992:282619
Exports,282620,HS1992:282620
Exports,282630,HS1992:282630
Exports,282690,HS1992:282690
Exports,282710,HS1992:282710
Exports,282720,HS1992:282720
Exports,282731,HS1992:282731
Exports,282732,HS1992:282732
Exports,282733,HS1992:282733
Exports,282734,HS1992:282734
Exports,282735,HS1992:282735
Exports,282736,HS1992:282736
Exports,282737,HS1992:282737
Exports,282738,HS1992:282738
Exports,282739,HS1992:282739
Exports,282741,HS1992:282741
Exports,282749,HS1992:282749
Exports,282751,HS1992:282751
Exports,282759,HS1992:282759
Exports,282760,HS1992:282760
Exports,282810,HS1992:282810
Exports,282890,HS1992:282890
Exports,282911,HS1992:282911
Exports,282919,HS1992:282919
Exports,282990,HS1992:282990
Exports,283010,HS1992:283010
Exports,283020,HS1992:283020
Exports,283030,HS1992:283030
Exports,283090,HS1992:283090
Exports,283110,HS1992:283110
Exports,283190,HS1992:283190
Exports,283210,HS1992:283210
Exports,283220,HS1992:283220
Exports,283230,HS1992:283230
Exports,283311,HS1992:283311
Exports,283319,HS1992:283319
Exports,283321,HS1992:283321
Exports,283322,HS1992:283322
Exports,283323,HS1992:283323
Exports,283324,HS1992:283324
Exports,283325,HS1992:283325
Exports,283326,HS1992:283326
Exports,283327,HS1992:283327
Exports,283329,HS1992:283329
Exports,283330,HS1992:283330
Exports,283340,HS1992:283340
Exports,283410,HS1992:283410
Exports,283421,HS1992:283421
Exports,283422,HS1992:283422
Exports,283429,HS1992:283429
Exports,283510,HS1992:283510
Exports,283521,HS1992:283521
Exports,283522,HS1992:283522
Exports,283523,HS1992:283523
Exports,283524,HS1992:283524
Exports,283525,HS1992:283525
Exports,283526,HS1992:283526
Exports,283529,HS1992:283529
Exports,283531,HS1992:283531
Exports,283539,HS1992:283539
Exports,283610,HS1992:283610
Exports,283620,HS1992:283620
Exports,283630,HS1992:283630
Exports,283640,HS1992:283640
Exports,283650,HS1992:283650
Exports,283660,HS1992:283660
Exports,283670,HS1992:283670
Exports,283691,HS1992:283691
Exports,283692,HS1992:283692
Exports,283693,HS1992:283693
Exports,283699,HS1992:283699
Exports,283711,HS1992:283711
Exports,283719,HS1992:283719
Exports,283720,HS1992:283720
Exports,283800,HS1992:283800
Exports,283911,HS1992:283911
Exports,283919,HS1992:283919
Exports,283920,HS1992:283920
Exports,283990,HS1992:283990
Exports,284011,HS1992:284011
Exports,284019,HS1992:284019
Exports,284020,HS1992:284020
Exports,284030,HS1992:284030
Exports,284110,HS1992:284110
Exports,284120,HS1992:284120
Exports,284130,HS1992:284130
Exports,284140,HS1992:284140
Exports,284150,HS1992:284150
Exports,284160,HS1992:284160
Exports,284170,HS1992:284170
Exports,284180,HS1992:284180
Exports,284190,HS1992:284190
Exports,284210,HS1992:284210
Exports,284290,HS1992:284290
Exports,284310,HS1992:284310
Exports,284321,HS1992:284321
Exports,284329,HS1992:284329
Exports,284330,HS1992:284330
Exports,284390,HS1992:284390
Exports,284410,HS1992:284410
Exports,284420,HS1992:284420
Exports,284430,HS1992:284430
Exports,284440,HS1992:284440
Exports,284450,HS1992:284450
Exports,284510,HS1992:284510
Exports,284590,HS1992:284590
Exports,284610,HS1992:284610
Exports,284690,HS1992:284690
Exports,284700,HS1992:284700
Exports,284810,HS1992:284810
Exports,284890,HS1992:284890
Exports,284910,HS1992:284910
Exports,284920,HS1992:284920
Exports,284990,HS1992:284990
Exports,285000,HS1992:285000
Exports,285100,HS1992:285100
Exports,290110,HS1992:290110
Exports,290121,HS1992:290121
Exports,290122,HS1992:290122
Exports,290123,HS1992:290123
Exports,290124,HS1992:290124
Exports,290129,HS1992:290129
Exports,290211,HS1992:290211
Exports,290219,HS1992:290219
Exports,290220,HS1992:290220
Exports,290230,HS1992:290230
Exports,290241,HS1992:290241
Exports,290242,HS1992:290242
Exports,290243,HS1992:290243
Exports,290244,HS1992:290244
Exports,290250,HS1992:290250
Exports,290260,HS1992:290260
Exports,290270,HS1992:290270
Exports,290290,HS1992:290290
Exports,290311,HS1992:290311
Exports,290312,HS1992:290312
Exports,290313,HS1992:290313
Exports,290314,HS1992:290314
Exports,290315,HS1992:290315
Exports,290316,HS1992:290316
Exports,290319,HS1992:290319
Exports,290321,HS1992:290321
Exports,290322,HS1992:290322
Exports,290323,HS1992:290323
Exports,290329,HS1992:290329
Exports,290330,HS1992:290330
Exports,290340,HS1992:290340
Exports,290351,HS1992:290351
Exports,290359,HS1992:290359
Exports,290361,HS1992:290361
Exports,290362,HS1992:290362
Exports,290369,HS1992:290369
Exports,290410,HS1992:290410
Exports,290420,HS1992:290420
Exports,290490,HS1992:290490
Exports,290511,HS1992:290511
Exports,290512,HS1992:290512
Exports,290513,HS1992:290513
Exports,290514,HS1992:290514
Exports,290515,HS1992:290515
Exports,290516,HS1992:290516
Exports,290517,HS1992:290517
Exports,290519,HS1992:290519
Exports,290521,HS1992:290521
Exports,290522,HS1992:290522
Exports,290529,HS1992:290529
Exports,290531,HS1992:290531
Exports,290532,HS1992:290532
Exports,290539,HS1992:290539
Exports,290541,HS1992:290541
Exports,290542,HS1992:290542
Exports,290543,HS1992:290543
Exports,290544,HS1992:290544
Exports,290549,HS1992:290549
Exports,290550,HS1992:290550
Exports,290611,HS1992:290611
Exports,290612,HS1992:290612
Exports,290613,HS1992:290613
Exports,290614,HS1992:290614
Exports,290619,HS1992:290619
Exports,290621,HS1992:290621
Exports,290629,HS1992:290629
Exports,290711,HS1992:290711
Exports,290712,HS1992:290712
Exports,290713,HS1992:290713
Exports,290714,HS1992:290714
Exports,290715,HS1992:290715
Exports,290719,HS1992:290719
Exports,290721,HS1992:290721
Exports,290722,HS1992:290722
Exports,290723,HS1992:290723
Exports,290729,HS1992:290729
Exports,290730,HS1992:290730
Exports,290810,HS1992:290810
Exports,290820,HS1992:290820
Exports,290890,HS1992:290890
Exports,290911,HS1992:290911
Exports,290919,HS1992:290919
Exports,290920,HS1992:290920
Exports,290930,HS1992:290930
Exports,290941,HS1992:290941
Exports,290942,HS1992:290942
Exports,290943,HS1992:290943
Exports,290944,HS1992:290944
Exports,290949,HS1992:290949
Exports,290950,HS1992:290950
Exports,290960,HS1992:290960
Exports,291010,HS1992:291010
Exports,291020,HS1992:291020
Exports,291030,HS1992:291030
Exports,291090,HS1992:291090
Exports,291100,HS1992:291100
Exports,291211,HS1992:291211
Exports,291212,HS1992:291212
Exports,291213,HS1992:291213
Exports,291219,HS1992:291219
Exports,291221,HS1992:291221
Exports,291229,HS1992:291229
Exports,291230,HS1992:291230
Exports,291241,HS1992:291241
Exports,291242,HS1992:291242
Exports,291249,HS1992:291249
Exports,291250,HS1992:291250
Exports,291260,HS1992:291260
Exports,291300,HS1992:291300
Exports,291411,HS1992:291411
Exports,291412,HS1992:291412
Exports,291413,HS1992:291413
Exports,291419,HS1992:291419
Exports,291421,HS1992:291421
Exports,291422,HS1992:291422
Exports,291423,HS1992:291423
Exports,291429,HS1992:291429
Exports,291430,HS1992:291430
Exports,291441,HS1992:291441
Exports,291449,HS1992:291449
Exports,291450,HS1992:291450
Exports,291461,HS1992:291461
Exports,291469,HS1992:291469
Exports,291470,HS1992:291470
Exports,291511,HS1992:291511
Exports,291512,HS1992:291512
Exports,291513,HS1992:291513
Exports,291521,HS1992:291521
Exports,291522,HS1992:291522
Exports,291523,HS1992:291523
Exports,291524,HS1992:291524
Exports,291529,HS1992:291529
Exports,291531,HS1992:291531
Exports,291532,HS1992:291532
Exports,291533,HS1992:291533
Exports,291534,HS1992:291534
Exports,291535,HS1992:291535
Exports,291539,HS1992:291539
Exports,291540,HS1992:291540
Exports,291550,HS1992:291550
Exports,291560,HS1992:291560
Exports,291570,HS1992:291570
Exports,291590,HS1992:291590
Exports,291611,HS1992:291611
Exports,291612,HS1992:291612
Exports,291613,HS1992:291613
Exports,291614,HS1992:291614
Exports,291615,HS1992:291615
Exports,291619,HS1992:291619
Exports,291620,HS1992:291620
Exports,291631,HS1992:291631
Exports,291632,HS1992:291632
Exports,291633,HS1992:291633
Exports,291639,HS1992:291639
Exports,291711,HS1992:291711
Exports,291712,HS1992:291712
Exports,291713,HS1992:291713
Exports,291714,HS1992:291714
Exports,291719,HS1992:291719
Exports,291720,HS1992:291720
Exports,291731,HS1992:291731
Exports,291732,HS1992:291732
Exports,291733,HS1992:291733
Exports,291734,HS1992:291734
Exports,291735,HS1992:291735
Exports,291736,HS1992:291736
Exports,291737,HS1992:291737
Exports,291739,HS1992:291739
Exports,291811,HS1992:291811
Exports,291812,HS1992:291812
Exports,291813,HS1992:291813
Exports,291814,HS1992:291814
Exports,291815,HS1992:291815
Exports,291816,HS1992:291816
Exports,291817,HS1992:291817
Exports,291819,HS1992:291819
Exports,291821,HS1992:291821
Exports,291822,HS1992:291822
Exports,291823,HS1992:291823
Exports,291829,HS1992:291829
Exports,291830,HS1992:291830
Exports,291890,HS1992:291890
Exports,291900,HS1992:291900
Exports,292010,HS1992:292010
Exports,292090,HS1992:292090
Exports,292111,HS1992:292111
Exports,292112,HS1992:292112
Exports,292119,HS1992:292119
Exports,292121,HS1992:292121
Exports,292122,HS1992:292122
Exports,292129,HS1992:292129
Exports,292130,HS1992:292130
Exports,292141,HS1992:292141
Exports,292142,HS1992:292142
Exports,292143,HS1992:292143
Exports,292144,HS1992:292144
Exports,292145,HS1992:292145
Exports,292149,HS1992:292149
Exports,292151,HS1992:292151
Exports,292159,HS1992:292159
Exports,292211,HS1992:292211
Exports,292212,HS1992:292212
Exports,292213,HS1992:292213
Exports,292219,HS1992:292219
Exports,292221,HS1992:292221
Exports,292222,HS1992:292222
Exports,292229,HS1992:292229
Exports,292230,HS1992:292230
Exports,292241,HS1992:292241
Exports,292242,HS1992:292242
Exports,292249,HS1992:292249
Exports,292250,HS1992:292250
Exports,292310,HS1992:292310
Exports,292320,HS1992:292320
Exports,292390,HS1992:292390
Exports,292410,HS1992:292410
Exports,292421,HS1992:292421
Exports,292429,HS1992:292429
Exports,292511,HS1992:292511
Exports,292519,HS1992:292519
Exports,292520,HS1992:292520
Exports,292610,HS1992:292610
Exports,292620,HS1992:292620
Exports,292690,HS1992:292690
Exports,292700,HS1992:292700
Exports,292800,HS1992:292800
Exports,292910,HS1992:292910
Exports,292990,HS1992:292990
Exports,293010,HS1992:293010
Exports,293020,HS1992:293020
Exports,293030,HS1992:293030
Exports,293040,HS1992:293040
Exports,293090,HS1992:293090
Exports,293100,HS1992:293100
Exports,293211,HS1992:293211
Exports,293212,HS1992:293212
Exports,293213,HS1992:293213
Exports,293219,HS1992:293219
Exports,293221,HS1992:293221
Exports,293229,HS1992:293229
Exports,293290,HS1992:293290
Exports,293311,HS1992:293311
Exports,293319,HS1992:293319
Exports,293321,HS1992:293321
Exports,293329,HS1992:293329
Exports,293331,HS1992:293331
Exports,293339,HS1992:293339
Exports,293340,HS1992:293340
Exports,293351,HS1992:293351
Exports,293359,HS1992:293359
Exports,293361,HS1992:293361
Exports,293369,HS1992:293369
Exports,293371,HS1992:293371
Exports,293379,HS1992:293379
Exports,293390,HS1992:293390
Exports,293410,HS1992:293410
Exports,293420,HS1992:293420
Exports,293430,HS1992:293430
Exports,293490,HS1992:293490
Exports,293500,HS1992:293500
Exports,293610,HS1992:293610
Exports,293621,HS1992:293621
Exports,293622,HS1992:293622
Exports,293623,HS1992:293623
Exports,293624,HS1992:293624
Exports,293625,HS1992:293625
Exports,293626,HS1992:293626
Exports,293627,HS1992:293627
Exports,293628,HS1992:293628
Exports,293629,HS1992:293629
Exports,293690,HS1992:293690
Exports,293710,HS1992:293710
Exports,293721,HS1992:293721
Exports,293722,HS1992:293722
Exports,293729,HS1992:293729
Exports,293791,HS1992:293791
Exports,293792,HS1992:293792
Exports,293799,HS1992:293799
Exports,293810,HS1992:293810
Exports,293890,HS1992:293890
Exports,293910,HS1992:293910
Exports,293921,HS1992:293921
Exports,293929,HS1992:293929
Exports,293930,HS1992:293930
Exports,293940,HS1992:293940
Exports,293950,HS1992:293950
Exports,293960,HS1992:293960
Exports,293970,HS1992:293970
Exports,293990,HS1992:293990
Exports,294000,HS1992:294000
Exports,294110,HS1992:294110
Exports,294120,HS1992:294120
Exports,294130,HS1992:294130
Exports,294140,HS1992:294140
Exports,294150,HS1992:294150
Exports,294190,HS1992:294190
Exports,294200,HS1992:294200
Exports,300110,HS1992:300110
Exports,300120,HS1992:300120
Exports,300190,HS1992:300190
Exports,300210,HS1992:300210
Exports,300220,HS1992:300220
Exports,300231,HS1992:300231
Exports,300239,HS1992:300239
Exports,300290,HS1992:300290
Exports,300310,HS1992:300310
Exports,300320,HS1992:300320
Exports,300331,HS1992:300331
Exports,300339,HS1992:300339
Exports,300340,HS1992:300340
Exports,300390,HS1992:300390
Exports,300410,HS1992:300410
Exports,300420,HS1992:300420
Exports,300431,HS1992:300431
Exports,300432,HS1992:300432
Exports,300439,HS1992:300439
Exports,300440,HS1992:300440
Exports,300450,HS1992:300450
Exports,300490,HS1992:300490
Exports,300510,HS1992:300510
Exports,300590,HS1992:300590
Exports,300610,HS1992:300610
Exports,300620,HS1992:300620
Exports,300630,HS1992:300630
Exports,300640,HS1992:300640
Exports,300650,HS1992:300650
Exports,300660,HS1992:300660
Exports,310100,HS1992:310100
Exports,310210,HS1992:310210
Exports,310221,HS1992:310221
Exports,310229,HS1992:310229
Exports,310230,HS1992:310230
Exports,310240,HS1992:310240
Exports,310250,HS1992:310250
Exports,310260,HS1992:310260
Exports,310270,HS1992:310270
Exports,310280,HS1992:310280
Exports,310290,HS1992:310290
Exports,310310,HS1992:310310
Exports,310320,HS1992:310320
Exports,310390,HS1992:310390
Exports,310420,HS1992:310420
Exports,310430,HS1992:310430
Exports,310510,HS1992:310510
Exports,310520,HS1992:310520
Exports,310530,HS1992:310530
Exports,310540,HS1992:310540
Exports,310551,HS1992:310551
Exports,310559,HS1992:310559
Exports,310560,HS1992:310560
Exports,310590,HS1992:310590
Exports,320110,HS1992:320110
Exports,320120,HS1992:320120
Exports,320130,HS1992:320130
Exports,320190,HS1992:320190
Exports,320210,HS1992:320210
Exports,320290,HS1992:320290
Exports,320300,HS1992:320300
Exports,320411,HS1992:320411
Exports,320412,HS1992:320412
Exports,320413,HS1992:320413
Exports,320414,HS1992:320414
Exports,320415,HS1992:320415
Exports,320416,HS1992:320416
Exports,320417,HS1992:320417
Exports,320419,HS1992:320419
Exports,320420,HS1992:320420
Exports,320490,HS1992:320490
Exports,320500,HS1992:320500
Exports,320610,HS1992:320610
Exports,320620,HS1992:320620
Exports,320630,HS1992:320630
Exports,320641,HS1992:320641
Exports,320642,HS1992:320642
Exports,320643,HS1992:320643
Exports,320649,HS1992:320649
Exports,320650,HS1992:320650
Exports,320710,HS1992:320710
Exports,320720,HS1992:320720
Exports,320730,HS1992:320730
Exports,320740,HS1992:320740
Exports,320810,HS1992:320810
Exports,320820,HS1992:320820
Exports,320890,HS1992:320890
Exports,320910,HS1992:320910
Exports,320990,HS1992:320990
Exports,321000,HS1992:321000
Exports,321100,HS1992:321100
Exports,321210,HS1992:321210
Exports,321290,HS1992:321290
Exports,321310,HS1992:321310
Exports,321390,HS1992:321390
Exports,321410,HS1992:321410
Exports,321490,HS1992:321490
Exports,321511,HS1992:321511
Exports,321519,HS1992:321519
Exports,321590,HS1992:321590
Exports,330111,HS1992:330111
Exports,330112,HS1992:330112
Exports,330113,HS1992:330113
Exports,330114,HS1992:330114
Exports,330119,HS1992:330119
Exports,330121,HS1992:330121
Exports,330122,HS1992:330122
Exports,330123,HS1992:330123
Exports,330124,HS1992:330124
Exports,330125,HS1992:330125
Exports,330126,HS1992:330126
Exports,330129,HS1992:330129
Exports,330130,HS1992:330130
Exports,330190,HS1992:330190
Exports,330210,HS1992:330210
Exports,330290,HS1992:330290
Exports,330300,HS1992:330300
Exports,330410,HS1992:330410
Exports,330420,HS1992:330420
Exports,330430,HS1992:330430
Exports,330491,HS1992:330491
Exports,330499,HS1992:330499
Exports,330510,HS1992:330510
Exports,330520,HS1992:330520
Exports,330530,HS1992:330530
Exports,330590,HS1992:330590
Exports,330610,HS1992:330610
Exports,330690,HS1992:330690
Exports,330710,HS1992:330710
Exports,330720,HS1992:330720
Exports,330730,HS1992:330730
Exports,330741,HS1992:330741
Exports,330749,HS1992:330749
Exports,330790,HS1992:330790
Exports,340111,HS1992:340111
Exports,340119,HS1992:340119
Exports,340120,HS1992:340120
Exports,340211,HS1992:340211
Exports,340212,HS1992:340212
Exports,340213,HS1992:340213
Exports,340219,HS1992:340219
Exports,340220,HS1992:340220
Exports,340290,HS1992:340290
Exports,340410,HS1992:340410
Exports,340420,HS1992:340420
Exports,340490,HS1992:340490
Exports,340510,HS1992:340510
Exports,340520,HS1992:340520
Exports,340530,HS1992:340530
Exports,340540,HS1992:340540
Exports,340590,HS1992:340590
Exports,340600,HS1992:340600
Exports,340700,HS1992:340700
Exports,350110,HS1992:350110
Exports,350190,HS1992:350190
Exports,350210,HS1992:350210
Exports,350290,HS1992:350290
Exports,350300,HS1992:350300
Exports,350400,HS1992:350400
Exports,350510,HS1992:350510
Exports,350520,HS1992:350520
Exports,350610,HS1992:350610
Exports,350691,HS1992:350691
Exports,350699,HS1992:350699
Exports,350710,HS1992:350710
Exports,350790,HS1992:350790
Exports,360100,HS1992:360100
Exports,360200,HS1992:360200
Exports,360300,HS1992:360300
Exports,360410,HS1992:360410
Exports,360490,HS1992:360490
Exports,360500,HS1992:360500
Exports,360610,HS1992:360610
Exports,360690,HS1992:360690
Exports,370110,HS1992:370110
Exports,370120,HS1992:370120
Exports,370130,HS1992:370130
Exports,370191,HS1992:370191
Exports,370199,HS1992:370199
Exports,370210,HS1992:370210
Exports,370220,HS1992:370220
Exports,370231,HS1992:370231
Exports,370232,HS1992:370232
Exports,370239,HS1992:370239
Exports,370241,HS1992:370241
Exports,370242,HS1992:370242
Exports,370243,HS1992:370243
Exports,370244,HS1992:370244
Exports,370251,HS1992:370251
Exports,370252,HS1992:370252
Exports,370253,HS1992:370253
Exports,370254,HS1992:370254
Exports,370255,HS1992:370255
Exports,370256,HS1992:370256
Exports,370291,HS1992:370291
Exports,370292,HS1992:370292
Exports,370293,HS1992:370293
Exports,370294,HS1992:370294
Exports,370295,HS1992:370295
Exports,370310,HS1992:370310
Exports,370320,HS1992:370320
Exports,370390,HS1992:370390
Exports,370400,HS1992:370400
Exports,370510,HS1992:370510
Exports,370520,HS1992:370520
Exports,370590,HS1992:370590
Exports,370610,HS1992:370610
Exports,370690,HS1992:370690
Exports,370710,HS1992:370710
Exports,370790,HS1992:370790
Exports,380110,HS1992:380110
Exports,380120,HS1992:380120
Exports,380130,HS1992:380130
Exports,380190,HS1992:380190
Exports,380210,HS1992:380210
Exports,380290,HS1992:380290
Exports,380300,HS1992:380300
Exports,380400,HS1992:380400
Exports,380510,HS1992:380510
Exports,380520,HS1992:380520
Exports,380590,HS1992:380590
Exports,380610,HS1992:380610
Exports,380620,HS1992:380620
Exports,380630,HS1992:380630
Exports,380690,HS1992:380690
Exports,380700,HS1992:380700
Exports,380810,HS1992:380810
Exports,380820,HS1992:380820
Exports,380830,HS1992:380830
Exports,380840,HS1992:380840
Exports,380890,HS1992:380890
Exports,380910,HS1992:380910
Exports,380991,HS1992:380991
Exports,380992,HS1992:380992
Exports,380993,HS1992:380993
Exports,380999,HS1992:380999
Exports,381010,HS1992:381010
Exports,381090,HS1992:381090
Exports,381111,HS1992:381111
Exports,381119,HS1992:381119
Exports,381121,HS1992:381121
Exports,381129,HS1992:381129
Exports,381190,HS1992:381190
Exports,381210,HS1992:381210
Exports,381220,HS1992:381220
Exports,381230,HS1992:381230
Exports,381300,HS1992:381300
Exports,381400,HS1992:381400
Exports,381511,HS1992:381511
Exports,381512,HS1992:381512
Exports,381519,HS1992:381519
Exports,381590,HS1992:381590
Exports,381600,HS1992:381600
Exports,381710,HS1992:381710
Exports,381720,HS1992:381720
Exports,381800,HS1992:381800
Exports,381900,HS1992:381900
Exports,382000,HS1992:382000
Exports,382100,HS1992:382100
Exports,382200,HS1992:382200
Exports,382310,HS1992:382310
Exports,382320,HS1992:382320
Exports,382330,HS1992:382330
Exports,382340,HS1992:382340
Exports,382350,HS1992:382350
Exports,382360,HS1992:382360
Exports,382390,HS1992:382390
Exports,390110,HS1992:390110
Exports,390120,HS1992:390120
Exports,390130,HS1992:390130
Exports,390190,HS1992:390190
Exports,390210,HS1992:390210
Exports,390220,HS1992:390220
Exports,390230,HS1992:390230
Exports,390290,HS1992:390290
Exports,390311,HS1992:390311
Exports,390319,HS1992:390319
Exports,390320,HS1992:390320
Exports,390330,HS1992:390330
Exports,390390,HS1992:390390
Exports,390410,HS1992:390410
Exports,390421,HS1992:390421
Exports,390422,HS1992:390422
Exports,390430,HS1992:390430
Exports,390440,HS1992:390440
Exports,390450,HS1992:390450
Exports,390461,HS1992:390461
Exports,390469,HS1992:390469
Exports,390490,HS1992:390490
Exports,390511,HS1992:390511
Exports,390519,HS1992:390519
Exports,390520,HS1992:390520
Exports,390590,HS1992:390590
Exports,390610,HS1992:390610
Exports,390690,HS1992:390690
Exports,390710,HS1992:390710
Exports,390720,HS1992:390720
Exports,390730,HS1992:390730
Exports,390740,HS1992:390740
Exports,390750,HS1992:390750
Exports,390760,HS1992:390760
Exports,390791,HS1992:390791
Exports,390799,HS1992:390799
Exports,390810,HS1992:390810
Exports,390890,HS1992:390890
Exports,390910,HS1992:390910
Exports,390920,HS1992:390920
Exports,390930,HS1992:390930
Exports,390940,HS1992:390940
Exports,390950,HS1992:390950
Exports,391000,HS1992:391000
Exports,391110,HS1992:391110
Exports,391190,HS1992:391190
Exports,391211,HS1992:391211
Exports,391212,HS1992:391212
Exports,391220,HS1992:391220
Exports,391231,HS1992:391231
Exports,391239,HS1992:391239
Exports,391290,HS1992:391290
Exports,391310,HS1992:391310
Exports,391390,HS1992:391390
Exports,391400,HS1992:391400
Exports,391510,HS1992:391510
Exports,391520,HS1992:391520
Exports,391530,HS1992:391530
Exports,391590,HS1992:391590
Exports,391610,HS1992:391610
Exports,391620,HS1992:391620
Exports,391690,HS1992:391690
Exports,391710,HS1992:391710
Exports,391721,HS1992:391721
Exports,391722,HS1992:391722
Exports,391723,HS1992:391723
Exports,391729,HS1992:391729
Exports,391731,HS1992:391731
Exports,391732,HS1992:391732
Exports,391733,HS1992:391733
Exports,391739,HS1992:391739
Exports,391740,HS1992:391740
Exports,391810,HS1992:391810
Exports,391890,HS1992:391890
Exports,391910,HS1992:391910
Exports,391990,HS1992:391990
Exports,392010,HS1992:392010
Exports,392020,HS1992:392020
Exports,392030,HS1992:392030
Exports,392041,HS1992:392041
Exports,392042,HS1992:392042
Exports,392051,HS1992:392051
Exports,392059,HS1992:392059
Exports,392061,HS1992:392061
Exports,392062,HS1992:392062
Exports,392063,HS1992:392063
Exports,392069,HS1992:392069
Exports,392071,HS1992:392071
Exports,392072,HS1992:392072
Exports,392073,HS1992:392073
Exports,392079,HS1992:392079
Exports,392091,HS1992:392091
Exports,392092,HS1992:392092
Exports,392093,HS1992:392093
Exports,392094,HS1992:392094
Exports,392099,HS1992:392099
Exports,392111,HS1992:392111
Exports,392112,HS1992:392112
Exports,392113,HS1992:392113
Exports,392114,HS1992:392114
Exports,392119,HS1992:392119
Exports,392190,HS1992:392190
Exports,392210,HS1992:392210
Exports,392220,HS1992:392220
Exports,392290,HS1992:392290
Exports,392310,HS1992:392310
Exports,392321,HS1992:392321
Exports,392329,HS1992:392329
Exports,392330,HS1992:392330
Exports,392340,HS1992:392340
Exports,392350,HS1992:392350
Exports,392390,HS1992:392390
Exports,392410,HS1992:392410
Exports,392490,HS1992:392490
Exports,392510,HS1992:392510
Exports,392520,HS1992:392520
Exports,392530,HS1992:392530
Exports,392590,HS1992:392590
Exports,392610,HS1992:392610
Exports,392620,HS1992:392620
Exports,392630,HS1992:392630
Exports,392640,HS1992:392640
Exports,392690,HS1992:392690
Exports,400110,HS1992:400110
Exports,400121,HS1992:400121
Exports,400122,HS1992:400122
Exports,400129,HS1992:400129
Exports,400130,HS1992:400130
Exports,400211,HS1992:400211
Exports,400219,HS1992:400219
Exports,400220,HS1992:400220
Exports,400231,HS1992:400231
Exports,400239,HS1992:400239
Exports,400241,HS1992:400241
Exports,400249,HS1992:400249
Exports,400251,HS1992:400251
Exports,400259,HS1992:400259
Exports,400260,HS1992:400260
Exports,400270,HS1992:400270
Exports,400280,HS1992:400280
Exports,400291,HS1992:400291
Exports,400299,HS1992:400299
Exports,400300,HS1992:400300
Exports,400400,HS1992:400400
Exports,400510,HS1992:400510
Exports,400520,HS1992:400520
Exports,400591,HS1992:400591
Exports,400599,HS1992:400599
Exports,400610,HS1992:400610
Exports,400690,HS1992:400690
Exports,400700,HS1992:400700
Exports,400811,HS1992:400811
Exports,400819,HS1992:400819
Exports,400821,HS1992:400821
Exports,400829,HS1992:400829
Exports,400910,HS1992:400910
Exports,400920,HS1992:400920
Exports,400930,HS1992:400930
Exports,400940,HS1992:400940
Exports,400950,HS1992:400950
Exports,401010,HS1992:401010
Exports,401091,HS1992:401091
Exports,401099,HS1992:401099
Exports,401110,HS1992:401110
Exports,401120,HS1992:401120
Exports,401130,HS1992:401130
Exports,401140,HS1992:401140
Exports,401150,HS1992:401150
Exports,401191,HS1992:401191
Exports,401199,HS1992:401199
Exports,401210,HS1992:401210
Exports,401220,HS1992:401220
Exports,401290,HS1992:401290
Exports,401310,HS1992:401310
Exports,401320,HS1992:401320
Exports,401390,HS1992:401390
Exports,401410,HS1992:401410
Exports,401490,HS1992:401490
Exports,401511,HS1992:401511
Exports,401519,HS1992:401519
Exports,401590,HS1992:401590
Exports,401610,HS1992:401610
Exports,401691,HS1992:401691
Exports,401692,HS1992:401692
Exports,401693,HS1992:401693
Exports,401694,HS1992:401694
Exports,401695,HS1992:401695
Exports,401699,HS1992:401699
Exports,401700,HS1992:401700
Exports,410110,HS1992:410110
Exports,410121,HS1992:410121
Exports,410122,HS1992:410122
Exports,410129,HS1992:410129
Exports,410130,HS1992:410130
Exports,410140,HS1992:410140
Exports,410210,HS1992:410210
Exports,410221,HS1992:410221
Exports,410229,HS1992:410229
Exports,410310,HS1992:410310
Exports,410320,HS1992:410320
Exports,410390,HS1992:410390
Exports,410410,HS1992:410410
Exports,410422,HS1992:410422
Exports,410429,HS1992:410429
Exports,410431,HS1992:410431
Exports,410439,HS1992:410439
Exports,410511,HS1992:410511
Exports,410512,HS1992:410512
Exports,410519,HS1992:410519
Exports,410520,HS1992:410520
Exports,410611,HS1992:410611
Exports,410612,HS1992:410612
Exports,410619,HS1992:410619
Exports,410620,HS1992:410620
Exports,410710,HS1992:410710
Exports,410721,HS1992:410721
Exports,410729,HS1992:410729
Exports,410790,HS1992:410790
Exports,410800,HS1992:410800
Exports,410900,HS1992:410900
Exports,411000,HS1992:411000
Exports,411100,HS1992:411100
Exports,420100,HS1992:420100
Exports,420211,HS1992:420211
Exports,420212,HS1992:420212
Exports,420219,HS1992:420219
Exports,420221,HS1992:420221
Exports,420222,HS1992:420222
Exports,420229,HS1992:420229
Exports,420231,HS1992:420231
Exports,420232,HS1992:420232
Exports,420239,HS1992:420239
Exports,420291,HS1992:420291
Exports,420292,HS1992:420292
Exports,420299,HS1992:420299
Exports,420310,HS1992:420310
Exports,420321,HS1992:420321
Exports,420329,HS1992:420329
Exports,420330,HS1992:420330
Exports,420340,HS1992:420340
Exports,420610,HS1992:420610
Exports,420690,HS1992:420690
Exports,430110,HS1992:430110
Exports,430120,HS1992:430120
Exports,430130,HS1992:430130
Exports,430140,HS1992:430140
Exports,430150,HS1992:430150
Exports,430160,HS1992:430160
Exports,430170,HS1992:430170
Exports,430180,HS1992:430180
Exports,430190,HS1992:430190
Exports,430211,HS1992:430211
Exports,430212,HS1992:430212
Exports,430213,HS1992:430213
Exports,430219,HS1992:430219
Exports,430220,HS1992:430220
Exports,430230,HS1992:430230
Exports,430310,HS1992:430310
Exports,430390,HS1992:430390
Exports,430400,HS1992:430400
Exports,440121,HS1992:440121
Exports,440122,HS1992:440122
Exports,440130,HS1992:440130
Exports,440310,HS1992:440310
Exports,440320,HS1992:440320
Exports,440331,HS1992:440331
Exports,440332,HS1992:440332
Exports,440333,HS1992:440333
Exports,440334,HS1992:440334
Exports,440335,HS1992:440335
Exports,440391,HS1992:440391
Exports,440392,HS1992:440392
Exports,440399,HS1992:440399
Exports,440410,HS1992:440410
Exports,440420,HS1992:440420
Exports,440500,HS1992:440500
Exports,440610,HS1992:440610
Exports,440690,HS1992:440690
Exports,440710,HS1992:440710
Exports,440721,HS1992:440721
Exports,440722,HS1992:440722
Exports,440723,HS1992:440723
Exports,440791,HS1992:440791
Exports,440792,HS1992:440792
Exports,440799,HS1992:440799
Exports,440810,HS1992:440810
Exports,440820,HS1992:440820
Exports,440890,HS1992:440890
Exports,440910,HS1992:440910
Exports,440920,HS1992:440920
Exports,441010,HS1992:441010
Exports,441090,HS1992:441090
Exports,441111,HS1992:441111
Exports,441119,HS1992:441119
Exports,441121,HS1992:441121
Exports,441129,HS1992:441129
Exports,441131,HS1992:441131
Exports,441139,HS1992:441139
Exports,441191,HS1992:441191
Exports,441199,HS1992:441199
Exports,441211,HS1992:441211
Exports,441212,HS1992:441212
Exports,441219,HS1992:441219
Exports,441221,HS1992:441221
Exports,441229,HS1992:441229
Exports,441291,HS1992:441291
Exports,441299,HS1992:441299
Exports,441300,HS1992:441300
Exports,441400,HS1992:441400
Exports,441510,HS1992:441510
Exports,441520,HS1992:441520
Exports,441600,HS1992:441600
Exports,441700,HS1992:441700
Exports,441810,HS1992:441810
Exports,441820,HS1992:441820
Exports,441830,HS1992:441830
Exports,441840,HS1992:441840
Exports,441850,HS1992:441850
Exports,441890,HS1992:441890
Exports,441900,HS1992:441900
Exports,442010,HS1992:442010
Exports,442090,HS1992:442090
Exports,442110,HS1992:442110
Exports,442190,HS1992:442190
Exports,450110,HS1992:450110
Exports,450190,HS1992:450190
Exports,450200,HS1992:450200
Exports,450310,HS1992:450310
Exports,450390,HS1992:450390
Exports,450410,HS1992:450410
Exports,450490,HS1992:450490
Exports,460110,HS1992:460110
Exports,460120,HS1992:460120
Exports,460191,HS1992:460191
Exports,460199,HS1992:460199
Exports,460210,HS1992:460210
Exports,460290,HS1992:460290
Exports,470100,HS1992:470100
Exports,470200,HS1992:470200
Exports,470311,HS1992:470311
Exports,470319,HS1992:470319
Exports,470321,HS1992:470321
Exports,470329,HS1992:470329
Exports,470411,HS1992:470411
Exports,470419,HS1992:470419
Exports,470421,HS1992:470421
Exports,470429,HS1992:470429
Exports,470500,HS1992:470500
Exports,470610,HS1992:470610
Exports,470691,HS1992:470691
Exports,470692,HS1992:470692
Exports,470693,HS1992:470693
Exports,470710,HS1992:470710
Exports,470720,HS1992:470720
Exports,470730,HS1992:470730
Exports,470790,HS1992:470790
Exports,480100,HS1992:480100
Exports,480210,HS1992:480210
Exports,480220,HS1992:480220
Exports,480230,HS1992:480230
Exports,480240,HS1992:480240
Exports,480251,HS1992:480251
Exports,480252,HS1992:480252
Exports,480253,HS1992:480253
Exports,480260,HS1992:480260
Exports,480300,HS1992:480300
Exports,480411,HS1992:480411
Exports,480419,HS1992:480419
Exports,480421,HS1992:480421
Exports,480429,HS1992:480429
Exports,480431,HS1992:480431
Exports,480439,HS1992:480439
Exports,480441,HS1992:480441
Exports,480442,HS1992:480442
Exports,480449,HS1992:480449
Exports,480451,HS1992:480451
Exports,480452,HS1992:480452
Exports,480459,HS1992:480459
Exports,480510,HS1992:480510
Exports,480521,HS1992:480521
Exports,480522,HS1992:480522
Exports,480523,HS1992:480523
Exports,480529,HS1992:480529
Exports,480530,HS1992:480530
Exports,480540,HS1992:480540
Exports,480550,HS1992:480550
Exports,480560,HS1992:480560
Exports,480570,HS1992:480570
Exports,480580,HS1992:480580
Exports,480610,HS1992:480610
Exports,480620,HS1992:480620
Exports,480630,HS1992:480630
Exports,480640,HS1992:480640
Exports,480710,HS1992:480710
Exports,480791,HS1992:480791
Exports,480799,HS1992:480799
Exports,480810,HS1992:480810
Exports,480820,HS1992:480820
Exports,480830,HS1992:480830
Exports,480890,HS1992:480890
Exports,480910,HS1992:480910
Exports,480920,HS1992:480920
Exports,480990,HS1992:480990
Exports,481011,HS1992:481011
Exports,481012,HS1992:481012
Exports,481021,HS1992:481021
Exports,481029,HS1992:481029
Exports,481031,HS1992:481031
Exports,481032,HS1992:481032
Exports,481039,HS1992:481039
Exports,481091,HS1992:481091
Exports,481099,HS1992:481099
Exports,481121,HS1992:481121
Exports,481129,HS1992:481129
Exports,481190,HS1992:481190
Exports,481200,HS1992:481200
Exports,481310,HS1992:481310
Exports,481320,HS1992:481320
Exports,481390,HS1992:481390
Exports,481410,HS1992:481410
Exports,481420,HS1992:481420
Exports,481430,HS1992:481430
Exports,481490,HS1992:481490
Exports,481610,HS1992:481610
Exports,481620,HS1992:481620
Exports,481630,HS1992:481630
Exports,481690,HS1992:481690
Exports,481710,HS1992:481710
Exports,481720,HS1992:481720
Exports,481730,HS1992:481730
Exports,481810,HS1992:481810
Exports,481820,HS1992:481820
Exports,481830,HS1992:481830
Exports,481840,HS1992:481840
Exports,481850,HS1992:481850
Exports,481890,HS1992:481890
Exports,481910,HS1992:481910
Exports,481920,HS1992:481920
Exports,481930,HS1992:481930
Exports,481940,HS1992:481940
Exports,481950,HS1992:481950
Exports,481960,HS1992:481960
Exports,482010,HS1992:482010
Exports,482020,HS1992:482020
Exports,482030,HS1992:482030
Exports,482040,HS1992:482040
Exports,482050,HS1992:482050
Exports,482090,HS1992:482090
Exports,482110,HS1992:482110
Exports,482190,HS1992:482190
Exports,482210,HS1992:482210
Exports,482290,HS1992:482290
Exports,482311,HS1992:482311
Exports,482319,HS1992:482319
Exports,482320,HS1992:482320
Exports,482340,HS1992:482340
Exports,482351,HS1992:482351
Exports,482359,HS1992:482359
Exports,482360,HS1992:482360
Exports,482370,HS1992:482370
Exports,482390,HS1992:482390
Exports,490110,HS1992:490110
Exports,490191,HS1992:490191
Exports,490199,HS1992:490199
Exports,490210,HS1992:490210
Exports,490290,HS1992:490290
Exports,490300,HS1992:490300
Exports,490400,HS1992:490400
Exports,490510,HS1992:490510
Exports,490591,HS1992:490591
Exports,490599,HS1992:490599
Exports,490600,HS1992:490600
Exports,490700,HS1992:490700
Exports,490810,HS1992:490810
Exports,490890,HS1992:490890
Exports,490900,HS1992:490900
Exports,491000,HS1992:491000
Exports,491110,HS1992:491110
Exports,491191,HS1992:491191
Exports,491199,HS1992:491199
Exports,500100,HS1992:500100
Exports,500200,HS1992:500200
Exports,500310,HS1992:500310
Exports,500390,HS1992:500390
Exports,500400,HS1992:500400
Exports,500500,HS1992:500500
Exports,500600,HS1992:500600
Exports,500710,HS1992:500710
Exports,500720,HS1992:500720
Exports,500790,HS1992:500790
Exports,510111,HS1992:510111
Exports,510119,HS1992:510119
Exports,510121,HS1992:510121
Exports,510129,HS1992:510129
Exports,510130,HS1992:510130
Exports,510210,HS1992:510210
Exports,510220,HS1992:510220
Exports,510310,HS1992:510310
Exports,510320,HS1992:510320
Exports,510330,HS1992:510330
Exports,510400,HS1992:510400
Exports,510510,HS1992:510510
Exports,510521,HS1992:510521
Exports,510529,HS1992:510529
Exports,510530,HS1992:510530
Exports,510540,HS1992:510540
Exports,510610,HS1992:510610
Exports,510620,HS1992:510620
Exports,510710,HS1992:510710
Exports,510720,HS1992:510720
Exports,510810,HS1992:510810
Exports,510820,HS1992:510820
Exports,510910,HS1992:510910
Exports,510990,HS1992:510990
Exports,511000,HS1992:511000
Exports,511111,HS1992:511111
Exports,511119,HS1992:511119
Exports,511120,HS1992:511120
Exports,511130,HS1992:511130
Exports,511190,HS1992:511190
Exports,511211,HS1992:511211
Exports,511219,HS1992:511219
Exports,511220,HS1992:511220
Exports,511230,HS1992:511230
Exports,511290,HS1992:511290
Exports,511300,HS1992:511300
Exports,520100,HS1992:520100
Exports,520210,HS1992:520210
Exports,520291,HS1992:520291
Exports,520299,HS1992:520299
Exports,520300,HS1992:520300
Exports,520411,HS1992:520411
Exports,520419,HS1992:520419
Exports,520420,HS1992:520420
Exports,520511,HS1992:520511
Exports,520512,HS1992:520512
Exports,520513,HS1992:520513
Exports,520514,HS1992:520514
Exports,520515,HS1992:520515
Exports,520521,HS1992:520521
Exports,520522,HS1992:520522
Exports,520523,HS1992:520523
Exports,520524,HS1992:520524
Exports,520525,HS1992:520525
Exports,520531,HS1992:520531
Exports,520532,HS1992:520532
Exports,520533,HS1992:520533
Exports,520534,HS1992:520534
Exports,520535,HS1992:520535
Exports,520541,HS1992:520541
Exports,520542,HS1992:520542
Exports,520543,HS1992:520543
Exports,520544,HS1992:520544
Exports,520545,HS1992:520545
Exports,520611,HS1992:520611
Exports,520612,HS1992:520612
Exports,520613,HS1992:520613
Exports,520614,HS1992:520614
Exports,520615,HS1992:520615
Exports,520621,HS1992:520621
Exports,520622,HS1992:520622
Exports,520623,HS1992:520623
Exports,520624,HS1992:520624
Exports,520625,HS1992:520625
Exports,520631,HS1992:520631
Exports,520632,HS1992:520632
Exports,520633,HS1992:520633
Exports,520634,HS1992:520634
Exports,520635,HS1992:520635
Exports,520641,HS1992:520641
Exports,520642,HS1992:520642
Exports,520643,HS1992:520643
Exports,520644,HS1992:520644
Exports,520645,HS1992:520645
Exports,520710,HS1992:520710
Exports,520790,HS1992:520790
Exports,520811,HS1992:520811
Exports,520812,HS1992:520812
Exports,520813,HS1992:520813
Exports,520819,HS1992:520819
Exports,520821,HS1992:520821
Exports,520822,HS1992:520822
Exports,520823,HS1992:520823
Exports,520829,HS1992:520829
Exports,520831,HS1992:520831
Exports,520832,HS1992:520832
Exports,520833,HS1992:520833
Exports,520839,HS1992:520839
Exports,520841,HS1992:520841
Exports,520842,HS1992:520842
Exports,520843,HS1992:520843
Exports,520849,HS1992:520849
Exports,520851,HS1992:520851
Exports,520852,HS1992:520852
Exports,520853,HS1992:520853
Exports,520859,HS1992:520859
Exports,520911,HS1992:520911
Exports,520912,HS1992:520912
Exports,520919,HS1992:520919
Exports,520921,HS1992:520921
Exports,520922,HS1992:520922
Exports,520929,HS1992:520929
Exports,520931,HS1992:520931
Exports,520932,HS1992:520932
Exports,520939,HS1992:520939
Exports,520941,HS1992:520941
Exports,520942,HS1992:520942
Exports,520943,HS1992:520943
Exports,520949,HS1992:520949
Exports,520951,HS1992:520951
Exports,520952,HS1992:520952
Exports,520959,HS1992:520959
Exports,521011,HS1992:521011
Exports,521012,HS1992:521012
Exports,521019,HS1992:521019
Exports,521021,HS1992:521021
Exports,521022,HS1992:521022
Exports,521029,HS1992:521029
Exports,521031,HS1992:521031
Exports,521032,HS1992:521032
Exports,521039,HS1992:521039
Exports,521041,HS1992:521041
Exports,521042,HS1992:521042
Exports,521049,HS1992:521049
Exports,521051,HS1992:521051
Exports,521052,HS1992:521052
Exports,521059,HS1992:521059
Exports,521111,HS1992:521111
Exports,521112,HS1992:521112
Exports,521119,HS1992:521119
Exports,521121,HS1992:521121
Exports,521122,HS1992:521122
Exports,521129,HS1992:521129
Exports,521131,HS1992:521131
Exports,521132,HS1992:521132
Exports,521139,HS1992:521139
Exports,521141,HS1992:521141
Exports,521142,HS1992:521142
Exports,521143,HS1992:521143
Exports,521149,HS1992:521149
Exports,521151,HS1992:521151
Exports,521152,HS1992:521152
Exports,521159,HS1992:521159
Exports,521211,HS1992:521211
Exports,521212,HS1992:521212
Exports,521213,HS1992:521213
Exports,521214,HS1992:521214
Exports,521215,HS1992:521215
Exports,521221,HS1992:521221
Exports,521222,HS1992:521222
Exports,521223,HS1992:521223
Exports,521224,HS1992:521224
Exports,521225,HS1992:521225
Exports,530110,HS1992:530110
Exports,530121,HS1992:530121
Exports,530129,HS1992:530129
Exports,530130,HS1992:530130
Exports,530210,HS1992:530210
Exports,530290,HS1992:530290
Exports,530310,HS1992:530310
Exports,530390,HS1992:530390
Exports,530410,HS1992:530410
Exports,530490,HS1992:530490
Exports,530511,HS1992:530511
Exports,530519,HS1992:530519
Exports,530521,HS1992:530521
Exports,530529,HS1992:530529
Exports,530591,HS1992:530591
Exports,530599,HS1992:530599
Exports,530610,HS1992:530610
Exports,530620,HS1992:530620
Exports,530710,HS1992:530710
Exports,530720,HS1992:530720
Exports,530810,HS1992:530810
Exports,530820,HS1992:530820
Exports,530830,HS1992:530830
Exports,530890,HS1992:530890
Exports,530911,HS1992:530911
Exports,530919,HS1992:530919
Exports,530921,HS1992:530921
Exports,530929,HS1992:530929
Exports,531010,HS1992:531010
Exports,531090,HS1992:531090
Exports,531100,HS1992:531100
Exports,540110,HS1992:540110
Exports,540120,HS1992:540120
Exports,540210,HS1992:540210
Exports,540220,HS1992:540220
Exports,540231,HS1992:540231
Exports,540232,HS1992:540232
Exports,540233,HS1992:540233
Exports,540239,HS1992:540239
Exports,540241,HS1992:540241
Exports,540242,HS1992:540242
Exports,540243,HS1992:540243
Exports,540249,HS1992:540249
Exports,540251,HS1992:540251
Exports,540252,HS1992:540252
Exports,540259,HS1992:540259
Exports,540261,HS1992:540261
Exports,540262,HS1992:540262
Exports,540269,HS1992:540269
Exports,540310,HS1992:540310
Exports,540320,HS1992:540320
Exports,540331,HS1992:540331
Exports,540332,HS1992:540332
Exports,540333,HS1992:540333
Exports,540339,HS1992:540339
Exports,540341,HS1992:540341
Exports,540342,HS1992:540342
Exports,540349,HS1992:540349
Exports,540410,HS1992:540410
Exports,540490,HS1992:540490
Exports,540500,HS1992:540500
Exports,540610,HS1992:540610
Exports,540620,HS1992:540620
Exports,540710,HS1992:540710
Exports,540720,HS1992:540720
Exports,540730,HS1992:540730
Exports,540741,HS1992:540741
Exports,540742,HS1992:540742
Exports,540743,HS1992:540743
Exports,540744,HS1992:540744
Exports,540751,HS1992:540751
Exports,540752,HS1992:540752
Exports,540753,HS1992:540753
Exports,540754,HS1992:540754
Exports,540760,HS1992:540760
Exports,540771,HS1992:540771
Exports,540772,HS1992:540772
Exports,540773,HS1992:540773
Exports,540774,HS1992:540774
Exports,540781,HS1992:540781
Exports,540782,HS1992:540782
Exports,540783,HS1992:540783
Exports,540784,HS1992:540784
Exports,540791,HS1992:540791
Exports,540792,HS1992:540792
Exports,540793,HS1992:540793
Exports,540794,HS1992:540794
Exports,540810,HS1992:540810
Exports,540821,HS1992:540821
Exports,540822,HS1992:540822
Exports,540823,HS1992:540823
Exports,540824,HS1992:540824
Exports,540831,HS1992:540831
Exports,540832,HS1992:540832
Exports,540833,HS1992:540833
Exports,540834,HS1992:540834
Exports,550110,HS1992:550110
Exports,550120,HS1992:550120
Exports,550130,HS1992:550130
Exports,550190,HS1992:550190
Exports,550200,HS1992:550200
Exports,550310,HS1992:550310
Exports,550320,HS1992:550320
Exports,550330,HS1992:550330
Exports,550340,HS1992:550340
Exports,550390,HS1992:550390
Exports,550410,HS1992:550410
Exports,550490,HS1992:550490
Exports,550510,HS1992:550510
Exports,550520,HS1992:550520
Exports,550610,HS1992:550610
Exports,550620,HS1992:550620
Exports,550630,HS1992:550630
Exports,550690,HS1992:550690
Exports,550700,HS1992:550700
Exports,550810,HS1992:550810
Exports,550820,HS1992:550820
Exports,550911,HS1992:550911
Exports,550912,HS1992:550912
Exports,550921,HS1992:550921
Exports,550922,HS1992:550922
Exports,550931,HS1992:550931
Exports,550932,HS1992:550932
Exports,550941,HS1992:550941
Exports,550942,HS1992:550942
Exports,550951,HS1992:550951
Exports,550952,HS1992:550952
Exports,550953,HS1992:550953
Exports,550959,HS1992:550959
Exports,550961,HS1992:550961
Exports,550962,HS1992:550962
Exports,550969,HS1992:550969
Exports,550991,HS1992:550991
Exports,550992,HS1992:550992
Exports,550999,HS1992:550999
Exports,551011,HS1992:551011
Exports,551012,HS1992:551012
Exports,551020,HS1992:551020
Exports,551030,HS1992:551030
Exports,551090,HS1992:551090
Exports,551110,HS1992:551110
Exports,551120,HS1992:551120
Exports,551130,HS1992:551130
Exports,551211,HS1992:551211
Exports,551219,HS1992:551219
Exports,551221,HS1992:551221
Exports,551229,HS1992:551229
Exports,551291,HS1992:551291
Exports,551299,HS1992:551299
Exports,551311,HS1992:551311
Exports,551312,HS1992:551312
Exports,551313,HS1992:551313
Exports,551319,HS1992:551319
Exports,551321,HS1992:551321
Exports,551322,HS1992:551322
Exports,551323,HS1992:551323
Exports,551329,HS1992:551329
Exports,551331,HS1992:551331
Exports,551332,HS1992:551332
Exports,551333,HS1992:551333
Exports,551339,HS1992:551339
Exports,551341,HS1992:551341
Exports,551342,HS1992:551342
Exports,551343,HS1992:551343
Exports,551349,HS1992:551349
Exports,551411,HS1992:551411
Exports,551412,HS1992:551412
Exports,551413,HS1992:551413
Exports,551419,HS1992:551419
Exports,551421,HS1992:551421
Exports,551422,HS1992:551422
Exports,551423,HS1992:551423
Exports,551429,HS1992:551429
Exports,551431,HS1992:551431
Exports,551432,HS1992:551432
Exports,551433,HS1992:551433
Exports,551439,HS1992:551439
Exports,551441,HS1992:551441
Exports,551442,HS1992:551442
Exports,551443,HS1992:551443
Exports,551449,HS1992:551449
Exports,551511,HS1992:551511
Exports,551512,HS1992:551512
Exports,551513,HS1992:551513
Exports,551519,HS1992:551519
Exports,551521,HS1992:551521
Exports,551522,HS1992:551522
Exports,551529,HS1992:551529
Exports,551591,HS1992:551591
Exports,551592,HS1992:551592
Exports,551599,HS1992:551599
Exports,551611,HS1992:551611
Exports,551612,HS1992:551612
Exports,551613,HS1992:551613
Exports,551614,HS1992:551614
Exports,551621,HS1992:551621
Exports,551622,HS1992:551622
Exports,551623,HS1992:551623
Exports,551624,HS1992:551624
Exports,551631,HS1992:551631
Exports,551632,HS1992:551632
Exports,551633,HS1992:551633
Exports,551634,HS1992:551634
Exports,551641,HS1992:551641
Exports,551642,HS1992:551642
Exports,551643,HS1992:551643
Exports,551644,HS1992:551644
Exports,551691,HS1992:551691
Exports,551692,HS1992:551692
Exports,551693,HS1992:551693
Exports,551694,HS1992:551694
Exports,560110,HS1992:560110
Exports,560121,HS1992:560121
Exports,560122,HS1992:560122
Exports,560129,HS1992:560129
Exports,560130,HS1992:560130
Exports,560210,HS1992:560210
Exports,560221,HS1992:560221
Exports,560229,HS1992:560229
Exports,560290,HS1992:560290
Exports,560300,HS1992:560300
Exports,560410,HS1992:560410
Exports,560420,HS1992:560420
Exports,560490,HS1992:560490
Exports,560500,HS1992:560500
Exports,560600,HS1992:560600
Exports,560710,HS1992:560710
Exports,560721,HS1992:560721
Exports,560729,HS1992:560729
Exports,560730,HS1992:560730
Exports,560741,HS1992:560741
Exports,560749,HS1992:560749
Exports,560750,HS1992:560750
Exports,560790,HS1992:560790
Exports,560811,HS1992:560811
Exports,560819,HS1992:560819
Exports,560890,HS1992:560890
Exports,560900,HS1992:560900
Exports,570110,HS1992:570110
Exports,570190,HS1992:570190
Exports,570210,HS1992:570210
Exports,570220,HS1992:570220
Exports,570231,HS1992:570231
Exports,570232,HS1992:570232
Exports,570239,HS1992:570239
Exports,570241,HS1992:570241
Exports,570242,HS1992:570242
Exports,570249,HS1992:570249
Exports,570251,HS1992:570251
Exports,570252,HS1992:570252
Exports,570259,HS1992:570259
Exports,570291,HS1992:570291
Exports,570292,HS1992:570292
Exports,570299,HS1992:570299
Exports,570310,HS1992:570310
Exports,570320,HS1992:570320
Exports,570330,HS1992:570330
Exports,570390,HS1992:570390
Exports,570410,HS1992:570410
Exports,570490,HS1992:570490
Exports,570500,HS1992:570500
Exports,580110,HS1992:580110
Exports,580121,HS1992:580121
Exports,580122,HS1992:580122
Exports,580123,HS1992:580123
Exports,580124,HS1992:580124
Exports,580125,HS1992:580125
Exports,580126,HS1992:580126
Exports,580131,HS1992:580131
Exports,580132,HS1992:580132
Exports,580133,HS1992:580133
Exports,580134,HS1992:580134
Exports,580135,HS1992:580135
Exports,580136,HS1992:580136
Exports,580190,HS1992:580190
Exports,580211,HS1992:580211
Exports,580219,HS1992:580219
Exports,580220,HS1992:580220
Exports,580230,HS1992:580230
Exports,580310,HS1992:580310
Exports,580390,HS1992:580390
Exports,580410,HS1992:580410
Exports,580421,HS1992:580421
Exports,580429,HS1992:580429
Exports,580430,HS1992:580430
Exports,580500,HS1992:580500
Exports,580610,HS1992:580610
Exports,580620,HS1992:580620
Exports,580631,HS1992:580631
Exports,580632,HS1992:580632
Exports,580639,HS1992:580639
Exports,580640,HS1992:580640
Exports,580710,HS1992:580710
Exports,580790,HS1992:580790
Exports,580810,HS1992:580810
Exports,580890,HS1992:580890
Exports,580900,HS1992:580900
Exports,581010,HS1992:581010
Exports,581091,HS1992:581091
Exports,581092,HS1992:581092
Exports,581099,HS1992:581099
Exports,581100,HS1992:581100
Exports,590110,HS1992:590110
Exports,590190,HS1992:590190
Exports,590210,HS1992:590210
Exports,590220,HS1992:590220
Exports,590290,HS1992:590290
Exports,590310,HS1992:590310
Exports,590320,HS1992:590320
Exports,590390,HS1992:590390
Exports,590410,HS1992:590410
Exports,590491,HS1992:590491
Exports,590492,HS1992:590492
Exports,590500,HS1992:590500
Exports,590610,HS1992:590610
Exports,590691,HS1992:590691
Exports,590699,HS1992:590699
Exports,590700,HS1992:590700
Exports,590800,HS1992:590800
Exports,590900,HS1992:590900
Exports,591000,HS1992:591000
Exports,591110,HS1992:591110
Exports,591120,HS1992:591120
Exports,591131,HS1992:591131
Exports,591132,HS1992:591132
Exports,591140,HS1992:591140
Exports,591190,HS1992:591190
Exports,600110,HS1992:600110
Exports,600121,HS1992:600121
Exports,600122,HS1992:600122
Exports,600129,HS1992:600129
Exports,600191,HS1992:600191
Exports,600192,HS1992:600192
Exports,600199,HS1992:600199
Exports,600210,HS1992:600210
Exports,600220,HS1992:600220
Exports,600230,HS1992:600230
Exports,600241,HS1992:600241
Exports,600242,HS1992:600242
Exports,600243,HS1992:600243
Exports,600249,HS1992:600249
Exports,600291,HS1992:600291
Exports,600292,HS1992:600292
Exports,600293,HS1992:600293
Exports,600299,HS1992:600299
Exports,610110,HS1992:610110
Exports,610120,HS1992:610120
Exports,610130,HS1992:610130
Exports,610190,HS1992:610190
Exports,610210,HS1992:610210
Exports,610220,HS1992:610220
Exports,610230,HS1992:610230
Exports,610290,HS1992:610290
Exports,610311,HS1992:610311
Exports,610312,HS1992:610312
Exports,610319,HS1992:610319
Exports,610321,HS1992:610321
Exports,610322,HS1992:610322
Exports,610323,HS1992:610323
Exports,610329,HS1992:610329
Exports,610331,HS1992:610331
Exports,610332,HS1992:610332
Exports,610333,HS1992:610333
Exports,610339,HS1992:610339
Exports,610341,HS1992:610341
Exports,610342,HS1992:610342
Exports,610343,HS1992:610343
Exports,610349,HS1992:610349
Exports,610411,HS1992:610411
Exports,610412,HS1992:610412
Exports,610413,HS1992:610413
Exports,610419,HS1992:610419
Exports,610421,HS1992:610421
Exports,610422,HS1992:610422
Exports,610423,HS1992:610423
Exports,610429,HS1992:610429
Exports,610431,HS1992:610431
Exports,610432,HS1992:610432
Exports,610433,HS1992:610433
Exports,610439,HS1992:610439
Exports,610441,HS1992:610441
Exports,610442,HS1992:610442
Exports,610443,HS1992:610443
Exports,610444,HS1992:610444
Exports,610449,HS1992:610449
Exports,610451,HS1992:610451
Exports,610452,HS1992:610452
Exports,610453,HS1992:610453
Exports,610459,HS1992:610459
Exports,610461,HS1992:610461
Exports,610462,HS1992:610462
Exports,610463,HS1992:610463
Exports,610469,HS1992:610469
Exports,610510,HS1992:610510
Exports,610520,HS1992:610520
Exports,610590,HS1992:610590
Exports,610610,HS1992:610610
Exports,610620,HS1992:610620
Exports,610690,HS1992:610690
Exports,610711,HS1992:610711
Exports,610712,HS1992:610712
Exports,610719,HS1992:610719
Exports,610721,HS1992:610721
Exports,610722,HS1992:610722
Exports,610729,HS1992:610729
Exports,610791,HS1992:610791
Exports,610792,HS1992:610792
Exports,610799,HS1992:610799
Exports,610811,HS1992:610811
Exports,610819,HS1992:610819
Exports,610821,HS1992:610821
Exports,610822,HS1992:610822
Exports,610829,HS1992:610829
Exports,610831,HS1992:610831
Exports,610832,HS1992:610832
Exports,610839,HS1992:610839
Exports,610891,HS1992:610891
Exports,610892,HS1992:610892
Exports,610899,HS1992:610899
Exports,610910,HS1992:610910
Exports,610990,HS1992:610990
Exports,611010,HS1992:611010
Exports,611020,HS1992:611020
Exports,611030,HS1992:611030
Exports,611090,HS1992:611090
Exports,611110,HS1992:611110
Exports,611120,HS1992:611120
Exports,611130,HS1992:611130
Exports,611190,HS1992:611190
Exports,611211,HS1992:611211
Exports,611212,HS1992:611212
Exports,611219,HS1992:611219
Exports,611220,HS1992:611220
Exports,611231,HS1992:611231
Exports,611239,HS1992:611239
Exports,611241,HS1992:611241
Exports,611249,HS1992:611249
Exports,611300,HS1992:611300
Exports,611410,HS1992:611410
Exports,611420,HS1992:611420
Exports,611430,HS1992:611430
Exports,611490,HS1992:611490
Exports,611511,HS1992:611511
Exports,611512,HS1992:611512
Exports,611519,HS1992:611519
Exports,611520,HS1992:611520
Exports,611591,HS1992:611591
Exports,611592,HS1992:611592
Exports,611593,HS1992:611593
Exports,611599,HS1992:611599
Exports,611610,HS1992:611610
Exports,611691,HS1992:611691
Exports,611692,HS1992:611692
Exports,611693,HS1992:611693
Exports,611699,HS1992:611699
Exports,611710,HS1992:611710
Exports,611790,HS1992:611790
Exports,620111,HS1992:620111
Exports,620112,HS1992:620112
Exports,620113,HS1992:620113
Exports,620119,HS1992:620119
Exports,620191,HS1992:620191
Exports,620192,HS1992:620192
Exports,620193,HS1992:620193
Exports,620199,HS1992:620199
Exports,620211,HS1992:620211
Exports,620212,HS1992:620212
Exports,620213,HS1992:620213
Exports,620219,HS1992:620219
Exports,620291,HS1992:620291
Exports,620292,HS1992:620292
Exports,620293,HS1992:620293
Exports,620299,HS1992:620299
Exports,620311,HS1992:620311
Exports,620312,HS1992:620312
Exports,620319,HS1992:620319
Exports,620321,HS1992:620321
Exports,620322,HS1992:620322
Exports,620323,HS1992:620323
Exports,620329,HS1992:620329
Exports,620331,HS1992:620331
Exports,620332,HS1992:620332
Exports,620333,HS1992:620333
Exports,620339,HS1992:620339
Exports,620341,HS1992:620341
Exports,620342,HS1992:620342
Exports,620343,HS1992:620343
Exports,620349,HS1992:620349
Exports,620411,HS1992:620411
Exports,620412,HS1992:620412
Exports,620413,HS1992:620413
Exports,620419,HS1992:620419
Exports,620421,HS1992:620421
Exports,620422,HS1992:620422
Exports,620423,HS1992:620423
Exports,620429,HS1992:620429
Exports,620431,HS1992:620431
Exports,620432,HS1992:620432
Exports,620433,HS1992:620433
Exports,620439,HS1992:620439
Exports,620441,HS1992:620441
Exports,620442,HS1992:620442
Exports,620443,HS1992:620443
Exports,620444,HS1992:620444
Exports,620449,HS1992:620449
Exports,620451,HS1992:620451
Exports,620452,HS1992:620452
Exports,620453,HS1992:620453
Exports,620459,HS1992:620459
Exports,620461,HS1992:620461
Exports,620462,HS1992:620462
Exports,620463,HS1992:620463
Exports,620469,HS1992:620469
Exports,620510,HS1992:620510
Exports,620520,HS1992:620520
Exports,620530,HS1992:620530
Exports,620590,HS1992:620590
Exports,620610,HS1992:620610
Exports,620620,HS1992:620620
Exports,620630,HS1992:620630
Exports,620640,HS1992:620640
Exports,620690,HS1992:620690
Exports,620711,HS1992:620711
Exports,620719,HS1992:620719
Exports,620721,HS1992:620721
Exports,620722,HS1992:620722
Exports,620729,HS1992:620729
Exports,620791,HS1992:620791
Exports,620792,HS1992:620792
Exports,620799,HS1992:620799
Exports,620811,HS1992:620811
Exports,620819,HS1992:620819
Exports,620821,HS1992:620821
Exports,620822,HS1992:620822
Exports,620829,HS1992:620829
Exports,620891,HS1992:620891
Exports,620892,HS1992:620892
Exports,620899,HS1992:620899
Exports,620910,HS1992:620910
Exports,620920,HS1992:620920
Exports,620930,HS1992:620930
Exports,620990,HS1992:620990
Exports,621010,HS1992:621010
Exports,621020,HS1992:621020
Exports,621030,HS1992:621030
Exports,621040,HS1992:621040
Exports,621050,HS1992:621050
Exports,621111,HS1992:621111
Exports,621112,HS1992:621112
Exports,621120,HS1992:621120
Exports,621131,HS1992:621131
Exports,621132,HS1992:621132
Exports,621133,HS1992:621133
Exports,621139,HS1992:621139
Exports,621141,HS1992:621141
Exports,621142,HS1992:621142
Exports,621143,HS1992:621143
Exports,621149,HS1992:621149
Exports,621210,HS1992:621210
Exports,621220,HS1992:621220
Exports,621230,HS1992:621230
Exports,621290,HS1992:621290
Exports,621310,HS1992:621310
Exports,621320,HS1992:621320
Exports,621390,HS1992:621390
Exports,621410,HS1992:621410
Exports,621420,HS1992:621420
Exports,621430,HS1992:621430
Exports,621440,HS1992:621440
Exports,621490,HS1992:621490
Exports,621510,HS1992:621510
Exports,621520,HS1992:621520
Exports,621590,HS1992:621590
Exports,621600,HS1992:621600
Exports,621710,HS1992:621710
Exports,621790,HS1992:621790
Exports,630110,HS1992:630110
Exports,630120,HS1992:630120
Exports,630130,HS1992:630130
Exports,630140,HS1992:630140
Exports,630190,HS1992:630190
Exports,630210,HS1992:630210
Exports,630221,HS1992:630221
Exports,630222,HS1992:630222
Exports,630229,HS1992:630229
Exports,630231,HS1992:630231
Exports,630232,HS1992:630232
Exports,630239,HS1992:630239
Exports,630240,HS1992:630240
Exports,630251,HS1992:630251
Exports,630252,HS1992:630252
Exports,630253,HS1992:630253
Exports,630259,HS1992:630259
Exports,630260,HS1992:630260
Exports,630291,HS1992:630291
Exports,630292,HS1992:630292
Exports,630293,HS1992:630293
Exports,630299,HS1992:630299
Exports,630311,HS1992:630311
Exports,630312,HS1992:630312
Exports,630319,HS1992:630319
Exports,630391,HS1992:630391
Exports,630392,HS1992:630392
Exports,630399,HS1992:630399
Exports,630411,HS1992:630411
Exports,630419,HS1992:630419
Exports,630491,HS1992:630491
Exports,630492,HS1992:630492
Exports,630493,HS1992:630493
Exports,630499,HS1992:630499
Exports,630510,HS1992:630510
Exports,630520,HS1992:630520
Exports,630531,HS1992:630531
Exports,630539,HS1992:630539
Exports,630590,HS1992:630590
Exports,630611,HS1992:630611
Exports,630612,HS1992:630612
Exports,630619,HS1992:630619
Exports,630621,HS1992:630621
Exports,630622,HS1992:630622
Exports,630629,HS1992:630629
Exports,630631,HS1992:630631
Exports,630639,HS1992:630639
Exports,630641,HS1992:630641
Exports,630649,HS1992:630649
Exports,630691,HS1992:630691
Exports,630699,HS1992:630699
Exports,630710,HS1992:630710
Exports,630720,HS1992:630720
Exports,630790,HS1992:630790
Exports,630800,HS1992:630800
Exports,630900,HS1992:630900
Exports,631010,HS1992:631010
Exports,631090,HS1992:631090
Exports,640110,HS1992:640110
Exports,640191,HS1992:640191
Exports,640192,HS1992:640192
Exports,640199,HS1992:640199
Exports,640211,HS1992:640211
Exports,640219,HS1992:640219
Exports,640220,HS1992:640220
Exports,640230,HS1992:640230
Exports,640291,HS1992:640291
Exports,640299,HS1992:640299
Exports,640311,HS1992:640311
Exports,640319,HS1992:640319
Exports,640320,HS1992:640320
Exports,640330,HS1992:640330
Exports,640340,HS1992:640340
Exports,640351,HS1992:640351
Exports,640359,HS1992:640359
Exports,640391,HS1992:640391
Exports,640399,HS1992:640399
Exports,640411,HS1992:640411
Exports,640419,HS1992:640419
Exports,640420,HS1992:640420
Exports,640510,HS1992:640510
Exports,640520,HS1992:640520
Exports,640590,HS1992:640590
Exports,640610,HS1992:640610
Exports,640620,HS1992:640620
Exports,640691,HS1992:640691
Exports,640699,HS1992:640699
Exports,650100,HS1992:650100
Exports,650200,HS1992:650200
Exports,650300,HS1992:650300
Exports,650400,HS1992:650400
Exports,650510,HS1992:650510
Exports,650590,HS1992:650590
Exports,650610,HS1992:650610
Exports,650691,HS1992:650691
Exports,650692,HS1992:650692
Exports,650699,HS1992:650699
Exports,650700,HS1992:650700
Exports,660110,HS1992:660110
Exports,660191,HS1992:660191
Exports,660199,HS1992:660199
Exports,660200,HS1992:660200
Exports,660310,HS1992:660310
Exports,660320,HS1992:660320
Exports,660390,HS1992:660390
Exports,670100,HS1992:670100
Exports,670210,HS1992:670210
Exports,670290,HS1992:670290
Exports,670300,HS1992:670300
Exports,670411,HS1992:670411
Exports,670419,HS1992:670419
Exports,670420,HS1992:670420
Exports,670490,HS1992:670490
Exports,680100,HS1992:680100
Exports,680210,HS1992:680210
Exports,680221,HS1992:680221
Exports,680222,HS1992:680222
Exports,680223,HS1992:680223
Exports,680229,HS1992:680229
Exports,680291,HS1992:680291
Exports,680292,HS1992:680292
Exports,680293,HS1992:680293
Exports,680299,HS1992:680299
Exports,680300,HS1992:680300
Exports,680410,HS1992:680410
Exports,680421,HS1992:680421
Exports,680422,HS1992:680422
Exports,680423,HS1992:680423
Exports,680430,HS1992:680430
Exports,680510,HS1992:680510
Exports,680520,HS1992:680520
Exports,680530,HS1992:680530
Exports,680610,HS1992:680610
Exports,680620,HS1992:680620
Exports,680690,HS1992:680690
Exports,680710,HS1992:680710
Exports,680790,HS1992:680790
Exports,680800,HS1992:680800
Exports,680911,HS1992:680911
Exports,680919,HS1992:680919
Exports,680990,HS1992:680990
Exports,681011,HS1992:681011
Exports,681019,HS1992:681019
Exports,681020,HS1992:681020
Exports,681091,HS1992:681091
Exports,681099,HS1992:681099
Exports,681110,HS1992:681110
Exports,681120,HS1992:681120
Exports,681130,HS1992:681130
Exports,681190,HS1992:681190
Exports,681210,HS1992:681210
Exports,681220,HS1992:681220
Exports,681230,HS1992:681230
Exports,681240,HS1992:681240
Exports,681250,HS1992:681250
Exports,681260,HS1992:681260
Exports,681270,HS1992:681270
Exports,681290,HS1992:681290
Exports,681310,HS1992:681310
Exports,681390,HS1992:681390
Exports,681410,HS1992:681410
Exports,681490,HS1992:681490
Exports,681510,HS1992:681510
Exports,681520,HS1992:681520
Exports,681591,HS1992:681591
Exports,681599,HS1992:681599
Exports,690100,HS1992:690100
Exports,690210,HS1992:690210
Exports,690220,HS1992:690220
Exports,690290,HS1992:690290
Exports,690310,HS1992:690310
Exports,690320,HS1992:690320
Exports,690390,HS1992:690390
Exports,690410,HS1992:690410
Exports,690490,HS1992:690490
Exports,690510,HS1992:690510
Exports,690590,HS1992:690590
Exports,690600,HS1992:690600
Exports,690710,HS1992:690710
Exports,690790,HS1992:690790
Exports,690810,HS1992:690810
Exports,690890,HS1992:690890
Exports,690911,HS1992:690911
Exports,690919,HS1992:690919
Exports,690990,HS1992:690990
Exports,691010,HS1992:691010
Exports,691090,HS1992:691090
Exports,691110,HS1992:691110
Exports,691190,HS1992:691190
Exports,691200,HS1992:691200
Exports,691310,HS1992:691310
Exports,691390,HS1992:691390
Exports,691410,HS1992:691410
Exports,691490,HS1992:691490
Exports,700100,HS1992:700100
Exports,700210,HS1992:700210
Exports,700220,HS1992:700220
Exports,700231,HS1992:700231
Exports,700232,HS1992:700232
Exports,700239,HS1992:700239
Exports,700311,HS1992:700311
Exports,700319,HS1992:700319
Exports,700320,HS1992:700320
Exports,700330,HS1992:700330
Exports,700410,HS1992:700410
Exports,700490,HS1992:700490
Exports,700510,HS1992:700510
Exports,700521,HS1992:700521
Exports,700529,HS1992:700529
Exports,700530,HS1992:700530
Exports,700600,HS1992:700600
Exports,700711,HS1992:700711
Exports,700719,HS1992:700719
Exports,700721,HS1992:700721
Exports,700729,HS1992:700729
Exports,700800,HS1992:700800
Exports,700910,HS1992:700910
Exports,700991,HS1992:700991
Exports,700992,HS1992:700992
Exports,701010,HS1992:701010
Exports,701090,HS1992:701090
Exports,701110,HS1992:701110
Exports,701120,HS1992:701120
Exports,701190,HS1992:701190
Exports,701200,HS1992:701200
Exports,701310,HS1992:701310
Exports,701321,HS1992:701321
Exports,701329,HS1992:701329
Exports,701331,HS1992:701331
Exports,701332,HS1992:701332
Exports,701339,HS1992:701339
Exports,701391,HS1992:701391
Exports,701399,HS1992:701399
Exports,701400,HS1992:701400
Exports,701510,HS1992:701510
Exports,701590,HS1992:701590
Exports,701610,HS1992:701610
Exports,701690,HS1992:701690
Exports,701710,HS1992:701710
Exports,701720,HS1992:701720
Exports,701790,HS1992:701790
Exports,701810,HS1992:701810
Exports,701820,HS1992:701820
Exports,701890,HS1992:701890
Exports,701910,HS1992:701910
Exports,701920,HS1992:701920
Exports,701931,HS1992:701931
Exports,701932,HS1992:701932
Exports,701939,HS1992:701939
Exports,701990,HS1992:701990
Exports,702000,HS1992:702000
Exports,710110,HS1992:710110
Exports,710121,HS1992:710121
Exports,710122,HS1992:710122
Exports,710210,HS1992:710210
Exports,710221,HS1992:710221
Exports,710229,HS1992:710229
Exports,710231,HS1992:710231
Exports,710239,HS1992:710239
Exports,710310,HS1992:710310
Exports,710391,HS1992:710391
Exports,710399,HS1992:710399
Exports,710410,HS1992:710410
Exports,710420,HS1992:710420
Exports,710490,HS1992:710490
Exports,710510,HS1992:710510
Exports,710590,HS1992:710590
Exports,710610,HS1992:710610
Exports,710691,HS1992:710691
Exports,710692,HS1992:710692
Exports,710700,HS1992:710700
Exports,710811,HS1992:710811
Exports,710812,HS1992:710812
Exports,710813,HS1992:710813
Exports,710900,HS1992:710900
Exports,711011,HS1992:711011
Exports,711019,HS1992:711019
Exports,711021,HS1992:711021
Exports,711029,HS1992:711029
Exports,711031,HS1992:711031
Exports,711039,HS1992:711039
Exports,711041,HS1992:711041
Exports,711049,HS1992:711049
Exports,711100,HS1992:711100
Exports,711210,HS1992:711210
Exports,711220,HS1992:711220
Exports,711290,HS1992:711290
Exports,711311,HS1992:711311
Exports,711319,HS1992:711319
Exports,711320,HS1992:711320
Exports,711411,HS1992:711411
Exports,711419,HS1992:711419
Exports,711420,HS1992:711420
Exports,711510,HS1992:711510
Exports,711590,HS1992:711590
Exports,711610,HS1992:711610
Exports,711620,HS1992:711620
Exports,711711,HS1992:711711
Exports,711719,HS1992:711719
Exports,711790,HS1992:711790
Exports,711810,HS1992:711810
Exports,720110,HS1992:720110
Exports,720120,HS1992:720120
Exports,720130,HS1992:720130
Exports,720140,HS1992:720140
Exports,720211,HS1992:720211
Exports,720219,HS1992:720219
Exports,720221,HS1992:720221
Exports,720229,HS1992:720229
Exports,720230,HS1992:720230
Exports,720241,HS1992:720241
Exports,720249,HS1992:720249
Exports,720250,HS1992:720250
Exports,720260,HS1992:720260
Exports,720270,HS1992:720270
Exports,720280,HS1992:720280
Exports,720291,HS1992:720291
Exports,720292,HS1992:720292
Exports,720293,HS1992:720293
Exports,720299,HS1992:720299
Exports,720310,HS1992:720310
Exports,720390,HS1992:720390
Exports,720410,HS1992:720410
Exports,720421,HS1992:720421
Exports,720429,HS1992:720429
Exports,720430,HS1992:720430
Exports,720441,HS1992:720441
Exports,720449,HS1992:720449
Exports,720450,HS1992:720450
Exports,720510,HS1992:720510
Exports,720521,HS1992:720521
Exports,720529,HS1992:720529
Exports,720610,HS1992:720610
Exports,720690,HS1992:720690
Exports,720711,HS1992:720711
Exports,720712,HS1992:720712
Exports,720719,HS1992:720719
Exports,720720,HS1992:720720
Exports,720811,HS1992:720811
Exports,720812,HS1992:720812
Exports,720813,HS1992:720813
Exports,720814,HS1992:720814
Exports,720821,HS1992:720821
Exports,720822,HS1992:720822
Exports,720823,HS1992:720823
Exports,720824,HS1992:720824
Exports,720831,HS1992:720831
Exports,720832,HS1992:720832
Exports,720833,HS1992:720833
Exports,720834,HS1992:720834
Exports,720835,HS1992:720835
Exports,720841,HS1992:720841
Exports,720842,HS1992:720842
Exports,720843,HS1992:720843
Exports,720844,HS1992:720844
Exports,720845,HS1992:720845
Exports,720890,HS1992:720890
Exports,720911,HS1992:720911
Exports,720912,HS1992:720912
Exports,720913,HS1992:720913
Exports,720914,HS1992:720914
Exports,720921,HS1992:720921
Exports,720922,HS1992:720922
Exports,720923,HS1992:720923
Exports,720924,HS1992:720924
Exports,720931,HS1992:720931
Exports,720932,HS1992:720932
Exports,720933,HS1992:720933
Exports,720934,HS1992:720934
Exports,720941,HS1992:720941
Exports,720942,HS1992:720942
Exports,720943,HS1992:720943
Exports,720944,HS1992:720944
Exports,720990,HS1992:720990
Exports,721011,HS1992:721011
Exports,721012,HS1992:721012
Exports,721020,HS1992:721020
Exports,721031,HS1992:721031
Exports,721039,HS1992:721039
Exports,721041,HS1992:721041
Exports,721049,HS1992:721049
Exports,721050,HS1992:721050
Exports,721060,HS1992:721060
Exports,721070,HS1992:721070
Exports,721090,HS1992:721090
Exports,721111,HS1992:721111
Exports,721112,HS1992:721112
Exports,721119,HS1992:721119
Exports,721121,HS1992:721121
Exports,721122,HS1992:721122
Exports,721129,HS1992:721129
Exports,721130,HS1992:721130
Exports,721141,HS1992:721141
Exports,721149,HS1992:721149
Exports,721190,HS1992:721190
Exports,721210,HS1992:721210
Exports,721221,HS1992:721221
Exports,721229,HS1992:721229
Exports,721230,HS1992:721230
Exports,721240,HS1992:721240
Exports,721250,HS1992:721250
Exports,721260,HS1992:721260
Exports,721310,HS1992:721310
Exports,721320,HS1992:721320
Exports,721331,HS1992:721331
Exports,721339,HS1992:721339
Exports,721341,HS1992:721341
Exports,721349,HS1992:721349
Exports,721350,HS1992:721350
Exports,721410,HS1992:721410
Exports,721420,HS1992:721420
Exports,721430,HS1992:721430
Exports,721440,HS1992:721440
Exports,721450,HS1992:721450
Exports,721460,HS1992:721460
Exports,721510,HS1992:721510
Exports,721520,HS1992:721520
Exports,721530,HS1992:721530
Exports,721540,HS1992:721540
Exports,721590,HS1992:721590
Exports,721610,HS1992:721610
Exports,721621,HS1992:721621
Exports,721622,HS1992:721622
Exports,721631,HS1992:721631
Exports,721632,HS1992:721632
Exports,721633,HS1992:721633
Exports,721640,HS1992:721640
Exports,721650,HS1992:721650
Exports,721660,HS1992:721660
Exports,721690,HS1992:721690
Exports,721711,HS1992:721711
Exports,721712,HS1992:721712
Exports,721713,HS1992:721713
Exports,721719,HS1992:721719
Exports,721721,HS1992:721721
Exports,721722,HS1992:721722
Exports,721723,HS1992:721723
Exports,721729,HS1992:721729
Exports,721731,HS1992:721731
Exports,721732,HS1992:721732
Exports,721733,HS1992:721733
Exports,721739,HS1992:721739
Exports,721810,HS1992:721810
Exports,721890,HS1992:721890
Exports,721911,HS1992:721911
Exports,721912,HS1992:721912
Exports,721913,HS1992:721913
Exports,721914,HS1992:721914
Exports,721921,HS1992:721921
Exports,721922,HS1992:721922
Exports,721923,HS1992:721923
Exports,721924,HS1992:721924
Exports,721931,HS1992:721931
Exports,721932,HS1992:721932
Exports,721933,HS1992:721933
Exports,721934,HS1992:721934
Exports,721935,HS1992:721935
Exports,721990,HS1992:721990
Exports,722011,HS1992:722011
Exports,722012,HS1992:722012
Exports,722020,HS1992:722020
Exports,722090,HS1992:722090
Exports,722100,HS1992:722100
Exports,722210,HS1992:722210
Exports,722220,HS1992:722220
Exports,722230,HS1992:722230
Exports,722240,HS1992:722240
Exports,722300,HS1992:722300
Exports,722410,HS1992:722410
Exports,722490,HS1992:722490
Exports,722510,HS1992:722510
Exports,722520,HS1992:722520
Exports,722530,HS1992:722530
Exports,722540,HS1992:722540
Exports,722550,HS1992:722550
Exports,722590,HS1992:722590
Exports,722610,HS1992:722610
Exports,722620,HS1992:722620
Exports,722691,HS1992:722691
Exports,722692,HS1992:722692
Exports,722699,HS1992:722699
Exports,722710,HS1992:722710
Exports,722720,HS1992:722720
Exports,722790,HS1992:722790
Exports,722810,HS1992:722810
Exports,722820,HS1992:722820
Exports,722830,HS1992:722830
Exports,722840,HS1992:722840
Exports,722850,HS1992:722850
Exports,722860,HS1992:722860
Exports,722870,HS1992:722870
Exports,722880,HS1992:722880
Exports,722910,HS1992:722910
Exports,722920,HS1992:722920
Exports,722990,HS1992:722990
Exports,730110,HS1992:730110
Exports,730120,HS1992:730120
Exports,730210,HS1992:730210
Exports,730220,HS1992:730220
Exports,730230,HS1992:730230
Exports,730240,HS1992:730240
Exports,730290,HS1992:730290
Exports,730300,HS1992:730300
Exports,730410,HS1992:730410
Exports,730420,HS1992:730420
Exports,730431,HS1992:730431
Exports,730439,HS1992:730439
Exports,730441,HS1992:730441
Exports,730449,HS1992:730449
Exports,730451,HS1992:730451
Exports,730459,HS1992:730459
Exports,730490,HS1992:730490
Exports,730511,HS1992:730511
Exports,730512,HS1992:730512
Exports,730519,HS1992:730519
Exports,730520,HS1992:730520
Exports,730531,HS1992:730531
Exports,730539,HS1992:730539
Exports,730590,HS1992:730590
Exports,730610,HS1992:730610
Exports,730620,HS1992:730620
Exports,730630,HS1992:730630
Exports,730640,HS1992:730640
Exports,730650,HS1992:730650
Exports,730660,HS1992:730660
Exports,730690,HS1992:730690
Exports,730711,HS1992:730711
Exports,730719,HS1992:730719
Exports,730721,HS1992:730721
Exports,730722,HS1992:730722
Exports,730723,HS1992:730723
Exports,730729,HS1992:730729
Exports,730791,HS1992:730791
Exports,730792,HS1992:730792
Exports,730793,HS1992:730793
Exports,730799,HS1992:730799
Exports,730810,HS1992:730810
Exports,730820,HS1992:730820
Exports,730830,HS1992:730830
Exports,730840,HS1992:730840
Exports,730890,HS1992:730890
Exports,730900,HS1992:730900
Exports,731010,HS1992:731010
Exports,731021,HS1992:731021
Exports,731029,HS1992:731029
Exports,731100,HS1992:731100
Exports,731210,HS1992:731210
Exports,731290,HS1992:731290
Exports,731300,HS1992:731300
Exports,731411,HS1992:731411
Exports,731419,HS1992:731419
Exports,731420,HS1992:731420
Exports,731430,HS1992:731430
Exports,731441,HS1992:731441
Exports,731442,HS1992:731442
Exports,731449,HS1992:731449
Exports,731450,HS1992:731450
Exports,731511,HS1992:731511
Exports,731512,HS1992:731512
Exports,731519,HS1992:731519
Exports,731520,HS1992:731520
Exports,731581,HS1992:731581
Exports,731582,HS1992:731582
Exports,731589,HS1992:731589
Exports,731590,HS1992:731590
Exports,731600,HS1992:731600
Exports,731700,HS1992:731700
Exports,731811,HS1992:731811
Exports,731812,HS1992:731812
Exports,731813,HS1992:731813
Exports,731814,HS1992:731814
Exports,731815,HS1992:731815
Exports,731816,HS1992:731816
Exports,731819,HS1992:731819
Exports,731821,HS1992:731821
Exports,731822,HS1992:731822
Exports,731823,HS1992:731823
Exports,731824,HS1992:731824
Exports,731829,HS1992:731829
Exports,731910,HS1992:731910
Exports,731920,HS1992:731920
Exports,731930,HS1992:731930
Exports,731990,HS1992:731990
Exports,732010,HS1992:732010
Exports,732020,HS1992:732020
Exports,732090,HS1992:732090
Exports,732111,HS1992:732111
Exports,732112,HS1992:732112
Exports,732113,HS1992:732113
Exports,732181,HS1992:732181
Exports,732182,HS1992:732182
Exports,732183,HS1992:732183
Exports,732190,HS1992:732190
Exports,732211,HS1992:732211
Exports,732219,HS1992:732219
Exports,732290,HS1992:732290
Exports,732310,HS1992:732310
Exports,732391,HS1992:732391
Exports,732392,HS1992:732392
Exports,732393,HS1992:732393
Exports,732394,HS1992:732394
Exports,732399,HS1992:732399
Exports,732410,HS1992:732410
Exports,732421,HS1992:732421
Exports,732429,HS1992:732429
Exports,732490,HS1992:732490
Exports,732510,HS1992:732510
Exports,732591,HS1992:732591
Exports,732599,HS1992:732599
Exports,732611,HS1992:732611
Exports,732619,HS1992:732619
Exports,732620,HS1992:732620
Exports,732690,HS1992:732690
Exports,740110,HS1992:740110
Exports,740120,HS1992:740120
Exports,740200,HS1992:740200
Exports,740311,HS1992:740311
Exports,740312,HS1992:740312
Exports,740313,HS1992:740313
Exports,740319,HS1992:740319
Exports,740321,HS1992:740321
Exports,740322,HS1992:740322
Exports,740323,HS1992:740323
Exports,740329,HS1992:740329
Exports,740400,HS1992:740400
Exports,740500,HS1992:740500
Exports,740610,HS1992:740610
Exports,740620,HS1992:740620
Exports,740710,HS1992:740710
Exports,740721,HS1992:740721
Exports,740722,HS1992:740722
Exports,740729,HS1992:740729
Exports,740811,HS1992:740811
Exports,740819,HS1992:740819
Exports,740821,HS1992:740821
Exports,740822,HS1992:740822
Exports,740829,HS1992:740829
Exports,740911,HS1992:740911
Exports,740919,HS1992:740919
Exports,740921,HS1992:740921
Exports,740929,HS1992:740929
Exports,740931,HS1992:740931
Exports,740939,HS1992:740939
Exports,740940,HS1992:740940
Exports,740990,HS1992:740990
Exports,741011,HS1992:741011
Exports,741012,HS1992:741012
Exports,741021,HS1992:741021
Exports,741022,HS1992:741022
Exports,741110,HS1992:741110
Exports,741121,HS1992:741121
Exports,741122,HS1992:741122
Exports,741129,HS1992:741129
Exports,741210,HS1992:741210
Exports,741220,HS1992:741220
Exports,741300,HS1992:741300
Exports,741510,HS1992:741510
Exports,741521,HS1992:741521
Exports,741529,HS1992:741529
Exports,741531,HS1992:741531
Exports,741532,HS1992:741532
Exports,741539,HS1992:741539
Exports,741810,HS1992:741810
Exports,741820,HS1992:741820
Exports,741910,HS1992:741910
Exports,741991,HS1992:741991
Exports,750110,HS1992:750110
Exports,750120,HS1992:750120
Exports,750210,HS1992:750210
Exports,750220,HS1992:750220
Exports,750300,HS1992:750300
Exports,750400,HS1992:750400
Exports,750511,HS1992:750511
Exports,750512,HS1992:750512
Exports,750521,HS1992:750521
Exports,750522,HS1992:750522
Exports,750610,HS1992:750610
Exports,750620,HS1992:750620
Exports,750711,HS1992:750711
Exports,750712,HS1992:750712
Exports,750720,HS1992:750720
Exports,750800,HS1992:750800
Exports,760110,HS1992:760110
Exports,760120,HS1992:760120
Exports,760200,HS1992:760200
Exports,760310,HS1992:760310
Exports,760320,HS1992:760320
Exports,760410,HS1992:760410
Exports,760421,HS1992:760421
Exports,760429,HS1992:760429
Exports,760511,HS1992:760511
Exports,760519,HS1992:760519
Exports,760521,HS1992:760521
Exports,760529,HS1992:760529
Exports,760611,HS1992:760611
Exports,760612,HS1992:760612
Exports,760691,HS1992:760691
Exports,760692,HS1992:760692
Exports,760711,HS1992:760711
Exports,760719,HS1992:760719
Exports,760720,HS1992:760720
Exports,760810,HS1992:760810
Exports,760820,HS1992:760820
Exports,760900,HS1992:760900
Exports,761010,HS1992:761010
Exports,761090,HS1992:761090
Exports,761100,HS1992:761100
Exports,761210,HS1992:761210
Exports,761290,HS1992:761290
Exports,761300,HS1992:761300
Exports,761410,HS1992:761410
Exports,761490,HS1992:761490
Exports,761510,HS1992:761510
Exports,761520,HS1992:761520
Exports,761610,HS1992:761610
Exports,761690,HS1992:761690
Exports,780110,HS1992:780110
Exports,780191,HS1992:780191
Exports,780199,HS1992:780199
Exports,780200,HS1992:780200
Exports,780300,HS1992:780300
Exports,780411,HS1992:780411
Exports,780419,HS1992:780419
Exports,780420,HS1992:780420
Exports,780500,HS1992:780500
Exports,780600,HS1992:780600
Exports,790111,HS1992:790111
Exports,790112,HS1992:790112
Exports,790120,HS1992:790120
Exports,790200,HS1992:790200
Exports,790310,HS1992:790310
Exports,790390,HS1992:790390
Exports,790400,HS1992:790400
Exports,790500,HS1992:790500
Exports,790600,HS1992:790600
Exports,790710,HS1992:790710
Exports,790790,HS1992:790790
Exports,800110,HS1992:800110
Exports,800120,HS1992:800120
Exports,800200,HS1992:800200
Exports,800300,HS1992:800300
Exports,800400,HS1992:800400
Exports,800510,HS1992:800510
Exports,800520,HS1992:800520
Exports,800600,HS1992:800600
Exports,800700,HS1992:800700
Exports,810110,HS1992:810110
Exports,810191,HS1992:810191
Exports,810192,HS1992:810192
Exports,810193,HS1992:810193
Exports,810199,HS1992:810199
Exports,810210,HS1992:810210
Exports,810291,HS1992:810291
Exports,810292,HS1992:810292
Exports,810293,HS1992:810293
Exports,810299,HS1992:810299
Exports,810310,HS1992:810310
Exports,810390,HS1992:810390
Exports,810411,HS1992:810411
Exports,810419,HS1992:810419
Exports,810420,HS1992:810420
Exports,810430,HS1992:810430
Exports,810490,HS1992:810490
Exports,810510,HS1992:810510
Exports,810590,HS1992:810590
Exports,810600,HS1992:810600
Exports,810710,HS1992:810710
Exports,810790,HS1992:810790
Exports,810810,HS1992:810810
Exports,810890,HS1992:810890
Exports,810910,HS1992:810910
Exports,810990,HS1992:810990
Exports,811000,HS1992:811000
Exports,811100,HS1992:811100
Exports,811211,HS1992:811211
Exports,811219,HS1992:811219
Exports,811220,HS1992:811220
Exports,811230,HS1992:811230
Exports,811240,HS1992:811240
Exports,811291,HS1992:811291
Exports,811299,HS1992:811299
Exports,811300,HS1992:811300
Exports,820110,HS1992:820110
Exports,820120,HS1992:820120
Exports,820130,HS1992:820130
Exports,820140,HS1992:820140
Exports,820150,HS1992:820150
Exports,820160,HS1992:820160
Exports,820190,HS1992:820190
Exports,820210,HS1992:820210
Exports,820220,HS1992:820220
Exports,820231,HS1992:820231
Exports,820232,HS1992:820232
Exports,820240,HS1992:820240
Exports,820291,HS1992:820291
Exports,820299,HS1992:820299
Exports,820310,HS1992:820310
Exports,820320,HS1992:820320
Exports,820330,HS1992:820330
Exports,820340,HS1992:820340
Exports,820411,HS1992:820411
Exports,820412,HS1992:820412
Exports,820420,HS1992:820420
Exports,820510,HS1992:820510
Exports,820520,HS1992:820520
Exports,820530,HS1992:820530
Exports,820540,HS1992:820540
Exports,820551,HS1992:820551
Exports,820559,HS1992:820559
Exports,820560,HS1992:820560
Exports,820570,HS1992:820570
Exports,820580,HS1992:820580
Exports,820590,HS1992:820590
Exports,820600,HS1992:820600
Exports,820711,HS1992:820711
Exports,820712,HS1992:820712
Exports,820720,HS1992:820720
Exports,820730,HS1992:820730
Exports,820740,HS1992:820740
Exports,820750,HS1992:820750
Exports,820760,HS1992:820760
Exports,820770,HS1992:820770
Exports,820780,HS1992:820780
Exports,820790,HS1992:820790
Exports,820810,HS1992:820810
Exports,820820,HS1992:820820
Exports,820830,HS1992:820830
Exports,820840,HS1992:820840
Exports,820890,HS1992:820890
Exports,820900,HS1992:820900
Exports,821000,HS1992:821000
Exports,821110,HS1992:821110
Exports,821191,HS1992:821191
Exports,821192,HS1992:821192
Exports,821193,HS1992:821193
Exports,821194,HS1992:821194
Exports,821210,HS1992:821210
Exports,821220,HS1992:821220
Exports,821290,HS1992:821290
Exports,821300,HS1992:821300
Exports,821410,HS1992:821410
Exports,821420,HS1992:821420
Exports,821490,HS1992:821490
Exports,821510,HS1992:821510
Exports,821520,HS1992:821520
Exports,821591,HS1992:821591
Exports,821599,HS1992:821599
Exports,830110,HS1992:830110
Exports,830120,HS1992:830120
Exports,830130,HS1992:830130
Exports,830140,HS1992:830140
Exports,830150,HS1992:830150
Exports,830160,HS1992:830160
Exports,830170,HS1992:830170
Exports,830210,HS1992:830210
Exports,830220,HS1992:830220
Exports,830230,HS1992:830230
Exports,830241,HS1992:830241
Exports,830242,HS1992:830242
Exports,830249,HS1992:830249
Exports,830250,HS1992:830250
Exports,830260,HS1992:830260
Exports,830300,HS1992:830300
Exports,830400,HS1992:830400
Exports,830510,HS1992:830510
Exports,830520,HS1992:830520
Exports,830590,HS1992:830590
Exports,830610,HS1992:830610
Exports,830621,HS1992:830621
Exports,830629,HS1992:830629
Exports,830630,HS1992:830630
Exports,830710,HS1992:830710
Exports,830790,HS1992:830790
Exports,830810,HS1992:830810
Exports,830820,HS1992:830820
Exports,830890,HS1992:830890
Exports,830910,HS1992:830910
Exports,830990,HS1992:830990
Exports,831000,HS1992:831000
Exports,831110,HS1992:831110
Exports,831120,HS1992:831120
Exports,831130,HS1992:831130
Exports,831190,HS1992:831190
Exports,840110,HS1992:840110
Exports,840120,HS1992:840120
Exports,840130,HS1992:840130
Exports,840140,HS1992:840140
Exports,840211,HS1992:840211
Exports,840212,HS1992:840212
Exports,840219,HS1992:840219
Exports,840220,HS1992:840220
Exports,840290,HS1992:840290
Exports,840310,HS1992:840310
Exports,840390,HS1992:840390
Exports,840410,HS1992:840410
Exports,840420,HS1992:840420
Exports,840490,HS1992:840490
Exports,840510,HS1992:840510
Exports,840590,HS1992:840590
Exports,840611,HS1992:840611
Exports,840619,HS1992:840619
Exports,840690,HS1992:840690
Exports,840710,HS1992:840710
Exports,840721,HS1992:840721
Exports,840729,HS1992:840729
Exports,840731,HS1992:840731
Exports,840732,HS1992:840732
Exports,840733,HS1992:840733
Exports,840734,HS1992:840734
Exports,840790,HS1992:840790
Exports,840810,HS1992:840810
Exports,840820,HS1992:840820
Exports,840890,HS1992:840890
Exports,840910,HS1992:840910
Exports,840991,HS1992:840991
Exports,840999,HS1992:840999
Exports,841011,HS1992:841011
Exports,841012,HS1992:841012
Exports,841013,HS1992:841013
Exports,841090,HS1992:841090
Exports,841111,HS1992:841111
Exports,841112,HS1992:841112
Exports,841121,HS1992:841121
Exports,841122,HS1992:841122
Exports,841181,HS1992:841181
Exports,841182,HS1992:841182
Exports,841191,HS1992:841191
Exports,841199,HS1992:841199
Exports,841210,HS1992:841210
Exports,841221,HS1992:841221
Exports,841229,HS1992:841229
Exports,841231,HS1992:841231
Exports,841239,HS1992:841239
Exports,841280,HS1992:841280
Exports,841290,HS1992:841290
Exports,841311,HS1992:841311
Exports,841319,HS1992:841319
Exports,841320,HS1992:841320
Exports,841330,HS1992:841330
Exports,841340,HS1992:841340
Exports,841350,HS1992:841350
Exports,841360,HS1992:841360
Exports,841370,HS1992:841370
Exports,841381,HS1992:841381
Exports,841382,HS1992:841382
Exports,841391,HS1992:841391
Exports,841392,HS1992:841392
Exports,841410,HS1992:841410
Exports,841420,HS1992:841420
Exports,841430,HS1992:841430
Exports,841440,HS1992:841440
Exports,841451,HS1992:841451
Exports,841459,HS1992:841459
Exports,841460,HS1992:841460
Exports,841480,HS1992:841480
Exports,841490,HS1992:841490
Exports,841510,HS1992:841510
Exports,841581,HS1992:841581
Exports,841582,HS1992:841582
Exports,841583,HS1992:841583
Exports,841590,HS1992:841590
Exports,841610,HS1992:841610
Exports,841620,HS1992:841620
Exports,841630,HS1992:841630
Exports,841690,HS1992:841690
Exports,841710,HS1992:841710
Exports,841720,HS1992:841720
Exports,841780,HS1992:841780
Exports,841790,HS1992:841790
Exports,841810,HS1992:841810
Exports,841821,HS1992:841821
Exports,841822,HS1992:841822
Exports,841829,HS1992:841829
Exports,841830,HS1992:841830
Exports,841840,HS1992:841840
Exports,841850,HS1992:841850
Exports,841861,HS1992:841861
Exports,841869,HS1992:841869
Exports,841891,HS1992:841891
Exports,841899,HS1992:841899
Exports,841911,HS1992:841911
Exports,841919,HS1992:841919
Exports,841920,HS1992:841920
Exports,841931,HS1992:841931
Exports,841932,HS1992:841932
Exports,841939,HS1992:841939
Exports,841940,HS1992:841940
Exports,841950,HS1992:841950
Exports,841960,HS1992:841960
Exports,841981,HS1992:841981
Exports,841989,HS1992:841989
Exports,841990,HS1992:841990
Exports,842010,HS1992:842010
Exports,842091,HS1992:842091
Exports,842099,HS1992:842099
Exports,842111,HS1992:842111
Exports,842112,HS1992:842112
Exports,842119,HS1992:842119
Exports,842121,HS1992:842121
Exports,842122,HS1992:842122
Exports,842123,HS1992:842123
Exports,842129,HS1992:842129
Exports,842131,HS1992:842131
Exports,842139,HS1992:842139
Exports,842191,HS1992:842191
Exports,842199,HS1992:842199
Exports,842211,HS1992:842211
Exports,842219,HS1992:842219
Exports,842220,HS1992:842220
Exports,842230,HS1992:842230
Exports,842240,HS1992:842240
Exports,842290,HS1992:842290
Exports,842310,HS1992:842310
Exports,842320,HS1992:842320
Exports,842330,HS1992:842330
Exports,842381,HS1992:842381
Exports,842382,HS1992:842382
Exports,842389,HS1992:842389
Exports,842390,HS1992:842390
Exports,842410,HS1992:842410
Exports,842420,HS1992:842420
Exports,842430,HS1992:842430
Exports,842481,HS1992:842481
Exports,842489,HS1992:842489
Exports,842490,HS1992:842490
Exports,842511,HS1992:842511
Exports,842519,HS1992:842519
Exports,842520,HS1992:842520
Exports,842531,HS1992:842531
Exports,842539,HS1992:842539
Exports,842541,HS1992:842541
Exports,842542,HS1992:842542
Exports,842549,HS1992:842549
Exports,842611,HS1992:842611
Exports,842612,HS1992:842612
Exports,842619,HS1992:842619
Exports,842620,HS1992:842620
Exports,842630,HS1992:842630
Exports,842641,HS1992:842641
Exports,842649,HS1992:842649
Exports,842691,HS1992:842691
Exports,842699,HS1992:842699
Exports,842710,HS1992:842710
Exports,842720,HS1992:842720
Exports,842790,HS1992:842790
Exports,842810,HS1992:842810
Exports,842820,HS1992:842820
Exports,842831,HS1992:842831
Exports,842832,HS1992:842832
Exports,842833,HS1992:842833
Exports,842839,HS1992:842839
Exports,842840,HS1992:842840
Exports,842850,HS1992:842850
Exports,842860,HS1992:842860
Exports,842890,HS1992:842890
Exports,842911,HS1992:842911
Exports,842919,HS1992:842919
Exports,842920,HS1992:842920
Exports,842930,HS1992:842930
Exports,842940,HS1992:842940
Exports,842951,HS1992:842951
Exports,842952,HS1992:842952
Exports,842959,HS1992:842959
Exports,843010,HS1992:843010
Exports,843020,HS1992:843020
Exports,843031,HS1992:843031
Exports,843039,HS1992:843039
Exports,843041,HS1992:843041
Exports,843049,HS1992:843049
Exports,843050,HS1992:843050
Exports,843061,HS1992:843061
Exports,843062,HS1992:843062
Exports,843069,HS1992:843069
Exports,843110,HS1992:843110
Exports,843120,HS1992:843120
Exports,843131,HS1992:843131
Exports,843139,HS1992:843139
Exports,843141,HS1992:843141
Exports,843142,HS1992:843142
Exports,843143,HS1992:843143
Exports,843149,HS1992:843149
Exports,843210,HS1992:843210
Exports,843221,HS1992:843221
Exports,843229,HS1992:843229
Exports,843230,HS1992:843230
Exports,843240,HS1992:843240
Exports,843280,HS1992:843280
Exports,843290,HS1992:843290
Exports,843311,HS1992:843311
Exports,843319,HS1992:843319
Exports,843320,HS1992:843320
Exports,843330,HS1992:843330
Exports,843340,HS1992:843340
Exports,843351,HS1992:843351
Exports,843352,HS1992:843352
Exports,843353,HS1992:843353
Exports,843359,HS1992:843359
Exports,843360,HS1992:843360
Exports,843390,HS1992:843390
Exports,843410,HS1992:843410
Exports,843420,HS1992:843420
Exports,843490,HS1992:843490
Exports,843510,HS1992:843510
Exports,843590,HS1992:843590
Exports,843610,HS1992:843610
Exports,843621,HS1992:843621
Exports,843629,HS1992:843629
Exports,843680,HS1992:843680
Exports,843691,HS1992:843691
Exports,843699,HS1992:843699
Exports,843710,HS1992:843710
Exports,843780,HS1992:843780
Exports,843790,HS1992:843790
Exports,843810,HS1992:843810
Exports,843820,HS1992:843820
Exports,843830,HS1992:843830
Exports,843840,HS1992:843840
Exports,843850,HS1992:843850
Exports,843860,HS1992:843860
Exports,843880,HS1992:843880
Exports,843890,HS1992:843890
Exports,843910,HS1992:843910
Exports,843920,HS1992:843920
Exports,843930,HS1992:843930
Exports,843991,HS1992:843991
Exports,843999,HS1992:843999
Exports,844010,HS1992:844010
Exports,844090,HS1992:844090
Exports,844110,HS1992:844110
Exports,844120,HS1992:844120
Exports,844130,HS1992:844130
Exports,844140,HS1992:844140
Exports,844180,HS1992:844180
Exports,844190,HS1992:844190
Exports,844210,HS1992:844210
Exports,844220,HS1992:844220
Exports,844230,HS1992:844230
Exports,844240,HS1992:844240
Exports,844250,HS1992:844250
Exports,844311,HS1992:844311
Exports,844312,HS1992:844312
Exports,844319,HS1992:844319
Exports,844321,HS1992:844321
Exports,844329,HS1992:844329
Exports,844330,HS1992:844330
Exports,844340,HS1992:844340
Exports,844350,HS1992:844350
Exports,844400,HS1992:844400
Exports,844511,HS1992:844511
Exports,844512,HS1992:844512
Exports,844513,HS1992:844513
Exports,844519,HS1992:844519
Exports,844520,HS1992:844520
Exports,844530,HS1992:844530
Exports,844540,HS1992:844540
Exports,844590,HS1992:844590
Exports,844610,HS1992:844610
Exports,844621,HS1992:844621
Exports,844629,HS1992:844629
Exports,844630,HS1992:844630
Exports,844711,HS1992:844711
Exports,844712,HS1992:844712
Exports,844720,HS1992:844720
Exports,844790,HS1992:844790
Exports,844811,HS1992:844811
Exports,844819,HS1992:844819
Exports,844820,HS1992:844820
Exports,844831,HS1992:844831
Exports,844832,HS1992:844832
Exports,844833,HS1992:844833
Exports,844839,HS1992:844839
Exports,844841,HS1992:844841
Exports,844842,HS1992:844842
Exports,844849,HS1992:844849
Exports,844851,HS1992:844851
Exports,844859,HS1992:844859
Exports,844900,HS1992:844900
Exports,845011,HS1992:845011
Exports,845012,HS1992:845012
Exports,845019,HS1992:845019
Exports,845020,HS1992:845020
Exports,845090,HS1992:845090
Exports,845110,HS1992:845110
Exports,845121,HS1992:845121
Exports,845129,HS1992:845129
Exports,845130,HS1992:845130
Exports,845140,HS1992:845140
Exports,845150,HS1992:845150
Exports,845180,HS1992:845180
Exports,845190,HS1992:845190
Exports,845210,HS1992:845210
Exports,845221,HS1992:845221
Exports,845229,HS1992:845229
Exports,845230,HS1992:845230
Exports,845240,HS1992:845240
Exports,845290,HS1992:845290
Exports,845310,HS1992:845310
Exports,845320,HS1992:845320
Exports,845380,HS1992:845380
Exports,845390,HS1992:845390
Exports,845410,HS1992:845410
Exports,845420,HS1992:845420
Exports,845430,HS1992:845430
Exports,845490,HS1992:845490
Exports,845510,HS1992:845510
Exports,845521,HS1992:845521
Exports,845522,HS1992:845522
Exports,845530,HS1992:845530
Exports,845590,HS1992:845590
Exports,845610,HS1992:845610
Exports,845620,HS1992:845620
Exports,845630,HS1992:845630
Exports,845690,HS1992:845690
Exports,845710,HS1992:845710
Exports,845720,HS1992:845720
Exports,845730,HS1992:845730
Exports,845811,HS1992:845811
Exports,845819,HS1992:845819
Exports,845891,HS1992:845891
Exports,845899,HS1992:845899
Exports,845910,HS1992:845910
Exports,845921,HS1992:845921
Exports,845929,HS1992:845929
Exports,845931,HS1992:845931
Exports,845939,HS1992:845939
Exports,845940,HS1992:845940
Exports,845951,HS1992:845951
Exports,845959,HS1992:845959
Exports,845961,HS1992:845961
Exports,845969,HS1992:845969
Exports,845970,HS1992:845970
Exports,846011,HS1992:846011
Exports,846019,HS1992:846019
Exports,846021,HS1992:846021
Exports,846029,HS1992:846029
Exports,846031,HS1992:846031
Exports,846039,HS1992:846039
Exports,846040,HS1992:846040
Exports,846090,HS1992:846090
Exports,846110,HS1992:846110
Exports,846120,HS1992:846120
Exports,846130,HS1992:846130
Exports,846140,HS1992:846140
Exports,846150,HS1992:846150
Exports,846190,HS1992:846190
Exports,846210,HS1992:846210
Exports,846221,HS1992:846221
Exports,846229,HS1992:846229
Exports,846231,HS1992:846231
Exports,846239,HS1992:846239
Exports,846241,HS1992:846241
Exports,846249,HS1992:846249
Exports,846291,HS1992:846291
Exports,846299,HS1992:846299
Exports,846310,HS1992:846310
Exports,846320,HS1992:846320
Exports,846330,HS1992:846330
Exports,846390,HS1992:846390
Exports,846410,HS1992:846410
Exports,846420,HS1992:846420
Exports,846490,HS1992:846490
Exports,846510,HS1992:846510
Exports,846591,HS1992:846591
Exports,846592,HS1992:846592
Exports,846593,HS1992:846593
Exports,846594,HS1992:846594
Exports,846595,HS1992:846595
Exports,846596,HS1992:846596
Exports,846599,HS1992:846599
Exports,846610,HS1992:846610
Exports,846620,HS1992:846620
Exports,846630,HS1992:846630
Exports,846691,HS1992:846691
Exports,846692,HS1992:846692
Exports,846693,HS1992:846693
Exports,846694,HS1992:846694
Exports,846711,HS1992:846711
Exports,846719,HS1992:846719
Exports,846781,HS1992:846781
Exports,846789,HS1992:846789
Exports,846791,HS1992:846791
Exports,846792,HS1992:846792
Exports,846799,HS1992:846799
Exports,846810,HS1992:846810
Exports,846820,HS1992:846820
Exports,846880,HS1992:846880
Exports,846890,HS1992:846890
Exports,846910,HS1992:846910
Exports,846921,HS1992:846921
Exports,846929,HS1992:846929
Exports,846931,HS1992:846931
Exports,846939,HS1992:846939
Exports,847010,HS1992:847010
Exports,847021,HS1992:847021
Exports,847029,HS1992:847029
Exports,847030,HS1992:847030
Exports,847040,HS1992:847040
Exports,847050,HS1992:847050
Exports,847090,HS1992:847090
Exports,847110,HS1992:847110
Exports,847120,HS1992:847120
Exports,847191,HS1992:847191
Exports,847192,HS1992:847192
Exports,847193,HS1992:847193
Exports,847199,HS1992:847199
Exports,847210,HS1992:847210
Exports,847220,HS1992:847220
Exports,847230,HS1992:847230
Exports,847290,HS1992:847290
Exports,847310,HS1992:847310
Exports,847321,HS1992:847321
Exports,847329,HS1992:847329
Exports,847330,HS1992:847330
Exports,847340,HS1992:847340
Exports,847410,HS1992:847410
Exports,847420,HS1992:847420
Exports,847431,HS1992:847431
Exports,847432,HS1992:847432
Exports,847439,HS1992:847439
Exports,847480,HS1992:847480
Exports,847490,HS1992:847490
Exports,847510,HS1992:847510
Exports,847520,HS1992:847520
Exports,847590,HS1992:847590
Exports,847611,HS1992:847611
Exports,847619,HS1992:847619
Exports,847690,HS1992:847690
Exports,847710,HS1992:847710
Exports,847720,HS1992:847720
Exports,847730,HS1992:847730
Exports,847740,HS1992:847740
Exports,847751,HS1992:847751
Exports,847759,HS1992:847759
Exports,847780,HS1992:847780
Exports,847790,HS1992:847790
Exports,847810,HS1992:847810
Exports,847890,HS1992:847890
Exports,847910,HS1992:847910
Exports,847920,HS1992:847920
Exports,847930,HS1992:847930
Exports,847940,HS1992:847940
Exports,847981,HS1992:847981
Exports,847982,HS1992:847982
Exports,847989,HS1992:847989
Exports,847990,HS1992:847990
Exports,848010,HS1992:848010
Exports,848020,HS1992:848020
Exports,848030,HS1992:848030
Exports,848041,HS1992:848041
Exports,848049,HS1992:848049
Exports,848050,HS1992:848050
Exports,848060,HS1992:848060
Exports,848071,HS1992:848071
Exports,848079,HS1992:848079
Exports,848110,HS1992:848110
Exports,848120,HS1992:848120
Exports,848130,HS1992:848130
Exports,848140,HS1992:848140
Exports,848180,HS1992:848180
Exports,848190,HS1992:848190
Exports,848210,HS1992:848210
Exports,848220,HS1992:848220
Exports,848230,HS1992:848230
Exports,848240,HS1992:848240
Exports,848250,HS1992:848250
Exports,848280,HS1992:848280
Exports,848291,HS1992:848291
Exports,848299,HS1992:848299
Exports,848310,HS1992:848310
Exports,848320,HS1992:848320
Exports,848330,HS1992:848330
Exports,848340,HS1992:848340
Exports,848350,HS1992:848350
Exports,848360,HS1992:848360
Exports,848390,HS1992:848390
Exports,848410,HS1992:848410
Exports,848490,HS1992:848490
Exports,848510,HS1992:848510
Exports,848590,HS1992:848590
Exports,850110,HS1992:850110
Exports,850120,HS1992:850120
Exports,850131,HS1992:850131
Exports,850132,HS1992:850132
Exports,850133,HS1992:850133
Exports,850134,HS1992:850134
Exports,850140,HS1992:850140
Exports,850151,HS1992:850151
Exports,850152,HS1992:850152
Exports,850153,HS1992:850153
Exports,850161,HS1992:850161
Exports,850162,HS1992:850162
Exports,850163,HS1992:850163
Exports,850164,HS1992:850164
Exports,850211,HS1992:850211
Exports,850212,HS1992:850212
Exports,850213,HS1992:850213
Exports,850220,HS1992:850220
Exports,850230,HS1992:850230
Exports,850240,HS1992:850240
Exports,850300,HS1992:850300
Exports,850410,HS1992:850410
Exports,850421,HS1992:850421
Exports,850422,HS1992:850422
Exports,850423,HS1992:850423
Exports,850431,HS1992:850431
Exports,850432,HS1992:850432
Exports,850433,HS1992:850433
Exports,850434,HS1992:850434
Exports,850440,HS1992:850440
Exports,850450,HS1992:850450
Exports,850490,HS1992:850490
Exports,850511,HS1992:850511
Exports,850519,HS1992:850519
Exports,850520,HS1992:850520
Exports,850530,HS1992:850530
Exports,850590,HS1992:850590
Exports,850611,HS1992:850611
Exports,850612,HS1992:850612
Exports,850613,HS1992:850613
Exports,850619,HS1992:850619
Exports,850620,HS1992:850620
Exports,850690,HS1992:850690
Exports,850710,HS1992:850710
Exports,850720,HS1992:850720
Exports,850730,HS1992:850730
Exports,850740,HS1992:850740
Exports,850780,HS1992:850780
Exports,850790,HS1992:850790
Exports,850810,HS1992:850810
Exports,850820,HS1992:850820
Exports,850880,HS1992:850880
Exports,850890,HS1992:850890
Exports,850910,HS1992:850910
Exports,850920,HS1992:850920
Exports,850930,HS1992:850930
Exports,850940,HS1992:850940
Exports,850980,HS1992:850980
Exports,850990,HS1992:850990
Exports,851010,HS1992:851010
Exports,851020,HS1992:851020
Exports,851090,HS1992:851090
Exports,851110,HS1992:851110
Exports,851120,HS1992:851120
Exports,851130,HS1992:851130
Exports,851140,HS1992:851140
Exports,851150,HS1992:851150
Exports,851180,HS1992:851180
Exports,851190,HS1992:851190
Exports,851210,HS1992:851210
Exports,851220,HS1992:851220
Exports,851230,HS1992:851230
Exports,851240,HS1992:851240
Exports,851290,HS1992:851290
Exports,851310,HS1992:851310
Exports,851390,HS1992:851390
Exports,851410,HS1992:851410
Exports,851420,HS1992:851420
Exports,851430,HS1992:851430
Exports,851440,HS1992:851440
Exports,851490,HS1992:851490
Exports,851511,HS1992:851511
Exports,851519,HS1992:851519
Exports,851521,HS1992:851521
Exports,851529,HS1992:851529
Exports,851531,HS1992:851531
Exports,851539,HS1992:851539
Exports,851580,HS1992:851580
Exports,851590,HS1992:851590
Exports,851610,HS1992:851610
Exports,851621,HS1992:851621
Exports,851629,HS1992:851629
Exports,851631,HS1992:851631
Exports,851632,HS1992:851632
Exports,851633,HS1992:851633
Exports,851640,HS1992:851640
Exports,851650,HS1992:851650
Exports,851660,HS1992:851660
Exports,851671,HS1992:851671
Exports,851672,HS1992:851672
Exports,851679,HS1992:851679
Exports,851680,HS1992:851680
Exports,851690,HS1992:851690
Exports,851710,HS1992:851710
Exports,851720,HS1992:851720
Exports,851730,HS1992:851730
Exports,851740,HS1992:851740
Exports,851781,HS1992:851781
Exports,851782,HS1992:851782
Exports,851790,HS1992:851790
Exports,851810,HS1992:851810
Exports,851821,HS1992:851821
Exports,851822,HS1992:851822
Exports,851829,HS1992:851829
Exports,851830,HS1992:851830
Exports,851840,HS1992:851840
Exports,851850,HS1992:851850
Exports,851890,HS1992:851890
Exports,851931,HS1992:851931
Exports,851939,HS1992:851939
Exports,852020,HS1992:852020
Exports,852110,HS1992:852110
Exports,852190,HS1992:852190
Exports,852210,HS1992:852210
Exports,852290,HS1992:852290
Exports,852510,HS1992:852510
Exports,852520,HS1992:852520
Exports,852530,HS1992:852530
Exports,852610,HS1992:852610
Exports,852691,HS1992:852691
Exports,852692,HS1992:852692
Exports,852711,HS1992:852711
Exports,852719,HS1992:852719
Exports,852721,HS1992:852721
Exports,852729,HS1992:852729
Exports,852731,HS1992:852731
Exports,852732,HS1992:852732
Exports,852739,HS1992:852739
Exports,852790,HS1992:852790
Exports,852810,HS1992:852810
Exports,852820,HS1992:852820
Exports,852910,HS1992:852910
Exports,852990,HS1992:852990
Exports,853010,HS1992:853010
Exports,853080,HS1992:853080
Exports,853090,HS1992:853090
Exports,853110,HS1992:853110
Exports,853120,HS1992:853120
Exports,853180,HS1992:853180
Exports,853190,HS1992:853190
Exports,853210,HS1992:853210
Exports,853221,HS1992:853221
Exports,853222,HS1992:853222
Exports,853223,HS1992:853223
Exports,853224,HS1992:853224
Exports,853225,HS1992:853225
Exports,853229,HS1992:853229
Exports,853230,HS1992:853230
Exports,853290,HS1992:853290
Exports,853310,HS1992:853310
Exports,853321,HS1992:853321
Exports,853329,HS1992:853329
Exports,853331,HS1992:853331
Exports,853339,HS1992:853339
Exports,853340,HS1992:853340
Exports,853390,HS1992:853390
Exports,853400,HS1992:853400
Exports,853510,HS1992:853510
Exports,853521,HS1992:853521
Exports,853529,HS1992:853529
Exports,853530,HS1992:853530
Exports,853540,HS1992:853540
Exports,853590,HS1992:853590
Exports,853610,HS1992:853610
Exports,853620,HS1992:853620
Exports,853630,HS1992:853630
Exports,853641,HS1992:853641
Exports,853649,HS1992:853649
Exports,853650,HS1992:853650
Exports,853661,HS1992:853661
Exports,853669,HS1992:853669
Exports,853690,HS1992:853690
Exports,853710,HS1992:853710
Exports,853720,HS1992:853720
Exports,853810,HS1992:853810
Exports,853890,HS1992:853890
Exports,853910,HS1992:853910
Exports,853921,HS1992:853921
Exports,853922,HS1992:853922
Exports,853929,HS1992:853929
Exports,853931,HS1992:853931
Exports,853939,HS1992:853939
Exports,853940,HS1992:853940
Exports,853990,HS1992:853990
Exports,854011,HS1992:854011
Exports,854012,HS1992:854012
Exports,854020,HS1992:854020
Exports,854030,HS1992:854030
Exports,854041,HS1992:854041
Exports,854042,HS1992:854042
Exports,854049,HS1992:854049
Exports,854081,HS1992:854081
Exports,854089,HS1992:854089
Exports,854091,HS1992:854091
Exports,854099,HS1992:854099
Exports,854110,HS1992:854110
Exports,854121,HS1992:854121
Exports,854129,HS1992:854129
Exports,854130,HS1992:854130
Exports,854140,HS1992:854140
Exports,854150,HS1992:854150
Exports,854160,HS1992:854160
Exports,854190,HS1992:854190
Exports,854211,HS1992:854211
Exports,854219,HS1992:854219
Exports,854220,HS1992:854220
Exports,854280,HS1992:854280
Exports,854290,HS1992:854290
Exports,854310,HS1992:854310
Exports,854320,HS1992:854320
Exports,854330,HS1992:854330
Exports,854380,HS1992:854380
Exports,854390,HS1992:854390
Exports,854411,HS1992:854411
Exports,854419,HS1992:854419
Exports,854420,HS1992:854420
Exports,854430,HS1992:854430
Exports,854441,HS1992:854441
Exports,854449,HS1992:854449
Exports,854451,HS1992:854451
Exports,854459,HS1992:854459
Exports,854460,HS1992:854460
Exports,854470,HS1992:854470
Exports,854511,HS1992:854511
Exports,854519,HS1992:854519
Exports,854520,HS1992:854520
Exports,854590,HS1992:854590
Exports,854610,HS1992:854610
Exports,854620,HS1992:854620
Exports,854690,HS1992:854690
Exports,854710,HS1992:854710
Exports,854720,HS1992:854720
Exports,854790,HS1992:854790
Exports,854800,HS1992:854800
Exports,860110,HS1992:860110
Exports,860120,HS1992:860120
Exports,860210,HS1992:860210
Exports,860290,HS1992:860290
Exports,860310,HS1992:860310
Exports,860390,HS1992:860390
Exports,860400,HS1992:860400
Exports,860500,HS1992:860500
Exports,860610,HS1992:860610
Exports,860620,HS1992:860620
Exports,860630,HS1992:860630
Exports,860691,HS1992:860691
Exports,860692,HS1992:860692
Exports,860699,HS1992:860699
Exports,860711,HS1992:860711
Exports,860712,HS1992:860712
Exports,860719,HS1992:860719
Exports,860721,HS1992:860721
Exports,860729,HS1992:860729
Exports,860730,HS1992:860730
Exports,860791,HS1992:860791
Exports,860799,HS1992:860799
Exports,860800,HS1992:860800
Exports,860900,HS1992:860900
Exports,870110,HS1992:870110
Exports,870120,HS1992:870120
Exports,870130,HS1992:870130
Exports,870190,HS1992:870190
Exports,870210,HS1992:870210
Exports,870290,HS1992:870290
Exports,870310,HS1992:870310
Exports,870321,HS1992:870321
Exports,870322,HS1992:870322
Exports,870323,HS1992:870323
Exports,870324,HS1992:870324
Exports,870331,HS1992:870331
Exports,870332,HS1992:870332
Exports,870333,HS1992:870333
Exports,870390,HS1992:870390
Exports,870410,HS1992:870410
Exports,870421,HS1992:870421
Exports,870422,HS1992:870422
Exports,870423,HS1992:870423
Exports,870431,HS1992:870431
Exports,870432,HS1992:870432
Exports,870490,HS1992:870490
Exports,870510,HS1992:870510
Exports,870520,HS1992:870520
Exports,870530,HS1992:870530
Exports,870540,HS1992:870540
Exports,870590,HS1992:870590
Exports,870600,HS1992:870600
Exports,870710,HS1992:870710
Exports,870790,HS1992:870790
Exports,870810,HS1992:870810
Exports,870821,HS1992:870821
Exports,870829,HS1992:870829
Exports,870831,HS1992:870831
Exports,870839,HS1992:870839
Exports,870840,HS1992:870840
Exports,870850,HS1992:870850
Exports,870860,HS1992:870860
Exports,870870,HS1992:870870
Exports,870880,HS1992:870880
Exports,870891,HS1992:870891
Exports,870892,HS1992:870892
Exports,870893,HS1992:870893
Exports,870894,HS1992:870894
Exports,870899,HS1992:870899
Exports,870911,HS1992:870911
Exports,870919,HS1992:870919
Exports,870990,HS1992:870990
Exports,871000,HS1992:871000
Exports,871110,HS1992:871110
Exports,871120,HS1992:871120
Exports,871130,HS1992:871130
Exports,871140,HS1992:871140
Exports,871150,HS1992:871150
Exports,871190,HS1992:871190
Exports,871200,HS1992:871200
Exports,871310,HS1992:871310
Exports,871390,HS1992:871390
Exports,871411,HS1992:871411
Exports,871419,HS1992:871419
Exports,871420,HS1992:871420
Exports,871491,HS1992:871491
Exports,871492,HS1992:871492
Exports,871493,HS1992:871493
Exports,871494,HS1992:871494
Exports,871495,HS1992:871495
Exports,871496,HS1992:871496
Exports,871499,HS1992:871499
Exports,871500,HS1992:871500
Exports,871610,HS1992:871610
Exports,871620,HS1992:871620
Exports,871631,HS1992:871631
Exports,871639,HS1992:871639
Exports,871640,HS1992:871640
Exports,871680,HS1992:871680
Exports,871690,HS1992:871690
Exports,880211,HS1992:880211
Exports,880212,HS1992:880212
Exports,880220,HS1992:880220
Exports,880230,HS1992:880230
Exports,880240,HS1992:880240
Exports,880250,HS1992:880250
Exports,880310,HS1992:880310
Exports,880320,HS1992:880320
Exports,880330,HS1992:880330
Exports,880390,HS1992:880390
Exports,880400,HS1992:880400
Exports,880510,HS1992:880510
Exports,880520,HS1992:880520
Exports,890110,HS1992:890110
Exports,890120,HS1992:890120
Exports,890130,HS1992:890130
Exports,890190,HS1992:890190
Exports,890200,HS1992:890200
Exports,890310,HS1992:890310
Exports,890391,HS1992:890391
Exports,890392,HS1992:890392
Exports,890399,HS1992:890399
Exports,890400,HS1992:890400
Exports,890510,HS1992:890510
Exports,890520,HS1992:890520
Exports,890590,HS1992:890590
Exports,890600,HS1992:890600
Exports,890710,HS1992:890710
Exports,890790,HS1992:890790
Exports,890800,HS1992:890800
Exports,900110,HS1992:900110
Exports,900120,HS1992:900120
Exports,900130,HS1992:900130
Exports,900140,HS1992:900140
Exports,900150,HS1992:900150
Exports,900190,HS1992:900190
Exports,900211,HS1992:900211
Exports,900219,HS1992:900219
Exports,900220,HS1992:900220
Exports,900290,HS1992:900290
Exports,900311,HS1992:900311
Exports,900319,HS1992:900319
Exports,900390,HS1992:900390
Exports,900410,HS1992:900410
Exports,900490,HS1992:900490
Exports,900510,HS1992:900510
Exports,900580,HS1992:900580
Exports,900590,HS1992:900590
Exports,900610,HS1992:900610
Exports,900630,HS1992:900630
Exports,900640,HS1992:900640
Exports,900651,HS1992:900651
Exports,900661,HS1992:900661
Exports,900662,HS1992:900662
Exports,900669,HS1992:900669
Exports,900691,HS1992:900691
Exports,900699,HS1992:900699
Exports,900711,HS1992:900711
Exports,900719,HS1992:900719
Exports,900721,HS1992:900721
Exports,900729,HS1992:900729
Exports,900791,HS1992:900791
Exports,900792,HS1992:900792
Exports,900810,HS1992:900810
Exports,900820,HS1992:900820
Exports,900830,HS1992:900830
Exports,900840,HS1992:900840
Exports,900890,HS1992:900890
Exports,900911,HS1992:900911
Exports,900912,HS1992:900912
Exports,901010,HS1992:901010
Exports,901020,HS1992:901020
Exports,901030,HS1992:901030
Exports,901090,HS1992:901090
Exports,901110,HS1992:901110
Exports,901120,HS1992:901120
Exports,901180,HS1992:901180
Exports,901190,HS1992:901190
Exports,901210,HS1992:901210
Exports,901290,HS1992:901290
Exports,901310,HS1992:901310
Exports,901320,HS1992:901320
Exports,901380,HS1992:901380
Exports,901390,HS1992:901390
Exports,901410,HS1992:901410
Exports,901420,HS1992:901420
Exports,901480,HS1992:901480
Exports,901490,HS1992:901490
Exports,901510,HS1992:901510
Exports,901520,HS1992:901520
Exports,901530,HS1992:901530
Exports,901540,HS1992:901540
Exports,901580,HS1992:901580
Exports,901590,HS1992:901590
Exports,901600,HS1992:901600
Exports,901710,HS1992:901710
Exports,901720,HS1992:901720
Exports,901730,HS1992:901730
Exports,901780,HS1992:901780
Exports,901790,HS1992:901790
Exports,901811,HS1992:901811
Exports,901819,HS1992:901819
Exports,901820,HS1992:901820
Exports,901831,HS1992:901831
Exports,901832,HS1992:901832
Exports,901839,HS1992:901839
Exports,901841,HS1992:901841
Exports,901849,HS1992:901849
Exports,901850,HS1992:901850
Exports,901890,HS1992:901890
Exports,901910,HS1992:901910
Exports,901920,HS1992:901920
Exports,902000,HS1992:902000
Exports,902111,HS1992:902111
Exports,902119,HS1992:902119
Exports,902121,HS1992:902121
Exports,902129,HS1992:902129
Exports,902130,HS1992:902130
Exports,902140,HS1992:902140
Exports,902150,HS1992:902150
Exports,902190,HS1992:902190
Exports,902211,HS1992:902211
Exports,902219,HS1992:902219
Exports,902221,HS1992:902221
Exports,902229,HS1992:902229
Exports,902230,HS1992:902230
Exports,902290,HS1992:902290
Exports,902300,HS1992:902300
Exports,902410,HS1992:902410
Exports,902480,HS1992:902480
Exports,902490,HS1992:902490
Exports,902511,HS1992:902511
Exports,902519,HS1992:902519
Exports,902520,HS1992:902520
Exports,902580,HS1992:902580
Exports,902590,HS1992:902590
Exports,902610,HS1992:902610
Exports,902620,HS1992:902620
Exports,902680,HS1992:902680
Exports,902690,HS1992:902690
Exports,902710,HS1992:902710
Exports,902720,HS1992:902720
Exports,902730,HS1992:902730
Exports,902740,HS1992:902740
Exports,902750,HS1992:902750
Exports,902780,HS1992:902780
Exports,902790,HS1992:902790
Exports,902810,HS1992:902810
Exports,902820,HS1992:902820
Exports,902830,HS1992:902830
Exports,902890,HS1992:902890
Exports,902910,HS1992:902910
Exports,902920,HS1992:902920
Exports,902990,HS1992:902990
Exports,903010,HS1992:903010
Exports,903020,HS1992:903020
Exports,903031,HS1992:903031
Exports,903039,HS1992:903039
Exports,903040,HS1992:903040
Exports,903081,HS1992:903081
Exports,903089,HS1992:903089
Exports,903090,HS1992:903090
Exports,903110,HS1992:903110
Exports,903120,HS1992:903120
Exports,903130,HS1992:903130
Exports,903140,HS1992:903140
Exports,903180,HS1992:903180
Exports,903190,HS1992:903190
Exports,903210,HS1992:903210
Exports,903220,HS1992:903220
Exports,903281,HS1992:903281
Exports,903289,HS1992:903289
Exports,903290,HS1992:903290
Exports,903300,HS1992:903300
Exports,910111,HS1992:910111
Exports,910112,HS1992:910112
Exports,910119,HS1992:910119
Exports,910121,HS1992:910121
Exports,910129,HS1992:910129
Exports,910191,HS1992:910191
Exports,910199,HS1992:910199
Exports,910211,HS1992:910211
Exports,910212,HS1992:910212
Exports,910219,HS1992:910219
Exports,910221,HS1992:910221
Exports,910229,HS1992:910229
Exports,910291,HS1992:910291
Exports,910299,HS1992:910299
Exports,910310,HS1992:910310
Exports,910390,HS1992:910390
Exports,910400,HS1992:910400
Exports,910511,HS1992:910511
Exports,910519,HS1992:910519
Exports,910521,HS1992:910521
Exports,910529,HS1992:910529
Exports,910591,HS1992:910591
Exports,910599,HS1992:910599
Exports,910610,HS1992:910610
Exports,910620,HS1992:910620
Exports,910690,HS1992:910690
Exports,910700,HS1992:910700
Exports,910811,HS1992:910811
Exports,910812,HS1992:910812
Exports,910819,HS1992:910819
Exports,910820,HS1992:910820
Exports,910891,HS1992:910891
Exports,910899,HS1992:910899
Exports,910911,HS1992:910911
Exports,910919,HS1992:910919
Exports,910990,HS1992:910990
Exports,911011,HS1992:911011
Exports,911012,HS1992:911012
Exports,911019,HS1992:911019
Exports,911090,HS1992:911090
Exports,911110,HS1992:911110
Exports,911120,HS1992:911120
Exports,911180,HS1992:911180
Exports,911190,HS1992:911190
Exports,911210,HS1992:911210
Exports,911280,HS1992:911280
Exports,911290,HS1992:911290
Exports,911310,HS1992:911310
Exports,911320,HS1992:911320
Exports,911390,HS1992:911390
Exports,911410,HS1992:911410
Exports,911420,HS1992:911420
Exports,911430,HS1992:911430
Exports,911440,HS1992:911440
Exports,911490,HS1992:911490
Exports,920110,HS1992:920110
Exports,920120,HS1992:920120
Exports,920190,HS1992:920190
Exports,920210,HS1992:920210
Exports,920290,HS1992:920290
Exports,920300,HS1992:920300
Exports,920410,HS1992:920410
Exports,920420,HS1992:920420
Exports,920510,HS1992:920510
Exports,920590,HS1992:920590
Exports,920600,HS1992:920600
Exports,920710,HS1992:920710
Exports,920790,HS1992:920790
Exports,920810,HS1992:920810
Exports,920890,HS1992:920890
Exports,920930,HS1992:920930
Exports,920991,HS1992:920991
Exports,920992,HS1992:920992
Exports,920994,HS1992:920994
Exports,930100,HS1992:930100
Exports,930200,HS1992:930200
Exports,930310,HS1992:930310
Exports,930320,HS1992:930320
Exports,930330,HS1992:930330
Exports,930390,HS1992:930390
Exports,930400,HS1992:930400
Exports,930510,HS1992:930510
Exports,930521,HS1992:930521
Exports,930529,HS1992:930529
Exports,930590,HS1992:930590
Exports,930621,HS1992:930621
Exports,930629,HS1992:930629
Exports,930690,HS1992:930690
Exports,930700,HS1992:930700
Exports,940110,HS1992:940110
Exports,940120,HS1992:940120
Exports,940130,HS1992:940130
Exports,940140,HS1992:940140
Exports,940150,HS1992:940150
Exports,940161,HS1992:940161
Exports,940169,HS1992:940169
Exports,940171,HS1992:940171
Exports,940179,HS1992:940179
Exports,940180,HS1992:940180
Exports,940190,HS1992:940190
Exports,940210,HS1992:940210
Exports,940290,HS1992:940290
Exports,940310,HS1992:940310
Exports,940320,HS1992:940320
Exports,940330,HS1992:940330
Exports,940340,HS1992:940340
Exports,940350,HS1992:940350
Exports,940360,HS1992:940360
Exports,940370,HS1992:940370
Exports,940380,HS1992:940380
Exports,940390,HS1992:940390
Exports,940410,HS1992:940410
Exports,940421,HS1992:940421
Exports,940429,HS1992:940429
Exports,940430,HS1992:940430
Exports,940490,HS1992:940490
Exports,940510,HS1992:940510
Exports,940520,HS1992:940520
Exports,940530,HS1992:940530
Exports,940540,HS1992:940540
Exports,940550,HS1992:940550
Exports,940560,HS1992:940560
Exports,940591,HS1992:940591
Exports,940592,HS1992:940592
Exports,940599,HS1992:940599
Exports,940600,HS1992:940600
Exports,950420,HS1992:950420
Exports,950430,HS1992:950430
Exports,950440,HS1992:950440
Exports,950490,HS1992:950490
Exports,950510,HS1992:950510
Exports,950590,HS1992:950590
Exports,950611,HS1992:950611
Exports,950612,HS1992:950612
Exports,950619,HS1992:950619
Exports,950621,HS1992:950621
Exports,950629,HS1992:950629
Exports,950631,HS1992:950631
Exports,950632,HS1992:950632
Exports,950639,HS1992:950639
Exports,950640,HS1992:950640
Exports,950651,HS1992:950651
Exports,950659,HS1992:950659
Exports,950661,HS1992:950661
Exports,950662,HS1992:950662
Exports,950669,HS1992:950669
Exports,950670,HS1992:950670
Exports,950691,HS1992:950691
Exports,950699,HS1992:950699
Exports,950710,HS1992:950710
Exports,950720,HS1992:950720
Exports,950730,HS1992:950730
Exports,950790,HS1992:950790
Exports,950800,HS1992:950800
Exports,960110,HS1992:960110
Exports,960190,HS1992:960190
Exports,960200,HS1992:960200
Exports,960310,HS1992:960310
Exports,960321,HS1992:960321
Exports,960329,HS1992:960329
Exports,960330,HS1992:960330
Exports,960340,HS1992:960340
Exports,960350,HS1992:960350
Exports,960390,HS1992:960390
Exports,960400,HS1992:960400
Exports,960500,HS1992:960500
Exports,960610,HS1992:960610
Exports,960621,HS1992:960621
Exports,960622,HS1992:960622
Exports,960629,HS1992:960629
Exports,960630,HS1992:960630
Exports,960711,HS1992:960711
Exports,960719,HS1992:960719
Exports,960720,HS1992:960720
Exports,960810,HS1992:960810
Exports,960820,HS1992:960820
Exports,960831,HS1992:960831
Exports,960839,HS1992:960839
Exports,960840,HS1992:960840
Exports,960850,HS1992:960850
Exports,960860,HS1992:960860
Exports,960891,HS1992:960891
Exports,960899,HS1992:960899
Exports,960910,HS1992:960910
Exports,960920,HS1992:960920
Exports,960990,HS1992:960990
Exports,961000,HS1992:961000
Exports,961100,HS1992:961100
Exports,961210,HS1992:961210
Exports,961220,HS1992:961220
Exports,961310,HS1992:961310
Exports,961320,HS1992:961320
Exports,961330,HS1992:961330
Exports,961380,HS1992:961380
Exports,961390,HS1992:961390
Exports,961410,HS1992:961410
Exports,961420,HS1992:961420
Exports,961490,HS1992:961490
Exports,961511,HS1992:961511
Exports,961519,HS1992:961519
Exports,961590,HS1992:961590
Exports,961610,HS1992:961610
Exports,961620,HS1992:961620
Exports,961700,HS1992:961700
Exports,961800,HS1992:961800
Exports,970110,HS1992:970110
Exports,970190,HS1992:970190
Exports,970200,HS1992:970200
Exports,970300,HS1992:970300
Exports,970400,HS1992:970400
Exports,970500,HS1992:970500
Exports,970600,HS1992:970600
Imports,010111,HS1992:010111
Imports,010119,HS1992:010119
Imports,010120,HS1992:010120
Imports,010210,HS1992:010210
Imports,010290,HS1992:010290
Imports,010310,HS1992:010310
Imports,010391,HS1992:010391
Imports,010392,HS1992:010392
Imports,010410,HS1992:010410
Imports,010420,HS1992:010420
Imports,010511,HS1992:010511
Imports,010519,HS1992:010519
Imports,010591,HS1992:010591
Imports,010599,HS1992:010599
Imports,010600,HS1992:010600
Imports,020110,HS1992:020110
Imports,020120,HS1992:020120
Imports,020130,HS1992:020130
Imports,020210,HS1992:020210
Imports,020220,HS1992:020220
Imports,020230,HS1992:020230
Imports,020311,HS1992:020311
Imports,020312,HS1992:020312
Imports,020319,HS1992:020319
Imports,020321,HS1992:020321
Imports,020322,HS1992:020322
Imports,020329,HS1992:020329
Imports,020410,HS1992:020410
Imports,020421,HS1992:020421
Imports,020422,HS1992:020422
Imports,020423,HS1992:020423
Imports,020430,HS1992:020430
Imports,020441,HS1992:020441
Imports,020442,HS1992:020442
Imports,020443,HS1992:020443
Imports,020450,HS1992:020450
Imports,020500,HS1992:020500
Imports,020610,HS1992:020610
Imports,020621,HS1992:020621
Imports,020622,HS1992:020622
Imports,020629,HS1992:020629
Imports,020630,HS1992:020630
Imports,020641,HS1992:020641
Imports,020649,HS1992:020649
Imports,020680,HS1992:020680
Imports,020690,HS1992:020690
Imports,020710,HS1992:020710
Imports,020721,HS1992:020721
Imports,020722,HS1992:020722
Imports,020723,HS1992:020723
Imports,020731,HS1992:020731
Imports,020739,HS1992:020739
Imports,020741,HS1992:020741
Imports,020742,HS1992:020742
Imports,020743,HS1992:020743
Imports,020750,HS1992:020750
Imports,020810,HS1992:020810
Imports,020820,HS1992:020820
Imports,020890,HS1992:020890
Imports,020900,HS1992:020900
Imports,021011,HS1992:021011
Imports,021012,HS1992:021012
Imports,021019,HS1992:021019
Imports,021020,HS1992:021020
Imports,021090,HS1992:021090
Imports,030110,HS1992:030110
Imports,030191,HS1992:030191
Imports,030192,HS1992:030192
Imports,030193,HS1992:030193
Imports,030199,HS1992:030199
Imports,030211,HS1992:030211
Imports,030212,HS1992:030212
Imports,030219,HS1992:030219
Imports,030221,HS1992:030221
Imports,030222,HS1992:030222
Imports,030223,HS1992:030223
Imports,030229,HS1992:030229
Imports,030231,HS1992:030231
Imports,030232,HS1992:030232
Imports,030233,HS1992:030233
Imports,030239,HS1992:030239
Imports,030240,HS1992:030240
Imports,030250,HS1992:030250
Imports,030261,HS1992:030261
Imports,030262,HS1992:030262
Imports,030263,HS1992:030263
Imports,030264,HS1992:030264
Imports,030265,HS1992:030265
Imports,030266,HS1992:030266
Imports,030269,HS1992:030269
Imports,030270,HS1992:030270
Imports,030310,HS1992:030310
Imports,030321,HS1992:030321
Imports,030322,HS1992:030322
Imports,030329,HS1992:030329
Imports,030331,HS1992:030331
Imports,030332,HS1992:030332
Imports,030333,HS1992:030333
Imports,030339,HS1992:030339
Imports,030341,HS1992:030341
Imports,030342,HS1992:030342
Imports,030343,HS1992:030343
Imports,030349,HS1992:030349
Imports,030350,HS1992:030350
Imports,030360,HS1992:030360
Imports,030371,HS1992:030371
Imports,030372,HS1992:030372
Imports,030373,HS1992:030373
Imports,030374,HS1992:030374
Imports,030375,HS1992:030375
Imports,030376,HS1992:030376
Imports,030377,HS1992:030377
Imports,030378,HS1992:030378
Imports,030379,HS1992:030379
Imports,030380,HS1992:030380
Imports,030410,HS1992:030410
Imports,030420,HS1992:030420
Imports,030490,HS1992:030490
Imports,030510,HS1992:030510
Imports,030520,HS1992:030520
Imports,030530,HS1992:030530
Imports,030541,HS1992:030541
Imports,030542,HS1992:030542
Imports,030549,HS1992:030549
Imports,030551,HS1992:030551
Imports,030559,HS1992:030559
Imports,030561,HS1992:030561
Imports,030562,HS1992:030562
Imports,030563,HS1992:030563
Imports,030569,HS1992:030569
Imports,030611,HS1992:030611
Imports,030612,HS1992:030612
Imports,030613,HS1992:030613
Imports,030614,HS1992:030614
Imports,030619,HS1992:030619
Imports,030621,HS1992:030621
Imports,030622,HS1992:030622
Imports,030623,HS1992:030623
Imports,030624,HS1992:030624
Imports,030629,HS1992:030629
Imports,030710,HS1992:030710
Imports,030721,HS1992:030721
Imports,030729,HS1992:030729
Imports,030731,HS1992:030731
Imports,030739,HS1992:030739
Imports,030741,HS1992:030741
Imports,030749,HS1992:030749
Imports,030751,HS1992:030751
Imports,030759,HS1992:030759
Imports,030760,HS1992:030760
Imports,030791,HS1992:030791
Imports,030799,HS1992:030799
Imports,040110,HS1992:040110
Imports,040120,HS1992:040120
Imports,040130,HS1992:040130
Imports,040210,HS1992:040210
Imports,040221,HS1992:040221
Imports,040229,HS1992:040229
Imports,040291,HS1992:040291
Imports,040299,HS1992:040299
Imports,040310,HS1992:040310
Imports,040390,HS1992:040390
Imports,040410,HS1992:040410
Imports,040490,HS1992:040490
Imports,040500,HS1992:040500
Imports,040610,HS1992:040610
Imports,040620,HS1992:040620
Imports,040630,HS1992:040630
Imports,040640,HS1992:040640
Imports,040690,HS1992:040690
Imports,040700,HS1992:040700
Imports,040811,HS1992:040811
Imports,040819,HS1992:040819
Imports,040891,HS1992:040891
Imports,040899,HS1992:040899
Imports,040900,HS1992:040900
Imports,041000,HS1992:041000
Imports,050100,HS1992:050100
Imports,050210,HS1992:050210
Imports,050290,HS1992:050290
Imports,050300,HS1992:050300
Imports,050400,HS1992:050400
Imports,050510,HS1992:050510
Imports,050590,HS1992:050590
Imports,050610,HS1992:050610
Imports,050690,HS1992:050690
Imports,050710,HS1992:050710
Imports,050790,HS1992:050790
Imports,050800,HS1992:050800
Imports,050900,HS1992:050900
Imports,051000,HS1992:051000
Imports,051110,HS1992:051110
Imports,051191,HS1992:051191
Imports,051199,HS1992:051199
Imports,060110,HS1992:060110
Imports,060120,HS1992:060120
Imports,060210,HS1992:060210
Imports,060220,HS1992:060220
Imports,060230,HS1992:060230
Imports,060240,HS1992:060240
Imports,060291,HS1992:060291
Imports,060299,HS1992:060299
Imports,060310,HS1992:060310
Imports,060390,HS1992:060390
Imports,060410,HS1992:060410
Imports,060491,HS1992:060491
Imports,060499,HS1992:060499
Imports,070110,HS1992:070110
Imports,070190,HS1992:070190
Imports,070200,HS1992:070200
Imports,070310,HS1992:070310
Imports,070320,HS1992:070320
Imports,070390,HS1992:070390
Imports,070410,HS1992:070410
Imports,070420,HS1992:070420
Imports,070490,HS1992:070490
Imports,070511,HS1992:070511
Imports,070519,HS1992:070519
Imports,070521,HS1992:070521
Imports,070529,HS1992:070529
Imports,070610,HS1992:070610
Imports,070690,HS1992:070690
Imports,070700,HS1992:070700
Imports,070810,HS1992:070810
Imports,070820,HS1992:070820
Imports,070890,HS1992:070890
Imports,070910,HS1992:070910
Imports,070920,HS1992:070920
Imports,070930,HS1992:070930
Imports,070940,HS1992:070940
Imports,070951,HS1992:070951
Imports,070952,HS1992:070952
Imports,070960,HS1992:070960
Imports,070970,HS1992:070970
Imports,070990,HS1992:070990
Imports,071010,HS1992:071010
Imports,071021,HS1992:071021
Imports,071022,HS1992:071022
Imports,071029,HS1992:071029
Imports,071030,HS1992:071030
Imports,071040,HS1992:071040
Imports,071080,HS1992:071080
Imports,071090,HS1992:071090
Imports,071110,HS1992:071110
Imports,071120,HS1992:071120
Imports,071130,HS1992:071130
Imports,071140,HS1992:071140
Imports,071190,HS1992:071190
Imports,071210,HS1992:071210
Imports,071220,HS1992:071220
Imports,071230,HS1992:071230
Imports,071290,HS1992:071290
Imports,071310,HS1992:071310
Imports,071320,HS1992:071320
Imports,071331,HS1992:071331
Imports,071332,HS1992:071332
Imports,071333,HS1992:071333
Imports,071339,HS1992:071339
Imports,071340,HS1992:071340
Imports,071350,HS1992:071350
Imports,071390,HS1992:071390
Imports,071410,HS1992:071410
Imports,071420,HS1992:071420
Imports,071490,HS1992:071490
Imports,080110,HS1992:080110
Imports,080120,HS1992:080120
Imports,080130,HS1992:080130
Imports,080211,HS1992:080211
Imports,080212,HS1992:080212
Imports,080221,HS1992:080221
Imports,080222,HS1992:080222
Imports,080231,HS1992:080231
Imports,080232,HS1992:080232
Imports,080240,HS1992:080240
Imports,080250,HS1992:080250
Imports,080290,HS1992:080290
Imports,080300,HS1992:080300
Imports,080410,HS1992:080410
Imports,080420,HS1992:080420
Imports,080430,HS1992:080430
Imports,080440,HS1992:080440
Imports,080450,HS1992:080450
Imports,080510,HS1992:080510
Imports,080520,HS1992:080520
Imports,080530,HS1992:080530
Imports,080540,HS1992:080540
Imports,080590,HS1992:080590
Imports,080610,HS1992:080610
Imports,080620,HS1992:080620
Imports,080710,HS1992:080710
Imports,080720,HS1992:080720
Imports,080810,HS1992:080810
Imports,080820,HS1992:080820
Imports,080910,HS1992:080910
Imports,080920,HS1992:080920
Imports,080930,HS1992:080930
Imports,080940,HS1992:080940
Imports,081010,HS1992:081010
Imports,081020,HS1992:081020
Imports,081030,HS1992:081030
Imports,081040,HS1992:081040
Imports,081090,HS1992:081090
Imports,081110,HS1992:081110
Imports,081120,HS1992:081120
Imports,081190,HS1992:081190
Imports,081210,HS1992:081210
Imports,081220,HS1992:081220
Imports,081290,HS1992:081290
Imports,081310,HS1992:081310
Imports,081320,HS1992:081320
Imports,081330,HS1992:081330
Imports,081340,HS1992:081340
Imports,081350,HS1992:081350
Imports,081400,HS1992:081400
Imports,090111,HS1992:090111
Imports,090112,HS1992:090112
Imports,090121,HS1992:090121
Imports,090122,HS1992:090122
Imports,090130,HS1992:090130
Imports,090140,HS1992:090140
Imports,090210,HS1992:090210
Imports,090220,HS1992:090220
Imports,090230,HS1992:090230
Imports,090240,HS1992:090240
Imports,090300,HS1992:090300
Imports,090411,HS1992:090411
Imports,090412,HS1992:090412
Imports,090420,HS1992:090420
Imports,090500,HS1992:090500
Imports,090610,HS1992:090610
Imports,090620,HS1992:090620
Imports,090700,HS1992:090700
Imports,090810,HS1992:090810
Imports,090820,HS1992:090820
Imports,090830,HS1992:090830
Imports,090910,HS1992:090910
Imports,090920,HS1992:090920
Imports,090930,HS1992:090930
Imports,090940,HS1992:090940
Imports,090950,HS1992:090950
Imports,091010,HS1992:091010
Imports,091020,HS1992:091020
Imports,091030,HS1992:091030
Imports,091040,HS1992:091040
Imports,091050,HS1992:091050
Imports,091091,HS1992:091091
Imports,091099,HS1992:091099
Imports,100110,HS1992:100110
Imports,100190,HS1992:100190
Imports,100200,HS1992:100200
Imports,100300,HS1992:100300
Imports,100400,HS1992:100400
Imports,100510,HS1992:100510
Imports,100590,HS1992:100590
Imports,100610,HS1992:100610
Imports,100620,HS1992:100620
Imports,100630,HS1992:100630
Imports,100640,HS1992:100640
Imports,100700,HS1992:100700
Imports,100810,HS1992:100810
Imports,100820,HS1992:100820
Imports,100830,HS1992:100830
Imports,100890,HS1992:100890
Imports,110100,HS1992:110100
Imports,110210,HS1992:110210
Imports,110220,HS1992:110220
Imports,110230,HS1992:110230
Imports,110290,HS1992:110290
Imports,110311,HS1992:110311
Imports,110312,HS1992:110312
Imports,110313,HS1992:110313
Imports,110314,HS1992:110314
Imports,110319,HS1992:110319
Imports,110321,HS1992:110321
Imports,110329,HS1992:110329
Imports,110411,HS1992:110411
Imports,110412,HS1992:110412
Imports,110419,HS1992:110419
Imports,110421,HS1992:110421
Imports,110422,HS1992:110422
Imports,110423,HS1992:110423
Imports,110429,HS1992:110429
Imports,110430,HS1992:110430
Imports,110510,HS1992:110510
Imports,110520,HS1992:110520
Imports,110610,HS1992:110610
Imports,110620,HS1992:110620
Imports,110630,HS1992:110630
Imports,110710,HS1992:110710
Imports,110720,HS1992:110720
Imports,110811,HS1992:110811
Imports,110812,HS1992:110812
Imports,110813,HS1992:110813
Imports,110814,HS1992:110814
Imports,110819,HS1992:110819
Imports,110820,HS1992:110820
Imports,110900,HS1992:110900
Imports,120100,HS1992:120100
Imports,120210,HS1992:120210
Imports,120220,HS1992:120220
Imports,120300,HS1992:120300
Imports,120400,HS1992:120400
Imports,120500,HS1992:120500
Imports,120600,HS1992:120600
Imports,120720,HS1992:120720
Imports,120740,HS1992:120740
Imports,120750,HS1992:120750
Imports,120791,HS1992:120791
Imports,120810,HS1992:120810
Imports,120890,HS1992:120890
Imports,120911,HS1992:120911
Imports,120919,HS1992:120919
Imports,120921,HS1992:120921
Imports,120922,HS1992:120922
Imports,120923,HS1992:120923
Imports,120924,HS1992:120924
Imports,120925,HS1992:120925
Imports,120926,HS1992:120926
Imports,120929,HS1992:120929
Imports,120930,HS1992:120930
Imports,120991,HS1992:120991
Imports,120999,HS1992:120999
Imports,121010,HS1992:121010
Imports,121020,HS1992:121020
Imports,121110,HS1992:121110
Imports,121120,HS1992:121120
Imports,121190,HS1992:121190
Imports,121210,HS1992:121210
Imports,121220,HS1992:121220
Imports,121230,HS1992:121230
Imports,121291,HS1992:121291
Imports,121292,HS1992:121292
Imports,121299,HS1992:121299
Imports,121300,HS1992:121300
Imports,121410,HS1992:121410
Imports,121490,HS1992:121490
Imports,130110,HS1992:130110
Imports,130120,HS1992:130120
Imports,130190,HS1992:130190
Imports,130211,HS1992:130211
Imports,130212,HS1992:130212
Imports,130213,HS1992:130213
Imports,130214,HS1992:130214
Imports,130219,HS1992:130219
Imports,130220,HS1992:130220
Imports,130231,HS1992:130231
Imports,130232,HS1992:130232
Imports,130239,HS1992:130239
Imports,140110,HS1992:140110
Imports,140120,HS1992:140120
Imports,140190,HS1992:140190
Imports,140210,HS1992:140210
Imports,140291,HS1992:140291
Imports,140299,HS1992:140299
Imports,140310,HS1992:140310
Imports,140390,HS1992:140390
Imports,140410,HS1992:140410
Imports,140420,HS1992:140420
Imports,140490,HS1992:140490
Imports,150100,HS1992:150100
Imports,150200,HS1992:150200
Imports,150300,HS1992:150300
Imports,150410,HS1992:150410
Imports,150420,HS1992:150420
Imports,150430,HS1992:150430
Imports,150510,HS1992:150510
Imports,150590,HS1992:150590
Imports,150600,HS1992:150600
Imports,150710,HS1992:150710
Imports,150790,HS1992:150790
Imports,150810,HS1992:150810
Imports,150890,HS1992:150890
Imports,150910,HS1992:150910
Imports,150990,HS1992:150990
Imports,151000,HS1992:151000
Imports,151110,HS1992:151110
Imports,151190,HS1992:151190
Imports,151211,HS1992:151211
Imports,151219,HS1992:151219
Imports,151221,HS1992:151221
Imports,151229,HS1992:151229
Imports,151311,HS1992:151311
Imports,151319,HS1992:151319
Imports,151321,HS1992:151321
Imports,151329,HS1992:151329
Imports,151410,HS1992:151410
Imports,151490,HS1992:151490
Imports,151511,HS1992:151511
Imports,151519,HS1992:151519
Imports,151521,HS1992:151521
Imports,151529,HS1992:151529
Imports,151530,HS1992:151530
Imports,151540,HS1992:151540
Imports,151550,HS1992:151550
Imports,151560,HS1992:151560
Imports,151590,HS1992:151590
Imports,151610,HS1992:151610
Imports,151620,HS1992:151620
Imports,151710,HS1992:151710
Imports,151790,HS1992:151790
Imports,151800,HS1992:151800
Imports,151911,HS1992:151911
Imports,151912,HS1992:151912
Imports,151913,HS1992:151913
Imports,151919,HS1992:151919
Imports,151920,HS1992:151920
Imports,151930,HS1992:151930
Imports,152010,HS1992:152010
Imports,152090,HS1992:152090
Imports,152110,HS1992:152110
Imports,152190,HS1992:152190
Imports,152200,HS1992:152200
Imports,160100,HS1992:160100
Imports,160210,HS1992:160210
Imports,160220,HS1992:160220
Imports,160231,HS1992:160231
Imports,160239,HS1992:160239
Imports,160241,HS1992:160241
Imports,160242,HS1992:160242
Imports,160249,HS1992:160249
Imports,160250,HS1992:160250
Imports,160290,HS1992:160290
Imports,160300,HS1992:160300
Imports,160411,HS1992:160411
Imports,160412,HS1992:160412
Imports,160413,HS1992:160413
Imports,160414,HS1992:160414
Imports,160415,HS1992:160415
Imports,160416,HS1992:160416
Imports,160419,HS1992:160419
Imports,160420,HS1992:160420
Imports,160430,HS1992:160430
Imports,160510,HS1992:160510
Imports,160520,HS1992:160520
Imports,160530,HS1992:160530
Imports,160540,HS1992:160540
Imports,160590,HS1992:160590
Imports,170111,HS1992:170111
Imports,170112,HS1992:170112
Imports,170191,HS1992:170191
Imports,170199,HS1992:170199
Imports,170210,HS1992:170210
Imports,170220,HS1992:170220
Imports,170230,HS1992:170230
Imports,170240,HS1992:170240
Imports,170250,HS1992:170250
Imports,170260,HS1992:170260
Imports,170290,HS1992:170290
Imports,170310,HS1992:170310
Imports,170390,HS1992:170390
Imports,170410,HS1992:170410
Imports,170490,HS1992:170490
Imports,180100,HS1992:180100
Imports,180200,HS1992:180200
Imports,180310,HS1992:180310
Imports,180320,HS1992:180320
Imports,180400,HS1992:180400
Imports,180500,HS1992:180500
Imports,180610,HS1992:180610
Imports,180620,HS1992:180620
Imports,180631,HS1992:180631
Imports,180632,HS1992:180632
Imports,180690,HS1992:180690
Imports,190110,HS1992:190110
Imports,190120,HS1992:190120
Imports,190190,HS1992:190190
Imports,190211,HS1992:190211
Imports,190219,HS1992:190219
Imports,190220,HS1992:190220
Imports,190230,HS1992:190230
Imports,190240,HS1992:190240
Imports,190300,HS1992:190300
Imports,190410,HS1992:190410
Imports,190490,HS1992:190490
Imports,190510,HS1992:190510
Imports,190520,HS1992:190520
Imports,190530,HS1992:190530
Imports,190540,HS1992:190540
Imports,190590,HS1992:190590
Imports,200110,HS1992:200110
Imports,200120,HS1992:200120
Imports,200190,HS1992:200190
Imports,200210,HS1992:200210
Imports,200290,HS1992:200290
Imports,200310,HS1992:200310
Imports,200320,HS1992:200320
Imports,200410,HS1992:200410
Imports,200490,HS1992:200490
Imports,200510,HS1992:200510
Imports,200520,HS1992:200520
Imports,200530,HS1992:200530
Imports,200540,HS1992:200540
Imports,200551,HS1992:200551
Imports,200559,HS1992:200559
Imports,200560,HS1992:200560
Imports,200570,HS1992:200570
Imports,200580,HS1992:200580
Imports,200590,HS1992:200590
Imports,200600,HS1992:200600
Imports,200710,HS1992:200710
Imports,200791,HS1992:200791
Imports,200799,HS1992:200799
Imports,200811,HS1992:200811
Imports,200819,HS1992:200819
Imports,200820,HS1992:200820
Imports,200830,HS1992:200830
Imports,200840,HS1992:200840
Imports,200850,HS1992:200850
Imports,200860,HS1992:200860
Imports,200870,HS1992:200870
Imports,200880,HS1992:200880
Imports,200891,HS1992:200891
Imports,200892,HS1992:200892
Imports,200899,HS1992:200899
Imports,200911,HS1992:200911
Imports,200919,HS1992:200919
Imports,200920,HS1992:200920
Imports,200930,HS1992:200930
Imports,200940,HS1992:200940
Imports,200950,HS1992:200950
Imports,200960,HS1992:200960
Imports,200970,HS1992:200970
Imports,200980,HS1992:200980
Imports,200990,HS1992:200990
Imports,210110,HS1992:210110
Imports,210120,HS1992:210120
Imports,210130,HS1992:210130
Imports,210210,HS1992:210210
Imports,210220,HS1992:210220
Imports,210230,HS1992:210230
Imports,210310,HS1992:210310
Imports,210320,HS1992:210320
Imports,210330,HS1992:210330
Imports,210390,HS1992:210390
Imports,210410,HS1992:210410
Imports,210420,HS1992:210420
Imports,210500,HS1992:210500
Imports,210610,HS1992:210610
Imports,210690,HS1992:210690
Imports,220110,HS1992:220110
Imports,220190,HS1992:220190
Imports,220210,HS1992:220210
Imports,220290,HS1992:220290
Imports,220300,HS1992:220300
Imports,220410,HS1992:220410
Imports,220421,HS1992:220421
Imports,220429,HS1992:220429
Imports,220430,HS1992:220430
Imports,220510,HS1992:220510
Imports,220590,HS1992:220590
Imports,220600,HS1992:220600
Imports,220710,HS1992:220710
Imports,220720,HS1992:220720
Imports,220810,HS1992:220810
Imports,220820,HS1992:220820
Imports,220830,HS1992:220830
Imports,220840,HS1992:220840
Imports,220850,HS1992:220850
Imports,220890,HS1992:220890
Imports,220900,HS1992:220900
Imports,230110,HS1992:230110
Imports,230120,HS1992:230120
Imports,230210,HS1992:230210
Imports,230220,HS1992:230220
Imports,230230,HS1992:230230
Imports,230240,HS1992:230240
Imports,230250,HS1992:230250
Imports,230310,HS1992:230310
Imports,230320,HS1992:230320
Imports,230330,HS1992:230330
Imports,230400,HS1992:230400
Imports,230500,HS1992:230500
Imports,230610,HS1992:230610
Imports,230620,HS1992:230620
Imports,230630,HS1992:230630
Imports,230640,HS1992:230640
Imports,230650,HS1992:230650
Imports,230660,HS1992:230660
Imports,230690,HS1992:230690
Imports,230700,HS1992:230700
Imports,230810,HS1992:230810
Imports,230890,HS1992:230890
Imports,230910,HS1992:230910
Imports,230990,HS1992:230990
Imports,240110,HS1992:240110
Imports,240120,HS1992:240120
Imports,240130,HS1992:240130
Imports,240210,HS1992:240210
Imports,240220,HS1992:240220
Imports,240290,HS1992:240290
Imports,240310,HS1992:240310
Imports,240391,HS1992:240391
Imports,240399,HS1992:240399
Imports,250100,HS1992:250100
Imports,250200,HS1992:250200
Imports,250310,HS1992:250310
Imports,250390,HS1992:250390
Imports,250410,HS1992:250410
Imports,250490,HS1992:250490
Imports,250510,HS1992:250510
Imports,250590,HS1992:250590
Imports,250610,HS1992:250610
Imports,250621,HS1992:250621
Imports,250629,HS1992:250629
Imports,250700,HS1992:250700
Imports,250810,HS1992:250810
Imports,250820,HS1992:250820
Imports,250830,HS1992:250830
Imports,250840,HS1992:250840
Imports,250850,HS1992:250850
Imports,250860,HS1992:250860
Imports,250870,HS1992:250870
Imports,250900,HS1992:250900
Imports,251010,HS1992:251010
Imports,251020,HS1992:251020
Imports,251110,HS1992:251110
Imports,251120,HS1992:251120
Imports,251200,HS1992:251200
Imports,251311,HS1992:251311
Imports,251319,HS1992:251319
Imports,251321,HS1992:251321
Imports,251329,HS1992:251329
Imports,251400,HS1992:251400
Imports,251511,HS1992:251511
Imports,251512,HS1992:251512
Imports,251520,HS1992:251520
Imports,251611,HS1992:251611
Imports,251612,HS1992:251612
Imports,251621,HS1992:251621
Imports,251622,HS1992:251622
Imports,251690,HS1992:251690
Imports,251710,HS1992:251710
Imports,251720,HS1992:251720
Imports,251730,HS1992:251730
Imports,251741,HS1992:251741
Imports,251749,HS1992:251749
Imports,251810,HS1992:251810
Imports,251820,HS1992:251820
Imports,251830,HS1992:251830
Imports,251910,HS1992:251910
Imports,251990,HS1992:251990
Imports,252010,HS1992:252010
Imports,252020,HS1992:252020
Imports,252100,HS1992:252100
Imports,252210,HS1992:252210
Imports,252220,HS1992:252220
Imports,252230,HS1992:252230
Imports,252310,HS1992:252310
Imports,252321,HS1992:252321
Imports,252329,HS1992:252329
Imports,252330,HS1992:252330
Imports,252390,HS1992:252390
Imports,252400,HS1992:252400
Imports,252510,HS1992:252510
Imports,252520,HS1992:252520
Imports,252530,HS1992:252530
Imports,252610,HS1992:252610
Imports,252620,HS1992:252620
Imports,252700,HS1992:252700
Imports,252810,HS1992:252810
Imports,252890,HS1992:252890
Imports,252910,HS1992:252910
Imports,252921,HS1992:252921
Imports,252922,HS1992:252922
Imports,252930,HS1992:252930
Imports,253010,HS1992:253010
Imports,253020,HS1992:253020
Imports,253030,HS1992:253030
Imports,253040,HS1992:253040
Imports,253090,HS1992:253090
Imports,260111,HS1992:260111
Imports,260112,HS1992:260112
Imports,260120,HS1992:260120
Imports,260200,HS1992:260200
Imports,260300,HS1992:260300
Imports,260400,HS1992:260400
Imports,260500,HS1992:260500
Imports,260600,HS1992:260600
Imports,260700,HS1992:260700
Imports,260800,HS1992:260800
Imports,260900,HS1992:260900
Imports,261000,HS1992:261000
Imports,261100,HS1992:261100
Imports,261210,HS1992:261210
Imports,261220,HS1992:261220
Imports,261310,HS1992:261310
Imports,261390,HS1992:261390
Imports,261400,HS1992:261400
Imports,261510,HS1992:261510
Imports,261590,HS1992:261590
Imports,261610,HS1992:261610
Imports,261690,HS1992:261690
Imports,261710,HS1992:261710
Imports,261790,HS1992:261790
Imports,261800,HS1992:261800
Imports,261900,HS1992:261900
Imports,262011,HS1992:262011
Imports,262019,HS1992:262019
Imports,262020,HS1992:262020
Imports,262030,HS1992:262030
Imports,262040,HS1992:262040
Imports,262050,HS1992:262050
Imports,262090,HS1992:262090
Imports,262100,HS1992:262100
Imports,270600,HS1992:270600
Imports,270710,HS1992:270710
Imports,270720,HS1992:270720
Imports,270730,HS1992:270730
Imports,270740,HS1992:270740
Imports,270750,HS1992:270750
Imports,270760,HS1992:270760
Imports,270791,HS1992:270791
Imports,270799,HS1992:270799
Imports,270810,HS1992:270810
Imports,270820,HS1992:270820
Imports,271000,HS1992:271000
Imports,271011,HS1992:271011
Imports,271019,HS1992:271019
Imports,271021,HS1992:271021
Imports,271025,HS1992:271025
Imports,271026,HS1992:271026
Imports,271029,HS1992:271029
Imports,271210,HS1992:271210
Imports,271220,HS1992:271220
Imports,271290,HS1992:271290
Imports,271311,HS1992:271311
Imports,271312,HS1992:271312
Imports,271320,HS1992:271320
Imports,271390,HS1992:271390
Imports,271410,HS1992:271410
Imports,271490,HS1992:271490
Imports,271500,HS1992:271500
Imports,280110,HS1992:280110
Imports,280120,HS1992:280120
Imports,280130,HS1992:280130
Imports,280200,HS1992:280200
Imports,280300,HS1992:280300
Imports,280410,HS1992:280410
Imports,280421,HS1992:280421
Imports,280429,HS1992:280429
Imports,280430,HS1992:280430
Imports,280440,HS1992:280440
Imports,280450,HS1992:280450
Imports,280461,HS1992:280461
Imports,280469,HS1992:280469
Imports,280470,HS1992:280470
Imports,280480,HS1992:280480
Imports,280490,HS1992:280490
Imports,280511,HS1992:280511
Imports,280519,HS1992:280519
Imports,280521,HS1992:280521
Imports,280522,HS1992:280522
Imports,280530,HS1992:280530
Imports,280540,HS1992:280540
Imports,280610,HS1992:280610
Imports,280620,HS1992:280620
Imports,280700,HS1992:280700
Imports,280800,HS1992:280800
Imports,280910,HS1992:280910
Imports,280920,HS1992:280920
Imports,281000,HS1992:281000
Imports,281111,HS1992:281111
Imports,281119,HS1992:281119
Imports,281121,HS1992:281121
Imports,281122,HS1992:281122
Imports,281123,HS1992:281123
Imports,281129,HS1992:281129
Imports,281210,HS1992:281210
Imports,281290,HS1992:281290
Imports,281310,HS1992:281310
Imports,281390,HS1992:281390
Imports,281410,HS1992:281410
Imports,281420,HS1992:281420
Imports,281511,HS1992:281511
Imports,281512,HS1992:281512
Imports,281520,HS1992:281520
Imports,281530,HS1992:281530
Imports,281610,HS1992:281610
Imports,281620,HS1992:281620
Imports,281630,HS1992:281630
Imports,281700,HS1992:281700
Imports,281810,HS1992:281810
Imports,281820,HS1992:281820
Imports,281830,HS1992:281830
Imports,281910,HS1992:281910
Imports,281990,HS1992:281990
Imports,282010,HS1992:282010
Imports,282090,HS1992:282090
Imports,282110,HS1992:282110
Imports,282120,HS1992:282120
Imports,282200,HS1992:282200
Imports,282300,HS1992:282300
Imports,282410,HS1992:282410
Imports,282420,HS1992:282420
Imports,282490,HS1992:282490
Imports,282510,HS1992:282510
Imports,282520,HS1992:282520
Imports,282530,HS1992:282530
Imports,282540,HS1992:282540
Imports,282550,HS1992:282550
Imports,282560,HS1992:282560
Imports,282570,HS1992:282570
Imports,282580,HS1992:282580
Imports,282590,HS1992:282590
Imports,282611,HS1992:282611
Imports,282612,HS1992:282612
Imports,282619,HS1992:282619
Imports,282620,HS1992:282620
Imports,282630,HS1992:282630
Imports,282690,HS1992:282690
Imports,282710,HS1992:282710
Imports,282720,HS1992:282720
Imports,282731,HS1992:282731
Imports,282732,HS1992:282732
Imports,282733,HS1992:282733
Imports,282734,HS1992:282734
Imports,282735,HS1992:282735
Imports,282736,HS1992:282736
Imports,282737,HS1992:282737
Imports,282738,HS1992:282738
Imports,282739,HS1992:282739
Imports,282741,HS1992:282741
Imports,282749,HS1992:282749
Imports,282751,HS1992:282751
Imports,282759,HS1992:282759
Imports,282760,HS1992:282760
Imports,282810,HS1992:282810
Imports,282890,HS1992:282890
Imports,282911,HS1992:282911
Imports,282919,HS1992:282919
Imports,282990,HS1992:282990
Imports,283010,HS1992:283010
Imports,283020,HS1992:283020
Imports,283030,HS1992:283030
Imports,283090,HS1992:283090
Imports,283110,HS1992:283110
Imports,283190,HS1992:283190
Imports,283210,HS1992:283210
Imports,283220,HS1992:283220
Imports,283230,HS1992:283230
Imports,283311,HS1992:283311
Imports,283319,HS1992:283319
Imports,283321,HS1992:283321
Imports,283322,HS1992:283322
Imports,283323,HS1992:283323
Imports,283324,HS1992:283324
Imports,283325,HS1992:283325
Imports,283326,HS1992:283326
Imports,283327,HS1992:283327
Imports,283329,HS1992:283329
Imports,283330,HS1992:283330
Imports,283340,HS1992:283340
Imports,283410,HS1992:283410
Imports,283421,HS1992:283421
Imports,283422,HS1992:283422
Imports,283429,HS1992:283429
Imports,283510,HS1992:283510
Imports,283521,HS1992:283521
Imports,283522,HS1992:283522
Imports,283523,HS1992:283523
Imports,283524,HS1992:283524
Imports,283525,HS1992:283525
Imports,283526,HS1992:283526
Imports,283529,HS1992:283529
Imports,283531,HS1992:283531
Imports,283539,HS1992:283539
Imports,283610,HS1992:283610
Imports,283620,HS1992:283620
Imports,283630,HS1992:283630
Imports,283640,HS1992:283640
Imports,283650,HS1992:283650
Imports,283660,HS1992:283660
Imports,283670,HS1992:283670
Imports,283691,HS1992:283691
Imports,283692,HS1992:283692
Imports,283693,HS1992:283693
Imports,283699,HS1992:283699
Imports,283711,HS1992:283711
Imports,283719,HS1992:283719
Imports,283720,HS1992:283720
Imports,283800,HS1992:283800
Imports,283911,HS1992:283911
Imports,283919,HS1992:283919
Imports,283920,HS1992:283920
Imports,283990,HS1992:283990
Imports,284011,HS1992:284011
Imports,284019,HS1992:284019
Imports,284020,HS1992:284020
Imports,284030,HS1992:284030
Imports,284110,HS1992:284110
Imports,284120,HS1992:284120
Imports,284130,HS1992:284130
Imports,284140,HS1992:284140
Imports,284150,HS1992:284150
Imports,284160,HS1992:284160
Imports,284170,HS1992:284170
Imports,284180,HS1992:284180
Imports,284190,HS1992:284190
Imports,284210,HS1992:284210
Imports,284290,HS1992:284290
Imports,284310,HS1992:284310
Imports,284321,HS1992:284321
Imports,284329,HS1992:284329
Imports,284330,HS1992:284330
Imports,284390,HS1992:284390
Imports,284410,HS1992:284410
Imports,284420,HS1992:284420
Imports,284430,HS1992:284430
Imports,284440,HS1992:284440
Imports,284450,HS1992:284450
Imports,284510,HS1992:284510
Imports,284590,HS1992:284590
Imports,284610,HS1992:284610
Imports,284690,HS1992:284690
Imports,284700,HS1992:284700
Imports,284810,HS1992:284810
Imports,284890,HS1992:284890
Imports,284910,HS1992:284910
Imports,284920,HS1992:284920
Imports,284990,HS1992:284990
Imports,285000,HS1992:285000
Imports,285100,HS1992:285100
Imports,290110,HS1992:290110
Imports,290121,HS1992:290121
Imports,290122,HS1992:290122
Imports,290123,HS1992:290123
Imports,290124,HS1992:290124
Imports,290129,HS1992:290129
Imports,290211,HS1992:290211
Imports,290219,HS1992:290219
Imports,290220,HS1992:290220
Imports,290230,HS1992:290230
Imports,290241,HS1992:290241
Imports,290242,HS1992:290242
Imports,290243,HS1992:290243
Imports,290244,HS1992:290244
Imports,290250,HS1992:290250
Imports,290260,HS1992:290260
Imports,290270,HS1992:290270
Imports,290290,HS1992:290290
Imports,290311,HS1992:290311
Imports,290312,HS1992:290312
Imports,290313,HS1992:290313
Imports,290314,HS1992:290314
Imports,290315,HS1992:290315
Imports,290316,HS1992:290316
Imports,290319,HS1992:290319
Imports,290321,HS1992:290321
Imports,290322,HS1992:290322
Imports,290323,HS1992:290323
Imports,290329,HS1992:290329
Imports,290330,HS1992:290330
Imports,290340,HS1992:290340
Imports,290351,HS1992:290351
Imports,290359,HS1992:290359
Imports,290361,HS1992:290361
Imports,290362,HS1992:290362
Imports,290369,HS1992:290369
Imports,290410,HS1992:290410
Imports,290420,HS1992:290420
Imports,290490,HS1992:290490
Imports,290511,HS1992:290511
Imports,290512,HS1992:290512
Imports,290513,HS1992:290513
Imports,290514,HS1992:290514
Imports,290515,HS1992:290515
Imports,290516,HS1992:290516
Imports,290517,HS1992:290517
Imports,290519,HS1992:290519
Imports,290521,HS1992:290521
Imports,290522,HS1992:290522
Imports,290529,HS1992:290529
Imports,290531,HS1992:290531
Imports,290532,HS1992:290532
Imports,290539,HS1992:290539
Imports,290541,HS1992:290541
Imports,290542,HS1992:290542
Imports,290543,HS1992:290543
Imports,290544,HS1992:290544
Imports,290549,HS1992:290549
Imports,290550,HS1992:290550
Imports,290611,HS1992:290611
Imports,290612,HS1992:290612
Imports,290613,HS1992:290613
Imports,290614,HS1992:290614
Imports,290619,HS1992:290619
Imports,290621,HS1992:290621
Imports,290629,HS1992:290629
Imports,290711,HS1992:290711
Imports,290712,HS1992:290712
Imports,290713,HS1992:290713
Imports,290714,HS1992:290714
Imports,290715,HS1992:290715
Imports,290719,HS1992:290719
Imports,290721,HS1992:290721
Imports,290722,HS1992:290722
Imports,290723,HS1992:290723
Imports,290729,HS1992:290729
Imports,290730,HS1992:290730
Imports,290810,HS1992:290810
Imports,290820,HS1992:290820
Imports,290890,HS1992:290890
Imports,290911,HS1992:290911
Imports,290919,HS1992:290919
Imports,290920,HS1992:290920
Imports,290930,HS1992:290930
Imports,290941,HS1992:290941
Imports,290942,HS1992:290942
Imports,290943,HS1992:290943
Imports,290944,HS1992:290944
Imports,290949,HS1992:290949
Imports,290950,HS1992:290950
Imports,290960,HS1992:290960
Imports,291010,HS1992:291010
Imports,291020,HS1992:291020
Imports,291030,HS1992:291030
Imports,291090,HS1992:291090
Imports,291100,HS1992:291100
Imports,291211,HS1992:291211
Imports,291212,HS1992:291212
Imports,291213,HS1992:291213
Imports,291219,HS1992:291219
Imports,291221,HS1992:291221
Imports,291229,HS1992:291229
Imports,291230,HS1992:291230
Imports,291241,HS1992:291241
Imports,291242,HS1992:291242
Imports,291249,HS1992:291249
Imports,291250,HS1992:291250
Imports,291260,HS1992:291260
Imports,291300,HS1992:291300
Imports,291411,HS1992:291411
Imports,291412,HS1992:291412
Imports,291413,HS1992:291413
Imports,291419,HS1992:291419
Imports,291421,HS1992:291421
Imports,291422,HS1992:291422
Imports,291423,HS1992:291423
Imports,291429,HS1992:291429
Imports,291430,HS1992:291430
Imports,291441,HS1992:291441
Imports,291449,HS1992:291449
Imports,291450,HS1992:291450
Imports,291461,HS1992:291461
Imports,291469,HS1992:291469
Imports,291470,HS1992:291470
Imports,291511,HS1992:291511
Imports,291512,HS1992:291512
Imports,291513,HS1992:291513
Imports,291521,HS1992:291521
Imports,291522,HS1992:291522
Imports,291523,HS1992:291523
Imports,291524,HS1992:291524
Imports,291529,HS1992:291529
Imports,291531,HS1992:291531
Imports,291532,HS1992:291532
Imports,291533,HS1992:291533
Imports,291534,HS1992:291534
Imports,291535,HS1992:291535
Imports,291539,HS1992:291539
Imports,291540,HS1992:291540
Imports,291550,HS1992:291550
Imports,291560,HS1992:291560
Imports,291570,HS1992:291570
Imports,291590,HS1992:291590
Imports,291611,HS1992:291611
Imports,291612,HS1992:291612
Imports,291613,HS1992:291613
Imports,291614,HS1992:291614
Imports,291615,HS1992:291615
Imports,291619,HS1992:291619
Imports,291620,HS1992:291620
Imports,291631,HS1992:291631
Imports,291632,HS1992:291632
Imports,291633,HS1992:291633
Imports,291639,HS1992:291639
Imports,291711,HS1992:291711
Imports,291712,HS1992:291712
Imports,291713,HS1992:291713
Imports,291714,HS1992:291714
Imports,291719,HS1992:291719
Imports,291720,HS1992:291720
Imports,291731,HS1992:291731
Imports,291732,HS1992:291732
Imports,291733,HS1992:291733
Imports,291734,HS1992:291734
Imports,291735,HS1992:291735
Imports,291736,HS1992:291736
Imports,291737,HS1992:291737
Imports,291739,HS1992:291739
Imports,291811,HS1992:291811
Imports,291812,HS1992:291812
Imports,291813,HS1992:291813
Imports,291814,HS1992:291814
Imports,291815,HS1992:291815
Imports,291816,HS1992:291816
Imports,291817,HS1992:291817
Imports,291819,HS1992:291819
Imports,291821,HS1992:291821
Imports,291822,HS1992:291822
Imports,291823,HS1992:291823
Imports,291829,HS1992:291829
Imports,291830,HS1992:291830
Imports,291890,HS1992:291890
Imports,291900,HS1992:291900
Imports,292010,HS1992:292010
Imports,292090,HS1992:292090
Imports,292111,HS1992:292111
Imports,292112,HS1992:292112
Imports,292119,HS1992:292119
Imports,292121,HS1992:292121
Imports,292122,HS1992:292122
Imports,292129,HS1992:292129
Imports,292130,HS1992:292130
Imports,292141,HS1992:292141
Imports,292142,HS1992:292142
Imports,292143,HS1992:292143
Imports,292144,HS1992:292144
Imports,292145,HS1992:292145
Imports,292149,HS1992:292149
Imports,292151,HS1992:292151
Imports,292159,HS1992:292159
Imports,292211,HS1992:292211
Imports,292212,HS1992:292212
Imports,292213,HS1992:292213
Imports,292219,HS1992:292219
Imports,292221,HS1992:292221
Imports,292222,HS1992:292222
Imports,292229,HS1992:292229
Imports,292230,HS1992:292230
Imports,292241,HS1992:292241
Imports,292242,HS1992:292242
Imports,292249,HS1992:292249
Imports,292250,HS1992:292250
Imports,292310,HS1992:292310
Imports,292320,HS1992:292320
Imports,292390,HS1992:292390
Imports,292410,HS1992:292410
Imports,292421,HS1992:292421
Imports,292429,HS1992:292429
Imports,292511,HS1992:292511
Imports,292519,HS1992:292519
Imports,292520,HS1992:292520
Imports,292610,HS1992:292610
Imports,292620,HS1992:292620
Imports,292690,HS1992:292690
Imports,292700,HS1992:292700
Imports,292800,HS1992:292800
Imports,292910,HS1992:292910
Imports,292990,HS1992:292990
Imports,293010,HS1992:293010
Imports,293020,HS1992:293020
Imports,293030,HS1992:293030
Imports,293040,HS1992:293040
Imports,293090,HS1992:293090
Imports,293100,HS1992:293100
Imports,293211,HS1992:293211
Imports,293212,HS1992:293212
Imports,293213,HS1992:293213
Imports,293219,HS1992:293219
Imports,293221,HS1992:293221
Imports,293229,HS1992:293229
Imports,293290,HS1992:293290
Imports,293311,HS1992:293311
Imports,293319,HS1992:293319
Imports,293321,HS1992:293321
Imports,293329,HS1992:293329
Imports,293331,HS1992:293331
Imports,293339,HS1992:293339
Imports,293340,HS1992:293340
Imports,293351,HS1992:293351
Imports,293359,HS1992:293359
Imports,293361,HS1992:293361
Imports,293369,HS1992:293369
Imports,293371,HS1992:293371
Imports,293379,HS1992:293379
Imports,293390,HS1992:293390
Imports,293410,HS1992:293410
Imports,293420,HS1992:293420
Imports,293430,HS1992:293430
Imports,293490,HS1992:293490
Imports,293500,HS1992:293500
Imports,293610,HS1992:293610
Imports,293621,HS1992:293621
Imports,293622,HS1992:293622
Imports,293623,HS1992:293623
Imports,293624,HS1992:293624
Imports,293625,HS1992:293625
Imports,293626,HS1992:293626
Imports,293627,HS1992:293627
Imports,293628,HS1992:293628
Imports,293629,HS1992:293629
Imports,293690,HS1992:293690
Imports,293710,HS1992:293710
Imports,293721,HS1992:293721
Imports,293722,HS1992:293722
Imports,293729,HS1992:293729
Imports,293791,HS1992:293791
Imports,293792,HS1992:293792
Imports,293799,HS1992:293799
Imports,293810,HS1992:293810
Imports,293890,HS1992:293890
Imports,293910,HS1992:293910
Imports,293921,HS1992:293921
Imports,293929,HS1992:293929
Imports,293930,HS1992:293930
Imports,293940,HS1992:293940
Imports,293950,HS1992:293950
Imports,293960,HS1992:293960
Imports,293970,HS1992:293970
Imports,293990,HS1992:293990
Imports,294000,HS1992:294000
Imports,294110,HS1992:294110
Imports,294120,HS1992:294120
Imports,294130,HS1992:294130
Imports,294140,HS1992:294140
Imports,294150,HS1992:294150
Imports,294190,HS1992:294190
Imports,294200,HS1992:294200
Imports,300110,HS1992:300110
Imports,300120,HS1992:300120
Imports,300190,HS1992:300190
Imports,300210,HS1992:300210
Imports,300220,HS1992:300220
Imports,300231,HS1992:300231
Imports,300239,HS1992:300239
Imports,300290,HS1992:300290
Imports,300310,HS1992:300310
Imports,300320,HS1992:300320
Imports,300331,HS1992:300331
Imports,300339,HS1992:300339
Imports,300340,HS1992:300340
Imports,300390,HS1992:300390
Imports,300410,HS1992:300410
Imports,300420,HS1992:300420
Imports,300431,HS1992:300431
Imports,300432,HS1992:300432
Imports,300439,HS1992:300439
Imports,300440,HS1992:300440
Imports,300450,HS1992:300450
Imports,300490,HS1992:300490
Imports,300510,HS1992:300510
Imports,300590,HS1992:300590
Imports,300610,HS1992:300610
Imports,300620,HS1992:300620
Imports,300630,HS1992:300630
Imports,300640,HS1992:300640
Imports,300650,HS1992:300650
Imports,300660,HS1992:300660
Imports,310100,HS1992:310100
Imports,310210,HS1992:310210
Imports,310221,HS1992:310221
Imports,310229,HS1992:310229
Imports,310230,HS1992:310230
Imports,310240,HS1992:310240
Imports,310250,HS1992:310250
Imports,310260,HS1992:310260
Imports,310270,HS1992:310270
Imports,310280,HS1992:310280
Imports,310290,HS1992:310290
Imports,310310,HS1992:310310
Imports,310320,HS1992:310320
Imports,310390,HS1992:310390
Imports,310420,HS1992:310420
Imports,310430,HS1992:310430
Imports,310510,HS1992:310510
Imports,310520,HS1992:310520
Imports,310530,HS1992:310530
Imports,310540,HS1992:310540
Imports,310551,HS1992:310551
Imports,310559,HS1992:310559
Imports,310560,HS1992:310560
Imports,310590,HS1992:310590
Imports,320110,HS1992:320110
Imports,320120,HS1992:320120
Imports,320130,HS1992:320130
Imports,320190,HS1992:320190
Imports,320210,HS1992:320210
Imports,320290,HS1992:320290
Imports,320300,HS1992:320300
Imports,320411,HS1992:320411
Imports,320412,HS1992:320412
Imports,320413,HS1992:320413
Imports,320414,HS1992:320414
Imports,320415,HS1992:320415
Imports,320416,HS1992:320416
Imports,320417,HS1992:320417
Imports,320419,HS1992:320419
Imports,320420,HS1992:320420
Imports,320490,HS1992:320490
Imports,320500,HS1992:320500
Imports,320610,HS1992:320610
Imports,320620,HS1992:320620
Imports,320630,HS1992:320630
Imports,320641,HS1992:320641
Imports,320642,HS1992:320642
Imports,320643,HS1992:320643
Imports,320649,HS1992:320649
Imports,320650,HS1992:320650
Imports,320710,HS1992:320710
Imports,320720,HS1992:320720
Imports,320730,HS1992:320730
Imports,320740,HS1992:320740
Imports,320810,HS1992:320810
Imports,320820,HS1992:320820
Imports,320890,HS1992:320890
Imports,320910,HS1992:320910
Imports,320990,HS1992:320990
Imports,321000,HS1992:321000
Imports,321100,HS1992:321100
Imports,321210,HS1992:321210
Imports,321290,HS1992:321290
Imports,321310,HS1992:321310
Imports,321390,HS1992:321390
Imports,321410,HS1992:321410
Imports,321490,HS1992:321490
Imports,321511,HS1992:321511
Imports,321519,HS1992:321519
Imports,321590,HS1992:321590
Imports,330111,HS1992:330111
Imports,330112,HS1992:330112
Imports,330113,HS1992:330113
Imports,330114,HS1992:330114
Imports,330119,HS1992:330119
Imports,330121,HS1992:330121
Imports,330122,HS1992:330122
Imports,330123,HS1992:330123
Imports,330124,HS1992:330124
Imports,330125,HS1992:330125
Imports,330126,HS1992:330126
Imports,330129,HS1992:330129
Imports,330130,HS1992:330130
Imports,330190,HS1992:330190
Imports,330210,HS1992:330210
Imports,330290,HS1992:330290
Imports,330300,HS1992:330300
Imports,330410,HS1992:330410
Imports,330420,HS1992:330420
Imports,330430,HS1992:330430
Imports,330491,HS1992:330491
Imports,330499,HS1992:330499
Imports,330510,HS1992:330510
Imports,330520,HS1992:330520
Imports,330530,HS1992:330530
Imports,330590,HS1992:330590
Imports,330610,HS1992:330610
Imports,330690,HS1992:330690
Imports,330710,HS1992:330710
Imports,330720,HS1992:330720
Imports,330730,HS1992:330730
Imports,330741,HS1992:330741
Imports,330749,HS1992:330749
Imports,330790,HS1992:330790
Imports,340111,HS1992:340111
Imports,340119,HS1992:340119
Imports,340120,HS1992:340120
Imports,340211,HS1992:340211
Imports,340212,HS1992:340212
Imports,340213,HS1992:340213
Imports,340219,HS1992:340219
Imports,340220,HS1992:340220
Imports,340290,HS1992:340290
Imports,340410,HS1992:340410
Imports,340420,HS1992:340420
Imports,340490,HS1992:340490
Imports,340510,HS1992:340510
Imports,340520,HS1992:340520
Imports,340530,HS1992:340530
Imports,340540,HS1992:340540
Imports,340590,HS1992:340590
Imports,340600,HS1992:340600
Imports,340700,HS1992:340700
Imports,350110,HS1992:350110
Imports,350190,HS1992:350190
Imports,350210,HS1992:350210
Imports,350290,HS1992:350290
Imports,350300,HS1992:350300
Imports,350400,HS1992:350400
Imports,350510,HS1992:350510
Imports,350520,HS1992:350520
Imports,350610,HS1992:350610
Imports,350691,HS1992:350691
Imports,350699,HS1992:350699
Imports,350710,HS1992:350710
Imports,350790,HS1992:350790
Imports,360100,HS1992:360100
Imports,360200,HS1992:360200
Imports,360300,HS1992:360300
Imports,360410,HS1992:360410
Imports,360490,HS1992:360490
Imports,360500,HS1992:360500
Imports,360610,HS1992:360610
Imports,360690,HS1992:360690
Imports,370110,HS1992:370110
Imports,370120,HS1992:370120
Imports,370130,HS1992:370130
Imports,370191,HS1992:370191
Imports,370199,HS1992:370199
Imports,370210,HS1992:370210
Imports,370220,HS1992:370220
Imports,370231,HS1992:370231
Imports,370232,HS1992:370232
Imports,370239,HS1992:370239
Imports,370241,HS1992:370241
Imports,370242,HS1992:370242
Imports,370243,HS1992:370243
Imports,370244,HS1992:370244
Imports,370251,HS1992:370251
Imports,370252,HS1992:370252
Imports,370253,HS1992:370253
Imports,370254,HS1992:370254
Imports,370255,HS1992:370255
Imports,370256,HS1992:370256
Imports,370291,HS1992:370291
Imports,370292,HS1992:370292
Imports,370293,HS1992:370293
Imports,370294,HS1992:370294
Imports,370295,HS1992:370295
Imports,370310,HS1992:370310
Imports,370320,HS1992:370320
Imports,370390,HS1992:370390
Imports,370400,HS1992:370400
Imports,370510,HS1992:370510
Imports,370520,HS1992:370520
Imports,370590,HS1992:370590
Imports,370610,HS1992:370610
Imports,370690,HS1992:370690
Imports,370710,HS1992:370710
Imports,370790,HS1992:370790
Imports,380110,HS1992:380110
Imports,380120,HS1992:380120
Imports,380130,HS1992:380130
Imports,380190,HS1992:380190
Imports,380210,HS1992:380210
Imports,380290,HS1992:380290
Imports,380300,HS1992:380300
Imports,380400,HS1992:380400
Imports,380510,HS1992:380510
Imports,380520,HS1992:380520
Imports,380590,HS1992:380590
Imports,380610,HS1992:380610
Imports,380620,HS1992:380620
Imports,380630,HS1992:380630
Imports,380690,HS1992:380690
Imports,380700,HS1992:380700
Imports,380810,HS1992:380810
Imports,380820,HS1992:380820
Imports,380830,HS1992:380830
Imports,380840,HS1992:380840
Imports,380890,HS1992:380890
Imports,380910,HS1992:380910
Imports,380991,HS1992:380991
Imports,380992,HS1992:380992
Imports,380993,HS1992:380993
Imports,380999,HS1992:380999
Imports,381010,HS1992:381010
Imports,381090,HS1992:381090
Imports,381111,HS1992:381111
Imports,381119,HS1992:381119
Imports,381121,HS1992:381121
Imports,381129,HS1992:381129
Imports,381190,HS1992:381190
Imports,381210,HS1992:381210
Imports,381220,HS1992:381220
Imports,381230,HS1992:381230
Imports,381300,HS1992:381300
Imports,381400,HS1992:381400
Imports,381511,HS1992:381511
Imports,381512,HS1992:381512
Imports,381519,HS1992:381519
Imports,381590,HS1992:381590
Imports,381600,HS1992:381600
Imports,381710,HS1992:381710
Imports,381720,HS1992:381720
Imports,381800,HS1992:381800
Imports,381900,HS1992:381900
Imports,382000,HS1992:382000
Imports,382100,HS1992:382100
Imports,382200,HS1992:382200
Imports,382310,HS1992:382310
Imports,382320,HS1992:382320
Imports,382330,HS1992:382330
Imports,382340,HS1992:382340
Imports,382350,HS1992:382350
Imports,382360,HS1992:382360
Imports,382390,HS1992:382390
Imports,390110,HS1992:390110
Imports,390120,HS1992:390120
Imports,390130,HS1992:390130
Imports,390190,HS1992:390190
Imports,390210,HS1992:390210
Imports,390220,HS1992:390220
Imports,390230,HS1992:390230
Imports,390290,HS1992:390290
Imports,390311,HS1992:390311
Imports,390319,HS1992:390319
Imports,390320,HS1992:390320
Imports,390330,HS1992:390330
Imports,390390,HS1992:390390
Imports,390410,HS1992:390410
Imports,390421,HS1992:390421
Imports,390422,HS1992:390422
Imports,390430,HS1992:390430
Imports,390440,HS1992:390440
Imports,390450,HS1992:390450
Imports,390461,HS1992:390461
Imports,390469,HS1992:390469
Imports,390490,HS1992:390490
Imports,390511,HS1992:390511
Imports,390519,HS1992:390519
Imports,390520,HS1992:390520
Imports,390590,HS1992:390590
Imports,390610,HS1992:390610
Imports,390690,HS1992:390690
Imports,390710,HS1992:390710
Imports,390720,HS1992:390720
Imports,390730,HS1992:390730
Imports,390740,HS1992:390740
Imports,390750,HS1992:390750
Imports,390760,HS1992:390760
Imports,390791,HS1992:390791
Imports,390799,HS1992:390799
Imports,390810,HS1992:390810
Imports,390890,HS1992:390890
Imports,390910,HS1992:390910
Imports,390920,HS1992:390920
Imports,390930,HS1992:390930
Imports,390940,HS1992:390940
Imports,390950,HS1992:390950
Imports,391000,HS1992:391000
Imports,391110,HS1992:391110
Imports,391190,HS1992:391190
Imports,391211,HS1992:391211
Imports,391212,HS1992:391212
Imports,391220,HS1992:391220
Imports,391231,HS1992:391231
Imports,391239,HS1992:391239
Imports,391290,HS1992:391290
Imports,391310,HS1992:391310
Imports,391390,HS1992:391390
Imports,391400,HS1992:391400
Imports,391510,HS1992:391510
Imports,391520,HS1992:391520
Imports,391530,HS1992:391530
Imports,391590,HS1992:391590
Imports,391610,HS1992:391610
Imports,391620,HS1992:391620
Imports,391690,HS1992:391690
Imports,391710,HS1992:391710
Imports,391721,HS1992:391721
Imports,391722,HS1992:391722
Imports,391723,HS1992:391723
Imports,391729,HS1992:391729
Imports,391731,HS1992:391731
Imports,391732,HS1992:391732
Imports,391733,HS1992:391733
Imports,391739,HS1992:391739
Imports,391740,HS1992:391740
Imports,391810,HS1992:391810
Imports,391890,HS1992:391890
Imports,391910,HS1992:391910
Imports,391990,HS1992:391990
Imports,392010,HS1992:392010
Imports,392020,HS1992:392020
Imports,392030,HS1992:392030
Imports,392041,HS1992:392041
Imports,392042,HS1992:392042
Imports,392051,HS1992:392051
Imports,392059,HS1992:392059
Imports,392061,HS1992:392061
Imports,392062,HS1992:392062
Imports,392063,HS1992:392063
Imports,392069,HS1992:392069
Imports,392071,HS1992:392071
Imports,392072,HS1992:392072
Imports,392073,HS1992:392073
Imports,392079,HS1992:392079
Imports,392091,HS1992:392091
Imports,392092,HS1992:392092
Imports,392093,HS1992:392093
Imports,392094,HS1992:392094
Imports,392099,HS1992:392099
Imports,392111,HS1992:392111
Imports,392112,HS1992:392112
Imports,392113,HS1992:392113
Imports,392114,HS1992:392114
Imports,392119,HS1992:392119
Imports,392190,HS1992:392190
Imports,392210,HS1992:392210
Imports,392220,HS1992:392220
Imports,392290,HS1992:392290
Imports,392310,HS1992:392310
Imports,392321,HS1992:392321
Imports,392329,HS1992:392329
Imports,392330,HS1992:392330
Imports,392340,HS1992:392340
Imports,392350,HS1992:392350
Imports,392390,HS1992:392390
Imports,392410,HS1992:392410
Imports,392490,HS1992:392490
Imports,392510,HS1992:392510
Imports,392520,HS1992:392520
Imports,392530,HS1992:392530
Imports,392590,HS1992:392590
Imports,392610,HS1992:392610
Imports,392620,HS1992:392620
Imports,392630,HS1992:392630
Imports,392640,HS1992:392640
Imports,392690,HS1992:392690
Imports,400110,HS1992:400110
Imports,400121,HS1992:400121
Imports,400122,HS1992:400122
Imports,400129,HS1992:400129
Imports,400130,HS1992:400130
Imports,400211,HS1992:400211
Imports,400219,HS1992:400219
Imports,400220,HS1992:400220
Imports,400231,HS1992:400231
Imports,400239,HS1992:400239
Imports,400241,HS1992:400241
Imports,400249,HS1992:400249
Imports,400251,HS1992:400251
Imports,400259,HS1992:400259
Imports,400260,HS1992:400260
Imports,400270,HS1992:400270
Imports,400280,HS1992:400280
Imports,400291,HS1992:400291
Imports,400299,HS1992:400299
Imports,400300,HS1992:400300
Imports,400400,HS1992:400400
Imports,400510,HS1992:400510
Imports,400520,HS1992:400520
Imports,400591,HS1992:400591
Imports,400599,HS1992:400599
Imports,400610,HS1992:400610
Imports,400690,HS1992:400690
Imports,400700,HS1992:400700
Imports,400811,HS1992:400811
Imports,400819,HS1992:400819
Imports,400821,HS1992:400821
Imports,400829,HS1992:400829
Imports,400910,HS1992:400910
Imports,400920,HS1992:400920
Imports,400930,HS1992:400930
Imports,400940,HS1992:400940
Imports,400950,HS1992:400950
Imports,401010,HS1992:401010
Imports,401091,HS1992:401091
Imports,401099,HS1992:401099
Imports,401110,HS1992:401110
Imports,401120,HS1992:401120
Imports,401130,HS1992:401130
Imports,401140,HS1992:401140
Imports,401150,HS1992:401150
Imports,401191,HS1992:401191
Imports,401199,HS1992:401199
Imports,401210,HS1992:401210
Imports,401220,HS1992:401220
Imports,401290,HS1992:401290
Imports,401310,HS1992:401310
Imports,401320,HS1992:401320
Imports,401390,HS1992:401390
Imports,401410,HS1992:401410
Imports,401490,HS1992:401490
Imports,401511,HS1992:401511
Imports,401519,HS1992:401519
Imports,401590,HS1992:401590
Imports,401610,HS1992:401610
Imports,401691,HS1992:401691
Imports,401692,HS1992:401692
Imports,401693,HS1992:401693
Imports,401694,HS1992:401694
Imports,401695,HS1992:401695
Imports,401699,HS1992:401699
Imports,401700,HS1992:401700
Imports,410110,HS1992:410110
Imports,410121,HS1992:410121
Imports,410122,HS1992:410122
Imports,410129,HS1992:410129
Imports,410130,HS1992:410130
Imports,410140,HS1992:410140
Imports,410210,HS1992:410210
Imports,410221,HS1992:410221
Imports,410229,HS1992:410229
Imports,410310,HS1992:410310
Imports,410320,HS1992:410320
Imports,410390,HS1992:410390
Imports,410410,HS1992:410410
Imports,410422,HS1992:410422
Imports,410429,HS1992:410429
Imports,410431,HS1992:410431
Imports,410439,HS1992:410439
Imports,410511,HS1992:410511
Imports,410512,HS1992:410512
Imports,410519,HS1992:410519
Imports,410520,HS1992:410520
Imports,410611,HS1992:410611
Imports,410612,HS1992:410612
Imports,410619,HS1992:410619
Imports,410620,HS1992:410620
Imports,410710,HS1992:410710
Imports,410721,HS1992:410721
Imports,410729,HS1992:410729
Imports,410790,HS1992:410790
Imports,410800,HS1992:410800
Imports,410900,HS1992:410900
Imports,411000,HS1992:411000
Imports,411100,HS1992:411100
Imports,420100,HS1992:420100
Imports,420211,HS1992:420211
Imports,420212,HS1992:420212
Imports,420219,HS1992:420219
Imports,420221,HS1992:420221
Imports,420222,HS1992:420222
Imports,420229,HS1992:420229
Imports,420231,HS1992:420231
Imports,420232,HS1992:420232
Imports,420239,HS1992:420239
Imports,420291,HS1992:420291
Imports,420292,HS1992:420292
Imports,420299,HS1992:420299
Imports,420310,HS1992:420310
Imports,420321,HS1992:420321
Imports,420329,HS1992:420329
Imports,420330,HS1992:420330
Imports,420340,HS1992:420340
Imports,420610,HS1992:420610
Imports,420690,HS1992:420690
Imports,430110,HS1992:430110
Imports,430120,HS1992:430120
Imports,430130,HS1992:430130
Imports,430140,HS1992:430140
Imports,430150,HS1992:430150
Imports,430160,HS1992:430160
Imports,430170,HS1992:430170
Imports,430180,HS1992:430180
Imports,430190,HS1992:430190
Imports,430211,HS1992:430211
Imports,430212,HS1992:430212
Imports,430213,HS1992:430213
Imports,430219,HS1992:430219
Imports,430220,HS1992:430220
Imports,430230,HS1992:430230
Imports,430310,HS1992:430310
Imports,430390,HS1992:430390
Imports,430400,HS1992:430400
Imports,440121,HS1992:440121
Imports,440122,HS1992:440122
Imports,440130,HS1992:440130
Imports,440310,HS1992:440310
Imports,440320,HS1992:440320
Imports,440331,HS1992:440331
Imports,440332,HS1992:440332
Imports,440333,HS1992:440333
Imports,440334,HS1992:440334
Imports,440335,HS1992:440335
Imports,440391,HS1992:440391
Imports,440392,HS1992:440392
Imports,440399,HS1992:440399
Imports,440410,HS1992:440410
Imports,440420,HS1992:440420
Imports,440500,HS1992:440500
Imports,440610,HS1992:440610
Imports,440690,HS1992:440690
Imports,440710,HS1992:440710
Imports,440721,HS1992:440721
Imports,440722,HS1992:440722
Imports,440723,HS1992:440723
Imports,440791,HS1992:440791
Imports,440792,HS1992:440792
Imports,440799,HS1992:440799
Imports,440810,HS1992:440810
Imports,440820,HS1992:440820
Imports,440890,HS1992:440890
Imports,440910,HS1992:440910
Imports,440920,HS1992:440920
Imports,441010,HS1992:441010
Imports,441090,HS1992:441090
Imports,441111,HS1992:441111
Imports,441119,HS1992:441119
Imports,441121,HS1992:441121
Imports,441129,HS1992:441129
Imports,441131,HS1992:441131
Imports,441139,HS1992:441139
Imports,441191,HS1992:441191
Imports,441199,HS1992:441199
Imports,441211,HS1992:441211
Imports,441212,HS1992:441212
Imports,441219,HS1992:441219
Imports,441221,HS1992:441221
Imports,441229,HS1992:441229
Imports,441291,HS1992:441291
Imports,441299,HS1992:441299
Imports,441300,HS1992:441300
Imports,441400,HS1992:441400
Imports,441510,HS1992:441510
Imports,441520,HS1992:441520
Imports,441600,HS1992:441600
Imports,441700,HS1992:441700
Imports,441810,HS1992:441810
Imports,441820,HS1992:441820
Imports,441830,HS1992:441830
Imports,441840,HS1992:441840
Imports,441850,HS1992:441850
Imports,441890,HS1992:441890
Imports,441900,HS1992:441900
Imports,442010,HS1992:442010
Imports,442090,HS1992:442090
Imports,442110,HS1992:442110
Imports,442190,HS1992:442190
Imports,450110,HS1992:450110
Imports,450190,HS1992:450190
Imports,450200,HS1992:450200
Imports,450310,HS1992:450310
Imports,450390,HS1992:450390
Imports,450410,HS1992:450410
Imports,450490,HS1992:450490
Imports,460110,HS1992:460110
Imports,460120,HS1992:460120
Imports,460191,HS1992:460191
Imports,460199,HS1992:460199
Imports,460210,HS1992:460210
Imports,460290,HS1992:460290
Imports,470100,HS1992:470100
Imports,470200,HS1992:470200
Imports,470311,HS1992:470311
Imports,470319,HS1992:470319
Imports,470321,HS1992:470321
Imports,470329,HS1992:470329
Imports,470411,HS1992:470411
Imports,470419,HS1992:470419
Imports,470421,HS1992:470421
Imports,470429,HS1992:470429
Imports,470500,HS1992:470500
Imports,470610,HS1992:470610
Imports,470691,HS1992:470691
Imports,470692,HS1992:470692
Imports,470693,HS1992:470693
Imports,470710,HS1992:470710
Imports,470720,HS1992:470720
Imports,470730,HS1992:470730
Imports,470790,HS1992:470790
Imports,480100,HS1992:480100
Imports,480210,HS1992:480210
Imports,480220,HS1992:480220
Imports,480230,HS1992:480230
Imports,480240,HS1992:480240
Imports,480251,HS1992:480251
Imports,480252,HS1992:480252
Imports,480253,HS1992:480253
Imports,480260,HS1992:480260
Imports,480300,HS1992:480300
Imports,480411,HS1992:480411
Imports,480419,HS1992:480419
Imports,480421,HS1992:480421
Imports,480429,HS1992:480429
Imports,480431,HS1992:480431
Imports,480439,HS1992:480439
Imports,480441,HS1992:480441
Imports,480442,HS1992:480442
Imports,480449,HS1992:480449
Imports,480451,HS1992:480451
Imports,480452,HS1992:480452
Imports,480459,HS1992:480459
Imports,480510,HS1992:480510
Imports,480521,HS1992:480521
Imports,480522,HS1992:480522
Imports,480523,HS1992:480523
Imports,480529,HS1992:480529
Imports,480530,HS1992:480530
Imports,480540,HS1992:480540
Imports,480550,HS1992:480550
Imports,480560,HS1992:480560
Imports,480570,HS1992:480570
Imports,480580,HS1992:480580
Imports,480610,HS1992:480610
Imports,480620,HS1992:480620
Imports,480630,HS1992:480630
Imports,480640,HS1992:480640
Imports,480710,HS1992:480710
Imports,480791,HS1992:480791
Imports,480799,HS1992:480799
Imports,480810,HS1992:480810
Imports,480820,HS1992:480820
Imports,480830,HS1992:480830
Imports,480890,HS1992:480890
Imports,480910,HS1992:480910
Imports,480920,HS1992:480920
Imports,480990,HS1992:480990
Imports,481011,HS1992:481011
Imports,481012,HS1992:481012
Imports,481021,HS1992:481021
Imports,481029,HS1992:481029
Imports,481031,HS1992:481031
Imports,481032,HS1992:481032
Imports,481039,HS1992:481039
Imports,481091,HS1992:481091
Imports,481099,HS1992:481099
Imports,481121,HS1992:481121
Imports,481129,HS1992:481129
Imports,481190,HS1992:481190
Imports,481200,HS1992:481200
Imports,481310,HS1992:481310
Imports,481320,HS1992:481320
Imports,481390,HS1992:481390
Imports,481410,HS1992:481410
Imports,481420,HS1992:481420
Imports,481430,HS1992:481430
Imports,481490,HS1992:481490
Imports,481610,HS1992:481610
Imports,481620,HS1992:481620
Imports,481630,HS1992:481630
Imports,481690,HS1992:481690
Imports,481710,HS1992:481710
Imports,481720,HS1992:481720
Imports,481730,HS1992:481730
Imports,481810,HS1992:481810
Imports,481820,HS1992:481820
Imports,481830,HS1992:481830
Imports,481840,HS1992:481840
Imports,481850,HS1992:481850
Imports,481890,HS1992:481890
Imports,481910,HS1992:481910
Imports,481920,HS1992:481920
Imports,481930,HS1992:481930
Imports,481940,HS1992:481940
Imports,481950,HS1992:481950
Imports,481960,HS1992:481960
Imports,482010,HS1992:482010
Imports,482020,HS1992:482020
Imports,482030,HS1992:482030
Imports,482040,HS1992:482040
Imports,482050,HS1992:482050
Imports,482090,HS1992:482090
Imports,482110,HS1992:482110
Imports,482190,HS1992:482190
Imports,482210,HS1992:482210
Imports,482290,HS1992:482290
Imports,482311,HS1992:482311
Imports,482319,HS1992:482319
Imports,482320,HS1992:482320
Imports,482340,HS1992:482340
Imports,482351,HS1992:482351
Imports,482359,HS1992:482359
Imports,482360,HS1992:482360
Imports,482370,HS1992:482370
Imports,482390,HS1992:482390
Imports,490110,HS1992:490110
Imports,490191,HS1992:490191
Imports,490199,HS1992:490199
Imports,490210,HS1992:490210
Imports,490290,HS1992:490290
Imports,490300,HS1992:490300
Imports,490400,HS1992:490400
Imports,490510,HS1992:490510
Imports,490591,HS1992:490591
Imports,490599,HS1992:490599
Imports,490600,HS1992:490600
Imports,490700,HS1992:490700
Imports,490810,HS1992:490810
Imports,490890,HS1992:490890
Imports,490900,HS1992:490900
Imports,491000,HS1992:491000
Imports,491110,HS1992:491110
Imports,491191,HS1992:491191
Imports,491199,HS1992:491199
Imports,500100,HS1992:500100
Imports,500200,HS1992:500200
Imports,500310,HS1992:500310
Imports,500390,HS1992:500390
Imports,500400,HS1992:500400
Imports,500500,HS1992:500500
Imports,500600,HS1992:500600
Imports,500710,HS1992:500710
Imports,500720,HS1992:500720
Imports,500790,HS1992:500790
Imports,510111,HS1992:510111
Imports,510119,HS1992:510119
Imports,510121,HS1992:510121
Imports,510129,HS1992:510129
Imports,510130,HS1992:510130
Imports,510210,HS1992:510210
Imports,510220,HS1992:510220
Imports,510310,HS1992:510310
Imports,510320,HS1992:510320
Imports,510330,HS1992:510330
Imports,510400,HS1992:510400
Imports,510510,HS1992:510510
Imports,510521,HS1992:510521
Imports,510529,HS1992:510529
Imports,510530,HS1992:510530
Imports,510540,HS1992:510540
Imports,510610,HS1992:510610
Imports,510620,HS1992:510620
Imports,510710,HS1992:510710
Imports,510720,HS1992:510720
Imports,510810,HS1992:510810
Imports,510820,HS1992:510820
Imports,510910,HS1992:510910
Imports,510990,HS1992:510990
Imports,511000,HS1992:511000
Imports,511111,HS1992:511111
Imports,511119,HS1992:511119
Imports,511120,HS1992:511120
Imports,511130,HS1992:511130
Imports,511190,HS1992:511190
Imports,511211,HS1992:511211
Imports,511219,HS1992:511219
Imports,511220,HS1992:511220
Imports,511230,HS1992:511230
Imports,511290,HS1992:511290
Imports,511300,HS1992:511300
Imports,520100,HS1992:520100
Imports,520210,HS1992:520210
Imports,520291,HS1992:520291
Imports,520299,HS1992:520299
Imports,520300,HS1992:520300
Imports,520411,HS1992:520411
Imports,520419,HS1992:520419
Imports,520420,HS1992:520420
Imports,520511,HS1992:520511
Imports,520512,HS1992:520512
Imports,520513,HS1992:520513
Imports,520514,HS1992:520514
Imports,520515,HS1992:520515
Imports,520521,HS1992:520521
Imports,520522,HS1992:520522
Imports,520523,HS1992:520523
Imports,520524,HS1992:520524
Imports,520525,HS1992:520525
Imports,520531,HS1992:520531
Imports,520532,HS1992:520532
Imports,520533,HS1992:520533
Imports,520534,HS1992:520534
Imports,520535,HS1992:520535
Imports,520541,HS1992:520541
Imports,520542,HS1992:520542
Imports,520543,HS1992:520543
Imports,520544,HS1992:520544
Imports,520545,HS1992:520545
Imports,520611,HS1992:520611
Imports,520612,HS1992:520612
Imports,520613,HS1992:520613
Imports,520614,HS1992:520614
Imports,520615,HS1992:520615
Imports,520621,HS1992:520621
Imports,520622,HS1992:520622
Imports,520623,HS1992:520623
Imports,520624,HS1992:520624
Imports,520625,HS1992:520625
Imports,520631,HS1992:520631
Imports,520632,HS1992:520632
Imports,520633,HS1992:520633
Imports,520634,HS1992:520634
Imports,520635,HS1992:520635
Imports,520641,HS1992:520641
Imports,520642,HS1992:520642
Imports,520643,HS1992:520643
Imports,520644,HS1992:520644
Imports,520645,HS1992:520645
Imports,520710,HS1992:520710
Imports,520790,HS1992:520790
Imports,520811,HS1992:520811
Imports,520812,HS1992:520812
Imports,520813,HS1992:520813
Imports,520819,HS1992:520819
Imports,520821,HS1992:520821
Imports,520822,HS1992:520822
Imports,520823,HS1992:520823
Imports,520829,HS1992:520829
Imports,520831,HS1992:520831
Imports,520832,HS1992:520832
Imports,520833,HS1992:520833
Imports,520839,HS1992:520839
Imports,520841,HS1992:520841
Imports,520842,HS1992:520842
Imports,520843,HS1992:520843
Imports,520849,HS1992:520849
Imports,520851,HS1992:520851
Imports,520852,HS1992:520852
Imports,520853,HS1992:520853
Imports,520859,HS1992:520859
Imports,520911,HS1992:520911
Imports,520912,HS1992:520912
Imports,520919,HS1992:520919
Imports,520921,HS1992:520921
Imports,520922,HS1992:520922
Imports,520929,HS1992:520929
Imports,520931,HS1992:520931
Imports,520932,HS1992:520932
Imports,520939,HS1992:520939
Imports,520941,HS1992:520941
Imports,520942,HS1992:520942
Imports,520943,HS1992:520943
Imports,520949,HS1992:520949
Imports,520951,HS1992:520951
Imports,520952,HS1992:520952
Imports,520959,HS1992:520959
Imports,521011,HS1992:521011
Imports,521012,HS1992:521012
Imports,521019,HS1992:521019
Imports,521021,HS1992:521021
Imports,521022,HS1992:521022
Imports,521029,HS1992:521029
Imports,521031,HS1992:521031
Imports,521032,HS1992:521032
Imports,521039,HS1992:521039
Imports,521041,HS1992:521041
Imports,521042,HS1992:521042
Imports,521049,HS1992:521049
Imports,521051,HS1992:521051
Imports,521052,HS1992:521052
Imports,521059,HS1992:521059
Imports,521111,HS1992:521111
Imports,521112,HS1992:521112
Imports,521119,HS1992:521119
Imports,521121,HS1992:521121
Imports,521122,HS1992:521122
Imports,521129,HS1992:521129
Imports,521131,HS1992:521131
Imports,521132,HS1992:521132
Imports,521139,HS1992:521139
Imports,521141,HS1992:521141
Imports,521142,HS1992:521142
Imports,521143,HS1992:521143
Imports,521149,HS1992:521149
Imports,521151,HS1992:521151
Imports,521152,HS1992:521152
Imports,521159,HS1992:521159
Imports,521211,HS1992:521211
Imports,521212,HS1992:521212
Imports,521213,HS1992:521213
Imports,521214,HS1992:521214
Imports,521215,HS1992:521215
Imports,521221,HS1992:521221
Imports,521222,HS1992:521222
Imports,521223,HS1992:521223
Imports,521224,HS1992:521224
Imports,521225,HS1992:521225
Imports,530110,HS1992:530110
Imports,530121,HS1992:530121
Imports,530129,HS1992:530129
Imports,530130,HS1992:530130
Imports,530210,HS1992:530210
Imports,530290,HS1992:530290
Imports,530310,HS1992:530310
Imports,530390,HS1992:530390
Imports,530410,HS1992:530410
Imports,530490,HS1992:530490
Imports,530511,HS1992:530511
Imports,530519,HS1992:530519
Imports,530521,HS1992:530521
Imports,530529,HS1992:530529
Imports,530591,HS1992:530591
Imports,530599,HS1992:530599
Imports,530610,HS1992:530610
Imports,530620,HS1992:530620
Imports,530710,HS1992:530710
Imports,530720,HS1992:530720
Imports,530810,HS1992:530810
Imports,530820,HS1992:530820
Imports,530830,HS1992:530830
Imports,530890,HS1992:530890
Imports,530911,HS1992:530911
Imports,530919,HS1992:530919
Imports,530921,HS1992:530921
Imports,530929,HS1992:530929
Imports,531010,HS1992:531010
Imports,531090,HS1992:531090
Imports,531100,HS1992:531100
Imports,540110,HS1992:540110
Imports,540120,HS1992:540120
Imports,540210,HS1992:540210
Imports,540220,HS1992:540220
Imports,540231,HS1992:540231
Imports,540232,HS1992:540232
Imports,540233,HS1992:540233
Imports,540239,HS1992:540239
Imports,540241,HS1992:540241
Imports,540242,HS1992:540242
Imports,540243,HS1992:540243
Imports,540249,HS1992:540249
Imports,540251,HS1992:540251
Imports,540252,HS1992:540252
Imports,540259,HS1992:540259
Imports,540261,HS1992:540261
Imports,540262,HS1992:540262
Imports,540269,HS1992:540269
Imports,540310,HS1992:540310
Imports,540320,HS1992:540320
Imports,540331,HS1992:540331
Imports,540332,HS1992:540332
Imports,540333,HS1992:540333
Imports,540339,HS1992:540339
Imports,540341,HS1992:540341
Imports,540342,HS1992:540342
Imports,540349,HS1992:540349
Imports,540410,HS1992:540410
Imports,540490,HS1992:540490
Imports,540500,HS1992:540500
Imports,540610,HS1992:540610
Imports,540620,HS1992:540620
Imports,540710,HS1992:540710
Imports,540720,HS1992:540720
Imports,540730,HS1992:540730
Imports,540741,HS1992:540741
Imports,540742,HS1992:540742
Imports,540743,HS1992:540743
Imports,540744,HS1992:540744
Imports,540751,HS1992:540751
Imports,540752,HS1992:540752
Imports,540753,HS1992:540753
Imports,540754,HS1992:540754
Imports,540760,HS1992:540760
Imports,540771,HS1992:540771
Imports,540772,HS1992:540772
Imports,540773,HS1992:540773
Imports,540774,HS1992:540774
Imports,540781,HS1992:540781
Imports,540782,HS1992:540782
Imports,540783,HS1992:540783
Imports,540784,HS1992:540784
Imports,540791,HS1992:540791
Imports,540792,HS1992:540792
Imports,540793,HS1992:540793
Imports,540794,HS1992:540794
Imports,540810,HS1992:540810
Imports,540821,HS1992:540821
Imports,540822,HS1992:540822
Imports,540823,HS1992:540823
Imports,540824,HS1992:540824
Imports,540831,HS1992:540831
Imports,540832,HS1992:540832
Imports,540833,HS1992:540833
Imports,540834,HS1992:540834
Imports,550110,HS1992:550110
Imports,550120,HS1992:550120
Imports,550130,HS1992:550130
Imports,550190,HS1992:550190
Imports,550200,HS1992:550200
Imports,550310,HS1992:550310
Imports,550320,HS1992:550320
Imports,550330,HS1992:550330
Imports,550340,HS1992:550340
Imports,550390,HS1992:550390
Imports,550410,HS1992:550410
Imports,550490,HS1992:550490
Imports,550510,HS1992:550510
Imports,550520,HS1992:550520
Imports,550610,HS1992:550610
Imports,550620,HS1992:550620
Imports,550630,HS1992:550630
Imports,550690,HS1992:550690
Imports,550700,HS1992:550700
Imports,550810,HS1992:550810
Imports,550820,HS1992:550820
Imports,550911,HS1992:550911
Imports,550912,HS1992:550912
Imports,550921,HS1992:550921
Imports,550922,HS1992:550922
Imports,550931,HS1992:550931
Imports,550932,HS1992:550932
Imports,550941,HS1992:550941
Imports,550942,HS1992:550942
Imports,550951,HS1992:550951
Imports,550952,HS1992:550952
Imports,550953,HS1992:550953
Imports,550959,HS1992:550959
Imports,550961,HS1992:550961
Imports,550962,HS1992:550962
Imports,550969,HS1992:550969
Imports,550991,HS1992:550991
Imports,550992,HS1992:550992
Imports,550999,HS1992:550999
Imports,551011,HS1992:551011
Imports,551012,HS1992:551012
Imports,551020,HS1992:551020
Imports,551030,HS1992:551030
Imports,551090,HS1992:551090
Imports,551110,HS1992:551110
Imports,551120,HS1992:551120
Imports,551130,HS1992:551130
Imports,551211,HS1992:551211
Imports,551219,HS1992:551219
Imports,551221,HS1992:551221
Imports,551229,HS1992:551229
Imports,551291,HS1992:551291
Imports,551299,HS1992:551299
Imports,551311,HS1992:551311
Imports,551312,HS1992:551312
Imports,551313,HS1992:551313
Imports,551319,HS1992:551319
Imports,551321,HS1992:551321
Imports,551322,HS1992:551322
Imports,551323,HS1992:551323
Imports,551329,HS1992:551329
Imports,551331,HS1992:551331
Imports,551332,HS1992:551332
Imports,551333,HS1992:551333
Imports,551339,HS1992:551339
Imports,551341,HS1992:551341
Imports,551342,HS1992:551342
Imports,551343,HS1992:551343
Imports,551349,HS1992:551349
Imports,551411,HS1992:551411
Imports,551412,HS1992:551412
Imports,551413,HS1992:551413
Imports,551419,HS1992:551419
Imports,551421,HS1992:551421
Imports,551422,HS1992:551422
Imports,551423,HS1992:551423
Imports,551429,HS1992:551429
Imports,551431,HS1992:551431
Imports,551432,HS1992:551432
Imports,551433,HS1992:551433
Imports,551439,HS1992:551439
Imports,551441,HS1992:551441
Imports,551442,HS1992:551442
Imports,551443,HS1992:551443
Imports,551449,HS1992:551449
Imports,551511,HS1992:551511
Imports,551512,HS1992:551512
Imports,551513,HS1992:551513
Imports,551519,HS1992:551519
Imports,551521,HS1992:551521
Imports,551522,HS1992:551522
Imports,551529,HS1992:551529
Imports,551591,HS1992:551591
Imports,551592,HS1992:551592
Imports,551599,HS1992:551599
Imports,551611,HS1992:551611
Imports,551612,HS1992:551612
Imports,551613,HS1992:551613
Imports,551614,HS1992:551614
Imports,551621,HS1992:551621
Imports,551622,HS1992:551622
Imports,551623,HS1992:551623
Imports,551624,HS1992:551624
Imports,551631,HS1992:551631
Imports,551632,HS1992:551632
Imports,551633,HS1992:551633
Imports,551634,HS1992:551634
Imports,551641,HS1992:551641
Imports,551642,HS1992:551642
Imports,551643,HS1992:551643
Imports,551644,HS1992:551644
Imports,551691,HS1992:551691
Imports,551692,HS1992:551692
Imports,551693,HS1992:551693
Imports,551694,HS1992:551694
Imports,560110,HS1992:560110
Imports,560121,HS1992:560121
Imports,560122,HS1992:560122
Imports,560129,HS1992:560129
Imports,560130,HS1992:560130
Imports,560210,HS1992:560210
Imports,560221,HS1992:560221
Imports,560229,HS1992:560229
Imports,560290,HS1992:560290
Imports,560300,HS1992:560300
Imports,560410,HS1992:560410
Imports,560420,HS1992:560420
Imports,560490,HS1992:560490
Imports,560500,HS1992:560500
Imports,560600,HS1992:560600
Imports,560710,HS1992:560710
Imports,560721,HS1992:560721
Imports,560729,HS1992:560729
Imports,560730,HS1992:560730
Imports,560741,HS1992:560741
Imports,560749,HS1992:560749
Imports,560750,HS1992:560750
Imports,560790,HS1992:560790
Imports,560811,HS1992:560811
Imports,560819,HS1992:560819
Imports,560890,HS1992:560890
Imports,560900,HS1992:560900
Imports,570110,HS1992:570110
Imports,570190,HS1992:570190
Imports,570210,HS1992:570210
Imports,570220,HS1992:570220
Imports,570231,HS1992:570231
Imports,570232,HS1992:570232
Imports,570239,HS1992:570239
Imports,570241,HS1992:570241
Imports,570242,HS1992:570242
Imports,570249,HS1992:570249
Imports,570251,HS1992:570251
Imports,570252,HS1992:570252
Imports,570259,HS1992:570259
Imports,570291,HS1992:570291
Imports,570292,HS1992:570292
Imports,570299,HS1992:570299
Imports,570310,HS1992:570310
Imports,570320,HS1992:570320
Imports,570330,HS1992:570330
Imports,570390,HS1992:570390
Imports,570410,HS1992:570410
Imports,570490,HS1992:570490
Imports,570500,HS1992:570500
Imports,580110,HS1992:580110
Imports,580121,HS1992:580121
Imports,580122,HS1992:580122
Imports,580123,HS1992:580123
Imports,580124,HS1992:580124
Imports,580125,HS1992:580125
Imports,580126,HS1992:580126
Imports,580131,HS1992:580131
Imports,580132,HS1992:580132
Imports,580133,HS1992:580133
Imports,580134,HS1992:580134
Imports,580135,HS1992:580135
Imports,580136,HS1992:580136
Imports,580190,HS1992:580190
Imports,580211,HS1992:580211
Imports,580219,HS1992:580219
Imports,580220,HS1992:580220
Imports,580230,HS1992:580230
Imports,580310,HS1992:580310
Imports,580390,HS1992:580390
Imports,580410,HS1992:580410
Imports,580421,HS1992:580421
Imports,580429,HS1992:580429
Imports,580430,HS1992:580430
Imports,580500,HS1992:580500
Imports,580610,HS1992:580610
Imports,580620,HS1992:580620
Imports,580631,HS1992:580631
Imports,580632,HS1992:580632
Imports,580639,HS1992:580639
Imports,580640,HS1992:580640
Imports,580710,HS1992:580710
Imports,580790,HS1992:580790
Imports,580810,HS1992:580810
Imports,580890,HS1992:580890
Imports,580900,HS1992:580900
Imports,581010,HS1992:581010
Imports,581091,HS1992:581091
Imports,581092,HS1992:581092
Imports,581099,HS1992:581099
Imports,581100,HS1992:581100
Imports,590110,HS1992:590110
Imports,590190,HS1992:590190
Imports,590210,HS1992:590210
Imports,590220,HS1992:590220
Imports,590290,HS1992:590290
Imports,590310,HS1992:590310
Imports,590320,HS1992:590320
Imports,590390,HS1992:590390
Imports,590410,HS1992:590410
Imports,590491,HS1992:590491
Imports,590492,HS1992:590492
Imports,590500,HS1992:590500
Imports,590610,HS1992:590610
Imports,590691,HS1992:590691
Imports,590699,HS1992:590699
Imports,590700,HS1992:590700
Imports,590800,HS1992:590800
Imports,590900,HS1992:590900
Imports,591000,HS1992:591000
Imports,591110,HS1992:591110
Imports,591120,HS1992:591120
Imports,591131,HS1992:591131
Imports,591132,HS1992:591132
Imports,591140,HS1992:591140
Imports,591190,HS1992:591190
Imports,600110,HS1992:600110
Imports,600121,HS1992:600121
Imports,600122,HS1992:600122
Imports,600129,HS1992:600129
Imports,600191,HS1992:600191
Imports,600192,HS1992:600192
Imports,600199,HS1992:600199
Imports,600210,HS1992:600210
Imports,600220,HS1992:600220
Imports,600230,HS1992:600230
Imports,600241,HS1992:600241
Imports,600242,HS1992:600242
Imports,600243,HS1992:600243
Imports,600249,HS1992:600249
Imports,600291,HS1992:600291
Imports,600292,HS1992:600292
Imports,600293,HS1992:600293
Imports,600299,HS1992:600299
Imports,610110,HS1992:610110
Imports,610120,HS1992:610120
Imports,610130,HS1992:610130
Imports,610190,HS1992:610190
Imports,610210,HS1992:610210
Imports,610220,HS1992:610220
Imports,610230,HS1992:610230
Imports,610290,HS1992:610290
Imports,610311,HS1992:610311
Imports,610312,HS1992:610312
Imports,610319,HS1992:610319
Imports,610321,HS1992:610321
Imports,610322,HS1992:610322
Imports,610323,HS1992:610323
Imports,610329,HS1992:610329
Imports,610331,HS1992:610331
Imports,610332,HS1992:610332
Imports,610333,HS1992:610333
Imports,610339,HS1992:610339
Imports,610341,HS1992:610341
Imports,610342,HS1992:610342
Imports,610343,HS1992:610343
Imports,610349,HS1992:610349
Imports,610411,HS1992:610411
Imports,610412,HS1992:610412
Imports,610413,HS1992:610413
Imports,610419,HS1992:610419
Imports,610421,HS1992:610421
Imports,610422,HS1992:610422
Imports,610423,HS1992:610423
Imports,610429,HS1992:610429
Imports,610431,HS1992:610431
Imports,610432,HS1992:610432
Imports,610433,HS1992:610433
Imports,610439,HS1992:610439
Imports,610441,HS1992:610441
Imports,610442,HS1992:610442
Imports,610443,HS1992:610443
Imports,610444,HS1992:610444
Imports,610449,HS1992:610449
Imports,610451,HS1992:610451
Imports,610452,HS1992:610452
Imports,610453,HS1992:610453
Imports,610459,HS1992:610459
Imports,610461,HS1992:610461
Imports,610462,HS1992:610462
Imports,610463,HS1992:610463
Imports,610469,HS1992:610469
Imports,610510,HS1992:610510
Imports,610520,HS1992:610520
Imports,610590,HS1992:610590
Imports,610610,HS1992:610610
Imports,610620,HS1992:610620
Imports,610690,HS1992:610690
Imports,610711,HS1992:610711
Imports,610712,HS1992:610712
Imports,610719,HS1992:610719
Imports,610721,HS1992:610721
Imports,610722,HS1992:610722
Imports,610729,HS1992:610729
Imports,610791,HS1992:610791
Imports,610792,HS1992:610792
Imports,610799,HS1992:610799
Imports,610811,HS1992:610811
Imports,610819,HS1992:610819
Imports,610821,HS1992:610821
Imports,610822,HS1992:610822
Imports,610829,HS1992:610829
Imports,610831,HS1992:610831
Imports,610832,HS1992:610832
Imports,610839,HS1992:610839
Imports,610891,HS1992:610891
Imports,610892,HS1992:610892
Imports,610899,HS1992:610899
Imports,610910,HS1992:610910
Imports,610990,HS1992:610990
Imports,611010,HS1992:611010
Imports,611020,HS1992:611020
Imports,611030,HS1992:611030
Imports,611090,HS1992:611090
Imports,611110,HS1992:611110
Imports,611120,HS1992:611120
Imports,611130,HS1992:611130
Imports,611190,HS1992:611190
Imports,611211,HS1992:611211
Imports,611212,HS1992:611212
Imports,611219,HS1992:611219
Imports,611220,HS1992:611220
Imports,611231,HS1992:611231
Imports,611239,HS1992:611239
Imports,611241,HS1992:611241
Imports,611249,HS1992:611249
Imports,611300,HS1992:611300
Imports,611410,HS1992:611410
Imports,611420,HS1992:611420
Imports,611430,HS1992:611430
Imports,611490,HS1992:611490
Imports,611511,HS1992:611511
Imports,611512,HS1992:611512
Imports,611519,HS1992:611519
Imports,611520,HS1992:611520
Imports,611591,HS1992:611591
Imports,611592,HS1992:611592
Imports,611593,HS1992:611593
Imports,611599,HS1992:611599
Imports,611610,HS1992:611610
Imports,611691,HS1992:611691
Imports,611692,HS1992:611692
Imports,611693,HS1992:611693
Imports,611699,HS1992:611699
Imports,611710,HS1992:611710
Imports,611790,HS1992:611790
Imports,620111,HS1992:620111
Imports,620112,HS1992:620112
Imports,620113,HS1992:620113
Imports,620119,HS1992:620119
Imports,620191,HS1992:620191
Imports,620192,HS1992:620192
Imports,620193,HS1992:620193
Imports,620199,HS1992:620199
Imports,620211,HS1992:620211
Imports,620212,HS1992:620212
Imports,620213,HS1992:620213
Imports,620219,HS1992:620219
Imports,620291,HS1992:620291
Imports,620292,HS1992:620292
Imports,620293,HS1992:620293
Imports,620299,HS1992:620299
Imports,620311,HS1992:620311
Imports,620312,HS1992:620312
Imports,620319,HS1992:620319
Imports,620321,HS1992:620321
Imports,620322,HS1992:620322
Imports,620323,HS1992:620323
Imports,620329,HS1992:620329
Imports,620331,HS1992:620331
Imports,620332,HS1992:620332
Imports,620333,HS1992:620333
Imports,620339,HS1992:620339
Imports,620341,HS1992:620341
Imports,620342,HS1992:620342
Imports,620343,HS1992:620343
Imports,620349,HS1992:620349
Imports,620411,HS1992:620411
Imports,620412,HS1992:620412
Imports,620413,HS1992:620413
Imports,620419,HS1992:620419
Imports,620421,HS1992:620421
Imports,620422,HS1992:620422
Imports,620423,HS1992:620423
Imports,620429,HS1992:620429
Imports,620431,HS1992:620431
Imports,620432,HS1992:620432
Imports,620433,HS1992:620433
Imports,620439,HS1992:620439
Imports,620441,HS1992:620441
Imports,620442,HS1992:620442
Imports,620443,HS1992:620443
Imports,620444,HS1992:620444
Imports,620449,HS1992:620449
Imports,620451,HS1992:620451
Imports,620452,HS1992:620452
Imports,620453,HS1992:620453
Imports,620459,HS1992:620459
Imports,620461,HS1992:620461
Imports,620462,HS1992:620462
Imports,620463,HS1992:620463
Imports,620469,HS1992:620469
Imports,620510,HS1992:620510
Imports,620520,HS1992:620520
Imports,620530,HS1992:620530
Imports,620590,HS1992:620590
Imports,620610,HS1992:620610
Imports,620620,HS1992:620620
Imports,620630,HS1992:620630
Imports,620640,HS1992:620640
Imports,620690,HS1992:620690
Imports,620711,HS1992:620711
Imports,620719,HS1992:620719
Imports,620721,HS1992:620721
Imports,620722,HS1992:620722
Imports,620729,HS1992:620729
Imports,620791,HS1992:620791
Imports,620792,HS1992:620792
Imports,620799,HS1992:620799
Imports,620811,HS1992:620811
Imports,620819,HS1992:620819
Imports,620821,HS1992:620821
Imports,620822,HS1992:620822
Imports,620829,HS1992:620829
Imports,620891,HS1992:620891
Imports,620892,HS1992:620892
Imports,620899,HS1992:620899
Imports,620910,HS1992:620910
Imports,620920,HS1992:620920
Imports,620930,HS1992:620930
Imports,620990,HS1992:620990
Imports,621010,HS1992:621010
Imports,621020,HS1992:621020
Imports,621030,HS1992:621030
Imports,621040,HS1992:621040
Imports,621050,HS1992:621050
Imports,621111,HS1992:621111
Imports,621112,HS1992:621112
Imports,621120,HS1992:621120
Imports,621131,HS1992:621131
Imports,621132,HS1992:621132
Imports,621133,HS1992:621133
Imports,621139,HS1992:621139
Imports,621141,HS1992:621141
Imports,621142,HS1992:621142
Imports,621143,HS1992:621143
Imports,621149,HS1992:621149
Imports,621210,HS1992:621210
Imports,621220,HS1992:621220
Imports,621230,HS1992:621230
Imports,621290,HS1992:621290
Imports,621310,HS1992:621310
Imports,621320,HS1992:621320
Imports,621390,HS1992:621390
Imports,621410,HS1992:621410
Imports,621420,HS1992:621420
Imports,621430,HS1992:621430
Imports,621440,HS1992:621440
Imports,621490,HS1992:621490
Imports,621510,HS1992:621510
Imports,621520,HS1992:621520
Imports,621590,HS1992:621590
Imports,621600,HS1992:621600
Imports,621710,HS1992:621710
Imports,621790,HS1992:621790
Imports,630110,HS1992:630110
Imports,630120,HS1992:630120
Imports,630130,HS1992:630130
Imports,630140,HS1992:630140
Imports,630190,HS1992:630190
Imports,630210,HS1992:630210
Imports,630221,HS1992:630221
Imports,630222,HS1992:630222
Imports,630229,HS1992:630229
Imports,630231,HS1992:630231
Imports,630232,HS1992:630232
Imports,630239,HS1992:630239
Imports,630240,HS1992:630240
Imports,630251,HS1992:630251
Imports,630252,HS1992:630252
Imports,630253,HS1992:630253
Imports,630259,HS1992:630259
Imports,630260,HS1992:630260
Imports,630291,HS1992:630291
Imports,630292,HS1992:630292
Imports,630293,HS1992:630293
Imports,630299,HS1992:630299
Imports,630311,HS1992:630311
Imports,630312,HS1992:630312
Imports,630319,HS1992:630319
Imports,630391,HS1992:630391
Imports,630392,HS1992:630392
Imports,630399,HS1992:630399
Imports,630411,HS1992:630411
Imports,630419,HS1992:630419
Imports,630491,HS1992:630491
Imports,630492,HS1992:630492
Imports,630493,HS1992:630493
Imports,630499,HS1992:630499
Imports,630510,HS1992:630510
Imports,630520,HS1992:630520
Imports,630531,HS1992:630531
Imports,630539,HS1992:630539
Imports,630590,HS1992:630590
Imports,630611,HS1992:630611
Imports,630612,HS1992:630612
Imports,630619,HS1992:630619
Imports,630621,HS1992:630621
Imports,630622,HS1992:630622
Imports,630629,HS1992:630629
Imports,630631,HS1992:630631
Imports,630639,HS1992:630639
Imports,630641,HS1992:630641
Imports,630649,HS1992:630649
Imports,630691,HS1992:630691
Imports,630699,HS1992:630699
Imports,630710,HS1992:630710
Imports,630720,HS1992:630720
Imports,630790,HS1992:630790
Imports,630800,HS1992:630800
Imports,630900,HS1992:630900
Imports,631010,HS1992:631010
Imports,631090,HS1992:631090
Imports,640110,HS1992:640110
Imports,640191,HS1992:640191
Imports,640192,HS1992:640192
Imports,640199,HS1992:640199
Imports,640211,HS1992:640211
Imports,640219,HS1992:640219
Imports,640220,HS1992:640220
Imports,640230,HS1992:640230
Imports,640291,HS1992:640291
Imports,640299,HS1992:640299
Imports,640311,HS1992:640311
Imports,640319,HS1992:640319
Imports,640320,HS1992:640320
Imports,640330,HS1992:640330
Imports,640340,HS1992:640340
Imports,640351,HS1992:640351
Imports,640359,HS1992:640359
Imports,640391,HS1992:640391
Imports,640399,HS1992:640399
Imports,640411,HS1992:640411
Imports,640419,HS1992:640419
Imports,640420,HS1992:640420
Imports,640510,HS1992:640510
Imports,640520,HS1992:640520
Imports,640590,HS1992:640590
Imports,640610,HS1992:640610
Imports,640620,HS1992:640620
Imports,640691,HS1992:640691
Imports,640699,HS1992:640699
Imports,650100,HS1992:650100
Imports,650200,HS1992:650200
Imports,650300,HS1992:650300
Imports,650400,HS1992:650400
Imports,650510,HS1992:650510
Imports,650590,HS1992:650590
Imports,650610,HS1992:650610
Imports,650691,HS1992:650691
Imports,650692,HS1992:650692
Imports,650699,HS1992:650699
Imports,650700,HS1992:650700
Imports,660110,HS1992:660110
Imports,660191,HS1992:660191
Imports,660199,HS1992:660199
Imports,660200,HS1992:660200
Imports,660310,HS1992:660310
Imports,660320,HS1992:660320
Imports,660390,HS1992:660390
Imports,670100,HS1992:670100
Imports,670210,HS1992:670210
Imports,670290,HS1992:670290
Imports,670300,HS1992:670300
Imports,670411,HS1992:670411
Imports,670419,HS1992:670419
Imports,670420,HS1992:670420
Imports,670490,HS1992:670490
Imports,680100,HS1992:680100
Imports,680210,HS1992:680210
Imports,680221,HS1992:680221
Imports,680222,HS1992:680222
Imports,680223,HS1992:680223
Imports,680229,HS1992:680229
Imports,680291,HS1992:680291
Imports,680292,HS1992:680292
Imports,680293,HS1992:680293
Imports,680299,HS1992:680299
Imports,680300,HS1992:680300
Imports,680410,HS1992:680410
Imports,680421,HS1992:680421
Imports,680422,HS1992:680422
Imports,680423,HS1992:680423
Imports,680430,HS1992:680430
Imports,680510,HS1992:680510
Imports,680520,HS1992:680520
Imports,680530,HS1992:680530
Imports,680610,HS1992:680610
Imports,680620,HS1992:680620
Imports,680690,HS1992:680690
Imports,680710,HS1992:680710
Imports,680790,HS1992:680790
Imports,680800,HS1992:680800
Imports,680911,HS1992:680911
Imports,680919,HS1992:680919
Imports,680990,HS1992:680990
Imports,681011,HS1992:681011
Imports,681019,HS1992:681019
Imports,681020,HS1992:681020
Imports,681091,HS1992:681091
Imports,681099,HS1992:681099
Imports,681110,HS1992:681110
Imports,681120,HS1992:681120
Imports,681130,HS1992:681130
Imports,681190,HS1992:681190
Imports,681210,HS1992:681210
Imports,681220,HS1992:681220
Imports,681230,HS1992:681230
Imports,681240,HS1992:681240
Imports,681250,HS1992:681250
Imports,681260,HS1992:681260
Imports,681270,HS1992:681270
Imports,681290,HS1992:681290
Imports,681310,HS1992:681310
Imports,681390,HS1992:681390
Imports,681410,HS1992:681410
Imports,681490,HS1992:681490
Imports,681510,HS1992:681510
Imports,681520,HS1992:681520
Imports,681591,HS1992:681591
Imports,681599,HS1992:681599
Imports,690100,HS1992:690100
Imports,690210,HS1992:690210
Imports,690220,HS1992:690220
Imports,690290,HS1992:690290
Imports,690310,HS1992:690310
Imports,690320,HS1992:690320
Imports,690390,HS1992:690390
Imports,690410,HS1992:690410
Imports,690490,HS1992:690490
Imports,690510,HS1992:690510
Imports,690590,HS1992:690590
Imports,690600,HS1992:690600
Imports,690710,HS1992:690710
Imports,690790,HS1992:690790
Imports,690810,HS1992:690810
Imports,690890,HS1992:690890
Imports,690911,HS1992:690911
Imports,690919,HS1992:690919
Imports,690990,HS1992:690990
Imports,691010,HS1992:691010
Imports,691090,HS1992:691090
Imports,691110,HS1992:691110
Imports,691190,HS1992:691190
Imports,691200,HS1992:691200
Imports,691310,HS1992:691310
Imports,691390,HS1992:691390
Imports,691410,HS1992:691410
Imports,691490,HS1992:691490
Imports,700100,HS1992:700100
Imports,700210,HS1992:700210
Imports,700220,HS1992:700220
Imports,700231,HS1992:700231
Imports,700232,HS1992:700232
Imports,700239,HS1992:700239
Imports,700311,HS1992:700311
Imports,700319,HS1992:700319
Imports,700320,HS1992:700320
Imports,700330,HS1992:700330
Imports,700410,HS1992:700410
Imports,700490,HS1992:700490
Imports,700510,HS1992:700510
Imports,700521,HS1992:700521
Imports,700529,HS1992:700529
Imports,700530,HS1992:700530
Imports,700600,HS1992:700600
Imports,700711,HS1992:700711
Imports,700719,HS1992:700719
Imports,700721,HS1992:700721
Imports,700729,HS1992:700729
Imports,700800,HS1992:700800
Imports,700910,HS1992:700910
Imports,700991,HS1992:700991
Imports,700992,HS1992:700992
Imports,701010,HS1992:701010
Imports,701090,HS1992:701090
Imports,701110,HS1992:701110
Imports,701120,HS1992:701120
Imports,701190,HS1992:701190
Imports,701200,HS1992:701200
Imports,701310,HS1992:701310
Imports,701321,HS1992:701321
Imports,701329,HS1992:701329
Imports,701331,HS1992:701331
Imports,701332,HS1992:701332
Imports,701339,HS1992:701339
Imports,701391,HS1992:701391
Imports,701399,HS1992:701399
Imports,701400,HS1992:701400
Imports,701510,HS1992:701510
Imports,701590,HS1992:701590
Imports,701610,HS1992:701610
Imports,701690,HS1992:701690
Imports,701710,HS1992:701710
Imports,701720,HS1992:701720
Imports,701790,HS1992:701790
Imports,701810,HS1992:701810
Imports,701820,HS1992:701820
Imports,701890,HS1992:701890
Imports,701910,HS1992:701910
Imports,701920,HS1992:701920
Imports,701931,HS1992:701931
Imports,701932,HS1992:701932
Imports,701939,HS1992:701939
Imports,701990,HS1992:701990
Imports,702000,HS1992:702000
Imports,710110,HS1992:710110
Imports,710121,HS1992:710121
Imports,710122,HS1992:710122
Imports,710210,HS1992:710210
Imports,710221,HS1992:710221
Imports,710229,HS1992:710229
Imports,710231,HS1992:710231
Imports,710239,HS1992:710239
Imports,710310,HS1992:710310
Imports,710391,HS1992:710391
Imports,710399,HS1992:710399
Imports,710410,HS1992:710410
Imports,710420,HS1992:710420
Imports,710490,HS1992:710490
Imports,710510,HS1992:710510
Imports,710590,HS1992:710590
Imports,710610,HS1992:710610
Imports,710691,HS1992:710691
Imports,710692,HS1992:710692
Imports,710700,HS1992:710700
Imports,710811,HS1992:710811
Imports,710812,HS1992:710812
Imports,710813,HS1992:710813
Imports,710900,HS1992:710900
Imports,711011,HS1992:711011
Imports,711019,HS1992:711019
Imports,711021,HS1992:711021
Imports,711029,HS1992:711029
Imports,711031,HS1992:711031
Imports,711039,HS1992:711039
Imports,711041,HS1992:711041
Imports,711049,HS1992:711049
Imports,711100,HS1992:711100
Imports,711210,HS1992:711210
Imports,711220,HS1992:711220
Imports,711290,HS1992:711290
Imports,711311,HS1992:711311
Imports,711319,HS1992:711319
Imports,711320,HS1992:711320
Imports,711411,HS1992:711411
Imports,711419,HS1992:711419
Imports,711420,HS1992:711420
Imports,711510,HS1992:711510
Imports,711590,HS1992:711590
Imports,711610,HS1992:711610
Imports,711620,HS1992:711620
Imports,711711,HS1992:711711
Imports,711719,HS1992:711719
Imports,711790,HS1992:711790
Imports,711810,HS1992:711810
Imports,720110,HS1992:720110
Imports,720120,HS1992:720120
Imports,720130,HS1992:720130
Imports,720140,HS1992:720140
Imports,720211,HS1992:720211
Imports,720219,HS1992:720219
Imports,720221,HS1992:720221
Imports,720229,HS1992:720229
Imports,720230,HS1992:720230
Imports,720241,HS1992:720241
Imports,720249,HS1992:720249
Imports,720250,HS1992:720250
Imports,720260,HS1992:720260
Imports,720270,HS1992:720270
Imports,720280,HS1992:720280
Imports,720291,HS1992:720291
Imports,720292,HS1992:720292
Imports,720293,HS1992:720293
Imports,720299,HS1992:720299
Imports,720310,HS1992:720310
Imports,720390,HS1992:720390
Imports,720410,HS1992:720410
Imports,720421,HS1992:720421
Imports,720429,HS1992:720429
Imports,720430,HS1992:720430
Imports,720441,HS1992:720441
Imports,720449,HS1992:720449
Imports,720450,HS1992:720450
Imports,720510,HS1992:720510
Imports,720521,HS1992:720521
Imports,720529,HS1992:720529
Imports,720610,HS1992:720610
Imports,720690,HS1992:720690
Imports,720711,HS1992:720711
Imports,720712,HS1992:720712
Imports,720719,HS1992:720719
Imports,720720,HS1992:720720
Imports,720811,HS1992:720811
Imports,720812,HS1992:720812
Imports,720813,HS1992:720813
Imports,720814,HS1992:720814
Imports,720821,HS1992:720821
Imports,720822,HS1992:720822
Imports,720823,HS1992:720823
Imports,720824,HS1992:720824
Imports,720831,HS1992:720831
Imports,720832,HS1992:720832
Imports,720833,HS1992:720833
Imports,720834,HS1992:720834
Imports,720835,HS1992:720835
Imports,720841,HS1992:720841
Imports,720842,HS1992:720842
Imports,720843,HS1992:720843
Imports,720844,HS1992:720844
Imports,720845,HS1992:720845
Imports,720890,HS1992:720890
Imports,720911,HS1992:720911
Imports,720912,HS1992:720912
Imports,720913,HS1992:720913
Imports,720914,HS1992:720914
Imports,720921,HS1992:720921
Imports,720922,HS1992:720922
Imports,720923,HS1992:720923
Imports,720924,HS1992:720924
Imports,720931,HS1992:720931
Imports,720932,HS1992:720932
Imports,720933,HS1992:720933
Imports,720934,HS1992:720934
Imports,720941,HS1992:720941
Imports,720942,HS1992:720942
Imports,720943,HS1992:720943
Imports,720944,HS1992:720944
Imports,720990,HS1992:720990
Imports,721011,HS1992:721011
Imports,721012,HS1992:721012
Imports,721020,HS1992:721020
Imports,721031,HS1992:721031
Imports,721039,HS1992:721039
Imports,721041,HS1992:721041
Imports,721049,HS1992:721049
Imports,721050,HS1992:721050
Imports,721060,HS1992:721060
Imports,721070,HS1992:721070
Imports,721090,HS1992:721090
Imports,721111,HS1992:721111
Imports,721112,HS1992:721112
Imports,721119,HS1992:721119
Imports,721121,HS1992:721121
Imports,721122,HS1992:721122
Imports,721129,HS1992:721129
Imports,721130,HS1992:721130
Imports,721141,HS1992:721141
Imports,721149,HS1992:721149
Imports,721190,HS1992:721190
Imports,721210,HS1992:721210
Imports,721221,HS1992:721221
Imports,721229,HS1992:721229
Imports,721230,HS1992:721230
Imports,721240,HS1992:721240
Imports,721250,HS1992:721250
Imports,721260,HS1992:721260
Imports,721310,HS1992:721310
Imports,721320,HS1992:721320
Imports,721331,HS1992:721331
Imports,721339,HS1992:721339
Imports,721341,HS1992:721341
Imports,721349,HS1992:721349
Imports,721350,HS1992:721350
Imports,721410,HS1992:721410
Imports,721420,HS1992:721420
Imports,721430,HS1992:721430
Imports,721440,HS1992:721440
Imports,721450,HS1992:721450
Imports,721460,HS1992:721460
Imports,721510,HS1992:721510
Imports,721520,HS1992:721520
Imports,721530,HS1992:721530
Imports,721540,HS1992:721540
Imports,721590,HS1992:721590
Imports,721610,HS1992:721610
Imports,721621,HS1992:721621
Imports,721622,HS1992:721622
Imports,721631,HS1992:721631
Imports,721632,HS1992:721632
Imports,721633,HS1992:721633
Imports,721640,HS1992:721640
Imports,721650,HS1992:721650
Imports,721660,HS1992:721660
Imports,721690,HS1992:721690
Imports,721711,HS1992:721711
Imports,721712,HS1992:721712
Imports,721713,HS1992:721713
Imports,721719,HS1992:721719
Imports,721721,HS1992:721721
Imports,721722,HS1992:721722
Imports,721723,HS1992:721723
Imports,721729,HS1992:721729
Imports,721731,HS1992:721731
Imports,721732,HS1992:721732
Imports,721733,HS1992:721733
Imports,721739,HS1992:721739
Imports,721810,HS1992:721810
Imports,721890,HS1992:721890
Imports,721911,HS1992:721911
Imports,721912,HS1992:721912
Imports,721913,HS1992:721913
Imports,721914,HS1992:721914
Imports,721921,HS1992:721921
Imports,721922,HS1992:721922
Imports,721923,HS1992:721923
Imports,721924,HS1992:721924
Imports,721931,HS1992:721931
Imports,721932,HS1992:721932
Imports,721933,HS1992:721933
Imports,721934,HS1992:721934
Imports,721935,HS1992:721935
Imports,721990,HS1992:721990
Imports,722011,HS1992:722011
Imports,722012,HS1992:722012
Imports,722020,HS1992:722020
Imports,722090,HS1992:722090
Imports,722100,HS1992:722100
Imports,722210,HS1992:722210
Imports,722220,HS1992:722220
Imports,722230,HS1992:722230
Imports,722240,HS1992:722240
Imports,722300,HS1992:722300
Imports,722410,HS1992:722410
Imports,722490,HS1992:722490
Imports,722510,HS1992:722510
Imports,722520,HS1992:722520
Imports,722530,HS1992:722530
Imports,722540,HS1992:722540
Imports,722550,HS1992:722550
Imports,722590,HS1992:722590
Imports,722610,HS1992:722610
Imports,722620,HS1992:722620
Imports,722691,HS1992:722691
Imports,722692,HS1992:722692
Imports,722699,HS1992:722699
Imports,722710,HS1992:722710
Imports,722720,HS1992:722720
Imports,722790,HS1992:722790
Imports,722810,HS1992:722810
Imports,722820,HS1992:722820
Imports,722830,HS1992:722830
Imports,722840,HS1992:722840
Imports,722850,HS1992:722850
Imports,722860,HS1992:722860
Imports,722870,HS1992:722870
Imports,722880,HS1992:722880
Imports,722910,HS1992:722910
Imports,722920,HS1992:722920
Imports,722990,HS1992:722990
Imports,730110,HS1992:730110
Imports,730120,HS1992:730120
Imports,730210,HS1992:730210
Imports,730220,HS1992:730220
Imports,730230,HS1992:730230
Imports,730240,HS1992:730240
Imports,730290,HS1992:730290
Imports,730300,HS1992:730300
Imports,730410,HS1992:730410
Imports,730420,HS1992:730420
Imports,730431,HS1992:730431
Imports,730439,HS1992:730439
Imports,730441,HS1992:730441
Imports,730449,HS1992:730449
Imports,730451,HS1992:730451
Imports,730459,HS1992:730459
Imports,730490,HS1992:730490
Imports,730511,HS1992:730511
Imports,730512,HS1992:730512
Imports,730519,HS1992:730519
Imports,730520,HS1992:730520
Imports,730531,HS1992:730531
Imports,730539,HS1992:730539
Imports,730590,HS1992:730590
Imports,730610,HS1992:730610
Imports,730620,HS1992:730620
Imports,730630,HS1992:730630
Imports,730640,HS1992:730640
Imports,730650,HS1992:730650
Imports,730660,HS1992:730660
Imports,730690,HS1992:730690
Imports,730711,HS1992:730711
Imports,730719,HS1992:730719
Imports,730721,HS1992:730721
Imports,730722,HS1992:730722
Imports,730723,HS1992:730723
Imports,730729,HS1992:730729
Imports,730791,HS1992:730791
Imports,730792,HS1992:730792
Imports,730793,HS1992:730793
Imports,730799,HS1992:730799
Imports,730810,HS1992:730810
Imports,730820,HS1992:730820
Imports,730830,HS1992:730830
Imports,730840,HS1992:730840
Imports,730890,HS1992:730890
Imports,730900,HS1992:730900
Imports,731010,HS1992:731010
Imports,731021,HS1992:731021
Imports,731029,HS1992:731029
Imports,731100,HS1992:731100
Imports,731210,HS1992:731210
Imports,731290,HS1992:731290
Imports,731300,HS1992:731300
Imports,731411,HS1992:731411
Imports,731419,HS1992:731419
Imports,731420,HS1992:731420
Imports,731430,HS1992:731430
Imports,731441,HS1992:731441
Imports,731442,HS1992:731442
Imports,731449,HS1992:731449
Imports,731450,HS1992:731450
Imports,731511,HS1992:731511
Imports,731512,HS1992:731512
Imports,731519,HS1992:731519
Imports,731520,HS1992:731520
Imports,731581,HS1992:731581
Imports,731582,HS1992:731582
Imports,731589,HS1992:731589
Imports,731590,HS1992:731590
Imports,731600,HS1992:731600
Imports,731700,HS1992:731700
Imports,731811,HS1992:731811
Imports,731812,HS1992:731812
Imports,731813,HS1992:731813
Imports,731814,HS1992:731814
Imports,731815,HS1992:731815
Imports,731816,HS1992:731816
Imports,731819,HS1992:731819
Imports,731821,HS1992:731821
Imports,731822,HS1992:731822
Imports,731823,HS1992:731823
Imports,731824,HS1992:731824
Imports,731829,HS1992:731829
Imports,731910,HS1992:731910
Imports,731920,HS1992:731920
Imports,731930,HS1992:731930
Imports,731990,HS1992:731990
Imports,732010,HS1992:732010
Imports,732020,HS1992:732020
Imports,732090,HS1992:732090
Imports,732111,HS1992:732111
Imports,732112,HS1992:732112
Imports,732113,HS1992:732113
Imports,732181,HS1992:732181
Imports,732182,HS1992:732182
Imports,732183,HS1992:732183
Imports,732190,HS1992:732190
Imports,732211,HS1992:732211
Imports,732219,HS1992:732219
Imports,732290,HS1992:732290
Imports,732310,HS1992:732310
Imports,732391,HS1992:732391
Imports,732392,HS1992:732392
Imports,732393,HS1992:732393
Imports,732394,HS1992:732394
Imports,732399,HS1992:732399
Imports,732410,HS1992:732410
Imports,732421,HS1992:732421
Imports,732429,HS1992:732429
Imports,732490,HS1992:732490
Imports,732510,HS1992:732510
Imports,732591,HS1992:732591
Imports,732599,HS1992:732599
Imports,732611,HS1992:732611
Imports,732619,HS1992:732619
Imports,732620,HS1992:732620
Imports,732690,HS1992:732690
Imports,740110,HS1992:740110
Imports,740120,HS1992:740120
Imports,740200,HS1992:740200
Imports,740311,HS1992:740311
Imports,740312,HS1992:740312
Imports,740313,HS1992:740313
Imports,740319,HS1992:740319
Imports,740321,HS1992:740321
Imports,740322,HS1992:740322
Imports,740323,HS1992:740323
Imports,740329,HS1992:740329
Imports,740400,HS1992:740400
Imports,740500,HS1992:740500
Imports,740610,HS1992:740610
Imports,740620,HS1992:740620
Imports,740710,HS1992:740710
Imports,740721,HS1992:740721
Imports,740722,HS1992:740722
Imports,740729,HS1992:740729
Imports,740811,HS1992:740811
Imports,740819,HS1992:740819
Imports,740821,HS1992:740821
Imports,740822,HS1992:740822
Imports,740829,HS1992:740829
Imports,740911,HS1992:740911
Imports,740919,HS1992:740919
Imports,740921,HS1992:740921
Imports,740929,HS1992:740929
Imports,740931,HS1992:740931
Imports,740939,HS1992:740939
Imports,740940,HS1992:740940
Imports,740990,HS1992:740990
Imports,741011,HS1992:741011
Imports,741012,HS1992:741012
Imports,741021,HS1992:741021
Imports,741022,HS1992:741022
Imports,741110,HS1992:741110
Imports,741121,HS1992:741121
Imports,741122,HS1992:741122
Imports,741129,HS1992:741129
Imports,741210,HS1992:741210
Imports,741220,HS1992:741220
Imports,741300,HS1992:741300
Imports,741510,HS1992:741510
Imports,741521,HS1992:741521
Imports,741529,HS1992:741529
Imports,741531,HS1992:741531
Imports,741532,HS1992:741532
Imports,741539,HS1992:741539
Imports,741810,HS1992:741810
Imports,741820,HS1992:741820
Imports,741910,HS1992:741910
Imports,741991,HS1992:741991
Imports,750110,HS1992:750110
Imports,750120,HS1992:750120
Imports,750210,HS1992:750210
Imports,750220,HS1992:750220
Imports,750300,HS1992:750300
Imports,750400,HS1992:750400
Imports,750511,HS1992:750511
Imports,750512,HS1992:750512
Imports,750521,HS1992:750521
Imports,750522,HS1992:750522
Imports,750610,HS1992:750610
Imports,750620,HS1992:750620
Imports,750711,HS1992:750711
Imports,750712,HS1992:750712
Imports,750720,HS1992:750720
Imports,750800,HS1992:750800
Imports,760110,HS1992:760110
Imports,760120,HS1992:760120
Imports,760200,HS1992:760200
Imports,760310,HS1992:760310
Imports,760320,HS1992:760320
Imports,760410,HS1992:760410
Imports,760421,HS1992:760421
Imports,760429,HS1992:760429
Imports,760511,HS1992:760511
Imports,760519,HS1992:760519
Imports,760521,HS1992:760521
Imports,760529,HS1992:760529
Imports,760611,HS1992:760611
Imports,760612,HS1992:760612
Imports,760691,HS1992:760691
Imports,760692,HS1992:760692
Imports,760711,HS1992:760711
Imports,760719,HS1992:760719
Imports,760720,HS1992:760720
Imports,760810,HS1992:760810
Imports,760820,HS1992:760820
Imports,760900,HS1992:760900
Imports,761010,HS1992:761010
Imports,761090,HS1992:761090
Imports,761100,HS1992:761100
Imports,761210,HS1992:761210
Imports,761290,HS1992:761290
Imports,761300,HS1992:761300
Imports,761410,HS1992:761410
Imports,761490,HS1992:761490
Imports,761510,HS1992:761510
Imports,761520,HS1992:761520
Imports,761610,HS1992:761610
Imports,761690,HS1992:761690
Imports,780110,HS1992:780110
Imports,780191,HS1992:780191
Imports,780199,HS1992:780199
Imports,780200,HS1992:780200
Imports,780300,HS1992:780300
Imports,780411,HS1992:780411
Imports,780419,HS1992:780419
Imports,780420,HS1992:780420
Imports,780500,HS1992:780500
Imports,780600,HS1992:780600
Imports,790111,HS1992:790111
Imports,790112,HS1992:790112
Imports,790120,HS1992:790120
Imports,790200,HS1992:790200
Imports,790310,HS1992:790310
Imports,790390,HS1992:790390
Imports,790400,HS1992:790400
Imports,790500,HS1992:790500
Imports,790600,HS1992:790600
Imports,790710,HS1992:790710
Imports,790790,HS1992:790790
Imports,800110,HS1992:800110
Imports,800120,HS1992:800120
Imports,800200,HS1992:800200
Imports,800300,HS1992:800300
Imports,800400,HS1992:800400
Imports,800510,HS1992:800510
Imports,800520,HS1992:800520
Imports,800600,HS1992:800600
Imports,800700,HS1992:800700
Imports,810110,HS1992:810110
Imports,810191,HS1992:810191
Imports,810192,HS1992:810192
Imports,810193,HS1992:810193
Imports,810199,HS1992:810199
Imports,810210,HS1992:810210
Imports,810291,HS1992:810291
Imports,810292,HS1992:810292
Imports,810293,HS1992:810293
Imports,810299,HS1992:810299
Imports,810310,HS1992:810310
Imports,810390,HS1992:810390
Imports,810411,HS1992:810411
Imports,810419,HS1992:810419
Imports,810420,HS1992:810420
Imports,810430,HS1992:810430
Imports,810490,HS1992:810490
Imports,810510,HS1992:810510
Imports,810590,HS1992:810590
Imports,810600,HS1992:810600
Imports,810710,HS1992:810710
Imports,810790,HS1992:810790
Imports,810810,HS1992:810810
Imports,810890,HS1992:810890
Imports,810910,HS1992:810910
Imports,810990,HS1992:810990
Imports,811000,HS1992:811000
Imports,811100,HS1992:811100
Imports,811211,HS1992:811211
Imports,811219,HS1992:811219
Imports,811220,HS1992:811220
Imports,811230,HS1992:811230
Imports,811240,HS1992:811240
Imports,811291,HS1992:811291
Imports,811299,HS1992:811299
Imports,811300,HS1992:811300
Imports,820110,HS1992:820110
Imports,820120,HS1992:820120
Imports,820130,HS1992:820130
Imports,820140,HS1992:820140
Imports,820150,HS1992:820150
Imports,820160,HS1992:820160
Imports,820190,HS1992:820190
Imports,820210,HS1992:820210
Imports,820220,HS1992:820220
Imports,820231,HS1992:820231
Imports,820232,HS1992:820232
Imports,820240,HS1992:820240
Imports,820291,HS1992:820291
Imports,820299,HS1992:820299
Imports,820310,HS1992:820310
Imports,820320,HS1992:820320
Imports,820330,HS1992:820330
Imports,820340,HS1992:820340
Imports,820411,HS1992:820411
Imports,820412,HS1992:820412
Imports,820420,HS1992:820420
Imports,820510,HS1992:820510
Imports,820520,HS1992:820520
Imports,820530,HS1992:820530
Imports,820540,HS1992:820540
Imports,820551,HS1992:820551
Imports,820559,HS1992:820559
Imports,820560,HS1992:820560
Imports,820570,HS1992:820570
Imports,820580,HS1992:820580
Imports,820590,HS1992:820590
Imports,820600,HS1992:820600
Imports,820711,HS1992:820711
Imports,820712,HS1992:820712
Imports,820720,HS1992:820720
Imports,820730,HS1992:820730
Imports,820740,HS1992:820740
Imports,820750,HS1992:820750
Imports,820760,HS1992:820760
Imports,820770,HS1992:820770
Imports,820780,HS1992:820780
Imports,820790,HS1992:820790
Imports,820810,HS1992:820810
Imports,820820,HS1992:820820
Imports,820830,HS1992:820830
Imports,820840,HS1992:820840
Imports,820890,HS1992:820890
Imports,820900,HS1992:820900
Imports,821000,HS1992:821000
Imports,821110,HS1992:821110
Imports,821191,HS1992:821191
Imports,821192,HS1992:821192
Imports,821193,HS1992:821193
Imports,821194,HS1992:821194
Imports,821210,HS1992:821210
Imports,821220,HS1992:821220
Imports,821290,HS1992:821290
Imports,821300,HS1992:821300
Imports,821410,HS1992:821410
Imports,821420,HS1992:821420
Imports,821490,HS1992:821490
Imports,821510,HS1992:821510
Imports,821520,HS1992:821520
Imports,821591,HS1992:821591
Imports,821599,HS1992:821599
Imports,830110,HS1992:830110
Imports,830120,HS1992:830120
Imports,830130,HS1992:830130
Imports,830140,HS1992:830140
Imports,830150,HS1992:830150
Imports,830160,HS1992:830160
Imports,830170,HS1992:830170
Imports,830210,HS1992:830210
Imports,830220,HS1992:830220
Imports,830230,HS1992:830230
Imports,830241,HS1992:830241
Imports,830242,HS1992:830242
Imports,830249,HS1992:830249
Imports,830250,HS1992:830250
Imports,830260,HS1992:830260
Imports,830300,HS1992:830300
Imports,830400,HS1992:830400
Imports,830510,HS1992:830510
Imports,830520,HS1992:830520
Imports,830590,HS1992:830590
Imports,830610,HS1992:830610
Imports,830621,HS1992:830621
Imports,830629,HS1992:830629
Imports,830630,HS1992:830630
Imports,830710,HS1992:830710
Imports,830790,HS1992:830790
Imports,830810,HS1992:830810
Imports,830820,HS1992:830820
Imports,830890,HS1992:830890
Imports,830910,HS1992:830910
Imports,830990,HS1992:830990
Imports,831000,HS1992:831000
Imports,831110,HS1992:831110
Imports,831120,HS1992:831120
Imports,831130,HS1992:831130
Imports,831190,HS1992:831190
Imports,840110,HS1992:840110
Imports,840120,HS1992:840120
Imports,840130,HS1992:840130
Imports,840140,HS1992:840140
Imports,840211,HS1992:840211
Imports,840212,HS1992:840212
Imports,840219,HS1992:840219
Imports,840220,HS1992:840220
Imports,840290,HS1992:840290
Imports,840310,HS1992:840310
Imports,840390,HS1992:840390
Imports,840410,HS1992:840410
Imports,840420,HS1992:840420
Imports,840490,HS1992:840490
Imports,840510,HS1992:840510
Imports,840590,HS1992:840590
Imports,840611,HS1992:840611
Imports,840619,HS1992:840619
Imports,840690,HS1992:840690
Imports,840710,HS1992:840710
Imports,840721,HS1992:840721
Imports,840729,HS1992:840729
Imports,840731,HS1992:840731
Imports,840732,HS1992:840732
Imports,840733,HS1992:840733
Imports,840734,HS1992:840734
Imports,840790,HS1992:840790
Imports,840810,HS1992:840810
Imports,840820,HS1992:840820
Imports,840890,HS1992:840890
Imports,840910,HS1992:840910
Imports,840991,HS1992:840991
Imports,840999,HS1992:840999
Imports,841011,HS1992:841011
Imports,841012,HS1992:841012
Imports,841013,HS1992:841013
Imports,841090,HS1992:841090
Imports,841111,HS1992:841111
Imports,841112,HS1992:841112
Imports,841121,HS1992:841121
Imports,841122,HS1992:841122
Imports,841181,HS1992:841181
Imports,841182,HS1992:841182
Imports,841191,HS1992:841191
Imports,841199,HS1992:841199
Imports,841210,HS1992:841210
Imports,841221,HS1992:841221
Imports,841229,HS1992:841229
Imports,841231,HS1992:841231
Imports,841239,HS1992:841239
Imports,841280,HS1992:841280
Imports,841290,HS1992:841290
Imports,841311,HS1992:841311
Imports,841319,HS1992:841319
Imports,841320,HS1992:841320
Imports,841330,HS1992:841330
Imports,841340,HS1992:841340
Imports,841350,HS1992:841350
Imports,841360,HS1992:841360
Imports,841370,HS1992:841370
Imports,841381,HS1992:841381
Imports,841382,HS1992:841382
Imports,841391,HS1992:841391
Imports,841392,HS1992:841392
Imports,841410,HS1992:841410
Imports,841420,HS1992:841420
Imports,841430,HS1992:841430
Imports,841440,HS1992:841440
Imports,841451,HS1992:841451
Imports,841459,HS1992:841459
Imports,841460,HS1992:841460
Imports,841480,HS1992:841480
Imports,841490,HS1992:841490
Imports,841510,HS1992:841510
Imports,841581,HS1992:841581
Imports,841582,HS1992:841582
Imports,841583,HS1992:841583
Imports,841590,HS1992:841590
Imports,841610,HS1992:841610
Imports,841620,HS1992:841620
Imports,841630,HS1992:841630
Imports,841690,HS1992:841690
Imports,841710,HS1992:841710
Imports,841720,HS1992:841720
Imports,841780,HS1992:841780
Imports,841790,HS1992:841790
Imports,841810,HS1992:841810
Imports,841821,HS1992:841821
Imports,841822,HS1992:841822
Imports,841829,HS1992:841829
Imports,841830,HS1992:841830
Imports,841840,HS1992:841840
Imports,841850,HS1992:841850
Imports,841861,HS1992:841861
Imports,841869,HS1992:841869
Imports,841891,HS1992:841891
Imports,841899,HS1992:841899
Imports,841911,HS1992:841911
Imports,841919,HS1992:841919
Imports,841920,HS1992:841920
Imports,841931,HS1992:841931
Imports,841932,HS1992:841932
Imports,841939,HS1992:841939
Imports,841940,HS1992:841940
Imports,841950,HS1992:841950
Imports,841960,HS1992:841960
Imports,841981,HS1992:841981
Imports,841989,HS1992:841989
Imports,841990,HS1992:841990
Imports,842010,HS1992:842010
Imports,842091,HS1992:842091
Imports,842099,HS1992:842099
Imports,842111,HS1992:842111
Imports,842112,HS1992:842112
Imports,842119,HS1992:842119
Imports,842121,HS1992:842121
Imports,842122,HS1992:842122
Imports,842123,HS1992:842123
Imports,842129,HS1992:842129
Imports,842131,HS1992:842131
Imports,842139,HS1992:842139
Imports,842191,HS1992:842191
Imports,842199,HS1992:842199
Imports,842211,HS1992:842211
Imports,842219,HS1992:842219
Imports,842220,HS1992:842220
Imports,842230,HS1992:842230
Imports,842240,HS1992:842240
Imports,842290,HS1992:842290
Imports,842310,HS1992:842310
Imports,842320,HS1992:842320
Imports,842330,HS1992:842330
Imports,842381,HS1992:842381
Imports,842382,HS1992:842382
Imports,842389,HS1992:842389
Imports,842390,HS1992:842390
Imports,842410,HS1992:842410
Imports,842420,HS1992:842420
Imports,842430,HS1992:842430
Imports,842481,HS1992:842481
Imports,842489,HS1992:842489
Imports,842490,HS1992:842490
Imports,842511,HS1992:842511
Imports,842519,HS1992:842519
Imports,842520,HS1992:842520
Imports,842531,HS1992:842531
Imports,842539,HS1992:842539
Imports,842541,HS1992:842541
Imports,842542,HS1992:842542
Imports,842549,HS1992:842549
Imports,842611,HS1992:842611
Imports,842612,HS1992:842612
Imports,842619,HS1992:842619
Imports,842620,HS1992:842620
Imports,842630,HS1992:842630
Imports,842641,HS1992:842641
Imports,842649,HS1992:842649
Imports,842691,HS1992:842691
Imports,842699,HS1992:842699
Imports,842710,HS1992:842710
Imports,842720,HS1992:842720
Imports,842790,HS1992:842790
Imports,842810,HS1992:842810
Imports,842820,HS1992:842820
Imports,842831,HS1992:842831
Imports,842832,HS1992:842832
Imports,842833,HS1992:842833
Imports,842839,HS1992:842839
Imports,842840,HS1992:842840
Imports,842850,HS1992:842850
Imports,842860,HS1992:842860
Imports,842890,HS1992:842890
Imports,842911,HS1992:842911
Imports,842919,HS1992:842919
Imports,842920,HS1992:842920
Imports,842930,HS1992:842930
Imports,842940,HS1992:842940
Imports,842951,HS1992:842951
Imports,842952,HS1992:842952
Imports,842959,HS1992:842959
Imports,843010,HS1992:843010
Imports,843020,HS1992:843020
Imports,843031,HS1992:843031
Imports,843039,HS1992:843039
Imports,843041,HS1992:843041
Imports,843049,HS1992:843049
Imports,843050,HS1992:843050
Imports,843061,HS1992:843061
Imports,843062,HS1992:843062
Imports,843069,HS1992:843069
Imports,843110,HS1992:843110
Imports,843120,HS1992:843120
Imports,843131,HS1992:843131
Imports,843139,HS1992:843139
Imports,843141,HS1992:843141
Imports,843142,HS1992:843142
Imports,843143,HS1992:843143
Imports,843149,HS1992:843149
Imports,843210,HS1992:843210
Imports,843221,HS1992:843221
Imports,843229,HS1992:843229
Imports,843230,HS1992:843230
Imports,843240,HS1992:843240
Imports,843280,HS1992:843280
Imports,843290,HS1992:843290
Imports,843311,HS1992:843311
Imports,843319,HS1992:843319
Imports,843320,HS1992:843320
Imports,843330,HS1992:843330
Imports,843340,HS1992:843340
Imports,843351,HS1992:843351
Imports,843352,HS1992:843352
Imports,843353,HS1992:843353
Imports,843359,HS1992:843359
Imports,843360,HS1992:843360
Imports,843390,HS1992:843390
Imports,843410,HS1992:843410
Imports,843420,HS1992:843420
Imports,843490,HS1992:843490
Imports,843510,HS1992:843510
Imports,843590,HS1992:843590
Imports,843610,HS1992:843610
Imports,843621,HS1992:843621
Imports,843629,HS1992:843629
Imports,843680,HS1992:843680
Imports,843691,HS1992:843691
Imports,843699,HS1992:843699
Imports,843710,HS1992:843710
Imports,843780,HS1992:843780
Imports,843790,HS1992:843790
Imports,843810,HS1992:843810
Imports,843820,HS1992:843820
Imports,843830,HS1992:843830
Imports,843840,HS1992:843840
Imports,843850,HS1992:843850
Imports,843860,HS1992:843860
Imports,843880,HS1992:843880
Imports,843890,HS1992:843890
Imports,843910,HS1992:843910
Imports,843920,HS1992:843920
Imports,843930,HS1992:843930
Imports,843991,HS1992:843991
Imports,843999,HS1992:843999
Imports,844010,HS1992:844010
Imports,844090,HS1992:844090
Imports,844110,HS1992:844110
Imports,844120,HS1992:844120
Imports,844130,HS1992:844130
Imports,844140,HS1992:844140
Imports,844180,HS1992:844180
Imports,844190,HS1992:844190
Imports,844210,HS1992:844210
Imports,844220,HS1992:844220
Imports,844230,HS1992:844230
Imports,844240,HS1992:844240
Imports,844250,HS1992:844250
Imports,844311,HS1992:844311
Imports,844312,HS1992:844312
Imports,844319,HS1992:844319
Imports,844321,HS1992:844321
Imports,844329,HS1992:844329
Imports,844330,HS1992:844330
Imports,844340,HS1992:844340
Imports,844350,HS1992:844350
Imports,844400,HS1992:844400
Imports,844511,HS1992:844511
Imports,844512,HS1992:844512
Imports,844513,HS1992:844513
Imports,844519,HS1992:844519
Imports,844520,HS1992:844520
Imports,844530,HS1992:844530
Imports,844540,HS1992:844540
Imports,844590,HS1992:844590
Imports,844610,HS1992:844610
Imports,844621,HS1992:844621
Imports,844629,HS1992:844629
Imports,844630,HS1992:844630
Imports,844711,HS1992:844711
Imports,844712,HS1992:844712
Imports,844720,HS1992:844720
Imports,844790,HS1992:844790
Imports,844811,HS1992:844811
Imports,844819,HS1992:844819
Imports,844820,HS1992:844820
Imports,844831,HS1992:844831
Imports,844832,HS1992:844832
Imports,844833,HS1992:844833
Imports,844839,HS1992:844839
Imports,844841,HS1992:844841
Imports,844842,HS1992:844842
Imports,844849,HS1992:844849
Imports,844851,HS1992:844851
Imports,844859,HS1992:844859
Imports,844900,HS1992:844900
Imports,845011,HS1992:845011
Imports,845012,HS1992:845012
Imports,845019,HS1992:845019
Imports,845020,HS1992:845020
Imports,845090,HS1992:845090
Imports,845110,HS1992:845110
Imports,845121,HS1992:845121
Imports,845129,HS1992:845129
Imports,845130,HS1992:845130
Imports,845140,HS1992:845140
Imports,845150,HS1992:845150
Imports,845180,HS1992:845180
Imports,845190,HS1992:845190
Imports,845210,HS1992:845210
Imports,845221,HS1992:845221
Imports,845229,HS1992:845229
Imports,845230,HS1992:845230
Imports,845240,HS1992:845240
Imports,845290,HS1992:845290
Imports,845310,HS1992:845310
Imports,845320,HS1992:845320
Imports,845380,HS1992:845380
Imports,845390,HS1992:845390
Imports,845410,HS1992:845410
Imports,845420,HS1992:845420
Imports,845430,HS1992:845430
Imports,845490,HS1992:845490
Imports,845510,HS1992:845510
Imports,845521,HS1992:845521
Imports,845522,HS1992:845522
Imports,845530,HS1992:845530
Imports,845590,HS1992:845590
Imports,845610,HS1992:845610
Imports,845620,HS1992:845620
Imports,845630,HS1992:845630
Imports,845690,HS1992:845690
Imports,845710,HS1992:845710
Imports,845720,HS1992:845720
Imports,845730,HS1992:845730
Imports,845811,HS1992:845811
Imports,845819,HS1992:845819
Imports,845891,HS1992:845891
Imports,845899,HS1992:845899
Imports,845910,HS1992:845910
Imports,845921,HS1992:845921
Imports,845929,HS1992:845929
Imports,845931,HS1992:845931
Imports,845939,HS1992:845939
Imports,845940,HS1992:845940
Imports,845951,HS1992:845951
Imports,845959,HS1992:845959
Imports,845961,HS1992:845961
Imports,845969,HS1992:845969
Imports,845970,HS1992:845970
Imports,846011,HS1992:846011
Imports,846019,HS1992:846019
Imports,846021,HS1992:846021
Imports,846029,HS1992:846029
Imports,846031,HS1992:846031
Imports,846039,HS1992:846039
Imports,846040,HS1992:846040
Imports,846090,HS1992:846090
Imports,846110,HS1992:846110
Imports,846120,HS1992:846120
Imports,846130,HS1992:846130
Imports,846140,HS1992:846140
Imports,846150,HS1992:846150
Imports,846190,HS1992:846190
Imports,846210,HS1992:846210
Imports,846221,HS1992:846221
Imports,846229,HS1992:846229
Imports,846231,HS1992:846231
Imports,846239,HS1992:846239
Imports,846241,HS1992:846241
Imports,846249,HS1992:846249
Imports,846291,HS1992:846291
Imports,846299,HS1992:846299
Imports,846310,HS1992:846310
Imports,846320,HS1992:846320
Imports,846330,HS1992:846330
Imports,846390,HS1992:846390
Imports,846410,HS1992:846410
Imports,846420,HS1992:846420
Imports,846490,HS1992:846490
Imports,846510,HS1992:846510
Imports,846591,HS1992:846591
Imports,846592,HS1992:846592
Imports,846593,HS1992:846593
Imports,846594,HS1992:846594
Imports,846595,HS1992:846595
Imports,846596,HS1992:846596
Imports,846599,HS1992:846599
Imports,846610,HS1992:846610
Imports,846620,HS1992:846620
Imports,846630,HS1992:846630
Imports,846691,HS1992:846691
Imports,846692,HS1992:846692
Imports,846693,HS1992:846693
Imports,846694,HS1992:846694
Imports,846711,HS1992:846711
Imports,846719,HS1992:846719
Imports,846781,HS1992:846781
Imports,846789,HS1992:846789
Imports,846791,HS1992:846791
Imports,846792,HS1992:846792
Imports,846799,HS1992:846799
Imports,846810,HS1992:846810
Imports,846820,HS1992:846820
Imports,846880,HS1992:846880
Imports,846890,HS1992:846890
Imports,846910,HS1992:846910
Imports,846921,HS1992:846921
Imports,846929,HS1992:846929
Imports,846931,HS1992:846931
Imports,846939,HS1992:846939
Imports,847010,HS1992:847010
Imports,847021,HS1992:847021
Imports,847029,HS1992:847029
Imports,847030,HS1992:847030
Imports,847040,HS1992:847040
Imports,847050,HS1992:847050
Imports,847090,HS1992:847090
Imports,847110,HS1992:847110
Imports,847120,HS1992:847120
Imports,847191,HS1992:847191
Imports,847192,HS1992:847192
Imports,847193,HS1992:847193
Imports,847199,HS1992:847199
Imports,847210,HS1992:847210
Imports,847220,HS1992:847220
Imports,847230,HS1992:847230
Imports,847290,HS1992:847290
Imports,847310,HS1992:847310
Imports,847321,HS1992:847321
Imports,847329,HS1992:847329
Imports,847330,HS1992:847330
Imports,847340,HS1992:847340
Imports,847410,HS1992:847410
Imports,847420,HS1992:847420
Imports,847431,HS1992:847431
Imports,847432,HS1992:847432
Imports,847439,HS1992:847439
Imports,847480,HS1992:847480
Imports,847490,HS1992:847490
Imports,847510,HS1992:847510
Imports,847520,HS1992:847520
Imports,847590,HS1992:847590
Imports,847611,HS1992:847611
Imports,847619,HS1992:847619
Imports,847690,HS1992:847690
Imports,847710,HS1992:847710
Imports,847720,HS1992:847720
Imports,847730,HS1992:847730
Imports,847740,HS1992:847740
Imports,847751,HS1992:847751
Imports,847759,HS1992:847759
Imports,847780,HS1992:847780
Imports,847790,HS1992:847790
Imports,847810,HS1992:847810
Imports,847890,HS1992:847890
Imports,847910,HS1992:847910
Imports,847920,HS1992:847920
Imports,847930,HS1992:847930
Imports,847940,HS1992:847940
Imports,847981,HS1992:847981
Imports,847982,HS1992:847982
Imports,847989,HS1992:847989
Imports,847990,HS1992:847990
Imports,848010,HS1992:848010
Imports,848020,HS1992:848020
Imports,848030,HS1992:848030
Imports,848041,HS1992:848041
Imports,848049,HS1992:848049
Imports,848050,HS1992:848050
Imports,848060,HS1992:848060
Imports,848071,HS1992:848071
Imports,848079,HS1992:848079
Imports,848110,HS1992:848110
Imports,848120,HS1992:848120
Imports,848130,HS1992:848130
Imports,848140,HS1992:848140
Imports,848180,HS1992:848180
Imports,848190,HS1992:848190
Imports,848210,HS1992:848210
Imports,848220,HS1992:848220
Imports,848230,HS1992:848230
Imports,848240,HS1992:848240
Imports,848250,HS1992:848250
Imports,848280,HS1992:848280
Imports,848291,HS1992:848291
Imports,848299,HS1992:848299
Imports,848310,HS1992:848310
Imports,848320,HS1992:848320
Imports,848330,HS1992:848330
Imports,848340,HS1992:848340
Imports,848350,HS1992:848350
Imports,848360,HS1992:848360
Imports,848390,HS1992:848390
Imports,848410,HS1992:848410
Imports,848490,HS1992:848490
Imports,848510,HS1992:848510
Imports,848590,HS1992:848590
Imports,850110,HS1992:850110
Imports,850120,HS1992:850120
Imports,850131,HS1992:850131
Imports,850132,HS1992:850132
Imports,850133,HS1992:850133
Imports,850134,HS1992:850134
Imports,850140,HS1992:850140
Imports,850151,HS1992:850151
Imports,850152,HS1992:850152
Imports,850153,HS1992:850153
Imports,850161,HS1992:850161
Imports,850162,HS1992:850162
Imports,850163,HS1992:850163
Imports,850164,HS1992:850164
Imports,850211,HS1992:850211
Imports,850212,HS1992:850212
Imports,850213,HS1992:850213
Imports,850220,HS1992:850220
Imports,850230,HS1992:850230
Imports,850240,HS1992:850240
Imports,850300,HS1992:850300
Imports,850410,HS1992:850410
Imports,850421,HS1992:850421
Imports,850422,HS1992:850422
Imports,850423,HS1992:850423
Imports,850431,HS1992:850431
Imports,850432,HS1992:850432
Imports,850433,HS1992:850433
Imports,850434,HS1992:850434
Imports,850440,HS1992:850440
Imports,850450,HS1992:850450
Imports,850490,HS1992:850490
Imports,850511,HS1992:850511
Imports,850519,HS1992:850519
Imports,850520,HS1992:850520
Imports,850530,HS1992:850530
Imports,850590,HS1992:850590
Imports,850611,HS1992:850611
Imports,850612,HS1992:850612
Imports,850613,HS1992:850613
Imports,850619,HS1992:850619
Imports,850620,HS1992:850620
Imports,850690,HS1992:850690
Imports,850710,HS1992:850710
Imports,850720,HS1992:850720
Imports,850730,HS1992:850730
Imports,850740,HS1992:850740
Imports,850780,HS1992:850780
Imports,850790,HS1992:850790
Imports,850810,HS1992:850810
Imports,850820,HS1992:850820
Imports,850880,HS1992:850880
Imports,850890,HS1992:850890
Imports,850910,HS1992:850910
Imports,850920,HS1992:850920
Imports,850930,HS1992:850930
Imports,850940,HS1992:850940
Imports,850980,HS1992:850980
Imports,850990,HS1992:850990
Imports,851010,HS1992:851010
Imports,851020,HS1992:851020
Imports,851090,HS1992:851090
Imports,851110,HS1992:851110
Imports,851120,HS1992:851120
Imports,851130,HS1992:851130
Imports,851140,HS1992:851140
Imports,851150,HS1992:851150
Imports,851180,HS1992:851180
Imports,851190,HS1992:851190
Imports,851210,HS1992:851210
Imports,851220,HS1992:851220
Imports,851230,HS1992:851230
Imports,851240,HS1992:851240
Imports,851290,HS1992:851290
Imports,851310,HS1992:851310
Imports,851390,HS1992:851390
Imports,851410,HS1992:851410
Imports,851420,HS1992:851420
Imports,851430,HS1992:851430
Imports,851440,HS1992:851440
Imports,851490,HS1992:851490
Imports,851511,HS1992:851511
Imports,851519,HS1992:851519
Imports,851521,HS1992:851521
Imports,851529,HS1992:851529
Imports,851531,HS1992:851531
Imports,851539,HS1992:851539
Imports,851580,HS1992:851580
Imports,851590,HS1992:851590
Imports,851610,HS1992:851610
Imports,851621,HS1992:851621
Imports,851629,HS1992:851629
Imports,851631,HS1992:851631
Imports,851632,HS1992:851632
Imports,851633,HS1992:851633
Imports,851640,HS1992:851640
Imports,851650,HS1992:851650
Imports,851660,HS1992:851660
Imports,851671,HS1992:851671
Imports,851672,HS1992:851672
Imports,851679,HS1992:851679
Imports,851680,HS1992:851680
Imports,851690,HS1992:851690
Imports,851710,HS1992:851710
Imports,851720,HS1992:851720
Imports,851730,HS1992:851730
Imports,851740,HS1992:851740
Imports,851781,HS1992:851781
Imports,851782,HS1992:851782
Imports,851790,HS1992:851790
Imports,851810,HS1992:851810
Imports,851821,HS1992:851821
Imports,851822,HS1992:851822
Imports,851829,HS1992:851829
Imports,851830,HS1992:851830
Imports,851840,HS1992:851840
Imports,851850,HS1992:851850
Imports,851890,HS1992:851890
Imports,851931,HS1992:851931
Imports,851939,HS1992:851939
Imports,852020,HS1992:852020
Imports,852110,HS1992:852110
Imports,852190,HS1992:852190
Imports,852210,HS1992:852210
Imports,852290,HS1992:852290
Imports,852510,HS1992:852510
Imports,852520,HS1992:852520
Imports,852530,HS1992:852530
Imports,852610,HS1992:852610
Imports,852691,HS1992:852691
Imports,852692,HS1992:852692
Imports,852711,HS1992:852711
Imports,852719,HS1992:852719
Imports,852721,HS1992:852721
Imports,852729,HS1992:852729
Imports,852731,HS1992:852731
Imports,852732,HS1992:852732
Imports,852739,HS1992:852739
Imports,852790,HS1992:852790
Imports,852810,HS1992:852810
Imports,852820,HS1992:852820
Imports,852910,HS1992:852910
Imports,852990,HS1992:852990
Imports,853010,HS1992:853010
Imports,853080,HS1992:853080
Imports,853090,HS1992:853090
Imports,853110,HS1992:853110
Imports,853120,HS1992:853120
Imports,853180,HS1992:853180
Imports,853190,HS1992:853190
Imports,853210,HS1992:853210
Imports,853221,HS1992:853221
Imports,853222,HS1992:853222
Imports,853223,HS1992:853223
Imports,853224,HS1992:853224
Imports,853225,HS1992:853225
Imports,853229,HS1992:853229
Imports,853230,HS1992:853230
Imports,853290,HS1992:853290
Imports,853310,HS1992:853310
Imports,853321,HS1992:853321
Imports,853329,HS1992:853329
Imports,853331,HS1992:853331
Imports,853339,HS1992:853339
Imports,853340,HS1992:853340
Imports,853390,HS1992:853390
Imports,853400,HS1992:853400
Imports,853510,HS1992:853510
Imports,853521,HS1992:853521
Imports,853529,HS1992:853529
Imports,853530,HS1992:853530
Imports,853540,HS1992:853540
Imports,853590,HS1992:853590
Imports,853610,HS1992:853610
Imports,853620,HS1992:853620
Imports,853630,HS1992:853630
Imports,853641,HS1992:853641
Imports,853649,HS1992:853649
Imports,853650,HS1992:853650
Imports,853661,HS1992:853661
Imports,853669,HS1992:853669
Imports,853690,HS1992:853690
Imports,853710,HS1992:853710
Imports,853720,HS1992:853720
Imports,853810,HS1992:853810
Imports,853890,HS1992:853890
Imports,853910,HS1992:853910
Imports,853921,HS1992:853921
Imports,853922,HS1992:853922
Imports,853929,HS1992:853929
Imports,853931,HS1992:853931
Imports,853939,HS1992:853939
Imports,853940,HS1992:853940
Imports,853990,HS1992:853990
Imports,854011,HS1992:854011
Imports,854012,HS1992:854012
Imports,854020,HS1992:854020
Imports,854030,HS1992:854030
Imports,854041,HS1992:854041
Imports,854042,HS1992:854042
Imports,854049,HS1992:854049
Imports,854081,HS1992:854081
Imports,854089,HS1992:854089
Imports,854091,HS1992:854091
Imports,854099,HS1992:854099
Imports,854110,HS1992:854110
Imports,854121,HS1992:854121
Imports,854129,HS1992:854129
Imports,854130,HS1992:854130
Imports,854140,HS1992:854140
Imports,854150,HS1992:854150
Imports,854160,HS1992:854160
Imports,854190,HS1992:854190
Imports,854211,HS1992:854211
Imports,854219,HS1992:854219
Imports,854220,HS1992:854220
Imports,854280,HS1992:854280
Imports,854290,HS1992:854290
Imports,854310,HS1992:854310
Imports,854320,HS1992:854320
Imports,854330,HS1992:854330
Imports,854380,HS1992:854380
Imports,854390,HS1992:854390
Imports,854411,HS1992:854411
Imports,854419,HS1992:854419
Imports,854420,HS1992:854420
Imports,854430,HS1992:854430
Imports,854441,HS1992:854441
Imports,854449,HS1992:854449
Imports,854451,HS1992:854451
Imports,854459,HS1992:854459
Imports,854460,HS1992:854460
Imports,854470,HS1992:854470
Imports,854511,HS1992:854511
Imports,854519,HS1992:854519
Imports,854520,HS1992:854520
Imports,854590,HS1992:854590
Imports,854610,HS1992:854610
Imports,854620,HS1992:854620
Imports,854690,HS1992:854690
Imports,854710,HS1992:854710
Imports,854720,HS1992:854720
Imports,854790,HS1992:854790
Imports,854800,HS1992:854800
Imports,860110,HS1992:860110
Imports,860120,HS1992:860120
Imports,860210,HS1992:860210
Imports,860290,HS1992:860290
Imports,860310,HS1992:860310
Imports,860390,HS1992:860390
Imports,860400,HS1992:860400
Imports,860500,HS1992:860500
Imports,860610,HS1992:860610
Imports,860620,HS1992:860620
Imports,860630,HS1992:860630
Imports,860691,HS1992:860691
Imports,860692,HS1992:860692
Imports,860699,HS1992:860699
Imports,860711,HS1992:860711
Imports,860712,HS1992:860712
Imports,860719,HS1992:860719
Imports,860721,HS1992:860721
Imports,860729,HS1992:860729
Imports,860730,HS1992:860730
Imports,860791,HS1992:860791
Imports,860799,HS1992:860799
Imports,860800,HS1992:860800
Imports,860900,HS1992:860900
Imports,870110,HS1992:870110
Imports,870120,HS1992:870120
Imports,870130,HS1992:870130
Imports,870190,HS1992:870190
Imports,870210,HS1992:870210
Imports,870290,HS1992:870290
Imports,870310,HS1992:870310
Imports,870321,HS1992:870321
Imports,870322,HS1992:870322
Imports,870323,HS1992:870323
Imports,870324,HS1992:870324
Imports,870331,HS1992:870331
Imports,870332,HS1992:870332
Imports,870333,HS1992:870333
Imports,870390,HS1992:870390
Imports,870410,HS1992:870410
Imports,870421,HS1992:870421
Imports,870422,HS1992:870422
Imports,870423,HS1992:870423
Imports,870431,HS1992:870431
Imports,870432,HS1992:870432
Imports,870490,HS1992:870490
Imports,870510,HS1992:870510
Imports,870520,HS1992:870520
Imports,870530,HS1992:870530
Imports,870540,HS1992:870540
Imports,870590,HS1992:870590
Imports,870600,HS1992:870600
Imports,870710,HS1992:870710
Imports,870790,HS1992:870790
Imports,870810,HS1992:870810
Imports,870821,HS1992:870821
Imports,870829,HS1992:870829
Imports,870831,HS1992:870831
Imports,870839,HS1992:870839
Imports,870840,HS1992:870840
Imports,870850,HS1992:870850
Imports,870860,HS1992:870860
Imports,870870,HS1992:870870
Imports,870880,HS1992:870880
Imports,870891,HS1992:870891
Imports,870892,HS1992:870892
Imports,870893,HS1992:870893
Imports,870894,HS1992:870894
Imports,870899,HS1992:870899
Imports,870911,HS1992:870911
Imports,870919,HS1992:870919
Imports,870990,HS1992:870990
Imports,871000,HS1992:871000
Imports,871110,HS1992:871110
Imports,871120,HS1992:871120
Imports,871130,HS1992:871130
Imports,871140,HS1992:871140
Imports,871150,HS1992:871150
Imports,871190,HS1992:871190
Imports,871200,HS1992:871200
Imports,871310,HS1992:871310
Imports,871390,HS1992:871390
Imports,871411,HS1992:871411
Imports,871419,HS1992:871419
Imports,871420,HS1992:871420
Imports,871491,HS1992:871491
Imports,871492,HS1992:871492
Imports,871493,HS1992:871493
Imports,871494,HS1992:871494
Imports,871495,HS1992:871495
Imports,871496,HS1992:871496
Imports,871499,HS1992:871499
Imports,871500,HS1992:871500
Imports,871610,HS1992:871610
Imports,871620,HS1992:871620
Imports,871631,HS1992:871631
Imports,871639,HS1992:871639
Imports,871640,HS1992:871640
Imports,871680,HS1992:871680
Imports,871690,HS1992:871690
Imports,880211,HS1992:880211
Imports,880212,HS1992:880212
Imports,880220,HS1992:880220
Imports,880230,HS1992:880230
Imports,880240,HS1992:880240
Imports,880250,HS1992:880250
Imports,880310,HS1992:880310
Imports,880320,HS1992:880320
Imports,880330,HS1992:880330
Imports,880390,HS1992:880390
Imports,880400,HS1992:880400
Imports,880510,HS1992:880510
Imports,880520,HS1992:880520
Imports,890110,HS1992:890110
Imports,890120,HS1992:890120
Imports,890130,HS1992:890130
Imports,890190,HS1992:890190
Imports,890200,HS1992:890200
Imports,890310,HS1992:890310
Imports,890391,HS1992:890391
Imports,890392,HS1992:890392
Imports,890399,HS1992:890399
Imports,890400,HS1992:890400
Imports,890510,HS1992:890510
Imports,890520,HS1992:890520
Imports,890590,HS1992:890590
Imports,890600,HS1992:890600
Imports,890710,HS1992:890710
Imports,890790,HS1992:890790
Imports,890800,HS1992:890800
Imports,900110,HS1992:900110
Imports,900120,HS1992:900120
Imports,900130,HS1992:900130
Imports,900140,HS1992:900140
Imports,900150,HS1992:900150
Imports,900190,HS1992:900190
Imports,900211,HS1992:900211
Imports,900219,HS1992:900219
Imports,900220,HS1992:900220
Imports,900290,HS1992:900290
Imports,900311,HS1992:900311
Imports,900319,HS1992:900319
Imports,900390,HS1992:900390
Imports,900410,HS1992:900410
Imports,900490,HS1992:900490
Imports,900510,HS1992:900510
Imports,900580,HS1992:900580
Imports,900590,HS1992:900590
Imports,900610,HS1992:900610
Imports,900630,HS1992:900630
Imports,900640,HS1992:900640
Imports,900651,HS1992:900651
Imports,900661,HS1992:900661
Imports,900662,HS1992:900662
Imports,900669,HS1992:900669
Imports,900691,HS1992:900691
Imports,900699,HS1992:900699
Imports,900711,HS1992:900711
Imports,900719,HS1992:900719
Imports,900721,HS1992:900721
Imports,900729,HS1992:900729
Imports,900791,HS1992:900791
Imports,900792,HS1992:900792
Imports,900810,HS1992:900810
Imports,900820,HS1992:900820
Imports,900830,HS1992:900830
Imports,900840,HS1992:900840
Imports,900890,HS1992:900890
Imports,900911,HS1992:900911
Imports,900912,HS1992:900912
Imports,901010,HS1992:901010
Imports,901020,HS1992:901020
Imports,901030,HS1992:901030
Imports,901090,HS1992:901090
Imports,901110,HS1992:901110
Imports,901120,HS1992:901120
Imports,901180,HS1992:901180
Imports,901190,HS1992:901190
Imports,901210,HS1992:901210
Imports,901290,HS1992:901290
Imports,901310,HS1992:901310
Imports,901320,HS1992:901320
Imports,901380,HS1992:901380
Imports,901390,HS1992:901390
Imports,901410,HS1992:901410
Imports,901420,HS1992:901420
Imports,901480,HS1992:901480
Imports,901490,HS1992:901490
Imports,901510,HS1992:901510
Imports,901520,HS1992:901520
Imports,901530,HS1992:901530
Imports,901540,HS1992:901540
Imports,901580,HS1992:901580
Imports,901590,HS1992:901590
Imports,901600,HS1992:901600
Imports,901710,HS1992:901710
Imports,901720,HS1992:901720
Imports,901730,HS1992:901730
Imports,901780,HS1992:901780
Imports,901790,HS1992:901790
Imports,901811,HS1992:901811
Imports,901819,HS1992:901819
Imports,901820,HS1992:901820
Imports,901831,HS1992:901831
Imports,901832,HS1992:901832
Imports,901839,HS1992:901839
Imports,901841,HS1992:901841
Imports,901849,HS1992:901849
Imports,901850,HS1992:901850
Imports,901890,HS1992:901890
Imports,901910,HS1992:901910
Imports,901920,HS1992:901920
Imports,902000,HS1992:902000
Imports,902111,HS1992:902111
Imports,902119,HS1992:902119
Imports,902121,HS1992:902121
Imports,902129,HS1992:902129
Imports,902130,HS1992:902130
Imports,902140,HS1992:902140
Imports,902150,HS1992:902150
Imports,902190,HS1992:902190
Imports,902211,HS1992:902211
Imports,902219,HS1992:902219
Imports,902221,HS1992:902221
Imports,902229,HS1992:902229
Imports,902230,HS1992:902230
Imports,902290,HS1992:902290
Imports,902300,HS1992:902300
Imports,902410,HS1992:902410
Imports,902480,HS1992:902480
Imports,902490,HS1992:902490
Imports,902511,HS1992:902511
Imports,902519,HS1992:902519
Imports,902520,HS1992:902520
Imports,902580,HS1992:902580
Imports,902590,HS1992:902590
Imports,902610,HS1992:902610
Imports,902620,HS1992:902620
Imports,902680,HS1992:902680
Imports,902690,HS1992:902690
Imports,902710,HS1992:902710
Imports,902720,HS1992:902720
Imports,902730,HS1992:902730
Imports,902740,HS1992:902740
Imports,902750,HS1992:902750
Imports,902780,HS1992:902780
Imports,902790,HS1992:902790
Imports,902810,HS1992:902810
Imports,902820,HS1992:902820
Imports,902830,HS1992:902830
Imports,902890,HS1992:902890
Imports,902910,HS1992:902910
Imports,902920,HS1992:902920
Imports,902990,HS1992:902990
Imports,903010,HS1992:903010
Imports,903020,HS1992:903020
Imports,903031,HS1992:903031
Imports,903039,HS1992:903039
Imports,903040,HS1992:903040
Imports,903081,HS1992:903081
Imports,903089,HS1992:903089
Imports,903090,HS1992:903090
Imports,903110,HS1992:903110
Imports,903120,HS1992:903120
Imports,903130,HS1992:903130
Imports,903140,HS1992:903140
Imports,903180,HS1992:903180
Imports,903190,HS1992:903190
Imports,903210,HS1992:903210
Imports,903220,HS1992:903220
Imports,903281,HS1992:903281
Imports,903289,HS1992:903289
Imports,903290,HS1992:903290
Imports,903300,HS1992:903300
Imports,910111,HS1992:910111
Imports,910112,HS1992:910112
Imports,910119,HS1992:910119
Imports,910121,HS1992:910121
Imports,910129,HS1992:910129
Imports,910191,HS1992:910191
Imports,910199,HS1992:910199
Imports,910211,HS1992:910211
Imports,910212,HS1992:910212
Imports,910219,HS1992:910219
Imports,910221,HS1992:910221
Imports,910229,HS1992:910229
Imports,910291,HS1992:910291
Imports,910299,HS1992:910299
Imports,910310,HS1992:910310
Imports,910390,HS1992:910390
Imports,910400,HS1992:910400
Imports,910511,HS1992:910511
Imports,910519,HS1992:910519
Imports,910521,HS1992:910521
Imports,910529,HS1992:910529
Imports,910591,HS1992:910591
Imports,910599,HS1992:910599
Imports,910610,HS1992:910610
Imports,910620,HS1992:910620
Imports,910690,HS1992:910690
Imports,910700,HS1992:910700
Imports,910811,HS1992:910811
Imports,910812,HS1992:910812
Imports,910819,HS1992:910819
Imports,910820,HS1992:910820
Imports,910891,HS1992:910891
Imports,910899,HS1992:910899
Imports,910911,HS1992:910911
Imports,910919,HS1992:910919
Imports,910990,HS1992:910990
Imports,911011,HS1992:911011
Imports,911012,HS1992:911012
Imports,911019,HS1992:911019
Imports,911090,HS1992:911090
Imports,911110,HS1992:911110
Imports,911120,HS1992:911120
Imports,911180,HS1992:911180
Imports,911190,HS1992:911190
Imports,911210,HS1992:911210
Imports,911280,HS1992:911280
Imports,911290,HS1992:911290
Imports,911310,HS1992:911310
Imports,911320,HS1992:911320
Imports,911390,HS1992:911390
Imports,911410,HS1992:911410
Imports,911420,HS1992:911420
Imports,911430,HS1992:911430
Imports,911440,HS1992:911440
Imports,911490,HS1992:911490
Imports,920110,HS1992:920110
Imports,920120,HS1992:920120
Imports,920190,HS1992:920190
Imports,920210,HS1992:920210
Imports,920290,HS1992:920290
Imports,920300,HS1992:920300
Imports,920410,HS1992:920410
Imports,920420,HS1992:920420
Imports,920510,HS1992:920510
Imports,920590,HS1992:920590
Imports,920600,HS1992:920600
Imports,920710,HS1992:920710
Imports,920790,HS1992:920790
Imports,920810,HS1992:920810
Imports,920890,HS1992:920890
Imports,920930,HS1992:920930
Imports,920991,HS1992:920991
Imports,920992,HS1992:920992
Imports,920994,HS1992:920994
Imports,930100,HS1992:930100
Imports,930200,HS1992:930200
Imports,930310,HS1992:930310
Imports,930320,HS1992:930320
Imports,930330,HS1992:930330
Imports,930390,HS1992:930390
Imports,930400,HS1992:930400
Imports,930510,HS1992:930510
Imports,930521,HS1992:930521
Imports,930529,HS1992:930529
Imports,930590,HS1992:930590
Imports,930621,HS1992:930621
Imports,930629,HS1992:930629
Imports,930690,HS1992:930690
Imports,930700,HS1992:930700
Imports,940110,HS1992:940110
Imports,940120,HS1992:940120
Imports,940130,HS1992:940130
Imports,940140,HS1992:940140
Imports,940150,HS1992:940150
Imports,940161,HS1992:940161
Imports,940169,HS1992:940169
Imports,940171,HS1992:940171
Imports,940179,HS1992:940179
Imports,940180,HS1992:940180
Imports,940190,HS1992:940190
Imports,940210,HS1992:940210
Imports,940290,HS1992:940290
Imports,940310,HS1992:940310
Imports,940320,HS1992:940320
Imports,940330,HS1992:940330
Imports,940340,HS1992:940340
Imports,940350,HS1992:940350
Imports,940360,HS1992:940360
Imports,940370,HS1992:940370
Imports,940380,HS1992:940380
Imports,940390,HS1992:940390
Imports,940410,HS1992:940410
Imports,940421,HS1992:940421
Imports,940429,HS1992:940429
Imports,940430,HS1992:940430
Imports,940490,HS1992:940490
Imports,940510,HS1992:940510
Imports,940520,HS1992:940520
Imports,940530,HS1992:940530
Imports,940540,HS1992:940540
Imports,940550,HS1992:940550
Imports,940560,HS1992:940560
Imports,940591,HS1992:940591
Imports,940592,HS1992:940592
Imports,940599,HS1992:940599
Imports,940600,HS1992:940600
Imports,950420,HS1992:950420
Imports,950430,HS1992:950430
Imports,950440,HS1992:950440
Imports,950490,HS1992:950490
Imports,950510,HS1992:950510
Imports,950590,HS1992:950590
Imports,950611,HS1992:950611
Imports,950612,HS1992:950612
Imports,950619,HS1992:950619
Imports,950621,HS1992:950621
Imports,950629,HS1992:950629
Imports,950631,HS1992:950631
Imports,950632,HS1992:950632
Imports,950639,HS1992:950639
Imports,950640,HS1992:950640
Imports,950651,HS1992:950651
Imports,950659,HS1992:950659
Imports,950661,HS1992:950661
Imports,950662,HS1992:950662
Imports,950669,HS1992:950669
Imports,950670,HS1992:950670
Imports,950691,HS1992:950691
Imports,950699,HS1992:950699
Imports,950710,HS1992:950710
Imports,950720,HS1992:950720
Imports,950730,HS1992:950730
Imports,950790,HS1992:950790
Imports,950800,HS1992:950800
Imports,960110,HS1992:960110
Imports,960190,HS1992:960190
Imports,960200,HS1992:960200
Imports,960310,HS1992:960310
Imports,960321,HS1992:960321
Imports,960329,HS1992:960329
Imports,960330,HS1992:960330
Imports,960340,HS1992:960340
Imports,960350,HS1992:960350
Imports,960390,HS1992:960390
Imports,960400,HS1992:960400
Imports,960500,HS1992:960500
Imports,960610,HS1992:960610
Imports,960621,HS1992:960621
Imports,960622,HS1992:960622
Imports,960629,HS1992:960629
Imports,960630,HS1992:960630
Imports,960711,HS1992:960711
Imports,960719,HS1992:960719
Imports,960720,HS1992:960720
Imports,960810,HS1992:960810
Imports,960820,HS1992:960820
Imports,960831,HS1992:960831
Imports,960839,HS1992:960839
Imports,960840,HS1992:960840
Imports,960850,HS1992:960850
Imports,960860,HS1992:960860
Imports,960891,HS1992:960891
Imports,960899,HS1992:960899
Imports,960910,HS1992:960910
Imports,960920,HS1992:960920
Imports,960990,HS1992:960990
Imports,961000,HS1992:961000
Imports,961100,HS1992:961100
Imports,961210,HS1992:961210
Imports,961220,HS1992:961220
Imports,961310,HS1992:961310
Imports,961320,HS1992:961320
Imports,961330,HS1992:961330
Imports,961380,HS1992:961380
Imports,961390,HS1992:961390
Imports,961410,HS1992:961410
Imports,961420,HS1992:961420
Imports,961490,HS1992:961490
Imports,961511,HS1992:961511
Imports,961519,HS1992:961519
Imports,961590,HS1992:961590
Imports,961610,HS1992:961610
Imports,961620,HS1992:961620
Imports,961700,HS1992:961700
Imports,961800,HS1992:961800
Imports,970110,HS1992:970110
Imports,970190,HS1992:970190
Imports,970200,HS1992:970200
Imports,970300,HS1992:970300
Imports,970400,HS1992:970400
Imports,970500,HS1992:970500
Imports,970600,HS1992:970600
