country,iso3,reporter_code,metric,start_year,end_year,start_metric,end_metric,delta_metric,metric_change_direction,main_driver_bucket,main_driver_bucket_label,main_driver_group,delta_top5_contribution,delta_rank6_50_contribution,delta_rank51_200_contribution,delta_rank201_plus_contribution
Albania,ALB,8,gini,2000,2024,0.8641491595683831,0.833620880004922,-0.030528279563461158,decrease,rank6_50,Ranks 6-50,broader upper-tier concentration,-0.01968336217706755,-0.04807744285026555,0.023545415211520454,0.013687110252351559
Algeria,DZA,12,gini,2000,2024,0.9007241581234814,0.8865012846551209,-0.014222873468360486,decrease,top5,Top 5,top-5 superstar concentration,-0.04706685711026179,-0.03194973246518762,0.03175506113903609,0.03303865496805258
Andorra,AND,20,gini,2000,2023,0.8744121103673207,0.9049307872095217,0.030518676842200998,increase,top5,Top 5,top-5 superstar concentration,0.02429540521596088,0.013446290694019314,-0.006834103176060147,-0.00038891589171902163
Angola,AGO,24,gini,2004,2024,0.8951707443086825,0.8878822663413918,-0.007288477967290707,decrease,rank6_50,Ranks 6-50,broader upper-tier concentration,0.00047001116539542587,-0.04761182491907001,-0.006971545569878779,0.04682488135626256
Antigua and Barbuda,ATG,28,gini,2000,2024,0.8543064245801655,0.8642643711481386,0.009957946567973108,increase,rank201_plus,Rank 201+ tail,long-tail compression or expansion,-0.005762643913685445,-0.0003556846409494274,0.006330002769219745,0.009746272353388236
Argentina,ARG,32,gini,2000,2024,0.8231510393260151,0.872433013977662,0.049281974651646965,increase,rank201_plus,Rank 201+ tail,long-tail compression or expansion,0.038610300756038704,0.030406219187923772,0.023712638479212428,-0.043447183771527925
Armenia,ARM,51,gini,2000,2024,0.9140971218671045,0.9283591909919574,0.01426206912485295,increase,top5,Top 5,top-5 superstar concentration,0.13974023289144444,-0.12833519731798756,-0.03272310501965786,0.03558013857105391
Aruba,ABW,533,gini,2005,2023,0.8196193945313953,0.8795191558302351,0.05989976129883978,increase,rank51_200,Ranks 51-200,middle-tail change,-0.19676160903193038,-0.1863273795030384,0.2352195804347326,0.20776916939907594
Australia,AUS,36,gini,2000,2024,0.8307782554443478,0.8665010985725357,0.03572284312818785,increase,rank6_50,Ranks 6-50,broader upper-tier concentration,-0.004717296153380984,0.021458724412359215,0.011863500308593539,0.007117914560616029
Austria,AUT,40,gini,2000,2024,0.8019416634787551,0.8252771900193407,0.023335526540585683,increase,rank51_200,Ranks 51-200,middle-tail change,-0.006555409135495474,-0.0032834650079790473,0.016700694288932588,0.016473706395127408
Azerbaijan,AZE,31,gini,2000,2024,0.8958229240498777,0.8860365186203213,-0.009786405429556444,decrease,rank6_50,Ranks 6-50,broader upper-tier concentration,0.05710643643006735,-0.11687645367162725,-0.025920569768121265,0.07590418158012457
Bahamas,BHS,44,gini,2000,2024,0.8594853893797977,0.8742626835984619,0.01477729421866425,increase,rank201_plus,Rank 201+ tail,long-tail compression or expansion,0.0070116273639370535,-0.0020760181790132615,0.0005919166088701466,0.009249768424870186
Bahrain,BHR,48,gini,2000,2024,0.8747052338565706,0.9061612187924722,0.031455984935901626,increase,top5,Top 5,top-5 superstar concentration,0.08698282755503517,-0.0010281900917096798,-0.0437374229144554,-0.010761229612968548
Barbados,BRB,52,gini,2000,2024,0.8413315265715265,0.8525682054497967,0.011236678878270179,increase,rank201_plus,Rank 201+ tail,long-tail compression or expansion,-0.012101676118964871,0.006263467493317576,0.0046367909236546545,0.01243809658026293
Belarus,BLR,112,gini,2000,2021,0.8153375019205885,0.8147532810330393,-0.0005842208875491695,decrease,rank201_plus,Rank 201+ tail,long-tail compression or expansion,-0.021992730761663123,-0.018606069948939374,0.01354337614014417,0.026471203682909228
Belgium,BEL,56,gini,2000,2024,0.8207195530876862,0.8583401055007199,0.03762055241303375,increase,rank6_50,Ranks 6-50,broader upper-tier concentration,0.0041417194668997015,0.03365048769862225,0.006323129818780249,-0.00649478457126873
Belize,BLZ,84,gini,2000,2024,0.8888064007778957,0.8703168514500293,-0.018489549327866395,decrease,top5,Top 5,top-5 superstar concentration,-0.09119623432241204,-0.04462148216618439,0.04521733498029046,0.07211083218043979
Benin,BEN,204,gini,2000,2024,0.9071049665883512,0.9321645833166305,0.025059616728279388,increase,top5,Top 5,top-5 superstar concentration,0.09252858666015043,-0.08527246301740093,-0.01985717882863658,0.037660671914166416
Bermuda,BMU,60,gini,2010,2024,0.8692411450440779,0.878709630352321,0.009468485308243069,increase,rank6_50,Ranks 6-50,broader upper-tier concentration,0.015494467281809171,-0.027521568088041265,0.0009717715396433402,0.020523814574831822
Bolivia (Plurinational State of),BOL,68,gini,2000,2024,0.8624429309290906,0.8626585362564106,0.00021560532732001203,increase,top5,Top 5,top-5 superstar concentration,-0.05874300613720518,-0.012738602969381396,0.02660419346038062,0.045093020973526105
Bosnia Herzegovina,BIH,70,gini,2003,2024,0.8493650914529679,0.8409626449980954,-0.008402446454872536,decrease,rank6_50,Ranks 6-50,broader upper-tier concentration,-0.0009010854998277029,-0.05812880343531182,0.014023928460560858,0.036603514019706074
Botswana,BWA,72,gini,2000,2023,0.8697984757807852,0.904862458444444,0.035063982663658844,increase,top5,Top 5,top-5 superstar concentration,0.055956655924263854,0.011043911153851393,0.011369444514356536,-0.04330602892881327
Brazil,BRA,76,gini,2000,2024,0.8508538306243135,0.860901013715626,0.010047183091312473,increase,top5,Top 5,top-5 superstar concentration,-0.023126900185622246,0.022083000457371327,0.012836376534090699,-0.0017452937145271408
Brunei Darussalam,BRN,96,gini,2001,2024,0.8677156587786107,0.8692150230500654,0.001499364271454695,increase,top5,Top 5,top-5 superstar concentration,-0.029667911958336235,0.008801907937614373,0.010784716918317394,0.011580651373859024
Bulgaria,BGR,100,gini,2000,2024,0.8294282747143618,0.8456849594033858,0.01625668468902408,increase,top5,Top 5,top-5 superstar concentration,0.01469718491753487,-0.0061572664182262815,-0.002526541086355749,0.010243307276071367
Burkina Faso,BFA,854,gini,2000,2024,0.9284105974279352,0.9131159265330174,-0.015294670894917761,decrease,rank6_50,Ranks 6-50,broader upper-tier concentration,-0.04144688339588065,-0.07422054216164625,0.056709727568595936,0.043663027094012916
Burundi,BDI,108,gini,2000,2023,0.9020289076808162,0.9140757084717785,0.01204680079096232,increase,top5,Top 5,top-5 superstar concentration,-0.10321872532438281,0.006418517330129603,0.0587761073736299,0.05007090141158592
Cabo Verde,CPV,132,gini,2000,2024,0.8858836650535172,0.8819340672055552,-0.003949597847962005,decrease,rank201_plus,Rank 201+ tail,long-tail compression or expansion,-0.025951454631010965,-0.05741339809512358,0.013735564071686662,0.06567969080648595
Cambodia,KHM,116,gini,2000,2024,0.9415228911249024,0.8906992085120878,-0.05082368261281456,decrease,top5,Top 5,top-5 superstar concentration,-0.23871150628947518,-0.06608691519862037,0.11430984205918826,0.13966489681609268
Cameroon,CMR,120,gini,2000,2023,0.9044736662261772,0.9129992834291654,0.008525617202988167,increase,rank6_50,Ranks 6-50,broader upper-tier concentration,0.03996713290731199,-0.06919462305244822,0.011045702128675783,0.026707405219448282
Canada,CAN,124,gini,2000,2024,0.8382073956982656,0.8444777473951255,0.006270351696859855,increase,top5,Top 5,top-5 superstar concentration,-0.05667779001094243,-0.013590380200892566,0.03899402706114283,0.03754449484755212
Central African Rep.,CAF,140,gini,2000,2024,0.8796690833305232,0.8829653536433232,0.003296270312799998,increase,rank6_50,Ranks 6-50,broader upper-tier concentration,-0.02018648206652557,-0.049203932949202445,0.030259900409988993,0.042426784918538976
Chile,CHL,152,gini,2000,2024,0.8243389954533373,0.8563794119430858,0.032040416489748424,increase,rank51_200,Ranks 51-200,middle-tail change,0.006503657446175787,-0.00543026200681318,0.025669888930171414,0.005297132120214321
China,CHN,156,gini,2000,2024,0.8588443949573894,0.9141924519042418,0.05534805694685241,increase,top5,Top 5,top-5 superstar concentration,0.16035000924822496,0.013289055146004036,-0.04256972534725906,-0.0757212821001175
"China, Hong Kong SAR",HKG,344,gini,2000,2024,0.8645928581228627,0.9522817168353017,0.08768885871243903,increase,top5,Top 5,top-5 superstar concentration,0.2475710018857913,0.0887307150350608,-0.09588161565071723,-0.1527312425576957
"China, Macao SAR",MAC,446,gini,2000,2024,0.8655018079719324,0.917187541991382,0.051685734019449536,increase,top5,Top 5,top-5 superstar concentration,0.17153343550542258,-0.06743396512697358,-0.04498126364396024,-0.007432472715039509
Colombia,COL,170,gini,2000,2024,0.8366019911983259,0.8505781281624496,0.013976136964123698,increase,top5,Top 5,top-5 superstar concentration,0.046148271110721464,-0.023865692800315558,-0.012946427376025166,0.004639986029743026
Comoros,COM,174,gini,2000,2023,0.9289309829429911,0.9427930467002811,0.013862063757289933,increase,top5,Top 5,top-5 superstar concentration,-0.10761126717324698,0.04562909222071149,0.03981178459835846,0.036032454111467146
Costa Rica,CRI,188,gini,2000,2024,0.8556982111530709,0.8616563436090198,0.005958132455948895,increase,top5,Top 5,top-5 superstar concentration,-0.08157869671559544,0.027703124579340432,0.03429416510191924,0.02553953949028459
Croatia,HRV,191,gini,2000,2024,0.8165061471745467,0.8385129929589487,0.02200684578440193,increase,top5,Top 5,top-5 superstar concentration,-0.05239291069524135,0.01057731805235454,0.0282017482407525,0.035620690186536075
Cyprus,CYP,196,gini,2000,2024,0.8627593485108487,0.8859472887242351,0.023187940213386438,increase,rank6_50,Ranks 6-50,broader upper-tier concentration,-0.060503351059520954,0.07609438705447588,0.015924807863767487,-0.008327903645336004
Czechia,CZE,203,gini,2000,2024,0.7970519199630055,0.8633417421752048,0.06628982221219926,increase,top5,Top 5,top-5 superstar concentration,0.07666382676726008,0.07651702760196111,-0.01972640061772432,-0.06716463153929766
Côte d'Ivoire,CIV,384,gini,2000,2024,0.8943385771296745,0.9036280552625287,0.00928947813285419,increase,rank201_plus,Rank 201+ tail,long-tail compression or expansion,-0.020582404631556805,-0.030248795141169682,0.02983420850289381,0.030286469402686894
Denmark,DNK,208,gini,2000,2024,0.7936048795550857,0.842290049339188,0.04868516978410231,increase,top5,Top 5,top-5 superstar concentration,0.029608502724616306,0.009797250350936815,0.015205204995131172,-0.00592578828658219
Dominica,DMA,212,gini,2000,2023,0.8552722048153689,0.8691196304277817,0.013847425612412811,increase,rank201_plus,Rank 201+ tail,long-tail compression or expansion,0.0032083398053494444,-0.01906546691714739,-0.011432580473138498,0.04113713319734921
Dominican Rep.,DOM,214,gini,2001,2024,0.8667870029036602,0.8636455514358773,-0.0031414514677828853,decrease,top5,Top 5,top-5 superstar concentration,-0.050783995065093915,-0.01086194002675439,0.01471066993162029,0.04379381369244509
Ecuador,ECU,218,gini,2000,2024,0.8393121611405073,0.8737179686608935,0.034405807520386134,increase,top5,Top 5,top-5 superstar concentration,0.1098055440415534,-0.04145993261912903,-0.012659896907221857,-0.021279906994816467
Egypt,EGY,818,gini,2000,2024,0.8792880047457742,0.8904623967591736,0.011174392013399426,increase,rank201_plus,Rank 201+ tail,long-tail compression or expansion,-0.037650820296824344,-0.00043449947165363767,0.0018520579479598953,0.04740765383391743
El Salvador,SLV,222,gini,2000,2024,0.8513194939895985,0.8701032120822695,0.018783718092670987,increase,rank201_plus,Rank 201+ tail,long-tail compression or expansion,-0.010284853429616159,-0.02950189126334188,0.022804244307460197,0.03576621847816899
Estonia,EST,233,gini,2000,2024,0.8475214141969106,0.852949410549417,0.005427996352506348,increase,top5,Top 5,top-5 superstar concentration,-0.042372234699351835,-0.0020908433866566323,0.014823170276406089,0.035067904162108754
Eswatini,SWZ,748,gini,2000,2023,0.8543256756840735,0.8616344349194703,0.007308759235396867,increase,top5,Top 5,top-5 superstar concentration,-0.05413323413702534,0.008631075928202697,0.029176148333728863,0.023634769110490533
Ethiopia,ETH,231,gini,2000,2023,0.8644274059068784,0.8963701904214716,0.0319427845145932,increase,rank6_50,Ranks 6-50,broader upper-tier concentration,0.011120907701128058,0.011991954228837254,-0.0004858792861844319,0.00931580187081213
Fiji,FJI,242,gini,2002,2024,0.8453025190786617,0.8648240772182103,0.01952155813954859,increase,rank6_50,Ranks 6-50,broader upper-tier concentration,-0.01861995419882939,0.029913672507020872,-0.0022283777869387122,0.010456217618296293
Finland,FIN,246,gini,2000,2024,0.8292639439831454,0.8503670651348604,0.021103121151714976,increase,rank51_200,Ranks 51-200,middle-tail change,-0.019155366262151474,0.015464741500969326,0.01957826715447919,0.005215478758417935
France,FRA,251,gini,2000,2024,0.7811337717290954,0.8185411620495623,0.037407390320466916,increase,rank6_50,Ranks 6-50,broader upper-tier concentration,-0.02505732758711722,0.043674184026665674,0.011465979170670437,0.007324554710248399
French Polynesia,PYF,258,gini,2000,2024,0.8533446106344476,0.8337304892857214,-0.0196141213487262,decrease,rank201_plus,Rank 201+ tail,long-tail compression or expansion,0.03676207514386909,0.0018437863190899906,-0.014055680561234157,-0.04416430225045123
Gabon,GAB,266,gini,2000,2023,0.8850120729147182,0.9167859700610247,0.03177389714630652,increase,top5,Top 5,top-5 superstar concentration,0.12673647105832497,-0.03706803809334991,-0.05128352808001954,-0.006611007738648894
Gambia,GMB,270,gini,2000,2024,0.8986201437249605,0.9275638104953322,0.028943666770371745,increase,top5,Top 5,top-5 superstar concentration,0.05293797708430564,-0.029227237357936864,-0.01766529482888668,0.022898221872889604
Georgia,GEO,268,gini,2000,2024,0.8939588360064497,0.8918226363086074,-0.0021361996978422892,decrease,rank6_50,Ranks 6-50,broader upper-tier concentration,0.019959901930896917,-0.1163110628461641,0.016392221823242237,0.07782273939418263
Germany,DEU,276,gini,2000,2024,0.8005721070648958,0.8359089715784167,0.035336864513520916,increase,rank6_50,Ranks 6-50,broader upper-tier concentration,-0.019617745122893784,0.0252922809714535,0.023384378077790036,0.006277950587171233
Ghana,GHA,288,gini,2000,2023,0.8911187850585124,0.9004285376857624,0.009309752627249979,increase,top5,Top 5,top-5 superstar concentration,-0.08321456285038148,0.01867000855617279,0.028864574931292714,0.044989731990166065
Greece,GRC,300,gini,2000,2024,0.8360703120996325,0.8438190965674589,0.007748784467826453,increase,top5,Top 5,top-5 superstar concentration,-0.05279083961689417,0.005551411800442302,0.029866271651155185,0.025121940633123147
Greenland,GRL,304,gini,2000,2018,0.8615028327742849,0.8813262441876989,0.019823411413414038,increase,top5,Top 5,top-5 superstar concentration,0.05076743767684522,-0.04735194564866013,-0.005750599733313377,0.022158519118542275
Grenada,GRD,308,gini,2000,2024,0.8644556859442221,0.8652491909009763,0.0007935049567542318,increase,rank6_50,Ranks 6-50,broader upper-tier concentration,-0.0008516533240188889,-0.06071665575857593,0.0020974245398290847,0.06026438949952029
Guatemala,GTM,320,gini,2000,2024,0.849778636644036,0.8625874719301657,0.01280883528612975,increase,rank51_200,Ranks 51-200,middle-tail change,-0.012229006744839302,-0.01652997880973972,0.02525303921257649,0.016314781628132574
Guyana,GUY,328,gini,2000,2024,0.8563178218907463,0.9122317328664086,0.05591391097566223,increase,top5,Top 5,top-5 superstar concentration,0.1274713467940098,0.024352019941376424,-0.057730473954092365,-0.03817898180563173
Honduras,HND,340,gini,2000,2024,0.8611261886746431,0.8860383202566025,0.024912131581959374,increase,top5,Top 5,top-5 superstar concentration,0.039758377746682685,-0.01386592339913234,0.004809809884871646,-0.005790132650462715
Hungary,HUN,348,gini,2000,2024,0.8280975727356268,0.8740931851146755,0.0459956123790487,increase,rank6_50,Ranks 6-50,broader upper-tier concentration,-0.0255879178096117,0.033836633936672134,0.029864217702657847,0.007882678549330474
Iceland,ISL,352,gini,2000,2024,0.8559600644804279,0.891595400266896,0.03563533578646805,increase,top5,Top 5,top-5 superstar concentration,0.03859722229116086,0.0136617671229885,-0.006916030384972349,-0.009707623242709101
India,IND,699,gini,2000,2024,0.9054705395124514,0.8778865434781334,-0.027583996034317937,decrease,top5,Top 5,top-5 superstar concentration,-0.13856025050939785,-0.01341703892351323,0.05173619926031614,0.07265709413827692
Indonesia,IDN,360,gini,2000,2024,0.8594729182389658,0.8393375972957448,-0.020135320943221013,decrease,rank201_plus,Rank 201+ tail,long-tail compression or expansion,-0.0326365656088666,-0.0314897592580749,0.003028992830997723,0.04096201109272285
Iran,IRN,364,gini,2000,2022,0.8686818206194645,0.8776795236999939,0.008997703080529385,increase,top5,Top 5,top-5 superstar concentration,0.03594207392811469,-0.026191119289512788,-0.023537909854941308,0.022784658296868904
Ireland,IRL,372,gini,2000,2024,0.8576898748100791,0.9036087236796295,0.045918848869550444,increase,top5,Top 5,top-5 superstar concentration,0.037159819077920375,0.03123284574982846,0.00797300120119046,-0.030446817159388906
Israel,ISR,376,gini,2000,2024,0.8794007958316621,0.8583922354851985,-0.02100856034646359,decrease,top5,Top 5,top-5 superstar concentration,-0.226598893399205,0.04384141622418608,0.08392067707979706,0.07782823974875833
Italy,ITA,380,gini,2000,2024,0.7978773833283579,0.8227330441572064,0.02485566082884849,increase,top5,Top 5,top-5 superstar concentration,-0.0196757819083936,0.017258109012137368,0.014830959383560272,0.012442374341544216
Jamaica,JAM,388,gini,2000,2024,0.8691630564371903,0.8779180090177808,0.008754952580590558,increase,rank6_50,Ranks 6-50,broader upper-tier concentration,0.003223438115493693,-0.027265316169185372,0.018274533167443957,0.014522297466838446
Japan,JPN,392,gini,2000,2024,0.853132899054071,0.8606290531609027,0.007496154106831687,increase,rank6_50,Ranks 6-50,broader upper-tier concentration,-0.008493622727989841,-0.02425997436402874,0.017456011001519695,0.02279374019733052
Jordan,JOR,400,gini,2000,2024,0.8770923522862193,0.8897939933984053,0.012701641112185968,increase,rank201_plus,Rank 201+ tail,long-tail compression or expansion,-0.0146622172273137,-0.03089478342900487,0.02525154029214771,0.033007101476356715
Kazakhstan,KAZ,398,gini,2000,2024,0.8803022058564731,0.8563733759926033,-0.023928829863869794,decrease,top5,Top 5,top-5 superstar concentration,-0.37908354337183847,-0.1519738287698338,0.2202895583314508,0.2868389839463515
Kenya,KEN,404,gini,2000,2024,0.8794385459827443,0.8819123664669097,0.0024738204841654454,increase,rank6_50,Ranks 6-50,broader upper-tier concentration,0.020762755113380355,-0.06618041885947373,0.013828157502442734,0.03406332672781634
Kuwait,KWT,414,gini,2000,2024,0.8217676133845246,0.8952347686737643,0.07346715528923964,increase,rank201_plus,Rank 201+ tail,long-tail compression or expansion,0.06474014659016594,-0.07070488935076064,-0.03732881421604026,0.11676071226587485
Kyrgyzstan,KGZ,417,gini,2000,2024,0.8715962652623723,0.9153535373408359,0.04375727207846358,increase,top5,Top 5,top-5 superstar concentration,0.09590938889401446,-0.004019293770235244,-0.04929420617065214,0.001161383125336396
Latvia,LVA,428,gini,2000,2024,0.8166539886824811,0.849164176116898,0.032510187434416915,increase,top5,Top 5,top-5 superstar concentration,0.041761593667829985,0.028573784466034813,-0.020595408310820407,-0.017229782388627546
Lebanon,LBN,422,gini,2000,2024,0.8606221190908923,0.899129732683848,0.038507613592955736,increase,top5,Top 5,top-5 superstar concentration,0.0551220226159673,0.015103473290523362,0.0024952865254821432,-0.03421316883901718
Lesotho,LSO,426,gini,2000,2024,0.8942795905231429,0.8874728540213495,-0.00680673650179342,decrease,rank201_plus,Rank 201+ tail,long-tail compression or expansion,-0.03279128022114286,-0.046277887657200534,-0.015199847192796323,0.08746227856934627
Lithuania,LTU,440,gini,2000,2024,0.8198338676583335,0.8440353851940222,0.024201517535688666,increase,top5,Top 5,top-5 superstar concentration,0.02338235379604041,0.00442575175901147,-0.006866256821483452,0.003259668802120197
Luxembourg,LUX,442,gini,2000,2024,0.8764657006356926,0.883232626676957,0.006766926041264387,increase,top5,Top 5,top-5 superstar concentration,-0.03441891628231952,0.013283428601104319,0.00915819570544582,0.01874421801703391
Madagascar,MDG,450,gini,2000,2024,0.8878390690090989,0.8978337184913261,0.00999464948222717,increase,top5,Top 5,top-5 superstar concentration,-0.046656949155520155,-0.0006878821462633633,0.026506455271623985,0.030833025512386647
Malawi,MWI,454,gini,2000,2024,0.8855011456966841,0.9064962970300651,0.020995151333380924,increase,top5,Top 5,top-5 superstar concentration,0.041875730874356476,0.004620312256540693,-0.03847850250381263,0.012977610706296716
Malaysia,MYS,458,gini,2000,2024,0.8726678106440791,0.8618863314482166,-0.010781479195862476,decrease,top5,Top 5,top-5 superstar concentration,-0.0913946079725377,-0.0020663407467571004,0.029776542979924936,0.05290292654350731
Maldives,MDV,462,gini,2000,2024,0.8606098237501072,0.8601863112221787,-0.0004235125279284935,decrease,rank201_plus,Rank 201+ tail,long-tail compression or expansion,-0.039779255933030125,-0.036926172392459655,0.017483510726712614,0.058798405070848575
Mali,MLI,466,gini,2000,2023,0.8934626456744983,0.9134806551350527,0.02001800946055443,increase,rank201_plus,Rank 201+ tail,long-tail compression or expansion,-0.00039890378726004094,-0.011867201744673594,0.012341176352690025,0.01994293863979807
Malta,MLT,470,gini,2000,2024,0.9168407497129892,0.9086430534732653,-0.008197696239723884,decrease,top5,Top 5,top-5 superstar concentration,-0.23058112150080334,0.0862956333127732,0.07482912139134748,0.06125867055695877
Mauritania,MRT,478,gini,2000,2024,0.901396708070396,0.9191320557987982,0.01773534772840224,increase,rank6_50,Ranks 6-50,broader upper-tier concentration,0.02185517204165638,-0.0814698069722532,0.021665791871642304,0.055684190787356654
Mauritius,MUS,480,gini,2000,2024,0.854485104178964,0.8642016510850621,0.009716546906098134,increase,top5,Top 5,top-5 superstar concentration,0.03706285567041767,-0.006520111481703561,-0.019453978079136902,-0.0013722192034790193
Mexico,MEX,484,gini,2000,2024,0.8427915274380674,0.8610435161684675,0.018251988730400126,increase,rank51_200,Ranks 51-200,middle-tail change,-0.0021441254315079095,0.010721335603728122,0.024949635227089706,-0.015274856668909959
Mongolia,MNG,496,gini,2000,2023,0.9026496251198778,0.8958994101967845,-0.006750214923093245,decrease,rank201_plus,Rank 201+ tail,long-tail compression or expansion,-0.008512343428723979,-0.07373030970734978,0.0017265817486559754,0.07376585646432439
Montenegro,MNE,499,gini,2006,2024,0.8658621690127297,0.8777984328851586,0.011936263872428854,increase,rank201_plus,Rank 201+ tail,long-tail compression or expansion,-0.016368157283751322,-0.0046724922265647395,0.014430961561852085,0.018545951820892997
Montserrat,MSR,500,gini,2000,2024,0.83889646141997,0.8470410840098178,0.008144622589847827,increase,top5,Top 5,top-5 superstar concentration,-0.1469052579006906,-0.05436909714838528,0.06820254940005316,0.14121642823887068
Morocco,MAR,504,gini,2000,2024,0.8638878385998449,0.892209060096244,0.02832122149639915,increase,rank6_50,Ranks 6-50,broader upper-tier concentration,-0.010340429127497858,0.04099238521632875,0.0054644575621977665,-0.007795192154629482
Mozambique,MOZ,508,gini,2000,2024,0.8866409788559044,0.8916558343856383,0.005014855529733908,increase,rank201_plus,Rank 201+ tail,long-tail compression or expansion,-0.018018236772303686,-0.003837742108198927,-0.013342430446902975,0.0402132648571395
Namibia,NAM,516,gini,2000,2024,0.8567434494743223,0.8896597216242462,0.032916272149923875,increase,rank6_50,Ranks 6-50,broader upper-tier concentration,-0.02187472032121826,0.04566562580635003,0.023897222046871225,-0.014771855382079119
Netherlands,NLD,528,gini,2000,2024,0.8146122229457787,0.8319408998753097,0.017328676929530995,increase,top5,Top 5,top-5 superstar concentration,-0.07872620614359992,0.05018705636756565,0.029771202631056926,0.016096624074508292
New Zealand,NZL,554,gini,2000,2024,0.8239317664288383,0.8522040380676892,0.028272271638850932,increase,top5,Top 5,top-5 superstar concentration,-0.03283029153654461,0.026076407839866284,0.021737518183732152,0.013288637151797178
Nicaragua,NIC,558,gini,2000,2024,0.8522406896946717,0.9004297862404403,0.04818909654576864,increase,top5,Top 5,top-5 superstar concentration,0.06683725264784379,0.011333165890768382,-0.01118572385536798,-0.018795598137475278
Niger,NER,562,gini,2000,2024,0.9412587491039974,0.936468036256073,-0.004790712847924428,decrease,rank6_50,Ranks 6-50,broader upper-tier concentration,-0.008115794195511505,-0.028289559421893595,0.017210264090288335,0.014404376679192157
Nigeria,NGA,566,gini,2000,2024,0.8928862466043578,0.8867139597723271,-0.006172286832030638,decrease,rank201_plus,Rank 201+ tail,long-tail compression or expansion,-0.04499467756049487,-0.048042361754455754,0.024075480913433533,0.06278927156948627
North Macedonia,MKD,807,gini,2000,2024,0.8448326860703904,0.8748273062053448,0.029994620134954353,increase,top5,Top 5,top-5 superstar concentration,0.07585254036023253,-0.023117093460456928,-0.017791314633723104,-0.004949512131098205
Norway,NOR,579,gini,2000,2024,0.8425460466721016,0.8605534169737435,0.0180073703016419,increase,top5,Top 5,top-5 superstar concentration,-0.03455424916872635,0.00591024771835974,0.022621107970476784,0.024030263781531447
Oman,OMN,512,gini,2000,2024,0.9167688069022708,0.8924014054812405,-0.024367401421030332,decrease,top5,Top 5,top-5 superstar concentration,-0.13742120614090683,0.014115484007343193,0.014473360042767669,0.08446496066976589
Pakistan,PAK,586,gini,2003,2024,0.8869284349278028,0.9063421993722093,0.019413764444406456,increase,top5,Top 5,top-5 superstar concentration,0.05111852134328973,0.0028379221169538837,-0.02732739896208375,-0.007215280053753381
Panama,PAN,591,gini,2000,2024,0.8391037934172564,0.8666161997767642,0.0275124063595078,increase,top5,Top 5,top-5 superstar concentration,0.029712595495694646,-0.02757714873167108,0.029219393124821663,-0.0038424335293377188
Paraguay,PRY,600,gini,2000,2024,0.8810578075996355,0.886035470151648,0.004977662552012485,increase,rank201_plus,Rank 201+ tail,long-tail compression or expansion,-0.007880489456728923,0.004952417795719755,-0.024595218153703524,0.032500952366725094
Peru,PER,604,gini,2000,2024,0.8456344621148205,0.8549069076173357,0.009272445502515159,increase,rank201_plus,Rank 201+ tail,long-tail compression or expansion,-0.0006655524814367375,-0.015501339089117994,0.005859584090945141,0.019579752982124665
Philippines,PHL,608,gini,2000,2024,0.8523944205917496,0.8669789173647172,0.014584496772967581,increase,rank6_50,Ranks 6-50,broader upper-tier concentration,0.005316121898148923,0.009177365537673177,-0.00844193348806474,0.008532942825209805
Poland,POL,616,gini,2000,2024,0.7680527679108122,0.8293330686512057,0.06128030074039348,increase,rank6_50,Ranks 6-50,broader upper-tier concentration,0.005179477490140777,0.022444313820216805,0.017453501027518303,0.01620300840251776
Portugal,PRT,620,gini,2000,2024,0.8149335469474783,0.8228476969026023,0.007914149955123961,increase,top5,Top 5,top-5 superstar concentration,-0.04588434169184952,0.012755348721371074,0.014826792301044334,0.026216350624558238
Qatar,QAT,634,gini,2000,2024,0.8540464854604836,0.8786051614252893,0.024558675964805765,increase,rank201_plus,Rank 201+ tail,long-tail compression or expansion,-0.042659335054616165,-0.006846755665365245,-0.01337954436557412,0.08744431105036116
Rep. of Korea,KOR,410,gini,2000,2024,0.8622299989695105,0.849114036591397,-0.013115962378113522,decrease,top5,Top 5,top-5 superstar concentration,-0.14362315155525104,0.03385337355078022,0.03883841976161978,0.05781539586473783
Rep. of Moldova,MDA,498,gini,2000,2024,0.8602445085829521,0.8498280179499059,-0.010416490633046172,decrease,top5,Top 5,top-5 superstar concentration,-0.08467203510750396,-0.0111412509561645,0.003235897088964934,0.08216089834165724
Romania,ROU,642,gini,2000,2024,0.8240917372976829,0.8321335515735055,0.008041814275822623,increase,rank51_200,Ranks 51-200,middle-tail change,0.026222238922419788,-0.018175413868375345,-0.02728279173197068,0.027277780953748998
Russian Federation,RUS,643,gini,2000,2021,0.8425792769383396,0.8324775314523652,-0.010101745485974312,decrease,rank201_plus,Rank 201+ tail,long-tail compression or expansion,-0.026386938763161547,-0.016832457395585948,-0.004492921267877759,0.03761057194065082
Rwanda,RWA,646,gini,2001,2022,0.9096045495435415,0.9122097509333583,0.0026052013898167914,increase,rank6_50,Ranks 6-50,broader upper-tier concentration,-0.026269793392930674,-0.08642697030327723,0.03742545692391974,0.07787650816210494
Saint Lucia,LCA,662,gini,2000,2020,0.8524755772515172,0.8747272605500496,0.022251683298532332,increase,rank6_50,Ranks 6-50,broader upper-tier concentration,-0.0080403755737182,0.0183807298798378,0.008580203579439394,0.003331125412973368
Saint Vincent and the Grenadines,VCT,670,gini,2000,2023,0.8695712696730339,0.8646832578112151,-0.004888011861818753,decrease,rank201_plus,Rank 201+ tail,long-tail compression or expansion,-0.03505221131169722,-0.046478847795523415,0.023774837008632588,0.05286821023676924
Samoa,WSM,882,gini,2001,2024,0.8668478652399338,0.8815064936226337,0.014658628382699823,increase,rank6_50,Ranks 6-50,broader upper-tier concentration,0.0008444741944392264,-0.05963985730967636,0.014944810967438604,0.05850920053049853
Sao Tome and Principe,STP,678,gini,2000,2023,0.8988238191207365,0.9031208584081485,0.004297039287411986,increase,rank6_50,Ranks 6-50,broader upper-tier concentration,-0.017025367337083402,-0.10649208904115576,0.028940372112064433,0.0988741235535869
Saudi Arabia,SAU,682,gini,2000,2024,0.8570074116328277,0.8701047048699689,0.013097293237141261,increase,rank201_plus,Rank 201+ tail,long-tail compression or expansion,-0.026197029057460297,-0.027842428583854578,0.014791948790840864,0.05234480208761538
Senegal,SEN,686,gini,2000,2024,0.8848613057807284,0.895631829504387,0.01077052372365861,increase,rank201_plus,Rank 201+ tail,long-tail compression or expansion,-0.013279996299370156,-0.01697906141120198,0.015164902284458881,0.025864679149772057
Serbia,SRB,688,gini,2006,2024,0.8276770802346712,0.8362384134324486,0.00856133319777741,increase,rank6_50,Ranks 6-50,broader upper-tier concentration,0.0015760387388941005,-0.03844832978939358,0.021467437451768295,0.023966186796508582
Seychelles,SYC,690,gini,2000,2024,0.8573052612782068,0.8735344685072689,0.01622920722906207,increase,rank6_50,Ranks 6-50,broader upper-tier concentration,0.05311637815503717,-0.0751330303050439,-0.012516056178690727,0.05076191555775966
Singapore,SGP,702,gini,2000,2024,0.8709825516977056,0.9054551098689565,0.034472558171250944,increase,rank6_50,Ranks 6-50,broader upper-tier concentration,-0.05471355221471205,0.08072792205117749,0.02399363502488233,-0.015535446690096932
Slovakia,SVK,703,gini,2000,2024,0.8234792707122397,0.8811188416209196,0.05763957090867988,increase,rank6_50,Ranks 6-50,broader upper-tier concentration,0.052499004049386455,0.05593789119958803,-0.0023443278647536647,-0.048452996475540966
Slovenia,SVN,705,gini,2000,2024,0.8067698159912412,0.9067202906392546,0.09995047464801343,increase,top5,Top 5,top-5 superstar concentration,0.3341368204717411,-0.0011630328066129791,-0.10092172239949265,-0.13210159061762208
South Africa,ZAF,710,gini,2000,2024,0.8134214039743634,0.8387696170187361,0.025348213044372736,increase,rank6_50,Ranks 6-50,broader upper-tier concentration,-0.026998680335128644,0.03361399692791048,0.007070310084116904,0.011662586367474082
Spain,ESP,724,gini,2000,2024,0.8053114480260982,0.8227883784451705,0.01747693041907228,increase,top5,Top 5,top-5 superstar concentration,-0.08938512026853343,0.03610111047136172,0.042344750124257424,0.028416190091986537
Sri Lanka,LKA,144,gini,2000,2024,0.8804623344049678,0.870715731644638,-0.009746602760329792,decrease,rank201_plus,Rank 201+ tail,long-tail compression or expansion,-0.009438391598176346,-0.03143262276805786,-0.011764259655656667,0.042888671261560735
Suriname,SUR,740,gini,2000,2024,0.8513883923227934,0.8622087555000874,0.010820363177293957,increase,top5,Top 5,top-5 superstar concentration,-0.10046374131935587,0.005755083256602567,0.021462309877799457,0.08406671136224796
Sweden,SWE,752,gini,2000,2024,0.8306271808630691,0.8511933512010783,0.020566170338009226,increase,top5,Top 5,top-5 superstar concentration,-0.028320784030251914,0.023488891834324205,0.014178611875567265,0.011219450658369434
Switzerland,CHE,757,gini,2000,2024,0.8189996091319101,0.9138270969445548,0.09482748781264472,increase,top5,Top 5,top-5 superstar concentration,0.36438959282472616,-0.10297637069916218,-0.07217975517229185,-0.09440597914062748
Thailand,THA,764,gini,2000,2024,0.8616164045083784,0.8626718005501544,0.0010553960417759578,increase,rank51_200,Ranks 51-200,middle-tail change,0.011951141475171428,0.0047333217439611275,-0.020575901078792286,0.004946833901435493
Togo,TGO,768,gini,2000,2024,0.9062106949682641,0.8942902715975327,-0.011920423370731403,decrease,top5,Top 5,top-5 superstar concentration,-0.08270351286355615,-0.01650952707318626,0.03627019903400869,0.0510224175320024
Tonga,TON,776,gini,2000,2023,0.8403008324990374,0.8936679897342023,0.05336715723516483,increase,rank201_plus,Rank 201+ tail,long-tail compression or expansion,-0.06588700212211795,-0.0841131254107213,0.05918759629445175,0.14417968847355228
Trinidad and Tobago,TTO,780,gini,2000,2024,0.8587525784546967,0.8865849575651259,0.02783237911042924,increase,rank6_50,Ranks 6-50,broader upper-tier concentration,0.0150096262217706,0.03894118829986845,0.0011952393040368658,-0.0273136747152464
Tunisia,TUN,788,gini,2000,2024,0.8570581781166041,0.8610302606083481,0.003972082491743967,increase,rank201_plus,Rank 201+ tail,long-tail compression or expansion,-0.013389349377834814,0.0033288059313343887,-0.0009489448943449663,0.014981570832589386
Türkiye,TUR,792,gini,2000,2024,0.8417699443171499,0.86790234145034,0.026132397133190044,increase,top5,Top 5,top-5 superstar concentration,0.02339698024095846,0.01819318542249257,-0.006937174900240262,-0.008520593630020667
USA,USA,842,gini,2000,2024,0.8524486470220954,0.8657454624993711,0.01329681547727568,increase,top5,Top 5,top-5 superstar concentration,-0.06805189773532491,0.04012819498484632,0.023338385776479786,0.01788213245127443
Uganda,UGA,800,gini,2000,2024,0.901271832058871,0.9275297821108176,0.026257950051946644,increase,top5,Top 5,top-5 superstar concentration,0.24333935260052036,-0.13874172072114765,-0.05580143676225155,-0.022538245065174378
Ukraine,UKR,804,gini,2000,2024,0.8428775069774288,0.8480689542981156,0.005191447320686771,increase,rank201_plus,Rank 201+ tail,long-tail compression or expansion,-0.001528232569271093,-0.01599538077613813,-0.00117294542458668,0.023888006090682645
United Arab Emirates,ARE,784,gini,2005,2023,0.8778033178425454,0.9207012384126484,0.042897920570103,increase,top5,Top 5,top-5 superstar concentration,0.15754757057389385,-0.025898027246255756,-0.04166679008069496,-0.04708483267684038
United Kingdom,GBR,826,gini,2000,2024,0.8219111833113729,0.8619712348833378,0.040060051571964905,increase,rank6_50,Ranks 6-50,broader upper-tier concentration,0.027052828842692334,0.028876271015794208,-0.0026682002376426095,-0.013200848048878777
United Rep. of Tanzania,TZA,834,gini,2000,2024,0.8818620627674134,0.8964070134689995,0.014544950701586123,increase,top5,Top 5,top-5 superstar concentration,-0.039891504517817394,0.00047115627280269745,0.03818243215356393,0.015782866793037142
Uruguay,URY,858,gini,2000,2024,0.8292065423233854,0.8619584669388229,0.03275192461543752,increase,rank6_50,Ranks 6-50,broader upper-tier concentration,0.0068592497558694066,0.023482841789189857,-0.0011574797295762496,0.003567312799954564
Viet Nam,VNM,704,gini,2000,2023,0.8133461953510942,0.8579342724361938,0.0445880770850996,increase,rank201_plus,Rank 201+ tail,long-tail compression or expansion,-0.08266305829692096,0.003656411765424805,0.01411845843943585,0.10947626517716
Zambia,ZMB,894,gini,2000,2024,0.8650226234206982,0.9016560551091002,0.03663343168840194,increase,rank6_50,Ranks 6-50,broader upper-tier concentration,-0.08418325333135764,0.08622913836619511,0.04401488513101254,-0.009427338477447866
Zimbabwe,ZWE,716,gini,2000,2024,0.8534277233141794,0.8975437130837228,0.04411598976954345,increase,top5,Top 5,top-5 superstar concentration,0.06336064681678032,-0.03115749220292069,0.03264473739900742,-0.020731902243323858
Albania,ALB,8,hhi,2000,2024,0.007947764082963282,0.006165747378589749,-0.0017820167043735326,decrease,rank6_50,Ranks 6-50,broader upper-tier concentration,-0.0007181010718810667,-0.0012010495935367493,0.0001022455147757595,3.488844626852286e-05
Algeria,DZA,12,hhi,2000,2024,0.014437724569096304,0.007871207317871685,-0.006566517251224618,decrease,top5,Top 5,top-5 superstar concentration,-0.005670076620139406,-0.001046751060866442,0.00012055281332308462,2.9757616458147055e-05
Andorra,AND,20,hhi,2000,2023,0.007849164508351653,0.009760577000622588,0.0019114124922709353,increase,top5,Top 5,top-5 superstar concentration,0.0019185428084849904,5.647583712784735e-05,-4.7915811307482395e-05,-1.5690342034418902e-05
Angola,AGO,24,hhi,2004,2024,0.006548626118798328,0.005987173558354802,-0.0005614525604435263,decrease,rank6_50,Ranks 6-50,broader upper-tier concentration,2.941397696342666e-05,-0.0005395820740494292,-7.965320499971789e-05,2.8368741642194472e-05
Antigua and Barbuda,ATG,28,hhi,2000,2024,0.0056564644204807855,0.005206603390930742,-0.00044986102955004315,decrease,top5,Top 5,top-5 superstar concentration,-0.0005170410872056309,3.8330128273650864e-05,1.4689648769084375e-05,1.4160280612852196e-05
Argentina,ARG,32,hhi,2000,2024,0.003868676119232769,0.0074600737980712985,0.0035913976788385293,increase,top5,Top 5,top-5 superstar concentration,0.0030404763851714298,0.0004925717072755652,0.0001032897121320841,-4.494012574055012e-05
Armenia,ARM,51,hhi,2000,2024,0.044752046943240704,0.15168917440123514,0.10693712745799444,increase,top5,Top 5,top-5 superstar concentration,0.10899319354289719,-0.0019402521314226394,-0.00011196567625894086,-3.8482772211894325e-06
Aruba,ABW,533,hhi,2005,2023,0.0401261358127245,0.007504508366172205,-0.032621627446552295,decrease,top5,Top 5,top-5 superstar concentration,-0.023343800058261546,-0.009827226295754643,0.00041187377334928673,0.00013752513411460638
Australia,AUS,36,hhi,2000,2024,0.0075400994691375,0.006525544124565381,-0.0010145553445721194,decrease,top5,Top 5,top-5 superstar concentration,-0.0012371092926090933,0.00016650204301647928,5.0850291175195245e-05,5.201613845300389e-06
Austria,AUT,40,hhi,2000,2024,0.004248273124724954,0.003644270222992555,-0.0006040029017323986,decrease,top5,Top 5,top-5 superstar concentration,-0.0006050038229233586,-6.860485000735931e-05,6.0508107647380834e-05,9.097663550936864e-06
Azerbaijan,AZE,31,hhi,2000,2024,0.015714656858589155,0.035162833670361715,0.01944817681177256,increase,top5,Top 5,top-5 superstar concentration,0.02154083189448889,-0.00196936226852885,-0.00015107529451272375,2.778248032525063e-05
Bahamas,BHS,44,hhi,2000,2024,0.0040232568436250424,0.004252118035015001,0.0002288611913899589,increase,top5,Top 5,top-5 superstar concentration,0.0002968394140498436,-5.9172598971427275e-05,-9.308371005783901e-06,5.027473173267174e-07
Bahrain,BHR,48,hhi,2000,2024,0.013972040240054577,0.025594803204147684,0.011622762964093107,increase,top5,Top 5,top-5 superstar concentration,0.011039528861842144,0.0007731139000207007,-0.00015945845686072434,-3.0421340909010086e-05
Barbados,BRB,52,hhi,2000,2024,0.004535363907049937,0.004034298779568785,-0.0005010651274811517,decrease,top5,Top 5,top-5 superstar concentration,-0.0005526284088527892,2.4161671309241893e-05,2.5226587472744434e-05,2.175022589651272e-06
Belarus,BLR,112,hhi,2000,2021,0.003592781598837592,0.002616410840130285,-0.0009763707587073073,decrease,top5,Top 5,top-5 superstar concentration,-0.0008260629926334303,-0.00022677420862361828,3.885554634793604e-05,3.761089620180462e-05
Belgium,BEL,56,hhi,2000,2024,0.00809138211245443,0.009100657538293408,0.0010092754258389774,increase,top5,Top 5,top-5 superstar concentration,0.0005980694586193167,0.0004070034596789355,2.0056608305355807e-05,-1.5854100764630622e-05
Belize,BLZ,84,hhi,2000,2024,0.015320516847120469,0.005165552585745703,-0.010154964261374765,decrease,top5,Top 5,top-5 superstar concentration,-0.009304199760720633,-0.001093327424408238,0.0001747440646430484,6.78188591110586e-05
Benin,BEN,204,hhi,2000,2024,0.017957807388840463,0.05894176081932766,0.04098395343048719,increase,top5,Top 5,top-5 superstar concentration,0.0434061172366919,-0.002312337540383151,-0.00012012252148585196,1.0296255664295355e-05
Bermuda,BMU,60,hhi,2010,2024,0.015980110090536594,0.017369560520962713,0.0013894504304261188,increase,top5,Top 5,top-5 superstar concentration,0.0018087216392481432,-0.0004177767233598947,-2.0268996227200983e-05,1.8774510765072943e-05
Bolivia (Plurinational State of),BOL,68,hhi,2000,2024,0.00835523600433864,0.004161239657714815,-0.004193996346623826,decrease,top5,Top 5,top-5 superstar concentration,-0.004154088002823914,-0.00017161997935632696,8.262634278665738e-05,4.908529276975406e-05
Bosnia Herzegovina,BIH,70,hhi,2003,2024,0.004381341720750733,0.0036293585936422504,-0.0007519831271084825,decrease,rank6_50,Ranks 6-50,broader upper-tier concentration,0.00013799662932396863,-0.000957400918525585,3.816947950597568e-05,2.9251682587157365e-05
Botswana,BWA,72,hhi,2000,2023,0.01010595797890675,0.016003447843277813,0.005897489864371063,increase,top5,Top 5,top-5 superstar concentration,0.005827349561717007,6.262929411059745e-05,4.9535912090175325e-05,-4.202490354671324e-05
Brazil,BRA,76,hhi,2000,2024,0.005282679359679759,0.004552905488449165,-0.0007297738712305941,decrease,top5,Top 5,top-5 superstar concentration,-0.0009923375582639646,0.00020752055946544803,6.377579997398941e-05,-8.732672406065164e-06
Brunei Darussalam,BRN,96,hhi,2001,2024,0.008138172880734491,0.006913748025222705,-0.0012244248555117864,decrease,top5,Top 5,top-5 superstar concentration,-0.0011156785796391133,-0.0001649497814910049,4.6915385807124875e-05,9.288119811208585e-06
Bulgaria,BGR,100,hhi,2000,2024,0.005629182259137935,0.006826941996740161,0.0011977597376022263,increase,top5,Top 5,top-5 superstar concentration,0.00132143180762374,-0.00011867308325901548,2.3629277722361005e-06,-7.361914534735647e-06
Burkina Faso,BFA,854,hhi,2000,2024,0.022041025742141142,0.011379378960780234,-0.010661646781360909,decrease,top5,Top 5,top-5 superstar concentration,-0.008924669600883839,-0.0019748619741716085,0.00020279927864777546,3.508551504676094e-05
Burundi,BDI,108,hhi,2000,2023,0.02599424570303748,0.012179590273659226,-0.013814655429378256,decrease,top5,Top 5,top-5 superstar concentration,-0.013874332573392155,-0.00015353181890971363,0.00019871808720844442,1.449087571516336e-05
Cabo Verde,CPV,132,hhi,2000,2024,0.009183820069755218,0.006314969572452925,-0.002868850497302293,decrease,top5,Top 5,top-5 superstar concentration,-0.0016519345568264086,-0.0012828439137799398,1.6737024904851252e-05,4.9190948399201886e-05
Cambodia,KHM,116,hhi,2000,2024,0.05046857315989766,0.012471071242757967,-0.037997501917139694,decrease,top5,Top 5,top-5 superstar concentration,-0.03645711843999569,-0.0020004339905491816,0.0003675993704467692,9.245114295841137e-05
Cameroon,CMR,120,hhi,2000,2023,0.010408158503509513,0.01238329236362877,0.0019751338601192575,increase,top5,Top 5,top-5 superstar concentration,0.00316856470975326,-0.0012328441231188717,2.267749766423201e-05,1.6735775820635214e-05
Canada,CAN,124,hhi,2000,2024,0.008541755804313335,0.005096407069266351,-0.0034453487350469833,decrease,top5,Top 5,top-5 superstar concentration,-0.002985913182725112,-0.0006249951809646479,0.00013331762470343713,3.2242003939340154e-05
Central African Rep.,CAF,140,hhi,2000,2024,0.025287810318073964,0.018582617779341774,-0.0067051925387321895,decrease,top5,Top 5,top-5 superstar concentration,-0.003932019013917577,-0.002842925886155794,4.1187157662527765e-05,2.8565203678659837e-05
Chile,CHL,152,hhi,2000,2024,0.004290211015877425,0.004201947069451549,-8.826394642587592e-05,decrease,top5,Top 5,top-5 superstar concentration,-0.0001995447267206579,1.4668619436457872e-05,0.00010545508337709631,-8.842922518773267e-06
China,CHN,156,hhi,2000,2024,0.0039297150710828265,0.01651192912207796,0.012582214050995133,increase,top5,Top 5,top-5 superstar concentration,0.012364755513887481,0.00044991752901758016,-0.00015869030343955204,-7.376868847037083e-05
"China, Hong Kong SAR",HKG,344,hhi,2000,2024,0.006617447976446178,0.0412616301061729,0.03464418212972672,increase,top5,Top 5,top-5 superstar concentration,0.032549500119801164,0.002505069065781792,-0.0002814410132593628,-0.0001289460425968551
"China, Macao SAR",MAC,446,hhi,2000,2024,0.011753146916516676,0.03223688631831301,0.020483739401796333,increase,top5,Top 5,top-5 superstar concentration,0.022178786265977184,-0.001468875157475983,-0.00020051575985152395,-2.5655946853341674e-05
Colombia,COL,170,hhi,2000,2024,0.004036041687946012,0.005840465791338493,0.001804424103392481,increase,top5,Top 5,top-5 superstar concentration,0.0021814435892748923,-0.00031316061582773846,-6.10422443868348e-05,-2.8166256678401774e-06
Comoros,COM,174,hhi,2000,2023,0.05963524393599843,0.03560420830789092,-0.02403103562810751,decrease,top5,Top 5,top-5 superstar concentration,-0.02494481857139472,0.0008374596231511041,6.697930427222514e-05,9.344015863891166e-06
Costa Rica,CRI,188,hhi,2000,2024,0.013075653145457354,0.0049974444894981904,-0.008078208655959164,decrease,top5,Top 5,top-5 superstar concentration,-0.008737584457625626,0.0005148726166231078,0.00012429856731514517,2.0204617728209037e-05
Croatia,HRV,191,hhi,2000,2024,0.00605903398141001,0.0035978721631429573,-0.0024611618182670525,decrease,top5,Top 5,top-5 superstar concentration,-0.002685236840014777,0.00010481603535174961,9.131896946849459e-05,2.794001692747836e-05
Cyprus,CYP,196,hhi,2000,2024,0.01731673941576802,0.009293322662929896,-0.008023416752838122,decrease,top5,Top 5,top-5 superstar concentration,-0.009404344064993764,0.0013356854962528696,5.7931797893649424e-05,-1.2689981990877082e-05
Czechia,CZE,203,hhi,2000,2024,0.0021808200457332882,0.007065993936559737,0.004885173890826449,increase,top5,Top 5,top-5 superstar concentration,0.0038062145704229507,0.0012284349011520853,-5.9459146828050845e-05,-9.001643392053487e-05
Côte d'Ivoire,CIV,384,hhi,2000,2024,0.01118771340309846,0.010034359652740035,-0.001153353750358424,decrease,top5,Top 5,top-5 superstar concentration,-0.0007553482494153385,-0.00048576356837910046,7.280490217621643e-05,1.4953165259798499e-05
Denmark,DNK,208,hhi,2000,2024,0.003053070465980654,0.004797688275153269,0.0017446178091726147,increase,top5,Top 5,top-5 superstar concentration,0.0016290383442913422,6.702286576506394e-05,6.64991973705758e-05,-1.7942598254368014e-05
Dominica,DMA,212,hhi,2000,2023,0.006054424197566831,0.005854447216650997,-0.00019997698091583395,decrease,rank6_50,Ranks 6-50,broader upper-tier concentration,0.0002110253860630549,-0.000317817148863332,-0.00011564001102637336,2.2454792910817325e-05
Dominican Rep.,DOM,214,hhi,2001,2024,0.01286330290608096,0.005582653530051544,-0.007280649376029416,decrease,top5,Top 5,top-5 superstar concentration,-0.007089180168300664,-0.00025960988309341377,4.0659636062492734e-05,2.7481039302167616e-05
Ecuador,ECU,218,hhi,2000,2024,0.0040848204224069335,0.014156307838423796,0.010071487416016862,increase,top5,Top 5,top-5 superstar concentration,0.010561089664246903,-0.00039051341999460755,-5.5101620847077904e-05,-4.3987207388356675e-05
Egypt,EGY,818,hhi,2000,2024,0.012730543372860859,0.009970891436471634,-0.002759651936389225,decrease,top5,Top 5,top-5 superstar concentration,-0.0034593726456676136,0.0007026855890368278,-2.8731059466123696e-05,2.5766179707688343e-05
El Salvador,SLV,222,hhi,2000,2024,0.006837038770739812,0.00490809122151607,-0.0019289475492237423,decrease,top5,Top 5,top-5 superstar concentration,-0.0014880813637990118,-0.0005404423855840293,9.286042570505557e-05,6.715774454244813e-06
Estonia,EST,233,hhi,2000,2024,0.008710001103252643,0.0053351277323757445,-0.0033748733708768982,decrease,top5,Top 5,top-5 superstar concentration,-0.003240027700006978,-0.00021282589136242206,5.089600196457188e-05,2.7084218527929368e-05
Eswatini,SWZ,748,hhi,2000,2023,0.0074378798575251304,0.00428790335195154,-0.0031499765055735904,decrease,top5,Top 5,top-5 superstar concentration,-0.003295081615585153,9.598778866463063e-06,0.00010904120692148205,2.6465124223617922e-05
Ethiopia,ETH,231,hhi,2000,2023,0.008185847603684054,0.008878453454479266,0.0006926058507952127,increase,top5,Top 5,top-5 superstar concentration,0.0005926952898597047,9.774103790909355e-05,2.2798437321915966e-05,-2.062891429550021e-05
Fiji,FJI,242,hhi,2002,2024,0.0062768601717807515,0.005733715679140442,-0.0005431444926403094,decrease,top5,Top 5,top-5 superstar concentration,-0.0010741544532759236,0.0005449241731610732,-1.708130969714245e-06,-1.2206081555745431e-05
Finland,FIN,246,hhi,2000,2024,0.005313617064135453,0.004375598842871425,-0.0009380182212640276,decrease,top5,Top 5,top-5 superstar concentration,-0.0011769475164353713,0.0001607567673815233,7.922283905980102e-05,-1.05031126998117e-06
France,FRA,251,hhi,2000,2024,0.004132064379930989,0.003572891092764302,-0.0005591732871666872,decrease,top5,Top 5,top-5 superstar concentration,-0.0011787232103916477,0.0005827678858537507,3.897687484345324e-05,-2.1948374722417687e-06
French Polynesia,PYF,258,hhi,2000,2024,0.0048097096194941015,0.008123692091827584,0.0033139824723334823,increase,top5,Top 5,top-5 superstar concentration,0.003294894787714285,6.173388611475927e-05,-3.930105287070114e-05,-3.3451486248594925e-06
Gabon,GAB,266,hhi,2000,2023,0.010045464974108203,0.04135754602973404,0.031312081055625836,increase,top5,Top 5,top-5 superstar concentration,0.03203350911363658,-0.00046377052629222905,-0.00022984086626107018,-2.7816665457442764e-05
Gambia,GMB,270,hhi,2000,2024,0.02182845587983402,0.02994196957746626,0.00811351369763224,increase,top5,Top 5,top-5 superstar concentration,0.008037993755567869,0.00017399331815398655,-9.964349575672675e-05,1.1701196671113343e-06
Georgia,GEO,268,hhi,2000,2024,0.01698529231139884,0.022711346872413746,0.005726054561014906,increase,top5,Top 5,top-5 superstar concentration,0.008405282361167506,-0.0027340302793720066,1.918673975948883e-05,3.561573945991095e-05
Germany,DEU,276,hhi,2000,2024,0.004871964485990119,0.004163296367059958,-0.0007086681189301608,decrease,top5,Top 5,top-5 superstar concentration,-0.0009609134162826701,0.00015970716238535672,9.140512656584528e-05,1.1330084013071607e-06
Ghana,GHA,288,hhi,2000,2023,0.012284783971315324,0.006268765537969101,-0.006016018433346223,decrease,top5,Top 5,top-5 superstar concentration,-0.006469930181991934,0.0003258704267976903,0.0001000145345206897,2.802678732733006e-05
Greece,GRC,300,hhi,2000,2024,0.007787780854100534,0.0046709395692551125,-0.003116841284845421,decrease,top5,Top 5,top-5 superstar concentration,-0.0033657138425137872,0.00012865456119939768,0.00010077049459202003,1.944750187694638e-05
Greenland,GRL,304,hhi,2000,2018,0.01232242732241084,0.02321232452784267,0.010889897205431829,increase,top5,Top 5,top-5 superstar concentration,0.011585706004099422,-0.0006329199483134007,-6.095596630507785e-05,-1.9328840491147914e-06
Grenada,GRD,308,hhi,2000,2024,0.0063021249906426305,0.005357244701982405,-0.0009448802886602254,decrease,rank6_50,Ranks 6-50,broader upper-tier concentration,-0.00015774676446780704,-0.0007995090964245375,-4.002414717489114e-05,5.239971940701143e-05
Guatemala,GTM,320,hhi,2000,2024,0.0059183237915378115,0.005133598407668234,-0.0007847253838695776,decrease,top5,Top 5,top-5 superstar concentration,-0.0007836823563509739,-9.372617981454794e-05,8.907984953517836e-05,3.603302760767275e-06
Guyana,GUY,328,hhi,2000,2024,0.00462477073497428,0.01378936339012756,0.00916459265515328,increase,top5,Top 5,top-5 superstar concentration,0.008656562827837474,0.0008397521503467624,-0.0002681322368291051,-6.359008620185038e-05
Honduras,HND,340,hhi,2000,2024,0.005357563560236955,0.007556481223997286,0.0021989176637603313,increase,top5,Top 5,top-5 superstar concentration,0.002195717104143183,1.2442241725679933e-05,7.563692804859307e-06,-1.680537491339132e-05
Hungary,HUN,348,hhi,2000,2024,0.006774292737844167,0.005329697476015032,-0.0014445952618291355,decrease,top5,Top 5,top-5 superstar concentration,-0.00192495501990188,0.0003812262442888471,0.00010685444755326656,-7.720933769367967e-06
Iceland,ISL,352,hhi,2000,2024,0.0094304296684266,0.015052628394488683,0.005622198726062084,increase,top5,Top 5,top-5 superstar concentration,0.005610911956753452,5.652836508121192e-05,-1.7439618035065515e-05,-2.7801977737518404e-05
India,IND,699,hhi,2000,2024,0.04589479954446468,0.020212719463080193,-0.02568208008138449,decrease,top5,Top 5,top-5 superstar concentration,-0.025463805905895268,-0.00041763537566187614,0.00014896040518064683,5.040079499199499e-05
Indonesia,IDN,360,hhi,2000,2024,0.005381724267699062,0.0035394120458233204,-0.0018423122218757413,decrease,top5,Top 5,top-5 superstar concentration,-0.0015107489431258885,-0.0003641742491392525,3.955187129239769e-06,2.8655783260158653e-05
Iran,IRN,364,hhi,2000,2022,0.01165663724501582,0.013432783691978535,0.0017761464469627161,increase,top5,Top 5,top-5 superstar concentration,0.0018577139186002293,3.870030169357075e-05,-0.0001231964278876671,2.92865455658257e-06
Ireland,IRL,372,hhi,2000,2024,0.019427669590798568,0.0284781140736862,0.00905044448288763,increase,top5,Top 5,top-5 superstar concentration,0.0088061719821751,0.00024231916559139992,3.5354804685955646e-05,-3.340146956482473e-05
Israel,ISR,376,hhi,2000,2024,0.04483117610965591,0.005530274259253794,-0.039300901850402116,decrease,top5,Top 5,top-5 superstar concentration,-0.040166805357457015,0.0005260936272243394,0.00026908679368875543,7.072308614179416e-05
Italy,ITA,380,hhi,2000,2024,0.005030619286557146,0.004333687403315945,-0.0006969318832412011,decrease,top5,Top 5,top-5 superstar concentration,-0.001133633260306609,0.00038419375697818143,4.693773988723328e-05,5.5698801999924826e-06
Jamaica,JAM,388,hhi,2000,2024,0.006551554841435218,0.006744125939112936,0.00019257109767771823,increase,top5,Top 5,top-5 superstar concentration,0.0004555606610766737,-0.00033457948152045935,5.9159945456183755e-05,1.2429972665321088e-05
Japan,JPN,392,hhi,2000,2024,0.007658883608585451,0.0054804271184972966,-0.0021784564900881546,decrease,top5,Top 5,top-5 superstar concentration,-0.0019020498658896007,-0.00035252288614884774,5.259934151982296e-05,2.3516920430471325e-05
Jordan,JOR,400,hhi,2000,2024,0.011580362377675771,0.010184902885577446,-0.0013954594920983256,decrease,top5,Top 5,top-5 superstar concentration,-0.00086354104226376,-0.0006284061191438252,7.168875373312868e-05,2.4798915576129468e-05
Kazakhstan,KAZ,398,hhi,2000,2024,0.07264710006009872,0.004493014115432876,-0.06815408594466585,decrease,top5,Top 5,top-5 superstar concentration,-0.06281394365927188,-0.005930345860706998,0.00040479038318895526,0.00018541319212407218
Kenya,KEN,404,hhi,2000,2024,0.008195804528626217,0.008767500558519813,0.0005716960298935963,increase,top5,Top 5,top-5 superstar concentration,0.0014013775181420472,-0.0008851517113876257,3.962729513603099e-05,1.584292800314456e-05
Kuwait,KWT,414,hhi,2000,2024,0.008634680184732943,0.012161249642361482,0.0035265694576285395,increase,top5,Top 5,top-5 superstar concentration,0.004339600241159084,-0.0005089653814245084,-0.0003043816458788304,3.162437727937279e-07
Kyrgyzstan,KGZ,417,hhi,2000,2024,0.011801072143594332,0.02340054118697103,0.011599469043376697,increase,top5,Top 5,top-5 superstar concentration,0.01084486800104087,0.0010157954199515075,-0.0002271776636449162,-3.401671397075915e-05
Latvia,LVA,428,hhi,2000,2024,0.002719679324062051,0.004726382320380055,0.002006702996318004,increase,top5,Top 5,top-5 superstar concentration,0.001812105836951597,0.00032776110955430365,-8.625832548718698e-05,-4.69056247007094e-05
Lebanon,LBN,422,hhi,2000,2024,0.01427332254633236,0.03719563522961238,0.022922312683280023,increase,top5,Top 5,top-5 superstar concentration,0.0227307760549005,0.00020405988392172025,2.853048732814038e-05,-4.105374287032018e-05
Lesotho,LSO,426,hhi,2000,2024,0.008458229572546072,0.005750861580462204,-0.0027073679920838686,decrease,top5,Top 5,top-5 superstar concentration,-0.0015447497493691945,-0.001081485386970016,-0.000142986989142747,6.185413339809103e-05
Lithuania,LTU,440,hhi,2000,2024,0.004053993345497477,0.004748646272993064,0.0006946529274955877,increase,top5,Top 5,top-5 superstar concentration,0.0006975563758171506,4.702491723596741e-05,-2.5730791640425806e-05,-2.4197573917105326e-05
Luxembourg,LUX,442,hhi,2000,2024,0.008752343265879247,0.006582507009900716,-0.0021698362559785305,decrease,top5,Top 5,top-5 superstar concentration,-0.0022886624978784376,7.352223086436703e-05,3.609777109105962e-05,9.206239944480022e-06
Madagascar,MDG,450,hhi,2000,2024,0.011841468448037072,0.0083205446839917,-0.0035209237640453726,decrease,top5,Top 5,top-5 superstar concentration,-0.003704334877154906,9.524973351581574e-05,7.114379096293232e-05,1.701758863078637e-05
Malawi,MWI,454,hhi,2000,2024,0.008396317974164907,0.010765472350963156,0.002369154376798249,increase,top5,Top 5,top-5 superstar concentration,0.0023217332914088904,0.0002228214205128344,-0.00017188024037590095,-3.5200947475760706e-06
Malaysia,MYS,458,hhi,2000,2024,0.014059163329937938,0.006642315842772878,-0.00741684748716506,decrease,top5,Top 5,top-5 superstar concentration,-0.0070648797600735055,-0.0004882955460932294,9.428513192633238e-05,4.204268707534528e-05
Maldives,MDV,462,hhi,2000,2024,0.007779631309197319,0.004493277138205793,-0.0032863541709915265,decrease,top5,Top 5,top-5 superstar concentration,-0.002718850043674041,-0.0006394018509773237,4.048099398624972e-05,3.1416729673589534e-05
Mali,MLI,466,hhi,2000,2023,0.01171838133600275,0.011684950728366011,-3.343060763673876e-05,decrease,rank6_50,Ranks 6-50,broader upper-tier concentration,0.00018324605913965127,-0.00024096599137277,2.15479445330115e-05,2.7413800633660257e-06
Malta,MLT,470,hhi,2000,2024,0.2189589935071093,0.021337741470920837,-0.19762125203618847,decrease,top5,Top 5,top-5 superstar concentration,-0.19913725417033057,0.0012758791081965586,0.00019932560365053785,4.0797422294969375e-05
Mauritania,MRT,478,hhi,2000,2024,0.022900300967761286,0.02537394137385175,0.0024736404060904625,increase,top5,Top 5,top-5 superstar concentration,0.004999118703682907,-0.0025421380143167915,-1.0480116430737875e-06,1.7707728367414286e-05
Mauritius,MUS,480,hhi,2000,2024,0.004454006230810029,0.006167049009618171,0.0017130427788081418,increase,top5,Top 5,top-5 superstar concentration,0.001758066103560032,5.7490660044656836e-05,-7.959369723109337e-05,-2.2920287565455095e-05
Mexico,MEX,484,hhi,2000,2024,0.0049061591782613,0.005254155202929947,0.00034799602466864706,increase,top5,Top 5,top-5 superstar concentration,0.00013158032099387,0.0001132771916460564,0.00010084140291028283,2.2971091184393905e-06
Mongolia,MNG,496,hhi,2000,2023,0.010936915839947423,0.008722595897917018,-0.0022143199420304044,decrease,rank6_50,Ranks 6-50,broader upper-tier concentration,-0.0007197620692069922,-0.0014753886728879478,-6.586394359996053e-05,4.669474366449374e-05
Montenegro,MNE,499,hhi,2006,2024,0.00628111741399387,0.005396049225968381,-0.0008850681880254885,decrease,top5,Top 5,top-5 superstar concentration,-0.0008132079311077688,-0.00012071050390474259,5.1318580312193765e-05,-2.4683333251694585e-06
Montserrat,MSR,500,hhi,2000,2024,0.0159786965053888,0.004433495409235297,-0.011545201096153503,decrease,top5,Top 5,top-5 superstar concentration,-0.009697483546512602,-0.002053063714647741,9.619661119359064e-05,0.00010914955381324733
Morocco,MAR,504,hhi,2000,2024,0.006868540581515051,0.006651336503418073,-0.00021720407809697802,decrease,top5,Top 5,top-5 superstar concentration,-0.0011246033375441294,0.0008992720959753423,2.5424487588852126e-05,-1.729732411704396e-05
Mozambique,MOZ,508,hhi,2000,2024,0.013449397463695245,0.009865837055793221,-0.003583560407902024,decrease,top5,Top 5,top-5 superstar concentration,-0.0036276800816816253,0.00011674160286799214,-8.882967375113438e-05,1.620774466274938e-05
Namibia,NAM,516,hhi,2000,2024,0.014185793788697124,0.008492171403513852,-0.005693622385183271,decrease,top5,Top 5,top-5 superstar concentration,-0.006338351191103022,0.0005714839180723796,9.40425752014672e-05,-2.0797687354096896e-05
Netherlands,NLD,528,hhi,2000,2024,0.007495138179696341,0.003603970503007296,-0.003891167676689045,decrease,top5,Top 5,top-5 superstar concentration,-0.004635268077283086,0.0006385831774142808,0.00010042571309877107,5.091510080991506e-06
New Zealand,NZL,554,hhi,2000,2024,0.008435609026771903,0.005262219255400466,-0.0031733897713714368,decrease,top5,Top 5,top-5 superstar concentration,-0.00356782221819339,0.000317241324988548,7.130417781613108e-05,5.886944017276436e-06
Nicaragua,NIC,558,hhi,2000,2024,0.004832913768407854,0.008511555844899732,0.003678642076491878,increase,top5,Top 5,top-5 superstar concentration,0.0035755523996888958,0.00023022693497122201,-8.69665013699273e-05,-4.017075679831079e-05
Niger,NER,562,hhi,2000,2024,0.0297725022046962,0.028695751564311762,-0.0010767506403844378,decrease,top5,Top 5,top-5 superstar concentration,-0.0006577685401892158,-0.0004473580468806063,2.083708106325995e-05,7.538865622111565e-06
Nigeria,NGA,566,hhi,2000,2024,0.00965165311019831,0.006028133684559397,-0.0036235194256389134,decrease,top5,Top 5,top-5 superstar concentration,-0.0024573595200986114,-0.0012874886229924751,7.437554909223447e-05,4.695316835993962e-05
North Macedonia,MKD,807,hhi,2000,2024,0.004610573859363979,0.009363559375706942,0.004752985516342963,increase,top5,Top 5,top-5 superstar concentration,0.005134065300778505,-0.0002649117850359059,-9.212586315081192e-05,-2.404213624882396e-05
Norway,NOR,579,hhi,2000,2024,0.008197317336782927,0.006575364256713606,-0.0016219530800693207,decrease,top5,Top 5,top-5 superstar concentration,-0.0013301358584859157,-0.0003971319867938877,8.579216824289217e-05,1.9522596967591632e-05
Oman,OMN,512,hhi,2000,2024,0.024462274127511376,0.007826934286221221,-0.016635339841290155,decrease,top5,Top 5,top-5 superstar concentration,-0.016772428054703945,5.101942242620623e-05,3.647540228297961e-05,4.959338870460445e-05
Pakistan,PAK,586,hhi,2003,2024,0.010045294997698141,0.015679596369330324,0.005634301371632183,increase,top5,Top 5,top-5 superstar concentration,0.005505817194894079,0.00026262217699023985,-0.00011198671414573041,-2.2151286106404056e-05
Panama,PAN,591,hhi,2000,2024,0.005219508427704084,0.006757637339436277,0.001538128911732193,increase,top5,Top 5,top-5 superstar concentration,0.0019423593629888888,-0.0005023636903394126,0.00011297076212602136,-1.4837523043306576e-05
Paraguay,PRY,600,hhi,2000,2024,0.009676536325114041,0.011310080418543414,0.0016335440934293725,increase,top5,Top 5,top-5 superstar concentration,0.0019216634220652748,-0.00017725062064641306,-0.00012041931480534241,9.55060681585031e-06
Peru,PER,604,hhi,2000,2024,0.004530892537052238,0.004233844923709638,-0.00029704761334259974,decrease,top5,Top 5,top-5 superstar concentration,-0.00021898250126844879,-0.00010989396610815204,2.5324776088275747e-05,6.5040779457237186e-06
Philippines,PHL,608,hhi,2000,2024,0.004488541296366665,0.005047893644950052,0.0005593523485833869,increase,rank6_50,Ranks 6-50,broader upper-tier concentration,0.00012837849474931049,0.0004933917839218757,-5.343235351920622e-05,-8.985576568592277e-06
Poland,POL,616,hhi,2000,2024,0.002711542867539391,0.003060261681943188,0.00034871881440379704,increase,rank6_50,Ranks 6-50,broader upper-tier concentration,0.00012823607491252898,0.00017741976352710336,6.897579520738083e-05,-2.5912819243215562e-05
Portugal,PRT,620,hhi,2000,2024,0.005486316360085089,0.003422663646385067,-0.0020636527137000223,decrease,top5,Top 5,top-5 superstar concentration,-0.002198725323202623,7.172126470378652e-05,4.9523799406805556e-05,1.3827545392008575e-05
Qatar,QAT,634,hhi,2000,2024,0.016946280218692277,0.009114736098666651,-0.007831544120025626,decrease,top5,Top 5,top-5 superstar concentration,-0.008035601149659713,0.0002994195939989893,-0.00010503906618955554,9.676501824655459e-06
Rep. of Korea,KOR,410,hhi,2000,2024,0.019195453500276592,0.003598144648711635,-0.015597308851564958,decrease,top5,Top 5,top-5 superstar concentration,-0.01621595032298616,0.00043188665196647585,0.00013635432422116065,5.040049523355957e-05
Rep. of Moldova,MDA,498,hhi,2000,2024,0.016070783883029058,0.0040005746284605135,-0.012070209254568545,decrease,top5,Top 5,top-5 superstar concentration,-0.011940668675584737,-0.00016526542080580746,-2.0243118350188674e-05,5.596796017219154e-05
Romania,ROU,642,hhi,2000,2024,0.0028610438977175194,0.0037289489483617365,0.0008679050506442171,increase,top5,Top 5,top-5 superstar concentration,0.0011666891504888907,-0.00017700089563285355,-0.00013294532715421505,1.1162122942395521e-05
Russian Federation,RUS,643,hhi,2000,2021,0.005374460854513664,0.0037907265340999304,-0.0015837343204137336,decrease,top5,Top 5,top-5 superstar concentration,-0.0013308358952013283,-0.00025194161618900335,-2.936478899767908e-05,2.840797997427839e-05
Rwanda,RWA,646,hhi,2001,2022,0.030191818960784607,0.021842722960070535,-0.008349096000714071,decrease,top5,Top 5,top-5 superstar concentration,-0.006405178238316794,-0.0021006182749033543,0.00011585898506404145,4.0841527442040934e-05
Saint Lucia,LCA,662,hhi,2000,2020,0.005206770081362473,0.005223811275343168,1.704119398069498e-05,increase,top5,Top 5,top-5 superstar concentration,-0.00027457248174472555,0.0002663748857012734,3.489628750416227e-05,-9.657497480011822e-06
Saint Vincent and the Grenadines,VCT,670,hhi,2000,2023,0.0077535427917759985,0.0052198124894514255,-0.002533730302324573,decrease,top5,Top 5,top-5 superstar concentration,-0.0017287366653192552,-0.0009202081182038298,6.464978479807186e-05,5.056469640043958e-05
Samoa,WSM,882,hhi,2001,2024,0.008714955104472358,0.008402586371172046,-0.00031236873330031147,decrease,rank6_50,Ranks 6-50,broader upper-tier concentration,0.0011399202105229463,-0.0014519632248742626,-2.6494761740338837e-05,2.6169042791343128e-05
Sao Tome and Principe,STP,678,hhi,2000,2023,0.022366719271910977,0.02222640535751289,-0.00014031391439808805,decrease,rank6_50,Ranks 6-50,broader upper-tier concentration,0.003877115779930827,-0.003982157626967131,-8.588692788982088e-05,5.061486052803433e-05
Saudi Arabia,SAU,682,hhi,2000,2024,0.012448521782679854,0.009651220077213392,-0.0027973017054664616,decrease,top5,Top 5,top-5 superstar concentration,-0.002088301858244653,-0.0007650813283665077,3.399739025357969e-05,2.208409089112396e-05
Senegal,SEN,686,hhi,2000,2024,0.01609782149042738,0.010812695848764457,-0.005285125641662924,decrease,top5,Top 5,top-5 superstar concentration,-0.005153429006120161,-0.00018418024961105312,4.64320149651706e-05,6.051599103118379e-06
Serbia,SRB,688,hhi,2006,2024,0.0036667438315660544,0.003937721804687692,0.0002709779731216379,increase,top5,Top 5,top-5 superstar concentration,0.0006423944661022481,-0.0004704740549088466,7.331410983191591e-05,2.5743452096320992e-05
Seychelles,SYC,690,hhi,2000,2024,0.007988765968843927,0.014332352227469293,0.006343586258625366,increase,top5,Top 5,top-5 superstar concentration,0.007668940269344967,-0.0012367467438925688,-0.00010789731440283891,1.929004757580564e-05
Singapore,SGP,702,hhi,2000,2024,0.023270011968824902,0.012670696971121744,-0.010599314997703158,decrease,top5,Top 5,top-5 superstar concentration,-0.012392817555821955,0.001718072275709497,8.839429648479298e-05,-1.2964014075492975e-05
Slovakia,SVK,703,hhi,2000,2024,0.0048095789555717815,0.009273265907619581,0.0044636869520478,increase,top5,Top 5,top-5 superstar concentration,0.003516338538853732,0.0010022485713487525,7.1636838711643135e-06,-6.206384202585127e-05
Slovenia,SVN,705,hhi,2000,2024,0.003474632437290972,0.04702142156929002,0.043546789131999046,increase,top5,Top 5,top-5 superstar concentration,0.043524887020292925,0.00045460558784783016,-0.00028853197311413633,-0.0001441715030275659
South Africa,ZAF,710,hhi,2000,2024,0.004509314056208337,0.003808938612644103,-0.000700375443564234,decrease,top5,Top 5,top-5 superstar concentration,-0.0010106634099958192,0.00027542913205737263,2.9477132101011854e-05,5.381702273200525e-06
Spain,ESP,724,hhi,2000,2024,0.009693420594657302,0.003891432863316636,-0.005801987731340667,decrease,top5,Top 5,top-5 superstar concentration,-0.006316888608798369,0.00034370631752875204,0.00015748442580050754,1.3710134128444871e-05
Sri Lanka,LKA,144,hhi,2000,2024,0.006640557763314173,0.005493219512065975,-0.001147338251248198,decrease,rank6_50,Ranks 6-50,broader upper-tier concentration,-0.0003858849831124187,-0.0007230817824938106,-7.140159097348214e-05,3.303010533151525e-05
Suriname,SUR,740,hhi,2000,2024,0.014769534497029278,0.006398269231037504,-0.008371265265991773,decrease,top5,Top 5,top-5 superstar concentration,-0.008429899078820934,3.623100228484621e-05,-1.8394317193383674e-05,4.0797127737694075e-05
Sweden,SWE,752,hhi,2000,2024,0.006595388785195029,0.004827847386582285,-0.0017675413986127445,decrease,top5,Top 5,top-5 superstar concentration,-0.002154457694030643,0.0003357611399758414,4.370231410243705e-05,7.452841339620797e-06
Switzerland,CHE,757,hhi,2000,2024,0.007234126635945832,0.10714970406312567,0.09991557742717984,increase,top5,Top 5,top-5 superstar concentration,0.10155159154442207,-0.0013623481029824275,-0.00017948054910763922,-9.41854651521833e-05
Thailand,THA,764,hhi,2000,2024,0.006237820824879892,0.008326012782741529,0.002088191957861637,increase,top5,Top 5,top-5 superstar concentration,0.0019961598591196595,0.00017599221231799872,-7.224727316833696e-05,-1.1712840407684944e-05
Togo,TGO,768,hhi,2000,2024,0.017306006642050138,0.00962537996067887,-0.007680626681371268,decrease,top5,Top 5,top-5 superstar concentration,-0.007237975095739749,-0.0005589855325651011,7.951738150549579e-05,3.681656542807999e-05
Tonga,TON,776,hhi,2000,2023,0.018093022023676537,0.00972453744281176,-0.008368484580864777,decrease,top5,Top 5,top-5 superstar concentration,-0.005715942822356878,-0.0026314460458836276,-9.436166669396528e-05,7.326595406969201e-05
Trinidad and Tobago,TTO,780,hhi,2000,2024,0.012541049620326076,0.012003524822537354,-0.0005375247977887215,decrease,top5,Top 5,top-5 superstar concentration,-0.0012232977770323013,0.000725856887275139,-3.2967226951465824e-06,-3.678718533641466e-05
Tunisia,TUN,788,hhi,2000,2024,0.0057211377639975105,0.005069809987593053,-0.0006513277764044574,decrease,top5,Top 5,top-5 superstar concentration,-0.0009916582908462953,0.00035589429994676344,-1.907838666447112e-05,3.5146011595451655e-06
Türkiye,TUR,792,hhi,2000,2024,0.006180892134115396,0.008289891193224718,0.002108999059109322,increase,top5,Top 5,top-5 superstar concentration,0.001959109643025021,0.00020107754936086585,-2.9219642393696268e-05,-2.19684908828684e-05
USA,USA,842,hhi,2000,2024,0.013550213759750962,0.007164463924513024,-0.006385749835237938,decrease,top5,Top 5,top-5 superstar concentration,-0.007127323178461822,0.0006519351954261295,7.806819308312109e-05,1.1569954714633072e-05
Uganda,UGA,800,hhi,2000,2024,0.007976362814658385,0.0841314594999047,0.07615509668524632,increase,top5,Top 5,top-5 superstar concentration,0.07850484224210545,-0.0021026823568467486,-0.00021677435116361922,-3.0288848848768787e-05
Ukraine,UKR,804,hhi,2000,2024,0.004867092445523504,0.004314358101405505,-0.0005527343441179989,decrease,top5,Top 5,top-5 superstar concentration,-0.00029470659924397307,-0.0002464528832477324,-1.8221863705739105e-05,6.647002079445319e-06
United Arab Emirates,ARE,784,hhi,2005,2023,0.016736157502039644,0.059896519248180714,0.043160361746141074,increase,top5,Top 5,top-5 superstar concentration,0.04315355441363144,0.00015409721005028116,-0.0001101365865927509,-3.715329094789433e-05
United Kingdom,GBR,826,hhi,2000,2024,0.008340405495725829,0.016583730152617673,0.008243324656891845,increase,top5,Top 5,top-5 superstar concentration,0.00773935802577011,0.00053003813971294,-2.700961697993604e-07,-2.5801412421407076e-05
United Rep. of Tanzania,TZA,834,hhi,2000,2024,0.009156861141927704,0.006407044896036968,-0.002749816245890736,decrease,top5,Top 5,top-5 superstar concentration,-0.002026180309882349,-0.0008780836599414105,0.00015500239032379613,-5.54666390772501e-07
Uruguay,URY,858,hhi,2000,2024,0.004775620747695417,0.00516519074955743,0.0003895700018620128,increase,rank6_50,Ranks 6-50,broader upper-tier concentration,-0.00015958399594086627,0.0005665225484841109,-5.827219654552817e-06,-1.1541331026678945e-05
Viet Nam,VNM,704,hhi,2000,2023,0.010860299784289231,0.004329963948005925,-0.0065303358362833065,decrease,top5,Top 5,top-5 superstar concentration,-0.006479337775295807,-7.911297442896731e-05,1.2260093264597482e-06,2.6888904115008545e-05
Zambia,ZMB,894,hhi,2000,2024,0.014640194841945342,0.006319470995870681,-0.00832072384607466,decrease,top5,Top 5,top-5 superstar concentration,-0.009788882468551939,0.0012988521836952201,0.00019079499757279422,-2.148855879073514e-05
Zimbabwe,ZWE,716,hhi,2000,2024,0.005435962684769114,0.011300179886924002,0.005864217202154888,increase,top5,Top 5,top-5 superstar concentration,0.006444724293435702,-0.0007144732052568052,0.00015698016997989965,-2.301405600390962e-05
Albania,ALB,8,theil,2000,2024,2.4304624788214566,2.230513635999468,-0.19994884282198866,decrease,rank6_50,Ranks 6-50,broader upper-tier concentration,-0.10776436297787706,-0.24669217019495404,0.08702839388677752,0.06747929646406509
Algeria,DZA,12,theil,2000,2024,2.7872408435437137,2.4491679022757524,-0.3380729412679613,decrease,top5,Top 5,top-5 superstar concentration,-0.31204382231651373,-0.17597505323590967,0.10370697961928066,0.04623895466518077
Andorra,AND,20,theil,2000,2023,2.602279372004502,2.734665244499337,0.1323858724948348,increase,top5,Top 5,top-5 superstar concentration,0.15150316936564545,0.05109001033225735,-0.0370694489050345,-0.03313785829803333
Angola,AGO,24,theil,2004,2024,2.5175424579508103,2.29304964472901,-0.22449281322180026,decrease,rank6_50,Ranks 6-50,broader upper-tier concentration,0.002919752457146485,-0.21044660241647906,-0.040975148088161495,0.024009184825694266
Antigua and Barbuda,ATG,28,theil,2000,2024,2.3089793756755244,2.3206812805354358,0.011701904859911405,increase,top5,Top 5,top-5 superstar concentration,-0.037687773007342384,0.0005589904999807604,0.0185543925462911,0.03027629482098146
Argentina,ARG,32,theil,2000,2024,1.8494728509451357,2.249295689793035,0.3998228388478995,increase,top5,Top 5,top-5 superstar concentration,0.24034057279270177,0.1418162089489765,0.08098240886830349,-0.063316351762083
Armenia,ARM,51,theil,2000,2024,3.628158922003028,4.143643539868338,0.5154846178653103,increase,top5,Top 5,top-5 superstar concentration,1.2639228654856804,-0.5772355509380389,-0.11692770404768571,-0.05427499263464655
Aruba,ABW,533,theil,2005,2023,4.758071971209802,2.427595254386612,-2.3304767168231897,decrease,rank6_50,Ranks 6-50,broader upper-tier concentration,-1.3413310266347545,-1.5732225120368772,0.4649778550219728,0.11909896682646882
Australia,AUS,36,theil,2000,2024,2.03201475543209,2.1413741497984216,0.10935939436633157,increase,rank6_50,Ranks 6-50,broader upper-tier concentration,-0.04146484125818373,0.08399445000011108,0.03860032907140443,0.028229456553000215
Austria,AUT,40,theil,2000,2024,1.7032263072530645,1.7163768800496502,0.013150572796585713,increase,rank51_200,Ranks 51-200,middle-tail change,-0.04248173769092173,-0.017384545057280487,0.05229617046251678,0.020720685082271123
Azerbaijan,AZE,31,theil,2000,2024,2.9900490916646087,2.7914917119054174,-0.1985573797591913,decrease,rank6_50,Ranks 6-50,broader upper-tier concentration,0.4731395766246347,-0.5491649073853349,-0.11543308042314537,-0.007098968575346441
Bahamas,BHS,44,theil,2000,2024,2.082112005902204,2.1015326649721633,0.019420659069959267,increase,top5,Top 5,top-5 superstar concentration,0.0395342198384,-0.012208000800680963,-0.004481042290906512,-0.0034245176768535612
Bahrain,BHR,48,theil,2000,2024,2.5879792919989577,2.987108534599014,0.39912924260005633,increase,top5,Top 5,top-5 superstar concentration,0.5774335579803855,0.03514475223369795,-0.14883032798765616,-0.06461873962637187
Barbados,BRB,52,theil,2000,2024,2.072075059154017,2.044887026799099,-0.027188032354918068,decrease,top5,Top 5,top-5 superstar concentration,-0.06839316986240196,0.022905242162758688,0.013543847188500768,0.004756048156224102
Belarus,BLR,112,theil,2000,2021,1.8093016645948938,1.7118096226851842,-0.09749204190970961,decrease,top5,Top 5,top-5 superstar concentration,-0.12073472026893806,-0.08094101016244637,0.041704438215550255,0.062479250306124196
Belgium,BEL,56,theil,2000,2024,1.9713633791450744,2.1511569739759318,0.17979359483085733,increase,rank6_50,Ranks 6-50,broader upper-tier concentration,0.027205124555191085,0.14551117011457515,0.018021449108564458,-0.010944148947473975
Belize,BLZ,84,theil,2000,2024,2.826496503583318,2.263134595157973,-0.5633619084253447,decrease,top5,Top 5,top-5 superstar concentration,-0.5767774641042589,-0.23113591493634222,0.14435893424676205,0.10019253636849537
Benin,BEN,204,theil,2000,2024,3.3423777556432994,3.6034850335181283,0.2611072778748289,increase,top5,Top 5,top-5 superstar concentration,0.7945100541935703,-0.4424570771428775,-0.09664355083083076,0.005697851654965957
Bermuda,BMU,60,theil,2010,2024,2.5573367666238753,2.551564560322226,-0.00577220630164943,decrease,rank6_50,Ranks 6-50,broader upper-tier concentration,0.10050282804583743,-0.12688969503800007,-0.006035736978608597,0.026650397669122666
Bolivia (Plurinational State of),BOL,68,theil,2000,2024,2.316587595507402,2.0612485484770824,-0.2553390470303194,decrease,top5,Top 5,top-5 superstar concentration,-0.3582945959388943,-0.05830846190706018,0.08149216042230079,0.07977185039333426
Bosnia Herzegovina,BIH,70,theil,2003,2024,2.041356756444728,1.844618358425067,-0.1967383980196611,decrease,rank6_50,Ranks 6-50,broader upper-tier concentration,-0.00024133282499017028,-0.2727534190289458,0.0400224032960802,0.03623395053819531
Botswana,BWA,72,theil,2000,2023,2.369769109992284,2.7625066628238804,0.3927375528315964,increase,top5,Top 5,top-5 superstar concentration,0.3626193723489881,0.04396014793752945,0.03881087487242513,-0.05265284232734652
Brazil,BRA,76,theil,2000,2024,2.068223364682008,2.0579981440598445,-0.010225220622163356,decrease,top5,Top 5,top-5 superstar concentration,-0.13085229059678988,0.09357831076357737,0.04413389703562598,-0.01708513782457667
Brunei Darussalam,BRN,96,theil,2001,2024,2.5320138824871736,2.4396731421366797,-0.09234074035049389,decrease,top5,Top 5,top-5 superstar concentration,-0.16571819403840649,0.025584285823768704,0.03507753980917028,0.012715628054973269
Bulgaria,BGR,100,theil,2000,2024,1.9483335968758206,1.9819925190599115,0.033658922184090834,increase,top5,Top 5,top-5 superstar concentration,0.09306688629471738,-0.030898144930420424,-0.008852079239356159,-0.019657739940849933
Burkina Faso,BFA,854,theil,2000,2024,3.3579432002693284,2.889523777973783,-0.46841942229554556,decrease,rank6_50,Ranks 6-50,broader upper-tier concentration,-0.3081173886754236,-0.3831938672175783,0.17879134146104003,0.04410049213641731
Burundi,BDI,108,theil,2000,2023,3.4582747056568217,2.934800495819812,-0.5234742098370098,decrease,top5,Top 5,top-5 superstar concentration,-0.6913920368194097,0.004695391076803723,0.16676686813370578,-0.003544432228109816
Cabo Verde,CPV,132,theil,2000,2024,2.7991897600759272,2.4433660594118924,-0.3558237006640348,decrease,rank6_50,Ranks 6-50,broader upper-tier concentration,-0.15677620734010467,-0.29069488479279415,0.025485914487364147,0.0661614769815003
Cambodia,KHM,116,theil,2000,2024,4.022808896773851,2.506264364537852,-1.516544532235999,decrease,top5,Top 5,top-5 superstar concentration,-1.6120883194095925,-0.36556374817413084,0.34371719426117764,0.11739034108654718
Cameroon,CMR,120,theil,2000,2023,2.8424305512909247,2.8085103615232674,-0.033920189767657316,decrease,rank6_50,Ranks 6-50,broader upper-tier concentration,0.25007714872308373,-0.3325589050901192,0.02576067953030109,0.022800887069076393
Canada,CAN,124,theil,2000,2024,2.1436585330167164,1.9153394050037,-0.22831912801301635,decrease,top5,Top 5,top-5 superstar concentration,-0.3314374956457775,-0.08302113716674775,0.12234751323252568,0.06379199156698272
Central African Rep.,CAF,140,theil,2000,2024,3.71569448882497,3.346682926053556,-0.3690115627714139,decrease,rank6_50,Ranks 6-50,broader upper-tier concentration,-0.14390852085388728,-0.32604553200683584,0.05830386013484401,0.04263862995446556
Chile,CHL,152,theil,2000,2024,1.879530017412145,1.9529518342943246,0.07342181688217964,increase,rank51_200,Ranks 51-200,middle-tail change,0.02598901644194207,-0.021065824815469036,0.08314419174751142,-0.014645566491805012
China,CHN,156,theil,2000,2024,2.000160147124496,2.811150910605841,0.8109907634813451,increase,top5,Top 5,top-5 superstar concentration,0.985620065149575,0.07352658828138614,-0.1404144126614733,-0.10774147728814264
"China, Hong Kong SAR",HKG,344,theil,2000,2024,2.174145620128638,3.807858752902121,1.633713132773483,increase,top5,Top 5,top-5 superstar concentration,1.6392146579460252,0.4669509038985685,-0.28881336425853765,-0.1836390648125733
"China, Macao SAR",MAC,446,theil,2000,2024,3.1304327285045552,3.7089293410683797,0.5784966125638245,increase,top5,Top 5,top-5 superstar concentration,1.1491857006189203,-0.34338754877316235,-0.1786654407373664,-0.04863609854456733
Colombia,COL,170,theil,2000,2024,1.9423758485898521,2.0399123766325515,0.09753652804269941,increase,top5,Top 5,top-5 superstar concentration,0.2648421584966807,-0.106906023257192,-0.04779971424347551,-0.012599892953313568
Comoros,COM,174,theil,2000,2023,4.437059314886231,3.8975385217425975,-0.5395207931436339,decrease,top5,Top 5,top-5 superstar concentration,-0.7906066757128909,0.18434639852637513,0.07881056488923352,-0.012071080846353825
Costa Rica,CRI,188,theil,2000,2024,2.3532685005941105,2.0916336560035345,-0.26163484459057607,decrease,top5,Top 5,top-5 superstar concentration,-0.5337255961353489,0.12979482078954663,0.10929331134337428,0.03300261941185209
Croatia,HRV,191,theil,2000,2024,1.9141638495436486,1.790569826069946,-0.12359402347370252,decrease,top5,Top 5,top-5 superstar concentration,-0.3031543810276842,0.04260892820098405,0.08596661191449462,0.05098481743850301
Cyprus,CYP,196,theil,2000,2024,2.505645346224765,2.472301985476345,-0.03334336074842037,decrease,top5,Top 5,top-5 superstar concentration,-0.42110140358614057,0.3542226371775885,0.04969378177514455,-0.016158376115012724
Czechia,CZE,203,theil,2000,2024,1.5419618271080633,2.126287787096991,0.5843259599889279,increase,top5,Top 5,top-5 superstar concentration,0.4346002960937921,0.35497511607454,-0.06264081321882375,-0.1426086389605803
Côte d'Ivoire,CIV,384,theil,2000,2024,2.744261329733298,2.580078255619803,-0.16418307411349486,decrease,rank6_50,Ranks 6-50,broader upper-tier concentration,-0.11653988029571993,-0.14208319239560474,0.08178437879600386,0.012655619781826999
Denmark,DNK,208,theil,2000,2024,1.6195473426971398,1.8579583096580594,0.23841096696091957,increase,top5,Top 5,top-5 superstar concentration,0.17330392770588532,0.03750342432034548,0.04982152305209364,-0.022217908117404733
Dominica,DMA,212,theil,2000,2023,2.526053225661986,2.418443764765728,-0.10760946089625811,decrease,rank6_50,Ranks 6-50,broader upper-tier concentration,0.01956740944533253,-0.09206413352265796,-0.06599731238494766,0.030884575566014927
Dominican Rep.,DOM,214,theil,2001,2024,2.4837583086295294,2.1564434530688263,-0.32731485556070306,decrease,top5,Top 5,top-5 superstar concentration,-0.3475060091081934,-0.05761551570980772,0.03991720605929694,0.037889463198001606
Ecuador,ECU,218,theil,2000,2024,2.011624035967071,2.3999245824617574,0.3883005464946865,increase,top5,Top 5,top-5 superstar concentration,0.6937979460189851,-0.1761971201407042,-0.04742877069949203,-0.08187150868410296
Egypt,EGY,818,theil,2000,2024,2.6754706932696277,2.4945994790041985,-0.18087121426542918,decrease,top5,Top 5,top-5 superstar concentration,-0.24179834340632378,0.03492808851315021,-0.009842449085264882,0.035841489713009156
El Salvador,SLV,222,theil,2000,2024,2.276013868998168,2.120748863449243,-0.15526500554892486,decrease,rank6_50,Ranks 6-50,broader upper-tier concentration,-0.07577404856776737,-0.14593111183815433,0.06783705162598297,-0.0013968967689862444
Estonia,EST,233,theil,2000,2024,2.1940689080617766,2.0017460491827976,-0.19232285887897893,decrease,top5,Top 5,top-5 superstar concentration,-0.261134356165751,-0.022932204334140338,0.04472715149502271,0.047016550125890705
Eswatini,SWZ,748,theil,2000,2023,2.202901509493406,2.065944590653518,-0.1369569188398878,decrease,top5,Top 5,top-5 superstar concentration,-0.32168557391845726,0.03168098328239399,0.09534873697103552,0.05769893482513949
Ethiopia,ETH,231,theil,2000,2023,2.5039586284101416,2.553376199176315,0.04941757076617348,increase,top5,Top 5,top-5 superstar concentration,0.06494375420862875,0.04473480429214627,-0.007307257049323113,-0.052953730685278935
Fiji,FJI,242,theil,2002,2024,2.253260665880409,2.248531732478551,-0.004728933401858093,decrease,rank6_50,Ranks 6-50,broader upper-tier concentration,-0.11102530818108614,0.1401287319036899,-0.012019813428539639,-0.021812543695922004
Finland,FIN,246,theil,2000,2024,1.933179302895111,1.9496548519101322,0.01647554901502124,increase,top5,Top 5,top-5 superstar concentration,-0.11638208369452935,0.062323185194850916,0.06388180330411991,0.006652644210580011
France,FRA,251,theil,2000,2024,1.617697475421348,1.7070550219130547,0.08935754649170669,increase,rank6_50,Ranks 6-50,broader upper-tier concentration,-0.14342419871300238,0.19207438875617755,0.03492660065674519,0.005780755791786496
French Polynesia,PYF,258,theil,2000,2024,2.245410410025607,2.4905536369860393,0.24514322696043234,increase,top5,Top 5,top-5 superstar concentration,0.2350906579964786,0.01615978898346704,-0.025550157988054156,0.019442937968540797
Gabon,GAB,266,theil,2000,2023,2.6943324880262334,3.222075929246835,0.5277434412206015,increase,top5,Top 5,top-5 superstar concentration,0.9375482548529382,-0.16756820332137146,-0.18709538114468782,-0.05514122916627729
Gambia,GMB,270,theil,2000,2024,3.49425498767817,3.6425644599243157,0.14830947224614555,increase,top5,Top 5,top-5 superstar concentration,0.3647259342953759,-0.1129993969841192,-0.08787597814652037,-0.015541086918591178
Georgia,GEO,268,theil,2000,2024,3.0865579981991282,2.736574987063002,-0.3499830111361262,decrease,rank6_50,Ranks 6-50,broader upper-tier concentration,0.17951437691034577,-0.5823256608184149,0.028945415419379117,0.02388285735256431
Germany,DEU,276,theil,2000,2024,1.7542222675196133,1.8265278937948821,0.07230562627526882,increase,top5,Top 5,top-5 superstar concentration,-0.11314571878161644,0.0987264007777846,0.07569957605398014,0.011025368225120388
Ghana,GHA,288,theil,2000,2023,2.718843405299595,2.406750268898813,-0.31209313640078173,decrease,top5,Top 5,top-5 superstar concentration,-0.5151691735413471,0.08488642162167181,0.08473642957820099,0.03345318594069199
Greece,GRC,300,theil,2000,2024,2.06016499194951,1.897984111031223,-0.16218088091828697,decrease,top5,Top 5,top-5 superstar concentration,-0.31875751501732386,0.026102575705384212,0.09332279386072828,0.03715126453292397
Greenland,GRL,304,theil,2000,2018,2.7375824831847853,2.833861198634172,0.09627871544938671,increase,top5,Top 5,top-5 superstar concentration,0.3726740922409524,-0.21814438164093586,-0.04108512702081302,-0.017165868129817102
Grenada,GRD,308,theil,2000,2024,2.5116976217977727,2.286015693534556,-0.22568192826321676,decrease,rank6_50,Ranks 6-50,broader upper-tier concentration,-0.0075074197370310625,-0.2758095885520404,-0.013928413812414497,0.07156349383826957
Guatemala,GTM,320,theil,2000,2024,2.1410440822202665,2.0776364173992286,-0.06340766482103799,decrease,rank51_200,Ranks 51-200,middle-tail change,-0.07429515247744412,-0.06724213101145005,0.0783314066737435,-0.00020178800588722956
Guyana,GUY,328,theil,2000,2024,2.30448239900467,2.885004602526252,0.580522203521582,increase,top5,Top 5,top-5 superstar concentration,0.769376383062869,0.1343068899324058,-0.2126431448184855,-0.11051792465520908
Honduras,HND,340,theil,2000,2024,2.2397217168361854,2.408692117781878,0.1689704009456925,increase,top5,Top 5,top-5 superstar concentration,0.23325657369482222,-0.05246240445066741,0.01049724751656489,-0.02232101581502756
Hungary,HUN,348,theil,2000,2024,2.0666987306034548,2.1420043818259984,0.07530565122254362,increase,top5,Top 5,top-5 superstar concentration,-0.15894148123468593,0.1448138524514443,0.09215793232464897,-0.0027246523188639155
Iceland,ISL,352,theil,2000,2024,2.3582998877233563,2.6036866963712018,0.24538680864784546,increase,top5,Top 5,top-5 superstar concentration,0.26775474083906703,0.05448121836306097,-0.025024980610065306,-0.05182416994421693
India,IND,699,theil,2000,2024,3.309965818261682,2.48715360263153,-0.8228122156301518,decrease,top5,Top 5,top-5 superstar concentration,-0.9683841383017076,-0.07823928004757685,0.15214274335606554,0.07166845936306622
Indonesia,IDN,360,theil,2000,2024,2.084128599382962,1.7999051208886694,-0.28422347849429275,decrease,top5,Top 5,top-5 superstar concentration,-0.18611815946709664,-0.1375831399041766,0.005997063973729899,0.03348075690325075
Iran,IRN,364,theil,2000,2022,2.704435873670712,2.7156316343314484,0.011195760660736465,increase,top5,Top 5,top-5 superstar concentration,0.21262392311707,-0.09873251913496373,-0.09488134125797837,-0.007814302063391773
Ireland,IRL,372,theil,2000,2024,2.52028626417646,2.9028895869074147,0.3826033227309549,increase,top5,Top 5,top-5 superstar concentration,0.27196254204583337,0.12570319113941963,0.02594369506632832,-0.04100610552062644
Israel,ISR,376,theil,2000,2024,3.067779772449597,2.0699651060338145,-0.9978146664157825,decrease,top5,Top 5,top-5 superstar concentration,-1.5734331283531828,0.18730168359708765,0.2591272764653402,0.1291895018749731
Italy,ITA,380,theil,2000,2024,1.7459209542911611,1.774074268637592,0.02815331434643098,increase,top5,Top 5,top-5 superstar concentration,-0.11656146889797353,0.08664348952697765,0.044728387654355384,0.013342906063071439
Jamaica,JAM,388,theil,2000,2024,2.3390252556578823,2.319273056634257,-0.019752199023625128,decrease,rank6_50,Ranks 6-50,broader upper-tier concentration,0.024512974440489943,-0.12061133427012272,0.05603251410346188,0.02031364670254518
Japan,JPN,392,theil,2000,2024,2.129261974086864,2.037266232093261,-0.09199574199360327,decrease,rank6_50,Ranks 6-50,broader upper-tier concentration,-0.07119668626113596,-0.11097290256752734,0.05252974854810466,0.03764409828695492
Jordan,JOR,400,theil,2000,2024,2.6393095789069094,2.526637365408357,-0.1126722134985525,decrease,rank6_50,Ranks 6-50,broader upper-tier concentration,-0.0859326592852736,-0.15148718319467802,0.07384202619492164,0.050905602786477336
Kazakhstan,KAZ,398,theil,2000,2024,5.062155899344973,1.9558498594301654,-3.106306039914808,decrease,top5,Top 5,top-5 superstar concentration,-2.6342311763108084,-1.0988756638893957,0.46030118069360026,0.16649961959179505
Kenya,KEN,404,theil,2000,2024,2.4988249089080607,2.3811589287344472,-0.11766598017361352,decrease,rank6_50,Ranks 6-50,broader upper-tier concentration,0.1258648106266741,-0.2985988674625839,0.03800576392827393,0.017062312734022346
Kuwait,KWT,414,theil,2000,2024,2.876958507582549,2.6146140910857634,-0.26234441649678564,decrease,top5,Top 5,top-5 superstar concentration,0.3925144810204595,-0.33183870097714796,-0.23723511150341792,-0.08578508503667931
Kyrgyzstan,KGZ,417,theil,2000,2024,2.6891838953718934,3.079816462283544,0.3906325669116506,increase,top5,Top 5,top-5 superstar concentration,0.619518851150212,0.028642336562755277,-0.18505224963461764,-0.07247637116669951
Latvia,LVA,428,theil,2000,2024,1.7351453022574224,1.9350170736686365,0.19987177141121415,increase,top5,Top 5,top-5 superstar concentration,0.23249433457040342,0.12222426391004826,-0.07448034715178264,-0.08036647991745494
Lebanon,LBN,422,theil,2000,2024,2.4534823126226573,2.9419625430784997,0.48848023045584243,increase,top5,Top 5,top-5 superstar concentration,0.47263255758524236,0.06624891401173627,0.011121345734922683,-0.061522586876058195
Lesotho,LSO,426,theil,2000,2024,2.810547354516043,2.3797078771070796,-0.4308394774089632,decrease,rank6_50,Ranks 6-50,broader upper-tier concentration,-0.18887025267298113,-0.23629897155858015,-0.08500225335971212,0.07933200018231035
Lithuania,LTU,440,theil,2000,2024,1.820027113180965,1.8918735325974565,0.07184641941649139,increase,top5,Top 5,top-5 superstar concentration,0.12434764725308362,0.01738328843410064,-0.026689759884735764,-0.04319475638595677
Luxembourg,LUX,442,theil,2000,2024,2.403973836064201,2.2835640110600917,-0.12040982500410946,decrease,top5,Top 5,top-5 superstar concentration,-0.20952797262289158,0.05193571611042569,0.027447136784119475,0.009735294724237294
Madagascar,MDG,450,theil,2000,2024,2.7578977207879185,2.5681333725636293,-0.18976434822428923,decrease,top5,Top 5,top-5 superstar concentration,-0.2919019096932095,0.003223595274202795,0.07461928522710753,0.024294680967609606
Malawi,MWI,454,theil,2000,2024,2.6555001788704318,2.7710314450862374,0.11553126621580567,increase,top5,Top 5,top-5 superstar concentration,0.24773155341016917,0.024977229060238804,-0.14125074907027574,-0.015926767184327062
Malaysia,MYS,458,theil,2000,2024,2.5447398950123907,2.0979196115227543,-0.4468202834896364,decrease,top5,Top 5,top-5 superstar concentration,-0.5646600671213129,-0.03688639505072111,0.08996515036026365,0.06476102832213457
Maldives,MDV,462,theil,2000,2024,2.673585081093774,2.3131067266446066,-0.3604783544491674,decrease,top5,Top 5,top-5 superstar concentration,-0.2415942206963368,-0.18275354615868378,0.03277079006128447,0.031098622344569032
Mali,MLI,466,theil,2000,2023,2.9754988060711716,2.931458142328236,-0.04404066374293558,decrease,rank6_50,Ranks 6-50,broader upper-tier concentration,0.000634388247466644,-0.06313162798964767,0.02256936798762399,-0.004112791988378592
Malta,MLT,470,theil,2000,2024,4.430295928526032,2.9285666378301984,-1.5017292906958337,decrease,top5,Top 5,top-5 superstar concentration,-2.1764679031918446,0.3802357312484867,0.21538080613065966,0.07912207511686448
Mauritania,MRT,478,theil,2000,2024,3.6756274609492303,3.4060623451504797,-0.26956511579875064,decrease,rank6_50,Ranks 6-50,broader upper-tier concentration,0.1613784384062955,-0.44825906281498784,0.01818210622308164,-0.0008665976131404067
Mauritius,MUS,480,theil,2000,2024,2.130425773462594,2.2035765347340552,0.07315076127146103,increase,top5,Top 5,top-5 superstar concentration,0.21283135645927365,-0.02195699285388264,-0.06961692477660408,-0.048106677557326796
Mexico,MEX,484,theil,2000,2024,2.0020224658709305,2.160949019688879,0.1589265538179485,increase,rank51_200,Ranks 51-200,middle-tail change,-0.007447465079597426,0.048219012104737446,0.08637915022140596,0.031775856571403034
Mongolia,MNG,496,theil,2000,2023,2.9486652751198554,2.5645410723675006,-0.3841242027523548,decrease,rank6_50,Ranks 6-50,broader upper-tier concentration,-0.053949407274790806,-0.3629403651191052,-0.02427643300906901,0.05704200265061126
Montenegro,MNE,499,theil,2006,2024,2.327372151897254,2.242010525110565,-0.08536162678668902,decrease,top5,Top 5,top-5 superstar concentration,-0.09336257803883496,-0.026659434898180567,0.04139502750532953,-0.006734641355002402
Montserrat,MSR,500,theil,2000,2024,3.3646226144119527,2.3647699973800598,-0.9998526170318929,decrease,top5,Top 5,top-5 superstar concentration,-0.887172088929592,-0.341553126202937,0.10785145332360802,0.12102114477702677
Morocco,MAR,504,theil,2000,2024,2.262633025105156,2.377288646736238,0.11465562163108212,increase,rank6_50,Ranks 6-50,broader upper-tier concentration,-0.07036780130822917,0.19989007904918465,0.015409506417612517,-0.030276162527486588
Mozambique,MOZ,508,theil,2000,2024,2.698568364049742,2.495587231602787,-0.20298113244695504,decrease,top5,Top 5,top-5 superstar concentration,-0.13605769079621055,-0.012541522200634647,-0.06187122789197097,0.007489308441860104
Namibia,NAM,516,theil,2000,2024,2.327728659818223,2.3855065754924145,0.05777791567419133,increase,rank6_50,Ranks 6-50,broader upper-tier concentration,-0.18314875276949505,0.19801052274711006,0.07625832110251263,-0.03334217540593658
Netherlands,NLD,528,theil,2000,2024,1.9149517509535483,1.7662063748812176,-0.14874537607233074,decrease,top5,Top 5,top-5 superstar concentration,-0.4673466581285949,0.2187470590681163,0.09249970452491346,0.007354518463234677
New Zealand,NZL,554,theil,2000,2024,2.0299044574460354,2.0106733197534927,-0.0192311376925427,decrease,top5,Top 5,top-5 superstar concentration,-0.2188955481309124,0.11227787991139626,0.06682751546685917,0.020559015060113747
Nicaragua,NIC,558,theil,2000,2024,2.2705955591301614,2.58321560375738,0.3126200446272187,increase,top5,Top 5,top-5 superstar concentration,0.39084510162537334,0.05281537403932224,-0.05584173421350247,-0.07519869682397481
Niger,NER,562,theil,2000,2024,3.732968370461321,3.5952359849537374,-0.13773238550758338,decrease,rank6_50,Ranks 6-50,broader upper-tier concentration,-0.05203114982114121,-0.13150865056020544,0.041223615012006165,0.0045837998617555935
Nigeria,NGA,566,theil,2000,2024,2.686169954022665,2.3046726286498234,-0.38149732537284153,decrease,top5,Top 5,top-5 superstar concentration,-0.2626630320563862,-0.2543357998138367,0.06837778619101731,0.06712372030636415
North Macedonia,MKD,807,theil,2000,2024,2.095370049829361,2.3381235270321383,0.2427534772027773,increase,top5,Top 5,top-5 superstar concentration,0.4602614423201936,-0.10110651958105998,-0.06940994478304341,-0.04699150075331282
Norway,NOR,579,theil,2000,2024,2.1445603612821915,2.065639478777798,-0.07892088250439366,decrease,top5,Top 5,top-5 superstar concentration,-0.19493022053356046,-0.0028109105257093647,0.07230062669078707,0.04651962186408998
Oman,OMN,512,theil,2000,2024,3.1957343937345537,2.4203743956497745,-0.7753599980847792,decrease,top5,Top 5,top-5 superstar concentration,-0.913204383715096,0.054341950784591475,0.03394546842402674,0.04955696642169849
Pakistan,PAK,586,theil,2003,2024,2.5917533028460964,2.8162485573111486,0.22449525446505225,increase,top5,Top 5,top-5 superstar concentration,0.337166727763734,0.02739487658040196,-0.09571504443068579,-0.04435130544839857
Panama,PAN,591,theil,2000,2024,2.1148900363849688,2.228461293595283,0.11357125721031425,increase,top5,Top 5,top-5 superstar concentration,0.17880335141948245,-0.132923678160617,0.09424214464426384,-0.02655056069281496
Paraguay,PRY,600,theil,2000,2024,2.5835974591000372,2.4770722850148466,-0.10652517408519069,decrease,rank51_200,Ranks 51-200,middle-tail change,-0.017215316721877483,0.008379744895854024,-0.09521666910440896,-0.0024729331547582237
Peru,PER,604,theil,2000,2024,2.0333279765238474,1.984166537385685,-0.04916143913816251,decrease,rank6_50,Ranks 6-50,broader upper-tier concentration,-0.008494728198929435,-0.06461587826483861,0.016794158076096632,0.007155009249508473
Philippines,PHL,608,theil,2000,2024,2.0678877642982814,2.1038930501901096,0.036005285891828276,increase,rank6_50,Ranks 6-50,broader upper-tier concentration,0.027506201935044494,0.06325938675065346,-0.036136399579737466,-0.018623903214131737
Poland,POL,616,theil,2000,2024,1.6045349146118044,1.7100254369554546,0.1054905223436502,increase,rank6_50,Ranks 6-50,broader upper-tier concentration,0.026347803336630282,0.08740619874808442,0.050926986913232886,-0.059190466654296725
Portugal,PRT,620,theil,2000,2024,1.852870275253246,1.7074119252640827,-0.1454583499891633,decrease,top5,Top 5,top-5 superstar concentration,-0.26337158255192705,0.04837375083638695,0.044972782502241904,0.024566699224134445
Qatar,QAT,634,theil,2000,2024,2.9561803416646146,2.4722405529303817,-0.48393978873423293,decrease,top5,Top 5,top-5 superstar concentration,-0.3111462944650031,-0.025576504175934378,-0.09470176695701177,-0.05251522313628319
Rep. of Korea,KOR,410,theil,2000,2024,2.4531667269017627,1.8773552467723365,-0.5758114801294263,decrease,top5,Top 5,top-5 superstar concentration,-0.9293944030276304,0.14878896158443577,0.12186081604652443,0.0829331452672443
Rep. of Moldova,MDA,498,theil,2000,2024,2.525868393422941,1.9552821796764313,-0.5705862137465096,decrease,top5,Top 5,top-5 superstar concentration,-0.5730971581046845,-0.05428888111677299,-0.0087596683076272,0.06555949378257485
Romania,ROU,642,theil,2000,2024,1.7677897992943263,1.7403274756508988,-0.02746232364342749,decrease,top5,Top 5,top-5 superstar concentration,0.14767166060501885,-0.07683005497334805,-0.10101784331944086,0.00271391404434268
Russian Federation,RUS,643,theil,2000,2021,1.9785729958138618,1.7656155821693276,-0.21295741364453424,decrease,top5,Top 5,top-5 superstar concentration,-0.15136759647743908,-0.07760581341434947,-0.020060412520878423,0.036076408768132256
Rwanda,RWA,646,theil,2001,2022,3.4399281531616084,2.936938498848688,-0.5029896543129202,decrease,rank6_50,Ranks 6-50,broader upper-tier concentration,-0.19168148921585115,-0.4456711730528238,0.09615821790958423,0.03820479004617078
Saint Lucia,LCA,662,theil,2000,2020,2.3370056902320675,2.3875985965835453,0.05059290635147784,increase,rank6_50,Ranks 6-50,broader upper-tier concentration,-0.04395178937832689,0.08327775155646489,0.02376664292760755,-0.012499698754267735
Saint Vincent and the Grenadines,VCT,670,theil,2000,2023,2.6161360655331563,2.3246848183395565,-0.2914512471935997,decrease,rank6_50,Ranks 6-50,broader upper-tier concentration,-0.20239956256345631,-0.22934078230934907,0.06623601369228227,0.07405308398692359
Samoa,WSM,882,theil,2001,2024,2.892160373348592,2.620391754611592,-0.2717686187370001,decrease,rank6_50,Ranks 6-50,broader upper-tier concentration,0.021097973274117776,-0.3140553612987278,0.005613628253600567,0.015575141034008214
Sao Tome and Principe,STP,678,theil,2000,2023,3.8466453467376764,3.1742760568682895,-0.6723692898693869,decrease,rank6_50,Ranks 6-50,broader upper-tier concentration,-0.06981833603296672,-0.6230579060757107,-0.01411003775048042,0.034616989989770905
Saudi Arabia,SAU,682,theil,2000,2024,2.54986954958072,2.2917591280445917,-0.2581104215361285,decrease,top5,Top 5,top-5 superstar concentration,-0.16431843143532865,-0.15072921783852455,0.03528112592451871,0.02165610181320614
Senegal,SEN,686,theil,2000,2024,2.7358799314946385,2.57878754469974,-0.15709238679489834,decrease,top5,Top 5,top-5 superstar concentration,-0.12078811619737584,-0.07723789088166988,0.0404772758393549,0.000456344444792936
Serbia,SRB,688,theil,2006,2024,1.8317596859525134,1.7864659287222393,-0.04529375723027407,decrease,rank6_50,Ranks 6-50,broader upper-tier concentration,0.021688902903047758,-0.16849872229543283,0.06703403821566023,0.03448202394645056
Seychelles,SYC,690,theil,2000,2024,2.5631998622520094,2.5091297906667767,-0.05407007158523269,decrease,top5,Top 5,top-5 superstar concentration,0.3628750936980819,-0.3543093299356911,-0.06952277976772481,0.006886944420101959
Singapore,SGP,702,theil,2000,2024,2.658098180491441,2.708200118055059,0.05010193756361758,increase,top5,Top 5,top-5 superstar concentration,-0.412746622326857,0.3874502573619619,0.07662125634024813,-0.001222953811735445
Slovakia,SVK,703,theil,2000,2024,1.8619149035478162,2.338837291030034,0.47692238748221794,increase,top5,Top 5,top-5 superstar concentration,0.3171382403835653,0.261270235384352,-0.0058346030841872065,-0.09565148520151211
Slovenia,SVN,705,theil,2000,2024,1.7033635602710602,3.405124590275509,1.701761030004449,increase,top5,Top 5,top-5 superstar concentration,2.2169576166215235,0.027780272596273248,-0.3043774031316506,-0.23859945608169678
South Africa,ZAF,710,theil,2000,2024,1.804425304993853,1.8218230909890378,0.017397785995184822,increase,top5,Top 5,top-5 superstar concentration,-0.14818163995192302,0.13592316978110575,0.02150082964471839,0.00815542652128351
Spain,ESP,724,theil,2000,2024,1.980088088307107,1.737937825003204,-0.242150263303903,decrease,top5,Top 5,top-5 superstar concentration,-0.5454898824630542,0.1475302003406862,0.13531604589525603,0.020493372923209546
Sri Lanka,LKA,144,theil,2000,2024,2.387445116050979,2.1735315163720026,-0.2139135996789765,decrease,rank6_50,Ranks 6-50,broader upper-tier concentration,-0.05281057582978521,-0.15802853208848067,-0.04842864032905159,0.04535414856834134
Suriname,SUR,740,theil,2000,2024,3.114226910857963,2.509542385718817,-0.6046845251391462,decrease,top5,Top 5,top-5 superstar concentration,-0.6311902292475358,0.006719305585734858,0.0027278922262423677,0.017058506296412326
Sweden,SWE,752,theil,2000,2024,1.9663641653839246,1.9532365033426802,-0.013127662041244381,decrease,top5,Top 5,top-5 superstar concentration,-0.1757420766387987,0.10503470295145378,0.04229072697499653,0.015288984671104386
Switzerland,CHE,757,theil,2000,2024,2.0228694385434083,3.885485434626351,1.8626159960829427,increase,top5,Top 5,top-5 superstar concentration,2.6787920012524054,-0.4486837318973446,-0.20753367750313376,-0.15995859576898436
Thailand,THA,764,theil,2000,2024,2.1536951030134994,2.156674935712433,0.0029798326989336488,increase,top5,Top 5,top-5 superstar concentration,0.08677562682327788,0.02616571343380447,-0.06936705133733778,-0.04059445622081034
Togo,TGO,768,theil,2000,2024,3.344503072989111,2.8709030110261775,-0.4736000619629337,decrease,top5,Top 5,top-5 superstar concentration,-0.5256498962228505,-0.09425132422557292,0.09598180569985715,0.05031935278563264
Tonga,TON,776,theil,2000,2023,3.7131085493615488,2.7758907905121757,-0.9372177588493731,decrease,rank6_50,Ranks 6-50,broader upper-tier concentration,-0.4238713693145263,-0.5396756437425092,-0.022828116268236887,0.04915737047589942
Trinidad and Tobago,TTO,780,theil,2000,2024,2.3990199954066744,2.5929607366077834,0.19394074120110893,increase,rank6_50,Ranks 6-50,broader upper-tier concentration,0.06774606662694094,0.18350782026282952,0.00021856582902624044,-0.05753171151768785
Tunisia,TUN,788,theil,2000,2024,2.16988798089592,2.1052568134235488,-0.06463116747237141,decrease,top5,Top 5,top-5 superstar concentration,-0.08433275165338927,0.03328588955893952,-0.00944158798509187,-0.0041427173928296895
Türkiye,TUR,792,theil,2000,2024,2.0252781808845546,2.181477483164135,0.15619930227958045,increase,top5,Top 5,top-5 superstar concentration,0.14710005474183951,0.07850338799295598,-0.026268709908423227,-0.04313543054679142
USA,USA,842,theil,2000,2024,2.331047756140039,2.167317663676641,-0.16373009246339798,decrease,top5,Top 5,top-5 superstar concentration,-0.4468982060900868,0.18328661222973897,0.07199315982559273,0.027888341571358055
Uganda,UGA,800,theil,2000,2024,2.6754940631522386,3.6308939878550026,0.955399924702764,increase,top5,Top 5,top-5 superstar concentration,1.8421489081521856,-0.635815855362497,-0.18770291247276244,-0.0632302156141622
Ukraine,UKR,804,theil,2000,2024,2.0171351087877905,1.9150466642515012,-0.10208844453628929,decrease,rank6_50,Ranks 6-50,broader upper-tier concentration,-0.013558891363497527,-0.0744277187566933,-0.011279528212564616,-0.002822306203534297
United Arab Emirates,ARE,784,theil,2005,2023,2.627789580630318,3.5530341323989263,0.9252445517686083,increase,top5,Top 5,top-5 superstar concentration,1.1835523877333765,-0.08664562445939483,-0.12173507464680675,-0.0499271368585668
United Kingdom,GBR,826,theil,2000,2024,2.0170002000148477,2.338229218593497,0.3212290185786495,increase,top5,Top 5,top-5 superstar concentration,0.2217368264182875,0.13359689995848278,-0.007250350884691059,-0.02685435691342984
United Rep. of Tanzania,TZA,834,theil,2000,2024,2.5641608474626136,2.403506101103398,-0.16065474635921584,decrease,top5,Top 5,top-5 superstar concentration,-0.23207387347296338,-0.04119146592624112,0.1225117098605607,-0.009901116820572826
Uruguay,URY,858,theil,2000,2024,2.0034110631714843,2.1306564224674536,0.12724535929596925,increase,rank6_50,Ranks 6-50,broader upper-tier concentration,0.029296302212827474,0.12034778995785733,-0.008151516636661693,-0.014247216238054805
Viet Nam,VNM,704,theil,2000,2023,2.533963922178551,2.006978193111698,-0.5269857290668529,decrease,top5,Top 5,top-5 superstar concentration,-0.5104323706987539,-0.001009560811479293,0.004916643837749368,-0.020460441394369477
Zambia,ZMB,894,theil,2000,2024,2.5249283203171595,2.4729110717593135,-0.05201724855784606,decrease,top5,Top 5,top-5 superstar concentration,-0.5523263901239166,0.39259841420766783,0.14471673106124117,-0.03700600370283799
Zimbabwe,ZWE,716,theil,2000,2024,2.194542731338453,2.536308620687853,0.3417658893494,increase,top5,Top 5,top-5 superstar concentration,0.40937674481001385,-0.15948388664379187,0.11269109394095322,-0.02081806275777473
