flow,product_id
Exports,HS1992:010111
Exports,HS1992:010119
Exports,HS1992:010120
Exports,HS1992:010210
Exports,HS1992:010290
Exports,HS1992:010310
Exports,HS1992:010391
Exports,HS1992:010392
Exports,HS1992:010410
Exports,HS1992:010420
Exports,HS1992:010511
Exports,HS1992:010519
Exports,HS1992:010591
Exports,HS1992:010599
Exports,HS1992:010600
Exports,HS1992:020110
Exports,HS1992:020120
Exports,HS1992:020130
Exports,HS1992:020210
Exports,HS1992:020220
Exports,HS1992:020230
Exports,HS1992:020311
Exports,HS1992:020312
Exports,HS1992:020319
Exports,HS1992:020321
Exports,HS1992:020322
Exports,HS1992:020329
Exports,HS1992:020410
Exports,HS1992:020421
Exports,HS1992:020422
Exports,HS1992:020423
Exports,HS1992:020430
Exports,HS1992:020441
Exports,HS1992:020442
Exports,HS1992:020443
Exports,HS1992:020450
Exports,HS1992:020500
Exports,HS1992:020610
Exports,HS1992:020621
Exports,HS1992:020622
Exports,HS1992:020629
Exports,HS1992:020630
Exports,HS1992:020641
Exports,HS1992:020649
Exports,HS1992:020680
Exports,HS1992:020690
Exports,HS1992:020710
Exports,HS1992:020721
Exports,HS1992:020722
Exports,HS1992:020723
Exports,HS1992:020731
Exports,HS1992:020739
Exports,HS1992:020741
Exports,HS1992:020742
Exports,HS1992:020743
Exports,HS1992:020750
Exports,HS1992:020810
Exports,HS1992:020820
Exports,HS1992:020890
Exports,HS1992:020900
Exports,HS1992:021011
Exports,HS1992:021012
Exports,HS1992:021019
Exports,HS1992:021020
Exports,HS1992:021090
Exports,HS1992:030110
Exports,HS1992:030191
Exports,HS1992:030192
Exports,HS1992:030193
Exports,HS1992:030199
Exports,HS1992:030211
Exports,HS1992:030212
Exports,HS1992:030219
Exports,HS1992:030221
Exports,HS1992:030222
Exports,HS1992:030223
Exports,HS1992:030229
Exports,HS1992:030231
Exports,HS1992:030232
Exports,HS1992:030233
Exports,HS1992:030239
Exports,HS1992:030240
Exports,HS1992:030250
Exports,HS1992:030261
Exports,HS1992:030262
Exports,HS1992:030263
Exports,HS1992:030264
Exports,HS1992:030265
Exports,HS1992:030266
Exports,HS1992:030269
Exports,HS1992:030270
Exports,HS1992:030310
Exports,HS1992:030321
Exports,HS1992:030322
Exports,HS1992:030329
Exports,HS1992:030331
Exports,HS1992:030332
Exports,HS1992:030333
Exports,HS1992:030339
Exports,HS1992:030341
Exports,HS1992:030342
Exports,HS1992:030343
Exports,HS1992:030349
Exports,HS1992:030350
Exports,HS1992:030360
Exports,HS1992:030371
Exports,HS1992:030372
Exports,HS1992:030373
Exports,HS1992:030374
Exports,HS1992:030375
Exports,HS1992:030376
Exports,HS1992:030377
Exports,HS1992:030378
Exports,HS1992:030379
Exports,HS1992:030380
Exports,HS1992:030410
Exports,HS1992:030420
Exports,HS1992:030490
Exports,HS1992:030510
Exports,HS1992:030520
Exports,HS1992:030530
Exports,HS1992:030541
Exports,HS1992:030542
Exports,HS1992:030549
Exports,HS1992:030551
Exports,HS1992:030559
Exports,HS1992:030561
Exports,HS1992:030562
Exports,HS1992:030563
Exports,HS1992:030569
Exports,HS1992:030611
Exports,HS1992:030612
Exports,HS1992:030613
Exports,HS1992:030614
Exports,HS1992:030619
Exports,HS1992:030621
Exports,HS1992:030622
Exports,HS1992:030623
Exports,HS1992:030624
Exports,HS1992:030629
Exports,HS1992:030710
Exports,HS1992:030721
Exports,HS1992:030729
Exports,HS1992:030731
Exports,HS1992:030739
Exports,HS1992:030741
Exports,HS1992:030749
Exports,HS1992:030751
Exports,HS1992:030759
Exports,HS1992:030760
Exports,HS1992:030791
Exports,HS1992:030799
Exports,HS1992:040110
Exports,HS1992:040120
Exports,HS1992:040130
Exports,HS1992:040210
Exports,HS1992:040221
Exports,HS1992:040229
Exports,HS1992:040291
Exports,HS1992:040299
Exports,HS1992:040310
Exports,HS1992:040390
Exports,HS1992:040410
Exports,HS1992:040490
Exports,HS1992:040500
Exports,HS1992:040610
Exports,HS1992:040620
Exports,HS1992:040630
Exports,HS1992:040640
Exports,HS1992:040690
Exports,HS1992:040700
Exports,HS1992:040811
Exports,HS1992:040819
Exports,HS1992:040891
Exports,HS1992:040899
Exports,HS1992:040900
Exports,HS1992:041000
Exports,HS1992:050100
Exports,HS1992:050210
Exports,HS1992:050290
Exports,HS1992:050300
Exports,HS1992:050400
Exports,HS1992:050510
Exports,HS1992:050590
Exports,HS1992:050610
Exports,HS1992:050690
Exports,HS1992:050710
Exports,HS1992:050790
Exports,HS1992:050800
Exports,HS1992:050900
Exports,HS1992:051000
Exports,HS1992:051110
Exports,HS1992:051191
Exports,HS1992:051199
Exports,HS1992:060110
Exports,HS1992:060120
Exports,HS1992:060210
Exports,HS1992:060220
Exports,HS1992:060230
Exports,HS1992:060240
Exports,HS1992:060291
Exports,HS1992:060299
Exports,HS1992:060310
Exports,HS1992:060390
Exports,HS1992:060410
Exports,HS1992:060491
Exports,HS1992:060499
Exports,HS1992:070110
Exports,HS1992:070190
Exports,HS1992:070200
Exports,HS1992:070310
Exports,HS1992:070320
Exports,HS1992:070390
Exports,HS1992:070410
Exports,HS1992:070420
Exports,HS1992:070490
Exports,HS1992:070511
Exports,HS1992:070519
Exports,HS1992:070521
Exports,HS1992:070529
Exports,HS1992:070610
Exports,HS1992:070690
Exports,HS1992:070700
Exports,HS1992:070810
Exports,HS1992:070820
Exports,HS1992:070890
Exports,HS1992:070910
Exports,HS1992:070920
Exports,HS1992:070930
Exports,HS1992:070940
Exports,HS1992:070951
Exports,HS1992:070952
Exports,HS1992:070960
Exports,HS1992:070970
Exports,HS1992:070990
Exports,HS1992:071010
Exports,HS1992:071021
Exports,HS1992:071022
Exports,HS1992:071029
Exports,HS1992:071030
Exports,HS1992:071040
Exports,HS1992:071080
Exports,HS1992:071090
Exports,HS1992:071110
Exports,HS1992:071120
Exports,HS1992:071130
Exports,HS1992:071140
Exports,HS1992:071190
Exports,HS1992:071210
Exports,HS1992:071220
Exports,HS1992:071230
Exports,HS1992:071290
Exports,HS1992:071310
Exports,HS1992:071320
Exports,HS1992:071331
Exports,HS1992:071332
Exports,HS1992:071333
Exports,HS1992:071339
Exports,HS1992:071340
Exports,HS1992:071350
Exports,HS1992:071390
Exports,HS1992:071410
Exports,HS1992:071420
Exports,HS1992:071490
Exports,HS1992:080110
Exports,HS1992:080120
Exports,HS1992:080130
Exports,HS1992:080211
Exports,HS1992:080212
Exports,HS1992:080221
Exports,HS1992:080222
Exports,HS1992:080231
Exports,HS1992:080232
Exports,HS1992:080240
Exports,HS1992:080250
Exports,HS1992:080290
Exports,HS1992:080300
Exports,HS1992:080410
Exports,HS1992:080420
Exports,HS1992:080430
Exports,HS1992:080440
Exports,HS1992:080450
Exports,HS1992:080510
Exports,HS1992:080520
Exports,HS1992:080530
Exports,HS1992:080540
Exports,HS1992:080590
Exports,HS1992:080610
Exports,HS1992:080620
Exports,HS1992:080710
Exports,HS1992:080720
Exports,HS1992:080810
Exports,HS1992:080820
Exports,HS1992:080910
Exports,HS1992:080920
Exports,HS1992:080930
Exports,HS1992:080940
Exports,HS1992:081010
Exports,HS1992:081020
Exports,HS1992:081030
Exports,HS1992:081040
Exports,HS1992:081090
Exports,HS1992:081110
Exports,HS1992:081120
Exports,HS1992:081190
Exports,HS1992:081210
Exports,HS1992:081220
Exports,HS1992:081290
Exports,HS1992:081310
Exports,HS1992:081320
Exports,HS1992:081330
Exports,HS1992:081340
Exports,HS1992:081350
Exports,HS1992:081400
Exports,HS1992:090111
Exports,HS1992:090112
Exports,HS1992:090121
Exports,HS1992:090122
Exports,HS1992:090130
Exports,HS1992:090140
Exports,HS1992:090210
Exports,HS1992:090220
Exports,HS1992:090230
Exports,HS1992:090240
Exports,HS1992:090300
Exports,HS1992:090411
Exports,HS1992:090412
Exports,HS1992:090420
Exports,HS1992:090500
Exports,HS1992:090610
Exports,HS1992:090620
Exports,HS1992:090700
Exports,HS1992:090810
Exports,HS1992:090820
Exports,HS1992:090830
Exports,HS1992:090910
Exports,HS1992:090920
Exports,HS1992:090930
Exports,HS1992:090940
Exports,HS1992:090950
Exports,HS1992:091010
Exports,HS1992:091020
Exports,HS1992:091030
Exports,HS1992:091040
Exports,HS1992:091050
Exports,HS1992:091091
Exports,HS1992:091099
Exports,HS1992:100110
Exports,HS1992:100190
Exports,HS1992:100200
Exports,HS1992:100300
Exports,HS1992:100400
Exports,HS1992:100510
Exports,HS1992:100590
Exports,HS1992:100610
Exports,HS1992:100620
Exports,HS1992:100630
Exports,HS1992:100640
Exports,HS1992:100700
Exports,HS1992:100810
Exports,HS1992:100820
Exports,HS1992:100830
Exports,HS1992:100890
Exports,HS1992:110100
Exports,HS1992:110210
Exports,HS1992:110220
Exports,HS1992:110230
Exports,HS1992:110290
Exports,HS1992:110311
Exports,HS1992:110312
Exports,HS1992:110313
Exports,HS1992:110314
Exports,HS1992:110319
Exports,HS1992:110321
Exports,HS1992:110329
Exports,HS1992:110411
Exports,HS1992:110412
Exports,HS1992:110419
Exports,HS1992:110421
Exports,HS1992:110422
Exports,HS1992:110423
Exports,HS1992:110429
Exports,HS1992:110430
Exports,HS1992:110510
Exports,HS1992:110520
Exports,HS1992:110610
Exports,HS1992:110620
Exports,HS1992:110630
Exports,HS1992:110710
Exports,HS1992:110720
Exports,HS1992:110811
Exports,HS1992:110812
Exports,HS1992:110813
Exports,HS1992:110814
Exports,HS1992:110819
Exports,HS1992:110820
Exports,HS1992:110900
Exports,HS1992:120100
Exports,HS1992:120210
Exports,HS1992:120220
Exports,HS1992:120300
Exports,HS1992:120400
Exports,HS1992:120500
Exports,HS1992:120600
Exports,HS1992:120710
Exports,HS1992:120720
Exports,HS1992:120730
Exports,HS1992:120740
Exports,HS1992:120750
Exports,HS1992:120760
Exports,HS1992:120791
Exports,HS1992:120792
Exports,HS1992:120799
Exports,HS1992:120810
Exports,HS1992:120890
Exports,HS1992:120911
Exports,HS1992:120919
Exports,HS1992:120921
Exports,HS1992:120922
Exports,HS1992:120923
Exports,HS1992:120924
Exports,HS1992:120925
Exports,HS1992:120926
Exports,HS1992:120929
Exports,HS1992:120930
Exports,HS1992:120991
Exports,HS1992:120999
Exports,HS1992:121010
Exports,HS1992:121020
Exports,HS1992:121110
Exports,HS1992:121120
Exports,HS1992:121190
Exports,HS1992:121210
Exports,HS1992:121220
Exports,HS1992:121230
Exports,HS1992:121291
Exports,HS1992:121292
Exports,HS1992:121299
Exports,HS1992:121300
Exports,HS1992:121410
Exports,HS1992:121490
Exports,HS1992:130110
Exports,HS1992:130120
Exports,HS1992:130190
Exports,HS1992:130211
Exports,HS1992:130212
Exports,HS1992:130213
Exports,HS1992:130214
Exports,HS1992:130219
Exports,HS1992:130220
Exports,HS1992:130231
Exports,HS1992:130232
Exports,HS1992:130239
Exports,HS1992:140110
Exports,HS1992:140120
Exports,HS1992:140190
Exports,HS1992:140210
Exports,HS1992:140291
Exports,HS1992:140299
Exports,HS1992:140310
Exports,HS1992:140390
Exports,HS1992:140410
Exports,HS1992:140420
Exports,HS1992:140490
Exports,HS1992:150100
Exports,HS1992:150200
Exports,HS1992:150300
Exports,HS1992:150410
Exports,HS1992:150420
Exports,HS1992:150430
Exports,HS1992:150510
Exports,HS1992:150590
Exports,HS1992:150600
Exports,HS1992:150710
Exports,HS1992:150790
Exports,HS1992:150810
Exports,HS1992:150890
Exports,HS1992:150910
Exports,HS1992:150990
Exports,HS1992:151000
Exports,HS1992:151110
Exports,HS1992:151190
Exports,HS1992:151211
Exports,HS1992:151219
Exports,HS1992:151221
Exports,HS1992:151229
Exports,HS1992:151311
Exports,HS1992:151319
Exports,HS1992:151321
Exports,HS1992:151329
Exports,HS1992:151410
Exports,HS1992:151490
Exports,HS1992:151511
Exports,HS1992:151519
Exports,HS1992:151521
Exports,HS1992:151529
Exports,HS1992:151530
Exports,HS1992:151540
Exports,HS1992:151550
Exports,HS1992:151560
Exports,HS1992:151590
Exports,HS1992:151610
Exports,HS1992:151620
Exports,HS1992:151710
Exports,HS1992:151790
Exports,HS1992:151800
Exports,HS1992:151911
Exports,HS1992:151912
Exports,HS1992:151913
Exports,HS1992:151919
Exports,HS1992:151920
Exports,HS1992:151930
Exports,HS1992:152010
Exports,HS1992:152090
Exports,HS1992:152110
Exports,HS1992:152190
Exports,HS1992:152200
Exports,HS1992:160100
Exports,HS1992:160210
Exports,HS1992:160220
Exports,HS1992:160231
Exports,HS1992:160239
Exports,HS1992:160241
Exports,HS1992:160242
Exports,HS1992:160249
Exports,HS1992:160250
Exports,HS1992:160290
Exports,HS1992:160300
Exports,HS1992:160411
Exports,HS1992:160412
Exports,HS1992:160413
Exports,HS1992:160414
Exports,HS1992:160415
Exports,HS1992:160416
Exports,HS1992:160419
Exports,HS1992:160420
Exports,HS1992:160430
Exports,HS1992:160510
Exports,HS1992:160520
Exports,HS1992:160530
Exports,HS1992:160540
Exports,HS1992:160590
Exports,HS1992:170111
Exports,HS1992:170112
Exports,HS1992:170191
Exports,HS1992:170199
Exports,HS1992:170210
Exports,HS1992:170220
Exports,HS1992:170230
Exports,HS1992:170240
Exports,HS1992:170250
Exports,HS1992:170260
Exports,HS1992:170290
Exports,HS1992:170310
Exports,HS1992:170390
Exports,HS1992:170410
Exports,HS1992:170490
Exports,HS1992:180100
Exports,HS1992:180200
Exports,HS1992:180310
Exports,HS1992:180320
Exports,HS1992:180400
Exports,HS1992:180500
Exports,HS1992:180610
Exports,HS1992:180620
Exports,HS1992:180631
Exports,HS1992:180632
Exports,HS1992:180690
Exports,HS1992:190110
Exports,HS1992:190120
Exports,HS1992:190190
Exports,HS1992:190211
Exports,HS1992:190219
Exports,HS1992:190220
Exports,HS1992:190230
Exports,HS1992:190240
Exports,HS1992:190300
Exports,HS1992:190410
Exports,HS1992:190490
Exports,HS1992:190510
Exports,HS1992:190520
Exports,HS1992:190530
Exports,HS1992:190540
Exports,HS1992:190590
Exports,HS1992:200110
Exports,HS1992:200120
Exports,HS1992:200190
Exports,HS1992:200210
Exports,HS1992:200290
Exports,HS1992:200310
Exports,HS1992:200320
Exports,HS1992:200410
Exports,HS1992:200490
Exports,HS1992:200510
Exports,HS1992:200520
Exports,HS1992:200530
Exports,HS1992:200540
Exports,HS1992:200551
Exports,HS1992:200559
Exports,HS1992:200560
Exports,HS1992:200570
Exports,HS1992:200580
Exports,HS1992:200590
Exports,HS1992:200600
Exports,HS1992:200710
Exports,HS1992:200791
Exports,HS1992:200799
Exports,HS1992:200811
Exports,HS1992:200819
Exports,HS1992:200820
Exports,HS1992:200830
Exports,HS1992:200840
Exports,HS1992:200850
Exports,HS1992:200860
Exports,HS1992:200870
Exports,HS1992:200880
Exports,HS1992:200891
Exports,HS1992:200892
Exports,HS1992:200899
Exports,HS1992:200911
Exports,HS1992:200919
Exports,HS1992:200920
Exports,HS1992:200930
Exports,HS1992:200940
Exports,HS1992:200950
Exports,HS1992:200960
Exports,HS1992:200970
Exports,HS1992:200980
Exports,HS1992:200990
Exports,HS1992:210110
Exports,HS1992:210120
Exports,HS1992:210130
Exports,HS1992:210210
Exports,HS1992:210220
Exports,HS1992:210230
Exports,HS1992:210310
Exports,HS1992:210320
Exports,HS1992:210330
Exports,HS1992:210390
Exports,HS1992:210410
Exports,HS1992:210420
Exports,HS1992:210500
Exports,HS1992:210610
Exports,HS1992:210690
Exports,HS1992:220110
Exports,HS1992:220190
Exports,HS1992:220210
Exports,HS1992:220290
Exports,HS1992:220300
Exports,HS1992:220410
Exports,HS1992:220421
Exports,HS1992:220429
Exports,HS1992:220430
Exports,HS1992:220510
Exports,HS1992:220590
Exports,HS1992:220600
Exports,HS1992:220710
Exports,HS1992:220720
Exports,HS1992:220810
Exports,HS1992:220820
Exports,HS1992:220830
Exports,HS1992:220840
Exports,HS1992:220850
Exports,HS1992:220890
Exports,HS1992:220900
Exports,HS1992:230110
Exports,HS1992:230120
Exports,HS1992:230210
Exports,HS1992:230220
Exports,HS1992:230230
Exports,HS1992:230240
Exports,HS1992:230250
Exports,HS1992:230310
Exports,HS1992:230320
Exports,HS1992:230330
Exports,HS1992:230400
Exports,HS1992:230500
Exports,HS1992:230610
Exports,HS1992:230620
Exports,HS1992:230630
Exports,HS1992:230640
Exports,HS1992:230650
Exports,HS1992:230660
Exports,HS1992:230690
Exports,HS1992:230700
Exports,HS1992:230810
Exports,HS1992:230890
Exports,HS1992:230910
Exports,HS1992:230990
Exports,HS1992:240110
Exports,HS1992:240120
Exports,HS1992:240130
Exports,HS1992:240210
Exports,HS1992:240220
Exports,HS1992:240290
Exports,HS1992:240310
Exports,HS1992:240391
Exports,HS1992:240399
Exports,HS1992:250100
Exports,HS1992:250200
Exports,HS1992:250310
Exports,HS1992:250390
Exports,HS1992:250410
Exports,HS1992:250490
Exports,HS1992:250510
Exports,HS1992:250590
Exports,HS1992:250610
Exports,HS1992:250621
Exports,HS1992:250629
Exports,HS1992:250700
Exports,HS1992:250810
Exports,HS1992:250820
Exports,HS1992:250830
Exports,HS1992:250840
Exports,HS1992:250850
Exports,HS1992:250860
Exports,HS1992:250870
Exports,HS1992:250900
Exports,HS1992:251010
Exports,HS1992:251020
Exports,HS1992:251110
Exports,HS1992:251120
Exports,HS1992:251200
Exports,HS1992:251311
Exports,HS1992:251319
Exports,HS1992:251321
Exports,HS1992:251329
Exports,HS1992:251400
Exports,HS1992:251511
Exports,HS1992:251512
Exports,HS1992:251520
Exports,HS1992:251611
Exports,HS1992:251612
Exports,HS1992:251621
Exports,HS1992:251622
Exports,HS1992:251690
Exports,HS1992:251710
Exports,HS1992:251720
Exports,HS1992:251730
Exports,HS1992:251741
Exports,HS1992:251749
Exports,HS1992:251810
Exports,HS1992:251820
Exports,HS1992:251830
Exports,HS1992:251910
Exports,HS1992:251990
Exports,HS1992:252010
Exports,HS1992:252020
Exports,HS1992:252100
Exports,HS1992:252210
Exports,HS1992:252220
Exports,HS1992:252230
Exports,HS1992:252310
Exports,HS1992:252321
Exports,HS1992:252329
Exports,HS1992:252330
Exports,HS1992:252390
Exports,HS1992:252400
Exports,HS1992:252510
Exports,HS1992:252520
Exports,HS1992:252530
Exports,HS1992:252610
Exports,HS1992:252620
Exports,HS1992:252700
Exports,HS1992:252810
Exports,HS1992:252890
Exports,HS1992:252910
Exports,HS1992:252921
Exports,HS1992:252922
Exports,HS1992:252930
Exports,HS1992:253010
Exports,HS1992:253020
Exports,HS1992:253030
Exports,HS1992:253040
Exports,HS1992:253090
Exports,HS1992:260111
Exports,HS1992:260112
Exports,HS1992:260120
Exports,HS1992:260200
Exports,HS1992:260300
Exports,HS1992:260400
Exports,HS1992:260500
Exports,HS1992:260600
Exports,HS1992:260700
Exports,HS1992:260800
Exports,HS1992:260900
Exports,HS1992:261000
Exports,HS1992:261100
Exports,HS1992:261210
Exports,HS1992:261220
Exports,HS1992:261310
Exports,HS1992:261390
Exports,HS1992:261400
Exports,HS1992:261510
Exports,HS1992:261590
Exports,HS1992:261610
Exports,HS1992:261690
Exports,HS1992:261710
Exports,HS1992:261790
Exports,HS1992:261800
Exports,HS1992:261900
Exports,HS1992:262011
Exports,HS1992:262019
Exports,HS1992:262020
Exports,HS1992:262030
Exports,HS1992:262040
Exports,HS1992:262050
Exports,HS1992:262090
Exports,HS1992:262100
Exports,HS1992:270111
Exports,HS1992:270112
Exports,HS1992:270119
Exports,HS1992:270120
Exports,HS1992:270210
Exports,HS1992:270220
Exports,HS1992:270300
Exports,HS1992:270400
Exports,HS1992:270500
Exports,HS1992:270600
Exports,HS1992:270710
Exports,HS1992:270720
Exports,HS1992:270730
Exports,HS1992:270740
Exports,HS1992:270750
Exports,HS1992:270760
Exports,HS1992:270791
Exports,HS1992:270799
Exports,HS1992:270810
Exports,HS1992:270820
Exports,HS1992:270900
Exports,HS1992:271000
Exports,HS1992:271011
Exports,HS1992:271012
Exports,HS1992:271013
Exports,HS1992:271014
Exports,HS1992:271015
Exports,HS1992:271016
Exports,HS1992:271019
Exports,HS1992:271021
Exports,HS1992:271022
Exports,HS1992:271025
Exports,HS1992:271026
Exports,HS1992:271027
Exports,HS1992:271029
Exports,HS1992:271091
Exports,HS1992:271093
Exports,HS1992:271094
Exports,HS1992:271095
Exports,HS1992:271096
Exports,HS1992:271099
Exports,HS1992:271111
Exports,HS1992:271112
Exports,HS1992:271113
Exports,HS1992:271114
Exports,HS1992:271119
Exports,HS1992:271121
Exports,HS1992:271129
Exports,HS1992:271210
Exports,HS1992:271220
Exports,HS1992:271290
Exports,HS1992:271311
Exports,HS1992:271312
Exports,HS1992:271320
Exports,HS1992:271390
Exports,HS1992:271410
Exports,HS1992:271490
Exports,HS1992:271500
Exports,HS1992:271600
Exports,HS1992:280110
Exports,HS1992:280120
Exports,HS1992:280130
Exports,HS1992:280200
Exports,HS1992:280300
Exports,HS1992:280410
Exports,HS1992:280421
Exports,HS1992:280429
Exports,HS1992:280430
Exports,HS1992:280440
Exports,HS1992:280450
Exports,HS1992:280461
Exports,HS1992:280469
Exports,HS1992:280470
Exports,HS1992:280480
Exports,HS1992:280490
Exports,HS1992:280511
Exports,HS1992:280519
Exports,HS1992:280521
Exports,HS1992:280522
Exports,HS1992:280530
Exports,HS1992:280540
Exports,HS1992:280610
Exports,HS1992:280620
Exports,HS1992:280700
Exports,HS1992:280800
Exports,HS1992:280910
Exports,HS1992:280920
Exports,HS1992:281000
Exports,HS1992:281111
Exports,HS1992:281119
Exports,HS1992:281121
Exports,HS1992:281122
Exports,HS1992:281123
Exports,HS1992:281129
Exports,HS1992:281210
Exports,HS1992:281290
Exports,HS1992:281310
Exports,HS1992:281390
Exports,HS1992:281410
Exports,HS1992:281420
Exports,HS1992:281511
Exports,HS1992:281512
Exports,HS1992:281520
Exports,HS1992:281530
Exports,HS1992:281610
Exports,HS1992:281620
Exports,HS1992:281630
Exports,HS1992:281700
Exports,HS1992:281810
Exports,HS1992:281820
Exports,HS1992:281830
Exports,HS1992:281910
Exports,HS1992:281990
Exports,HS1992:282010
Exports,HS1992:282090
Exports,HS1992:282110
Exports,HS1992:282120
Exports,HS1992:282200
Exports,HS1992:282300
Exports,HS1992:282410
Exports,HS1992:282420
Exports,HS1992:282490
Exports,HS1992:282510
Exports,HS1992:282520
Exports,HS1992:282530
Exports,HS1992:282540
Exports,HS1992:282550
Exports,HS1992:282560
Exports,HS1992:282570
Exports,HS1992:282580
Exports,HS1992:282590
Exports,HS1992:282611
Exports,HS1992:282612
Exports,HS1992:282619
Exports,HS1992:282620
Exports,HS1992:282630
Exports,HS1992:282690
Exports,HS1992:282710
Exports,HS1992:282720
Exports,HS1992:282731
Exports,HS1992:282732
Exports,HS1992:282733
Exports,HS1992:282734
Exports,HS1992:282735
Exports,HS1992:282736
Exports,HS1992:282737
Exports,HS1992:282738
Exports,HS1992:282739
Exports,HS1992:282741
Exports,HS1992:282749
Exports,HS1992:282751
Exports,HS1992:282759
Exports,HS1992:282760
Exports,HS1992:282810
Exports,HS1992:282890
Exports,HS1992:282911
Exports,HS1992:282919
Exports,HS1992:282990
Exports,HS1992:283010
Exports,HS1992:283020
Exports,HS1992:283030
Exports,HS1992:283090
Exports,HS1992:283110
Exports,HS1992:283190
Exports,HS1992:283210
Exports,HS1992:283220
Exports,HS1992:283230
Exports,HS1992:283311
Exports,HS1992:283319
Exports,HS1992:283321
Exports,HS1992:283322
Exports,HS1992:283323
Exports,HS1992:283324
Exports,HS1992:283325
Exports,HS1992:283326
Exports,HS1992:283327
Exports,HS1992:283329
Exports,HS1992:283330
Exports,HS1992:283340
Exports,HS1992:283410
Exports,HS1992:283421
Exports,HS1992:283422
Exports,HS1992:283429
Exports,HS1992:283510
Exports,HS1992:283521
Exports,HS1992:283522
Exports,HS1992:283523
Exports,HS1992:283524
Exports,HS1992:283525
Exports,HS1992:283526
Exports,HS1992:283529
Exports,HS1992:283531
Exports,HS1992:283539
Exports,HS1992:283610
Exports,HS1992:283620
Exports,HS1992:283630
Exports,HS1992:283640
Exports,HS1992:283650
Exports,HS1992:283660
Exports,HS1992:283670
Exports,HS1992:283691
Exports,HS1992:283692
Exports,HS1992:283693
Exports,HS1992:283699
Exports,HS1992:283711
Exports,HS1992:283719
Exports,HS1992:283720
Exports,HS1992:283800
Exports,HS1992:283911
Exports,HS1992:283919
Exports,HS1992:283920
Exports,HS1992:283990
Exports,HS1992:284011
Exports,HS1992:284019
Exports,HS1992:284020
Exports,HS1992:284030
Exports,HS1992:284110
Exports,HS1992:284120
Exports,HS1992:284130
Exports,HS1992:284140
Exports,HS1992:284150
Exports,HS1992:284160
Exports,HS1992:284170
Exports,HS1992:284180
Exports,HS1992:284190
Exports,HS1992:284210
Exports,HS1992:284290
Exports,HS1992:284310
Exports,HS1992:284321
Exports,HS1992:284329
Exports,HS1992:284330
Exports,HS1992:284390
Exports,HS1992:284410
Exports,HS1992:284420
Exports,HS1992:284430
Exports,HS1992:284440
Exports,HS1992:284450
Exports,HS1992:284510
Exports,HS1992:284590
Exports,HS1992:284610
Exports,HS1992:284690
Exports,HS1992:284700
Exports,HS1992:284810
Exports,HS1992:284890
Exports,HS1992:284910
Exports,HS1992:284920
Exports,HS1992:284990
Exports,HS1992:285000
Exports,HS1992:285100
Exports,HS1992:290110
Exports,HS1992:290121
Exports,HS1992:290122
Exports,HS1992:290123
Exports,HS1992:290124
Exports,HS1992:290129
Exports,HS1992:290211
Exports,HS1992:290219
Exports,HS1992:290220
Exports,HS1992:290230
Exports,HS1992:290241
Exports,HS1992:290242
Exports,HS1992:290243
Exports,HS1992:290244
Exports,HS1992:290250
Exports,HS1992:290260
Exports,HS1992:290270
Exports,HS1992:290290
Exports,HS1992:290311
Exports,HS1992:290312
Exports,HS1992:290313
Exports,HS1992:290314
Exports,HS1992:290315
Exports,HS1992:290316
Exports,HS1992:290319
Exports,HS1992:290321
Exports,HS1992:290322
Exports,HS1992:290323
Exports,HS1992:290329
Exports,HS1992:290330
Exports,HS1992:290340
Exports,HS1992:290351
Exports,HS1992:290359
Exports,HS1992:290361
Exports,HS1992:290362
Exports,HS1992:290369
Exports,HS1992:290410
Exports,HS1992:290420
Exports,HS1992:290490
Exports,HS1992:290511
Exports,HS1992:290512
Exports,HS1992:290513
Exports,HS1992:290514
Exports,HS1992:290515
Exports,HS1992:290516
Exports,HS1992:290517
Exports,HS1992:290519
Exports,HS1992:290521
Exports,HS1992:290522
Exports,HS1992:290529
Exports,HS1992:290531
Exports,HS1992:290532
Exports,HS1992:290539
Exports,HS1992:290541
Exports,HS1992:290542
Exports,HS1992:290543
Exports,HS1992:290544
Exports,HS1992:290549
Exports,HS1992:290550
Exports,HS1992:290611
Exports,HS1992:290612
Exports,HS1992:290613
Exports,HS1992:290614
Exports,HS1992:290619
Exports,HS1992:290621
Exports,HS1992:290629
Exports,HS1992:290711
Exports,HS1992:290712
Exports,HS1992:290713
Exports,HS1992:290714
Exports,HS1992:290715
Exports,HS1992:290719
Exports,HS1992:290721
Exports,HS1992:290722
Exports,HS1992:290723
Exports,HS1992:290729
Exports,HS1992:290730
Exports,HS1992:290810
Exports,HS1992:290820
Exports,HS1992:290890
Exports,HS1992:290911
Exports,HS1992:290919
Exports,HS1992:290920
Exports,HS1992:290930
Exports,HS1992:290941
Exports,HS1992:290942
Exports,HS1992:290943
Exports,HS1992:290944
Exports,HS1992:290949
Exports,HS1992:290950
Exports,HS1992:290960
Exports,HS1992:291010
Exports,HS1992:291020
Exports,HS1992:291030
Exports,HS1992:291090
Exports,HS1992:291100
Exports,HS1992:291211
Exports,HS1992:291212
Exports,HS1992:291213
Exports,HS1992:291219
Exports,HS1992:291221
Exports,HS1992:291229
Exports,HS1992:291230
Exports,HS1992:291241
Exports,HS1992:291242
Exports,HS1992:291249
Exports,HS1992:291250
Exports,HS1992:291260
Exports,HS1992:291300
Exports,HS1992:291411
Exports,HS1992:291412
Exports,HS1992:291413
Exports,HS1992:291419
Exports,HS1992:291421
Exports,HS1992:291422
Exports,HS1992:291423
Exports,HS1992:291429
Exports,HS1992:291430
Exports,HS1992:291441
Exports,HS1992:291449
Exports,HS1992:291450
Exports,HS1992:291461
Exports,HS1992:291469
Exports,HS1992:291470
Exports,HS1992:291511
Exports,HS1992:291512
Exports,HS1992:291513
Exports,HS1992:291521
Exports,HS1992:291522
Exports,HS1992:291523
Exports,HS1992:291524
Exports,HS1992:291529
Exports,HS1992:291531
Exports,HS1992:291532
Exports,HS1992:291533
Exports,HS1992:291534
Exports,HS1992:291535
Exports,HS1992:291539
Exports,HS1992:291540
Exports,HS1992:291550
Exports,HS1992:291560
Exports,HS1992:291570
Exports,HS1992:291590
Exports,HS1992:291611
Exports,HS1992:291612
Exports,HS1992:291613
Exports,HS1992:291614
Exports,HS1992:291615
Exports,HS1992:291619
Exports,HS1992:291620
Exports,HS1992:291631
Exports,HS1992:291632
Exports,HS1992:291633
Exports,HS1992:291639
Exports,HS1992:291711
Exports,HS1992:291712
Exports,HS1992:291713
Exports,HS1992:291714
Exports,HS1992:291719
Exports,HS1992:291720
Exports,HS1992:291731
Exports,HS1992:291732
Exports,HS1992:291733
Exports,HS1992:291734
Exports,HS1992:291735
Exports,HS1992:291736
Exports,HS1992:291737
Exports,HS1992:291739
Exports,HS1992:291811
Exports,HS1992:291812
Exports,HS1992:291813
Exports,HS1992:291814
Exports,HS1992:291815
Exports,HS1992:291816
Exports,HS1992:291817
Exports,HS1992:291819
Exports,HS1992:291821
Exports,HS1992:291822
Exports,HS1992:291823
Exports,HS1992:291829
Exports,HS1992:291830
Exports,HS1992:291890
Exports,HS1992:291900
Exports,HS1992:292010
Exports,HS1992:292090
Exports,HS1992:292111
Exports,HS1992:292112
Exports,HS1992:292119
Exports,HS1992:292121
Exports,HS1992:292122
Exports,HS1992:292129
Exports,HS1992:292130
Exports,HS1992:292141
Exports,HS1992:292142
Exports,HS1992:292143
Exports,HS1992:292144
Exports,HS1992:292145
Exports,HS1992:292149
Exports,HS1992:292151
Exports,HS1992:292159
Exports,HS1992:292211
Exports,HS1992:292212
Exports,HS1992:292213
Exports,HS1992:292219
Exports,HS1992:292221
Exports,HS1992:292222
Exports,HS1992:292229
Exports,HS1992:292230
Exports,HS1992:292241
Exports,HS1992:292242
Exports,HS1992:292249
Exports,HS1992:292250
Exports,HS1992:292310
Exports,HS1992:292320
Exports,HS1992:292390
Exports,HS1992:292410
Exports,HS1992:292421
Exports,HS1992:292429
Exports,HS1992:292511
Exports,HS1992:292519
Exports,HS1992:292520
Exports,HS1992:292610
Exports,HS1992:292620
Exports,HS1992:292690
Exports,HS1992:292700
Exports,HS1992:292800
Exports,HS1992:292910
Exports,HS1992:292990
Exports,HS1992:293010
Exports,HS1992:293020
Exports,HS1992:293030
Exports,HS1992:293040
Exports,HS1992:293090
Exports,HS1992:293100
Exports,HS1992:293211
Exports,HS1992:293212
Exports,HS1992:293213
Exports,HS1992:293219
Exports,HS1992:293221
Exports,HS1992:293229
Exports,HS1992:293290
Exports,HS1992:293311
Exports,HS1992:293319
Exports,HS1992:293321
Exports,HS1992:293329
Exports,HS1992:293331
Exports,HS1992:293339
Exports,HS1992:293340
Exports,HS1992:293351
Exports,HS1992:293359
Exports,HS1992:293361
Exports,HS1992:293369
Exports,HS1992:293371
Exports,HS1992:293379
Exports,HS1992:293390
Exports,HS1992:293410
Exports,HS1992:293420
Exports,HS1992:293430
Exports,HS1992:293490
Exports,HS1992:293500
Exports,HS1992:293610
Exports,HS1992:293621
Exports,HS1992:293622
Exports,HS1992:293623
Exports,HS1992:293624
Exports,HS1992:293625
Exports,HS1992:293626
Exports,HS1992:293627
Exports,HS1992:293628
Exports,HS1992:293629
Exports,HS1992:293690
Exports,HS1992:293710
Exports,HS1992:293721
Exports,HS1992:293722
Exports,HS1992:293729
Exports,HS1992:293791
Exports,HS1992:293792
Exports,HS1992:293799
Exports,HS1992:293810
Exports,HS1992:293890
Exports,HS1992:293910
Exports,HS1992:293921
Exports,HS1992:293929
Exports,HS1992:293930
Exports,HS1992:293940
Exports,HS1992:293950
Exports,HS1992:293960
Exports,HS1992:293970
Exports,HS1992:293990
Exports,HS1992:294000
Exports,HS1992:294110
Exports,HS1992:294120
Exports,HS1992:294130
Exports,HS1992:294140
Exports,HS1992:294150
Exports,HS1992:294190
Exports,HS1992:294200
Exports,HS1992:300110
Exports,HS1992:300120
Exports,HS1992:300190
Exports,HS1992:300210
Exports,HS1992:300220
Exports,HS1992:300231
Exports,HS1992:300239
Exports,HS1992:300290
Exports,HS1992:300310
Exports,HS1992:300320
Exports,HS1992:300331
Exports,HS1992:300339
Exports,HS1992:300340
Exports,HS1992:300390
Exports,HS1992:300410
Exports,HS1992:300420
Exports,HS1992:300431
Exports,HS1992:300432
Exports,HS1992:300439
Exports,HS1992:300440
Exports,HS1992:300450
Exports,HS1992:300490
Exports,HS1992:300510
Exports,HS1992:300590
Exports,HS1992:300610
Exports,HS1992:300620
Exports,HS1992:300630
Exports,HS1992:300640
Exports,HS1992:300650
Exports,HS1992:300660
Exports,HS1992:310100
Exports,HS1992:310210
Exports,HS1992:310221
Exports,HS1992:310229
Exports,HS1992:310230
Exports,HS1992:310240
Exports,HS1992:310250
Exports,HS1992:310260
Exports,HS1992:310270
Exports,HS1992:310280
Exports,HS1992:310290
Exports,HS1992:310310
Exports,HS1992:310320
Exports,HS1992:310390
Exports,HS1992:310410
Exports,HS1992:310420
Exports,HS1992:310430
Exports,HS1992:310490
Exports,HS1992:310510
Exports,HS1992:310520
Exports,HS1992:310530
Exports,HS1992:310540
Exports,HS1992:310551
Exports,HS1992:310559
Exports,HS1992:310560
Exports,HS1992:310590
Exports,HS1992:320110
Exports,HS1992:320120
Exports,HS1992:320130
Exports,HS1992:320190
Exports,HS1992:320210
Exports,HS1992:320290
Exports,HS1992:320300
Exports,HS1992:320411
Exports,HS1992:320412
Exports,HS1992:320413
Exports,HS1992:320414
Exports,HS1992:320415
Exports,HS1992:320416
Exports,HS1992:320417
Exports,HS1992:320419
Exports,HS1992:320420
Exports,HS1992:320490
Exports,HS1992:320500
Exports,HS1992:320610
Exports,HS1992:320620
Exports,HS1992:320630
Exports,HS1992:320641
Exports,HS1992:320642
Exports,HS1992:320643
Exports,HS1992:320649
Exports,HS1992:320650
Exports,HS1992:320710
Exports,HS1992:320720
Exports,HS1992:320730
Exports,HS1992:320740
Exports,HS1992:320810
Exports,HS1992:320820
Exports,HS1992:320890
Exports,HS1992:320910
Exports,HS1992:320990
Exports,HS1992:321000
Exports,HS1992:321100
Exports,HS1992:321210
Exports,HS1992:321290
Exports,HS1992:321310
Exports,HS1992:321390
Exports,HS1992:321410
Exports,HS1992:321490
Exports,HS1992:321511
Exports,HS1992:321519
Exports,HS1992:321590
Exports,HS1992:330111
Exports,HS1992:330112
Exports,HS1992:330113
Exports,HS1992:330114
Exports,HS1992:330119
Exports,HS1992:330121
Exports,HS1992:330122
Exports,HS1992:330123
Exports,HS1992:330124
Exports,HS1992:330125
Exports,HS1992:330126
Exports,HS1992:330129
Exports,HS1992:330130
Exports,HS1992:330190
Exports,HS1992:330210
Exports,HS1992:330290
Exports,HS1992:330300
Exports,HS1992:330410
Exports,HS1992:330420
Exports,HS1992:330430
Exports,HS1992:330491
Exports,HS1992:330499
Exports,HS1992:330510
Exports,HS1992:330520
Exports,HS1992:330530
Exports,HS1992:330590
Exports,HS1992:330610
Exports,HS1992:330690
Exports,HS1992:330710
Exports,HS1992:330720
Exports,HS1992:330730
Exports,HS1992:330741
Exports,HS1992:330749
Exports,HS1992:330790
Exports,HS1992:340111
Exports,HS1992:340119
Exports,HS1992:340120
Exports,HS1992:340211
Exports,HS1992:340212
Exports,HS1992:340213
Exports,HS1992:340219
Exports,HS1992:340220
Exports,HS1992:340290
Exports,HS1992:340311
Exports,HS1992:340319
Exports,HS1992:340391
Exports,HS1992:340399
Exports,HS1992:340410
Exports,HS1992:340420
Exports,HS1992:340490
Exports,HS1992:340510
Exports,HS1992:340520
Exports,HS1992:340530
Exports,HS1992:340540
Exports,HS1992:340590
Exports,HS1992:340600
Exports,HS1992:340700
Exports,HS1992:350110
Exports,HS1992:350190
Exports,HS1992:350210
Exports,HS1992:350290
Exports,HS1992:350300
Exports,HS1992:350400
Exports,HS1992:350510
Exports,HS1992:350520
Exports,HS1992:350610
Exports,HS1992:350691
Exports,HS1992:350699
Exports,HS1992:350710
Exports,HS1992:350790
Exports,HS1992:360100
Exports,HS1992:360200
Exports,HS1992:360300
Exports,HS1992:360410
Exports,HS1992:360490
Exports,HS1992:360500
Exports,HS1992:360610
Exports,HS1992:360690
Exports,HS1992:370110
Exports,HS1992:370120
Exports,HS1992:370130
Exports,HS1992:370191
Exports,HS1992:370199
Exports,HS1992:370210
Exports,HS1992:370220
Exports,HS1992:370231
Exports,HS1992:370232
Exports,HS1992:370239
Exports,HS1992:370241
Exports,HS1992:370242
Exports,HS1992:370243
Exports,HS1992:370244
Exports,HS1992:370251
Exports,HS1992:370252
Exports,HS1992:370253
Exports,HS1992:370254
Exports,HS1992:370255
Exports,HS1992:370256
Exports,HS1992:370291
Exports,HS1992:370292
Exports,HS1992:370293
Exports,HS1992:370294
Exports,HS1992:370295
Exports,HS1992:370310
Exports,HS1992:370320
Exports,HS1992:370390
Exports,HS1992:370400
Exports,HS1992:370510
Exports,HS1992:370520
Exports,HS1992:370590
Exports,HS1992:370610
Exports,HS1992:370690
Exports,HS1992:370710
Exports,HS1992:370790
Exports,HS1992:380110
Exports,HS1992:380120
Exports,HS1992:380130
Exports,HS1992:380190
Exports,HS1992:380210
Exports,HS1992:380290
Exports,HS1992:380300
Exports,HS1992:380400
Exports,HS1992:380510
Exports,HS1992:380520
Exports,HS1992:380590
Exports,HS1992:380610
Exports,HS1992:380620
Exports,HS1992:380630
Exports,HS1992:380690
Exports,HS1992:380700
Exports,HS1992:380810
Exports,HS1992:380820
Exports,HS1992:380830
Exports,HS1992:380840
Exports,HS1992:380890
Exports,HS1992:380910
Exports,HS1992:380991
Exports,HS1992:380992
Exports,HS1992:380993
Exports,HS1992:380999
Exports,HS1992:381010
Exports,HS1992:381090
Exports,HS1992:381111
Exports,HS1992:381119
Exports,HS1992:381121
Exports,HS1992:381129
Exports,HS1992:381190
Exports,HS1992:381210
Exports,HS1992:381220
Exports,HS1992:381230
Exports,HS1992:381300
Exports,HS1992:381400
Exports,HS1992:381511
Exports,HS1992:381512
Exports,HS1992:381519
Exports,HS1992:381590
Exports,HS1992:381600
Exports,HS1992:381710
Exports,HS1992:381720
Exports,HS1992:381800
Exports,HS1992:381900
Exports,HS1992:382000
Exports,HS1992:382100
Exports,HS1992:382200
Exports,HS1992:382310
Exports,HS1992:382320
Exports,HS1992:382330
Exports,HS1992:382340
Exports,HS1992:382350
Exports,HS1992:382360
Exports,HS1992:382390
Exports,HS1992:390110
Exports,HS1992:390120
Exports,HS1992:390130
Exports,HS1992:390190
Exports,HS1992:390210
Exports,HS1992:390220
Exports,HS1992:390230
Exports,HS1992:390290
Exports,HS1992:390311
Exports,HS1992:390319
Exports,HS1992:390320
Exports,HS1992:390330
Exports,HS1992:390390
Exports,HS1992:390410
Exports,HS1992:390421
Exports,HS1992:390422
Exports,HS1992:390430
Exports,HS1992:390440
Exports,HS1992:390450
Exports,HS1992:390461
Exports,HS1992:390469
Exports,HS1992:390490
Exports,HS1992:390511
Exports,HS1992:390519
Exports,HS1992:390520
Exports,HS1992:390590
Exports,HS1992:390610
Exports,HS1992:390690
Exports,HS1992:390710
Exports,HS1992:390720
Exports,HS1992:390730
Exports,HS1992:390740
Exports,HS1992:390750
Exports,HS1992:390760
Exports,HS1992:390791
Exports,HS1992:390799
Exports,HS1992:390810
Exports,HS1992:390890
Exports,HS1992:390910
Exports,HS1992:390920
Exports,HS1992:390930
Exports,HS1992:390940
Exports,HS1992:390950
Exports,HS1992:391000
Exports,HS1992:391110
Exports,HS1992:391190
Exports,HS1992:391211
Exports,HS1992:391212
Exports,HS1992:391220
Exports,HS1992:391231
Exports,HS1992:391239
Exports,HS1992:391290
Exports,HS1992:391310
Exports,HS1992:391390
Exports,HS1992:391400
Exports,HS1992:391510
Exports,HS1992:391520
Exports,HS1992:391530
Exports,HS1992:391590
Exports,HS1992:391610
Exports,HS1992:391620
Exports,HS1992:391690
Exports,HS1992:391710
Exports,HS1992:391721
Exports,HS1992:391722
Exports,HS1992:391723
Exports,HS1992:391729
Exports,HS1992:391731
Exports,HS1992:391732
Exports,HS1992:391733
Exports,HS1992:391739
Exports,HS1992:391740
Exports,HS1992:391810
Exports,HS1992:391890
Exports,HS1992:391910
Exports,HS1992:391990
Exports,HS1992:392010
Exports,HS1992:392020
Exports,HS1992:392030
Exports,HS1992:392041
Exports,HS1992:392042
Exports,HS1992:392051
Exports,HS1992:392059
Exports,HS1992:392061
Exports,HS1992:392062
Exports,HS1992:392063
Exports,HS1992:392069
Exports,HS1992:392071
Exports,HS1992:392072
Exports,HS1992:392073
Exports,HS1992:392079
Exports,HS1992:392091
Exports,HS1992:392092
Exports,HS1992:392093
Exports,HS1992:392094
Exports,HS1992:392099
Exports,HS1992:392111
Exports,HS1992:392112
Exports,HS1992:392113
Exports,HS1992:392114
Exports,HS1992:392119
Exports,HS1992:392190
Exports,HS1992:392210
Exports,HS1992:392220
Exports,HS1992:392290
Exports,HS1992:392310
Exports,HS1992:392321
Exports,HS1992:392329
Exports,HS1992:392330
Exports,HS1992:392340
Exports,HS1992:392350
Exports,HS1992:392390
Exports,HS1992:392410
Exports,HS1992:392490
Exports,HS1992:392510
Exports,HS1992:392520
Exports,HS1992:392530
Exports,HS1992:392590
Exports,HS1992:392610
Exports,HS1992:392620
Exports,HS1992:392630
Exports,HS1992:392640
Exports,HS1992:392690
Exports,HS1992:400110
Exports,HS1992:400121
Exports,HS1992:400122
Exports,HS1992:400129
Exports,HS1992:400130
Exports,HS1992:400211
Exports,HS1992:400219
Exports,HS1992:400220
Exports,HS1992:400231
Exports,HS1992:400239
Exports,HS1992:400241
Exports,HS1992:400249
Exports,HS1992:400251
Exports,HS1992:400259
Exports,HS1992:400260
Exports,HS1992:400270
Exports,HS1992:400280
Exports,HS1992:400291
Exports,HS1992:400299
Exports,HS1992:400300
Exports,HS1992:400400
Exports,HS1992:400510
Exports,HS1992:400520
Exports,HS1992:400591
Exports,HS1992:400599
Exports,HS1992:400610
Exports,HS1992:400690
Exports,HS1992:400700
Exports,HS1992:400811
Exports,HS1992:400819
Exports,HS1992:400821
Exports,HS1992:400829
Exports,HS1992:400910
Exports,HS1992:400920
Exports,HS1992:400930
Exports,HS1992:400940
Exports,HS1992:400950
Exports,HS1992:401010
Exports,HS1992:401091
Exports,HS1992:401099
Exports,HS1992:401110
Exports,HS1992:401120
Exports,HS1992:401130
Exports,HS1992:401140
Exports,HS1992:401150
Exports,HS1992:401191
Exports,HS1992:401199
Exports,HS1992:401210
Exports,HS1992:401220
Exports,HS1992:401290
Exports,HS1992:401310
Exports,HS1992:401320
Exports,HS1992:401390
Exports,HS1992:401410
Exports,HS1992:401490
Exports,HS1992:401511
Exports,HS1992:401519
Exports,HS1992:401590
Exports,HS1992:401610
Exports,HS1992:401691
Exports,HS1992:401692
Exports,HS1992:401693
Exports,HS1992:401694
Exports,HS1992:401695
Exports,HS1992:401699
Exports,HS1992:401700
Exports,HS1992:410110
Exports,HS1992:410121
Exports,HS1992:410122
Exports,HS1992:410129
Exports,HS1992:410130
Exports,HS1992:410140
Exports,HS1992:410210
Exports,HS1992:410221
Exports,HS1992:410229
Exports,HS1992:410310
Exports,HS1992:410320
Exports,HS1992:410390
Exports,HS1992:410410
Exports,HS1992:410421
Exports,HS1992:410422
Exports,HS1992:410429
Exports,HS1992:410431
Exports,HS1992:410439
Exports,HS1992:410511
Exports,HS1992:410512
Exports,HS1992:410519
Exports,HS1992:410520
Exports,HS1992:410611
Exports,HS1992:410612
Exports,HS1992:410619
Exports,HS1992:410620
Exports,HS1992:410710
Exports,HS1992:410721
Exports,HS1992:410729
Exports,HS1992:410790
Exports,HS1992:410800
Exports,HS1992:410900
Exports,HS1992:411000
Exports,HS1992:411100
Exports,HS1992:420100
Exports,HS1992:420211
Exports,HS1992:420212
Exports,HS1992:420219
Exports,HS1992:420221
Exports,HS1992:420222
Exports,HS1992:420229
Exports,HS1992:420231
Exports,HS1992:420232
Exports,HS1992:420239
Exports,HS1992:420291
Exports,HS1992:420292
Exports,HS1992:420299
Exports,HS1992:420310
Exports,HS1992:420321
Exports,HS1992:420329
Exports,HS1992:420330
Exports,HS1992:420340
Exports,HS1992:420400
Exports,HS1992:420500
Exports,HS1992:420610
Exports,HS1992:420690
Exports,HS1992:430110
Exports,HS1992:430120
Exports,HS1992:430130
Exports,HS1992:430140
Exports,HS1992:430150
Exports,HS1992:430160
Exports,HS1992:430170
Exports,HS1992:430180
Exports,HS1992:430190
Exports,HS1992:430211
Exports,HS1992:430212
Exports,HS1992:430213
Exports,HS1992:430219
Exports,HS1992:430220
Exports,HS1992:430230
Exports,HS1992:430310
Exports,HS1992:430390
Exports,HS1992:430400
Exports,HS1992:440110
Exports,HS1992:440121
Exports,HS1992:440122
Exports,HS1992:440130
Exports,HS1992:440200
Exports,HS1992:440310
Exports,HS1992:440320
Exports,HS1992:440331
Exports,HS1992:440332
Exports,HS1992:440333
Exports,HS1992:440334
Exports,HS1992:440335
Exports,HS1992:440391
Exports,HS1992:440392
Exports,HS1992:440399
Exports,HS1992:440410
Exports,HS1992:440420
Exports,HS1992:440500
Exports,HS1992:440610
Exports,HS1992:440690
Exports,HS1992:440710
Exports,HS1992:440721
Exports,HS1992:440722
Exports,HS1992:440723
Exports,HS1992:440791
Exports,HS1992:440792
Exports,HS1992:440799
Exports,HS1992:440810
Exports,HS1992:440820
Exports,HS1992:440890
Exports,HS1992:440910
Exports,HS1992:440920
Exports,HS1992:441010
Exports,HS1992:441090
Exports,HS1992:441111
Exports,HS1992:441119
Exports,HS1992:441121
Exports,HS1992:441129
Exports,HS1992:441131
Exports,HS1992:441139
Exports,HS1992:441191
Exports,HS1992:441199
Exports,HS1992:441211
Exports,HS1992:441212
Exports,HS1992:441219
Exports,HS1992:441221
Exports,HS1992:441229
Exports,HS1992:441291
Exports,HS1992:441299
Exports,HS1992:441300
Exports,HS1992:441400
Exports,HS1992:441510
Exports,HS1992:441520
Exports,HS1992:441600
Exports,HS1992:441700
Exports,HS1992:441810
Exports,HS1992:441820
Exports,HS1992:441830
Exports,HS1992:441840
Exports,HS1992:441850
Exports,HS1992:441890
Exports,HS1992:441900
Exports,HS1992:442010
Exports,HS1992:442090
Exports,HS1992:442110
Exports,HS1992:442190
Exports,HS1992:450110
Exports,HS1992:450190
Exports,HS1992:450200
Exports,HS1992:450310
Exports,HS1992:450390
Exports,HS1992:450410
Exports,HS1992:450490
Exports,HS1992:460110
Exports,HS1992:460120
Exports,HS1992:460191
Exports,HS1992:460199
Exports,HS1992:460210
Exports,HS1992:460290
Exports,HS1992:470100
Exports,HS1992:470200
Exports,HS1992:470311
Exports,HS1992:470319
Exports,HS1992:470321
Exports,HS1992:470329
Exports,HS1992:470411
Exports,HS1992:470419
Exports,HS1992:470421
Exports,HS1992:470429
Exports,HS1992:470500
Exports,HS1992:470610
Exports,HS1992:470691
Exports,HS1992:470692
Exports,HS1992:470693
Exports,HS1992:470710
Exports,HS1992:470720
Exports,HS1992:470730
Exports,HS1992:470790
Exports,HS1992:480100
Exports,HS1992:480210
Exports,HS1992:480220
Exports,HS1992:480230
Exports,HS1992:480240
Exports,HS1992:480251
Exports,HS1992:480252
Exports,HS1992:480253
Exports,HS1992:480260
Exports,HS1992:480300
Exports,HS1992:480411
Exports,HS1992:480419
Exports,HS1992:480421
Exports,HS1992:480429
Exports,HS1992:480431
Exports,HS1992:480439
Exports,HS1992:480441
Exports,HS1992:480442
Exports,HS1992:480449
Exports,HS1992:480451
Exports,HS1992:480452
Exports,HS1992:480459
Exports,HS1992:480510
Exports,HS1992:480521
Exports,HS1992:480522
Exports,HS1992:480523
Exports,HS1992:480529
Exports,HS1992:480530
Exports,HS1992:480540
Exports,HS1992:480550
Exports,HS1992:480560
Exports,HS1992:480570
Exports,HS1992:480580
Exports,HS1992:480610
Exports,HS1992:480620
Exports,HS1992:480630
Exports,HS1992:480640
Exports,HS1992:480710
Exports,HS1992:480791
Exports,HS1992:480799
Exports,HS1992:480810
Exports,HS1992:480820
Exports,HS1992:480830
Exports,HS1992:480890
Exports,HS1992:480910
Exports,HS1992:480920
Exports,HS1992:480990
Exports,HS1992:481011
Exports,HS1992:481012
Exports,HS1992:481021
Exports,HS1992:481029
Exports,HS1992:481031
Exports,HS1992:481032
Exports,HS1992:481039
Exports,HS1992:481091
Exports,HS1992:481099
Exports,HS1992:481110
Exports,HS1992:481121
Exports,HS1992:481129
Exports,HS1992:481131
Exports,HS1992:481139
Exports,HS1992:481140
Exports,HS1992:481190
Exports,HS1992:481200
Exports,HS1992:481310
Exports,HS1992:481320
Exports,HS1992:481390
Exports,HS1992:481410
Exports,HS1992:481420
Exports,HS1992:481430
Exports,HS1992:481490
Exports,HS1992:481500
Exports,HS1992:481610
Exports,HS1992:481620
Exports,HS1992:481630
Exports,HS1992:481690
Exports,HS1992:481710
Exports,HS1992:481720
Exports,HS1992:481730
Exports,HS1992:481810
Exports,HS1992:481820
Exports,HS1992:481830
Exports,HS1992:481840
Exports,HS1992:481850
Exports,HS1992:481890
Exports,HS1992:481910
Exports,HS1992:481920
Exports,HS1992:481930
Exports,HS1992:481940
Exports,HS1992:481950
Exports,HS1992:481960
Exports,HS1992:482010
Exports,HS1992:482020
Exports,HS1992:482030
Exports,HS1992:482040
Exports,HS1992:482050
Exports,HS1992:482090
Exports,HS1992:482110
Exports,HS1992:482190
Exports,HS1992:482210
Exports,HS1992:482290
Exports,HS1992:482311
Exports,HS1992:482319
Exports,HS1992:482320
Exports,HS1992:482330
Exports,HS1992:482340
Exports,HS1992:482351
Exports,HS1992:482359
Exports,HS1992:482360
Exports,HS1992:482370
Exports,HS1992:482390
Exports,HS1992:490110
Exports,HS1992:490191
Exports,HS1992:490199
Exports,HS1992:490210
Exports,HS1992:490290
Exports,HS1992:490300
Exports,HS1992:490400
Exports,HS1992:490510
Exports,HS1992:490591
Exports,HS1992:490599
Exports,HS1992:490600
Exports,HS1992:490700
Exports,HS1992:490810
Exports,HS1992:490890
Exports,HS1992:490900
Exports,HS1992:491000
Exports,HS1992:491110
Exports,HS1992:491191
Exports,HS1992:491199
Exports,HS1992:500100
Exports,HS1992:500200
Exports,HS1992:500310
Exports,HS1992:500390
Exports,HS1992:500400
Exports,HS1992:500500
Exports,HS1992:500600
Exports,HS1992:500710
Exports,HS1992:500720
Exports,HS1992:500790
Exports,HS1992:510111
Exports,HS1992:510119
Exports,HS1992:510121
Exports,HS1992:510129
Exports,HS1992:510130
Exports,HS1992:510210
Exports,HS1992:510220
Exports,HS1992:510310
Exports,HS1992:510320
Exports,HS1992:510330
Exports,HS1992:510400
Exports,HS1992:510510
Exports,HS1992:510521
Exports,HS1992:510529
Exports,HS1992:510530
Exports,HS1992:510540
Exports,HS1992:510610
Exports,HS1992:510620
Exports,HS1992:510710
Exports,HS1992:510720
Exports,HS1992:510810
Exports,HS1992:510820
Exports,HS1992:510910
Exports,HS1992:510990
Exports,HS1992:511000
Exports,HS1992:511111
Exports,HS1992:511119
Exports,HS1992:511120
Exports,HS1992:511130
Exports,HS1992:511190
Exports,HS1992:511211
Exports,HS1992:511219
Exports,HS1992:511220
Exports,HS1992:511230
Exports,HS1992:511290
Exports,HS1992:511300
Exports,HS1992:520100
Exports,HS1992:520210
Exports,HS1992:520291
Exports,HS1992:520299
Exports,HS1992:520300
Exports,HS1992:520411
Exports,HS1992:520419
Exports,HS1992:520420
Exports,HS1992:520511
Exports,HS1992:520512
Exports,HS1992:520513
Exports,HS1992:520514
Exports,HS1992:520515
Exports,HS1992:520521
Exports,HS1992:520522
Exports,HS1992:520523
Exports,HS1992:520524
Exports,HS1992:520525
Exports,HS1992:520531
Exports,HS1992:520532
Exports,HS1992:520533
Exports,HS1992:520534
Exports,HS1992:520535
Exports,HS1992:520541
Exports,HS1992:520542
Exports,HS1992:520543
Exports,HS1992:520544
Exports,HS1992:520545
Exports,HS1992:520611
Exports,HS1992:520612
Exports,HS1992:520613
Exports,HS1992:520614
Exports,HS1992:520615
Exports,HS1992:520621
Exports,HS1992:520622
Exports,HS1992:520623
Exports,HS1992:520624
Exports,HS1992:520625
Exports,HS1992:520631
Exports,HS1992:520632
Exports,HS1992:520633
Exports,HS1992:520634
Exports,HS1992:520635
Exports,HS1992:520641
Exports,HS1992:520642
Exports,HS1992:520643
Exports,HS1992:520644
Exports,HS1992:520645
Exports,HS1992:520710
Exports,HS1992:520790
Exports,HS1992:520811
Exports,HS1992:520812
Exports,HS1992:520813
Exports,HS1992:520819
Exports,HS1992:520821
Exports,HS1992:520822
Exports,HS1992:520823
Exports,HS1992:520829
Exports,HS1992:520831
Exports,HS1992:520832
Exports,HS1992:520833
Exports,HS1992:520839
Exports,HS1992:520841
Exports,HS1992:520842
Exports,HS1992:520843
Exports,HS1992:520849
Exports,HS1992:520851
Exports,HS1992:520852
Exports,HS1992:520853
Exports,HS1992:520859
Exports,HS1992:520911
Exports,HS1992:520912
Exports,HS1992:520919
Exports,HS1992:520921
Exports,HS1992:520922
Exports,HS1992:520929
Exports,HS1992:520931
Exports,HS1992:520932
Exports,HS1992:520939
Exports,HS1992:520941
Exports,HS1992:520942
Exports,HS1992:520943
Exports,HS1992:520949
Exports,HS1992:520951
Exports,HS1992:520952
Exports,HS1992:520959
Exports,HS1992:521011
Exports,HS1992:521012
Exports,HS1992:521019
Exports,HS1992:521021
Exports,HS1992:521022
Exports,HS1992:521029
Exports,HS1992:521031
Exports,HS1992:521032
Exports,HS1992:521039
Exports,HS1992:521041
Exports,HS1992:521042
Exports,HS1992:521049
Exports,HS1992:521051
Exports,HS1992:521052
Exports,HS1992:521059
Exports,HS1992:521111
Exports,HS1992:521112
Exports,HS1992:521119
Exports,HS1992:521121
Exports,HS1992:521122
Exports,HS1992:521129
Exports,HS1992:521131
Exports,HS1992:521132
Exports,HS1992:521139
Exports,HS1992:521141
Exports,HS1992:521142
Exports,HS1992:521143
Exports,HS1992:521149
Exports,HS1992:521151
Exports,HS1992:521152
Exports,HS1992:521159
Exports,HS1992:521211
Exports,HS1992:521212
Exports,HS1992:521213
Exports,HS1992:521214
Exports,HS1992:521215
Exports,HS1992:521221
Exports,HS1992:521222
Exports,HS1992:521223
Exports,HS1992:521224
Exports,HS1992:521225
Exports,HS1992:530110
Exports,HS1992:530121
Exports,HS1992:530129
Exports,HS1992:530130
Exports,HS1992:530210
Exports,HS1992:530290
Exports,HS1992:530310
Exports,HS1992:530390
Exports,HS1992:530410
Exports,HS1992:530490
Exports,HS1992:530511
Exports,HS1992:530519
Exports,HS1992:530521
Exports,HS1992:530529
Exports,HS1992:530591
Exports,HS1992:530599
Exports,HS1992:530610
Exports,HS1992:530620
Exports,HS1992:530710
Exports,HS1992:530720
Exports,HS1992:530810
Exports,HS1992:530820
Exports,HS1992:530830
Exports,HS1992:530890
Exports,HS1992:530911
Exports,HS1992:530919
Exports,HS1992:530921
Exports,HS1992:530929
Exports,HS1992:531010
Exports,HS1992:531090
Exports,HS1992:531100
Exports,HS1992:540110
Exports,HS1992:540120
Exports,HS1992:540210
Exports,HS1992:540220
Exports,HS1992:540231
Exports,HS1992:540232
Exports,HS1992:540233
Exports,HS1992:540239
Exports,HS1992:540241
Exports,HS1992:540242
Exports,HS1992:540243
Exports,HS1992:540249
Exports,HS1992:540251
Exports,HS1992:540252
Exports,HS1992:540259
Exports,HS1992:540261
Exports,HS1992:540262
Exports,HS1992:540269
Exports,HS1992:540310
Exports,HS1992:540320
Exports,HS1992:540331
Exports,HS1992:540332
Exports,HS1992:540333
Exports,HS1992:540339
Exports,HS1992:540341
Exports,HS1992:540342
Exports,HS1992:540349
Exports,HS1992:540410
Exports,HS1992:540490
Exports,HS1992:540500
Exports,HS1992:540610
Exports,HS1992:540620
Exports,HS1992:540710
Exports,HS1992:540720
Exports,HS1992:540730
Exports,HS1992:540741
Exports,HS1992:540742
Exports,HS1992:540743
Exports,HS1992:540744
Exports,HS1992:540751
Exports,HS1992:540752
Exports,HS1992:540753
Exports,HS1992:540754
Exports,HS1992:540760
Exports,HS1992:540771
Exports,HS1992:540772
Exports,HS1992:540773
Exports,HS1992:540774
Exports,HS1992:540781
Exports,HS1992:540782
Exports,HS1992:540783
Exports,HS1992:540784
Exports,HS1992:540791
Exports,HS1992:540792
Exports,HS1992:540793
Exports,HS1992:540794
Exports,HS1992:540810
Exports,HS1992:540821
Exports,HS1992:540822
Exports,HS1992:540823
Exports,HS1992:540824
Exports,HS1992:540831
Exports,HS1992:540832
Exports,HS1992:540833
Exports,HS1992:540834
Exports,HS1992:550110
Exports,HS1992:550120
Exports,HS1992:550130
Exports,HS1992:550190
Exports,HS1992:550200
Exports,HS1992:550310
Exports,HS1992:550320
Exports,HS1992:550330
Exports,HS1992:550340
Exports,HS1992:550390
Exports,HS1992:550410
Exports,HS1992:550490
Exports,HS1992:550510
Exports,HS1992:550520
Exports,HS1992:550610
Exports,HS1992:550620
Exports,HS1992:550630
Exports,HS1992:550690
Exports,HS1992:550700
Exports,HS1992:550810
Exports,HS1992:550820
Exports,HS1992:550911
Exports,HS1992:550912
Exports,HS1992:550921
Exports,HS1992:550922
Exports,HS1992:550931
Exports,HS1992:550932
Exports,HS1992:550941
Exports,HS1992:550942
Exports,HS1992:550951
Exports,HS1992:550952
Exports,HS1992:550953
Exports,HS1992:550959
Exports,HS1992:550961
Exports,HS1992:550962
Exports,HS1992:550969
Exports,HS1992:550991
Exports,HS1992:550992
Exports,HS1992:550999
Exports,HS1992:551011
Exports,HS1992:551012
Exports,HS1992:551020
Exports,HS1992:551030
Exports,HS1992:551090
Exports,HS1992:551110
Exports,HS1992:551120
Exports,HS1992:551130
Exports,HS1992:551211
Exports,HS1992:551219
Exports,HS1992:551221
Exports,HS1992:551229
Exports,HS1992:551291
Exports,HS1992:551299
Exports,HS1992:551311
Exports,HS1992:551312
Exports,HS1992:551313
Exports,HS1992:551319
Exports,HS1992:551321
Exports,HS1992:551322
Exports,HS1992:551323
Exports,HS1992:551329
Exports,HS1992:551331
Exports,HS1992:551332
Exports,HS1992:551333
Exports,HS1992:551339
Exports,HS1992:551341
Exports,HS1992:551342
Exports,HS1992:551343
Exports,HS1992:551349
Exports,HS1992:551411
Exports,HS1992:551412
Exports,HS1992:551413
Exports,HS1992:551419
Exports,HS1992:551421
Exports,HS1992:551422
Exports,HS1992:551423
Exports,HS1992:551429
Exports,HS1992:551431
Exports,HS1992:551432
Exports,HS1992:551433
Exports,HS1992:551439
Exports,HS1992:551441
Exports,HS1992:551442
Exports,HS1992:551443
Exports,HS1992:551449
Exports,HS1992:551511
Exports,HS1992:551512
Exports,HS1992:551513
Exports,HS1992:551519
Exports,HS1992:551521
Exports,HS1992:551522
Exports,HS1992:551529
Exports,HS1992:551591
Exports,HS1992:551592
Exports,HS1992:551599
Exports,HS1992:551611
Exports,HS1992:551612
Exports,HS1992:551613
Exports,HS1992:551614
Exports,HS1992:551621
Exports,HS1992:551622
Exports,HS1992:551623
Exports,HS1992:551624
Exports,HS1992:551631
Exports,HS1992:551632
Exports,HS1992:551633
Exports,HS1992:551634
Exports,HS1992:551641
Exports,HS1992:551642
Exports,HS1992:551643
Exports,HS1992:551644
Exports,HS1992:551691
Exports,HS1992:551692
Exports,HS1992:551693
Exports,HS1992:551694
Exports,HS1992:560110
Exports,HS1992:560121
Exports,HS1992:560122
Exports,HS1992:560129
Exports,HS1992:560130
Exports,HS1992:560210
Exports,HS1992:560221
Exports,HS1992:560229
Exports,HS1992:560290
Exports,HS1992:560300
Exports,HS1992:560410
Exports,HS1992:560420
Exports,HS1992:560490
Exports,HS1992:560500
Exports,HS1992:560600
Exports,HS1992:560710
Exports,HS1992:560721
Exports,HS1992:560729
Exports,HS1992:560730
Exports,HS1992:560741
Exports,HS1992:560749
Exports,HS1992:560750
Exports,HS1992:560790
Exports,HS1992:560811
Exports,HS1992:560819
Exports,HS1992:560890
Exports,HS1992:560900
Exports,HS1992:570110
Exports,HS1992:570190
Exports,HS1992:570210
Exports,HS1992:570220
Exports,HS1992:570231
Exports,HS1992:570232
Exports,HS1992:570239
Exports,HS1992:570241
Exports,HS1992:570242
Exports,HS1992:570249
Exports,HS1992:570251
Exports,HS1992:570252
Exports,HS1992:570259
Exports,HS1992:570291
Exports,HS1992:570292
Exports,HS1992:570299
Exports,HS1992:570310
Exports,HS1992:570320
Exports,HS1992:570330
Exports,HS1992:570390
Exports,HS1992:570410
Exports,HS1992:570490
Exports,HS1992:570500
Exports,HS1992:580110
Exports,HS1992:580121
Exports,HS1992:580122
Exports,HS1992:580123
Exports,HS1992:580124
Exports,HS1992:580125
Exports,HS1992:580126
Exports,HS1992:580131
Exports,HS1992:580132
Exports,HS1992:580133
Exports,HS1992:580134
Exports,HS1992:580135
Exports,HS1992:580136
Exports,HS1992:580190
Exports,HS1992:580211
Exports,HS1992:580219
Exports,HS1992:580220
Exports,HS1992:580230
Exports,HS1992:580310
Exports,HS1992:580390
Exports,HS1992:580410
Exports,HS1992:580421
Exports,HS1992:580429
Exports,HS1992:580430
Exports,HS1992:580500
Exports,HS1992:580610
Exports,HS1992:580620
Exports,HS1992:580631
Exports,HS1992:580632
Exports,HS1992:580639
Exports,HS1992:580640
Exports,HS1992:580710
Exports,HS1992:580790
Exports,HS1992:580810
Exports,HS1992:580890
Exports,HS1992:580900
Exports,HS1992:581010
Exports,HS1992:581091
Exports,HS1992:581092
Exports,HS1992:581099
Exports,HS1992:581100
Exports,HS1992:590110
Exports,HS1992:590190
Exports,HS1992:590210
Exports,HS1992:590220
Exports,HS1992:590290
Exports,HS1992:590310
Exports,HS1992:590320
Exports,HS1992:590390
Exports,HS1992:590410
Exports,HS1992:590491
Exports,HS1992:590492
Exports,HS1992:590500
Exports,HS1992:590610
Exports,HS1992:590691
Exports,HS1992:590699
Exports,HS1992:590700
Exports,HS1992:590800
Exports,HS1992:590900
Exports,HS1992:591000
Exports,HS1992:591110
Exports,HS1992:591120
Exports,HS1992:591131
Exports,HS1992:591132
Exports,HS1992:591140
Exports,HS1992:591190
Exports,HS1992:600110
Exports,HS1992:600121
Exports,HS1992:600122
Exports,HS1992:600129
Exports,HS1992:600191
Exports,HS1992:600192
Exports,HS1992:600199
Exports,HS1992:600210
Exports,HS1992:600220
Exports,HS1992:600230
Exports,HS1992:600241
Exports,HS1992:600242
Exports,HS1992:600243
Exports,HS1992:600249
Exports,HS1992:600291
Exports,HS1992:600292
Exports,HS1992:600293
Exports,HS1992:600299
Exports,HS1992:610110
Exports,HS1992:610120
Exports,HS1992:610130
Exports,HS1992:610190
Exports,HS1992:610210
Exports,HS1992:610220
Exports,HS1992:610230
Exports,HS1992:610290
Exports,HS1992:610311
Exports,HS1992:610312
Exports,HS1992:610319
Exports,HS1992:610321
Exports,HS1992:610322
Exports,HS1992:610323
Exports,HS1992:610329
Exports,HS1992:610331
Exports,HS1992:610332
Exports,HS1992:610333
Exports,HS1992:610339
Exports,HS1992:610341
Exports,HS1992:610342
Exports,HS1992:610343
Exports,HS1992:610349
Exports,HS1992:610411
Exports,HS1992:610412
Exports,HS1992:610413
Exports,HS1992:610419
Exports,HS1992:610421
Exports,HS1992:610422
Exports,HS1992:610423
Exports,HS1992:610429
Exports,HS1992:610431
Exports,HS1992:610432
Exports,HS1992:610433
Exports,HS1992:610439
Exports,HS1992:610441
Exports,HS1992:610442
Exports,HS1992:610443
Exports,HS1992:610444
Exports,HS1992:610449
Exports,HS1992:610451
Exports,HS1992:610452
Exports,HS1992:610453
Exports,HS1992:610459
Exports,HS1992:610461
Exports,HS1992:610462
Exports,HS1992:610463
Exports,HS1992:610469
Exports,HS1992:610510
Exports,HS1992:610520
Exports,HS1992:610590
Exports,HS1992:610610
Exports,HS1992:610620
Exports,HS1992:610690
Exports,HS1992:610711
Exports,HS1992:610712
Exports,HS1992:610719
Exports,HS1992:610721
Exports,HS1992:610722
Exports,HS1992:610729
Exports,HS1992:610791
Exports,HS1992:610792
Exports,HS1992:610799
Exports,HS1992:610811
Exports,HS1992:610819
Exports,HS1992:610821
Exports,HS1992:610822
Exports,HS1992:610829
Exports,HS1992:610831
Exports,HS1992:610832
Exports,HS1992:610839
Exports,HS1992:610891
Exports,HS1992:610892
Exports,HS1992:610899
Exports,HS1992:610910
Exports,HS1992:610990
Exports,HS1992:611010
Exports,HS1992:611020
Exports,HS1992:611030
Exports,HS1992:611090
Exports,HS1992:611110
Exports,HS1992:611120
Exports,HS1992:611130
Exports,HS1992:611190
Exports,HS1992:611211
Exports,HS1992:611212
Exports,HS1992:611219
Exports,HS1992:611220
Exports,HS1992:611231
Exports,HS1992:611239
Exports,HS1992:611241
Exports,HS1992:611249
Exports,HS1992:611300
Exports,HS1992:611410
Exports,HS1992:611420
Exports,HS1992:611430
Exports,HS1992:611490
Exports,HS1992:611511
Exports,HS1992:611512
Exports,HS1992:611519
Exports,HS1992:611520
Exports,HS1992:611591
Exports,HS1992:611592
Exports,HS1992:611593
Exports,HS1992:611599
Exports,HS1992:611610
Exports,HS1992:611691
Exports,HS1992:611692
Exports,HS1992:611693
Exports,HS1992:611699
Exports,HS1992:611710
Exports,HS1992:611720
Exports,HS1992:611780
Exports,HS1992:611790
Exports,HS1992:620111
Exports,HS1992:620112
Exports,HS1992:620113
Exports,HS1992:620119
Exports,HS1992:620191
Exports,HS1992:620192
Exports,HS1992:620193
Exports,HS1992:620199
Exports,HS1992:620211
Exports,HS1992:620212
Exports,HS1992:620213
Exports,HS1992:620219
Exports,HS1992:620291
Exports,HS1992:620292
Exports,HS1992:620293
Exports,HS1992:620299
Exports,HS1992:620311
Exports,HS1992:620312
Exports,HS1992:620319
Exports,HS1992:620321
Exports,HS1992:620322
Exports,HS1992:620323
Exports,HS1992:620329
Exports,HS1992:620331
Exports,HS1992:620332
Exports,HS1992:620333
Exports,HS1992:620339
Exports,HS1992:620341
Exports,HS1992:620342
Exports,HS1992:620343
Exports,HS1992:620349
Exports,HS1992:620411
Exports,HS1992:620412
Exports,HS1992:620413
Exports,HS1992:620419
Exports,HS1992:620421
Exports,HS1992:620422
Exports,HS1992:620423
Exports,HS1992:620429
Exports,HS1992:620431
Exports,HS1992:620432
Exports,HS1992:620433
Exports,HS1992:620439
Exports,HS1992:620441
Exports,HS1992:620442
Exports,HS1992:620443
Exports,HS1992:620444
Exports,HS1992:620449
Exports,HS1992:620451
Exports,HS1992:620452
Exports,HS1992:620453
Exports,HS1992:620459
Exports,HS1992:620461
Exports,HS1992:620462
Exports,HS1992:620463
Exports,HS1992:620469
Exports,HS1992:620510
Exports,HS1992:620520
Exports,HS1992:620530
Exports,HS1992:620590
Exports,HS1992:620610
Exports,HS1992:620620
Exports,HS1992:620630
Exports,HS1992:620640
Exports,HS1992:620690
Exports,HS1992:620711
Exports,HS1992:620719
Exports,HS1992:620721
Exports,HS1992:620722
Exports,HS1992:620729
Exports,HS1992:620791
Exports,HS1992:620792
Exports,HS1992:620799
Exports,HS1992:620811
Exports,HS1992:620819
Exports,HS1992:620821
Exports,HS1992:620822
Exports,HS1992:620829
Exports,HS1992:620891
Exports,HS1992:620892
Exports,HS1992:620899
Exports,HS1992:620910
Exports,HS1992:620920
Exports,HS1992:620930
Exports,HS1992:620990
Exports,HS1992:621010
Exports,HS1992:621020
Exports,HS1992:621030
Exports,HS1992:621040
Exports,HS1992:621050
Exports,HS1992:621111
Exports,HS1992:621112
Exports,HS1992:621120
Exports,HS1992:621131
Exports,HS1992:621132
Exports,HS1992:621133
Exports,HS1992:621139
Exports,HS1992:621141
Exports,HS1992:621142
Exports,HS1992:621143
Exports,HS1992:621149
Exports,HS1992:621210
Exports,HS1992:621220
Exports,HS1992:621230
Exports,HS1992:621290
Exports,HS1992:621310
Exports,HS1992:621320
Exports,HS1992:621390
Exports,HS1992:621410
Exports,HS1992:621420
Exports,HS1992:621430
Exports,HS1992:621440
Exports,HS1992:621490
Exports,HS1992:621510
Exports,HS1992:621520
Exports,HS1992:621590
Exports,HS1992:621600
Exports,HS1992:621710
Exports,HS1992:621790
Exports,HS1992:630110
Exports,HS1992:630120
Exports,HS1992:630130
Exports,HS1992:630140
Exports,HS1992:630190
Exports,HS1992:630210
Exports,HS1992:630221
Exports,HS1992:630222
Exports,HS1992:630229
Exports,HS1992:630231
Exports,HS1992:630232
Exports,HS1992:630239
Exports,HS1992:630240
Exports,HS1992:630251
Exports,HS1992:630252
Exports,HS1992:630253
Exports,HS1992:630259
Exports,HS1992:630260
Exports,HS1992:630291
Exports,HS1992:630292
Exports,HS1992:630293
Exports,HS1992:630299
Exports,HS1992:630311
Exports,HS1992:630312
Exports,HS1992:630319
Exports,HS1992:630391
Exports,HS1992:630392
Exports,HS1992:630399
Exports,HS1992:630411
Exports,HS1992:630419
Exports,HS1992:630491
Exports,HS1992:630492
Exports,HS1992:630493
Exports,HS1992:630499
Exports,HS1992:630510
Exports,HS1992:630520
Exports,HS1992:630531
Exports,HS1992:630539
Exports,HS1992:630590
Exports,HS1992:630611
Exports,HS1992:630612
Exports,HS1992:630619
Exports,HS1992:630621
Exports,HS1992:630622
Exports,HS1992:630629
Exports,HS1992:630631
Exports,HS1992:630639
Exports,HS1992:630641
Exports,HS1992:630649
Exports,HS1992:630691
Exports,HS1992:630699
Exports,HS1992:630710
Exports,HS1992:630720
Exports,HS1992:630790
Exports,HS1992:630800
Exports,HS1992:630900
Exports,HS1992:631010
Exports,HS1992:631090
Exports,HS1992:640110
Exports,HS1992:640191
Exports,HS1992:640192
Exports,HS1992:640199
Exports,HS1992:640211
Exports,HS1992:640219
Exports,HS1992:640220
Exports,HS1992:640230
Exports,HS1992:640291
Exports,HS1992:640299
Exports,HS1992:640311
Exports,HS1992:640319
Exports,HS1992:640320
Exports,HS1992:640330
Exports,HS1992:640340
Exports,HS1992:640351
Exports,HS1992:640359
Exports,HS1992:640391
Exports,HS1992:640399
Exports,HS1992:640411
Exports,HS1992:640419
Exports,HS1992:640420
Exports,HS1992:640510
Exports,HS1992:640520
Exports,HS1992:640590
Exports,HS1992:640610
Exports,HS1992:640620
Exports,HS1992:640691
Exports,HS1992:640699
Exports,HS1992:650100
Exports,HS1992:650200
Exports,HS1992:650300
Exports,HS1992:650400
Exports,HS1992:650510
Exports,HS1992:650590
Exports,HS1992:650610
Exports,HS1992:650691
Exports,HS1992:650692
Exports,HS1992:650699
Exports,HS1992:650700
Exports,HS1992:660110
Exports,HS1992:660191
Exports,HS1992:660199
Exports,HS1992:660200
Exports,HS1992:660310
Exports,HS1992:660320
Exports,HS1992:660390
Exports,HS1992:670100
Exports,HS1992:670210
Exports,HS1992:670290
Exports,HS1992:670300
Exports,HS1992:670411
Exports,HS1992:670419
Exports,HS1992:670420
Exports,HS1992:670490
Exports,HS1992:680100
Exports,HS1992:680210
Exports,HS1992:680221
Exports,HS1992:680222
Exports,HS1992:680223
Exports,HS1992:680229
Exports,HS1992:680291
Exports,HS1992:680292
Exports,HS1992:680293
Exports,HS1992:680299
Exports,HS1992:680300
Exports,HS1992:680410
Exports,HS1992:680421
Exports,HS1992:680422
Exports,HS1992:680423
Exports,HS1992:680430
Exports,HS1992:680510
Exports,HS1992:680520
Exports,HS1992:680530
Exports,HS1992:680610
Exports,HS1992:680620
Exports,HS1992:680690
Exports,HS1992:680710
Exports,HS1992:680790
Exports,HS1992:680800
Exports,HS1992:680911
Exports,HS1992:680919
Exports,HS1992:680990
Exports,HS1992:681011
Exports,HS1992:681019
Exports,HS1992:681020
Exports,HS1992:681091
Exports,HS1992:681099
Exports,HS1992:681110
Exports,HS1992:681120
Exports,HS1992:681130
Exports,HS1992:681190
Exports,HS1992:681210
Exports,HS1992:681220
Exports,HS1992:681230
Exports,HS1992:681240
Exports,HS1992:681250
Exports,HS1992:681260
Exports,HS1992:681270
Exports,HS1992:681290
Exports,HS1992:681310
Exports,HS1992:681390
Exports,HS1992:681410
Exports,HS1992:681490
Exports,HS1992:681510
Exports,HS1992:681520
Exports,HS1992:681591
Exports,HS1992:681599
Exports,HS1992:690100
Exports,HS1992:690210
Exports,HS1992:690220
Exports,HS1992:690290
Exports,HS1992:690310
Exports,HS1992:690320
Exports,HS1992:690390
Exports,HS1992:690410
Exports,HS1992:690490
Exports,HS1992:690510
Exports,HS1992:690590
Exports,HS1992:690600
Exports,HS1992:690710
Exports,HS1992:690790
Exports,HS1992:690810
Exports,HS1992:690890
Exports,HS1992:690911
Exports,HS1992:690919
Exports,HS1992:690990
Exports,HS1992:691010
Exports,HS1992:691090
Exports,HS1992:691110
Exports,HS1992:691190
Exports,HS1992:691200
Exports,HS1992:691310
Exports,HS1992:691390
Exports,HS1992:691410
Exports,HS1992:691490
Exports,HS1992:700100
Exports,HS1992:700210
Exports,HS1992:700220
Exports,HS1992:700231
Exports,HS1992:700232
Exports,HS1992:700239
Exports,HS1992:700311
Exports,HS1992:700319
Exports,HS1992:700320
Exports,HS1992:700330
Exports,HS1992:700410
Exports,HS1992:700490
Exports,HS1992:700510
Exports,HS1992:700521
Exports,HS1992:700529
Exports,HS1992:700530
Exports,HS1992:700600
Exports,HS1992:700711
Exports,HS1992:700719
Exports,HS1992:700721
Exports,HS1992:700729
Exports,HS1992:700800
Exports,HS1992:700910
Exports,HS1992:700991
Exports,HS1992:700992
Exports,HS1992:701010
Exports,HS1992:701090
Exports,HS1992:701110
Exports,HS1992:701120
Exports,HS1992:701190
Exports,HS1992:701200
Exports,HS1992:701310
Exports,HS1992:701321
Exports,HS1992:701329
Exports,HS1992:701331
Exports,HS1992:701332
Exports,HS1992:701339
Exports,HS1992:701391
Exports,HS1992:701399
Exports,HS1992:701400
Exports,HS1992:701510
Exports,HS1992:701590
Exports,HS1992:701610
Exports,HS1992:701690
Exports,HS1992:701710
Exports,HS1992:701720
Exports,HS1992:701790
Exports,HS1992:701810
Exports,HS1992:701820
Exports,HS1992:701890
Exports,HS1992:701910
Exports,HS1992:701920
Exports,HS1992:701931
Exports,HS1992:701932
Exports,HS1992:701939
Exports,HS1992:701990
Exports,HS1992:702000
Exports,HS1992:710110
Exports,HS1992:710121
Exports,HS1992:710122
Exports,HS1992:710210
Exports,HS1992:710221
Exports,HS1992:710229
Exports,HS1992:710231
Exports,HS1992:710239
Exports,HS1992:710310
Exports,HS1992:710391
Exports,HS1992:710399
Exports,HS1992:710410
Exports,HS1992:710420
Exports,HS1992:710490
Exports,HS1992:710510
Exports,HS1992:710590
Exports,HS1992:710610
Exports,HS1992:710691
Exports,HS1992:710692
Exports,HS1992:710700
Exports,HS1992:710811
Exports,HS1992:710812
Exports,HS1992:710813
Exports,HS1992:710900
Exports,HS1992:711011
Exports,HS1992:711019
Exports,HS1992:711021
Exports,HS1992:711029
Exports,HS1992:711031
Exports,HS1992:711039
Exports,HS1992:711041
Exports,HS1992:711049
Exports,HS1992:711100
Exports,HS1992:711210
Exports,HS1992:711220
Exports,HS1992:711290
Exports,HS1992:711311
Exports,HS1992:711319
Exports,HS1992:711320
Exports,HS1992:711411
Exports,HS1992:711419
Exports,HS1992:711420
Exports,HS1992:711510
Exports,HS1992:711590
Exports,HS1992:711610
Exports,HS1992:711620
Exports,HS1992:711711
Exports,HS1992:711719
Exports,HS1992:711790
Exports,HS1992:711810
Exports,HS1992:720110
Exports,HS1992:720120
Exports,HS1992:720130
Exports,HS1992:720140
Exports,HS1992:720211
Exports,HS1992:720219
Exports,HS1992:720221
Exports,HS1992:720229
Exports,HS1992:720230
Exports,HS1992:720241
Exports,HS1992:720249
Exports,HS1992:720250
Exports,HS1992:720260
Exports,HS1992:720270
Exports,HS1992:720280
Exports,HS1992:720291
Exports,HS1992:720292
Exports,HS1992:720293
Exports,HS1992:720299
Exports,HS1992:720310
Exports,HS1992:720390
Exports,HS1992:720410
Exports,HS1992:720421
Exports,HS1992:720429
Exports,HS1992:720430
Exports,HS1992:720441
Exports,HS1992:720449
Exports,HS1992:720450
Exports,HS1992:720510
Exports,HS1992:720521
Exports,HS1992:720529
Exports,HS1992:720610
Exports,HS1992:720690
Exports,HS1992:720711
Exports,HS1992:720712
Exports,HS1992:720719
Exports,HS1992:720720
Exports,HS1992:720811
Exports,HS1992:720812
Exports,HS1992:720813
Exports,HS1992:720814
Exports,HS1992:720821
Exports,HS1992:720822
Exports,HS1992:720823
Exports,HS1992:720824
Exports,HS1992:720831
Exports,HS1992:720832
Exports,HS1992:720833
Exports,HS1992:720834
Exports,HS1992:720835
Exports,HS1992:720841
Exports,HS1992:720842
Exports,HS1992:720843
Exports,HS1992:720844
Exports,HS1992:720845
Exports,HS1992:720890
Exports,HS1992:720911
Exports,HS1992:720912
Exports,HS1992:720913
Exports,HS1992:720914
Exports,HS1992:720921
Exports,HS1992:720922
Exports,HS1992:720923
Exports,HS1992:720924
Exports,HS1992:720931
Exports,HS1992:720932
Exports,HS1992:720933
Exports,HS1992:720934
Exports,HS1992:720941
Exports,HS1992:720942
Exports,HS1992:720943
Exports,HS1992:720944
Exports,HS1992:720990
Exports,HS1992:721011
Exports,HS1992:721012
Exports,HS1992:721020
Exports,HS1992:721031
Exports,HS1992:721039
Exports,HS1992:721041
Exports,HS1992:721049
Exports,HS1992:721050
Exports,HS1992:721060
Exports,HS1992:721070
Exports,HS1992:721090
Exports,HS1992:721111
Exports,HS1992:721112
Exports,HS1992:721119
Exports,HS1992:721121
Exports,HS1992:721122
Exports,HS1992:721129
Exports,HS1992:721130
Exports,HS1992:721141
Exports,HS1992:721149
Exports,HS1992:721190
Exports,HS1992:721210
Exports,HS1992:721221
Exports,HS1992:721229
Exports,HS1992:721230
Exports,HS1992:721240
Exports,HS1992:721250
Exports,HS1992:721260
Exports,HS1992:721310
Exports,HS1992:721320
Exports,HS1992:721331
Exports,HS1992:721339
Exports,HS1992:721341
Exports,HS1992:721349
Exports,HS1992:721350
Exports,HS1992:721410
Exports,HS1992:721420
Exports,HS1992:721430
Exports,HS1992:721440
Exports,HS1992:721450
Exports,HS1992:721460
Exports,HS1992:721510
Exports,HS1992:721520
Exports,HS1992:721530
Exports,HS1992:721540
Exports,HS1992:721590
Exports,HS1992:721610
Exports,HS1992:721621
Exports,HS1992:721622
Exports,HS1992:721631
Exports,HS1992:721632
Exports,HS1992:721633
Exports,HS1992:721640
Exports,HS1992:721650
Exports,HS1992:721660
Exports,HS1992:721690
Exports,HS1992:721711
Exports,HS1992:721712
Exports,HS1992:721713
Exports,HS1992:721719
Exports,HS1992:721721
Exports,HS1992:721722
Exports,HS1992:721723
Exports,HS1992:721729
Exports,HS1992:721731
Exports,HS1992:721732
Exports,HS1992:721733
Exports,HS1992:721739
Exports,HS1992:721810
Exports,HS1992:721890
Exports,HS1992:721911
Exports,HS1992:721912
Exports,HS1992:721913
Exports,HS1992:721914
Exports,HS1992:721921
Exports,HS1992:721922
Exports,HS1992:721923
Exports,HS1992:721924
Exports,HS1992:721931
Exports,HS1992:721932
Exports,HS1992:721933
Exports,HS1992:721934
Exports,HS1992:721935
Exports,HS1992:721990
Exports,HS1992:722011
Exports,HS1992:722012
Exports,HS1992:722020
Exports,HS1992:722090
Exports,HS1992:722100
Exports,HS1992:722210
Exports,HS1992:722220
Exports,HS1992:722230
Exports,HS1992:722240
Exports,HS1992:722300
Exports,HS1992:722410
Exports,HS1992:722490
Exports,HS1992:722510
Exports,HS1992:722520
Exports,HS1992:722530
Exports,HS1992:722540
Exports,HS1992:722550
Exports,HS1992:722590
Exports,HS1992:722610
Exports,HS1992:722620
Exports,HS1992:722691
Exports,HS1992:722692
Exports,HS1992:722699
Exports,HS1992:722710
Exports,HS1992:722720
Exports,HS1992:722790
Exports,HS1992:722810
Exports,HS1992:722820
Exports,HS1992:722830
Exports,HS1992:722840
Exports,HS1992:722850
Exports,HS1992:722860
Exports,HS1992:722870
Exports,HS1992:722880
Exports,HS1992:722910
Exports,HS1992:722920
Exports,HS1992:722990
Exports,HS1992:730110
Exports,HS1992:730120
Exports,HS1992:730210
Exports,HS1992:730220
Exports,HS1992:730230
Exports,HS1992:730240
Exports,HS1992:730290
Exports,HS1992:730300
Exports,HS1992:730410
Exports,HS1992:730420
Exports,HS1992:730431
Exports,HS1992:730439
Exports,HS1992:730441
Exports,HS1992:730449
Exports,HS1992:730451
Exports,HS1992:730459
Exports,HS1992:730490
Exports,HS1992:730511
Exports,HS1992:730512
Exports,HS1992:730519
Exports,HS1992:730520
Exports,HS1992:730531
Exports,HS1992:730539
Exports,HS1992:730590
Exports,HS1992:730610
Exports,HS1992:730620
Exports,HS1992:730630
Exports,HS1992:730640
Exports,HS1992:730650
Exports,HS1992:730660
Exports,HS1992:730690
Exports,HS1992:730711
Exports,HS1992:730719
Exports,HS1992:730721
Exports,HS1992:730722
Exports,HS1992:730723
Exports,HS1992:730729
Exports,HS1992:730791
Exports,HS1992:730792
Exports,HS1992:730793
Exports,HS1992:730799
Exports,HS1992:730810
Exports,HS1992:730820
Exports,HS1992:730830
Exports,HS1992:730840
Exports,HS1992:730890
Exports,HS1992:730900
Exports,HS1992:731010
Exports,HS1992:731021
Exports,HS1992:731029
Exports,HS1992:731100
Exports,HS1992:731210
Exports,HS1992:731290
Exports,HS1992:731300
Exports,HS1992:731411
Exports,HS1992:731419
Exports,HS1992:731420
Exports,HS1992:731430
Exports,HS1992:731441
Exports,HS1992:731442
Exports,HS1992:731449
Exports,HS1992:731450
Exports,HS1992:731511
Exports,HS1992:731512
Exports,HS1992:731519
Exports,HS1992:731520
Exports,HS1992:731581
Exports,HS1992:731582
Exports,HS1992:731589
Exports,HS1992:731590
Exports,HS1992:731600
Exports,HS1992:731700
Exports,HS1992:731811
Exports,HS1992:731812
Exports,HS1992:731813
Exports,HS1992:731814
Exports,HS1992:731815
Exports,HS1992:731816
Exports,HS1992:731819
Exports,HS1992:731821
Exports,HS1992:731822
Exports,HS1992:731823
Exports,HS1992:731824
Exports,HS1992:731829
Exports,HS1992:731910
Exports,HS1992:731920
Exports,HS1992:731930
Exports,HS1992:731990
Exports,HS1992:732010
Exports,HS1992:732020
Exports,HS1992:732090
Exports,HS1992:732111
Exports,HS1992:732112
Exports,HS1992:732113
Exports,HS1992:732181
Exports,HS1992:732182
Exports,HS1992:732183
Exports,HS1992:732190
Exports,HS1992:732211
Exports,HS1992:732219
Exports,HS1992:732290
Exports,HS1992:732310
Exports,HS1992:732391
Exports,HS1992:732392
Exports,HS1992:732393
Exports,HS1992:732394
Exports,HS1992:732399
Exports,HS1992:732410
Exports,HS1992:732421
Exports,HS1992:732429
Exports,HS1992:732490
Exports,HS1992:732510
Exports,HS1992:732591
Exports,HS1992:732599
Exports,HS1992:732611
Exports,HS1992:732619
Exports,HS1992:732620
Exports,HS1992:732690
Exports,HS1992:740110
Exports,HS1992:740120
Exports,HS1992:740200
Exports,HS1992:740311
Exports,HS1992:740312
Exports,HS1992:740313
Exports,HS1992:740319
Exports,HS1992:740321
Exports,HS1992:740322
Exports,HS1992:740323
Exports,HS1992:740329
Exports,HS1992:740400
Exports,HS1992:740500
Exports,HS1992:740610
Exports,HS1992:740620
Exports,HS1992:740710
Exports,HS1992:740721
Exports,HS1992:740722
Exports,HS1992:740729
Exports,HS1992:740811
Exports,HS1992:740819
Exports,HS1992:740821
Exports,HS1992:740822
Exports,HS1992:740829
Exports,HS1992:740911
Exports,HS1992:740919
Exports,HS1992:740921
Exports,HS1992:740929
Exports,HS1992:740931
Exports,HS1992:740939
Exports,HS1992:740940
Exports,HS1992:740990
Exports,HS1992:741011
Exports,HS1992:741012
Exports,HS1992:741021
Exports,HS1992:741022
Exports,HS1992:741110
Exports,HS1992:741121
Exports,HS1992:741122
Exports,HS1992:741129
Exports,HS1992:741210
Exports,HS1992:741220
Exports,HS1992:741300
Exports,HS1992:741410
Exports,HS1992:741490
Exports,HS1992:741510
Exports,HS1992:741521
Exports,HS1992:741529
Exports,HS1992:741531
Exports,HS1992:741532
Exports,HS1992:741539
Exports,HS1992:741600
Exports,HS1992:741700
Exports,HS1992:741810
Exports,HS1992:741820
Exports,HS1992:741910
Exports,HS1992:741991
Exports,HS1992:741999
Exports,HS1992:750110
Exports,HS1992:750120
Exports,HS1992:750210
Exports,HS1992:750220
Exports,HS1992:750300
Exports,HS1992:750400
Exports,HS1992:750511
Exports,HS1992:750512
Exports,HS1992:750521
Exports,HS1992:750522
Exports,HS1992:750610
Exports,HS1992:750620
Exports,HS1992:750711
Exports,HS1992:750712
Exports,HS1992:750720
Exports,HS1992:750800
Exports,HS1992:760110
Exports,HS1992:760120
Exports,HS1992:760200
Exports,HS1992:760310
Exports,HS1992:760320
Exports,HS1992:760410
Exports,HS1992:760421
Exports,HS1992:760429
Exports,HS1992:760511
Exports,HS1992:760519
Exports,HS1992:760521
Exports,HS1992:760529
Exports,HS1992:760611
Exports,HS1992:760612
Exports,HS1992:760691
Exports,HS1992:760692
Exports,HS1992:760711
Exports,HS1992:760719
Exports,HS1992:760720
Exports,HS1992:760810
Exports,HS1992:760820
Exports,HS1992:760900
Exports,HS1992:761010
Exports,HS1992:761090
Exports,HS1992:761100
Exports,HS1992:761210
Exports,HS1992:761290
Exports,HS1992:761300
Exports,HS1992:761410
Exports,HS1992:761490
Exports,HS1992:761510
Exports,HS1992:761520
Exports,HS1992:761610
Exports,HS1992:761690
Exports,HS1992:780110
Exports,HS1992:780191
Exports,HS1992:780199
Exports,HS1992:780200
Exports,HS1992:780300
Exports,HS1992:780411
Exports,HS1992:780419
Exports,HS1992:780420
Exports,HS1992:780500
Exports,HS1992:780600
Exports,HS1992:790111
Exports,HS1992:790112
Exports,HS1992:790120
Exports,HS1992:790200
Exports,HS1992:790310
Exports,HS1992:790390
Exports,HS1992:790400
Exports,HS1992:790500
Exports,HS1992:790600
Exports,HS1992:790710
Exports,HS1992:790790
Exports,HS1992:800110
Exports,HS1992:800120
Exports,HS1992:800200
Exports,HS1992:800300
Exports,HS1992:800400
Exports,HS1992:800510
Exports,HS1992:800520
Exports,HS1992:800600
Exports,HS1992:800700
Exports,HS1992:810110
Exports,HS1992:810191
Exports,HS1992:810192
Exports,HS1992:810193
Exports,HS1992:810199
Exports,HS1992:810210
Exports,HS1992:810291
Exports,HS1992:810292
Exports,HS1992:810293
Exports,HS1992:810299
Exports,HS1992:810310
Exports,HS1992:810390
Exports,HS1992:810411
Exports,HS1992:810419
Exports,HS1992:810420
Exports,HS1992:810430
Exports,HS1992:810490
Exports,HS1992:810510
Exports,HS1992:810590
Exports,HS1992:810600
Exports,HS1992:810710
Exports,HS1992:810790
Exports,HS1992:810810
Exports,HS1992:810890
Exports,HS1992:810910
Exports,HS1992:810990
Exports,HS1992:811000
Exports,HS1992:811100
Exports,HS1992:811211
Exports,HS1992:811219
Exports,HS1992:811220
Exports,HS1992:811230
Exports,HS1992:811240
Exports,HS1992:811291
Exports,HS1992:811299
Exports,HS1992:811300
Exports,HS1992:820110
Exports,HS1992:820120
Exports,HS1992:820130
Exports,HS1992:820140
Exports,HS1992:820150
Exports,HS1992:820160
Exports,HS1992:820190
Exports,HS1992:820210
Exports,HS1992:820220
Exports,HS1992:820231
Exports,HS1992:820232
Exports,HS1992:820240
Exports,HS1992:820291
Exports,HS1992:820299
Exports,HS1992:820310
Exports,HS1992:820320
Exports,HS1992:820330
Exports,HS1992:820340
Exports,HS1992:820411
Exports,HS1992:820412
Exports,HS1992:820420
Exports,HS1992:820510
Exports,HS1992:820520
Exports,HS1992:820530
Exports,HS1992:820540
Exports,HS1992:820551
Exports,HS1992:820559
Exports,HS1992:820560
Exports,HS1992:820570
Exports,HS1992:820580
Exports,HS1992:820590
Exports,HS1992:820600
Exports,HS1992:820711
Exports,HS1992:820712
Exports,HS1992:820720
Exports,HS1992:820730
Exports,HS1992:820740
Exports,HS1992:820750
Exports,HS1992:820760
Exports,HS1992:820770
Exports,HS1992:820780
Exports,HS1992:820790
Exports,HS1992:820810
Exports,HS1992:820820
Exports,HS1992:820830
Exports,HS1992:820840
Exports,HS1992:820890
Exports,HS1992:820900
Exports,HS1992:821000
Exports,HS1992:821110
Exports,HS1992:821191
Exports,HS1992:821192
Exports,HS1992:821193
Exports,HS1992:821194
Exports,HS1992:821210
Exports,HS1992:821220
Exports,HS1992:821290
Exports,HS1992:821300
Exports,HS1992:821410
Exports,HS1992:821420
Exports,HS1992:821490
Exports,HS1992:821510
Exports,HS1992:821520
Exports,HS1992:821591
Exports,HS1992:821599
Exports,HS1992:830110
Exports,HS1992:830120
Exports,HS1992:830130
Exports,HS1992:830140
Exports,HS1992:830150
Exports,HS1992:830160
Exports,HS1992:830170
Exports,HS1992:830210
Exports,HS1992:830220
Exports,HS1992:830230
Exports,HS1992:830241
Exports,HS1992:830242
Exports,HS1992:830249
Exports,HS1992:830250
Exports,HS1992:830260
Exports,HS1992:830300
Exports,HS1992:830400
Exports,HS1992:830510
Exports,HS1992:830520
Exports,HS1992:830590
Exports,HS1992:830610
Exports,HS1992:830621
Exports,HS1992:830629
Exports,HS1992:830630
Exports,HS1992:830710
Exports,HS1992:830790
Exports,HS1992:830810
Exports,HS1992:830820
Exports,HS1992:830890
Exports,HS1992:830910
Exports,HS1992:830990
Exports,HS1992:831000
Exports,HS1992:831110
Exports,HS1992:831120
Exports,HS1992:831130
Exports,HS1992:831190
Exports,HS1992:840110
Exports,HS1992:840120
Exports,HS1992:840130
Exports,HS1992:840140
Exports,HS1992:840211
Exports,HS1992:840212
Exports,HS1992:840219
Exports,HS1992:840220
Exports,HS1992:840290
Exports,HS1992:840310
Exports,HS1992:840390
Exports,HS1992:840410
Exports,HS1992:840420
Exports,HS1992:840490
Exports,HS1992:840510
Exports,HS1992:840590
Exports,HS1992:840611
Exports,HS1992:840619
Exports,HS1992:840690
Exports,HS1992:840710
Exports,HS1992:840721
Exports,HS1992:840729
Exports,HS1992:840731
Exports,HS1992:840732
Exports,HS1992:840733
Exports,HS1992:840734
Exports,HS1992:840790
Exports,HS1992:840810
Exports,HS1992:840820
Exports,HS1992:840890
Exports,HS1992:840910
Exports,HS1992:840991
Exports,HS1992:840999
Exports,HS1992:841011
Exports,HS1992:841012
Exports,HS1992:841013
Exports,HS1992:841090
Exports,HS1992:841111
Exports,HS1992:841112
Exports,HS1992:841121
Exports,HS1992:841122
Exports,HS1992:841181
Exports,HS1992:841182
Exports,HS1992:841191
Exports,HS1992:841199
Exports,HS1992:841210
Exports,HS1992:841221
Exports,HS1992:841229
Exports,HS1992:841231
Exports,HS1992:841239
Exports,HS1992:841280
Exports,HS1992:841290
Exports,HS1992:841311
Exports,HS1992:841319
Exports,HS1992:841320
Exports,HS1992:841330
Exports,HS1992:841340
Exports,HS1992:841350
Exports,HS1992:841360
Exports,HS1992:841370
Exports,HS1992:841381
Exports,HS1992:841382
Exports,HS1992:841391
Exports,HS1992:841392
Exports,HS1992:841410
Exports,HS1992:841420
Exports,HS1992:841430
Exports,HS1992:841440
Exports,HS1992:841451
Exports,HS1992:841459
Exports,HS1992:841460
Exports,HS1992:841480
Exports,HS1992:841490
Exports,HS1992:841510
Exports,HS1992:841581
Exports,HS1992:841582
Exports,HS1992:841583
Exports,HS1992:841590
Exports,HS1992:841610
Exports,HS1992:841620
Exports,HS1992:841630
Exports,HS1992:841690
Exports,HS1992:841710
Exports,HS1992:841720
Exports,HS1992:841780
Exports,HS1992:841790
Exports,HS1992:841810
Exports,HS1992:841821
Exports,HS1992:841822
Exports,HS1992:841829
Exports,HS1992:841830
Exports,HS1992:841840
Exports,HS1992:841850
Exports,HS1992:841861
Exports,HS1992:841869
Exports,HS1992:841891
Exports,HS1992:841899
Exports,HS1992:841911
Exports,HS1992:841919
Exports,HS1992:841920
Exports,HS1992:841931
Exports,HS1992:841932
Exports,HS1992:841939
Exports,HS1992:841940
Exports,HS1992:841950
Exports,HS1992:841960
Exports,HS1992:841981
Exports,HS1992:841989
Exports,HS1992:841990
Exports,HS1992:842010
Exports,HS1992:842091
Exports,HS1992:842099
Exports,HS1992:842111
Exports,HS1992:842112
Exports,HS1992:842119
Exports,HS1992:842121
Exports,HS1992:842122
Exports,HS1992:842123
Exports,HS1992:842129
Exports,HS1992:842131
Exports,HS1992:842139
Exports,HS1992:842191
Exports,HS1992:842199
Exports,HS1992:842211
Exports,HS1992:842219
Exports,HS1992:842220
Exports,HS1992:842230
Exports,HS1992:842240
Exports,HS1992:842290
Exports,HS1992:842310
Exports,HS1992:842320
Exports,HS1992:842330
Exports,HS1992:842381
Exports,HS1992:842382
Exports,HS1992:842389
Exports,HS1992:842390
Exports,HS1992:842410
Exports,HS1992:842420
Exports,HS1992:842430
Exports,HS1992:842481
Exports,HS1992:842489
Exports,HS1992:842490
Exports,HS1992:842511
Exports,HS1992:842519
Exports,HS1992:842520
Exports,HS1992:842531
Exports,HS1992:842539
Exports,HS1992:842541
Exports,HS1992:842542
Exports,HS1992:842549
Exports,HS1992:842611
Exports,HS1992:842612
Exports,HS1992:842619
Exports,HS1992:842620
Exports,HS1992:842630
Exports,HS1992:842641
Exports,HS1992:842649
Exports,HS1992:842691
Exports,HS1992:842699
Exports,HS1992:842710
Exports,HS1992:842720
Exports,HS1992:842790
Exports,HS1992:842810
Exports,HS1992:842820
Exports,HS1992:842831
Exports,HS1992:842832
Exports,HS1992:842833
Exports,HS1992:842839
Exports,HS1992:842840
Exports,HS1992:842850
Exports,HS1992:842860
Exports,HS1992:842890
Exports,HS1992:842911
Exports,HS1992:842919
Exports,HS1992:842920
Exports,HS1992:842930
Exports,HS1992:842940
Exports,HS1992:842951
Exports,HS1992:842952
Exports,HS1992:842959
Exports,HS1992:843010
Exports,HS1992:843020
Exports,HS1992:843031
Exports,HS1992:843039
Exports,HS1992:843041
Exports,HS1992:843049
Exports,HS1992:843050
Exports,HS1992:843061
Exports,HS1992:843062
Exports,HS1992:843069
Exports,HS1992:843110
Exports,HS1992:843120
Exports,HS1992:843131
Exports,HS1992:843139
Exports,HS1992:843141
Exports,HS1992:843142
Exports,HS1992:843143
Exports,HS1992:843149
Exports,HS1992:843210
Exports,HS1992:843221
Exports,HS1992:843229
Exports,HS1992:843230
Exports,HS1992:843240
Exports,HS1992:843280
Exports,HS1992:843290
Exports,HS1992:843311
Exports,HS1992:843319
Exports,HS1992:843320
Exports,HS1992:843330
Exports,HS1992:843340
Exports,HS1992:843351
Exports,HS1992:843352
Exports,HS1992:843353
Exports,HS1992:843359
Exports,HS1992:843360
Exports,HS1992:843390
Exports,HS1992:843410
Exports,HS1992:843420
Exports,HS1992:843490
Exports,HS1992:843510
Exports,HS1992:843590
Exports,HS1992:843610
Exports,HS1992:843621
Exports,HS1992:843629
Exports,HS1992:843680
Exports,HS1992:843691
Exports,HS1992:843699
Exports,HS1992:843710
Exports,HS1992:843780
Exports,HS1992:843790
Exports,HS1992:843810
Exports,HS1992:843820
Exports,HS1992:843830
Exports,HS1992:843840
Exports,HS1992:843850
Exports,HS1992:843860
Exports,HS1992:843880
Exports,HS1992:843890
Exports,HS1992:843910
Exports,HS1992:843920
Exports,HS1992:843930
Exports,HS1992:843991
Exports,HS1992:843999
Exports,HS1992:844010
Exports,HS1992:844090
Exports,HS1992:844110
Exports,HS1992:844120
Exports,HS1992:844130
Exports,HS1992:844140
Exports,HS1992:844180
Exports,HS1992:844190
Exports,HS1992:844210
Exports,HS1992:844220
Exports,HS1992:844230
Exports,HS1992:844240
Exports,HS1992:844250
Exports,HS1992:844311
Exports,HS1992:844312
Exports,HS1992:844319
Exports,HS1992:844321
Exports,HS1992:844329
Exports,HS1992:844330
Exports,HS1992:844340
Exports,HS1992:844350
Exports,HS1992:844360
Exports,HS1992:844390
Exports,HS1992:844400
Exports,HS1992:844511
Exports,HS1992:844512
Exports,HS1992:844513
Exports,HS1992:844519
Exports,HS1992:844520
Exports,HS1992:844530
Exports,HS1992:844540
Exports,HS1992:844590
Exports,HS1992:844610
Exports,HS1992:844621
Exports,HS1992:844629
Exports,HS1992:844630
Exports,HS1992:844711
Exports,HS1992:844712
Exports,HS1992:844720
Exports,HS1992:844790
Exports,HS1992:844811
Exports,HS1992:844819
Exports,HS1992:844820
Exports,HS1992:844831
Exports,HS1992:844832
Exports,HS1992:844833
Exports,HS1992:844839
Exports,HS1992:844841
Exports,HS1992:844842
Exports,HS1992:844849
Exports,HS1992:844851
Exports,HS1992:844859
Exports,HS1992:844900
Exports,HS1992:845011
Exports,HS1992:845012
Exports,HS1992:845019
Exports,HS1992:845020
Exports,HS1992:845090
Exports,HS1992:845110
Exports,HS1992:845121
Exports,HS1992:845129
Exports,HS1992:845130
Exports,HS1992:845140
Exports,HS1992:845150
Exports,HS1992:845180
Exports,HS1992:845190
Exports,HS1992:845210
Exports,HS1992:845221
Exports,HS1992:845229
Exports,HS1992:845230
Exports,HS1992:845240
Exports,HS1992:845290
Exports,HS1992:845310
Exports,HS1992:845320
Exports,HS1992:845380
Exports,HS1992:845390
Exports,HS1992:845410
Exports,HS1992:845420
Exports,HS1992:845430
Exports,HS1992:845490
Exports,HS1992:845510
Exports,HS1992:845521
Exports,HS1992:845522
Exports,HS1992:845530
Exports,HS1992:845590
Exports,HS1992:845610
Exports,HS1992:845620
Exports,HS1992:845630
Exports,HS1992:845690
Exports,HS1992:845710
Exports,HS1992:845720
Exports,HS1992:845730
Exports,HS1992:845811
Exports,HS1992:845819
Exports,HS1992:845891
Exports,HS1992:845899
Exports,HS1992:845910
Exports,HS1992:845921
Exports,HS1992:845929
Exports,HS1992:845931
Exports,HS1992:845939
Exports,HS1992:845940
Exports,HS1992:845951
Exports,HS1992:845959
Exports,HS1992:845961
Exports,HS1992:845969
Exports,HS1992:845970
Exports,HS1992:846011
Exports,HS1992:846019
Exports,HS1992:846021
Exports,HS1992:846029
Exports,HS1992:846031
Exports,HS1992:846039
Exports,HS1992:846040
Exports,HS1992:846090
Exports,HS1992:846110
Exports,HS1992:846120
Exports,HS1992:846130
Exports,HS1992:846140
Exports,HS1992:846150
Exports,HS1992:846190
Exports,HS1992:846210
Exports,HS1992:846221
Exports,HS1992:846229
Exports,HS1992:846231
Exports,HS1992:846239
Exports,HS1992:846241
Exports,HS1992:846249
Exports,HS1992:846291
Exports,HS1992:846299
Exports,HS1992:846310
Exports,HS1992:846320
Exports,HS1992:846330
Exports,HS1992:846390
Exports,HS1992:846410
Exports,HS1992:846420
Exports,HS1992:846490
Exports,HS1992:846510
Exports,HS1992:846591
Exports,HS1992:846592
Exports,HS1992:846593
Exports,HS1992:846594
Exports,HS1992:846595
Exports,HS1992:846596
Exports,HS1992:846599
Exports,HS1992:846610
Exports,HS1992:846620
Exports,HS1992:846630
Exports,HS1992:846691
Exports,HS1992:846692
Exports,HS1992:846693
Exports,HS1992:846694
Exports,HS1992:846711
Exports,HS1992:846719
Exports,HS1992:846781
Exports,HS1992:846789
Exports,HS1992:846791
Exports,HS1992:846792
Exports,HS1992:846799
Exports,HS1992:846810
Exports,HS1992:846820
Exports,HS1992:846880
Exports,HS1992:846890
Exports,HS1992:846910
Exports,HS1992:846921
Exports,HS1992:846929
Exports,HS1992:846931
Exports,HS1992:846939
Exports,HS1992:847010
Exports,HS1992:847021
Exports,HS1992:847029
Exports,HS1992:847030
Exports,HS1992:847040
Exports,HS1992:847050
Exports,HS1992:847090
Exports,HS1992:847110
Exports,HS1992:847120
Exports,HS1992:847191
Exports,HS1992:847192
Exports,HS1992:847193
Exports,HS1992:847199
Exports,HS1992:847210
Exports,HS1992:847220
Exports,HS1992:847230
Exports,HS1992:847290
Exports,HS1992:847310
Exports,HS1992:847321
Exports,HS1992:847329
Exports,HS1992:847330
Exports,HS1992:847340
Exports,HS1992:847410
Exports,HS1992:847420
Exports,HS1992:847431
Exports,HS1992:847432
Exports,HS1992:847439
Exports,HS1992:847480
Exports,HS1992:847490
Exports,HS1992:847510
Exports,HS1992:847520
Exports,HS1992:847590
Exports,HS1992:847611
Exports,HS1992:847619
Exports,HS1992:847690
Exports,HS1992:847710
Exports,HS1992:847720
Exports,HS1992:847730
Exports,HS1992:847740
Exports,HS1992:847751
Exports,HS1992:847759
Exports,HS1992:847780
Exports,HS1992:847790
Exports,HS1992:847810
Exports,HS1992:847890
Exports,HS1992:847910
Exports,HS1992:847920
Exports,HS1992:847930
Exports,HS1992:847940
Exports,HS1992:847981
Exports,HS1992:847982
Exports,HS1992:847989
Exports,HS1992:847990
Exports,HS1992:848010
Exports,HS1992:848020
Exports,HS1992:848030
Exports,HS1992:848041
Exports,HS1992:848049
Exports,HS1992:848050
Exports,HS1992:848060
Exports,HS1992:848071
Exports,HS1992:848079
Exports,HS1992:848110
Exports,HS1992:848120
Exports,HS1992:848130
Exports,HS1992:848140
Exports,HS1992:848180
Exports,HS1992:848190
Exports,HS1992:848210
Exports,HS1992:848220
Exports,HS1992:848230
Exports,HS1992:848240
Exports,HS1992:848250
Exports,HS1992:848280
Exports,HS1992:848291
Exports,HS1992:848299
Exports,HS1992:848310
Exports,HS1992:848320
Exports,HS1992:848330
Exports,HS1992:848340
Exports,HS1992:848350
Exports,HS1992:848360
Exports,HS1992:848390
Exports,HS1992:848410
Exports,HS1992:848490
Exports,HS1992:848510
Exports,HS1992:848590
Exports,HS1992:850110
Exports,HS1992:850120
Exports,HS1992:850131
Exports,HS1992:850132
Exports,HS1992:850133
Exports,HS1992:850134
Exports,HS1992:850140
Exports,HS1992:850151
Exports,HS1992:850152
Exports,HS1992:850153
Exports,HS1992:850161
Exports,HS1992:850162
Exports,HS1992:850163
Exports,HS1992:850164
Exports,HS1992:850211
Exports,HS1992:850212
Exports,HS1992:850213
Exports,HS1992:850220
Exports,HS1992:850230
Exports,HS1992:850240
Exports,HS1992:850300
Exports,HS1992:850410
Exports,HS1992:850421
Exports,HS1992:850422
Exports,HS1992:850423
Exports,HS1992:850431
Exports,HS1992:850432
Exports,HS1992:850433
Exports,HS1992:850434
Exports,HS1992:850440
Exports,HS1992:850450
Exports,HS1992:850490
Exports,HS1992:850511
Exports,HS1992:850519
Exports,HS1992:850520
Exports,HS1992:850530
Exports,HS1992:850590
Exports,HS1992:850611
Exports,HS1992:850612
Exports,HS1992:850613
Exports,HS1992:850619
Exports,HS1992:850620
Exports,HS1992:850690
Exports,HS1992:850710
Exports,HS1992:850720
Exports,HS1992:850730
Exports,HS1992:850740
Exports,HS1992:850780
Exports,HS1992:850790
Exports,HS1992:850810
Exports,HS1992:850820
Exports,HS1992:850880
Exports,HS1992:850890
Exports,HS1992:850910
Exports,HS1992:850920
Exports,HS1992:850930
Exports,HS1992:850940
Exports,HS1992:850980
Exports,HS1992:850990
Exports,HS1992:851010
Exports,HS1992:851020
Exports,HS1992:851090
Exports,HS1992:851110
Exports,HS1992:851120
Exports,HS1992:851130
Exports,HS1992:851140
Exports,HS1992:851150
Exports,HS1992:851180
Exports,HS1992:851190
Exports,HS1992:851210
Exports,HS1992:851220
Exports,HS1992:851230
Exports,HS1992:851240
Exports,HS1992:851290
Exports,HS1992:851310
Exports,HS1992:851390
Exports,HS1992:851410
Exports,HS1992:851420
Exports,HS1992:851430
Exports,HS1992:851440
Exports,HS1992:851490
Exports,HS1992:851511
Exports,HS1992:851519
Exports,HS1992:851521
Exports,HS1992:851529
Exports,HS1992:851531
Exports,HS1992:851539
Exports,HS1992:851580
Exports,HS1992:851590
Exports,HS1992:851610
Exports,HS1992:851621
Exports,HS1992:851629
Exports,HS1992:851631
Exports,HS1992:851632
Exports,HS1992:851633
Exports,HS1992:851640
Exports,HS1992:851650
Exports,HS1992:851660
Exports,HS1992:851671
Exports,HS1992:851672
Exports,HS1992:851679
Exports,HS1992:851680
Exports,HS1992:851690
Exports,HS1992:851710
Exports,HS1992:851720
Exports,HS1992:851730
Exports,HS1992:851740
Exports,HS1992:851781
Exports,HS1992:851782
Exports,HS1992:851790
Exports,HS1992:851810
Exports,HS1992:851821
Exports,HS1992:851822
Exports,HS1992:851829
Exports,HS1992:851830
Exports,HS1992:851840
Exports,HS1992:851850
Exports,HS1992:851890
Exports,HS1992:851910
Exports,HS1992:851921
Exports,HS1992:851929
Exports,HS1992:851931
Exports,HS1992:851939
Exports,HS1992:851940
Exports,HS1992:851991
Exports,HS1992:851999
Exports,HS1992:852010
Exports,HS1992:852020
Exports,HS1992:852031
Exports,HS1992:852039
Exports,HS1992:852090
Exports,HS1992:852110
Exports,HS1992:852190
Exports,HS1992:852210
Exports,HS1992:852290
Exports,HS1992:852311
Exports,HS1992:852312
Exports,HS1992:852313
Exports,HS1992:852320
Exports,HS1992:852390
Exports,HS1992:852410
Exports,HS1992:852421
Exports,HS1992:852422
Exports,HS1992:852423
Exports,HS1992:852490
Exports,HS1992:852510
Exports,HS1992:852520
Exports,HS1992:852530
Exports,HS1992:852610
Exports,HS1992:852691
Exports,HS1992:852692
Exports,HS1992:852711
Exports,HS1992:852719
Exports,HS1992:852721
Exports,HS1992:852729
Exports,HS1992:852731
Exports,HS1992:852732
Exports,HS1992:852739
Exports,HS1992:852790
Exports,HS1992:852810
Exports,HS1992:852820
Exports,HS1992:852910
Exports,HS1992:852990
Exports,HS1992:853010
Exports,HS1992:853080
Exports,HS1992:853090
Exports,HS1992:853110
Exports,HS1992:853120
Exports,HS1992:853180
Exports,HS1992:853190
Exports,HS1992:853210
Exports,HS1992:853221
Exports,HS1992:853222
Exports,HS1992:853223
Exports,HS1992:853224
Exports,HS1992:853225
Exports,HS1992:853229
Exports,HS1992:853230
Exports,HS1992:853290
Exports,HS1992:853310
Exports,HS1992:853321
Exports,HS1992:853329
Exports,HS1992:853331
Exports,HS1992:853339
Exports,HS1992:853340
Exports,HS1992:853390
Exports,HS1992:853400
Exports,HS1992:853510
Exports,HS1992:853521
Exports,HS1992:853529
Exports,HS1992:853530
Exports,HS1992:853540
Exports,HS1992:853590
Exports,HS1992:853610
Exports,HS1992:853620
Exports,HS1992:853630
Exports,HS1992:853641
Exports,HS1992:853649
Exports,HS1992:853650
Exports,HS1992:853661
Exports,HS1992:853669
Exports,HS1992:853690
Exports,HS1992:853710
Exports,HS1992:853720
Exports,HS1992:853810
Exports,HS1992:853890
Exports,HS1992:853910
Exports,HS1992:853921
Exports,HS1992:853922
Exports,HS1992:853929
Exports,HS1992:853931
Exports,HS1992:853939
Exports,HS1992:853940
Exports,HS1992:853990
Exports,HS1992:854011
Exports,HS1992:854012
Exports,HS1992:854020
Exports,HS1992:854030
Exports,HS1992:854041
Exports,HS1992:854042
Exports,HS1992:854049
Exports,HS1992:854081
Exports,HS1992:854089
Exports,HS1992:854091
Exports,HS1992:854099
Exports,HS1992:854110
Exports,HS1992:854121
Exports,HS1992:854129
Exports,HS1992:854130
Exports,HS1992:854140
Exports,HS1992:854150
Exports,HS1992:854160
Exports,HS1992:854190
Exports,HS1992:854211
Exports,HS1992:854219
Exports,HS1992:854220
Exports,HS1992:854280
Exports,HS1992:854290
Exports,HS1992:854310
Exports,HS1992:854320
Exports,HS1992:854330
Exports,HS1992:854380
Exports,HS1992:854390
Exports,HS1992:854411
Exports,HS1992:854419
Exports,HS1992:854420
Exports,HS1992:854430
Exports,HS1992:854441
Exports,HS1992:854449
Exports,HS1992:854451
Exports,HS1992:854459
Exports,HS1992:854460
Exports,HS1992:854470
Exports,HS1992:854511
Exports,HS1992:854519
Exports,HS1992:854520
Exports,HS1992:854590
Exports,HS1992:854610
Exports,HS1992:854620
Exports,HS1992:854690
Exports,HS1992:854710
Exports,HS1992:854720
Exports,HS1992:854790
Exports,HS1992:854800
Exports,HS1992:860110
Exports,HS1992:860120
Exports,HS1992:860210
Exports,HS1992:860290
Exports,HS1992:860310
Exports,HS1992:860390
Exports,HS1992:860400
Exports,HS1992:860500
Exports,HS1992:860610
Exports,HS1992:860620
Exports,HS1992:860630
Exports,HS1992:860691
Exports,HS1992:860692
Exports,HS1992:860699
Exports,HS1992:860711
Exports,HS1992:860712
Exports,HS1992:860719
Exports,HS1992:860721
Exports,HS1992:860729
Exports,HS1992:860730
Exports,HS1992:860791
Exports,HS1992:860799
Exports,HS1992:860800
Exports,HS1992:860900
Exports,HS1992:870110
Exports,HS1992:870120
Exports,HS1992:870130
Exports,HS1992:870190
Exports,HS1992:870210
Exports,HS1992:870290
Exports,HS1992:870310
Exports,HS1992:870321
Exports,HS1992:870322
Exports,HS1992:870323
Exports,HS1992:870324
Exports,HS1992:870331
Exports,HS1992:870332
Exports,HS1992:870333
Exports,HS1992:870390
Exports,HS1992:870410
Exports,HS1992:870421
Exports,HS1992:870422
Exports,HS1992:870423
Exports,HS1992:870431
Exports,HS1992:870432
Exports,HS1992:870490
Exports,HS1992:870510
Exports,HS1992:870520
Exports,HS1992:870530
Exports,HS1992:870540
Exports,HS1992:870590
Exports,HS1992:870600
Exports,HS1992:870710
Exports,HS1992:870790
Exports,HS1992:870810
Exports,HS1992:870821
Exports,HS1992:870829
Exports,HS1992:870831
Exports,HS1992:870839
Exports,HS1992:870840
Exports,HS1992:870850
Exports,HS1992:870860
Exports,HS1992:870870
Exports,HS1992:870880
Exports,HS1992:870891
Exports,HS1992:870892
Exports,HS1992:870893
Exports,HS1992:870894
Exports,HS1992:870899
Exports,HS1992:870911
Exports,HS1992:870919
Exports,HS1992:870990
Exports,HS1992:871000
Exports,HS1992:871110
Exports,HS1992:871120
Exports,HS1992:871130
Exports,HS1992:871140
Exports,HS1992:871150
Exports,HS1992:871190
Exports,HS1992:871200
Exports,HS1992:871310
Exports,HS1992:871390
Exports,HS1992:871411
Exports,HS1992:871419
Exports,HS1992:871420
Exports,HS1992:871491
Exports,HS1992:871492
Exports,HS1992:871493
Exports,HS1992:871494
Exports,HS1992:871495
Exports,HS1992:871496
Exports,HS1992:871499
Exports,HS1992:871500
Exports,HS1992:871610
Exports,HS1992:871620
Exports,HS1992:871631
Exports,HS1992:871639
Exports,HS1992:871640
Exports,HS1992:871680
Exports,HS1992:871690
Exports,HS1992:880110
Exports,HS1992:880190
Exports,HS1992:880211
Exports,HS1992:880212
Exports,HS1992:880220
Exports,HS1992:880230
Exports,HS1992:880240
Exports,HS1992:880250
Exports,HS1992:880310
Exports,HS1992:880320
Exports,HS1992:880330
Exports,HS1992:880390
Exports,HS1992:880400
Exports,HS1992:880510
Exports,HS1992:880520
Exports,HS1992:890110
Exports,HS1992:890120
Exports,HS1992:890130
Exports,HS1992:890190
Exports,HS1992:890200
Exports,HS1992:890310
Exports,HS1992:890391
Exports,HS1992:890392
Exports,HS1992:890399
Exports,HS1992:890400
Exports,HS1992:890510
Exports,HS1992:890520
Exports,HS1992:890590
Exports,HS1992:890600
Exports,HS1992:890710
Exports,HS1992:890790
Exports,HS1992:890800
Exports,HS1992:900110
Exports,HS1992:900120
Exports,HS1992:900130
Exports,HS1992:900140
Exports,HS1992:900150
Exports,HS1992:900190
Exports,HS1992:900211
Exports,HS1992:900219
Exports,HS1992:900220
Exports,HS1992:900290
Exports,HS1992:900311
Exports,HS1992:900319
Exports,HS1992:900390
Exports,HS1992:900410
Exports,HS1992:900490
Exports,HS1992:900510
Exports,HS1992:900580
Exports,HS1992:900590
Exports,HS1992:900610
Exports,HS1992:900620
Exports,HS1992:900630
Exports,HS1992:900640
Exports,HS1992:900651
Exports,HS1992:900652
Exports,HS1992:900653
Exports,HS1992:900659
Exports,HS1992:900661
Exports,HS1992:900662
Exports,HS1992:900669
Exports,HS1992:900691
Exports,HS1992:900699
Exports,HS1992:900711
Exports,HS1992:900719
Exports,HS1992:900721
Exports,HS1992:900729
Exports,HS1992:900791
Exports,HS1992:900792
Exports,HS1992:900810
Exports,HS1992:900820
Exports,HS1992:900830
Exports,HS1992:900840
Exports,HS1992:900890
Exports,HS1992:900911
Exports,HS1992:900912
Exports,HS1992:900921
Exports,HS1992:900922
Exports,HS1992:900930
Exports,HS1992:900990
Exports,HS1992:901010
Exports,HS1992:901020
Exports,HS1992:901030
Exports,HS1992:901090
Exports,HS1992:901110
Exports,HS1992:901120
Exports,HS1992:901180
Exports,HS1992:901190
Exports,HS1992:901210
Exports,HS1992:901290
Exports,HS1992:901310
Exports,HS1992:901320
Exports,HS1992:901380
Exports,HS1992:901390
Exports,HS1992:901410
Exports,HS1992:901420
Exports,HS1992:901480
Exports,HS1992:901490
Exports,HS1992:901510
Exports,HS1992:901520
Exports,HS1992:901530
Exports,HS1992:901540
Exports,HS1992:901580
Exports,HS1992:901590
Exports,HS1992:901600
Exports,HS1992:901710
Exports,HS1992:901720
Exports,HS1992:901730
Exports,HS1992:901780
Exports,HS1992:901790
Exports,HS1992:901811
Exports,HS1992:901819
Exports,HS1992:901820
Exports,HS1992:901831
Exports,HS1992:901832
Exports,HS1992:901839
Exports,HS1992:901841
Exports,HS1992:901849
Exports,HS1992:901850
Exports,HS1992:901890
Exports,HS1992:901910
Exports,HS1992:901920
Exports,HS1992:902000
Exports,HS1992:902111
Exports,HS1992:902119
Exports,HS1992:902121
Exports,HS1992:902129
Exports,HS1992:902130
Exports,HS1992:902140
Exports,HS1992:902150
Exports,HS1992:902190
Exports,HS1992:902211
Exports,HS1992:902219
Exports,HS1992:902221
Exports,HS1992:902229
Exports,HS1992:902230
Exports,HS1992:902290
Exports,HS1992:902300
Exports,HS1992:902410
Exports,HS1992:902480
Exports,HS1992:902490
Exports,HS1992:902511
Exports,HS1992:902519
Exports,HS1992:902520
Exports,HS1992:902580
Exports,HS1992:902590
Exports,HS1992:902610
Exports,HS1992:902620
Exports,HS1992:902680
Exports,HS1992:902690
Exports,HS1992:902710
Exports,HS1992:902720
Exports,HS1992:902730
Exports,HS1992:902740
Exports,HS1992:902750
Exports,HS1992:902780
Exports,HS1992:902790
Exports,HS1992:902810
Exports,HS1992:902820
Exports,HS1992:902830
Exports,HS1992:902890
Exports,HS1992:902910
Exports,HS1992:902920
Exports,HS1992:902990
Exports,HS1992:903010
Exports,HS1992:903020
Exports,HS1992:903031
Exports,HS1992:903039
Exports,HS1992:903040
Exports,HS1992:903081
Exports,HS1992:903089
Exports,HS1992:903090
Exports,HS1992:903110
Exports,HS1992:903120
Exports,HS1992:903130
Exports,HS1992:903140
Exports,HS1992:903180
Exports,HS1992:903190
Exports,HS1992:903210
Exports,HS1992:903220
Exports,HS1992:903281
Exports,HS1992:903289
Exports,HS1992:903290
Exports,HS1992:903300
Exports,HS1992:910111
Exports,HS1992:910112
Exports,HS1992:910119
Exports,HS1992:910121
Exports,HS1992:910129
Exports,HS1992:910191
Exports,HS1992:910199
Exports,HS1992:910211
Exports,HS1992:910212
Exports,HS1992:910219
Exports,HS1992:910221
Exports,HS1992:910229
Exports,HS1992:910291
Exports,HS1992:910299
Exports,HS1992:910310
Exports,HS1992:910390
Exports,HS1992:910400
Exports,HS1992:910511
Exports,HS1992:910519
Exports,HS1992:910521
Exports,HS1992:910529
Exports,HS1992:910591
Exports,HS1992:910599
Exports,HS1992:910610
Exports,HS1992:910620
Exports,HS1992:910690
Exports,HS1992:910700
Exports,HS1992:910811
Exports,HS1992:910812
Exports,HS1992:910819
Exports,HS1992:910820
Exports,HS1992:910891
Exports,HS1992:910899
Exports,HS1992:910911
Exports,HS1992:910919
Exports,HS1992:910990
Exports,HS1992:911011
Exports,HS1992:911012
Exports,HS1992:911019
Exports,HS1992:911090
Exports,HS1992:911110
Exports,HS1992:911120
Exports,HS1992:911180
Exports,HS1992:911190
Exports,HS1992:911210
Exports,HS1992:911280
Exports,HS1992:911290
Exports,HS1992:911310
Exports,HS1992:911320
Exports,HS1992:911390
Exports,HS1992:911410
Exports,HS1992:911420
Exports,HS1992:911430
Exports,HS1992:911440
Exports,HS1992:911490
Exports,HS1992:920110
Exports,HS1992:920120
Exports,HS1992:920190
Exports,HS1992:920210
Exports,HS1992:920290
Exports,HS1992:920300
Exports,HS1992:920410
Exports,HS1992:920420
Exports,HS1992:920510
Exports,HS1992:920590
Exports,HS1992:920600
Exports,HS1992:920710
Exports,HS1992:920790
Exports,HS1992:920810
Exports,HS1992:920890
Exports,HS1992:920910
Exports,HS1992:920920
Exports,HS1992:920930
Exports,HS1992:920991
Exports,HS1992:920992
Exports,HS1992:920993
Exports,HS1992:920994
Exports,HS1992:920999
Exports,HS1992:930100
Exports,HS1992:930200
Exports,HS1992:930310
Exports,HS1992:930320
Exports,HS1992:930330
Exports,HS1992:930390
Exports,HS1992:930400
Exports,HS1992:930510
Exports,HS1992:930521
Exports,HS1992:930529
Exports,HS1992:930590
Exports,HS1992:930610
Exports,HS1992:930621
Exports,HS1992:930629
Exports,HS1992:930630
Exports,HS1992:930690
Exports,HS1992:930700
Exports,HS1992:940110
Exports,HS1992:940120
Exports,HS1992:940130
Exports,HS1992:940140
Exports,HS1992:940150
Exports,HS1992:940161
Exports,HS1992:940169
Exports,HS1992:940171
Exports,HS1992:940179
Exports,HS1992:940180
Exports,HS1992:940190
Exports,HS1992:940210
Exports,HS1992:940290
Exports,HS1992:940310
Exports,HS1992:940320
Exports,HS1992:940330
Exports,HS1992:940340
Exports,HS1992:940350
Exports,HS1992:940360
Exports,HS1992:940370
Exports,HS1992:940380
Exports,HS1992:940390
Exports,HS1992:940410
Exports,HS1992:940421
Exports,HS1992:940429
Exports,HS1992:940430
Exports,HS1992:940490
Exports,HS1992:940510
Exports,HS1992:940520
Exports,HS1992:940530
Exports,HS1992:940540
Exports,HS1992:940550
Exports,HS1992:940560
Exports,HS1992:940591
Exports,HS1992:940592
Exports,HS1992:940599
Exports,HS1992:940600
Exports,HS1992:950100
Exports,HS1992:950210
Exports,HS1992:950291
Exports,HS1992:950299
Exports,HS1992:950310
Exports,HS1992:950320
Exports,HS1992:950330
Exports,HS1992:950341
Exports,HS1992:950349
Exports,HS1992:950350
Exports,HS1992:950360
Exports,HS1992:950370
Exports,HS1992:950380
Exports,HS1992:950390
Exports,HS1992:950410
Exports,HS1992:950420
Exports,HS1992:950430
Exports,HS1992:950440
Exports,HS1992:950490
Exports,HS1992:950510
Exports,HS1992:950590
Exports,HS1992:950611
Exports,HS1992:950612
Exports,HS1992:950619
Exports,HS1992:950621
Exports,HS1992:950629
Exports,HS1992:950631
Exports,HS1992:950632
Exports,HS1992:950639
Exports,HS1992:950640
Exports,HS1992:950651
Exports,HS1992:950659
Exports,HS1992:950661
Exports,HS1992:950662
Exports,HS1992:950669
Exports,HS1992:950670
Exports,HS1992:950691
Exports,HS1992:950699
Exports,HS1992:950710
Exports,HS1992:950720
Exports,HS1992:950730
Exports,HS1992:950790
Exports,HS1992:950800
Exports,HS1992:960110
Exports,HS1992:960190
Exports,HS1992:960200
Exports,HS1992:960310
Exports,HS1992:960321
Exports,HS1992:960329
Exports,HS1992:960330
Exports,HS1992:960340
Exports,HS1992:960350
Exports,HS1992:960390
Exports,HS1992:960400
Exports,HS1992:960500
Exports,HS1992:960610
Exports,HS1992:960621
Exports,HS1992:960622
Exports,HS1992:960629
Exports,HS1992:960630
Exports,HS1992:960711
Exports,HS1992:960719
Exports,HS1992:960720
Exports,HS1992:960810
Exports,HS1992:960820
Exports,HS1992:960831
Exports,HS1992:960839
Exports,HS1992:960840
Exports,HS1992:960850
Exports,HS1992:960860
Exports,HS1992:960891
Exports,HS1992:960899
Exports,HS1992:960910
Exports,HS1992:960920
Exports,HS1992:960990
Exports,HS1992:961000
Exports,HS1992:961100
Exports,HS1992:961210
Exports,HS1992:961220
Exports,HS1992:961310
Exports,HS1992:961320
Exports,HS1992:961330
Exports,HS1992:961380
Exports,HS1992:961390
Exports,HS1992:961410
Exports,HS1992:961420
Exports,HS1992:961490
Exports,HS1992:961511
Exports,HS1992:961519
Exports,HS1992:961590
Exports,HS1992:961610
Exports,HS1992:961620
Exports,HS1992:961700
Exports,HS1992:961800
Exports,HS1992:970110
Exports,HS1992:970190
Exports,HS1992:970200
Exports,HS1992:970300
Exports,HS1992:970400
Exports,HS1992:970500
Exports,HS1992:970600
Imports,HS1992:010111
Imports,HS1992:010119
Imports,HS1992:010120
Imports,HS1992:010210
Imports,HS1992:010290
Imports,HS1992:010310
Imports,HS1992:010391
Imports,HS1992:010392
Imports,HS1992:010410
Imports,HS1992:010420
Imports,HS1992:010511
Imports,HS1992:010519
Imports,HS1992:010591
Imports,HS1992:010599
Imports,HS1992:010600
Imports,HS1992:020110
Imports,HS1992:020120
Imports,HS1992:020130
Imports,HS1992:020210
Imports,HS1992:020220
Imports,HS1992:020230
Imports,HS1992:020311
Imports,HS1992:020312
Imports,HS1992:020319
Imports,HS1992:020321
Imports,HS1992:020322
Imports,HS1992:020329
Imports,HS1992:020410
Imports,HS1992:020421
Imports,HS1992:020422
Imports,HS1992:020423
Imports,HS1992:020430
Imports,HS1992:020441
Imports,HS1992:020442
Imports,HS1992:020443
Imports,HS1992:020450
Imports,HS1992:020500
Imports,HS1992:020610
Imports,HS1992:020621
Imports,HS1992:020622
Imports,HS1992:020629
Imports,HS1992:020630
Imports,HS1992:020641
Imports,HS1992:020649
Imports,HS1992:020680
Imports,HS1992:020690
Imports,HS1992:020710
Imports,HS1992:020721
Imports,HS1992:020722
Imports,HS1992:020723
Imports,HS1992:020731
Imports,HS1992:020739
Imports,HS1992:020741
Imports,HS1992:020742
Imports,HS1992:020743
Imports,HS1992:020750
Imports,HS1992:020810
Imports,HS1992:020820
Imports,HS1992:020890
Imports,HS1992:020900
Imports,HS1992:021011
Imports,HS1992:021012
Imports,HS1992:021019
Imports,HS1992:021020
Imports,HS1992:021090
Imports,HS1992:030110
Imports,HS1992:030191
Imports,HS1992:030192
Imports,HS1992:030193
Imports,HS1992:030199
Imports,HS1992:030211
Imports,HS1992:030212
Imports,HS1992:030219
Imports,HS1992:030221
Imports,HS1992:030222
Imports,HS1992:030223
Imports,HS1992:030229
Imports,HS1992:030231
Imports,HS1992:030232
Imports,HS1992:030233
Imports,HS1992:030239
Imports,HS1992:030240
Imports,HS1992:030250
Imports,HS1992:030261
Imports,HS1992:030262
Imports,HS1992:030263
Imports,HS1992:030264
Imports,HS1992:030265
Imports,HS1992:030266
Imports,HS1992:030269
Imports,HS1992:030270
Imports,HS1992:030310
Imports,HS1992:030321
Imports,HS1992:030322
Imports,HS1992:030329
Imports,HS1992:030331
Imports,HS1992:030332
Imports,HS1992:030333
Imports,HS1992:030339
Imports,HS1992:030341
Imports,HS1992:030342
Imports,HS1992:030343
Imports,HS1992:030349
Imports,HS1992:030350
Imports,HS1992:030360
Imports,HS1992:030371
Imports,HS1992:030372
Imports,HS1992:030373
Imports,HS1992:030374
Imports,HS1992:030375
Imports,HS1992:030376
Imports,HS1992:030377
Imports,HS1992:030378
Imports,HS1992:030379
Imports,HS1992:030380
Imports,HS1992:030410
Imports,HS1992:030420
Imports,HS1992:030490
Imports,HS1992:030510
Imports,HS1992:030520
Imports,HS1992:030530
Imports,HS1992:030541
Imports,HS1992:030542
Imports,HS1992:030549
Imports,HS1992:030551
Imports,HS1992:030559
Imports,HS1992:030561
Imports,HS1992:030562
Imports,HS1992:030563
Imports,HS1992:030569
Imports,HS1992:030611
Imports,HS1992:030612
Imports,HS1992:030613
Imports,HS1992:030614
Imports,HS1992:030619
Imports,HS1992:030621
Imports,HS1992:030622
Imports,HS1992:030623
Imports,HS1992:030624
Imports,HS1992:030629
Imports,HS1992:030710
Imports,HS1992:030721
Imports,HS1992:030729
Imports,HS1992:030731
Imports,HS1992:030739
Imports,HS1992:030741
Imports,HS1992:030749
Imports,HS1992:030751
Imports,HS1992:030759
Imports,HS1992:030760
Imports,HS1992:030791
Imports,HS1992:030799
Imports,HS1992:040110
Imports,HS1992:040120
Imports,HS1992:040130
Imports,HS1992:040210
Imports,HS1992:040221
Imports,HS1992:040229
Imports,HS1992:040291
Imports,HS1992:040299
Imports,HS1992:040310
Imports,HS1992:040390
Imports,HS1992:040410
Imports,HS1992:040490
Imports,HS1992:040500
Imports,HS1992:040610
Imports,HS1992:040620
Imports,HS1992:040630
Imports,HS1992:040640
Imports,HS1992:040690
Imports,HS1992:040700
Imports,HS1992:040811
Imports,HS1992:040819
Imports,HS1992:040891
Imports,HS1992:040899
Imports,HS1992:040900
Imports,HS1992:041000
Imports,HS1992:050100
Imports,HS1992:050210
Imports,HS1992:050290
Imports,HS1992:050300
Imports,HS1992:050400
Imports,HS1992:050510
Imports,HS1992:050590
Imports,HS1992:050610
Imports,HS1992:050690
Imports,HS1992:050710
Imports,HS1992:050790
Imports,HS1992:050800
Imports,HS1992:050900
Imports,HS1992:051000
Imports,HS1992:051110
Imports,HS1992:051191
Imports,HS1992:051199
Imports,HS1992:060110
Imports,HS1992:060120
Imports,HS1992:060210
Imports,HS1992:060220
Imports,HS1992:060230
Imports,HS1992:060240
Imports,HS1992:060291
Imports,HS1992:060299
Imports,HS1992:060310
Imports,HS1992:060390
Imports,HS1992:060410
Imports,HS1992:060491
Imports,HS1992:060499
Imports,HS1992:070110
Imports,HS1992:070190
Imports,HS1992:070200
Imports,HS1992:070310
Imports,HS1992:070320
Imports,HS1992:070390
Imports,HS1992:070410
Imports,HS1992:070420
Imports,HS1992:070490
Imports,HS1992:070511
Imports,HS1992:070519
Imports,HS1992:070521
Imports,HS1992:070529
Imports,HS1992:070610
Imports,HS1992:070690
Imports,HS1992:070700
Imports,HS1992:070810
Imports,HS1992:070820
Imports,HS1992:070890
Imports,HS1992:070910
Imports,HS1992:070920
Imports,HS1992:070930
Imports,HS1992:070940
Imports,HS1992:070951
Imports,HS1992:070952
Imports,HS1992:070960
Imports,HS1992:070970
Imports,HS1992:070990
Imports,HS1992:071010
Imports,HS1992:071021
Imports,HS1992:071022
Imports,HS1992:071029
Imports,HS1992:071030
Imports,HS1992:071040
Imports,HS1992:071080
Imports,HS1992:071090
Imports,HS1992:071110
Imports,HS1992:071120
Imports,HS1992:071130
Imports,HS1992:071140
Imports,HS1992:071190
Imports,HS1992:071210
Imports,HS1992:071220
Imports,HS1992:071230
Imports,HS1992:071290
Imports,HS1992:071310
Imports,HS1992:071320
Imports,HS1992:071331
Imports,HS1992:071332
Imports,HS1992:071333
Imports,HS1992:071339
Imports,HS1992:071340
Imports,HS1992:071350
Imports,HS1992:071390
Imports,HS1992:071410
Imports,HS1992:071420
Imports,HS1992:071490
Imports,HS1992:080110
Imports,HS1992:080120
Imports,HS1992:080130
Imports,HS1992:080211
Imports,HS1992:080212
Imports,HS1992:080221
Imports,HS1992:080222
Imports,HS1992:080231
Imports,HS1992:080232
Imports,HS1992:080240
Imports,HS1992:080250
Imports,HS1992:080290
Imports,HS1992:080300
Imports,HS1992:080410
Imports,HS1992:080420
Imports,HS1992:080430
Imports,HS1992:080440
Imports,HS1992:080450
Imports,HS1992:080510
Imports,HS1992:080520
Imports,HS1992:080530
Imports,HS1992:080540
Imports,HS1992:080590
Imports,HS1992:080610
Imports,HS1992:080620
Imports,HS1992:080710
Imports,HS1992:080720
Imports,HS1992:080810
Imports,HS1992:080820
Imports,HS1992:080910
Imports,HS1992:080920
Imports,HS1992:080930
Imports,HS1992:080940
Imports,HS1992:081010
Imports,HS1992:081020
Imports,HS1992:081030
Imports,HS1992:081040
Imports,HS1992:081090
Imports,HS1992:081110
Imports,HS1992:081120
Imports,HS1992:081190
Imports,HS1992:081210
Imports,HS1992:081220
Imports,HS1992:081290
Imports,HS1992:081310
Imports,HS1992:081320
Imports,HS1992:081330
Imports,HS1992:081340
Imports,HS1992:081350
Imports,HS1992:081400
Imports,HS1992:090111
Imports,HS1992:090112
Imports,HS1992:090121
Imports,HS1992:090122
Imports,HS1992:090130
Imports,HS1992:090140
Imports,HS1992:090210
Imports,HS1992:090220
Imports,HS1992:090230
Imports,HS1992:090240
Imports,HS1992:090300
Imports,HS1992:090411
Imports,HS1992:090412
Imports,HS1992:090420
Imports,HS1992:090500
Imports,HS1992:090610
Imports,HS1992:090620
Imports,HS1992:090700
Imports,HS1992:090810
Imports,HS1992:090820
Imports,HS1992:090830
Imports,HS1992:090910
Imports,HS1992:090920
Imports,HS1992:090930
Imports,HS1992:090940
Imports,HS1992:090950
Imports,HS1992:091010
Imports,HS1992:091020
Imports,HS1992:091030
Imports,HS1992:091040
Imports,HS1992:091050
Imports,HS1992:091091
Imports,HS1992:091099
Imports,HS1992:100110
Imports,HS1992:100190
Imports,HS1992:100200
Imports,HS1992:100300
Imports,HS1992:100400
Imports,HS1992:100510
Imports,HS1992:100590
Imports,HS1992:100610
Imports,HS1992:100620
Imports,HS1992:100630
Imports,HS1992:100640
Imports,HS1992:100700
Imports,HS1992:100810
Imports,HS1992:100820
Imports,HS1992:100830
Imports,HS1992:100890
Imports,HS1992:110100
Imports,HS1992:110210
Imports,HS1992:110220
Imports,HS1992:110230
Imports,HS1992:110290
Imports,HS1992:110311
Imports,HS1992:110312
Imports,HS1992:110313
Imports,HS1992:110314
Imports,HS1992:110319
Imports,HS1992:110321
Imports,HS1992:110329
Imports,HS1992:110411
Imports,HS1992:110412
Imports,HS1992:110419
Imports,HS1992:110421
Imports,HS1992:110422
Imports,HS1992:110423
Imports,HS1992:110429
Imports,HS1992:110430
Imports,HS1992:110510
Imports,HS1992:110520
Imports,HS1992:110610
Imports,HS1992:110620
Imports,HS1992:110630
Imports,HS1992:110710
Imports,HS1992:110720
Imports,HS1992:110811
Imports,HS1992:110812
Imports,HS1992:110813
Imports,HS1992:110814
Imports,HS1992:110819
Imports,HS1992:110820
Imports,HS1992:110900
Imports,HS1992:120100
Imports,HS1992:120210
Imports,HS1992:120220
Imports,HS1992:120300
Imports,HS1992:120400
Imports,HS1992:120500
Imports,HS1992:120600
Imports,HS1992:120710
Imports,HS1992:120720
Imports,HS1992:120730
Imports,HS1992:120740
Imports,HS1992:120750
Imports,HS1992:120760
Imports,HS1992:120791
Imports,HS1992:120792
Imports,HS1992:120799
Imports,HS1992:120810
Imports,HS1992:120890
Imports,HS1992:120911
Imports,HS1992:120919
Imports,HS1992:120921
Imports,HS1992:120922
Imports,HS1992:120923
Imports,HS1992:120924
Imports,HS1992:120925
Imports,HS1992:120926
Imports,HS1992:120929
Imports,HS1992:120930
Imports,HS1992:120991
Imports,HS1992:120999
Imports,HS1992:121010
Imports,HS1992:121020
Imports,HS1992:121110
Imports,HS1992:121120
Imports,HS1992:121190
Imports,HS1992:121210
Imports,HS1992:121220
Imports,HS1992:121230
Imports,HS1992:121291
Imports,HS1992:121292
Imports,HS1992:121299
Imports,HS1992:121300
Imports,HS1992:121410
Imports,HS1992:121490
Imports,HS1992:130110
Imports,HS1992:130120
Imports,HS1992:130190
Imports,HS1992:130211
Imports,HS1992:130212
Imports,HS1992:130213
Imports,HS1992:130214
Imports,HS1992:130219
Imports,HS1992:130220
Imports,HS1992:130231
Imports,HS1992:130232
Imports,HS1992:130239
Imports,HS1992:140110
Imports,HS1992:140120
Imports,HS1992:140190
Imports,HS1992:140210
Imports,HS1992:140291
Imports,HS1992:140299
Imports,HS1992:140310
Imports,HS1992:140390
Imports,HS1992:140410
Imports,HS1992:140420
Imports,HS1992:140490
Imports,HS1992:150100
Imports,HS1992:150200
Imports,HS1992:150300
Imports,HS1992:150410
Imports,HS1992:150420
Imports,HS1992:150430
Imports,HS1992:150510
Imports,HS1992:150590
Imports,HS1992:150600
Imports,HS1992:150710
Imports,HS1992:150790
Imports,HS1992:150810
Imports,HS1992:150890
Imports,HS1992:150910
Imports,HS1992:150990
Imports,HS1992:151000
Imports,HS1992:151110
Imports,HS1992:151190
Imports,HS1992:151211
Imports,HS1992:151219
Imports,HS1992:151221
Imports,HS1992:151229
Imports,HS1992:151311
Imports,HS1992:151319
Imports,HS1992:151321
Imports,HS1992:151329
Imports,HS1992:151410
Imports,HS1992:151490
Imports,HS1992:151511
Imports,HS1992:151519
Imports,HS1992:151521
Imports,HS1992:151529
Imports,HS1992:151530
Imports,HS1992:151540
Imports,HS1992:151550
Imports,HS1992:151560
Imports,HS1992:151590
Imports,HS1992:151610
Imports,HS1992:151620
Imports,HS1992:151710
Imports,HS1992:151790
Imports,HS1992:151800
Imports,HS1992:151911
Imports,HS1992:151912
Imports,HS1992:151913
Imports,HS1992:151919
Imports,HS1992:151920
Imports,HS1992:151930
Imports,HS1992:152010
Imports,HS1992:152090
Imports,HS1992:152110
Imports,HS1992:152190
Imports,HS1992:152200
Imports,HS1992:160100
Imports,HS1992:160210
Imports,HS1992:160220
Imports,HS1992:160231
Imports,HS1992:160239
Imports,HS1992:160241
Imports,HS1992:160242
Imports,HS1992:160249
Imports,HS1992:160250
Imports,HS1992:160290
Imports,HS1992:160300
Imports,HS1992:160411
Imports,HS1992:160412
Imports,HS1992:160413
Imports,HS1992:160414
Imports,HS1992:160415
Imports,HS1992:160416
Imports,HS1992:160419
Imports,HS1992:160420
Imports,HS1992:160430
Imports,HS1992:160510
Imports,HS1992:160520
Imports,HS1992:160530
Imports,HS1992:160540
Imports,HS1992:160590
Imports,HS1992:170111
Imports,HS1992:170112
Imports,HS1992:170191
Imports,HS1992:170199
Imports,HS1992:170210
Imports,HS1992:170220
Imports,HS1992:170230
Imports,HS1992:170240
Imports,HS1992:170250
Imports,HS1992:170260
Imports,HS1992:170290
Imports,HS1992:170310
Imports,HS1992:170390
Imports,HS1992:170410
Imports,HS1992:170490
Imports,HS1992:180100
Imports,HS1992:180200
Imports,HS1992:180310
Imports,HS1992:180320
Imports,HS1992:180400
Imports,HS1992:180500
Imports,HS1992:180610
Imports,HS1992:180620
Imports,HS1992:180631
Imports,HS1992:180632
Imports,HS1992:180690
Imports,HS1992:190110
Imports,HS1992:190120
Imports,HS1992:190190
Imports,HS1992:190211
Imports,HS1992:190219
Imports,HS1992:190220
Imports,HS1992:190230
Imports,HS1992:190240
Imports,HS1992:190300
Imports,HS1992:190410
Imports,HS1992:190490
Imports,HS1992:190510
Imports,HS1992:190520
Imports,HS1992:190530
Imports,HS1992:190540
Imports,HS1992:190590
Imports,HS1992:200110
Imports,HS1992:200120
Imports,HS1992:200190
Imports,HS1992:200210
Imports,HS1992:200290
Imports,HS1992:200310
Imports,HS1992:200320
Imports,HS1992:200410
Imports,HS1992:200490
Imports,HS1992:200510
Imports,HS1992:200520
Imports,HS1992:200530
Imports,HS1992:200540
Imports,HS1992:200551
Imports,HS1992:200559
Imports,HS1992:200560
Imports,HS1992:200570
Imports,HS1992:200580
Imports,HS1992:200590
Imports,HS1992:200600
Imports,HS1992:200710
Imports,HS1992:200791
Imports,HS1992:200799
Imports,HS1992:200811
Imports,HS1992:200819
Imports,HS1992:200820
Imports,HS1992:200830
Imports,HS1992:200840
Imports,HS1992:200850
Imports,HS1992:200860
Imports,HS1992:200870
Imports,HS1992:200880
Imports,HS1992:200891
Imports,HS1992:200892
Imports,HS1992:200899
Imports,HS1992:200911
Imports,HS1992:200919
Imports,HS1992:200920
Imports,HS1992:200930
Imports,HS1992:200940
Imports,HS1992:200950
Imports,HS1992:200960
Imports,HS1992:200970
Imports,HS1992:200980
Imports,HS1992:200990
Imports,HS1992:210110
Imports,HS1992:210120
Imports,HS1992:210130
Imports,HS1992:210210
Imports,HS1992:210220
Imports,HS1992:210230
Imports,HS1992:210310
Imports,HS1992:210320
Imports,HS1992:210330
Imports,HS1992:210390
Imports,HS1992:210410
Imports,HS1992:210420
Imports,HS1992:210500
Imports,HS1992:210610
Imports,HS1992:210690
Imports,HS1992:220110
Imports,HS1992:220190
Imports,HS1992:220210
Imports,HS1992:220290
Imports,HS1992:220300
Imports,HS1992:220410
Imports,HS1992:220421
Imports,HS1992:220429
Imports,HS1992:220430
Imports,HS1992:220510
Imports,HS1992:220590
Imports,HS1992:220600
Imports,HS1992:220710
Imports,HS1992:220720
Imports,HS1992:220810
Imports,HS1992:220820
Imports,HS1992:220830
Imports,HS1992:220840
Imports,HS1992:220850
Imports,HS1992:220890
Imports,HS1992:220900
Imports,HS1992:230110
Imports,HS1992:230120
Imports,HS1992:230210
Imports,HS1992:230220
Imports,HS1992:230230
Imports,HS1992:230240
Imports,HS1992:230250
Imports,HS1992:230310
Imports,HS1992:230320
Imports,HS1992:230330
Imports,HS1992:230400
Imports,HS1992:230500
Imports,HS1992:230610
Imports,HS1992:230620
Imports,HS1992:230630
Imports,HS1992:230640
Imports,HS1992:230650
Imports,HS1992:230660
Imports,HS1992:230690
Imports,HS1992:230700
Imports,HS1992:230810
Imports,HS1992:230890
Imports,HS1992:230910
Imports,HS1992:230990
Imports,HS1992:240110
Imports,HS1992:240120
Imports,HS1992:240130
Imports,HS1992:240210
Imports,HS1992:240220
Imports,HS1992:240290
Imports,HS1992:240310
Imports,HS1992:240391
Imports,HS1992:240399
Imports,HS1992:250100
Imports,HS1992:250200
Imports,HS1992:250310
Imports,HS1992:250390
Imports,HS1992:250410
Imports,HS1992:250490
Imports,HS1992:250510
Imports,HS1992:250590
Imports,HS1992:250610
Imports,HS1992:250621
Imports,HS1992:250629
Imports,HS1992:250700
Imports,HS1992:250810
Imports,HS1992:250820
Imports,HS1992:250830
Imports,HS1992:250840
Imports,HS1992:250850
Imports,HS1992:250860
Imports,HS1992:250870
Imports,HS1992:250900
Imports,HS1992:251010
Imports,HS1992:251020
Imports,HS1992:251110
Imports,HS1992:251120
Imports,HS1992:251200
Imports,HS1992:251311
Imports,HS1992:251319
Imports,HS1992:251321
Imports,HS1992:251329
Imports,HS1992:251400
Imports,HS1992:251511
Imports,HS1992:251512
Imports,HS1992:251520
Imports,HS1992:251611
Imports,HS1992:251612
Imports,HS1992:251621
Imports,HS1992:251622
Imports,HS1992:251690
Imports,HS1992:251710
Imports,HS1992:251720
Imports,HS1992:251730
Imports,HS1992:251741
Imports,HS1992:251749
Imports,HS1992:251810
Imports,HS1992:251820
Imports,HS1992:251830
Imports,HS1992:251910
Imports,HS1992:251990
Imports,HS1992:252010
Imports,HS1992:252020
Imports,HS1992:252100
Imports,HS1992:252210
Imports,HS1992:252220
Imports,HS1992:252230
Imports,HS1992:252310
Imports,HS1992:252321
Imports,HS1992:252329
Imports,HS1992:252330
Imports,HS1992:252390
Imports,HS1992:252400
Imports,HS1992:252510
Imports,HS1992:252520
Imports,HS1992:252530
Imports,HS1992:252610
Imports,HS1992:252620
Imports,HS1992:252700
Imports,HS1992:252810
Imports,HS1992:252890
Imports,HS1992:252910
Imports,HS1992:252921
Imports,HS1992:252922
Imports,HS1992:252930
Imports,HS1992:253010
Imports,HS1992:253020
Imports,HS1992:253030
Imports,HS1992:253040
Imports,HS1992:253090
Imports,HS1992:260111
Imports,HS1992:260112
Imports,HS1992:260120
Imports,HS1992:260200
Imports,HS1992:260300
Imports,HS1992:260400
Imports,HS1992:260500
Imports,HS1992:260600
Imports,HS1992:260700
Imports,HS1992:260800
Imports,HS1992:260900
Imports,HS1992:261000
Imports,HS1992:261100
Imports,HS1992:261210
Imports,HS1992:261220
Imports,HS1992:261310
Imports,HS1992:261390
Imports,HS1992:261400
Imports,HS1992:261510
Imports,HS1992:261590
Imports,HS1992:261610
Imports,HS1992:261690
Imports,HS1992:261710
Imports,HS1992:261790
Imports,HS1992:261800
Imports,HS1992:261900
Imports,HS1992:262011
Imports,HS1992:262019
Imports,HS1992:262020
Imports,HS1992:262030
Imports,HS1992:262040
Imports,HS1992:262050
Imports,HS1992:262090
Imports,HS1992:262100
Imports,HS1992:270111
Imports,HS1992:270112
Imports,HS1992:270119
Imports,HS1992:270120
Imports,HS1992:270210
Imports,HS1992:270220
Imports,HS1992:270300
Imports,HS1992:270400
Imports,HS1992:270500
Imports,HS1992:270600
Imports,HS1992:270710
Imports,HS1992:270720
Imports,HS1992:270730
Imports,HS1992:270740
Imports,HS1992:270750
Imports,HS1992:270760
Imports,HS1992:270791
Imports,HS1992:270799
Imports,HS1992:270810
Imports,HS1992:270820
Imports,HS1992:270900
Imports,HS1992:271000
Imports,HS1992:271011
Imports,HS1992:271012
Imports,HS1992:271013
Imports,HS1992:271014
Imports,HS1992:271015
Imports,HS1992:271016
Imports,HS1992:271019
Imports,HS1992:271021
Imports,HS1992:271022
Imports,HS1992:271025
Imports,HS1992:271026
Imports,HS1992:271027
Imports,HS1992:271029
Imports,HS1992:271091
Imports,HS1992:271093
Imports,HS1992:271094
Imports,HS1992:271095
Imports,HS1992:271096
Imports,HS1992:271099
Imports,HS1992:271111
Imports,HS1992:271112
Imports,HS1992:271113
Imports,HS1992:271114
Imports,HS1992:271119
Imports,HS1992:271121
Imports,HS1992:271129
Imports,HS1992:271210
Imports,HS1992:271220
Imports,HS1992:271290
Imports,HS1992:271311
Imports,HS1992:271312
Imports,HS1992:271320
Imports,HS1992:271390
Imports,HS1992:271410
Imports,HS1992:271490
Imports,HS1992:271500
Imports,HS1992:271600
Imports,HS1992:280110
Imports,HS1992:280120
Imports,HS1992:280130
Imports,HS1992:280200
Imports,HS1992:280300
Imports,HS1992:280410
Imports,HS1992:280421
Imports,HS1992:280429
Imports,HS1992:280430
Imports,HS1992:280440
Imports,HS1992:280450
Imports,HS1992:280461
Imports,HS1992:280469
Imports,HS1992:280470
Imports,HS1992:280480
Imports,HS1992:280490
Imports,HS1992:280511
Imports,HS1992:280519
Imports,HS1992:280521
Imports,HS1992:280522
Imports,HS1992:280530
Imports,HS1992:280540
Imports,HS1992:280610
Imports,HS1992:280620
Imports,HS1992:280700
Imports,HS1992:280800
Imports,HS1992:280910
Imports,HS1992:280920
Imports,HS1992:281000
Imports,HS1992:281111
Imports,HS1992:281119
Imports,HS1992:281121
Imports,HS1992:281122
Imports,HS1992:281123
Imports,HS1992:281129
Imports,HS1992:281210
Imports,HS1992:281290
Imports,HS1992:281310
Imports,HS1992:281390
Imports,HS1992:281410
Imports,HS1992:281420
Imports,HS1992:281511
Imports,HS1992:281512
Imports,HS1992:281520
Imports,HS1992:281530
Imports,HS1992:281610
Imports,HS1992:281620
Imports,HS1992:281630
Imports,HS1992:281700
Imports,HS1992:281810
Imports,HS1992:281820
Imports,HS1992:281830
Imports,HS1992:281910
Imports,HS1992:281990
Imports,HS1992:282010
Imports,HS1992:282090
Imports,HS1992:282110
Imports,HS1992:282120
Imports,HS1992:282200
Imports,HS1992:282300
Imports,HS1992:282410
Imports,HS1992:282420
Imports,HS1992:282490
Imports,HS1992:282510
Imports,HS1992:282520
Imports,HS1992:282530
Imports,HS1992:282540
Imports,HS1992:282550
Imports,HS1992:282560
Imports,HS1992:282570
Imports,HS1992:282580
Imports,HS1992:282590
Imports,HS1992:282611
Imports,HS1992:282612
Imports,HS1992:282619
Imports,HS1992:282620
Imports,HS1992:282630
Imports,HS1992:282690
Imports,HS1992:282710
Imports,HS1992:282720
Imports,HS1992:282731
Imports,HS1992:282732
Imports,HS1992:282733
Imports,HS1992:282734
Imports,HS1992:282735
Imports,HS1992:282736
Imports,HS1992:282737
Imports,HS1992:282738
Imports,HS1992:282739
Imports,HS1992:282741
Imports,HS1992:282749
Imports,HS1992:282751
Imports,HS1992:282759
Imports,HS1992:282760
Imports,HS1992:282810
Imports,HS1992:282890
Imports,HS1992:282911
Imports,HS1992:282919
Imports,HS1992:282990
Imports,HS1992:283010
Imports,HS1992:283020
Imports,HS1992:283030
Imports,HS1992:283090
Imports,HS1992:283110
Imports,HS1992:283190
Imports,HS1992:283210
Imports,HS1992:283220
Imports,HS1992:283230
Imports,HS1992:283311
Imports,HS1992:283319
Imports,HS1992:283321
Imports,HS1992:283322
Imports,HS1992:283323
Imports,HS1992:283324
Imports,HS1992:283325
Imports,HS1992:283326
Imports,HS1992:283327
Imports,HS1992:283329
Imports,HS1992:283330
Imports,HS1992:283340
Imports,HS1992:283410
Imports,HS1992:283421
Imports,HS1992:283422
Imports,HS1992:283429
Imports,HS1992:283510
Imports,HS1992:283521
Imports,HS1992:283522
Imports,HS1992:283523
Imports,HS1992:283524
Imports,HS1992:283525
Imports,HS1992:283526
Imports,HS1992:283529
Imports,HS1992:283531
Imports,HS1992:283539
Imports,HS1992:283610
Imports,HS1992:283620
Imports,HS1992:283630
Imports,HS1992:283640
Imports,HS1992:283650
Imports,HS1992:283660
Imports,HS1992:283670
Imports,HS1992:283691
Imports,HS1992:283692
Imports,HS1992:283693
Imports,HS1992:283699
Imports,HS1992:283711
Imports,HS1992:283719
Imports,HS1992:283720
Imports,HS1992:283800
Imports,HS1992:283911
Imports,HS1992:283919
Imports,HS1992:283920
Imports,HS1992:283990
Imports,HS1992:284011
Imports,HS1992:284019
Imports,HS1992:284020
Imports,HS1992:284030
Imports,HS1992:284110
Imports,HS1992:284120
Imports,HS1992:284130
Imports,HS1992:284140
Imports,HS1992:284150
Imports,HS1992:284160
Imports,HS1992:284170
Imports,HS1992:284180
Imports,HS1992:284190
Imports,HS1992:284210
Imports,HS1992:284290
Imports,HS1992:284310
Imports,HS1992:284321
Imports,HS1992:284329
Imports,HS1992:284330
Imports,HS1992:284390
Imports,HS1992:284410
Imports,HS1992:284420
Imports,HS1992:284430
Imports,HS1992:284440
Imports,HS1992:284450
Imports,HS1992:284510
Imports,HS1992:284590
Imports,HS1992:284610
Imports,HS1992:284690
Imports,HS1992:284700
Imports,HS1992:284810
Imports,HS1992:284890
Imports,HS1992:284910
Imports,HS1992:284920
Imports,HS1992:284990
Imports,HS1992:285000
Imports,HS1992:285100
Imports,HS1992:290110
Imports,HS1992:290121
Imports,HS1992:290122
Imports,HS1992:290123
Imports,HS1992:290124
Imports,HS1992:290129
Imports,HS1992:290211
Imports,HS1992:290219
Imports,HS1992:290220
Imports,HS1992:290230
Imports,HS1992:290241
Imports,HS1992:290242
Imports,HS1992:290243
Imports,HS1992:290244
Imports,HS1992:290250
Imports,HS1992:290260
Imports,HS1992:290270
Imports,HS1992:290290
Imports,HS1992:290311
Imports,HS1992:290312
Imports,HS1992:290313
Imports,HS1992:290314
Imports,HS1992:290315
Imports,HS1992:290316
Imports,HS1992:290319
Imports,HS1992:290321
Imports,HS1992:290322
Imports,HS1992:290323
Imports,HS1992:290329
Imports,HS1992:290330
Imports,HS1992:290340
Imports,HS1992:290351
Imports,HS1992:290359
Imports,HS1992:290361
Imports,HS1992:290362
Imports,HS1992:290369
Imports,HS1992:290410
Imports,HS1992:290420
Imports,HS1992:290490
Imports,HS1992:290511
Imports,HS1992:290512
Imports,HS1992:290513
Imports,HS1992:290514
Imports,HS1992:290515
Imports,HS1992:290516
Imports,HS1992:290517
Imports,HS1992:290519
Imports,HS1992:290521
Imports,HS1992:290522
Imports,HS1992:290529
Imports,HS1992:290531
Imports,HS1992:290532
Imports,HS1992:290539
Imports,HS1992:290541
Imports,HS1992:290542
Imports,HS1992:290543
Imports,HS1992:290544
Imports,HS1992:290549
Imports,HS1992:290550
Imports,HS1992:290611
Imports,HS1992:290612
Imports,HS1992:290613
Imports,HS1992:290614
Imports,HS1992:290619
Imports,HS1992:290621
Imports,HS1992:290629
Imports,HS1992:290711
Imports,HS1992:290712
Imports,HS1992:290713
Imports,HS1992:290714
Imports,HS1992:290715
Imports,HS1992:290719
Imports,HS1992:290721
Imports,HS1992:290722
Imports,HS1992:290723
Imports,HS1992:290729
Imports,HS1992:290730
Imports,HS1992:290810
Imports,HS1992:290820
Imports,HS1992:290890
Imports,HS1992:290911
Imports,HS1992:290919
Imports,HS1992:290920
Imports,HS1992:290930
Imports,HS1992:290941
Imports,HS1992:290942
Imports,HS1992:290943
Imports,HS1992:290944
Imports,HS1992:290949
Imports,HS1992:290950
Imports,HS1992:290960
Imports,HS1992:291010
Imports,HS1992:291020
Imports,HS1992:291030
Imports,HS1992:291090
Imports,HS1992:291100
Imports,HS1992:291211
Imports,HS1992:291212
Imports,HS1992:291213
Imports,HS1992:291219
Imports,HS1992:291221
Imports,HS1992:291229
Imports,HS1992:291230
Imports,HS1992:291241
Imports,HS1992:291242
Imports,HS1992:291249
Imports,HS1992:291250
Imports,HS1992:291260
Imports,HS1992:291300
Imports,HS1992:291411
Imports,HS1992:291412
Imports,HS1992:291413
Imports,HS1992:291419
Imports,HS1992:291421
Imports,HS1992:291422
Imports,HS1992:291423
Imports,HS1992:291429
Imports,HS1992:291430
Imports,HS1992:291441
Imports,HS1992:291449
Imports,HS1992:291450
Imports,HS1992:291461
Imports,HS1992:291469
Imports,HS1992:291470
Imports,HS1992:291511
Imports,HS1992:291512
Imports,HS1992:291513
Imports,HS1992:291521
Imports,HS1992:291522
Imports,HS1992:291523
Imports,HS1992:291524
Imports,HS1992:291529
Imports,HS1992:291531
Imports,HS1992:291532
Imports,HS1992:291533
Imports,HS1992:291534
Imports,HS1992:291535
Imports,HS1992:291539
Imports,HS1992:291540
Imports,HS1992:291550
Imports,HS1992:291560
Imports,HS1992:291570
Imports,HS1992:291590
Imports,HS1992:291611
Imports,HS1992:291612
Imports,HS1992:291613
Imports,HS1992:291614
Imports,HS1992:291615
Imports,HS1992:291619
Imports,HS1992:291620
Imports,HS1992:291631
Imports,HS1992:291632
Imports,HS1992:291633
Imports,HS1992:291639
Imports,HS1992:291711
Imports,HS1992:291712
Imports,HS1992:291713
Imports,HS1992:291714
Imports,HS1992:291719
Imports,HS1992:291720
Imports,HS1992:291731
Imports,HS1992:291732
Imports,HS1992:291733
Imports,HS1992:291734
Imports,HS1992:291735
Imports,HS1992:291736
Imports,HS1992:291737
Imports,HS1992:291739
Imports,HS1992:291811
Imports,HS1992:291812
Imports,HS1992:291813
Imports,HS1992:291814
Imports,HS1992:291815
Imports,HS1992:291816
Imports,HS1992:291817
Imports,HS1992:291819
Imports,HS1992:291821
Imports,HS1992:291822
Imports,HS1992:291823
Imports,HS1992:291829
Imports,HS1992:291830
Imports,HS1992:291890
Imports,HS1992:291900
Imports,HS1992:292010
Imports,HS1992:292090
Imports,HS1992:292111
Imports,HS1992:292112
Imports,HS1992:292119
Imports,HS1992:292121
Imports,HS1992:292122
Imports,HS1992:292129
Imports,HS1992:292130
Imports,HS1992:292141
Imports,HS1992:292142
Imports,HS1992:292143
Imports,HS1992:292144
Imports,HS1992:292145
Imports,HS1992:292149
Imports,HS1992:292151
Imports,HS1992:292159
Imports,HS1992:292211
Imports,HS1992:292212
Imports,HS1992:292213
Imports,HS1992:292219
Imports,HS1992:292221
Imports,HS1992:292222
Imports,HS1992:292229
Imports,HS1992:292230
Imports,HS1992:292241
Imports,HS1992:292242
Imports,HS1992:292249
Imports,HS1992:292250
Imports,HS1992:292310
Imports,HS1992:292320
Imports,HS1992:292390
Imports,HS1992:292410
Imports,HS1992:292421
Imports,HS1992:292429
Imports,HS1992:292511
Imports,HS1992:292519
Imports,HS1992:292520
Imports,HS1992:292610
Imports,HS1992:292620
Imports,HS1992:292690
Imports,HS1992:292700
Imports,HS1992:292800
Imports,HS1992:292910
Imports,HS1992:292990
Imports,HS1992:293010
Imports,HS1992:293020
Imports,HS1992:293030
Imports,HS1992:293040
Imports,HS1992:293090
Imports,HS1992:293100
Imports,HS1992:293211
Imports,HS1992:293212
Imports,HS1992:293213
Imports,HS1992:293219
Imports,HS1992:293221
Imports,HS1992:293229
Imports,HS1992:293290
Imports,HS1992:293311
Imports,HS1992:293319
Imports,HS1992:293321
Imports,HS1992:293329
Imports,HS1992:293331
Imports,HS1992:293339
Imports,HS1992:293340
Imports,HS1992:293351
Imports,HS1992:293359
Imports,HS1992:293361
Imports,HS1992:293369
Imports,HS1992:293371
Imports,HS1992:293379
Imports,HS1992:293390
Imports,HS1992:293410
Imports,HS1992:293420
Imports,HS1992:293430
Imports,HS1992:293490
Imports,HS1992:293500
Imports,HS1992:293610
Imports,HS1992:293621
Imports,HS1992:293622
Imports,HS1992:293623
Imports,HS1992:293624
Imports,HS1992:293625
Imports,HS1992:293626
Imports,HS1992:293627
Imports,HS1992:293628
Imports,HS1992:293629
Imports,HS1992:293690
Imports,HS1992:293710
Imports,HS1992:293721
Imports,HS1992:293722
Imports,HS1992:293729
Imports,HS1992:293791
Imports,HS1992:293792
Imports,HS1992:293799
Imports,HS1992:293810
Imports,HS1992:293890
Imports,HS1992:293910
Imports,HS1992:293921
Imports,HS1992:293929
Imports,HS1992:293930
Imports,HS1992:293940
Imports,HS1992:293950
Imports,HS1992:293960
Imports,HS1992:293970
Imports,HS1992:293990
Imports,HS1992:294000
Imports,HS1992:294110
Imports,HS1992:294120
Imports,HS1992:294130
Imports,HS1992:294140
Imports,HS1992:294150
Imports,HS1992:294190
Imports,HS1992:294200
Imports,HS1992:300110
Imports,HS1992:300120
Imports,HS1992:300190
Imports,HS1992:300210
Imports,HS1992:300220
Imports,HS1992:300231
Imports,HS1992:300239
Imports,HS1992:300290
Imports,HS1992:300310
Imports,HS1992:300320
Imports,HS1992:300331
Imports,HS1992:300339
Imports,HS1992:300340
Imports,HS1992:300390
Imports,HS1992:300410
Imports,HS1992:300420
Imports,HS1992:300431
Imports,HS1992:300432
Imports,HS1992:300439
Imports,HS1992:300440
Imports,HS1992:300450
Imports,HS1992:300490
Imports,HS1992:300510
Imports,HS1992:300590
Imports,HS1992:300610
Imports,HS1992:300620
Imports,HS1992:300630
Imports,HS1992:300640
Imports,HS1992:300650
Imports,HS1992:300660
Imports,HS1992:310100
Imports,HS1992:310210
Imports,HS1992:310221
Imports,HS1992:310229
Imports,HS1992:310230
Imports,HS1992:310240
Imports,HS1992:310250
Imports,HS1992:310260
Imports,HS1992:310270
Imports,HS1992:310280
Imports,HS1992:310290
Imports,HS1992:310310
Imports,HS1992:310320
Imports,HS1992:310390
Imports,HS1992:310410
Imports,HS1992:310420
Imports,HS1992:310430
Imports,HS1992:310490
Imports,HS1992:310510
Imports,HS1992:310520
Imports,HS1992:310530
Imports,HS1992:310540
Imports,HS1992:310551
Imports,HS1992:310559
Imports,HS1992:310560
Imports,HS1992:310590
Imports,HS1992:320110
Imports,HS1992:320120
Imports,HS1992:320130
Imports,HS1992:320190
Imports,HS1992:320210
Imports,HS1992:320290
Imports,HS1992:320300
Imports,HS1992:320411
Imports,HS1992:320412
Imports,HS1992:320413
Imports,HS1992:320414
Imports,HS1992:320415
Imports,HS1992:320416
Imports,HS1992:320417
Imports,HS1992:320419
Imports,HS1992:320420
Imports,HS1992:320490
Imports,HS1992:320500
Imports,HS1992:320610
Imports,HS1992:320620
Imports,HS1992:320630
Imports,HS1992:320641
Imports,HS1992:320642
Imports,HS1992:320643
Imports,HS1992:320649
Imports,HS1992:320650
Imports,HS1992:320710
Imports,HS1992:320720
Imports,HS1992:320730
Imports,HS1992:320740
Imports,HS1992:320810
Imports,HS1992:320820
Imports,HS1992:320890
Imports,HS1992:320910
Imports,HS1992:320990
Imports,HS1992:321000
Imports,HS1992:321100
Imports,HS1992:321210
Imports,HS1992:321290
Imports,HS1992:321310
Imports,HS1992:321390
Imports,HS1992:321410
Imports,HS1992:321490
Imports,HS1992:321511
Imports,HS1992:321519
Imports,HS1992:321590
Imports,HS1992:330111
Imports,HS1992:330112
Imports,HS1992:330113
Imports,HS1992:330114
Imports,HS1992:330119
Imports,HS1992:330121
Imports,HS1992:330122
Imports,HS1992:330123
Imports,HS1992:330124
Imports,HS1992:330125
Imports,HS1992:330126
Imports,HS1992:330129
Imports,HS1992:330130
Imports,HS1992:330190
Imports,HS1992:330210
Imports,HS1992:330290
Imports,HS1992:330300
Imports,HS1992:330410
Imports,HS1992:330420
Imports,HS1992:330430
Imports,HS1992:330491
Imports,HS1992:330499
Imports,HS1992:330510
Imports,HS1992:330520
Imports,HS1992:330530
Imports,HS1992:330590
Imports,HS1992:330610
Imports,HS1992:330690
Imports,HS1992:330710
Imports,HS1992:330720
Imports,HS1992:330730
Imports,HS1992:330741
Imports,HS1992:330749
Imports,HS1992:330790
Imports,HS1992:340111
Imports,HS1992:340119
Imports,HS1992:340120
Imports,HS1992:340211
Imports,HS1992:340212
Imports,HS1992:340213
Imports,HS1992:340219
Imports,HS1992:340220
Imports,HS1992:340290
Imports,HS1992:340311
Imports,HS1992:340319
Imports,HS1992:340391
Imports,HS1992:340399
Imports,HS1992:340410
Imports,HS1992:340420
Imports,HS1992:340490
Imports,HS1992:340510
Imports,HS1992:340520
Imports,HS1992:340530
Imports,HS1992:340540
Imports,HS1992:340590
Imports,HS1992:340600
Imports,HS1992:340700
Imports,HS1992:350110
Imports,HS1992:350190
Imports,HS1992:350210
Imports,HS1992:350290
Imports,HS1992:350300
Imports,HS1992:350400
Imports,HS1992:350510
Imports,HS1992:350520
Imports,HS1992:350610
Imports,HS1992:350691
Imports,HS1992:350699
Imports,HS1992:350710
Imports,HS1992:350790
Imports,HS1992:360100
Imports,HS1992:360200
Imports,HS1992:360300
Imports,HS1992:360410
Imports,HS1992:360490
Imports,HS1992:360500
Imports,HS1992:360610
Imports,HS1992:360690
Imports,HS1992:370110
Imports,HS1992:370120
Imports,HS1992:370130
Imports,HS1992:370191
Imports,HS1992:370199
Imports,HS1992:370210
Imports,HS1992:370220
Imports,HS1992:370231
Imports,HS1992:370232
Imports,HS1992:370239
Imports,HS1992:370241
Imports,HS1992:370242
Imports,HS1992:370243
Imports,HS1992:370244
Imports,HS1992:370251
Imports,HS1992:370252
Imports,HS1992:370253
Imports,HS1992:370254
Imports,HS1992:370255
Imports,HS1992:370256
Imports,HS1992:370291
Imports,HS1992:370292
Imports,HS1992:370293
Imports,HS1992:370294
Imports,HS1992:370295
Imports,HS1992:370310
Imports,HS1992:370320
Imports,HS1992:370390
Imports,HS1992:370400
Imports,HS1992:370510
Imports,HS1992:370520
Imports,HS1992:370590
Imports,HS1992:370610
Imports,HS1992:370690
Imports,HS1992:370710
Imports,HS1992:370790
Imports,HS1992:380110
Imports,HS1992:380120
Imports,HS1992:380130
Imports,HS1992:380190
Imports,HS1992:380210
Imports,HS1992:380290
Imports,HS1992:380300
Imports,HS1992:380400
Imports,HS1992:380510
Imports,HS1992:380520
Imports,HS1992:380590
Imports,HS1992:380610
Imports,HS1992:380620
Imports,HS1992:380630
Imports,HS1992:380690
Imports,HS1992:380700
Imports,HS1992:380810
Imports,HS1992:380820
Imports,HS1992:380830
Imports,HS1992:380840
Imports,HS1992:380890
Imports,HS1992:380910
Imports,HS1992:380991
Imports,HS1992:380992
Imports,HS1992:380993
Imports,HS1992:380999
Imports,HS1992:381010
Imports,HS1992:381090
Imports,HS1992:381111
Imports,HS1992:381119
Imports,HS1992:381121
Imports,HS1992:381129
Imports,HS1992:381190
Imports,HS1992:381210
Imports,HS1992:381220
Imports,HS1992:381230
Imports,HS1992:381300
Imports,HS1992:381400
Imports,HS1992:381511
Imports,HS1992:381512
Imports,HS1992:381519
Imports,HS1992:381590
Imports,HS1992:381600
Imports,HS1992:381710
Imports,HS1992:381720
Imports,HS1992:381800
Imports,HS1992:381900
Imports,HS1992:382000
Imports,HS1992:382100
Imports,HS1992:382200
Imports,HS1992:382310
Imports,HS1992:382320
Imports,HS1992:382330
Imports,HS1992:382340
Imports,HS1992:382350
Imports,HS1992:382360
Imports,HS1992:382390
Imports,HS1992:390110
Imports,HS1992:390120
Imports,HS1992:390130
Imports,HS1992:390190
Imports,HS1992:390210
Imports,HS1992:390220
Imports,HS1992:390230
Imports,HS1992:390290
Imports,HS1992:390311
Imports,HS1992:390319
Imports,HS1992:390320
Imports,HS1992:390330
Imports,HS1992:390390
Imports,HS1992:390410
Imports,HS1992:390421
Imports,HS1992:390422
Imports,HS1992:390430
Imports,HS1992:390440
Imports,HS1992:390450
Imports,HS1992:390461
Imports,HS1992:390469
Imports,HS1992:390490
Imports,HS1992:390511
Imports,HS1992:390519
Imports,HS1992:390520
Imports,HS1992:390590
Imports,HS1992:390610
Imports,HS1992:390690
Imports,HS1992:390710
Imports,HS1992:390720
Imports,HS1992:390730
Imports,HS1992:390740
Imports,HS1992:390750
Imports,HS1992:390760
Imports,HS1992:390791
Imports,HS1992:390799
Imports,HS1992:390810
Imports,HS1992:390890
Imports,HS1992:390910
Imports,HS1992:390920
Imports,HS1992:390930
Imports,HS1992:390940
Imports,HS1992:390950
Imports,HS1992:391000
Imports,HS1992:391110
Imports,HS1992:391190
Imports,HS1992:391211
Imports,HS1992:391212
Imports,HS1992:391220
Imports,HS1992:391231
Imports,HS1992:391239
Imports,HS1992:391290
Imports,HS1992:391310
Imports,HS1992:391390
Imports,HS1992:391400
Imports,HS1992:391510
Imports,HS1992:391520
Imports,HS1992:391530
Imports,HS1992:391590
Imports,HS1992:391610
Imports,HS1992:391620
Imports,HS1992:391690
Imports,HS1992:391710
Imports,HS1992:391721
Imports,HS1992:391722
Imports,HS1992:391723
Imports,HS1992:391729
Imports,HS1992:391731
Imports,HS1992:391732
Imports,HS1992:391733
Imports,HS1992:391739
Imports,HS1992:391740
Imports,HS1992:391810
Imports,HS1992:391890
Imports,HS1992:391910
Imports,HS1992:391990
Imports,HS1992:392010
Imports,HS1992:392020
Imports,HS1992:392030
Imports,HS1992:392041
Imports,HS1992:392042
Imports,HS1992:392051
Imports,HS1992:392059
Imports,HS1992:392061
Imports,HS1992:392062
Imports,HS1992:392063
Imports,HS1992:392069
Imports,HS1992:392071
Imports,HS1992:392072
Imports,HS1992:392073
Imports,HS1992:392079
Imports,HS1992:392091
Imports,HS1992:392092
Imports,HS1992:392093
Imports,HS1992:392094
Imports,HS1992:392099
Imports,HS1992:392111
Imports,HS1992:392112
Imports,HS1992:392113
Imports,HS1992:392114
Imports,HS1992:392119
Imports,HS1992:392190
Imports,HS1992:392210
Imports,HS1992:392220
Imports,HS1992:392290
Imports,HS1992:392310
Imports,HS1992:392321
Imports,HS1992:392329
Imports,HS1992:392330
Imports,HS1992:392340
Imports,HS1992:392350
Imports,HS1992:392390
Imports,HS1992:392410
Imports,HS1992:392490
Imports,HS1992:392510
Imports,HS1992:392520
Imports,HS1992:392530
Imports,HS1992:392590
Imports,HS1992:392610
Imports,HS1992:392620
Imports,HS1992:392630
Imports,HS1992:392640
Imports,HS1992:392690
Imports,HS1992:400110
Imports,HS1992:400121
Imports,HS1992:400122
Imports,HS1992:400129
Imports,HS1992:400130
Imports,HS1992:400211
Imports,HS1992:400219
Imports,HS1992:400220
Imports,HS1992:400231
Imports,HS1992:400239
Imports,HS1992:400241
Imports,HS1992:400249
Imports,HS1992:400251
Imports,HS1992:400259
Imports,HS1992:400260
Imports,HS1992:400270
Imports,HS1992:400280
Imports,HS1992:400291
Imports,HS1992:400299
Imports,HS1992:400300
Imports,HS1992:400400
Imports,HS1992:400510
Imports,HS1992:400520
Imports,HS1992:400591
Imports,HS1992:400599
Imports,HS1992:400610
Imports,HS1992:400690
Imports,HS1992:400700
Imports,HS1992:400811
Imports,HS1992:400819
Imports,HS1992:400821
Imports,HS1992:400829
Imports,HS1992:400910
Imports,HS1992:400920
Imports,HS1992:400930
Imports,HS1992:400940
Imports,HS1992:400950
Imports,HS1992:401010
Imports,HS1992:401091
Imports,HS1992:401099
Imports,HS1992:401110
Imports,HS1992:401120
Imports,HS1992:401130
Imports,HS1992:401140
Imports,HS1992:401150
Imports,HS1992:401191
Imports,HS1992:401199
Imports,HS1992:401210
Imports,HS1992:401220
Imports,HS1992:401290
Imports,HS1992:401310
Imports,HS1992:401320
Imports,HS1992:401390
Imports,HS1992:401410
Imports,HS1992:401490
Imports,HS1992:401511
Imports,HS1992:401519
Imports,HS1992:401590
Imports,HS1992:401610
Imports,HS1992:401691
Imports,HS1992:401692
Imports,HS1992:401693
Imports,HS1992:401694
Imports,HS1992:401695
Imports,HS1992:401699
Imports,HS1992:401700
Imports,HS1992:410110
Imports,HS1992:410121
Imports,HS1992:410122
Imports,HS1992:410129
Imports,HS1992:410130
Imports,HS1992:410140
Imports,HS1992:410210
Imports,HS1992:410221
Imports,HS1992:410229
Imports,HS1992:410310
Imports,HS1992:410320
Imports,HS1992:410390
Imports,HS1992:410410
Imports,HS1992:410421
Imports,HS1992:410422
Imports,HS1992:410429
Imports,HS1992:410431
Imports,HS1992:410439
Imports,HS1992:410511
Imports,HS1992:410512
Imports,HS1992:410519
Imports,HS1992:410520
Imports,HS1992:410611
Imports,HS1992:410612
Imports,HS1992:410619
Imports,HS1992:410620
Imports,HS1992:410710
Imports,HS1992:410721
Imports,HS1992:410729
Imports,HS1992:410790
Imports,HS1992:410800
Imports,HS1992:410900
Imports,HS1992:411000
Imports,HS1992:411100
Imports,HS1992:420100
Imports,HS1992:420211
Imports,HS1992:420212
Imports,HS1992:420219
Imports,HS1992:420221
Imports,HS1992:420222
Imports,HS1992:420229
Imports,HS1992:420231
Imports,HS1992:420232
Imports,HS1992:420239
Imports,HS1992:420291
Imports,HS1992:420292
Imports,HS1992:420299
Imports,HS1992:420310
Imports,HS1992:420321
Imports,HS1992:420329
Imports,HS1992:420330
Imports,HS1992:420340
Imports,HS1992:420400
Imports,HS1992:420500
Imports,HS1992:420610
Imports,HS1992:420690
Imports,HS1992:430110
Imports,HS1992:430120
Imports,HS1992:430130
Imports,HS1992:430140
Imports,HS1992:430150
Imports,HS1992:430160
Imports,HS1992:430170
Imports,HS1992:430180
Imports,HS1992:430190
Imports,HS1992:430211
Imports,HS1992:430212
Imports,HS1992:430213
Imports,HS1992:430219
Imports,HS1992:430220
Imports,HS1992:430230
Imports,HS1992:430310
Imports,HS1992:430390
Imports,HS1992:430400
Imports,HS1992:440110
Imports,HS1992:440121
Imports,HS1992:440122
Imports,HS1992:440130
Imports,HS1992:440200
Imports,HS1992:440310
Imports,HS1992:440320
Imports,HS1992:440331
Imports,HS1992:440332
Imports,HS1992:440333
Imports,HS1992:440334
Imports,HS1992:440335
Imports,HS1992:440391
Imports,HS1992:440392
Imports,HS1992:440399
Imports,HS1992:440410
Imports,HS1992:440420
Imports,HS1992:440500
Imports,HS1992:440610
Imports,HS1992:440690
Imports,HS1992:440710
Imports,HS1992:440721
Imports,HS1992:440722
Imports,HS1992:440723
Imports,HS1992:440791
Imports,HS1992:440792
Imports,HS1992:440799
Imports,HS1992:440810
Imports,HS1992:440820
Imports,HS1992:440890
Imports,HS1992:440910
Imports,HS1992:440920
Imports,HS1992:441010
Imports,HS1992:441090
Imports,HS1992:441111
Imports,HS1992:441119
Imports,HS1992:441121
Imports,HS1992:441129
Imports,HS1992:441131
Imports,HS1992:441139
Imports,HS1992:441191
Imports,HS1992:441199
Imports,HS1992:441211
Imports,HS1992:441212
Imports,HS1992:441219
Imports,HS1992:441221
Imports,HS1992:441229
Imports,HS1992:441291
Imports,HS1992:441299
Imports,HS1992:441300
Imports,HS1992:441400
Imports,HS1992:441510
Imports,HS1992:441520
Imports,HS1992:441600
Imports,HS1992:441700
Imports,HS1992:441810
Imports,HS1992:441820
Imports,HS1992:441830
Imports,HS1992:441840
Imports,HS1992:441850
Imports,HS1992:441890
Imports,HS1992:441900
Imports,HS1992:442010
Imports,HS1992:442090
Imports,HS1992:442110
Imports,HS1992:442190
Imports,HS1992:450110
Imports,HS1992:450190
Imports,HS1992:450200
Imports,HS1992:450310
Imports,HS1992:450390
Imports,HS1992:450410
Imports,HS1992:450490
Imports,HS1992:460110
Imports,HS1992:460120
Imports,HS1992:460191
Imports,HS1992:460199
Imports,HS1992:460210
Imports,HS1992:460290
Imports,HS1992:470100
Imports,HS1992:470200
Imports,HS1992:470311
Imports,HS1992:470319
Imports,HS1992:470321
Imports,HS1992:470329
Imports,HS1992:470411
Imports,HS1992:470419
Imports,HS1992:470421
Imports,HS1992:470429
Imports,HS1992:470500
Imports,HS1992:470610
Imports,HS1992:470691
Imports,HS1992:470692
Imports,HS1992:470693
Imports,HS1992:470710
Imports,HS1992:470720
Imports,HS1992:470730
Imports,HS1992:470790
Imports,HS1992:480100
Imports,HS1992:480210
Imports,HS1992:480220
Imports,HS1992:480230
Imports,HS1992:480240
Imports,HS1992:480251
Imports,HS1992:480252
Imports,HS1992:480253
Imports,HS1992:480260
Imports,HS1992:480300
Imports,HS1992:480411
Imports,HS1992:480419
Imports,HS1992:480421
Imports,HS1992:480429
Imports,HS1992:480431
Imports,HS1992:480439
Imports,HS1992:480441
Imports,HS1992:480442
Imports,HS1992:480449
Imports,HS1992:480451
Imports,HS1992:480452
Imports,HS1992:480459
Imports,HS1992:480510
Imports,HS1992:480521
Imports,HS1992:480522
Imports,HS1992:480523
Imports,HS1992:480529
Imports,HS1992:480530
Imports,HS1992:480540
Imports,HS1992:480550
Imports,HS1992:480560
Imports,HS1992:480570
Imports,HS1992:480580
Imports,HS1992:480610
Imports,HS1992:480620
Imports,HS1992:480630
Imports,HS1992:480640
Imports,HS1992:480710
Imports,HS1992:480791
Imports,HS1992:480799
Imports,HS1992:480810
Imports,HS1992:480820
Imports,HS1992:480830
Imports,HS1992:480890
Imports,HS1992:480910
Imports,HS1992:480920
Imports,HS1992:480990
Imports,HS1992:481011
Imports,HS1992:481012
Imports,HS1992:481021
Imports,HS1992:481029
Imports,HS1992:481031
Imports,HS1992:481032
Imports,HS1992:481039
Imports,HS1992:481091
Imports,HS1992:481099
Imports,HS1992:481110
Imports,HS1992:481121
Imports,HS1992:481129
Imports,HS1992:481131
Imports,HS1992:481139
Imports,HS1992:481140
Imports,HS1992:481190
Imports,HS1992:481200
Imports,HS1992:481310
Imports,HS1992:481320
Imports,HS1992:481390
Imports,HS1992:481410
Imports,HS1992:481420
Imports,HS1992:481430
Imports,HS1992:481490
Imports,HS1992:481500
Imports,HS1992:481610
Imports,HS1992:481620
Imports,HS1992:481630
Imports,HS1992:481690
Imports,HS1992:481710
Imports,HS1992:481720
Imports,HS1992:481730
Imports,HS1992:481810
Imports,HS1992:481820
Imports,HS1992:481830
Imports,HS1992:481840
Imports,HS1992:481850
Imports,HS1992:481890
Imports,HS1992:481910
Imports,HS1992:481920
Imports,HS1992:481930
Imports,HS1992:481940
Imports,HS1992:481950
Imports,HS1992:481960
Imports,HS1992:482010
Imports,HS1992:482020
Imports,HS1992:482030
Imports,HS1992:482040
Imports,HS1992:482050
Imports,HS1992:482090
Imports,HS1992:482110
Imports,HS1992:482190
Imports,HS1992:482210
Imports,HS1992:482290
Imports,HS1992:482311
Imports,HS1992:482319
Imports,HS1992:482320
Imports,HS1992:482330
Imports,HS1992:482340
Imports,HS1992:482351
Imports,HS1992:482359
Imports,HS1992:482360
Imports,HS1992:482370
Imports,HS1992:482390
Imports,HS1992:490110
Imports,HS1992:490191
Imports,HS1992:490199
Imports,HS1992:490210
Imports,HS1992:490290
Imports,HS1992:490300
Imports,HS1992:490400
Imports,HS1992:490510
Imports,HS1992:490591
Imports,HS1992:490599
Imports,HS1992:490600
Imports,HS1992:490700
Imports,HS1992:490810
Imports,HS1992:490890
Imports,HS1992:490900
Imports,HS1992:491000
Imports,HS1992:491110
Imports,HS1992:491191
Imports,HS1992:491199
Imports,HS1992:500100
Imports,HS1992:500200
Imports,HS1992:500310
Imports,HS1992:500390
Imports,HS1992:500400
Imports,HS1992:500500
Imports,HS1992:500600
Imports,HS1992:500710
Imports,HS1992:500720
Imports,HS1992:500790
Imports,HS1992:510111
Imports,HS1992:510119
Imports,HS1992:510121
Imports,HS1992:510129
Imports,HS1992:510130
Imports,HS1992:510210
Imports,HS1992:510220
Imports,HS1992:510310
Imports,HS1992:510320
Imports,HS1992:510330
Imports,HS1992:510400
Imports,HS1992:510510
Imports,HS1992:510521
Imports,HS1992:510529
Imports,HS1992:510530
Imports,HS1992:510540
Imports,HS1992:510610
Imports,HS1992:510620
Imports,HS1992:510710
Imports,HS1992:510720
Imports,HS1992:510810
Imports,HS1992:510820
Imports,HS1992:510910
Imports,HS1992:510990
Imports,HS1992:511000
Imports,HS1992:511111
Imports,HS1992:511119
Imports,HS1992:511120
Imports,HS1992:511130
Imports,HS1992:511190
Imports,HS1992:511211
Imports,HS1992:511219
Imports,HS1992:511220
Imports,HS1992:511230
Imports,HS1992:511290
Imports,HS1992:511300
Imports,HS1992:520100
Imports,HS1992:520210
Imports,HS1992:520291
Imports,HS1992:520299
Imports,HS1992:520300
Imports,HS1992:520411
Imports,HS1992:520419
Imports,HS1992:520420
Imports,HS1992:520511
Imports,HS1992:520512
Imports,HS1992:520513
Imports,HS1992:520514
Imports,HS1992:520515
Imports,HS1992:520521
Imports,HS1992:520522
Imports,HS1992:520523
Imports,HS1992:520524
Imports,HS1992:520525
Imports,HS1992:520531
Imports,HS1992:520532
Imports,HS1992:520533
Imports,HS1992:520534
Imports,HS1992:520535
Imports,HS1992:520541
Imports,HS1992:520542
Imports,HS1992:520543
Imports,HS1992:520544
Imports,HS1992:520545
Imports,HS1992:520611
Imports,HS1992:520612
Imports,HS1992:520613
Imports,HS1992:520614
Imports,HS1992:520615
Imports,HS1992:520621
Imports,HS1992:520622
Imports,HS1992:520623
Imports,HS1992:520624
Imports,HS1992:520625
Imports,HS1992:520631
Imports,HS1992:520632
Imports,HS1992:520633
Imports,HS1992:520634
Imports,HS1992:520635
Imports,HS1992:520641
Imports,HS1992:520642
Imports,HS1992:520643
Imports,HS1992:520644
Imports,HS1992:520645
Imports,HS1992:520710
Imports,HS1992:520790
Imports,HS1992:520811
Imports,HS1992:520812
Imports,HS1992:520813
Imports,HS1992:520819
Imports,HS1992:520821
Imports,HS1992:520822
Imports,HS1992:520823
Imports,HS1992:520829
Imports,HS1992:520831
Imports,HS1992:520832
Imports,HS1992:520833
Imports,HS1992:520839
Imports,HS1992:520841
Imports,HS1992:520842
Imports,HS1992:520843
Imports,HS1992:520849
Imports,HS1992:520851
Imports,HS1992:520852
Imports,HS1992:520853
Imports,HS1992:520859
Imports,HS1992:520911
Imports,HS1992:520912
Imports,HS1992:520919
Imports,HS1992:520921
Imports,HS1992:520922
Imports,HS1992:520929
Imports,HS1992:520931
Imports,HS1992:520932
Imports,HS1992:520939
Imports,HS1992:520941
Imports,HS1992:520942
Imports,HS1992:520943
Imports,HS1992:520949
Imports,HS1992:520951
Imports,HS1992:520952
Imports,HS1992:520959
Imports,HS1992:521011
Imports,HS1992:521012
Imports,HS1992:521019
Imports,HS1992:521021
Imports,HS1992:521022
Imports,HS1992:521029
Imports,HS1992:521031
Imports,HS1992:521032
Imports,HS1992:521039
Imports,HS1992:521041
Imports,HS1992:521042
Imports,HS1992:521049
Imports,HS1992:521051
Imports,HS1992:521052
Imports,HS1992:521059
Imports,HS1992:521111
Imports,HS1992:521112
Imports,HS1992:521119
Imports,HS1992:521121
Imports,HS1992:521122
Imports,HS1992:521129
Imports,HS1992:521131
Imports,HS1992:521132
Imports,HS1992:521139
Imports,HS1992:521141
Imports,HS1992:521142
Imports,HS1992:521143
Imports,HS1992:521149
Imports,HS1992:521151
Imports,HS1992:521152
Imports,HS1992:521159
Imports,HS1992:521211
Imports,HS1992:521212
Imports,HS1992:521213
Imports,HS1992:521214
Imports,HS1992:521215
Imports,HS1992:521221
Imports,HS1992:521222
Imports,HS1992:521223
Imports,HS1992:521224
Imports,HS1992:521225
Imports,HS1992:530110
Imports,HS1992:530121
Imports,HS1992:530129
Imports,HS1992:530130
Imports,HS1992:530210
Imports,HS1992:530290
Imports,HS1992:530310
Imports,HS1992:530390
Imports,HS1992:530410
Imports,HS1992:530490
Imports,HS1992:530511
Imports,HS1992:530519
Imports,HS1992:530521
Imports,HS1992:530529
Imports,HS1992:530591
Imports,HS1992:530599
Imports,HS1992:530610
Imports,HS1992:530620
Imports,HS1992:530710
Imports,HS1992:530720
Imports,HS1992:530810
Imports,HS1992:530820
Imports,HS1992:530830
Imports,HS1992:530890
Imports,HS1992:530911
Imports,HS1992:530919
Imports,HS1992:530921
Imports,HS1992:530929
Imports,HS1992:531010
Imports,HS1992:531090
Imports,HS1992:531100
Imports,HS1992:540110
Imports,HS1992:540120
Imports,HS1992:540210
Imports,HS1992:540220
Imports,HS1992:540231
Imports,HS1992:540232
Imports,HS1992:540233
Imports,HS1992:540239
Imports,HS1992:540241
Imports,HS1992:540242
Imports,HS1992:540243
Imports,HS1992:540249
Imports,HS1992:540251
Imports,HS1992:540252
Imports,HS1992:540259
Imports,HS1992:540261
Imports,HS1992:540262
Imports,HS1992:540269
Imports,HS1992:540310
Imports,HS1992:540320
Imports,HS1992:540331
Imports,HS1992:540332
Imports,HS1992:540333
Imports,HS1992:540339
Imports,HS1992:540341
Imports,HS1992:540342
Imports,HS1992:540349
Imports,HS1992:540410
Imports,HS1992:540490
Imports,HS1992:540500
Imports,HS1992:540610
Imports,HS1992:540620
Imports,HS1992:540710
Imports,HS1992:540720
Imports,HS1992:540730
Imports,HS1992:540741
Imports,HS1992:540742
Imports,HS1992:540743
Imports,HS1992:540744
Imports,HS1992:540751
Imports,HS1992:540752
Imports,HS1992:540753
Imports,HS1992:540754
Imports,HS1992:540760
Imports,HS1992:540771
Imports,HS1992:540772
Imports,HS1992:540773
Imports,HS1992:540774
Imports,HS1992:540781
Imports,HS1992:540782
Imports,HS1992:540783
Imports,HS1992:540784
Imports,HS1992:540791
Imports,HS1992:540792
Imports,HS1992:540793
Imports,HS1992:540794
Imports,HS1992:540810
Imports,HS1992:540821
Imports,HS1992:540822
Imports,HS1992:540823
Imports,HS1992:540824
Imports,HS1992:540831
Imports,HS1992:540832
Imports,HS1992:540833
Imports,HS1992:540834
Imports,HS1992:550110
Imports,HS1992:550120
Imports,HS1992:550130
Imports,HS1992:550190
Imports,HS1992:550200
Imports,HS1992:550310
Imports,HS1992:550320
Imports,HS1992:550330
Imports,HS1992:550340
Imports,HS1992:550390
Imports,HS1992:550410
Imports,HS1992:550490
Imports,HS1992:550510
Imports,HS1992:550520
Imports,HS1992:550610
Imports,HS1992:550620
Imports,HS1992:550630
Imports,HS1992:550690
Imports,HS1992:550700
Imports,HS1992:550810
Imports,HS1992:550820
Imports,HS1992:550911
Imports,HS1992:550912
Imports,HS1992:550921
Imports,HS1992:550922
Imports,HS1992:550931
Imports,HS1992:550932
Imports,HS1992:550941
Imports,HS1992:550942
Imports,HS1992:550951
Imports,HS1992:550952
Imports,HS1992:550953
Imports,HS1992:550959
Imports,HS1992:550961
Imports,HS1992:550962
Imports,HS1992:550969
Imports,HS1992:550991
Imports,HS1992:550992
Imports,HS1992:550999
Imports,HS1992:551011
Imports,HS1992:551012
Imports,HS1992:551020
Imports,HS1992:551030
Imports,HS1992:551090
Imports,HS1992:551110
Imports,HS1992:551120
Imports,HS1992:551130
Imports,HS1992:551211
Imports,HS1992:551219
Imports,HS1992:551221
Imports,HS1992:551229
Imports,HS1992:551291
Imports,HS1992:551299
Imports,HS1992:551311
Imports,HS1992:551312
Imports,HS1992:551313
Imports,HS1992:551319
Imports,HS1992:551321
Imports,HS1992:551322
Imports,HS1992:551323
Imports,HS1992:551329
Imports,HS1992:551331
Imports,HS1992:551332
Imports,HS1992:551333
Imports,HS1992:551339
Imports,HS1992:551341
Imports,HS1992:551342
Imports,HS1992:551343
Imports,HS1992:551349
Imports,HS1992:551411
Imports,HS1992:551412
Imports,HS1992:551413
Imports,HS1992:551419
Imports,HS1992:551421
Imports,HS1992:551422
Imports,HS1992:551423
Imports,HS1992:551429
Imports,HS1992:551431
Imports,HS1992:551432
Imports,HS1992:551433
Imports,HS1992:551439
Imports,HS1992:551441
Imports,HS1992:551442
Imports,HS1992:551443
Imports,HS1992:551449
Imports,HS1992:551511
Imports,HS1992:551512
Imports,HS1992:551513
Imports,HS1992:551519
Imports,HS1992:551521
Imports,HS1992:551522
Imports,HS1992:551529
Imports,HS1992:551591
Imports,HS1992:551592
Imports,HS1992:551599
Imports,HS1992:551611
Imports,HS1992:551612
Imports,HS1992:551613
Imports,HS1992:551614
Imports,HS1992:551621
Imports,HS1992:551622
Imports,HS1992:551623
Imports,HS1992:551624
Imports,HS1992:551631
Imports,HS1992:551632
Imports,HS1992:551633
Imports,HS1992:551634
Imports,HS1992:551641
Imports,HS1992:551642
Imports,HS1992:551643
Imports,HS1992:551644
Imports,HS1992:551691
Imports,HS1992:551692
Imports,HS1992:551693
Imports,HS1992:551694
Imports,HS1992:560110
Imports,HS1992:560121
Imports,HS1992:560122
Imports,HS1992:560129
Imports,HS1992:560130
Imports,HS1992:560210
Imports,HS1992:560221
Imports,HS1992:560229
Imports,HS1992:560290
Imports,HS1992:560300
Imports,HS1992:560410
Imports,HS1992:560420
Imports,HS1992:560490
Imports,HS1992:560500
Imports,HS1992:560600
Imports,HS1992:560710
Imports,HS1992:560721
Imports,HS1992:560729
Imports,HS1992:560730
Imports,HS1992:560741
Imports,HS1992:560749
Imports,HS1992:560750
Imports,HS1992:560790
Imports,HS1992:560811
Imports,HS1992:560819
Imports,HS1992:560890
Imports,HS1992:560900
Imports,HS1992:570110
Imports,HS1992:570190
Imports,HS1992:570210
Imports,HS1992:570220
Imports,HS1992:570231
Imports,HS1992:570232
Imports,HS1992:570239
Imports,HS1992:570241
Imports,HS1992:570242
Imports,HS1992:570249
Imports,HS1992:570251
Imports,HS1992:570252
Imports,HS1992:570259
Imports,HS1992:570291
Imports,HS1992:570292
Imports,HS1992:570299
Imports,HS1992:570310
Imports,HS1992:570320
Imports,HS1992:570330
Imports,HS1992:570390
Imports,HS1992:570410
Imports,HS1992:570490
Imports,HS1992:570500
Imports,HS1992:580110
Imports,HS1992:580121
Imports,HS1992:580122
Imports,HS1992:580123
Imports,HS1992:580124
Imports,HS1992:580125
Imports,HS1992:580126
Imports,HS1992:580131
Imports,HS1992:580132
Imports,HS1992:580133
Imports,HS1992:580134
Imports,HS1992:580135
Imports,HS1992:580136
Imports,HS1992:580190
Imports,HS1992:580211
Imports,HS1992:580219
Imports,HS1992:580220
Imports,HS1992:580230
Imports,HS1992:580310
Imports,HS1992:580390
Imports,HS1992:580410
Imports,HS1992:580421
Imports,HS1992:580429
Imports,HS1992:580430
Imports,HS1992:580500
Imports,HS1992:580610
Imports,HS1992:580620
Imports,HS1992:580631
Imports,HS1992:580632
Imports,HS1992:580639
Imports,HS1992:580640
Imports,HS1992:580710
Imports,HS1992:580790
Imports,HS1992:580810
Imports,HS1992:580890
Imports,HS1992:580900
Imports,HS1992:581010
Imports,HS1992:581091
Imports,HS1992:581092
Imports,HS1992:581099
Imports,HS1992:581100
Imports,HS1992:590110
Imports,HS1992:590190
Imports,HS1992:590210
Imports,HS1992:590220
Imports,HS1992:590290
Imports,HS1992:590310
Imports,HS1992:590320
Imports,HS1992:590390
Imports,HS1992:590410
Imports,HS1992:590491
Imports,HS1992:590492
Imports,HS1992:590500
Imports,HS1992:590610
Imports,HS1992:590691
Imports,HS1992:590699
Imports,HS1992:590700
Imports,HS1992:590800
Imports,HS1992:590900
Imports,HS1992:591000
Imports,HS1992:591110
Imports,HS1992:591120
Imports,HS1992:591131
Imports,HS1992:591132
Imports,HS1992:591140
Imports,HS1992:591190
Imports,HS1992:600110
Imports,HS1992:600121
Imports,HS1992:600122
Imports,HS1992:600129
Imports,HS1992:600191
Imports,HS1992:600192
Imports,HS1992:600199
Imports,HS1992:600210
Imports,HS1992:600220
Imports,HS1992:600230
Imports,HS1992:600241
Imports,HS1992:600242
Imports,HS1992:600243
Imports,HS1992:600249
Imports,HS1992:600291
Imports,HS1992:600292
Imports,HS1992:600293
Imports,HS1992:600299
Imports,HS1992:610110
Imports,HS1992:610120
Imports,HS1992:610130
Imports,HS1992:610190
Imports,HS1992:610210
Imports,HS1992:610220
Imports,HS1992:610230
Imports,HS1992:610290
Imports,HS1992:610311
Imports,HS1992:610312
Imports,HS1992:610319
Imports,HS1992:610321
Imports,HS1992:610322
Imports,HS1992:610323
Imports,HS1992:610329
Imports,HS1992:610331
Imports,HS1992:610332
Imports,HS1992:610333
Imports,HS1992:610339
Imports,HS1992:610341
Imports,HS1992:610342
Imports,HS1992:610343
Imports,HS1992:610349
Imports,HS1992:610411
Imports,HS1992:610412
Imports,HS1992:610413
Imports,HS1992:610419
Imports,HS1992:610421
Imports,HS1992:610422
Imports,HS1992:610423
Imports,HS1992:610429
Imports,HS1992:610431
Imports,HS1992:610432
Imports,HS1992:610433
Imports,HS1992:610439
Imports,HS1992:610441
Imports,HS1992:610442
Imports,HS1992:610443
Imports,HS1992:610444
Imports,HS1992:610449
Imports,HS1992:610451
Imports,HS1992:610452
Imports,HS1992:610453
Imports,HS1992:610459
Imports,HS1992:610461
Imports,HS1992:610462
Imports,HS1992:610463
Imports,HS1992:610469
Imports,HS1992:610510
Imports,HS1992:610520
Imports,HS1992:610590
Imports,HS1992:610610
Imports,HS1992:610620
Imports,HS1992:610690
Imports,HS1992:610711
Imports,HS1992:610712
Imports,HS1992:610719
Imports,HS1992:610721
Imports,HS1992:610722
Imports,HS1992:610729
Imports,HS1992:610791
Imports,HS1992:610792
Imports,HS1992:610799
Imports,HS1992:610811
Imports,HS1992:610819
Imports,HS1992:610821
Imports,HS1992:610822
Imports,HS1992:610829
Imports,HS1992:610831
Imports,HS1992:610832
Imports,HS1992:610839
Imports,HS1992:610891
Imports,HS1992:610892
Imports,HS1992:610899
Imports,HS1992:610910
Imports,HS1992:610990
Imports,HS1992:611010
Imports,HS1992:611020
Imports,HS1992:611030
Imports,HS1992:611090
Imports,HS1992:611110
Imports,HS1992:611120
Imports,HS1992:611130
Imports,HS1992:611190
Imports,HS1992:611211
Imports,HS1992:611212
Imports,HS1992:611219
Imports,HS1992:611220
Imports,HS1992:611231
Imports,HS1992:611239
Imports,HS1992:611241
Imports,HS1992:611249
Imports,HS1992:611300
Imports,HS1992:611410
Imports,HS1992:611420
Imports,HS1992:611430
Imports,HS1992:611490
Imports,HS1992:611511
Imports,HS1992:611512
Imports,HS1992:611519
Imports,HS1992:611520
Imports,HS1992:611591
Imports,HS1992:611592
Imports,HS1992:611593
Imports,HS1992:611599
Imports,HS1992:611610
Imports,HS1992:611691
Imports,HS1992:611692
Imports,HS1992:611693
Imports,HS1992:611699
Imports,HS1992:611710
Imports,HS1992:611720
Imports,HS1992:611780
Imports,HS1992:611790
Imports,HS1992:620111
Imports,HS1992:620112
Imports,HS1992:620113
Imports,HS1992:620119
Imports,HS1992:620191
Imports,HS1992:620192
Imports,HS1992:620193
Imports,HS1992:620199
Imports,HS1992:620211
Imports,HS1992:620212
Imports,HS1992:620213
Imports,HS1992:620219
Imports,HS1992:620291
Imports,HS1992:620292
Imports,HS1992:620293
Imports,HS1992:620299
Imports,HS1992:620311
Imports,HS1992:620312
Imports,HS1992:620319
Imports,HS1992:620321
Imports,HS1992:620322
Imports,HS1992:620323
Imports,HS1992:620329
Imports,HS1992:620331
Imports,HS1992:620332
Imports,HS1992:620333
Imports,HS1992:620339
Imports,HS1992:620341
Imports,HS1992:620342
Imports,HS1992:620343
Imports,HS1992:620349
Imports,HS1992:620411
Imports,HS1992:620412
Imports,HS1992:620413
Imports,HS1992:620419
Imports,HS1992:620421
Imports,HS1992:620422
Imports,HS1992:620423
Imports,HS1992:620429
Imports,HS1992:620431
Imports,HS1992:620432
Imports,HS1992:620433
Imports,HS1992:620439
Imports,HS1992:620441
Imports,HS1992:620442
Imports,HS1992:620443
Imports,HS1992:620444
Imports,HS1992:620449
Imports,HS1992:620451
Imports,HS1992:620452
Imports,HS1992:620453
Imports,HS1992:620459
Imports,HS1992:620461
Imports,HS1992:620462
Imports,HS1992:620463
Imports,HS1992:620469
Imports,HS1992:620510
Imports,HS1992:620520
Imports,HS1992:620530
Imports,HS1992:620590
Imports,HS1992:620610
Imports,HS1992:620620
Imports,HS1992:620630
Imports,HS1992:620640
Imports,HS1992:620690
Imports,HS1992:620711
Imports,HS1992:620719
Imports,HS1992:620721
Imports,HS1992:620722
Imports,HS1992:620729
Imports,HS1992:620791
Imports,HS1992:620792
Imports,HS1992:620799
Imports,HS1992:620811
Imports,HS1992:620819
Imports,HS1992:620821
Imports,HS1992:620822
Imports,HS1992:620829
Imports,HS1992:620891
Imports,HS1992:620892
Imports,HS1992:620899
Imports,HS1992:620910
Imports,HS1992:620920
Imports,HS1992:620930
Imports,HS1992:620990
Imports,HS1992:621010
Imports,HS1992:621020
Imports,HS1992:621030
Imports,HS1992:621040
Imports,HS1992:621050
Imports,HS1992:621111
Imports,HS1992:621112
Imports,HS1992:621120
Imports,HS1992:621131
Imports,HS1992:621132
Imports,HS1992:621133
Imports,HS1992:621139
Imports,HS1992:621141
Imports,HS1992:621142
Imports,HS1992:621143
Imports,HS1992:621149
Imports,HS1992:621210
Imports,HS1992:621220
Imports,HS1992:621230
Imports,HS1992:621290
Imports,HS1992:621310
Imports,HS1992:621320
Imports,HS1992:621390
Imports,HS1992:621410
Imports,HS1992:621420
Imports,HS1992:621430
Imports,HS1992:621440
Imports,HS1992:621490
Imports,HS1992:621510
Imports,HS1992:621520
Imports,HS1992:621590
Imports,HS1992:621600
Imports,HS1992:621710
Imports,HS1992:621790
Imports,HS1992:630110
Imports,HS1992:630120
Imports,HS1992:630130
Imports,HS1992:630140
Imports,HS1992:630190
Imports,HS1992:630210
Imports,HS1992:630221
Imports,HS1992:630222
Imports,HS1992:630229
Imports,HS1992:630231
Imports,HS1992:630232
Imports,HS1992:630239
Imports,HS1992:630240
Imports,HS1992:630251
Imports,HS1992:630252
Imports,HS1992:630253
Imports,HS1992:630259
Imports,HS1992:630260
Imports,HS1992:630291
Imports,HS1992:630292
Imports,HS1992:630293
Imports,HS1992:630299
Imports,HS1992:630311
Imports,HS1992:630312
Imports,HS1992:630319
Imports,HS1992:630391
Imports,HS1992:630392
Imports,HS1992:630399
Imports,HS1992:630411
Imports,HS1992:630419
Imports,HS1992:630491
Imports,HS1992:630492
Imports,HS1992:630493
Imports,HS1992:630499
Imports,HS1992:630510
Imports,HS1992:630520
Imports,HS1992:630531
Imports,HS1992:630539
Imports,HS1992:630590
Imports,HS1992:630611
Imports,HS1992:630612
Imports,HS1992:630619
Imports,HS1992:630621
Imports,HS1992:630622
Imports,HS1992:630629
Imports,HS1992:630631
Imports,HS1992:630639
Imports,HS1992:630641
Imports,HS1992:630649
Imports,HS1992:630691
Imports,HS1992:630699
Imports,HS1992:630710
Imports,HS1992:630720
Imports,HS1992:630790
Imports,HS1992:630800
Imports,HS1992:630900
Imports,HS1992:631010
Imports,HS1992:631090
Imports,HS1992:640110
Imports,HS1992:640191
Imports,HS1992:640192
Imports,HS1992:640199
Imports,HS1992:640211
Imports,HS1992:640219
Imports,HS1992:640220
Imports,HS1992:640230
Imports,HS1992:640291
Imports,HS1992:640299
Imports,HS1992:640311
Imports,HS1992:640319
Imports,HS1992:640320
Imports,HS1992:640330
Imports,HS1992:640340
Imports,HS1992:640351
Imports,HS1992:640359
Imports,HS1992:640391
Imports,HS1992:640399
Imports,HS1992:640411
Imports,HS1992:640419
Imports,HS1992:640420
Imports,HS1992:640510
Imports,HS1992:640520
Imports,HS1992:640590
Imports,HS1992:640610
Imports,HS1992:640620
Imports,HS1992:640691
Imports,HS1992:640699
Imports,HS1992:650100
Imports,HS1992:650200
Imports,HS1992:650300
Imports,HS1992:650400
Imports,HS1992:650510
Imports,HS1992:650590
Imports,HS1992:650610
Imports,HS1992:650691
Imports,HS1992:650692
Imports,HS1992:650699
Imports,HS1992:650700
Imports,HS1992:660110
Imports,HS1992:660191
Imports,HS1992:660199
Imports,HS1992:660200
Imports,HS1992:660310
Imports,HS1992:660320
Imports,HS1992:660390
Imports,HS1992:670100
Imports,HS1992:670210
Imports,HS1992:670290
Imports,HS1992:670300
Imports,HS1992:670411
Imports,HS1992:670419
Imports,HS1992:670420
Imports,HS1992:670490
Imports,HS1992:680100
Imports,HS1992:680210
Imports,HS1992:680221
Imports,HS1992:680222
Imports,HS1992:680223
Imports,HS1992:680229
Imports,HS1992:680291
Imports,HS1992:680292
Imports,HS1992:680293
Imports,HS1992:680299
Imports,HS1992:680300
Imports,HS1992:680410
Imports,HS1992:680421
Imports,HS1992:680422
Imports,HS1992:680423
Imports,HS1992:680430
Imports,HS1992:680510
Imports,HS1992:680520
Imports,HS1992:680530
Imports,HS1992:680610
Imports,HS1992:680620
Imports,HS1992:680690
Imports,HS1992:680710
Imports,HS1992:680790
Imports,HS1992:680800
Imports,HS1992:680911
Imports,HS1992:680919
Imports,HS1992:680990
Imports,HS1992:681011
Imports,HS1992:681019
Imports,HS1992:681020
Imports,HS1992:681091
Imports,HS1992:681099
Imports,HS1992:681110
Imports,HS1992:681120
Imports,HS1992:681130
Imports,HS1992:681190
Imports,HS1992:681210
Imports,HS1992:681220
Imports,HS1992:681230
Imports,HS1992:681240
Imports,HS1992:681250
Imports,HS1992:681260
Imports,HS1992:681270
Imports,HS1992:681290
Imports,HS1992:681310
Imports,HS1992:681390
Imports,HS1992:681410
Imports,HS1992:681490
Imports,HS1992:681510
Imports,HS1992:681520
Imports,HS1992:681591
Imports,HS1992:681599
Imports,HS1992:690100
Imports,HS1992:690210
Imports,HS1992:690220
Imports,HS1992:690290
Imports,HS1992:690310
Imports,HS1992:690320
Imports,HS1992:690390
Imports,HS1992:690410
Imports,HS1992:690490
Imports,HS1992:690510
Imports,HS1992:690590
Imports,HS1992:690600
Imports,HS1992:690710
Imports,HS1992:690790
Imports,HS1992:690810
Imports,HS1992:690890
Imports,HS1992:690911
Imports,HS1992:690919
Imports,HS1992:690990
Imports,HS1992:691010
Imports,HS1992:691090
Imports,HS1992:691110
Imports,HS1992:691190
Imports,HS1992:691200
Imports,HS1992:691310
Imports,HS1992:691390
Imports,HS1992:691410
Imports,HS1992:691490
Imports,HS1992:700100
Imports,HS1992:700210
Imports,HS1992:700220
Imports,HS1992:700231
Imports,HS1992:700232
Imports,HS1992:700239
Imports,HS1992:700311
Imports,HS1992:700319
Imports,HS1992:700320
Imports,HS1992:700330
Imports,HS1992:700410
Imports,HS1992:700490
Imports,HS1992:700510
Imports,HS1992:700521
Imports,HS1992:700529
Imports,HS1992:700530
Imports,HS1992:700600
Imports,HS1992:700711
Imports,HS1992:700719
Imports,HS1992:700721
Imports,HS1992:700729
Imports,HS1992:700800
Imports,HS1992:700910
Imports,HS1992:700991
Imports,HS1992:700992
Imports,HS1992:701010
Imports,HS1992:701090
Imports,HS1992:701110
Imports,HS1992:701120
Imports,HS1992:701190
Imports,HS1992:701200
Imports,HS1992:701310
Imports,HS1992:701321
Imports,HS1992:701329
Imports,HS1992:701331
Imports,HS1992:701332
Imports,HS1992:701339
Imports,HS1992:701391
Imports,HS1992:701399
Imports,HS1992:701400
Imports,HS1992:701510
Imports,HS1992:701590
Imports,HS1992:701610
Imports,HS1992:701690
Imports,HS1992:701710
Imports,HS1992:701720
Imports,HS1992:701790
Imports,HS1992:701810
Imports,HS1992:701820
Imports,HS1992:701890
Imports,HS1992:701910
Imports,HS1992:701920
Imports,HS1992:701931
Imports,HS1992:701932
Imports,HS1992:701939
Imports,HS1992:701990
Imports,HS1992:702000
Imports,HS1992:710110
Imports,HS1992:710121
Imports,HS1992:710122
Imports,HS1992:710210
Imports,HS1992:710221
Imports,HS1992:710229
Imports,HS1992:710231
Imports,HS1992:710239
Imports,HS1992:710310
Imports,HS1992:710391
Imports,HS1992:710399
Imports,HS1992:710410
Imports,HS1992:710420
Imports,HS1992:710490
Imports,HS1992:710510
Imports,HS1992:710590
Imports,HS1992:710610
Imports,HS1992:710691
Imports,HS1992:710692
Imports,HS1992:710700
Imports,HS1992:710811
Imports,HS1992:710812
Imports,HS1992:710813
Imports,HS1992:710900
Imports,HS1992:711011
Imports,HS1992:711019
Imports,HS1992:711021
Imports,HS1992:711029
Imports,HS1992:711031
Imports,HS1992:711039
Imports,HS1992:711041
Imports,HS1992:711049
Imports,HS1992:711100
Imports,HS1992:711210
Imports,HS1992:711220
Imports,HS1992:711290
Imports,HS1992:711311
Imports,HS1992:711319
Imports,HS1992:711320
Imports,HS1992:711411
Imports,HS1992:711419
Imports,HS1992:711420
Imports,HS1992:711510
Imports,HS1992:711590
Imports,HS1992:711610
Imports,HS1992:711620
Imports,HS1992:711711
Imports,HS1992:711719
Imports,HS1992:711790
Imports,HS1992:711810
Imports,HS1992:720110
Imports,HS1992:720120
Imports,HS1992:720130
Imports,HS1992:720140
Imports,HS1992:720211
Imports,HS1992:720219
Imports,HS1992:720221
Imports,HS1992:720229
Imports,HS1992:720230
Imports,HS1992:720241
Imports,HS1992:720249
Imports,HS1992:720250
Imports,HS1992:720260
Imports,HS1992:720270
Imports,HS1992:720280
Imports,HS1992:720291
Imports,HS1992:720292
Imports,HS1992:720293
Imports,HS1992:720299
Imports,HS1992:720310
Imports,HS1992:720390
Imports,HS1992:720410
Imports,HS1992:720421
Imports,HS1992:720429
Imports,HS1992:720430
Imports,HS1992:720441
Imports,HS1992:720449
Imports,HS1992:720450
Imports,HS1992:720510
Imports,HS1992:720521
Imports,HS1992:720529
Imports,HS1992:720610
Imports,HS1992:720690
Imports,HS1992:720711
Imports,HS1992:720712
Imports,HS1992:720719
Imports,HS1992:720720
Imports,HS1992:720811
Imports,HS1992:720812
Imports,HS1992:720813
Imports,HS1992:720814
Imports,HS1992:720821
Imports,HS1992:720822
Imports,HS1992:720823
Imports,HS1992:720824
Imports,HS1992:720831
Imports,HS1992:720832
Imports,HS1992:720833
Imports,HS1992:720834
Imports,HS1992:720835
Imports,HS1992:720841
Imports,HS1992:720842
Imports,HS1992:720843
Imports,HS1992:720844
Imports,HS1992:720845
Imports,HS1992:720890
Imports,HS1992:720911
Imports,HS1992:720912
Imports,HS1992:720913
Imports,HS1992:720914
Imports,HS1992:720921
Imports,HS1992:720922
Imports,HS1992:720923
Imports,HS1992:720924
Imports,HS1992:720931
Imports,HS1992:720932
Imports,HS1992:720933
Imports,HS1992:720934
Imports,HS1992:720941
Imports,HS1992:720942
Imports,HS1992:720943
Imports,HS1992:720944
Imports,HS1992:720990
Imports,HS1992:721011
Imports,HS1992:721012
Imports,HS1992:721020
Imports,HS1992:721031
Imports,HS1992:721039
Imports,HS1992:721041
Imports,HS1992:721049
Imports,HS1992:721050
Imports,HS1992:721060
Imports,HS1992:721070
Imports,HS1992:721090
Imports,HS1992:721111
Imports,HS1992:721112
Imports,HS1992:721119
Imports,HS1992:721121
Imports,HS1992:721122
Imports,HS1992:721129
Imports,HS1992:721130
Imports,HS1992:721141
Imports,HS1992:721149
Imports,HS1992:721190
Imports,HS1992:721210
Imports,HS1992:721221
Imports,HS1992:721229
Imports,HS1992:721230
Imports,HS1992:721240
Imports,HS1992:721250
Imports,HS1992:721260
Imports,HS1992:721310
Imports,HS1992:721320
Imports,HS1992:721331
Imports,HS1992:721339
Imports,HS1992:721341
Imports,HS1992:721349
Imports,HS1992:721350
Imports,HS1992:721410
Imports,HS1992:721420
Imports,HS1992:721430
Imports,HS1992:721440
Imports,HS1992:721450
Imports,HS1992:721460
Imports,HS1992:721510
Imports,HS1992:721520
Imports,HS1992:721530
Imports,HS1992:721540
Imports,HS1992:721590
Imports,HS1992:721610
Imports,HS1992:721621
Imports,HS1992:721622
Imports,HS1992:721631
Imports,HS1992:721632
Imports,HS1992:721633
Imports,HS1992:721640
Imports,HS1992:721650
Imports,HS1992:721660
Imports,HS1992:721690
Imports,HS1992:721711
Imports,HS1992:721712
Imports,HS1992:721713
Imports,HS1992:721719
Imports,HS1992:721721
Imports,HS1992:721722
Imports,HS1992:721723
Imports,HS1992:721729
Imports,HS1992:721731
Imports,HS1992:721732
Imports,HS1992:721733
Imports,HS1992:721739
Imports,HS1992:721810
Imports,HS1992:721890
Imports,HS1992:721911
Imports,HS1992:721912
Imports,HS1992:721913
Imports,HS1992:721914
Imports,HS1992:721921
Imports,HS1992:721922
Imports,HS1992:721923
Imports,HS1992:721924
Imports,HS1992:721931
Imports,HS1992:721932
Imports,HS1992:721933
Imports,HS1992:721934
Imports,HS1992:721935
Imports,HS1992:721990
Imports,HS1992:722011
Imports,HS1992:722012
Imports,HS1992:722020
Imports,HS1992:722090
Imports,HS1992:722100
Imports,HS1992:722210
Imports,HS1992:722220
Imports,HS1992:722230
Imports,HS1992:722240
Imports,HS1992:722300
Imports,HS1992:722410
Imports,HS1992:722490
Imports,HS1992:722510
Imports,HS1992:722520
Imports,HS1992:722530
Imports,HS1992:722540
Imports,HS1992:722550
Imports,HS1992:722590
Imports,HS1992:722610
Imports,HS1992:722620
Imports,HS1992:722691
Imports,HS1992:722692
Imports,HS1992:722699
Imports,HS1992:722710
Imports,HS1992:722720
Imports,HS1992:722790
Imports,HS1992:722810
Imports,HS1992:722820
Imports,HS1992:722830
Imports,HS1992:722840
Imports,HS1992:722850
Imports,HS1992:722860
Imports,HS1992:722870
Imports,HS1992:722880
Imports,HS1992:722910
Imports,HS1992:722920
Imports,HS1992:722990
Imports,HS1992:730110
Imports,HS1992:730120
Imports,HS1992:730210
Imports,HS1992:730220
Imports,HS1992:730230
Imports,HS1992:730240
Imports,HS1992:730290
Imports,HS1992:730300
Imports,HS1992:730410
Imports,HS1992:730420
Imports,HS1992:730431
Imports,HS1992:730439
Imports,HS1992:730441
Imports,HS1992:730449
Imports,HS1992:730451
Imports,HS1992:730459
Imports,HS1992:730490
Imports,HS1992:730511
Imports,HS1992:730512
Imports,HS1992:730519
Imports,HS1992:730520
Imports,HS1992:730531
Imports,HS1992:730539
Imports,HS1992:730590
Imports,HS1992:730610
Imports,HS1992:730620
Imports,HS1992:730630
Imports,HS1992:730640
Imports,HS1992:730650
Imports,HS1992:730660
Imports,HS1992:730690
Imports,HS1992:730711
Imports,HS1992:730719
Imports,HS1992:730721
Imports,HS1992:730722
Imports,HS1992:730723
Imports,HS1992:730729
Imports,HS1992:730791
Imports,HS1992:730792
Imports,HS1992:730793
Imports,HS1992:730799
Imports,HS1992:730810
Imports,HS1992:730820
Imports,HS1992:730830
Imports,HS1992:730840
Imports,HS1992:730890
Imports,HS1992:730900
Imports,HS1992:731010
Imports,HS1992:731021
Imports,HS1992:731029
Imports,HS1992:731100
Imports,HS1992:731210
Imports,HS1992:731290
Imports,HS1992:731300
Imports,HS1992:731411
Imports,HS1992:731419
Imports,HS1992:731420
Imports,HS1992:731430
Imports,HS1992:731441
Imports,HS1992:731442
Imports,HS1992:731449
Imports,HS1992:731450
Imports,HS1992:731511
Imports,HS1992:731512
Imports,HS1992:731519
Imports,HS1992:731520
Imports,HS1992:731581
Imports,HS1992:731582
Imports,HS1992:731589
Imports,HS1992:731590
Imports,HS1992:731600
Imports,HS1992:731700
Imports,HS1992:731811
Imports,HS1992:731812
Imports,HS1992:731813
Imports,HS1992:731814
Imports,HS1992:731815
Imports,HS1992:731816
Imports,HS1992:731819
Imports,HS1992:731821
Imports,HS1992:731822
Imports,HS1992:731823
Imports,HS1992:731824
Imports,HS1992:731829
Imports,HS1992:731910
Imports,HS1992:731920
Imports,HS1992:731930
Imports,HS1992:731990
Imports,HS1992:732010
Imports,HS1992:732020
Imports,HS1992:732090
Imports,HS1992:732111
Imports,HS1992:732112
Imports,HS1992:732113
Imports,HS1992:732181
Imports,HS1992:732182
Imports,HS1992:732183
Imports,HS1992:732190
Imports,HS1992:732211
Imports,HS1992:732219
Imports,HS1992:732290
Imports,HS1992:732310
Imports,HS1992:732391
Imports,HS1992:732392
Imports,HS1992:732393
Imports,HS1992:732394
Imports,HS1992:732399
Imports,HS1992:732410
Imports,HS1992:732421
Imports,HS1992:732429
Imports,HS1992:732490
Imports,HS1992:732510
Imports,HS1992:732591
Imports,HS1992:732599
Imports,HS1992:732611
Imports,HS1992:732619
Imports,HS1992:732620
Imports,HS1992:732690
Imports,HS1992:740110
Imports,HS1992:740120
Imports,HS1992:740200
Imports,HS1992:740311
Imports,HS1992:740312
Imports,HS1992:740313
Imports,HS1992:740319
Imports,HS1992:740321
Imports,HS1992:740322
Imports,HS1992:740323
Imports,HS1992:740329
Imports,HS1992:740400
Imports,HS1992:740500
Imports,HS1992:740610
Imports,HS1992:740620
Imports,HS1992:740710
Imports,HS1992:740721
Imports,HS1992:740722
Imports,HS1992:740729
Imports,HS1992:740811
Imports,HS1992:740819
Imports,HS1992:740821
Imports,HS1992:740822
Imports,HS1992:740829
Imports,HS1992:740911
Imports,HS1992:740919
Imports,HS1992:740921
Imports,HS1992:740929
Imports,HS1992:740931
Imports,HS1992:740939
Imports,HS1992:740940
Imports,HS1992:740990
Imports,HS1992:741011
Imports,HS1992:741012
Imports,HS1992:741021
Imports,HS1992:741022
Imports,HS1992:741110
Imports,HS1992:741121
Imports,HS1992:741122
Imports,HS1992:741129
Imports,HS1992:741210
Imports,HS1992:741220
Imports,HS1992:741300
Imports,HS1992:741410
Imports,HS1992:741490
Imports,HS1992:741510
Imports,HS1992:741521
Imports,HS1992:741529
Imports,HS1992:741531
Imports,HS1992:741532
Imports,HS1992:741539
Imports,HS1992:741600
Imports,HS1992:741700
Imports,HS1992:741810
Imports,HS1992:741820
Imports,HS1992:741910
Imports,HS1992:741991
Imports,HS1992:741999
Imports,HS1992:750110
Imports,HS1992:750120
Imports,HS1992:750210
Imports,HS1992:750220
Imports,HS1992:750300
Imports,HS1992:750400
Imports,HS1992:750511
Imports,HS1992:750512
Imports,HS1992:750521
Imports,HS1992:750522
Imports,HS1992:750610
Imports,HS1992:750620
Imports,HS1992:750711
Imports,HS1992:750712
Imports,HS1992:750720
Imports,HS1992:750800
Imports,HS1992:760110
Imports,HS1992:760120
Imports,HS1992:760200
Imports,HS1992:760310
Imports,HS1992:760320
Imports,HS1992:760410
Imports,HS1992:760421
Imports,HS1992:760429
Imports,HS1992:760511
Imports,HS1992:760519
Imports,HS1992:760521
Imports,HS1992:760529
Imports,HS1992:760611
Imports,HS1992:760612
Imports,HS1992:760691
Imports,HS1992:760692
Imports,HS1992:760711
Imports,HS1992:760719
Imports,HS1992:760720
Imports,HS1992:760810
Imports,HS1992:760820
Imports,HS1992:760900
Imports,HS1992:761010
Imports,HS1992:761090
Imports,HS1992:761100
Imports,HS1992:761210
Imports,HS1992:761290
Imports,HS1992:761300
Imports,HS1992:761410
Imports,HS1992:761490
Imports,HS1992:761510
Imports,HS1992:761520
Imports,HS1992:761610
Imports,HS1992:761690
Imports,HS1992:780110
Imports,HS1992:780191
Imports,HS1992:780199
Imports,HS1992:780200
Imports,HS1992:780300
Imports,HS1992:780411
Imports,HS1992:780419
Imports,HS1992:780420
Imports,HS1992:780500
Imports,HS1992:780600
Imports,HS1992:790111
Imports,HS1992:790112
Imports,HS1992:790120
Imports,HS1992:790200
Imports,HS1992:790310
Imports,HS1992:790390
Imports,HS1992:790400
Imports,HS1992:790500
Imports,HS1992:790600
Imports,HS1992:790710
Imports,HS1992:790790
Imports,HS1992:800110
Imports,HS1992:800120
Imports,HS1992:800200
Imports,HS1992:800300
Imports,HS1992:800400
Imports,HS1992:800510
Imports,HS1992:800520
Imports,HS1992:800600
Imports,HS1992:800700
Imports,HS1992:810110
Imports,HS1992:810191
Imports,HS1992:810192
Imports,HS1992:810193
Imports,HS1992:810199
Imports,HS1992:810210
Imports,HS1992:810291
Imports,HS1992:810292
Imports,HS1992:810293
Imports,HS1992:810299
Imports,HS1992:810310
Imports,HS1992:810390
Imports,HS1992:810411
Imports,HS1992:810419
Imports,HS1992:810420
Imports,HS1992:810430
Imports,HS1992:810490
Imports,HS1992:810510
Imports,HS1992:810590
Imports,HS1992:810600
Imports,HS1992:810710
Imports,HS1992:810790
Imports,HS1992:810810
Imports,HS1992:810890
Imports,HS1992:810910
Imports,HS1992:810990
Imports,HS1992:811000
Imports,HS1992:811100
Imports,HS1992:811211
Imports,HS1992:811219
Imports,HS1992:811220
Imports,HS1992:811230
Imports,HS1992:811240
Imports,HS1992:811291
Imports,HS1992:811299
Imports,HS1992:811300
Imports,HS1992:820110
Imports,HS1992:820120
Imports,HS1992:820130
Imports,HS1992:820140
Imports,HS1992:820150
Imports,HS1992:820160
Imports,HS1992:820190
Imports,HS1992:820210
Imports,HS1992:820220
Imports,HS1992:820231
Imports,HS1992:820232
Imports,HS1992:820240
Imports,HS1992:820291
Imports,HS1992:820299
Imports,HS1992:820310
Imports,HS1992:820320
Imports,HS1992:820330
Imports,HS1992:820340
Imports,HS1992:820411
Imports,HS1992:820412
Imports,HS1992:820420
Imports,HS1992:820510
Imports,HS1992:820520
Imports,HS1992:820530
Imports,HS1992:820540
Imports,HS1992:820551
Imports,HS1992:820559
Imports,HS1992:820560
Imports,HS1992:820570
Imports,HS1992:820580
Imports,HS1992:820590
Imports,HS1992:820600
Imports,HS1992:820711
Imports,HS1992:820712
Imports,HS1992:820720
Imports,HS1992:820730
Imports,HS1992:820740
Imports,HS1992:820750
Imports,HS1992:820760
Imports,HS1992:820770
Imports,HS1992:820780
Imports,HS1992:820790
Imports,HS1992:820810
Imports,HS1992:820820
Imports,HS1992:820830
Imports,HS1992:820840
Imports,HS1992:820890
Imports,HS1992:820900
Imports,HS1992:821000
Imports,HS1992:821110
Imports,HS1992:821191
Imports,HS1992:821192
Imports,HS1992:821193
Imports,HS1992:821194
Imports,HS1992:821210
Imports,HS1992:821220
Imports,HS1992:821290
Imports,HS1992:821300
Imports,HS1992:821410
Imports,HS1992:821420
Imports,HS1992:821490
Imports,HS1992:821510
Imports,HS1992:821520
Imports,HS1992:821591
Imports,HS1992:821599
Imports,HS1992:830110
Imports,HS1992:830120
Imports,HS1992:830130
Imports,HS1992:830140
Imports,HS1992:830150
Imports,HS1992:830160
Imports,HS1992:830170
Imports,HS1992:830210
Imports,HS1992:830220
Imports,HS1992:830230
Imports,HS1992:830241
Imports,HS1992:830242
Imports,HS1992:830249
Imports,HS1992:830250
Imports,HS1992:830260
Imports,HS1992:830300
Imports,HS1992:830400
Imports,HS1992:830510
Imports,HS1992:830520
Imports,HS1992:830590
Imports,HS1992:830610
Imports,HS1992:830621
Imports,HS1992:830629
Imports,HS1992:830630
Imports,HS1992:830710
Imports,HS1992:830790
Imports,HS1992:830810
Imports,HS1992:830820
Imports,HS1992:830890
Imports,HS1992:830910
Imports,HS1992:830990
Imports,HS1992:831000
Imports,HS1992:831110
Imports,HS1992:831120
Imports,HS1992:831130
Imports,HS1992:831190
Imports,HS1992:840110
Imports,HS1992:840120
Imports,HS1992:840130
Imports,HS1992:840140
Imports,HS1992:840211
Imports,HS1992:840212
Imports,HS1992:840219
Imports,HS1992:840220
Imports,HS1992:840290
Imports,HS1992:840310
Imports,HS1992:840390
Imports,HS1992:840410
Imports,HS1992:840420
Imports,HS1992:840490
Imports,HS1992:840510
Imports,HS1992:840590
Imports,HS1992:840611
Imports,HS1992:840619
Imports,HS1992:840690
Imports,HS1992:840710
Imports,HS1992:840721
Imports,HS1992:840729
Imports,HS1992:840731
Imports,HS1992:840732
Imports,HS1992:840733
Imports,HS1992:840734
Imports,HS1992:840790
Imports,HS1992:840810
Imports,HS1992:840820
Imports,HS1992:840890
Imports,HS1992:840910
Imports,HS1992:840991
Imports,HS1992:840999
Imports,HS1992:841011
Imports,HS1992:841012
Imports,HS1992:841013
Imports,HS1992:841090
Imports,HS1992:841111
Imports,HS1992:841112
Imports,HS1992:841121
Imports,HS1992:841122
Imports,HS1992:841181
Imports,HS1992:841182
Imports,HS1992:841191
Imports,HS1992:841199
Imports,HS1992:841210
Imports,HS1992:841221
Imports,HS1992:841229
Imports,HS1992:841231
Imports,HS1992:841239
Imports,HS1992:841280
Imports,HS1992:841290
Imports,HS1992:841311
Imports,HS1992:841319
Imports,HS1992:841320
Imports,HS1992:841330
Imports,HS1992:841340
Imports,HS1992:841350
Imports,HS1992:841360
Imports,HS1992:841370
Imports,HS1992:841381
Imports,HS1992:841382
Imports,HS1992:841391
Imports,HS1992:841392
Imports,HS1992:841410
Imports,HS1992:841420
Imports,HS1992:841430
Imports,HS1992:841440
Imports,HS1992:841451
Imports,HS1992:841459
Imports,HS1992:841460
Imports,HS1992:841480
Imports,HS1992:841490
Imports,HS1992:841510
Imports,HS1992:841581
Imports,HS1992:841582
Imports,HS1992:841583
Imports,HS1992:841590
Imports,HS1992:841610
Imports,HS1992:841620
Imports,HS1992:841630
Imports,HS1992:841690
Imports,HS1992:841710
Imports,HS1992:841720
Imports,HS1992:841780
Imports,HS1992:841790
Imports,HS1992:841810
Imports,HS1992:841821
Imports,HS1992:841822
Imports,HS1992:841829
Imports,HS1992:841830
Imports,HS1992:841840
Imports,HS1992:841850
Imports,HS1992:841861
Imports,HS1992:841869
Imports,HS1992:841891
Imports,HS1992:841899
Imports,HS1992:841911
Imports,HS1992:841919
Imports,HS1992:841920
Imports,HS1992:841931
Imports,HS1992:841932
Imports,HS1992:841939
Imports,HS1992:841940
Imports,HS1992:841950
Imports,HS1992:841960
Imports,HS1992:841981
Imports,HS1992:841989
Imports,HS1992:841990
Imports,HS1992:842010
Imports,HS1992:842091
Imports,HS1992:842099
Imports,HS1992:842111
Imports,HS1992:842112
Imports,HS1992:842119
Imports,HS1992:842121
Imports,HS1992:842122
Imports,HS1992:842123
Imports,HS1992:842129
Imports,HS1992:842131
Imports,HS1992:842139
Imports,HS1992:842191
Imports,HS1992:842199
Imports,HS1992:842211
Imports,HS1992:842219
Imports,HS1992:842220
Imports,HS1992:842230
Imports,HS1992:842240
Imports,HS1992:842290
Imports,HS1992:842310
Imports,HS1992:842320
Imports,HS1992:842330
Imports,HS1992:842381
Imports,HS1992:842382
Imports,HS1992:842389
Imports,HS1992:842390
Imports,HS1992:842410
Imports,HS1992:842420
Imports,HS1992:842430
Imports,HS1992:842481
Imports,HS1992:842489
Imports,HS1992:842490
Imports,HS1992:842511
Imports,HS1992:842519
Imports,HS1992:842520
Imports,HS1992:842531
Imports,HS1992:842539
Imports,HS1992:842541
Imports,HS1992:842542
Imports,HS1992:842549
Imports,HS1992:842611
Imports,HS1992:842612
Imports,HS1992:842619
Imports,HS1992:842620
Imports,HS1992:842630
Imports,HS1992:842641
Imports,HS1992:842649
Imports,HS1992:842691
Imports,HS1992:842699
Imports,HS1992:842710
Imports,HS1992:842720
Imports,HS1992:842790
Imports,HS1992:842810
Imports,HS1992:842820
Imports,HS1992:842831
Imports,HS1992:842832
Imports,HS1992:842833
Imports,HS1992:842839
Imports,HS1992:842840
Imports,HS1992:842850
Imports,HS1992:842860
Imports,HS1992:842890
Imports,HS1992:842911
Imports,HS1992:842919
Imports,HS1992:842920
Imports,HS1992:842930
Imports,HS1992:842940
Imports,HS1992:842951
Imports,HS1992:842952
Imports,HS1992:842959
Imports,HS1992:843010
Imports,HS1992:843020
Imports,HS1992:843031
Imports,HS1992:843039
Imports,HS1992:843041
Imports,HS1992:843049
Imports,HS1992:843050
Imports,HS1992:843061
Imports,HS1992:843062
Imports,HS1992:843069
Imports,HS1992:843110
Imports,HS1992:843120
Imports,HS1992:843131
Imports,HS1992:843139
Imports,HS1992:843141
Imports,HS1992:843142
Imports,HS1992:843143
Imports,HS1992:843149
Imports,HS1992:843210
Imports,HS1992:843221
Imports,HS1992:843229
Imports,HS1992:843230
Imports,HS1992:843240
Imports,HS1992:843280
Imports,HS1992:843290
Imports,HS1992:843311
Imports,HS1992:843319
Imports,HS1992:843320
Imports,HS1992:843330
Imports,HS1992:843340
Imports,HS1992:843351
Imports,HS1992:843352
Imports,HS1992:843353
Imports,HS1992:843359
Imports,HS1992:843360
Imports,HS1992:843390
Imports,HS1992:843410
Imports,HS1992:843420
Imports,HS1992:843490
Imports,HS1992:843510
Imports,HS1992:843590
Imports,HS1992:843610
Imports,HS1992:843621
Imports,HS1992:843629
Imports,HS1992:843680
Imports,HS1992:843691
Imports,HS1992:843699
Imports,HS1992:843710
Imports,HS1992:843780
Imports,HS1992:843790
Imports,HS1992:843810
Imports,HS1992:843820
Imports,HS1992:843830
Imports,HS1992:843840
Imports,HS1992:843850
Imports,HS1992:843860
Imports,HS1992:843880
Imports,HS1992:843890
Imports,HS1992:843910
Imports,HS1992:843920
Imports,HS1992:843930
Imports,HS1992:843991
Imports,HS1992:843999
Imports,HS1992:844010
Imports,HS1992:844090
Imports,HS1992:844110
Imports,HS1992:844120
Imports,HS1992:844130
Imports,HS1992:844140
Imports,HS1992:844180
Imports,HS1992:844190
Imports,HS1992:844210
Imports,HS1992:844220
Imports,HS1992:844230
Imports,HS1992:844240
Imports,HS1992:844250
Imports,HS1992:844311
Imports,HS1992:844312
Imports,HS1992:844319
Imports,HS1992:844321
Imports,HS1992:844329
Imports,HS1992:844330
Imports,HS1992:844340
Imports,HS1992:844350
Imports,HS1992:844360
Imports,HS1992:844390
Imports,HS1992:844400
Imports,HS1992:844511
Imports,HS1992:844512
Imports,HS1992:844513
Imports,HS1992:844519
Imports,HS1992:844520
Imports,HS1992:844530
Imports,HS1992:844540
Imports,HS1992:844590
Imports,HS1992:844610
Imports,HS1992:844621
Imports,HS1992:844629
Imports,HS1992:844630
Imports,HS1992:844711
Imports,HS1992:844712
Imports,HS1992:844720
Imports,HS1992:844790
Imports,HS1992:844811
Imports,HS1992:844819
Imports,HS1992:844820
Imports,HS1992:844831
Imports,HS1992:844832
Imports,HS1992:844833
Imports,HS1992:844839
Imports,HS1992:844841
Imports,HS1992:844842
Imports,HS1992:844849
Imports,HS1992:844851
Imports,HS1992:844859
Imports,HS1992:844900
Imports,HS1992:845011
Imports,HS1992:845012
Imports,HS1992:845019
Imports,HS1992:845020
Imports,HS1992:845090
Imports,HS1992:845110
Imports,HS1992:845121
Imports,HS1992:845129
Imports,HS1992:845130
Imports,HS1992:845140
Imports,HS1992:845150
Imports,HS1992:845180
Imports,HS1992:845190
Imports,HS1992:845210
Imports,HS1992:845221
Imports,HS1992:845229
Imports,HS1992:845230
Imports,HS1992:845240
Imports,HS1992:845290
Imports,HS1992:845310
Imports,HS1992:845320
Imports,HS1992:845380
Imports,HS1992:845390
Imports,HS1992:845410
Imports,HS1992:845420
Imports,HS1992:845430
Imports,HS1992:845490
Imports,HS1992:845510
Imports,HS1992:845521
Imports,HS1992:845522
Imports,HS1992:845530
Imports,HS1992:845590
Imports,HS1992:845610
Imports,HS1992:845620
Imports,HS1992:845630
Imports,HS1992:845690
Imports,HS1992:845710
Imports,HS1992:845720
Imports,HS1992:845730
Imports,HS1992:845811
Imports,HS1992:845819
Imports,HS1992:845891
Imports,HS1992:845899
Imports,HS1992:845910
Imports,HS1992:845921
Imports,HS1992:845929
Imports,HS1992:845931
Imports,HS1992:845939
Imports,HS1992:845940
Imports,HS1992:845951
Imports,HS1992:845959
Imports,HS1992:845961
Imports,HS1992:845969
Imports,HS1992:845970
Imports,HS1992:846011
Imports,HS1992:846019
Imports,HS1992:846021
Imports,HS1992:846029
Imports,HS1992:846031
Imports,HS1992:846039
Imports,HS1992:846040
Imports,HS1992:846090
Imports,HS1992:846110
Imports,HS1992:846120
Imports,HS1992:846130
Imports,HS1992:846140
Imports,HS1992:846150
Imports,HS1992:846190
Imports,HS1992:846210
Imports,HS1992:846221
Imports,HS1992:846229
Imports,HS1992:846231
Imports,HS1992:846239
Imports,HS1992:846241
Imports,HS1992:846249
Imports,HS1992:846291
Imports,HS1992:846299
Imports,HS1992:846310
Imports,HS1992:846320
Imports,HS1992:846330
Imports,HS1992:846390
Imports,HS1992:846410
Imports,HS1992:846420
Imports,HS1992:846490
Imports,HS1992:846510
Imports,HS1992:846591
Imports,HS1992:846592
Imports,HS1992:846593
Imports,HS1992:846594
Imports,HS1992:846595
Imports,HS1992:846596
Imports,HS1992:846599
Imports,HS1992:846610
Imports,HS1992:846620
Imports,HS1992:846630
Imports,HS1992:846691
Imports,HS1992:846692
Imports,HS1992:846693
Imports,HS1992:846694
Imports,HS1992:846711
Imports,HS1992:846719
Imports,HS1992:846781
Imports,HS1992:846789
Imports,HS1992:846791
Imports,HS1992:846792
Imports,HS1992:846799
Imports,HS1992:846810
Imports,HS1992:846820
Imports,HS1992:846880
Imports,HS1992:846890
Imports,HS1992:846910
Imports,HS1992:846921
Imports,HS1992:846929
Imports,HS1992:846931
Imports,HS1992:846939
Imports,HS1992:847010
Imports,HS1992:847021
Imports,HS1992:847029
Imports,HS1992:847030
Imports,HS1992:847040
Imports,HS1992:847050
Imports,HS1992:847090
Imports,HS1992:847110
Imports,HS1992:847120
Imports,HS1992:847191
Imports,HS1992:847192
Imports,HS1992:847193
Imports,HS1992:847199
Imports,HS1992:847210
Imports,HS1992:847220
Imports,HS1992:847230
Imports,HS1992:847290
Imports,HS1992:847310
Imports,HS1992:847321
Imports,HS1992:847329
Imports,HS1992:847330
Imports,HS1992:847340
Imports,HS1992:847410
Imports,HS1992:847420
Imports,HS1992:847431
Imports,HS1992:847432
Imports,HS1992:847439
Imports,HS1992:847480
Imports,HS1992:847490
Imports,HS1992:847510
Imports,HS1992:847520
Imports,HS1992:847590
Imports,HS1992:847611
Imports,HS1992:847619
Imports,HS1992:847690
Imports,HS1992:847710
Imports,HS1992:847720
Imports,HS1992:847730
Imports,HS1992:847740
Imports,HS1992:847751
Imports,HS1992:847759
Imports,HS1992:847780
Imports,HS1992:847790
Imports,HS1992:847810
Imports,HS1992:847890
Imports,HS1992:847910
Imports,HS1992:847920
Imports,HS1992:847930
Imports,HS1992:847940
Imports,HS1992:847981
Imports,HS1992:847982
Imports,HS1992:847989
Imports,HS1992:847990
Imports,HS1992:848010
Imports,HS1992:848020
Imports,HS1992:848030
Imports,HS1992:848041
Imports,HS1992:848049
Imports,HS1992:848050
Imports,HS1992:848060
Imports,HS1992:848071
Imports,HS1992:848079
Imports,HS1992:848110
Imports,HS1992:848120
Imports,HS1992:848130
Imports,HS1992:848140
Imports,HS1992:848180
Imports,HS1992:848190
Imports,HS1992:848210
Imports,HS1992:848220
Imports,HS1992:848230
Imports,HS1992:848240
Imports,HS1992:848250
Imports,HS1992:848280
Imports,HS1992:848291
Imports,HS1992:848299
Imports,HS1992:848310
Imports,HS1992:848320
Imports,HS1992:848330
Imports,HS1992:848340
Imports,HS1992:848350
Imports,HS1992:848360
Imports,HS1992:848390
Imports,HS1992:848410
Imports,HS1992:848490
Imports,HS1992:848510
Imports,HS1992:848590
Imports,HS1992:850110
Imports,HS1992:850120
Imports,HS1992:850131
Imports,HS1992:850132
Imports,HS1992:850133
Imports,HS1992:850134
Imports,HS1992:850140
Imports,HS1992:850151
Imports,HS1992:850152
Imports,HS1992:850153
Imports,HS1992:850161
Imports,HS1992:850162
Imports,HS1992:850163
Imports,HS1992:850164
Imports,HS1992:850211
Imports,HS1992:850212
Imports,HS1992:850213
Imports,HS1992:850220
Imports,HS1992:850230
Imports,HS1992:850240
Imports,HS1992:850300
Imports,HS1992:850410
Imports,HS1992:850421
Imports,HS1992:850422
Imports,HS1992:850423
Imports,HS1992:850431
Imports,HS1992:850432
Imports,HS1992:850433
Imports,HS1992:850434
Imports,HS1992:850440
Imports,HS1992:850450
Imports,HS1992:850490
Imports,HS1992:850511
Imports,HS1992:850519
Imports,HS1992:850520
Imports,HS1992:850530
Imports,HS1992:850590
Imports,HS1992:850611
Imports,HS1992:850612
Imports,HS1992:850613
Imports,HS1992:850619
Imports,HS1992:850620
Imports,HS1992:850690
Imports,HS1992:850710
Imports,HS1992:850720
Imports,HS1992:850730
Imports,HS1992:850740
Imports,HS1992:850780
Imports,HS1992:850790
Imports,HS1992:850810
Imports,HS1992:850820
Imports,HS1992:850880
Imports,HS1992:850890
Imports,HS1992:850910
Imports,HS1992:850920
Imports,HS1992:850930
Imports,HS1992:850940
Imports,HS1992:850980
Imports,HS1992:850990
Imports,HS1992:851010
Imports,HS1992:851020
Imports,HS1992:851090
Imports,HS1992:851110
Imports,HS1992:851120
Imports,HS1992:851130
Imports,HS1992:851140
Imports,HS1992:851150
Imports,HS1992:851180
Imports,HS1992:851190
Imports,HS1992:851210
Imports,HS1992:851220
Imports,HS1992:851230
Imports,HS1992:851240
Imports,HS1992:851290
Imports,HS1992:851310
Imports,HS1992:851390
Imports,HS1992:851410
Imports,HS1992:851420
Imports,HS1992:851430
Imports,HS1992:851440
Imports,HS1992:851490
Imports,HS1992:851511
Imports,HS1992:851519
Imports,HS1992:851521
Imports,HS1992:851529
Imports,HS1992:851531
Imports,HS1992:851539
Imports,HS1992:851580
Imports,HS1992:851590
Imports,HS1992:851610
Imports,HS1992:851621
Imports,HS1992:851629
Imports,HS1992:851631
Imports,HS1992:851632
Imports,HS1992:851633
Imports,HS1992:851640
Imports,HS1992:851650
Imports,HS1992:851660
Imports,HS1992:851671
Imports,HS1992:851672
Imports,HS1992:851679
Imports,HS1992:851680
Imports,HS1992:851690
Imports,HS1992:851710
Imports,HS1992:851720
Imports,HS1992:851730
Imports,HS1992:851740
Imports,HS1992:851781
Imports,HS1992:851782
Imports,HS1992:851790
Imports,HS1992:851810
Imports,HS1992:851821
Imports,HS1992:851822
Imports,HS1992:851829
Imports,HS1992:851830
Imports,HS1992:851840
Imports,HS1992:851850
Imports,HS1992:851890
Imports,HS1992:851910
Imports,HS1992:851921
Imports,HS1992:851929
Imports,HS1992:851931
Imports,HS1992:851939
Imports,HS1992:851940
Imports,HS1992:851991
Imports,HS1992:851999
Imports,HS1992:852010
Imports,HS1992:852020
Imports,HS1992:852031
Imports,HS1992:852039
Imports,HS1992:852090
Imports,HS1992:852110
Imports,HS1992:852190
Imports,HS1992:852210
Imports,HS1992:852290
Imports,HS1992:852311
Imports,HS1992:852312
Imports,HS1992:852313
Imports,HS1992:852320
Imports,HS1992:852390
Imports,HS1992:852410
Imports,HS1992:852421
Imports,HS1992:852422
Imports,HS1992:852423
Imports,HS1992:852490
Imports,HS1992:852510
Imports,HS1992:852520
Imports,HS1992:852530
Imports,HS1992:852610
Imports,HS1992:852691
Imports,HS1992:852692
Imports,HS1992:852711
Imports,HS1992:852719
Imports,HS1992:852721
Imports,HS1992:852729
Imports,HS1992:852731
Imports,HS1992:852732
Imports,HS1992:852739
Imports,HS1992:852790
Imports,HS1992:852810
Imports,HS1992:852820
Imports,HS1992:852910
Imports,HS1992:852990
Imports,HS1992:853010
Imports,HS1992:853080
Imports,HS1992:853090
Imports,HS1992:853110
Imports,HS1992:853120
Imports,HS1992:853180
Imports,HS1992:853190
Imports,HS1992:853210
Imports,HS1992:853221
Imports,HS1992:853222
Imports,HS1992:853223
Imports,HS1992:853224
Imports,HS1992:853225
Imports,HS1992:853229
Imports,HS1992:853230
Imports,HS1992:853290
Imports,HS1992:853310
Imports,HS1992:853321
Imports,HS1992:853329
Imports,HS1992:853331
Imports,HS1992:853339
Imports,HS1992:853340
Imports,HS1992:853390
Imports,HS1992:853400
Imports,HS1992:853510
Imports,HS1992:853521
Imports,HS1992:853529
Imports,HS1992:853530
Imports,HS1992:853540
Imports,HS1992:853590
Imports,HS1992:853610
Imports,HS1992:853620
Imports,HS1992:853630
Imports,HS1992:853641
Imports,HS1992:853649
Imports,HS1992:853650
Imports,HS1992:853661
Imports,HS1992:853669
Imports,HS1992:853690
Imports,HS1992:853710
Imports,HS1992:853720
Imports,HS1992:853810
Imports,HS1992:853890
Imports,HS1992:853910
Imports,HS1992:853921
Imports,HS1992:853922
Imports,HS1992:853929
Imports,HS1992:853931
Imports,HS1992:853939
Imports,HS1992:853940
Imports,HS1992:853990
Imports,HS1992:854011
Imports,HS1992:854012
Imports,HS1992:854020
Imports,HS1992:854030
Imports,HS1992:854041
Imports,HS1992:854042
Imports,HS1992:854049
Imports,HS1992:854081
Imports,HS1992:854089
Imports,HS1992:854091
Imports,HS1992:854099
Imports,HS1992:854110
Imports,HS1992:854121
Imports,HS1992:854129
Imports,HS1992:854130
Imports,HS1992:854140
Imports,HS1992:854150
Imports,HS1992:854160
Imports,HS1992:854190
Imports,HS1992:854211
Imports,HS1992:854219
Imports,HS1992:854220
Imports,HS1992:854280
Imports,HS1992:854290
Imports,HS1992:854310
Imports,HS1992:854320
Imports,HS1992:854330
Imports,HS1992:854380
Imports,HS1992:854390
Imports,HS1992:854411
Imports,HS1992:854419
Imports,HS1992:854420
Imports,HS1992:854430
Imports,HS1992:854441
Imports,HS1992:854449
Imports,HS1992:854451
Imports,HS1992:854459
Imports,HS1992:854460
Imports,HS1992:854470
Imports,HS1992:854511
Imports,HS1992:854519
Imports,HS1992:854520
Imports,HS1992:854590
Imports,HS1992:854610
Imports,HS1992:854620
Imports,HS1992:854690
Imports,HS1992:854710
Imports,HS1992:854720
Imports,HS1992:854790
Imports,HS1992:854800
Imports,HS1992:860110
Imports,HS1992:860120
Imports,HS1992:860210
Imports,HS1992:860290
Imports,HS1992:860310
Imports,HS1992:860390
Imports,HS1992:860400
Imports,HS1992:860500
Imports,HS1992:860610
Imports,HS1992:860620
Imports,HS1992:860630
Imports,HS1992:860691
Imports,HS1992:860692
Imports,HS1992:860699
Imports,HS1992:860711
Imports,HS1992:860712
Imports,HS1992:860719
Imports,HS1992:860721
Imports,HS1992:860729
Imports,HS1992:860730
Imports,HS1992:860791
Imports,HS1992:860799
Imports,HS1992:860800
Imports,HS1992:860900
Imports,HS1992:870110
Imports,HS1992:870120
Imports,HS1992:870130
Imports,HS1992:870190
Imports,HS1992:870210
Imports,HS1992:870290
Imports,HS1992:870310
Imports,HS1992:870321
Imports,HS1992:870322
Imports,HS1992:870323
Imports,HS1992:870324
Imports,HS1992:870331
Imports,HS1992:870332
Imports,HS1992:870333
Imports,HS1992:870390
Imports,HS1992:870410
Imports,HS1992:870421
Imports,HS1992:870422
Imports,HS1992:870423
Imports,HS1992:870431
Imports,HS1992:870432
Imports,HS1992:870490
Imports,HS1992:870510
Imports,HS1992:870520
Imports,HS1992:870530
Imports,HS1992:870540
Imports,HS1992:870590
Imports,HS1992:870600
Imports,HS1992:870710
Imports,HS1992:870790
Imports,HS1992:870810
Imports,HS1992:870821
Imports,HS1992:870829
Imports,HS1992:870831
Imports,HS1992:870839
Imports,HS1992:870840
Imports,HS1992:870850
Imports,HS1992:870860
Imports,HS1992:870870
Imports,HS1992:870880
Imports,HS1992:870891
Imports,HS1992:870892
Imports,HS1992:870893
Imports,HS1992:870894
Imports,HS1992:870899
Imports,HS1992:870911
Imports,HS1992:870919
Imports,HS1992:870990
Imports,HS1992:871000
Imports,HS1992:871110
Imports,HS1992:871120
Imports,HS1992:871130
Imports,HS1992:871140
Imports,HS1992:871150
Imports,HS1992:871190
Imports,HS1992:871200
Imports,HS1992:871310
Imports,HS1992:871390
Imports,HS1992:871411
Imports,HS1992:871419
Imports,HS1992:871420
Imports,HS1992:871491
Imports,HS1992:871492
Imports,HS1992:871493
Imports,HS1992:871494
Imports,HS1992:871495
Imports,HS1992:871496
Imports,HS1992:871499
Imports,HS1992:871500
Imports,HS1992:871610
Imports,HS1992:871620
Imports,HS1992:871631
Imports,HS1992:871639
Imports,HS1992:871640
Imports,HS1992:871680
Imports,HS1992:871690
Imports,HS1992:880110
Imports,HS1992:880190
Imports,HS1992:880211
Imports,HS1992:880212
Imports,HS1992:880220
Imports,HS1992:880230
Imports,HS1992:880240
Imports,HS1992:880250
Imports,HS1992:880310
Imports,HS1992:880320
Imports,HS1992:880330
Imports,HS1992:880390
Imports,HS1992:880400
Imports,HS1992:880510
Imports,HS1992:880520
Imports,HS1992:890110
Imports,HS1992:890120
Imports,HS1992:890130
Imports,HS1992:890190
Imports,HS1992:890200
Imports,HS1992:890310
Imports,HS1992:890391
Imports,HS1992:890392
Imports,HS1992:890399
Imports,HS1992:890400
Imports,HS1992:890510
Imports,HS1992:890520
Imports,HS1992:890590
Imports,HS1992:890600
Imports,HS1992:890710
Imports,HS1992:890790
Imports,HS1992:890800
Imports,HS1992:900110
Imports,HS1992:900120
Imports,HS1992:900130
Imports,HS1992:900140
Imports,HS1992:900150
Imports,HS1992:900190
Imports,HS1992:900211
Imports,HS1992:900219
Imports,HS1992:900220
Imports,HS1992:900290
Imports,HS1992:900311
Imports,HS1992:900319
Imports,HS1992:900390
Imports,HS1992:900410
Imports,HS1992:900490
Imports,HS1992:900510
Imports,HS1992:900580
Imports,HS1992:900590
Imports,HS1992:900610
Imports,HS1992:900620
Imports,HS1992:900630
Imports,HS1992:900640
Imports,HS1992:900651
Imports,HS1992:900652
Imports,HS1992:900653
Imports,HS1992:900659
Imports,HS1992:900661
Imports,HS1992:900662
Imports,HS1992:900669
Imports,HS1992:900691
Imports,HS1992:900699
Imports,HS1992:900711
Imports,HS1992:900719
Imports,HS1992:900721
Imports,HS1992:900729
Imports,HS1992:900791
Imports,HS1992:900792
Imports,HS1992:900810
Imports,HS1992:900820
Imports,HS1992:900830
Imports,HS1992:900840
Imports,HS1992:900890
Imports,HS1992:900911
Imports,HS1992:900912
Imports,HS1992:900921
Imports,HS1992:900922
Imports,HS1992:900930
Imports,HS1992:900990
Imports,HS1992:901010
Imports,HS1992:901020
Imports,HS1992:901030
Imports,HS1992:901090
Imports,HS1992:901110
Imports,HS1992:901120
Imports,HS1992:901180
Imports,HS1992:901190
Imports,HS1992:901210
Imports,HS1992:901290
Imports,HS1992:901310
Imports,HS1992:901320
Imports,HS1992:901380
Imports,HS1992:901390
Imports,HS1992:901410
Imports,HS1992:901420
Imports,HS1992:901480
Imports,HS1992:901490
Imports,HS1992:901510
Imports,HS1992:901520
Imports,HS1992:901530
Imports,HS1992:901540
Imports,HS1992:901580
Imports,HS1992:901590
Imports,HS1992:901600
Imports,HS1992:901710
Imports,HS1992:901720
Imports,HS1992:901730
Imports,HS1992:901780
Imports,HS1992:901790
Imports,HS1992:901811
Imports,HS1992:901819
Imports,HS1992:901820
Imports,HS1992:901831
Imports,HS1992:901832
Imports,HS1992:901839
Imports,HS1992:901841
Imports,HS1992:901849
Imports,HS1992:901850
Imports,HS1992:901890
Imports,HS1992:901910
Imports,HS1992:901920
Imports,HS1992:902000
Imports,HS1992:902111
Imports,HS1992:902119
Imports,HS1992:902121
Imports,HS1992:902129
Imports,HS1992:902130
Imports,HS1992:902140
Imports,HS1992:902150
Imports,HS1992:902190
Imports,HS1992:902211
Imports,HS1992:902219
Imports,HS1992:902221
Imports,HS1992:902229
Imports,HS1992:902230
Imports,HS1992:902290
Imports,HS1992:902300
Imports,HS1992:902410
Imports,HS1992:902480
Imports,HS1992:902490
Imports,HS1992:902511
Imports,HS1992:902519
Imports,HS1992:902520
Imports,HS1992:902580
Imports,HS1992:902590
Imports,HS1992:902610
Imports,HS1992:902620
Imports,HS1992:902680
Imports,HS1992:902690
Imports,HS1992:902710
Imports,HS1992:902720
Imports,HS1992:902730
Imports,HS1992:902740
Imports,HS1992:902750
Imports,HS1992:902780
Imports,HS1992:902790
Imports,HS1992:902810
Imports,HS1992:902820
Imports,HS1992:902830
Imports,HS1992:902890
Imports,HS1992:902910
Imports,HS1992:902920
Imports,HS1992:902990
Imports,HS1992:903010
Imports,HS1992:903020
Imports,HS1992:903031
Imports,HS1992:903039
Imports,HS1992:903040
Imports,HS1992:903081
Imports,HS1992:903089
Imports,HS1992:903090
Imports,HS1992:903110
Imports,HS1992:903120
Imports,HS1992:903130
Imports,HS1992:903140
Imports,HS1992:903180
Imports,HS1992:903190
Imports,HS1992:903210
Imports,HS1992:903220
Imports,HS1992:903281
Imports,HS1992:903289
Imports,HS1992:903290
Imports,HS1992:903300
Imports,HS1992:910111
Imports,HS1992:910112
Imports,HS1992:910119
Imports,HS1992:910121
Imports,HS1992:910129
Imports,HS1992:910191
Imports,HS1992:910199
Imports,HS1992:910211
Imports,HS1992:910212
Imports,HS1992:910219
Imports,HS1992:910221
Imports,HS1992:910229
Imports,HS1992:910291
Imports,HS1992:910299
Imports,HS1992:910310
Imports,HS1992:910390
Imports,HS1992:910400
Imports,HS1992:910511
Imports,HS1992:910519
Imports,HS1992:910521
Imports,HS1992:910529
Imports,HS1992:910591
Imports,HS1992:910599
Imports,HS1992:910610
Imports,HS1992:910620
Imports,HS1992:910690
Imports,HS1992:910700
Imports,HS1992:910811
Imports,HS1992:910812
Imports,HS1992:910819
Imports,HS1992:910820
Imports,HS1992:910891
Imports,HS1992:910899
Imports,HS1992:910911
Imports,HS1992:910919
Imports,HS1992:910990
Imports,HS1992:911011
Imports,HS1992:911012
Imports,HS1992:911019
Imports,HS1992:911090
Imports,HS1992:911110
Imports,HS1992:911120
Imports,HS1992:911180
Imports,HS1992:911190
Imports,HS1992:911210
Imports,HS1992:911280
Imports,HS1992:911290
Imports,HS1992:911310
Imports,HS1992:911320
Imports,HS1992:911390
Imports,HS1992:911410
Imports,HS1992:911420
Imports,HS1992:911430
Imports,HS1992:911440
Imports,HS1992:911490
Imports,HS1992:920110
Imports,HS1992:920120
Imports,HS1992:920190
Imports,HS1992:920210
Imports,HS1992:920290
Imports,HS1992:920300
Imports,HS1992:920410
Imports,HS1992:920420
Imports,HS1992:920510
Imports,HS1992:920590
Imports,HS1992:920600
Imports,HS1992:920710
Imports,HS1992:920790
Imports,HS1992:920810
Imports,HS1992:920890
Imports,HS1992:920910
Imports,HS1992:920920
Imports,HS1992:920930
Imports,HS1992:920991
Imports,HS1992:920992
Imports,HS1992:920993
Imports,HS1992:920994
Imports,HS1992:920999
Imports,HS1992:930100
Imports,HS1992:930200
Imports,HS1992:930310
Imports,HS1992:930320
Imports,HS1992:930330
Imports,HS1992:930390
Imports,HS1992:930400
Imports,HS1992:930510
Imports,HS1992:930521
Imports,HS1992:930529
Imports,HS1992:930590
Imports,HS1992:930610
Imports,HS1992:930621
Imports,HS1992:930629
Imports,HS1992:930630
Imports,HS1992:930690
Imports,HS1992:930700
Imports,HS1992:940110
Imports,HS1992:940120
Imports,HS1992:940130
Imports,HS1992:940140
Imports,HS1992:940150
Imports,HS1992:940161
Imports,HS1992:940169
Imports,HS1992:940171
Imports,HS1992:940179
Imports,HS1992:940180
Imports,HS1992:940190
Imports,HS1992:940210
Imports,HS1992:940290
Imports,HS1992:940310
Imports,HS1992:940320
Imports,HS1992:940330
Imports,HS1992:940340
Imports,HS1992:940350
Imports,HS1992:940360
Imports,HS1992:940370
Imports,HS1992:940380
Imports,HS1992:940390
Imports,HS1992:940410
Imports,HS1992:940421
Imports,HS1992:940429
Imports,HS1992:940430
Imports,HS1992:940490
Imports,HS1992:940510
Imports,HS1992:940520
Imports,HS1992:940530
Imports,HS1992:940540
Imports,HS1992:940550
Imports,HS1992:940560
Imports,HS1992:940591
Imports,HS1992:940592
Imports,HS1992:940599
Imports,HS1992:940600
Imports,HS1992:950100
Imports,HS1992:950210
Imports,HS1992:950291
Imports,HS1992:950299
Imports,HS1992:950310
Imports,HS1992:950320
Imports,HS1992:950330
Imports,HS1992:950341
Imports,HS1992:950349
Imports,HS1992:950350
Imports,HS1992:950360
Imports,HS1992:950370
Imports,HS1992:950380
Imports,HS1992:950390
Imports,HS1992:950410
Imports,HS1992:950420
Imports,HS1992:950430
Imports,HS1992:950440
Imports,HS1992:950490
Imports,HS1992:950510
Imports,HS1992:950590
Imports,HS1992:950611
Imports,HS1992:950612
Imports,HS1992:950619
Imports,HS1992:950621
Imports,HS1992:950629
Imports,HS1992:950631
Imports,HS1992:950632
Imports,HS1992:950639
Imports,HS1992:950640
Imports,HS1992:950651
Imports,HS1992:950659
Imports,HS1992:950661
Imports,HS1992:950662
Imports,HS1992:950669
Imports,HS1992:950670
Imports,HS1992:950691
Imports,HS1992:950699
Imports,HS1992:950710
Imports,HS1992:950720
Imports,HS1992:950730
Imports,HS1992:950790
Imports,HS1992:950800
Imports,HS1992:960110
Imports,HS1992:960190
Imports,HS1992:960200
Imports,HS1992:960310
Imports,HS1992:960321
Imports,HS1992:960329
Imports,HS1992:960330
Imports,HS1992:960340
Imports,HS1992:960350
Imports,HS1992:960390
Imports,HS1992:960400
Imports,HS1992:960500
Imports,HS1992:960610
Imports,HS1992:960621
Imports,HS1992:960622
Imports,HS1992:960629
Imports,HS1992:960630
Imports,HS1992:960711
Imports,HS1992:960719
Imports,HS1992:960720
Imports,HS1992:960810
Imports,HS1992:960820
Imports,HS1992:960831
Imports,HS1992:960839
Imports,HS1992:960840
Imports,HS1992:960850
Imports,HS1992:960860
Imports,HS1992:960891
Imports,HS1992:960899
Imports,HS1992:960910
Imports,HS1992:960920
Imports,HS1992:960990
Imports,HS1992:961000
Imports,HS1992:961100
Imports,HS1992:961210
Imports,HS1992:961220
Imports,HS1992:961310
Imports,HS1992:961320
Imports,HS1992:961330
Imports,HS1992:961380
Imports,HS1992:961390
Imports,HS1992:961410
Imports,HS1992:961420
Imports,HS1992:961490
Imports,HS1992:961511
Imports,HS1992:961519
Imports,HS1992:961590
Imports,HS1992:961610
Imports,HS1992:961620
Imports,HS1992:961700
Imports,HS1992:961800
Imports,HS1992:970110
Imports,HS1992:970190
Imports,HS1992:970200
Imports,HS1992:970300
Imports,HS1992:970400
Imports,HS1992:970500
Imports,HS1992:970600
