product_id,classification_code,cmd_code,product_label,primary_strict,primary_broad,primary_strict_rule,primary_broad_rule
HS1992:010511,H0,010511,Weighing not more than 185 g :-- Fowls of the species Gallus domesticus,True,True,strict_hs01_10_12_14_raw_agriculture,strict_hs01_10_12_14_raw_agriculture
HS1992:010591,H0,010591,"Fowls, live domestic > 185 grams",True,True,strict_hs01_10_12_14_raw_agriculture,strict_hs01_10_12_14_raw_agriculture
HS1992:010600,H0,010600,Other live animals.,True,True,strict_hs01_10_12_14_raw_agriculture,strict_hs01_10_12_14_raw_agriculture
HS1992:020410,H0,020410,"Carcasses and half-carcasses of lamb, fresh or chilled",True,True,strict_hs01_10_12_14_raw_agriculture,strict_hs01_10_12_14_raw_agriculture
HS1992:020421,H0,020421,"Other meat of sheep, fresh or chilled :-- Carcasses and half-carcasses",True,True,strict_hs01_10_12_14_raw_agriculture,strict_hs01_10_12_14_raw_agriculture
HS1992:020430,H0,020430,"Other meat of sheep, fresh or chilled :- Carcasses and half-carcasses of lamb, frozen",True,True,strict_hs01_10_12_14_raw_agriculture,strict_hs01_10_12_14_raw_agriculture
HS1992:020721,H0,020721,"Fowls, domestic, whole, frozen",True,True,strict_hs01_10_12_14_raw_agriculture,strict_hs01_10_12_14_raw_agriculture
HS1992:020820,H0,020820,Frogs'legs,True,True,strict_hs01_10_12_14_raw_agriculture,strict_hs01_10_12_14_raw_agriculture
HS1992:030110,H0,030110,Ornamental fish,True,True,strict_hs01_10_12_14_raw_agriculture,strict_hs01_10_12_14_raw_agriculture
HS1992:030192,H0,030192,Other live fish :-- Eels (Anguilla spp.),True,True,strict_hs01_10_12_14_raw_agriculture,strict_hs01_10_12_14_raw_agriculture
HS1992:030199,H0,030199,Other live fish :-- Other,True,True,strict_hs01_10_12_14_raw_agriculture,strict_hs01_10_12_14_raw_agriculture
HS1992:030211,H0,030211,"Salmonidae, excluding livers and roes :-- Trout (Salmo trutta, Oncorhynchus mykiss, Oncorhynchus clarki, Oncorhynchus aguabonita, Oncorhynchus gilae, Oncorhynchus apache and Oncorhynchus chrysogaster)",True,True,strict_hs01_10_12_14_raw_agriculture,strict_hs01_10_12_14_raw_agriculture
HS1992:030219,H0,030219,"Salmonidae, excluding livers and roes :-- Other",True,True,strict_hs01_10_12_14_raw_agriculture,strict_hs01_10_12_14_raw_agriculture
HS1992:030232,H0,030232,"Tunas (of the genus Thunnus) skipjack or stripe-bellied bonito (Euthynnus (Katsuwonus) pelamis), excluding livers and roes :-- Yellowfin tunas (Thunnus albacares)",True,True,strict_hs01_10_12_14_raw_agriculture,strict_hs01_10_12_14_raw_agriculture
HS1992:030233,H0,030233,"Tunas (of the genus Thunnus) skipjack or stripe-bellied bonito (Euthynnus (Katsuwonus) pelamis), excluding livers and roes :-- Skipjack or stripe-bellied bonito",True,True,strict_hs01_10_12_14_raw_agriculture,strict_hs01_10_12_14_raw_agriculture
HS1992:030239,H0,030239,"Tunas (of the genus Thunnus) skipjack or stripe-bellied bonito (Euthynnus (Katsuwonus) pelamis), excluding livers and roes :-- Other",True,True,strict_hs01_10_12_14_raw_agriculture,strict_hs01_10_12_14_raw_agriculture
HS1992:030250,H0,030250,"Tunas (of the genus Thunnus) skipjack or stripe-bellied bonito (Euthynnus (Katsuwonus) pelamis), excluding livers and roes :- Cod (Gadus morhua, Gadus ogac, Gadus macrocephalus), excluding livers and roes",True,True,strict_hs01_10_12_14_raw_agriculture,strict_hs01_10_12_14_raw_agriculture
HS1992:030261,H0,030261,"Other fish, excluding livers and roes :-- Sardines (Sardina pilchardus, Sardinops spp.), sardinella (Sardinella spp.), brisling or sprats (Sprattus sprattus)",True,True,strict_hs01_10_12_14_raw_agriculture,strict_hs01_10_12_14_raw_agriculture
HS1992:030263,H0,030263,"Other fish, excluding livers and roes :-- Coalfish (Pollachius virens)",True,True,strict_hs01_10_12_14_raw_agriculture,strict_hs01_10_12_14_raw_agriculture
HS1992:030266,H0,030266,"Other fish, excluding livers and roes :-- Eels (Anguilla spp.)",True,True,strict_hs01_10_12_14_raw_agriculture,strict_hs01_10_12_14_raw_agriculture
HS1992:030269,H0,030269,"Other fish, excluding livers and roes :-- Other",True,True,strict_hs01_10_12_14_raw_agriculture,strict_hs01_10_12_14_raw_agriculture
HS1992:030329,H0,030329,"Other salmonidae, excluding livers and roes :-- Other",True,True,strict_hs01_10_12_14_raw_agriculture,strict_hs01_10_12_14_raw_agriculture
HS1992:030339,H0,030339,"Flat fish (Pleuronectidae, Bothidae, Cynoglossidae, Soleidae,Scophthalmidae and Citharidae), excluding livers and roes :-- Other",True,True,strict_hs01_10_12_14_raw_agriculture,strict_hs01_10_12_14_raw_agriculture
HS1992:030375,H0,030375,"Other fish, excluding livers and roes :- Other fish, excluding livers and roes :-- Dogfish and other sharks",True,True,strict_hs01_10_12_14_raw_agriculture,strict_hs01_10_12_14_raw_agriculture
HS1992:030379,H0,030379,Other,True,True,strict_hs01_10_12_14_raw_agriculture,strict_hs01_10_12_14_raw_agriculture
HS1992:030410,H0,030410,Fresh or chilled,True,True,strict_hs01_10_12_14_raw_agriculture,strict_hs01_10_12_14_raw_agriculture
HS1992:030563,H0,030563,"Fish, salted but not dried or smoked and fish in brine :-- Anchovies (Engraulis spp.)",True,True,strict_hs01_10_12_14_raw_agriculture,strict_hs01_10_12_14_raw_agriculture
HS1992:030619,H0,030619,"Frozen :-- Other, including flours, meals and pellets of crustaceans, fit for human consumption",True,True,strict_hs01_10_12_14_raw_agriculture,strict_hs01_10_12_14_raw_agriculture
HS1992:030629,H0,030629,"Not frozen :-- Other, including flours, meals and pellets of crustaceans, fit for human consumption",True,True,strict_hs01_10_12_14_raw_agriculture,strict_hs01_10_12_14_raw_agriculture
HS1992:030710,H0,030710,Oysters,True,True,strict_hs01_10_12_14_raw_agriculture,strict_hs01_10_12_14_raw_agriculture
HS1992:030721,H0,030721,"Scallops, including queen scallops, of the genera Pecten, Chlamys or Placopecten :-- Live, fresh or chilled",True,True,strict_hs01_10_12_14_raw_agriculture,strict_hs01_10_12_14_raw_agriculture
HS1992:030729,H0,030729,"Scallops, including queen scallops, of the genera Pecten, Chlamys or Placopecten :-- Other",True,True,strict_hs01_10_12_14_raw_agriculture,strict_hs01_10_12_14_raw_agriculture
HS1992:030739,H0,030739,"Mussels (Mytilus spp., Perna spp.) :-- Other",True,True,strict_hs01_10_12_14_raw_agriculture,strict_hs01_10_12_14_raw_agriculture
HS1992:030741,H0,030741,"Cuttle fish (Sepia officinalis, Rossia macrosoma, Sepiola spp.) and squid (Ommastrephes spp., Loligo spp., Nototodarus spp., Sepioteuthis spp.) :-- Live, fresh or chilled",True,True,strict_hs01_10_12_14_raw_agriculture,strict_hs01_10_12_14_raw_agriculture
HS1992:030749,H0,030749,"Cuttle fish (Sepia officinalis, Rossia macrosoma, Sepiola spp.) and squid (Ommastrephes spp., Loligo spp., Nototodarus spp., Sepioteuthis spp.) :-- Other",True,True,strict_hs01_10_12_14_raw_agriculture,strict_hs01_10_12_14_raw_agriculture
HS1992:030759,H0,030759,Octopus (Octopus spp.) :-- Other,True,True,strict_hs01_10_12_14_raw_agriculture,strict_hs01_10_12_14_raw_agriculture
HS1992:030791,H0,030791,"Other, including flours, meals and pellets of aquatic invertebrates other than crustaceans, fit for human consumption :-- Live, fresh or chilled",True,True,strict_hs01_10_12_14_raw_agriculture,strict_hs01_10_12_14_raw_agriculture
HS1992:030799,H0,030799,"Other, including flours, meals and pellets of aquatic invertebrates other than crustaceans, fit for human consumption :-- Other",True,True,strict_hs01_10_12_14_raw_agriculture,strict_hs01_10_12_14_raw_agriculture
HS1992:040110,H0,040110,"Of a fat content, by weight, not exceeding 1 %",True,True,strict_hs01_10_12_14_raw_agriculture,strict_hs01_10_12_14_raw_agriculture
HS1992:040120,H0,040120,"Of a fat content, by weight, exceeding 1 % but not exceeding 6 %",True,True,strict_hs01_10_12_14_raw_agriculture,strict_hs01_10_12_14_raw_agriculture
HS1992:040210,H0,040210,"In powder, granules or other solid forms, of a fat content, by weight, not exceeding 1.5 %",True,True,strict_hs01_10_12_14_raw_agriculture,strict_hs01_10_12_14_raw_agriculture
HS1992:040229,H0,040229,"In powder, granules or other solid forms, of a fat content, by weight, exceeding 1.5 % :-- Other",True,True,strict_hs01_10_12_14_raw_agriculture,strict_hs01_10_12_14_raw_agriculture
HS1992:040900,H0,040900,Natural honey.,True,True,strict_hs01_10_12_14_raw_agriculture,strict_hs01_10_12_14_raw_agriculture
HS1992:050400,H0,050400,"Guts, bladders and stomachs of animals (other than fish), whole and pieces thereof, fresh, chilled, frozen, salted, in brine, dried or smoked.",True,True,strict_hs01_10_12_14_raw_agriculture,strict_hs01_10_12_14_raw_agriculture
HS1992:050800,H0,050800,"Coral and similar materials, unworked or simply prepared but not otherwise worked; shells of molluscs, crustaceans or echinoderms and cuttle-bone, unworked or simply prepared but not cut to shape, powder and waste there",True,True,strict_hs01_10_12_14_raw_agriculture,strict_hs01_10_12_14_raw_agriculture
HS1992:060110,H0,060110,"Bulbs, tubers, tuberous roots, corms, crowns and rhizomes, dormant",True,True,strict_hs01_10_12_14_raw_agriculture,strict_hs01_10_12_14_raw_agriculture
HS1992:060120,H0,060120,"Bulbs, tubers, tuberous roots, corms, crowns and rhizomes, in growth or in flower; chicory plants and roots",True,True,strict_hs01_10_12_14_raw_agriculture,strict_hs01_10_12_14_raw_agriculture
HS1992:060210,H0,060210,Unrooted cuttings and slips,True,True,strict_hs01_10_12_14_raw_agriculture,strict_hs01_10_12_14_raw_agriculture
HS1992:060220,H0,060220,"Trees, shrubs and bushes, grafted or not, of kinds which bear edible fruit or nuts",True,True,strict_hs01_10_12_14_raw_agriculture,strict_hs01_10_12_14_raw_agriculture
HS1992:060291,H0,060291,Mushroom spawn,True,True,strict_hs01_10_12_14_raw_agriculture,strict_hs01_10_12_14_raw_agriculture
HS1992:060299,H0,060299,"Plants, live (including their roots),nes",True,True,strict_hs01_10_12_14_raw_agriculture,strict_hs01_10_12_14_raw_agriculture
HS1992:060491,H0,060491,Other :- Egg yolks :-- Fresh,True,True,strict_hs01_10_12_14_raw_agriculture,strict_hs01_10_12_14_raw_agriculture
HS1992:060499,H0,060499,Other,True,True,strict_hs01_10_12_14_raw_agriculture,strict_hs01_10_12_14_raw_agriculture
HS1992:070110,H0,070110,Seed,True,True,strict_hs01_10_12_14_raw_agriculture,strict_hs01_10_12_14_raw_agriculture
HS1992:070190,H0,070190,Other,True,True,strict_hs01_10_12_14_raw_agriculture,strict_hs01_10_12_14_raw_agriculture
HS1992:070200,H0,070200,"Tomatoes, fresh or chilled.",True,True,strict_hs01_10_12_14_raw_agriculture,strict_hs01_10_12_14_raw_agriculture
HS1992:070390,H0,070390,Leeks and other alliaceous vegetables,True,True,strict_hs01_10_12_14_raw_agriculture,strict_hs01_10_12_14_raw_agriculture
HS1992:070820,H0,070820,"Beans (Vigna spp., Phaseolus spp.)",True,True,strict_hs01_10_12_14_raw_agriculture,strict_hs01_10_12_14_raw_agriculture
HS1992:070890,H0,070890,Other leguminous vegetables,True,True,strict_hs01_10_12_14_raw_agriculture,strict_hs01_10_12_14_raw_agriculture
HS1992:071010,H0,071010,Potatoes,True,True,strict_hs01_10_12_14_raw_agriculture,strict_hs01_10_12_14_raw_agriculture
HS1992:071022,H0,071022,"Leguminous vegetables, shelled or unshelled :-- Beans (Vigna spp., Phaseolus spp.)",True,True,strict_hs01_10_12_14_raw_agriculture,strict_hs01_10_12_14_raw_agriculture
HS1992:071029,H0,071029,"Leguminous vegetables, shelled or unshelled :-- Other",True,True,strict_hs01_10_12_14_raw_agriculture,strict_hs01_10_12_14_raw_agriculture
HS1992:071080,H0,071080,Other vegetables,True,True,strict_hs01_10_12_14_raw_agriculture,strict_hs01_10_12_14_raw_agriculture
HS1992:071190,H0,071190,Other vegetables; mixtures of vegetables,True,True,strict_hs01_10_12_14_raw_agriculture,strict_hs01_10_12_14_raw_agriculture
HS1992:071210,H0,071210,"Potatoes, dried, not further prepared",True,True,strict_hs01_10_12_14_raw_agriculture,strict_hs01_10_12_14_raw_agriculture
HS1992:071290,H0,071290,Other vegetables; mixtures of vegetables,True,True,strict_hs01_10_12_14_raw_agriculture,strict_hs01_10_12_14_raw_agriculture
HS1992:071331,H0,071331,"Beans (Vigna spp., Phaseolus spp.) :-- Beans of the species Vigna mungo (L.) Hepper or Vigna radiata (L.) Wilczek",True,True,strict_hs01_10_12_14_raw_agriculture,strict_hs01_10_12_14_raw_agriculture
HS1992:071332,H0,071332,"Beans (Vigna spp., Phaseolus spp.) :-- Small red (Adzuki) beans (Phaseolus or Vigna angularis)",True,True,strict_hs01_10_12_14_raw_agriculture,strict_hs01_10_12_14_raw_agriculture
HS1992:071333,H0,071333,"Beans (Vigna spp., Phaseolus spp.) :-- Kidney beans, including white pea beans (Phaseolus vulgaris)",True,True,strict_hs01_10_12_14_raw_agriculture,strict_hs01_10_12_14_raw_agriculture
HS1992:071339,H0,071339,Other,True,True,strict_hs01_10_12_14_raw_agriculture,strict_hs01_10_12_14_raw_agriculture
HS1992:071350,H0,071350,"Broad beans (Vicia faba var.major) and horse beans (Vicia faba var.equina, Vicia faba var.minor)",True,True,strict_hs01_10_12_14_raw_agriculture,strict_hs01_10_12_14_raw_agriculture
HS1992:080240,H0,080240,Chestnuts (Castanea spp.),True,True,strict_hs01_10_12_14_raw_agriculture,strict_hs01_10_12_14_raw_agriculture
HS1992:080610,H0,080610,Fresh,True,True,strict_hs01_10_12_14_raw_agriculture,strict_hs01_10_12_14_raw_agriculture
HS1992:080710,H0,080710,"Melons (including watermelons), fresh",True,True,strict_hs01_10_12_14_raw_agriculture,strict_hs01_10_12_14_raw_agriculture
HS1992:090121,H0,090121,Coffee roasted :-- Not decaffeinated,True,True,strict_hs01_10_12_14_raw_agriculture,strict_hs01_10_12_14_raw_agriculture
HS1992:090122,H0,090122,Coffee roasted :-- Decaffeinated,True,True,strict_hs01_10_12_14_raw_agriculture,strict_hs01_10_12_14_raw_agriculture
HS1992:090210,H0,090210,Green tea (not fermented) in immediate packings of a content not exceeding 3 kg,True,True,strict_hs01_10_12_14_raw_agriculture,strict_hs01_10_12_14_raw_agriculture
HS1992:090420,H0,090420,"Fruits of the genus Capsicum or of the genus Pimenta, dried or crushed or ground",True,True,strict_hs01_10_12_14_raw_agriculture,strict_hs01_10_12_14_raw_agriculture
HS1992:090950,H0,090950,Seeds of fennel; juniper berries,True,True,strict_hs01_10_12_14_raw_agriculture,strict_hs01_10_12_14_raw_agriculture
HS1992:091010,H0,091010,Ginger,True,True,strict_hs01_10_12_14_raw_agriculture,strict_hs01_10_12_14_raw_agriculture
HS1992:091040,H0,091040,Thyme; bay leaves,True,True,strict_hs01_10_12_14_raw_agriculture,strict_hs01_10_12_14_raw_agriculture
HS1992:091050,H0,091050,Curry,True,True,strict_hs01_10_12_14_raw_agriculture,strict_hs01_10_12_14_raw_agriculture
HS1992:091099,H0,091099,Other spices :-- Other,True,True,strict_hs01_10_12_14_raw_agriculture,strict_hs01_10_12_14_raw_agriculture
HS1992:100190,H0,100190,Other,True,True,strict_hs01_10_12_14_raw_agriculture,strict_hs01_10_12_14_raw_agriculture
HS1992:100610,H0,100610,Rice in the husk (paddy or rough),True,True,strict_hs01_10_12_14_raw_agriculture,strict_hs01_10_12_14_raw_agriculture
HS1992:120929,H0,120929,"Seeds of forage plants, other than beet seed :-- Other",True,True,strict_hs01_10_12_14_raw_agriculture,strict_hs01_10_12_14_raw_agriculture
HS1992:121020,H0,121020,"Hop cones, ground, powdered or in the form of pellets; lupulin",True,True,strict_hs01_10_12_14_raw_agriculture,strict_hs01_10_12_14_raw_agriculture
HS1992:121190,H0,121190,Other,True,True,strict_hs01_10_12_14_raw_agriculture,strict_hs01_10_12_14_raw_agriculture
HS1992:121210,H0,121210,"Locust beans, including locust bean seeds",True,True,strict_hs01_10_12_14_raw_agriculture,strict_hs01_10_12_14_raw_agriculture
HS1992:121490,H0,121490,Other,True,True,strict_hs01_10_12_14_raw_agriculture,strict_hs01_10_12_14_raw_agriculture
HS1992:130212,H0,130212,Vegetable saps and extracts :-- Of liquorice,True,True,strict_hs01_10_12_14_raw_agriculture,strict_hs01_10_12_14_raw_agriculture
HS1992:130219,H0,130219,Vegetable saps and extracts :-- Other,True,True,strict_hs01_10_12_14_raw_agriculture,strict_hs01_10_12_14_raw_agriculture
HS1992:130239,H0,130239,"Mucilages and thickeners, whether or not modified, derived from vegetable products :",True,True,strict_hs01_10_12_14_raw_agriculture,strict_hs01_10_12_14_raw_agriculture
HS1992:150910,H0,150910,Virgin,False,True,not_primary_strict,broad_first_stage_food_inputs_hs11_15_23
HS1992:151000,H0,151000,"Other oils and their fractions, obtained solely from olives, whether or not refined, but not chemically modified, including blends of these oils or fractions with oils or fractions of heading No. 15.09.",False,True,not_primary_strict,broad_first_stage_food_inputs_hs11_15_23
HS1992:160220,H0,160220,Of liver of any animal,False,False,not_primary_strict,not_primary_broad
HS1992:160416,H0,160416,"Fish, whole or in pieces, but not minced :-- Anchovies",False,False,not_primary_strict,not_primary_broad
HS1992:160420,H0,160420,Other prepared or preserved fish,False,False,not_primary_strict,not_primary_broad
HS1992:170111,H0,170111,Raw sugar not containing added flavouring or colouring matter :-- Cane sugar,True,True,strict_raw_sugar_hs170111_170114,strict_raw_sugar_hs170111_170114
HS1992:170112,H0,170112,Raw sugar not containing added flavouring or colouring matter :-- Beet sugar,True,True,strict_raw_sugar_hs170111_170114,strict_raw_sugar_hs170111_170114
HS1992:170199,H0,170199,Other,False,True,not_primary_strict,broad_sugar_hs1701
HS1992:170290,H0,170290,"Other, including invert sugar",False,False,not_primary_strict,not_primary_broad
HS1992:170410,H0,170410,"Chewing gum, whether or not sugar-coated",False,False,not_primary_strict,not_primary_broad
HS1992:170490,H0,170490,Other,False,False,not_primary_strict,not_primary_broad
HS1992:190219,H0,190219,"Uncooked pasta, not stuffed or otherwise prepared :-- Other",False,False,not_primary_strict,not_primary_broad
HS1992:190220,H0,190220,"Stuffed pasta, whether or not cooked or otherwise prepared",False,False,not_primary_strict,not_primary_broad
HS1992:190530,H0,190530,Sweet biscuits; waffles and wafers,False,False,not_primary_strict,not_primary_broad
HS1992:190590,H0,190590,Other,False,False,not_primary_strict,not_primary_broad
HS1992:200190,H0,200190,Other,False,False,not_primary_strict,not_primary_broad
HS1992:200210,H0,200210,"Tomatoes, whole or in pieces",False,False,not_primary_strict,not_primary_broad
HS1992:200290,H0,200290,Other,False,False,not_primary_strict,not_primary_broad
HS1992:200310,H0,200310,Mushrooms,False,False,not_primary_strict,not_primary_broad
HS1992:200410,H0,200410,Potatoes,False,False,not_primary_strict,not_primary_broad
HS1992:200540,H0,200540,Peas (Pisum sativum),False,False,not_primary_strict,not_primary_broad
HS1992:200600,H0,200600,"Vegetables, fruit, nuts, fruit-peel and other parts of plants, preserved by sugar (drained, glacé or crystallised).",False,False,not_primary_strict,not_primary_broad
HS1992:200710,H0,200710,Homogenised preparations,False,False,not_primary_strict,not_primary_broad
HS1992:200799,H0,200799,Other,False,False,not_primary_strict,not_primary_broad
HS1992:200819,H0,200819,"Nuts, ground-nuts and other seeds, whether or not mixed together :-- Other, including mixtures",False,False,not_primary_strict,not_primary_broad
HS1992:200840,H0,200840,Pears,False,False,not_primary_strict,not_primary_broad
HS1992:200860,H0,200860,Cherries,False,False,not_primary_strict,not_primary_broad
HS1992:200870,H0,200870,Peaches,False,False,not_primary_strict,not_primary_broad
HS1992:200880,H0,200880,Strawberries,False,False,not_primary_strict,not_primary_broad
HS1992:200892,H0,200892,"Other, including mixtures other than those of subheading No. 2008.19 :-- Mixtures",False,False,not_primary_strict,not_primary_broad
HS1992:200899,H0,200899,"Other, including mixtures other than those of subheading No. 2008.19 :-- Other",False,False,not_primary_strict,not_primary_broad
HS1992:200911,H0,200911,Orange juice :-- Frozen,False,False,not_primary_strict,not_primary_broad
HS1992:200919,H0,200919,Orange juice :-- Other,False,False,not_primary_strict,not_primary_broad
HS1992:200930,H0,200930,Juice of any other single citrus fruit,False,False,not_primary_strict,not_primary_broad
HS1992:200960,H0,200960,Grape juice (including grape must),False,False,not_primary_strict,not_primary_broad
HS1992:200970,H0,200970,Apple juice,False,False,not_primary_strict,not_primary_broad
HS1992:200980,H0,200980,Juice of any other single fruit or vegetable,False,False,not_primary_strict,not_primary_broad
HS1992:200990,H0,200990,Mixtures of juices,False,False,not_primary_strict,not_primary_broad
HS1992:210310,H0,210310,Soya sauce,False,False,not_primary_strict,not_primary_broad
HS1992:210320,H0,210320,Tomato ketchup and other tomato sauces,False,False,not_primary_strict,not_primary_broad
HS1992:210390,H0,210390,Other,False,False,not_primary_strict,not_primary_broad
HS1992:210610,H0,210610,Protein concentrates and textured protein substances,False,False,not_primary_strict,not_primary_broad
HS1992:210690,H0,210690,Other,False,False,not_primary_strict,not_primary_broad
HS1992:220110,H0,220110,Mineral waters and aerated waters,False,False,not_primary_strict,not_primary_broad
HS1992:220190,H0,220190,Other,False,False,not_primary_strict,not_primary_broad
HS1992:220210,H0,220210,"Waters, including mineral waters and aerated waters, containing added sugar or other sweetening matter or flavoured",False,False,not_primary_strict,not_primary_broad
HS1992:220510,H0,220510,In containers holding 2 l or less,False,False,not_primary_strict,not_primary_broad
HS1992:220810,H0,220810,Compound alcoholic preps for beverage manufacture,False,False,not_primary_strict,not_primary_broad
HS1992:220820,H0,220820,Spirits obtained by distilling grape wine or grape marc,False,False,not_primary_strict,not_primary_broad
HS1992:230230,H0,230230,Of wheat,False,True,not_primary_strict,broad_first_stage_food_inputs_hs11_15_23
HS1992:230990,H0,230990,Other,False,True,not_primary_strict,broad_first_stage_food_inputs_hs11_15_23
HS1992:240110,H0,240110,"Tobacco, not stemmed/stripped",True,True,strict_raw_tobacco_hs240110_240130,strict_raw_tobacco_hs240110_240130
HS1992:240120,H0,240120,"Tobacco, partly or wholly stemmed/stripped",True,True,strict_raw_tobacco_hs240110_240130,strict_raw_tobacco_hs240110_240130
HS1992:240220,H0,240220,Cigarettes containing tobacco,False,False,not_primary_strict,not_primary_broad
HS1992:240310,H0,240310,"Smoking tobacco, whether or not containing tobacco substitutes in any proportion",False,False,not_primary_strict,not_primary_broad
HS1992:250100,H0,250100,"Salt (including table salt and denatured salt) and pure sodium chloride, whether or not in aqueous solution or containing added anti-caking or free-flowing agents; sea water.",True,True,strict_minerals_ores_hs25_26,strict_minerals_ores_hs25_26
HS1992:250510,H0,250510,Silica sands and quartz sands,True,True,strict_minerals_ores_hs25_26,strict_minerals_ores_hs25_26
HS1992:250590,H0,250590,Other,True,True,strict_minerals_ores_hs25_26,strict_minerals_ores_hs25_26
HS1992:250820,H0,250820,Decolourising earths and fuller's earth,True,True,strict_minerals_ores_hs25_26,strict_minerals_ores_hs25_26
HS1992:251311,H0,251311,"Pumice stone :-- Crude or in irregular pieces, including crushed pumice ('bimskies')",True,True,strict_minerals_ores_hs25_26,strict_minerals_ores_hs25_26
HS1992:251319,H0,251319,Pumice stone :-- Other,True,True,strict_minerals_ores_hs25_26,strict_minerals_ores_hs25_26
HS1992:251400,H0,251400,"Slate, whether or not roughly trimmed or merely cut, by sawing or otherwise, into blocks or slabs of a rectangular (including square) shape.",True,True,strict_minerals_ores_hs25_26,strict_minerals_ores_hs25_26
HS1992:251511,H0,251511,Marble and travertine :-- Crude or roughly trimmed,True,True,strict_minerals_ores_hs25_26,strict_minerals_ores_hs25_26
HS1992:251512,H0,251512,"Marble and travertine :-- Merely cut, by sawing or otherwise, into blocks or slabs of a rectangular (including square) shape",True,True,strict_minerals_ores_hs25_26,strict_minerals_ores_hs25_26
HS1992:251520,H0,251520,Ecaussine and other calcareous monumental or building stone; alabaster,True,True,strict_minerals_ores_hs25_26,strict_minerals_ores_hs25_26
HS1992:251611,H0,251611,Granite :-- Crude or roughly trimmed,True,True,strict_minerals_ores_hs25_26,strict_minerals_ores_hs25_26
HS1992:251612,H0,251612,"Granite :-- Merely cut, by sawing or otherwise, into blocks or slabs of a rectangular (including square) shape",True,True,strict_minerals_ores_hs25_26,strict_minerals_ores_hs25_26
HS1992:251621,H0,251621,Sandstone :-- Crude or roughly trimmed,True,True,strict_minerals_ores_hs25_26,strict_minerals_ores_hs25_26
HS1992:251622,H0,251622,"Sandstone :-- Merely cut, by sawing or otherwise, into blocks or slabs of a rectangular (including square) shape",True,True,strict_minerals_ores_hs25_26,strict_minerals_ores_hs25_26
HS1992:251690,H0,251690,Other monumental or building stone,True,True,strict_minerals_ores_hs25_26,strict_minerals_ores_hs25_26
HS1992:251710,H0,251710,"Pebbles, gravel, broken or crushed stone, of a kind commonly used for concrete aggregates, for road metalling or for railway or other ballast, shingle and flint, whether or not heat-treated",True,True,strict_minerals_ores_hs25_26,strict_minerals_ores_hs25_26
HS1992:252020,H0,252020,Plasters,True,True,strict_minerals_ores_hs25_26,strict_minerals_ores_hs25_26
HS1992:252210,H0,252210,Quicklime,True,True,strict_minerals_ores_hs25_26,strict_minerals_ores_hs25_26
HS1992:252220,H0,252220,Slaked lime,True,True,strict_minerals_ores_hs25_26,strict_minerals_ores_hs25_26
HS1992:252310,H0,252310,Cement clinkers,True,True,strict_minerals_ores_hs25_26,strict_minerals_ores_hs25_26
HS1992:252321,H0,252321,"Portland cement :-- White cement, whether or not artificially coloured",True,True,strict_minerals_ores_hs25_26,strict_minerals_ores_hs25_26
HS1992:252329,H0,252329,Portland cement :-- Other,True,True,strict_minerals_ores_hs25_26,strict_minerals_ores_hs25_26
HS1992:252390,H0,252390,Other hydraulic cements,True,True,strict_minerals_ores_hs25_26,strict_minerals_ores_hs25_26
HS1992:260400,H0,260400,Nickel ores and concentrates.,True,True,strict_minerals_ores_hs25_26,strict_minerals_ores_hs25_26
HS1992:260800,H0,260800,Zinc ores and concentrates.,True,True,strict_minerals_ores_hs25_26,strict_minerals_ores_hs25_26
HS1992:261000,H0,261000,Chromium ores and concentrates.,True,True,strict_minerals_ores_hs25_26,strict_minerals_ores_hs25_26
HS1992:261100,H0,261100,Tungsten ores and concentrates.,True,True,strict_minerals_ores_hs25_26,strict_minerals_ores_hs25_26
HS1992:261690,H0,261690,Other,True,True,strict_minerals_ores_hs25_26,strict_minerals_ores_hs25_26
HS1992:261790,H0,261790,Other,True,True,strict_minerals_ores_hs25_26,strict_minerals_ores_hs25_26
HS1992:261800,H0,261800,Granulated slag (slag sand) from the manufacture of iron or steel.,True,True,strict_minerals_ores_hs25_26,strict_minerals_ores_hs25_26
HS1992:262090,H0,262090,Other,True,True,strict_minerals_ores_hs25_26,strict_minerals_ores_hs25_26
HS1992:262100,H0,262100,"Other slag and ash, including seaweed ash (kelp).",True,True,strict_minerals_ores_hs25_26,strict_minerals_ores_hs25_26
HS1992:270111,H0,270111,"Coal, whether or not pulverised, but not agglomerated :-- Anthracite",True,True,strict_raw_fuels_coal_crude_gas,strict_raw_fuels_coal_crude_gas
HS1992:270112,H0,270112,"Coal, whether or not pulverised, but not agglomerated :-- Bituminous coal",True,True,strict_raw_fuels_coal_crude_gas,strict_raw_fuels_coal_crude_gas
HS1992:270119,H0,270119,"Coal, whether or not pulverised, but not agglomerated :-- Other coal",True,True,strict_raw_fuels_coal_crude_gas,strict_raw_fuels_coal_crude_gas
HS1992:270120,H0,270120,"Briquettes, ovoids and similar solid fuels manufactured from coal",True,True,strict_raw_fuels_coal_crude_gas,strict_raw_fuels_coal_crude_gas
HS1992:270400,H0,270400,"Coke and semi-coke of coal, of lignite or of peat, whether or not agglomerated; retort carbon.",False,True,not_primary_strict,broad_all_fuels_refinery_hs27
HS1992:270799,H0,270799,Other,False,True,not_primary_strict,broad_all_fuels_refinery_hs27
HS1992:270820,H0,270820,Pitch coke,False,True,not_primary_strict,broad_all_fuels_refinery_hs27
HS1992:270900,H0,270900,"Petroleum oils and oils obtained from bituminous minerals, crude.",True,True,strict_raw_fuels_coal_crude_gas,strict_raw_fuels_coal_crude_gas
HS1992:271000,H0,271000,"Petroleum oils and oils obtained from bituminous minerals, other than crude; preparations not elsewhere specified or included, containing by weight 70% or more of petroleum oils or of oils obtained from bituminous minerals, these oils",False,True,not_primary_strict,broad_all_fuels_refinery_hs27
HS1992:271011,H0,271011,Aviation spirit **LEGACY NON-WCO CODE**,False,True,not_primary_strict,broad_all_fuels_refinery_hs27
HS1992:271029,H0,271029,"Fuel oils nes, heavy distillates **LEGACY NON-WCO CODE**",False,True,not_primary_strict,broad_all_fuels_refinery_hs27
HS1992:271112,H0,271112,Liquefied :-- Propane,True,True,strict_raw_fuels_coal_crude_gas,strict_raw_fuels_coal_crude_gas
HS1992:271290,H0,271290,Other,False,True,not_primary_strict,broad_all_fuels_refinery_hs27
HS1992:271311,H0,271311,Petroleum coke :-- Not calcined,False,True,not_primary_strict,broad_all_fuels_refinery_hs27
HS1992:271312,H0,271312,Petroleum coke :-- Calcined,False,True,not_primary_strict,broad_all_fuels_refinery_hs27
HS1992:271320,H0,271320,Petroleum bitumen,False,True,not_primary_strict,broad_all_fuels_refinery_hs27
HS1992:271390,H0,271390,Other residues of petroleum oils or of oils obtained from bituminous minerals,False,True,not_primary_strict,broad_all_fuels_refinery_hs27
HS1992:271490,H0,271490,Other,False,True,not_primary_strict,broad_all_fuels_refinery_hs27
HS1992:271500,H0,271500,"Bituminous mixtures based on natural asphalt, on natural bitumen, on petroleum bitumen, on mineral tar or on mineral tar pitch (for example, bituminous mastics, cut-backs).",False,True,not_primary_strict,broad_all_fuels_refinery_hs27
HS1992:280440,H0,280440,Oxygen,False,False,not_primary_strict,not_primary_broad
HS1992:280700,H0,280700,Sulphuric acid; oleum.,False,False,not_primary_strict,not_primary_broad
HS1992:281119,H0,281119,Other inorganic acids :-- Other,False,False,not_primary_strict,not_primary_broad
HS1992:281121,H0,281121,Other inorganic oxygen compounds of non-metals : -- Carbon dioxide,False,False,not_primary_strict,not_primary_broad
HS1992:281123,H0,281123,Other inorganic oxygen compounds of non-metals : -- Sulphur dioxide,False,False,not_primary_strict,not_primary_broad
HS1992:281290,H0,281290,Other,False,False,not_primary_strict,not_primary_broad
HS1992:281310,H0,281310,Carbon disulphide,False,False,not_primary_strict,not_primary_broad
HS1992:281390,H0,281390,Other,False,False,not_primary_strict,not_primary_broad
HS1992:281511,H0,281511,Sodium hydroxide (caustic soda):-- Solid,False,False,not_primary_strict,not_primary_broad
HS1992:281700,H0,281700,Zinc oxide; zinc peroxide,False,False,not_primary_strict,not_primary_broad
HS1992:282720,H0,282720,Calcium chloride,False,False,not_primary_strict,not_primary_broad
HS1992:283311,H0,283311,Sodium sulphates:-- Disodium sulphate,False,False,not_primary_strict,not_primary_broad
HS1992:283429,H0,283429,Nitrates:-- Other,False,False,not_primary_strict,not_primary_broad
HS1992:283693,H0,283693,Bismuth carbonate,False,False,not_primary_strict,not_primary_broad
HS1992:283699,H0,283699,Other:-- Other,False,False,not_primary_strict,not_primary_broad
HS1992:284390,H0,284390,Other compounds; amalgams,False,False,not_primary_strict,not_primary_broad
HS1992:290613,H0,290613,"Cyclanic, cyclenic or cycloterpenic:-- Sterols and inositols",False,False,not_primary_strict,not_primary_broad
HS1992:293290,H0,293290,"Heterocyclic compound,oxygen hetero-atom(s) only,nes",False,False,not_primary_strict,not_primary_broad
HS1992:293627,H0,293627,"Vitamins and their derivatives, unmixed :- Vitamin C and its derivatives",False,False,not_primary_strict,not_primary_broad
HS1992:293721,H0,293721,"Adrenal cortical hormones and their derivatives :-- Cortisone, hydrocortisone, prednisone (dehydrocortisone) and prednisolone (dehydrohydrocortisone)",False,False,not_primary_strict,not_primary_broad
HS1992:300210,H0,300210,"Antisera and other blood fractions and modified immunological products, whether or not obtained by means of biotechnological processes",False,False,not_primary_strict,not_primary_broad
HS1992:300220,H0,300220,Vaccines for human medicine,False,False,not_primary_strict,not_primary_broad
HS1992:300290,H0,300290,Other,False,False,not_primary_strict,not_primary_broad
HS1992:300331,H0,300331,Containing hormones or other products of heading No. 29.37 but not containing antibiotics :-- Containing insulin,False,False,not_primary_strict,not_primary_broad
HS1992:300339,H0,300339,Containing hormones or other products of heading No. 29.37 but not containing antibiotics :-- Other,False,False,not_primary_strict,not_primary_broad
HS1992:300390,H0,300390,Other,False,False,not_primary_strict,not_primary_broad
HS1992:300410,H0,300410,"Containing penicillins or derivatives thereof, with a penicillanic acid structure, or streptomycins or their derivatives",False,False,not_primary_strict,not_primary_broad
HS1992:300420,H0,300420,Containing other antibiotics,False,False,not_primary_strict,not_primary_broad
HS1992:300440,H0,300440,"Containing alkaloids or derivatives thereof but not containing hormones, other products of heading No. 29.37 or antibiotics",False,False,not_primary_strict,not_primary_broad
HS1992:300490,H0,300490,Other,False,False,not_primary_strict,not_primary_broad
HS1992:300590,H0,300590,Other,False,False,not_primary_strict,not_primary_broad
HS1992:320417,H0,320417,Synthetic organic colouring matter and preparations based thereon as specified in Note 3 to this Chapter :-- Pigments and preparations based thereon,False,False,not_primary_strict,not_primary_broad
HS1992:320490,H0,320490,Other,False,False,not_primary_strict,not_primary_broad
HS1992:320730,H0,320730,Liquid lustres and similar preparations,False,False,not_primary_strict,not_primary_broad
HS1992:320810,H0,320810,Based on polyesters,False,False,not_primary_strict,not_primary_broad
HS1992:320990,H0,320990,Other,False,False,not_primary_strict,not_primary_broad
HS1992:321000,H0,321000,"Other paints and varnishes (including enamels, lacquers and distempers); prepared water pigments of a kind used for finishing leather.",False,False,not_primary_strict,not_primary_broad
HS1992:321290,H0,321290,Other,False,False,not_primary_strict,not_primary_broad
HS1992:321410,H0,321410,"Glaziers' putty, grafting putty, resin cements, caulking compounds and other mastics; painters' fillings",False,False,not_primary_strict,not_primary_broad
HS1992:321490,H0,321490,Other,False,False,not_primary_strict,not_primary_broad
HS1992:330125,H0,330125,Essential oils other than those of citrus fruit :-- Of other mints,False,False,not_primary_strict,not_primary_broad
HS1992:330190,H0,330190,Other,False,False,not_primary_strict,not_primary_broad
HS1992:330210,H0,330210,Of a kind used in the food or drink industries,False,False,not_primary_strict,not_primary_broad
HS1992:330510,H0,330510,Shampoos,False,False,not_primary_strict,not_primary_broad
HS1992:330520,H0,330520,Preparations for permanent waving or straightening,False,False,not_primary_strict,not_primary_broad
HS1992:330590,H0,330590,Other,False,False,not_primary_strict,not_primary_broad
HS1992:330710,H0,330710,"Pre-shave, shaving or after-shave preparations",False,False,not_primary_strict,not_primary_broad
HS1992:340120,H0,340120,Soap in other forms,False,False,not_primary_strict,not_primary_broad
HS1992:340211,H0,340211,"Organic surface-active agents, whether or not put up for retail sale :-- Anionic",False,False,not_primary_strict,not_primary_broad
HS1992:340219,H0,340219,"Organic surface-active agents, whether or not put up for retail sale :-- Other",False,False,not_primary_strict,not_primary_broad
HS1992:340220,H0,340220,Preparations put up for retail sale,False,False,not_primary_strict,not_primary_broad
HS1992:340290,H0,340290,Other,False,False,not_primary_strict,not_primary_broad
HS1992:340510,H0,340510,"Polishes, creams and similar preparations for footwear or leather",False,False,not_primary_strict,not_primary_broad
HS1992:350699,H0,350699,Other,False,False,not_primary_strict,not_primary_broad
HS1992:360100,H0,360100,Propellent powders.,False,False,not_primary_strict,not_primary_broad
HS1992:360200,H0,360200,"Prepared explosives, other than propellent powders.",False,False,not_primary_strict,not_primary_broad
HS1992:370390,H0,370390,Other,False,False,not_primary_strict,not_primary_broad
HS1992:370610,H0,370610,Of a width of 35 mm or more,False,False,not_primary_strict,not_primary_broad
HS1992:370710,H0,370710,Sensitising emulsions,False,False,not_primary_strict,not_primary_broad
HS1992:380300,H0,380300,"Tall oil, whether or not refined.",False,False,not_primary_strict,not_primary_broad
HS1992:380590,H0,380590,Other,False,False,not_primary_strict,not_primary_broad
HS1992:380890,H0,380890,Other,False,False,not_primary_strict,not_primary_broad
HS1992:390190,H0,390190,Other,False,False,not_primary_strict,not_primary_broad
HS1992:390210,H0,390210,Polypropylene,False,False,not_primary_strict,not_primary_broad
HS1992:390311,H0,390311,Polystyrene :-- Expansible,False,False,not_primary_strict,not_primary_broad
HS1992:390319,H0,390319,Polystyrene :-- Other,False,False,not_primary_strict,not_primary_broad
HS1992:390450,H0,390450,Vinylidene chloride polymers,False,False,not_primary_strict,not_primary_broad
HS1992:390590,H0,390590,"Vinyl polymers, halogenated olefins, primary form, ne",False,False,not_primary_strict,not_primary_broad
HS1992:390690,H0,390690,Other,False,False,not_primary_strict,not_primary_broad
HS1992:390740,H0,390740,Polycarbonates,False,False,not_primary_strict,not_primary_broad
HS1992:390760,H0,390760,Polyethylene terephthalate,False,False,not_primary_strict,not_primary_broad
HS1992:390950,H0,390950,Polyurethanes,False,False,not_primary_strict,not_primary_broad
HS1992:391190,H0,391190,Other,False,False,not_primary_strict,not_primary_broad
HS1992:391530,H0,391530,Of polymers of vinyl chloride,False,False,not_primary_strict,not_primary_broad
HS1992:391590,H0,391590,Of other plastics,False,False,not_primary_strict,not_primary_broad
HS1992:391721,H0,391721,"Tubes, pipes and hoses, rigid :-- Of polymers of ethylene",False,False,not_primary_strict,not_primary_broad
HS1992:391729,H0,391729,"Tubes, pipes and hoses, rigid :-- Of other plastics",False,False,not_primary_strict,not_primary_broad
HS1992:391731,H0,391731,"Tubes, pipes and hoses, rigid :-- Flexible tubes, pipes and hoses, having a minimum burst pressure of 27.6 MPa",False,False,not_primary_strict,not_primary_broad
HS1992:391740,H0,391740,Fittings,False,False,not_primary_strict,not_primary_broad
HS1992:391910,H0,391910,In rolls of a width not exceeding 20 cm,False,False,not_primary_strict,not_primary_broad
HS1992:392010,H0,392010,Of polymers of ethylene,False,False,not_primary_strict,not_primary_broad
HS1992:392020,H0,392020,Of polymers of propylene,False,False,not_primary_strict,not_primary_broad
HS1992:392061,H0,392061,"Of polycarbonates, alkyd resins, polyallyl esters or other polyesters :-- Of polycarbonates",False,False,not_primary_strict,not_primary_broad
HS1992:392113,H0,392113,Cellular :-- Of polyurethanes,False,False,not_primary_strict,not_primary_broad
HS1992:392190,H0,392190,Other,False,False,not_primary_strict,not_primary_broad
HS1992:392310,H0,392310,"Boxes, cases, crates and similar articles",False,False,not_primary_strict,not_primary_broad
HS1992:392329,H0,392329,Sacks and bags (including cones) :-- Of other plastics,False,False,not_primary_strict,not_primary_broad
HS1992:392330,H0,392330,"Carboys, bottles, flasks and similar articles",False,False,not_primary_strict,not_primary_broad
HS1992:392350,H0,392350,"Stoppers, lids, caps and other closures",False,False,not_primary_strict,not_primary_broad
HS1992:392390,H0,392390,Other,False,False,not_primary_strict,not_primary_broad
HS1992:392410,H0,392410,Tableware and kitchenware,False,False,not_primary_strict,not_primary_broad
HS1992:392490,H0,392490,Other,False,False,not_primary_strict,not_primary_broad
HS1992:392510,H0,392510,"Reservoirs, tanks, vats and similar containers, of a capacity exceeding 300 l",False,False,not_primary_strict,not_primary_broad
HS1992:392590,H0,392590,Other,False,False,not_primary_strict,not_primary_broad
HS1992:392610,H0,392610,Office or school supplies,False,False,not_primary_strict,not_primary_broad
HS1992:392620,H0,392620,Articles of apparel and clothing accessories (including gloves),False,False,not_primary_strict,not_primary_broad
HS1992:392630,H0,392630,"Fittings for furniture, coachwork of the like",False,False,not_primary_strict,not_primary_broad
HS1992:392640,H0,392640,Statuettes and other ornamental articles,False,False,not_primary_strict,not_primary_broad
HS1992:392690,H0,392690,Other,False,False,not_primary_strict,not_primary_broad
HS1992:400239,H0,400239,Isobutene-isoprene (butyl) rubber (IIR); halo-isobutene-isoprene rubber (CIIR or BIIR) :-- Other,False,False,not_primary_strict,not_primary_broad
HS1992:400599,H0,400599,Other,False,False,not_primary_strict,not_primary_broad
HS1992:401110,H0,401110,Of a kind used on motor cars (including station wagons and racing cars),False,False,not_primary_strict,not_primary_broad
HS1992:401120,H0,401120,Of a kind used on buses or lorries,False,False,not_primary_strict,not_primary_broad
HS1992:401410,H0,401410,Sheath contraceptives,False,False,not_primary_strict,not_primary_broad
HS1992:401490,H0,401490,Other,False,False,not_primary_strict,not_primary_broad
HS1992:401590,H0,401590,Other,False,False,not_primary_strict,not_primary_broad
HS1992:401610,H0,401610,Of cellular rubber,False,False,not_primary_strict,not_primary_broad
HS1992:401695,H0,401695,Other inflatable articles,False,False,not_primary_strict,not_primary_broad
HS1992:410110,H0,410110,"Whole hides and skins of bovine animals, of a weight per skin not exceeding 8 kg when simply dried, 10 kg when dry-salted, or 14 kg when fresh, wet-salted or otherwise preserved",True,True,strict_raw_hides_skins_furs,strict_raw_hides_skins_furs
HS1992:410129,H0,410129,"Other hides and skins of bovine animals, fresh or wet-salted :-- Other",True,True,strict_raw_hides_skins_furs,strict_raw_hides_skins_furs
HS1992:410210,H0,410210,With wool on,True,True,strict_raw_hides_skins_furs,strict_raw_hides_skins_furs
HS1992:410310,H0,410310,Of goats or kids,True,True,strict_raw_hides_skins_furs,strict_raw_hides_skins_furs
HS1992:410390,H0,410390,Other,True,True,strict_raw_hides_skins_furs,strict_raw_hides_skins_furs
HS1992:410410,H0,410410,"Whole bovine skin leather, of a unit surface area not exceeding 28 square feet (2.6 m2)",False,False,not_primary_strict,not_primary_broad
HS1992:410421,H0,410421,"Other bovine leather and equine leather, tanned or retanned but not further prepared, whether or not split :-- Bovine leather, vegetable pre-tanned",False,False,not_primary_strict,not_primary_broad
HS1992:410422,H0,410422,"Other bovine leather and equine leather, tanned or retanned but not further prepared, whether or not split :-- Bovine leather, otherwise pre-tanned",False,False,not_primary_strict,not_primary_broad
HS1992:410429,H0,410429,"Other bovine leather and equine leather, tanned or retanned but not further prepared, whether or not split :-- Other",False,False,not_primary_strict,not_primary_broad
HS1992:410431,H0,410431,"Other bovine leather and equine leather, parchment-dressed or prepared after tanning :-- Full grains and full grain splits",False,False,not_primary_strict,not_primary_broad
HS1992:410439,H0,410439,"Other bovine leather and equine leather, parchment-dressed or prepared after tanning :-- Other",False,False,not_primary_strict,not_primary_broad
HS1992:410511,H0,410511,"Tanned or retanned but not further prepared, whether or not split :-- Vegetable pre-tanned",False,False,not_primary_strict,not_primary_broad
HS1992:410512,H0,410512,"Tanned or retanned but not further prepared, whether or not split :-- Otherwise pre-tanned",False,False,not_primary_strict,not_primary_broad
HS1992:410519,H0,410519,"Tanned or retanned but not further prepared, whether or not split :-- Other",False,False,not_primary_strict,not_primary_broad
HS1992:410611,H0,410611,"Tanned or retanned but not further prepared, whether or not split :-- Vegetable pre-tanned",False,False,not_primary_strict,not_primary_broad
HS1992:410619,H0,410619,"Tanned or retanned but not further prepared, whether or not split :-- Other",False,False,not_primary_strict,not_primary_broad
HS1992:420211,H0,420211,"Trunks, suit-cases, vanity-cases, executive-cases, brief-cases, school satchels and similar containers :--With outer surface of leather, of composition leather or of patent leather",False,False,not_primary_strict,not_primary_broad
HS1992:420212,H0,420212,"Trunks, suit-cases, vanity-cases, executive-cases, brief-cases, school satchels and similar containers :      With outer surface of pastics or of textile materials",False,False,not_primary_strict,not_primary_broad
HS1992:420219,H0,420219,"Trunks, suit-cases, vanity-cases, executive-cases, brief-cases, school satchels and similar containers :-- Other",False,False,not_primary_strict,not_primary_broad
HS1992:420222,H0,420222,"Handbags, whether or not with shoulder strap, including those without handle :-- With outer surface of plastic sheeting or of textile materials",False,False,not_primary_strict,not_primary_broad
HS1992:420229,H0,420229,"Handbags, whether or not with shoulder strap, including those without handle :-- Other",False,False,not_primary_strict,not_primary_broad
HS1992:420232,H0,420232,Articles of a kind normally carried in the pocket or in the handbag :-- With outer surface of plastic sheeting or of textile materials,False,False,not_primary_strict,not_primary_broad
HS1992:420239,H0,420239,Articles of a kind normally carried in the pocket or in the handbag :-- Other,False,False,not_primary_strict,not_primary_broad
HS1992:420291,H0,420291,"Other :-- With outer surface of leather, of composition leather or of patent leather",False,False,not_primary_strict,not_primary_broad
HS1992:420292,H0,420292,Other :-- With outer surface of plastic sheeting or of textile materials,False,False,not_primary_strict,not_primary_broad
HS1992:420299,H0,420299,Other,False,False,not_primary_strict,not_primary_broad
HS1992:430110,H0,430110,"Of mink, whole, with or without head, tail or paws",True,True,strict_raw_hides_skins_furs,strict_raw_hides_skins_furs
HS1992:430211,H0,430211,"Whole skins, with or without head, tail or paws, not assembled :-- Of mink",False,False,not_primary_strict,not_primary_broad
HS1992:430230,H0,430230,"Whole skins and pieces or cuttings thereof, assembled",False,False,not_primary_strict,not_primary_broad
HS1992:430310,H0,430310,Articles of apparel and clothing accessories,False,False,not_primary_strict,not_primary_broad
HS1992:430390,H0,430390,Other,False,False,not_primary_strict,not_primary_broad
HS1992:440110,H0,440110,"Fuel wood, in logs, in billets, in twigs, in faggots or in similar forms",True,True,strict_raw_forestry_cork,strict_raw_forestry_cork
HS1992:440121,H0,440121,Wood in chips or particles :-- Coniferous,True,True,strict_raw_forestry_cork,strict_raw_forestry_cork
HS1992:440122,H0,440122,Wood in chips or particles :-- Non-coniferous,True,True,strict_raw_forestry_cork,strict_raw_forestry_cork
HS1992:440130,H0,440130,"Sawdust and wood waste and scrap, whether or not agglomerated in logs, briquettes, pellets or similar forms",True,True,strict_raw_forestry_cork,strict_raw_forestry_cork
HS1992:440200,H0,440200,"Wood charcoal (including shell or nut charcoal), whether or not agglomerated.",False,True,not_primary_strict,broad_processed_wood_pulp_waste
HS1992:440310,H0,440310,"Treated with paint, stains, creosote or other preservatives",True,True,strict_raw_forestry_cork,strict_raw_forestry_cork
HS1992:440320,H0,440320,"Other, coniferous",True,True,strict_raw_forestry_cork,strict_raw_forestry_cork
HS1992:440392,H0,440392,Other :-- Of beech (Fagus spp.),True,True,strict_raw_forestry_cork,strict_raw_forestry_cork
HS1992:440399,H0,440399,Other,True,True,strict_raw_forestry_cork,strict_raw_forestry_cork
HS1992:440410,H0,440410,Coniferous,True,True,strict_raw_forestry_cork,strict_raw_forestry_cork
HS1992:440420,H0,440420,Non-coniferous,True,True,strict_raw_forestry_cork,strict_raw_forestry_cork
HS1992:440690,H0,440690,Other,False,True,not_primary_strict,broad_processed_wood_pulp_waste
HS1992:440710,H0,440710,Coniferous,False,True,not_primary_strict,broad_processed_wood_pulp_waste
HS1992:440721,H0,440721,"Lumber, Meranti red, Meranti Bakau, White Lauan etc",False,True,not_primary_strict,broad_processed_wood_pulp_waste
HS1992:440722,H0,440722,"Lumber, Okoume, Obeche, Sapelli/Sipo/Acajou/Makore/et",False,True,not_primary_strict,broad_processed_wood_pulp_waste
HS1992:440723,H0,440723,"Lumber, Baboen, Mahogany, Imbuia, Balsa",False,True,not_primary_strict,broad_processed_wood_pulp_waste
HS1992:440791,H0,440791,Other :-- Of oak (Quercus spp.),False,True,not_primary_strict,broad_processed_wood_pulp_waste
HS1992:440792,H0,440792,Other :-- Of beech (Fagus spp.),False,True,not_primary_strict,broad_processed_wood_pulp_waste
HS1992:440799,H0,440799,Other,False,True,not_primary_strict,broad_processed_wood_pulp_waste
HS1992:440810,H0,440810,Coniferous,False,True,not_primary_strict,broad_processed_wood_pulp_waste
HS1992:440820,H0,440820,"Veneer or ply sheet, tropical woods, <6 mm thick",False,True,not_primary_strict,broad_processed_wood_pulp_waste
HS1992:440890,H0,440890,Other,False,True,not_primary_strict,broad_processed_wood_pulp_waste
HS1992:440910,H0,440910,Coniferous,False,True,not_primary_strict,broad_processed_wood_pulp_waste
HS1992:440920,H0,440920,Non-coniferous,False,True,not_primary_strict,broad_processed_wood_pulp_waste
HS1992:441010,H0,441010,Particle board of wood,False,False,not_primary_strict,not_primary_broad
HS1992:441111,H0,441111,Fibreboard of a density exceeding 0.8 g/cm3 :-- Not mechanically worked or surface covered,False,False,not_primary_strict,not_primary_broad
HS1992:441119,H0,441119,Fibreboard of a density exceeding 0.8 g/cm3 :-- Other,False,False,not_primary_strict,not_primary_broad
HS1992:441199,H0,441199,Other,False,False,not_primary_strict,not_primary_broad
HS1992:441299,H0,441299,Other,False,False,not_primary_strict,not_primary_broad
HS1992:441300,H0,441300,"Densified wood, in blocks, plates, strips or profile shapes.",False,False,not_primary_strict,not_primary_broad
HS1992:441400,H0,441400,"Wooden frames for paintings, photographs, mirrors or similar objects.",False,False,not_primary_strict,not_primary_broad
HS1992:441510,H0,441510,"Cases, boxes, crates, drums and similar packings; cable-drums",False,False,not_primary_strict,not_primary_broad
HS1992:441520,H0,441520,"Pallets, box pallets and other load boards; pallet collars",False,False,not_primary_strict,not_primary_broad
HS1992:441600,H0,441600,"Casks, barrels, vats, tubs and other coopers' products and parts thereof, of wood, including staves.",False,False,not_primary_strict,not_primary_broad
HS1992:441700,H0,441700,"Tools, tool bodies, tool handles, broom or brush bodies and handles, of wood; boot or shoe lasts and trees, of wood.",False,False,not_primary_strict,not_primary_broad
HS1992:441810,H0,441810,"Windows, French-windows and their frames",False,False,not_primary_strict,not_primary_broad
HS1992:441820,H0,441820,Doors and their frames and thresholds,False,False,not_primary_strict,not_primary_broad
HS1992:441830,H0,441830,Parquet panels,False,False,not_primary_strict,not_primary_broad
HS1992:441890,H0,441890,Other,False,False,not_primary_strict,not_primary_broad
HS1992:441900,H0,441900,"Tableware and kitchenware, of wood",False,False,not_primary_strict,not_primary_broad
HS1992:442010,H0,442010,"Statuettes and other ornaments, of wood",False,False,not_primary_strict,not_primary_broad
HS1992:442090,H0,442090,Other,False,False,not_primary_strict,not_primary_broad
HS1992:442190,H0,442190,Other,False,False,not_primary_strict,not_primary_broad
HS1992:460199,H0,460199,Other,False,False,not_primary_strict,not_primary_broad
HS1992:460210,H0,460210,Of vegetable materials,False,False,not_primary_strict,not_primary_broad
HS1992:470100,H0,470100,Mechanical wood pulp.,False,True,not_primary_strict,broad_processed_wood_pulp_waste
HS1992:480100,H0,480100,"Newsprint, in rolls or sheets.",False,False,not_primary_strict,not_primary_broad
HS1992:480252,H0,480252,"Other paper and paperboard, not containing fibres obtained by a mechanical process or of which not more than 10 % by weight of the total fibre content consists of such fibres :-- Weighing 40 g/m2 or more but not more",False,False,not_primary_strict,not_primary_broad
HS1992:480300,H0,480300,"Toilet or facial tissue stock, towel or napkin stock and similar paper of a kind used for household or saniary purposes, cellulose wadding and webs of cellulose fibres, whether or not creped, crinkled, embossed, perforated, surface-co",False,False,not_primary_strict,not_primary_broad
HS1992:480419,H0,480419,Kraftliner :-- Other,False,False,not_primary_strict,not_primary_broad
HS1992:480791,H0,480791,"Straw paper, board, whether or not paper covered",False,False,not_primary_strict,not_primary_broad
HS1992:480799,H0,480799,"Paper, composite, nes, not coated or impregnated",False,False,not_primary_strict,not_primary_broad
HS1992:480990,H0,480990,Other,False,False,not_primary_strict,not_primary_broad
HS1992:481129,H0,481129,Gummed or adhesive paper and paperboard :-- Other,False,False,not_primary_strict,not_primary_broad
HS1992:481310,H0,481310,In the form of booklets or tubes,False,False,not_primary_strict,not_primary_broad
HS1992:481810,H0,481810,Toilet paper,False,False,not_primary_strict,not_primary_broad
HS1992:481820,H0,481820,"Handkerchiefs, cleansing or facial tissues and towels",False,False,not_primary_strict,not_primary_broad
HS1992:481840,H0,481840,"Sanitary towels and tampons, napkins and napkin liners for babies and similar sanitary articles",False,False,not_primary_strict,not_primary_broad
HS1992:481910,H0,481910,"Cartons, boxes and cases, of corrugated paper or paperboard",False,False,not_primary_strict,not_primary_broad
HS1992:481920,H0,481920,"Folding cartons, boxes and cases, of non-corrugated paper or paperboard",False,False,not_primary_strict,not_primary_broad
HS1992:481930,H0,481930,"Sacks and bags, having a base of a width of 40 cm or more",False,False,not_primary_strict,not_primary_broad
HS1992:481940,H0,481940,"Other sacks and bags, including cones",False,False,not_primary_strict,not_primary_broad
HS1992:482010,H0,482010,"Registers, account books, note books, order books, receipt books, letter pads, memorandum pads, diaries and similar articles",False,False,not_primary_strict,not_primary_broad
HS1992:482020,H0,482020,Exercise books,False,False,not_primary_strict,not_primary_broad
HS1992:482090,H0,482090,Other,False,False,not_primary_strict,not_primary_broad
HS1992:482311,H0,482311,"Gummed or adhesive paper, in strips or rolls :-- Self-adhesive",False,False,not_primary_strict,not_primary_broad
HS1992:482360,H0,482360,"Trays, dishes, plates, cups and the like, of paper or paperboard",False,False,not_primary_strict,not_primary_broad
HS1992:482370,H0,482370,Moulded or pressed articles of paper pulp,False,False,not_primary_strict,not_primary_broad
HS1992:482390,H0,482390,Other,False,False,not_primary_strict,not_primary_broad
HS1992:490110,H0,490110,"In single sheets, whether or not folded",False,False,not_primary_strict,not_primary_broad
HS1992:490199,H0,490199,Other,False,False,not_primary_strict,not_primary_broad
HS1992:490210,H0,490210,Appearing at least four times a week,False,False,not_primary_strict,not_primary_broad
HS1992:490290,H0,490290,Other,False,False,not_primary_strict,not_primary_broad
HS1992:490700,H0,490700,"Unused postage, revenue or similar stamps of current or new issue in the country to which they are destined; stamp-impressed paper; banknotes; cheque forms; stock, share or bond certificates and similar documents of ti",False,False,not_primary_strict,not_primary_broad
HS1992:491110,H0,491110,"Trade advertising material, commercial catalogues and the like",False,False,not_primary_strict,not_primary_broad
HS1992:491191,H0,491191,"Other :-- Pictures, designs and photographs",False,False,not_primary_strict,not_primary_broad
HS1992:491199,H0,491199,Other,False,False,not_primary_strict,not_primary_broad
HS1992:500400,H0,500400,Silk yarn (other than yarn spun from silk waste) not put up for retail sale.,False,False,not_primary_strict,not_primary_broad
HS1992:510119,H0,510119,"Greasy, including fleece-washed wool :-- Other",True,True,strict_raw_textile_fibers,strict_raw_textile_fibers
HS1992:510129,H0,510129,"Degreased, not carbonised :-- Other",True,True,strict_raw_textile_fibers,strict_raw_textile_fibers
HS1992:510529,H0,510529,Wool tops and other combed wool :-- Other,True,True,strict_raw_textile_fibers,strict_raw_textile_fibers
HS1992:520419,H0,520419,Not put up for retail sale :-- Other,False,False,not_primary_strict,not_primary_broad
HS1992:520512,H0,520512,"Single yarn, of uncombed fibres :-- Measuring less than 714.29 decitex but not less than 232.56 decitex (exceeding 14 metric number but not exceeding 43 metric number)",False,False,not_primary_strict,not_primary_broad
HS1992:520839,H0,520839,Dyed :-- Other fabrics,False,False,not_primary_strict,not_primary_broad
HS1992:520942,H0,520942,Of yarns of different colours :-- Denim,False,False,not_primary_strict,not_primary_broad
HS1992:520943,H0,520943,"Of yarns of different colours :-- Other fabrics of 3-thread or 4-thread twill, including cross twill",False,False,not_primary_strict,not_primary_broad
HS1992:540620,H0,540620,Artificial filament yarn,False,False,not_primary_strict,not_primary_broad
HS1992:540710,H0,540710,Woven fabrics obtained from high tenacity yarn of nylon or other polyamides or of polyesters,False,False,not_primary_strict,not_primary_broad
HS1992:540720,H0,540720,Woven fabrics obtained from strip or the like,False,False,not_primary_strict,not_primary_broad
HS1992:540773,H0,540773,"Other woven fabrics, containing 85 % or more by weight of synthetic filaments :-- Of yarns of different colours",False,False,not_primary_strict,not_primary_broad
HS1992:540774,H0,540774,"Other woven fabrics, containing 85 % or more by weight of synthetic filaments :-- Printed",False,False,not_primary_strict,not_primary_broad
HS1992:551341,H0,551341,"Printed :-- Of polyester staple fibres, plain weave",False,False,not_primary_strict,not_primary_broad
HS1992:551449,H0,551449,Printed :-- Other woven fabrics,False,False,not_primary_strict,not_primary_broad
HS1992:560110,H0,560110,"Sanitary towels and tampons, napkins and napkin liners for babies and similar sanitary articles, of wadding",False,False,not_primary_strict,not_primary_broad
HS1992:560410,H0,560410,"Rubber thread and cord, textile covered",False,False,not_primary_strict,not_primary_broad
HS1992:560749,H0,560749,Of polyethylene or polypropylene :-- Other,False,False,not_primary_strict,not_primary_broad
HS1992:560890,H0,560890,Other,False,False,not_primary_strict,not_primary_broad
HS1992:570259,H0,570259,"Other, not of pile construction, not made up :-- Of other textile materials",False,False,not_primary_strict,not_primary_broad
HS1992:570500,H0,570500,"Other carpets and other textile floor coverings, whether or not made up.",False,False,not_primary_strict,not_primary_broad
HS1992:580132,H0,580132,Of man-made fibres :-- Cut corduroy,False,False,not_primary_strict,not_primary_broad
HS1992:580190,H0,580190,Of other textile materials,False,False,not_primary_strict,not_primary_broad
HS1992:580410,H0,580410,Tulles and other net fabrics,False,False,not_primary_strict,not_primary_broad
HS1992:580620,H0,580620,"Other woven fabrics, containing by weight 5 % or more of elastomeric yarn or rubber thread",False,False,not_primary_strict,not_primary_broad
HS1992:580639,H0,580639,Other woven fabrics :-- Of other textile materials,False,False,not_primary_strict,not_primary_broad
HS1992:580710,H0,580710,Woven,False,False,not_primary_strict,not_primary_broad
HS1992:580890,H0,580890,Other,False,False,not_primary_strict,not_primary_broad
HS1992:581010,H0,581010,Embroidery without visible ground,False,False,not_primary_strict,not_primary_broad
HS1992:581091,H0,581091,Other embroidery :-- Of cotton,False,False,not_primary_strict,not_primary_broad
HS1992:581099,H0,581099,Other embroidery :-- Of other textile materials,False,False,not_primary_strict,not_primary_broad
HS1992:590310,H0,590310,With polyvinyl chloride,False,False,not_primary_strict,not_primary_broad
HS1992:590390,H0,590390,Other,False,False,not_primary_strict,not_primary_broad
HS1992:590800,H0,590800,"Textile wicks, woven, plaited or knitted, for lamps, stoves, lighters, candles or the like; incandescent gas mantles and tubular knitted gas mantle fabric therefor, whether or not impregnated.",False,False,not_primary_strict,not_primary_broad
HS1992:600230,H0,600230,"Of a width exceeding 30 cm, containing by weight 5 % or more of elastomeric yarn or rubber thread",False,False,not_primary_strict,not_primary_broad
HS1992:600292,H0,600292,Other :-- Of cotton,False,False,not_primary_strict,not_primary_broad
HS1992:610110,H0,610110,Of wool or fine animal hair,False,False,not_primary_strict,not_primary_broad
HS1992:610190,H0,610190,Of other textile materials,False,False,not_primary_strict,not_primary_broad
HS1992:610210,H0,610210,Of wool or fine animal hair,False,False,not_primary_strict,not_primary_broad
HS1992:610220,H0,610220,Of cotton,False,False,not_primary_strict,not_primary_broad
HS1992:610230,H0,610230,Of man-made fibres,False,False,not_primary_strict,not_primary_broad
HS1992:610290,H0,610290,Of other textile materials,False,False,not_primary_strict,not_primary_broad
HS1992:610312,H0,610312,Suits :-- Of synthetic fibres,False,False,not_primary_strict,not_primary_broad
HS1992:610321,H0,610321,Suits :-- Of wool or fine animal hair,False,False,not_primary_strict,not_primary_broad
HS1992:610329,H0,610329,Suits :-- Of other textile materials,False,False,not_primary_strict,not_primary_broad
HS1992:610332,H0,610332,Jackets and blazers :-- Of cotton,False,False,not_primary_strict,not_primary_broad
HS1992:610333,H0,610333,Jackets and blazers :-- Of synthetic fibres,False,False,not_primary_strict,not_primary_broad
HS1992:610339,H0,610339,Jackets and blazers :-- Of other textile materials,False,False,not_primary_strict,not_primary_broad
HS1992:610341,H0,610341,"Trousers, bib and brace overalls, breeches and shorts :-- Of wool or fine animal hair",False,False,not_primary_strict,not_primary_broad
HS1992:610342,H0,610342,"Trousers, bib and brace overalls, breeches and shorts :-- Of cotton",False,False,not_primary_strict,not_primary_broad
HS1992:610343,H0,610343,"Trousers, bib and brace overalls, breeches and shorts :-- Of synthetic fibres",False,False,not_primary_strict,not_primary_broad
HS1992:610349,H0,610349,"Trousers, bib and brace overalls, breeches and shorts :-- Of other textile materials",False,False,not_primary_strict,not_primary_broad
HS1992:610412,H0,610412,Suits :-- Of cotton,False,False,not_primary_strict,not_primary_broad
HS1992:610419,H0,610419,Suits :-- Of other textile materials,False,False,not_primary_strict,not_primary_broad
HS1992:610421,H0,610421,Ensembles :-- Of wool or fine animal hair,False,False,not_primary_strict,not_primary_broad
HS1992:610429,H0,610429,Ensembles :-- Of other textile materials,False,False,not_primary_strict,not_primary_broad
HS1992:610433,H0,610433,Jackets and blazers :-- Of synthetic fibres,False,False,not_primary_strict,not_primary_broad
HS1992:610443,H0,610443,Dresses :-- Of synthetic fibres,False,False,not_primary_strict,not_primary_broad
HS1992:610451,H0,610451,Skirts and divided skirts :-- Of wool or fine animal hair,False,False,not_primary_strict,not_primary_broad
HS1992:610453,H0,610453,Skirts and divided skirts :-- Of synthetic fibres,False,False,not_primary_strict,not_primary_broad
HS1992:610459,H0,610459,Skirts and divided skirts :-- Of other textile materials,False,False,not_primary_strict,not_primary_broad
HS1992:610461,H0,610461,"Trousers, bib and brace overalls, breeches and shorts :-- Of wool or fine animal hair",False,False,not_primary_strict,not_primary_broad
HS1992:610462,H0,610462,"Trousers, bib and brace overalls, breeches and shorts :-- Of cotton",False,False,not_primary_strict,not_primary_broad
HS1992:610463,H0,610463,"Trousers, bib and brace overalls, breeches and shorts :-- Of synthetic fibres",False,False,not_primary_strict,not_primary_broad
HS1992:610469,H0,610469,"Trousers, bib and brace overalls, breeches and shorts :-- Of other textile materials",False,False,not_primary_strict,not_primary_broad
HS1992:610510,H0,610510,Of cotton,False,False,not_primary_strict,not_primary_broad
HS1992:610520,H0,610520,Of man-made fibres,False,False,not_primary_strict,not_primary_broad
HS1992:610590,H0,610590,Of other textile materials,False,False,not_primary_strict,not_primary_broad
HS1992:610610,H0,610610,Of cotton,False,False,not_primary_strict,not_primary_broad
HS1992:610620,H0,610620,Of man-made fibres,False,False,not_primary_strict,not_primary_broad
HS1992:610690,H0,610690,Of other textile materials,False,False,not_primary_strict,not_primary_broad
HS1992:610711,H0,610711,Underpants and briefs :-- Of cotton,False,False,not_primary_strict,not_primary_broad
HS1992:610712,H0,610712,Underpants and briefs :-- Of man-made fibres,False,False,not_primary_strict,not_primary_broad
HS1992:610719,H0,610719,Underpants and briefs :-- Of other textile materials,False,False,not_primary_strict,not_primary_broad
HS1992:610721,H0,610721,Nightshirts and pyjamas :-- Of cotton,False,False,not_primary_strict,not_primary_broad
HS1992:610722,H0,610722,Nightshirts and pyjamas :-- Of man-made fibres,False,False,not_primary_strict,not_primary_broad
HS1992:610729,H0,610729,Nightshirts and pyjamas :-- Of other textile materials,False,False,not_primary_strict,not_primary_broad
HS1992:610791,H0,610791,Other :-- Of cotton,False,False,not_primary_strict,not_primary_broad
HS1992:610811,H0,610811,Slips and petticoats :-- Of man-made fibres,False,False,not_primary_strict,not_primary_broad
HS1992:610819,H0,610819,Slips and petticoats :-- Of other textile materials,False,False,not_primary_strict,not_primary_broad
HS1992:610821,H0,610821,Briefs and panties :-- Of cotton,False,False,not_primary_strict,not_primary_broad
HS1992:610822,H0,610822,Briefs and panties :-- Of man-made fibres,False,False,not_primary_strict,not_primary_broad
HS1992:610829,H0,610829,Briefs and panties :-- Of other textile materials,False,False,not_primary_strict,not_primary_broad
HS1992:610831,H0,610831,Nightdresses and pyjamas :-- Of cotton,False,False,not_primary_strict,not_primary_broad
HS1992:610832,H0,610832,Nightdresses and pyjamas :-- Of man-made fibres,False,False,not_primary_strict,not_primary_broad
HS1992:610891,H0,610891,Other :-- Of cotton,False,False,not_primary_strict,not_primary_broad
HS1992:610892,H0,610892,Other :-- Of man-made fibres,False,False,not_primary_strict,not_primary_broad
HS1992:610899,H0,610899,Other :-- Of other textile materials,False,False,not_primary_strict,not_primary_broad
HS1992:610990,H0,610990,Of other textile materials,False,False,not_primary_strict,not_primary_broad
HS1992:611010,H0,611010,Of wool or fine animal hair,False,False,not_primary_strict,not_primary_broad
HS1992:611020,H0,611020,Of cotton,False,False,not_primary_strict,not_primary_broad
HS1992:611030,H0,611030,Of man-made fibres,False,False,not_primary_strict,not_primary_broad
HS1992:611090,H0,611090,Of other textile materials,False,False,not_primary_strict,not_primary_broad
HS1992:611110,H0,611110,Of wool or fine animal hair,False,False,not_primary_strict,not_primary_broad
HS1992:611120,H0,611120,Of cotton,False,False,not_primary_strict,not_primary_broad
HS1992:611130,H0,611130,Of synthetic fibres,False,False,not_primary_strict,not_primary_broad
HS1992:611190,H0,611190,Of other textile materials,False,False,not_primary_strict,not_primary_broad
HS1992:611211,H0,611211,Track suits :-- Of cotton,False,False,not_primary_strict,not_primary_broad
HS1992:611212,H0,611212,Track suits :-- Of synthetic fibres,False,False,not_primary_strict,not_primary_broad
HS1992:611219,H0,611219,Track suits :-- Of other textile materials,False,False,not_primary_strict,not_primary_broad
HS1992:611220,H0,611220,Ski suits,False,False,not_primary_strict,not_primary_broad
HS1992:611231,H0,611231,Men's or boys' swimwear :-- Of synthetic fibres,False,False,not_primary_strict,not_primary_broad
HS1992:611239,H0,611239,Men's or boys' swimwear :-- Of other textile materials,False,False,not_primary_strict,not_primary_broad
HS1992:611241,H0,611241,Women's or girls' swimwear :-- Of synthetic fibres,False,False,not_primary_strict,not_primary_broad
HS1992:611249,H0,611249,Women's or girls' swimwear :-- Of other textile materials,False,False,not_primary_strict,not_primary_broad
HS1992:611300,H0,611300,"Garments, made up of knitted or crocheted fabrics of heading No. 59.03, 59.06 or 59.07.",False,False,not_primary_strict,not_primary_broad
HS1992:611490,H0,611490,Of other textile materials,False,False,not_primary_strict,not_primary_broad
HS1992:611511,H0,611511,"Panty hose and tights :- Panty hose and tights :-- Of synthetic fibres, measuring per single yarn less than 67 decitex",False,False,not_primary_strict,not_primary_broad
HS1992:611520,H0,611520,"Women's full-length or knee-length hosiery, measuring per single yarn less than 67 decitex",False,False,not_primary_strict,not_primary_broad
HS1992:611591,H0,611591,Other :-- Of wool or fine animal hair,False,False,not_primary_strict,not_primary_broad
HS1992:611592,H0,611592,Other :-- Of cotton,False,False,not_primary_strict,not_primary_broad
HS1992:611593,H0,611593,Other :-- Of synthetic fibres,False,False,not_primary_strict,not_primary_broad
HS1992:611780,H0,611780,Other accessories,False,False,not_primary_strict,not_primary_broad
HS1992:611790,H0,611790,Parts,False,False,not_primary_strict,not_primary_broad
HS1992:620111,H0,620111,"Overcoats, raincoats, car-coats, capes, cloaks and similar articles :-- Of wool or fine animal hair",False,False,not_primary_strict,not_primary_broad
HS1992:620112,H0,620112,"Overcoats, raincoats, car-coats, capes, cloaks and similar articles :-- Of cotton",False,False,not_primary_strict,not_primary_broad
HS1992:620119,H0,620119,"Overcoats, raincoats, car-coats, capes, cloaks and similar articles :-- Of other textile materials",False,False,not_primary_strict,not_primary_broad
HS1992:620192,H0,620192,Other :-- Of cotton,False,False,not_primary_strict,not_primary_broad
HS1992:620193,H0,620193,Other :-- Of man-made fibres,False,False,not_primary_strict,not_primary_broad
HS1992:620199,H0,620199,Other :-- Of other textile materials,False,False,not_primary_strict,not_primary_broad
HS1992:620211,H0,620211,"Overcoats, raincoats, car-coats, capes, cloaks and similar articles :-- Of wool or fine animal hair",False,False,not_primary_strict,not_primary_broad
HS1992:620212,H0,620212,"Overcoats, raincoats, car-coats, capes, cloaks and similar articles :-- Of cotton",False,False,not_primary_strict,not_primary_broad
HS1992:620213,H0,620213,"Overcoats, raincoats, car-coats, capes, cloaks and similar articles :-- Of man-made fibres",False,False,not_primary_strict,not_primary_broad
HS1992:620219,H0,620219,"Overcoats, raincoats, car-coats, capes, cloaks and similar articles :-- Of other textile materials",False,False,not_primary_strict,not_primary_broad
HS1992:620292,H0,620292,Other :-- Of cotton,False,False,not_primary_strict,not_primary_broad
HS1992:620299,H0,620299,Other :-- Of other textile materials,False,False,not_primary_strict,not_primary_broad
HS1992:620311,H0,620311,Suits :-- Of wool or fine animal hair,False,False,not_primary_strict,not_primary_broad
HS1992:620312,H0,620312,Suits :-- Of synthetic fibres,False,False,not_primary_strict,not_primary_broad
HS1992:620319,H0,620319,Suits :-- Of other textile materials,False,False,not_primary_strict,not_primary_broad
HS1992:620329,H0,620329,Ensembles :-- Of other textile materials,False,False,not_primary_strict,not_primary_broad
HS1992:620331,H0,620331,Jackets and blazers :-- Of wool or fine animal hair,False,False,not_primary_strict,not_primary_broad
HS1992:620332,H0,620332,Jackets and blazers :-- Of cotton,False,False,not_primary_strict,not_primary_broad
HS1992:620333,H0,620333,Jackets and blazers :-- Of synthetic fibres,False,False,not_primary_strict,not_primary_broad
HS1992:620339,H0,620339,Jackets and blazers :-- Of other textile materials,False,False,not_primary_strict,not_primary_broad
HS1992:620341,H0,620341,"Trousers, bib and brace overalls, breeches and shorts :-- Of wool or fine animal hair",False,False,not_primary_strict,not_primary_broad
HS1992:620342,H0,620342,"Trousers, bib and brace overalls, breeches and shorts :-- Of cotton",False,False,not_primary_strict,not_primary_broad
HS1992:620343,H0,620343,"Trousers, bib and brace overalls, breeches and shorts :-- Of synthetic fibres",False,False,not_primary_strict,not_primary_broad
HS1992:620349,H0,620349,"Trousers, bib and brace overalls, breeches and shorts :-- Of other textile materials",False,False,not_primary_strict,not_primary_broad
HS1992:620411,H0,620411,Suits :-- Of wool or fine animal hair,False,False,not_primary_strict,not_primary_broad
HS1992:620412,H0,620412,Suits :-- Of cotton,False,False,not_primary_strict,not_primary_broad
HS1992:620413,H0,620413,Suits :-- Of synthetic fibres,False,False,not_primary_strict,not_primary_broad
HS1992:620419,H0,620419,Suits :-- Of other textile materials,False,False,not_primary_strict,not_primary_broad
HS1992:620421,H0,620421,Ensembles :-- Of wool or fine animal hair,False,False,not_primary_strict,not_primary_broad
HS1992:620422,H0,620422,Ensembles :-- Of cotton,False,False,not_primary_strict,not_primary_broad
HS1992:620429,H0,620429,Ensembles :-- Of other textile materials,False,False,not_primary_strict,not_primary_broad
HS1992:620431,H0,620431,Jackets and blazers :-- Of wool or fine animal hair,False,False,not_primary_strict,not_primary_broad
HS1992:620432,H0,620432,Jackets and blazers :-- Of cotton,False,False,not_primary_strict,not_primary_broad
HS1992:620433,H0,620433,Jackets and blazers :-- Of synthetic fibres,False,False,not_primary_strict,not_primary_broad
HS1992:620439,H0,620439,Jackets and blazers :-- Of other textile materials,False,False,not_primary_strict,not_primary_broad
HS1992:620442,H0,620442,Dresses :-- Of cotton,False,False,not_primary_strict,not_primary_broad
HS1992:620443,H0,620443,Dresses :-- Of synthetic fibres,False,False,not_primary_strict,not_primary_broad
HS1992:620449,H0,620449,Dresses :-- Of other textile materials,False,False,not_primary_strict,not_primary_broad
HS1992:620452,H0,620452,Skirts and divided skirts :-- Of cotton,False,False,not_primary_strict,not_primary_broad
HS1992:620453,H0,620453,Skirts and divided skirts :-- Of synthetic fibres,False,False,not_primary_strict,not_primary_broad
HS1992:620459,H0,620459,Skirts and divided skirts :-- Of other textile materials,False,False,not_primary_strict,not_primary_broad
HS1992:620461,H0,620461,"Trousers, bib and brace overalls, breeches and shorts :-- Of wool or fine animal hair",False,False,not_primary_strict,not_primary_broad
HS1992:620462,H0,620462,"Trousers, bib and brace overalls, breeches and shorts :-- Of cotton",False,False,not_primary_strict,not_primary_broad
HS1992:620463,H0,620463,"Trousers, bib and brace overalls, breeches and shorts :-- Of synthetic fibres",False,False,not_primary_strict,not_primary_broad
HS1992:620469,H0,620469,"Trousers, bib and brace overalls, breeches and shorts :-- Of other textile materials",False,False,not_primary_strict,not_primary_broad
HS1992:620510,H0,620510,Of wool or fine animal hair,False,False,not_primary_strict,not_primary_broad
HS1992:620520,H0,620520,Of cotton,False,False,not_primary_strict,not_primary_broad
HS1992:620530,H0,620530,Of man-made fibres,False,False,not_primary_strict,not_primary_broad
HS1992:620590,H0,620590,Of other textile materials,False,False,not_primary_strict,not_primary_broad
HS1992:620610,H0,620610,Of silk or silk waste,False,False,not_primary_strict,not_primary_broad
HS1992:620620,H0,620620,Of wool or fine animal hair,False,False,not_primary_strict,not_primary_broad
HS1992:620630,H0,620630,Of cotton,False,False,not_primary_strict,not_primary_broad
HS1992:620640,H0,620640,Of man-made fibres,False,False,not_primary_strict,not_primary_broad
HS1992:620690,H0,620690,Of other textile materials,False,False,not_primary_strict,not_primary_broad
HS1992:620711,H0,620711,Underpants and briefs :-- Of cotton,False,False,not_primary_strict,not_primary_broad
HS1992:620719,H0,620719,Underpants and briefs :-- Of other textile materials,False,False,not_primary_strict,not_primary_broad
HS1992:620721,H0,620721,Nightshirts and pyjamas :-- Of cotton,False,False,not_primary_strict,not_primary_broad
HS1992:620722,H0,620722,Nightshirts and pyjamas :-- Of man-made fibres,False,False,not_primary_strict,not_primary_broad
HS1992:620729,H0,620729,Nightshirts and pyjamas :-- Of other textile materials,False,False,not_primary_strict,not_primary_broad
HS1992:620791,H0,620791,Other :-- Of cotton,False,False,not_primary_strict,not_primary_broad
HS1992:620799,H0,620799,Other :-- Of other textile materials,False,False,not_primary_strict,not_primary_broad
HS1992:620819,H0,620819,Slips and petticoats :-- Of other textile materials,False,False,not_primary_strict,not_primary_broad
HS1992:620821,H0,620821,Nightdresses and pyjamas :-- Of cotton,False,False,not_primary_strict,not_primary_broad
HS1992:620822,H0,620822,Nightdresses and pyjamas :-- Of man-made fibres,False,False,not_primary_strict,not_primary_broad
HS1992:620829,H0,620829,Nightdresses and pyjamas :-- Of other textile materials,False,False,not_primary_strict,not_primary_broad
HS1992:620891,H0,620891,Other :-- Of cotton,False,False,not_primary_strict,not_primary_broad
HS1992:620892,H0,620892,Other :-- Of man-made fibres,False,False,not_primary_strict,not_primary_broad
HS1992:620910,H0,620910,Of wool or fine animal hair,False,False,not_primary_strict,not_primary_broad
HS1992:620920,H0,620920,Of cotton,False,False,not_primary_strict,not_primary_broad
HS1992:620930,H0,620930,Of synthetic fibres,False,False,not_primary_strict,not_primary_broad
HS1992:620990,H0,620990,Of other textile materials,False,False,not_primary_strict,not_primary_broad
HS1992:621010,H0,621010,Of fabrics of heading No. 56.02 or 56.03,False,False,not_primary_strict,not_primary_broad
HS1992:621020,H0,621020,"Other garments, of the type described in subheadings 6201.11 to 6201.19",False,False,not_primary_strict,not_primary_broad
HS1992:621050,H0,621050,Other women's or girls' garments,False,False,not_primary_strict,not_primary_broad
HS1992:621111,H0,621111,Swimwear :-- Men's or boys',False,False,not_primary_strict,not_primary_broad
HS1992:621112,H0,621112,Swimwear :-- Women's or girls',False,False,not_primary_strict,not_primary_broad
HS1992:621120,H0,621120,Ski suits,False,False,not_primary_strict,not_primary_broad
HS1992:621132,H0,621132,"Other garments, men's or boys' :-- Of cotton",False,False,not_primary_strict,not_primary_broad
HS1992:621133,H0,621133,"Other garments, men's or boys' :-- Of man-made fibres",False,False,not_primary_strict,not_primary_broad
HS1992:621139,H0,621139,"Other garments, men's or boys' :-- Of other textile materials",False,False,not_primary_strict,not_primary_broad
HS1992:621141,H0,621141,"Other garments, women's or girls' :-- Of wool or fine animal hair",False,False,not_primary_strict,not_primary_broad
HS1992:621142,H0,621142,"Other garments, women's or girls' :-- Of cotton",False,False,not_primary_strict,not_primary_broad
HS1992:621143,H0,621143,"Other garments, women's or girls' :-- Of man-made fibres",False,False,not_primary_strict,not_primary_broad
HS1992:621210,H0,621210,BrassiSres,False,False,not_primary_strict,not_primary_broad
HS1992:621290,H0,621290,Other,False,False,not_primary_strict,not_primary_broad
HS1992:621320,H0,621320,Of cotton,False,False,not_primary_strict,not_primary_broad
HS1992:621390,H0,621390,Of other textile materials,False,False,not_primary_strict,not_primary_broad
HS1992:621490,H0,621490,Of other textile materials,False,False,not_primary_strict,not_primary_broad
HS1992:621710,H0,621710,Accessories,False,False,not_primary_strict,not_primary_broad
HS1992:621790,H0,621790,Parts,False,False,not_primary_strict,not_primary_broad
HS1992:630110,H0,630110,Electric blankets,False,False,not_primary_strict,not_primary_broad
HS1992:630190,H0,630190,Other blankets and travelling rugs,False,False,not_primary_strict,not_primary_broad
HS1992:630210,H0,630210,"Bed linen, knitted or crocheted",False,False,not_primary_strict,not_primary_broad
HS1992:630221,H0,630221,"Other bed linen, printed :-- Of cotton",False,False,not_primary_strict,not_primary_broad
HS1992:630222,H0,630222,"Other bed linen, printed :-- Of man-made fibres",False,False,not_primary_strict,not_primary_broad
HS1992:630229,H0,630229,"Other bed linen, printed :-- Of other textile materials",False,False,not_primary_strict,not_primary_broad
HS1992:630499,H0,630499,"Other :-- Not knitted or crocheted, of other textile materials",False,False,not_primary_strict,not_primary_broad
HS1992:630510,H0,630510,Of jute or of other textile bast fibres of heading No. 53.03,False,False,not_primary_strict,not_primary_broad
HS1992:630520,H0,630520,Of cotton,False,False,not_primary_strict,not_primary_broad
HS1992:630539,H0,630539,Of man-made textile materials :-- Other,False,False,not_primary_strict,not_primary_broad
HS1992:630619,H0,630619,"Tarpaulins, awnings and sunblinds :-- Of other textile materials",False,False,not_primary_strict,not_primary_broad
HS1992:630641,H0,630641,Pneumatic mattresses :-- Of cotton,False,False,not_primary_strict,not_primary_broad
HS1992:630699,H0,630699,Other :- Of other textile materials,False,False,not_primary_strict,not_primary_broad
HS1992:630710,H0,630710,"Floor-cloths, dish-cloths, dusters and similar cleaning cloths",False,False,not_primary_strict,not_primary_broad
HS1992:630790,H0,630790,Other,False,False,not_primary_strict,not_primary_broad
HS1992:630900,H0,630900,Worn clothing and other worn articles.,False,False,not_primary_strict,not_primary_broad
HS1992:631090,H0,631090,Other,False,False,not_primary_strict,not_primary_broad
HS1992:640110,H0,640110,Footwear incorporating a protective metal toe-cap,False,False,not_primary_strict,not_primary_broad
HS1992:640191,H0,640191,Other footwear :-- Covering the knee,False,False,not_primary_strict,not_primary_broad
HS1992:640192,H0,640192,Other footwear :-- Covering the ankle but not covering the knee,False,False,not_primary_strict,not_primary_broad
HS1992:640199,H0,640199,Other footwear :-- Other,False,False,not_primary_strict,not_primary_broad
HS1992:640219,H0,640219,Sports footwear :-- Other,False,False,not_primary_strict,not_primary_broad
HS1992:640220,H0,640220,Footwear with upper straps or thongs assembled to the sole by means of plugs,False,False,not_primary_strict,not_primary_broad
HS1992:640299,H0,640299,Other footwear :-- Other,False,False,not_primary_strict,not_primary_broad
HS1992:640311,H0,640311,"Ski footwear, with uppers of leather",False,False,not_primary_strict,not_primary_broad
HS1992:640319,H0,640319,Sports footwear :-- Other,False,False,not_primary_strict,not_primary_broad
HS1992:640320,H0,640320,"Footwear with outer soles of leather, and uppers which consist of leather straps across the instep and around the big toe",False,False,not_primary_strict,not_primary_broad
HS1992:640351,H0,640351,Other footwear with outer soles of leather :-- Covering the ankle,False,False,not_primary_strict,not_primary_broad
HS1992:640359,H0,640359,Other footwear with outer soles of leather :-- Other,False,False,not_primary_strict,not_primary_broad
HS1992:640391,H0,640391,Other footwear :-- Covering the ankle,False,False,not_primary_strict,not_primary_broad
HS1992:640399,H0,640399,Other footwear :-- Other,False,False,not_primary_strict,not_primary_broad
HS1992:640419,H0,640419,Footwear with outer soles of rubber or plastics :-- Other,False,False,not_primary_strict,not_primary_broad
HS1992:640420,H0,640420,Footwear with outer soles of leather or composition leather,False,False,not_primary_strict,not_primary_broad
HS1992:640510,H0,640510,With uppers of leather or composition leather,False,False,not_primary_strict,not_primary_broad
HS1992:640520,H0,640520,With uppers of textile materials,False,False,not_primary_strict,not_primary_broad
HS1992:640590,H0,640590,Other,False,False,not_primary_strict,not_primary_broad
HS1992:640610,H0,640610,"Uppers and parts thereof, other than stiffeners",False,False,not_primary_strict,not_primary_broad
HS1992:640620,H0,640620,"Outer soles and heels, of rubber or plastics",False,False,not_primary_strict,not_primary_broad
HS1992:640691,H0,640691,Other :-- Of wood,False,False,not_primary_strict,not_primary_broad
HS1992:640699,H0,640699,Other :-- Of other materials,False,False,not_primary_strict,not_primary_broad
HS1992:650699,H0,650699,Other :-- Of other materials,False,False,not_primary_strict,not_primary_broad
HS1992:660110,H0,660110,Garden or similar umbrellas,False,False,not_primary_strict,not_primary_broad
HS1992:670290,H0,670290,Of other materials,False,False,not_primary_strict,not_primary_broad
HS1992:680100,H0,680100,"Setts, curbstones and flagstones, of natural stone (except slate).",False,False,not_primary_strict,not_primary_broad
HS1992:680210,H0,680210,"Tiles, cubes and similar articles, whether or not rectangular (including square), the largest surface area of which is capable of being enclosed in a square the side of which is less than 7 cm; artificially coloured granul",False,False,not_primary_strict,not_primary_broad
HS1992:680221,H0,680221,"Other monumental or building stone and articles thereof, simply cut or sawn, with a flat or even surface :-- Marble, travertine and alabaster",False,False,not_primary_strict,not_primary_broad
HS1992:680229,H0,680229,"Other monumental or building stone and articles thereof, simply cut or sawn, with a flat or even surface :-- Other stone",False,False,not_primary_strict,not_primary_broad
HS1992:680291,H0,680291,"Other :-- Marble, travertine and alabaster",False,False,not_primary_strict,not_primary_broad
HS1992:680292,H0,680292,Other :-- Other calcareous stone,False,False,not_primary_strict,not_primary_broad
HS1992:680299,H0,680299,Other :-- Other stone,False,False,not_primary_strict,not_primary_broad
HS1992:680300,H0,680300,Worked slate and articles of slate or of agglomerated slate.,False,False,not_primary_strict,not_primary_broad
HS1992:680422,H0,680422,"Other millstones, grindstones, grinding wheels and the like :-- Of other agglomerated abrasives or of ceramics",False,False,not_primary_strict,not_primary_broad
HS1992:680423,H0,680423,"Other millstones, grindstones, grinding wheels and the like :-- Of natural stone",False,False,not_primary_strict,not_primary_broad
HS1992:680530,H0,680530,On a base of other materials,False,False,not_primary_strict,not_primary_broad
HS1992:680710,H0,680710,In rolls,False,False,not_primary_strict,not_primary_broad
HS1992:680790,H0,680790,Other,False,False,not_primary_strict,not_primary_broad
HS1992:680990,H0,680990,Other articles,False,False,not_primary_strict,not_primary_broad
HS1992:681019,H0,681019,"Tiles, flagstones, bricks and similar articles :-- Other",False,False,not_primary_strict,not_primary_broad
HS1992:681020,H0,681020,Pipes of cement or concrete,False,False,not_primary_strict,not_primary_broad
HS1992:681099,H0,681099,Other articles :-- Other,False,False,not_primary_strict,not_primary_broad
HS1992:681190,H0,681190,0ther articles,False,False,not_primary_strict,not_primary_broad
HS1992:681599,H0,681599,Other :-- Other,False,False,not_primary_strict,not_primary_broad
HS1992:690100,H0,690100,"Bricks, blocks, tiles and other ceramic goods of siliceous fossil meals (for example, kieselguhr, tripolite or diatomite) or of similar siliceous earths.",False,False,not_primary_strict,not_primary_broad
HS1992:690290,H0,690290,Other,False,False,not_primary_strict,not_primary_broad
HS1992:690410,H0,690410,Building bricks,False,False,not_primary_strict,not_primary_broad
HS1992:690490,H0,690490,Other,False,False,not_primary_strict,not_primary_broad
HS1992:690510,H0,690510,Roofing tiles,False,False,not_primary_strict,not_primary_broad
HS1992:690590,H0,690590,Other,False,False,not_primary_strict,not_primary_broad
HS1992:690710,H0,690710,"Tiles, cubes and similar articles, whether or not rectangular, the largest surface area of which is capable of being enclosed in a square the side of which is less than 7 cm",False,False,not_primary_strict,not_primary_broad
HS1992:690790,H0,690790,Other,False,False,not_primary_strict,not_primary_broad
HS1992:690810,H0,690810,"Tiles, cubes and similar articles, whether or not rectangular, the largest surface area of which is capable of being enclosed in a square the side of which is less than 7 cm",False,False,not_primary_strict,not_primary_broad
HS1992:690890,H0,690890,Other,False,False,not_primary_strict,not_primary_broad
HS1992:690990,H0,690990,Other,False,False,not_primary_strict,not_primary_broad
HS1992:691010,H0,691010,Of porcelain or china,False,False,not_primary_strict,not_primary_broad
HS1992:691200,H0,691200,"Ceramic tableware, kitchenware, other household articles and toilet articles, other than of porcelain or china.",False,False,not_primary_strict,not_primary_broad
HS1992:691390,H0,691390,Other,False,False,not_primary_strict,not_primary_broad
HS1992:691490,H0,691490,Other,False,False,not_primary_strict,not_primary_broad
HS1992:700100,H0,700100,Cullet and other waste and scrap of glass; glass in the mass.,False,False,not_primary_strict,not_primary_broad
HS1992:700800,H0,700800,Multiple-walled insulating units of glass.,False,False,not_primary_strict,not_primary_broad
HS1992:700910,H0,700910,Rear-view mirrors for vehicles,False,False,not_primary_strict,not_primary_broad
HS1992:700991,H0,700991,Other :-- Unframed,False,False,not_primary_strict,not_primary_broad
HS1992:700992,H0,700992,Other :-- Framed,False,False,not_primary_strict,not_primary_broad
HS1992:701090,H0,701090,Glass containers nes for packing or conveyance goods,False,False,not_primary_strict,not_primary_broad
HS1992:701790,H0,701790,Other,False,False,not_primary_strict,not_primary_broad
HS1992:701810,H0,701810,"Glass beads, imitation pearls, imitation precious or semi-precious stones and similar glass smallwares",False,False,not_primary_strict,not_primary_broad
HS1992:702000,H0,702000,Other articles of glass.,False,False,not_primary_strict,not_primary_broad
HS1992:710122,H0,710122,Cultured pearls :-- Worked,True,True,strict_raw_precious_stones_metals,strict_raw_precious_stones_metals
HS1992:710231,H0,710231,"Non-industrial :-- Unworked or simply sawn, cleaved or bruted",True,True,strict_raw_precious_stones_metals,strict_raw_precious_stones_metals
HS1992:710691,H0,710691,Other :-- Unwrought,True,True,strict_raw_precious_stones_metals,strict_raw_precious_stones_metals
HS1992:711311,H0,711311,"Of precious metal whether or not plated or clad with precious metal :-- Of silver, whether or not plated or clad with other precious metal",False,False,not_primary_strict,not_primary_broad
HS1992:711411,H0,711411,"Of precious metal whether or not plated or clad with precious metal :-- Of silver, whether or not plated or clad with other precious metal",False,False,not_primary_strict,not_primary_broad
HS1992:711610,H0,711610,Of natural or cultured pearls,False,False,not_primary_strict,not_primary_broad
HS1992:711719,H0,711719,"Of base metal, whether or not plated with precious",False,False,not_primary_strict,not_primary_broad
HS1992:711790,H0,711790,Other,False,False,not_primary_strict,not_primary_broad
HS1992:720130,H0,720130,"Alloy pig iron, in primary forms",False,True,not_primary_strict,broad_first_stage_metals_scrap
HS1992:720211,H0,720211,Ferro-manganese :-- Containing by weight more than 2 % of carbon,False,True,not_primary_strict,broad_first_stage_metals_scrap
HS1992:720219,H0,720219,Ferro-manganese :-- Other,False,True,not_primary_strict,broad_first_stage_metals_scrap
HS1992:720241,H0,720241,Ferro-chromium :-- Containing by weight more than 4 % of carbon,False,True,not_primary_strict,broad_first_stage_metals_scrap
HS1992:720410,H0,720410,Waste and scrap of cast iron,False,True,not_primary_strict,broad_first_stage_metals_scrap
HS1992:720421,H0,720421,Waste and scrap of alloy steel :-- Of stainless steel,False,True,not_primary_strict,broad_first_stage_metals_scrap
HS1992:720429,H0,720429,Waste and scrap of alloy steel :-- Other,False,True,not_primary_strict,broad_first_stage_metals_scrap
HS1992:720441,H0,720441,"Other waste and scrap :-- Turnings, shavings, chips, milling waste, sawdust, filings, trimmings and stampings, whether or not in bundles",False,True,not_primary_strict,broad_first_stage_metals_scrap
HS1992:720449,H0,720449,Other waste and scrap :-- Other,False,True,not_primary_strict,broad_first_stage_metals_scrap
HS1992:720450,H0,720450,Remelting scrap ingots,False,True,not_primary_strict,broad_first_stage_metals_scrap
HS1992:720610,H0,720610,Ingots,False,False,not_primary_strict,not_primary_broad
HS1992:720690,H0,720690,Other,False,False,not_primary_strict,not_primary_broad
HS1992:720719,H0,720719,Containing by weight less than 0.25 % of carbon :-- Other,False,False,not_primary_strict,not_primary_broad
HS1992:720831,H0,720831,"Hot rolled iron or non-alloy steel, flat, w 600-1250mm, t >4mm, 355 mpa",False,False,not_primary_strict,not_primary_broad
HS1992:720832,H0,720832,"Hot rolled iron or non-alloy steel, flat,w >600mm, t >10mm, myp 355 mpa",False,False,not_primary_strict,not_primary_broad
HS1992:720841,H0,720841,"Hot rolled iron or non-alloy steel, flat,width 600-1250mm, t >4mm, nes",False,False,not_primary_strict,not_primary_broad
HS1992:720842,H0,720842,"Hot rolled iron or non-alloy steel, flat,width >600mm, t >10mm, nes",False,False,not_primary_strict,not_primary_broad
HS1992:720890,H0,720890,Other,False,False,not_primary_strict,not_primary_broad
HS1992:720914,H0,720914,"Cold rolled iron or non-alloy steel, coil, w >600mm, t <0.5mm, 275 mpa",False,False,not_primary_strict,not_primary_broad
HS1992:720924,H0,720924,"Cold rolled iron or non-alloy steel, coil, width >600mm, t <0.5mm, nes",False,False,not_primary_strict,not_primary_broad
HS1992:720934,H0,720934,"Cold rolled iron or non-alloy steel, flat, w >600mm, t <0.5mm, 355 mpa",False,False,not_primary_strict,not_primary_broad
HS1992:720944,H0,720944,"Cold rolled iron or non-alloy steel, flat, width >600mm, t <0.5mm, nes",False,False,not_primary_strict,not_primary_broad
HS1992:721119,H0,721119,Not further worked than hot-rolled :- Plated or coated with aluminium :-- Other,False,False,not_primary_strict,not_primary_broad
HS1992:721129,H0,721129,Not further worked than cold-rolled (cold-reduced) :-- Other,False,False,not_primary_strict,not_primary_broad
HS1992:721190,H0,721190,Other,False,False,not_primary_strict,not_primary_broad
HS1992:721230,H0,721230,Otherwise plated or coated with zinc,False,False,not_primary_strict,not_primary_broad
HS1992:721310,H0,721310,"Containing indentations, ribs, grooves or other deformations produced during the rolling process",False,False,not_primary_strict,not_primary_broad
HS1992:721410,H0,721410,Forged,False,False,not_primary_strict,not_primary_broad
HS1992:721420,H0,721420,"Containing indentations, ribs, grooves or other deformations produced during the rolling process or twisted after rolling",False,False,not_primary_strict,not_primary_broad
HS1992:721590,H0,721590,Other,False,False,not_primary_strict,not_primary_broad
HS1992:721650,H0,721650,"Other angles, shapes and sections, not further worked than hot-rolled, hot-drawn or extruded",False,False,not_primary_strict,not_primary_broad
HS1992:721660,H0,721660,"Sections, nes, iron or non-alloy steel, nfw than cold formed/finished",False,False,not_primary_strict,not_primary_broad
HS1992:721711,H0,721711,"Wire, iron or non-alloy steel, not plated or coated, <0.25%C",False,False,not_primary_strict,not_primary_broad
HS1992:721721,H0,721721,"Wire, iron or non-alloy steel, not plated or coated, 0.25-0.6%C",False,False,not_primary_strict,not_primary_broad
HS1992:721731,H0,721731,"Wire, iron or non-alloy steel, not plated or coated, >0.6%C",False,False,not_primary_strict,not_primary_broad
HS1992:721890,H0,721890,"Semi-finished products, stainless steel",False,False,not_primary_strict,not_primary_broad
HS1992:722300,H0,722300,Wire of stainless steel.,False,False,not_primary_strict,not_primary_broad
HS1992:722620,H0,722620,Of high speed steel,False,False,not_primary_strict,not_primary_broad
HS1992:730300,H0,730300,"Tubes, pipes and hollow profiles, of cast iron.",False,False,not_primary_strict,not_primary_broad
HS1992:730410,H0,730410,Line pipe of a kind used for oil or gas pipelines,False,False,not_primary_strict,not_primary_broad
HS1992:730439,H0,730439,"Other, of circular cross-section, of iron or non-alloy steel :-- Other",False,False,not_primary_strict,not_primary_broad
HS1992:730490,H0,730490,Other,False,False,not_primary_strict,not_primary_broad
HS1992:730640,H0,730640,"Other, welded, of circular cross-section, of stainless steel",False,False,not_primary_strict,not_primary_broad
HS1992:730719,H0,730719,Cast fittings :-- Other,False,False,not_primary_strict,not_primary_broad
HS1992:730840,H0,730840,"Equipment for scaffolding, shuttering, propping or pitpropping",False,False,not_primary_strict,not_primary_broad
HS1992:730890,H0,730890,Other,False,False,not_primary_strict,not_primary_broad
HS1992:730900,H0,730900,"Reservoirs, tanks, vats and similar containers for any material (other than compressed or liquefied gas), of iron or steel, of a capacity exceeding 300 l, whether or not lined or heat-insulated, but not fitted with me",False,False,not_primary_strict,not_primary_broad
HS1992:731010,H0,731010,Of a capacity of 50 l or more,False,False,not_primary_strict,not_primary_broad
HS1992:731029,H0,731029,Of a capacity of less than 50 l :-- Other,False,False,not_primary_strict,not_primary_broad
HS1992:731100,H0,731100,"Containers for compressed or liquefied gas, of iron or steel.",False,False,not_primary_strict,not_primary_broad
HS1992:731210,H0,731210,"Stranded wire, ropes and cables",False,False,not_primary_strict,not_primary_broad
HS1992:731700,H0,731700,"Nails, tacks, drawing pins, corrugated nails, staples (other than those of heading No. 83.05) and similar articles, of iron or steel, whether or not with heads of other material, but excluding such articles with heads",False,False,not_primary_strict,not_primary_broad
HS1992:731815,H0,731815,"Threaded articles :-- Other screws and bolts, whether or not with their nuts or washers",False,False,not_primary_strict,not_primary_broad
HS1992:731819,H0,731819,Threaded articles :-- Other,False,False,not_primary_strict,not_primary_broad
HS1992:731829,H0,731829,Non-threaded articles :-- Other,False,False,not_primary_strict,not_primary_broad
HS1992:732111,H0,732111,Cooking appliances and plate warmers :-- For gas fuel or for both gas and other fuels,False,False,not_primary_strict,not_primary_broad
HS1992:732113,H0,732113,Cooking appliances and plate warmers :-- For solid fuel,False,False,not_primary_strict,not_primary_broad
HS1992:732181,H0,732181,Other appliances :-- For gas fuel or for both gas and other fuels,False,False,not_primary_strict,not_primary_broad
HS1992:732190,H0,732190,Parts,False,False,not_primary_strict,not_primary_broad
HS1992:732219,H0,732219,Radiators and parts thereof :-- Other,False,False,not_primary_strict,not_primary_broad
HS1992:732510,H0,732510,Of non-malleable cast iron,False,False,not_primary_strict,not_primary_broad
HS1992:732620,H0,732620,Articles of iron or steel wire,False,False,not_primary_strict,not_primary_broad
HS1992:732690,H0,732690,Other,False,False,not_primary_strict,not_primary_broad
HS1992:740319,H0,740319,Refined copper :-- Other,False,True,not_primary_strict,broad_first_stage_metals_scrap
HS1992:740322,H0,740322,Copper alloys :-- Copper-tin base alloys (bronze),False,True,not_primary_strict,broad_first_stage_metals_scrap
HS1992:740400,H0,740400,Copper waste and scrap.,False,True,not_primary_strict,broad_first_stage_metals_scrap
HS1992:740729,H0,740729,Of copper alloys :-- Other,False,False,not_primary_strict,not_primary_broad
HS1992:740821,H0,740821,Of copper alloys :-- Of copper-zinc base alloys (brass),False,False,not_primary_strict,not_primary_broad
HS1992:740822,H0,740822,Of copper alloys :-- Of copper-nickel base alloys (cupro-nickel) or copper-nickel-zinc base alloys (nickel silver),False,False,not_primary_strict,not_primary_broad
HS1992:740829,H0,740829,Of copper alloys :-- Other,False,False,not_primary_strict,not_primary_broad
HS1992:740929,H0,740929,Of copper-zinc base alloys (brass) :-- Other,False,False,not_primary_strict,not_primary_broad
HS1992:740939,H0,740939,Of copper-tin base alloys (bronze) :-- Other,False,False,not_primary_strict,not_primary_broad
HS1992:741820,H0,741820,Sanitary ware and parts thereof,False,False,not_primary_strict,not_primary_broad
HS1992:750522,H0,750522,Wire :-- Of nickel alloys,False,False,not_primary_strict,not_primary_broad
HS1992:760110,H0,760110,"Aluminium, not alloyed",False,True,not_primary_strict,broad_first_stage_metals_scrap
HS1992:760120,H0,760120,Aluminium alloys,False,True,not_primary_strict,broad_first_stage_metals_scrap
HS1992:760200,H0,760200,Aluminium waste and scrap.,False,True,not_primary_strict,broad_first_stage_metals_scrap
HS1992:760310,H0,760310,Powders of non-lamellar structure,False,False,not_primary_strict,not_primary_broad
HS1992:760410,H0,760410,"Of aluminium, not alloyed",False,False,not_primary_strict,not_primary_broad
HS1992:760421,H0,760421,Of aluminium alloys :-- Hollow profiles,False,False,not_primary_strict,not_primary_broad
HS1992:760429,H0,760429,Of aluminium alloys :,False,False,not_primary_strict,not_primary_broad
HS1992:760511,H0,760511,"Of aluminium, not alloyed :- Of which the maximum cross-sectional dimension exceeds 7 mm",False,False,not_primary_strict,not_primary_broad
HS1992:760519,H0,760519,"Of aluminium, not alloyed :-- Other",False,False,not_primary_strict,not_primary_broad
HS1992:760612,H0,760612,Rectangular (including square) :-- Of aluminium alloys,False,False,not_primary_strict,not_primary_broad
HS1992:760692,H0,760692,Other :-- Of aluminium alloys,False,False,not_primary_strict,not_primary_broad
HS1992:760810,H0,760810,"Of aluminium, not alloyed",False,False,not_primary_strict,not_primary_broad
HS1992:760900,H0,760900,"Aluminium tube or pipe fittings (for example, couplings, elbows, sleeves).",False,False,not_primary_strict,not_primary_broad
HS1992:761010,H0,761010,"Doors, windows and their frames and thresholds for doors",False,False,not_primary_strict,not_primary_broad
HS1992:761090,H0,761090,Other,False,False,not_primary_strict,not_primary_broad
HS1992:761100,H0,761100,"Aluminium reservoirs, tanks, vats and similar containers, for any material (other than compressed or liquefied gas), of a capacity exceeding 300 l, whether or not lined or heat-insulated, but not fitted with mechanica",False,False,not_primary_strict,not_primary_broad
HS1992:761290,H0,761290,Other,False,False,not_primary_strict,not_primary_broad
HS1992:761510,H0,761510,"Aluminium table/kitchen/household articles, scourers",False,False,not_primary_strict,not_primary_broad
HS1992:761610,H0,761610,"Nails, tacks, staples (other than those of heading No. 83.05), screws, bolts, nuts, screw hooks, rivets, cotters, cotter-pins, washers and similar articles",False,False,not_primary_strict,not_primary_broad
HS1992:761690,H0,761690,"Articles of aluminium, nes",False,False,not_primary_strict,not_primary_broad
HS1992:780199,H0,780199,Other,False,True,not_primary_strict,broad_first_stage_metals_scrap
HS1992:780200,H0,780200,Lead waste and scrap.,False,True,not_primary_strict,broad_first_stage_metals_scrap
HS1992:780419,H0,780419,"Plates, sheets, strip and foil :-- Other",False,False,not_primary_strict,not_primary_broad
HS1992:790200,H0,790200,Zinc waste and scrap.,False,True,not_primary_strict,broad_first_stage_metals_scrap
HS1992:790390,H0,790390,Other,False,False,not_primary_strict,not_primary_broad
HS1992:820330,H0,820330,Metal cutting shears and similar tools,False,False,not_primary_strict,not_primary_broad
HS1992:820520,H0,820520,Hammers and sledge hammers,False,False,not_primary_strict,not_primary_broad
HS1992:820559,H0,820559,Other hand tools (including glaziers' diamonds) :-- Other,False,False,not_primary_strict,not_primary_broad
HS1992:820590,H0,820590,Sets of articles of two or more of the foregoing subheadings,False,False,not_primary_strict,not_primary_broad
HS1992:820730,H0,820730,"Tools for pressing, stamping or punching",False,False,not_primary_strict,not_primary_broad
HS1992:820760,H0,820760,Tools for boring or broaching,False,False,not_primary_strict,not_primary_broad
HS1992:820790,H0,820790,Other interchangeable tools,False,False,not_primary_strict,not_primary_broad
HS1992:820810,H0,820810,For metal working,False,False,not_primary_strict,not_primary_broad
HS1992:820830,H0,820830,For kitchen appliances or for machines used by the food industry,False,False,not_primary_strict,not_primary_broad
HS1992:830140,H0,830140,Other locks,False,False,not_primary_strict,not_primary_broad
HS1992:830160,H0,830160,Parts,False,False,not_primary_strict,not_primary_broad
HS1992:830170,H0,830170,Keys presented separately,False,False,not_primary_strict,not_primary_broad
HS1992:830210,H0,830210,Hinges,False,False,not_primary_strict,not_primary_broad
HS1992:830220,H0,830220,Castors,False,False,not_primary_strict,not_primary_broad
HS1992:830230,H0,830230,"Other mountings, fittings and similar articles suitable for motor vehicles",False,False,not_primary_strict,not_primary_broad
HS1992:830520,H0,830520,Staples in strips,False,False,not_primary_strict,not_primary_broad
HS1992:830810,H0,830810,"Hooks, eyes and eyelets",False,False,not_primary_strict,not_primary_broad
HS1992:830820,H0,830820,Tubular or bifurcated rivets,False,False,not_primary_strict,not_primary_broad
HS1992:830890,H0,830890,"Other, including parts",False,False,not_primary_strict,not_primary_broad
HS1992:831110,H0,831110,"Coated electrodes of base metal, for electric arc-welding",False,False,not_primary_strict,not_primary_broad
HS1992:840290,H0,840290,Parts,False,False,not_primary_strict,not_primary_broad
HS1992:840410,H0,840410,Auxiliary plant for use with boilers of heading No. 84.02 or 84.03,False,False,not_primary_strict,not_primary_broad
HS1992:840490,H0,840490,Parts,False,False,not_primary_strict,not_primary_broad
HS1992:840611,H0,840611,Steam and vapour turbines for marine propulsion,False,False,not_primary_strict,not_primary_broad
HS1992:840690,H0,840690,Parts,False,False,not_primary_strict,not_primary_broad
HS1992:840721,H0,840721,Marine propulsion engines :-- Outboard motors,False,False,not_primary_strict,not_primary_broad
HS1992:841121,H0,841121,"Turbo-propellers :-- Of a power not exceeding 1,100 kW",False,False,not_primary_strict,not_primary_broad
HS1992:841181,H0,841181,"Other gas turbines :-- Of a power not exceeding 5,000 kW",False,False,not_primary_strict,not_primary_broad
HS1992:841229,H0,841229,Hydraulic power engines and motors :-- Other,False,False,not_primary_strict,not_primary_broad
HS1992:841311,H0,841311,"Pumps fitted or designed to be fitted with a measuring device :-- Pumps for dispensing fuel or lubricants, of the type used in filling-stations or in garages",False,False,not_primary_strict,not_primary_broad
HS1992:841319,H0,841319,Pumps fitted or designed to be fitted with a measuring device :-- Other,False,False,not_primary_strict,not_primary_broad
HS1992:841360,H0,841360,Other rotary positive displacement pumps,False,False,not_primary_strict,not_primary_broad
HS1992:841370,H0,841370,Other centrifugal pumps,False,False,not_primary_strict,not_primary_broad
HS1992:841440,H0,841440,Air compressors mounted on a wheeled chassis for towing,False,False,not_primary_strict,not_primary_broad
HS1992:841451,H0,841451,"Fans :-- Table, floor, wall, window, ceiling or roof fans, with a self-contained electric motor of an output not exceeding 125 W",False,False,not_primary_strict,not_primary_broad
HS1992:841480,H0,841480,Other,False,False,not_primary_strict,not_primary_broad
HS1992:841510,H0,841510,"Window or wall types, self-contained",False,False,not_primary_strict,not_primary_broad
HS1992:841810,H0,841810,"Combined refrigerator-freezers, fitted with separate external doors",False,False,not_primary_strict,not_primary_broad
HS1992:841821,H0,841821,"Refrigerators, household type :-- Compression-type",False,False,not_primary_strict,not_primary_broad
HS1992:841822,H0,841822,"Refrigerators, household type :-- Absorption-type, electrical",False,False,not_primary_strict,not_primary_broad
HS1992:841830,H0,841830,"Freezers of the chest type, not exceeding 800 l capacity",False,False,not_primary_strict,not_primary_broad
HS1992:841840,H0,841840,"Freezers of the upright type, not exceeding 900 l capacity",False,False,not_primary_strict,not_primary_broad
HS1992:841850,H0,841850,"Other refrigerating or freezing chests, cabinets, display counters, show-cases and similar refrigerating or freezing furniture",False,False,not_primary_strict,not_primary_broad
HS1992:841861,H0,841861,Other refrigerating or freezing equipment; heat pumps :-- Compression type units whose condensers are heat exchangers,False,False,not_primary_strict,not_primary_broad
HS1992:841869,H0,841869,Other refrigerating or freezing equipment; heat pumps :-- Other,False,False,not_primary_strict,not_primary_broad
HS1992:841981,H0,841981,"Other machinery, plant and equipment :-- For making hot drinks or for cooking or heating food",False,False,not_primary_strict,not_primary_broad
HS1992:842010,H0,842010,Calendering or other rolling machines,False,False,not_primary_strict,not_primary_broad
HS1992:842111,H0,842111,"Centrifuges, including centrifugal dryers :-- Cream separators",False,False,not_primary_strict,not_primary_broad
HS1992:842119,H0,842119,"Centrifuges, including centrifugal dryers :-- Other",False,False,not_primary_strict,not_primary_broad
HS1992:842123,H0,842123,Filtering or purifying machinery and apparatus for liquids :-- Oil or petrol-filters for internal combustion engines,False,False,not_primary_strict,not_primary_broad
HS1992:842410,H0,842410,"Fire extinguishers, whether or not charged",False,False,not_primary_strict,not_primary_broad
HS1992:842481,H0,842481,Other appliances :-- Agricultural or horticultural,False,False,not_primary_strict,not_primary_broad
HS1992:842489,H0,842489,Other appliances : Other,False,False,not_primary_strict,not_primary_broad
HS1992:842531,H0,842531,Other winches; capstans :-- Powered by electric motor,False,False,not_primary_strict,not_primary_broad
HS1992:842691,H0,842691,Other machinery :-- Designed for mounting on road vehicles,False,False,not_primary_strict,not_primary_broad
HS1992:842911,H0,842911,Bulldozers and angledozers :-- Track laying,False,False,not_primary_strict,not_primary_broad
HS1992:842940,H0,842940,Tamping machines and road rollers,False,False,not_primary_strict,not_primary_broad
HS1992:842951,H0,842951,"Mechanical shovels, excavators and shovel loaders :- Front-end shovel loaders",False,False,not_primary_strict,not_primary_broad
HS1992:842952,H0,842952,"Mechanical shovels, excavators and shovel loaders :-- Machinery with a 360( revolving superstructure",False,False,not_primary_strict,not_primary_broad
HS1992:843049,H0,843049,Other boring or sinking machinery :-- Other,False,False,not_primary_strict,not_primary_broad
HS1992:843050,H0,843050,"Other machinery, self-propelled",False,False,not_primary_strict,not_primary_broad
HS1992:843069,H0,843069,"Other machinery, not self-propelled :- Other",False,False,not_primary_strict,not_primary_broad
HS1992:843110,H0,843110,Of machinery of heading No. 84.25,False,False,not_primary_strict,not_primary_broad
HS1992:843149,H0,843149,"Of machinery of heading No. 84.26, 84.29 or 84.30 :-- Other",False,False,not_primary_strict,not_primary_broad
HS1992:843330,H0,843330,Other haymaking machinery,False,False,not_primary_strict,not_primary_broad
HS1992:843390,H0,843390,Parts,False,False,not_primary_strict,not_primary_broad
HS1992:843780,H0,843780,Other machinery,False,False,not_primary_strict,not_primary_broad
HS1992:843810,H0,843810,"Bakery machinery and machinery for the manufacture of macaroni, spaghetti or similar products",False,False,not_primary_strict,not_primary_broad
HS1992:843840,H0,843840,Brewery machinery,False,False,not_primary_strict,not_primary_broad
HS1992:843850,H0,843850,Machinery for the preparation of meat or poultry,False,False,not_primary_strict,not_primary_broad
HS1992:843880,H0,843880,Other machinery,False,False,not_primary_strict,not_primary_broad
HS1992:843991,H0,843991,Parts :-- Of machinery for making pulp of fibrous cellulosic material,False,False,not_primary_strict,not_primary_broad
HS1992:844010,H0,844010,Machinery,False,False,not_primary_strict,not_primary_broad
HS1992:844230,H0,844230,"Other machinery, apparatus and equipment",False,False,not_primary_strict,not_primary_broad
HS1992:845011,H0,845011,"Machines, each of a dry linen capacity not exceeding 10 kg :-- Fully-automatic machines",False,False,not_primary_strict,not_primary_broad
HS1992:845019,H0,845019,"Machines, each of a dry linen capacity not exceeding 10 kg :-- Other",False,False,not_primary_strict,not_primary_broad
HS1992:845180,H0,845180,Other machinery,False,False,not_primary_strict,not_primary_broad
HS1992:845221,H0,845221,Other sewing machines :-- Automatic units,False,False,not_primary_strict,not_primary_broad
HS1992:845229,H0,845229,Other sewing machines :-- Other,False,False,not_primary_strict,not_primary_broad
HS1992:845230,H0,845230,Sewing machine needles,False,False,not_primary_strict,not_primary_broad
HS1992:845290,H0,845290,Other parts of sewing machines,False,False,not_primary_strict,not_primary_broad
HS1992:845320,H0,845320,Machinery for making or repairing footwear,False,False,not_primary_strict,not_primary_broad
HS1992:845390,H0,845390,Parts,False,False,not_primary_strict,not_primary_broad
HS1992:846239,H0,846239,"Shearing machines (including presses), other than combined punching and shearing machines :-- Other",False,False,not_primary_strict,not_primary_broad
HS1992:846490,H0,846490,Other,False,False,not_primary_strict,not_primary_broad
HS1992:846692,H0,846692,Other :-- For machines of heading No. 84.65,False,False,not_primary_strict,not_primary_broad
HS1992:846719,H0,846719,Pneumatic :-- Other,False,False,not_primary_strict,not_primary_broad
HS1992:847310,H0,847310,Parts and accessories of the machines of heading No. 84.69,False,False,not_primary_strict,not_primary_broad
HS1992:847329,H0,847329,Parts and accessories of the machines of heading No. 84.70 :-- Other,False,False,not_primary_strict,not_primary_broad
HS1992:847330,H0,847330,Parts and accessories of the machines of heading No. 84.71,False,False,not_primary_strict,not_primary_broad
HS1992:847410,H0,847410,"Sorting, screening, separating or washing machines",False,False,not_primary_strict,not_primary_broad
HS1992:847432,H0,847432,Mixing or kneading machines :-- Machines for mixing mineral substances with bitumen,False,False,not_primary_strict,not_primary_broad
HS1992:847490,H0,847490,Parts,False,False,not_primary_strict,not_primary_broad
HS1992:847780,H0,847780,Other machinery,False,False,not_primary_strict,not_primary_broad
HS1992:847810,H0,847810,Machinery,False,False,not_primary_strict,not_primary_broad
HS1992:848190,H0,848190,Parts,False,False,not_primary_strict,not_primary_broad
HS1992:848280,H0,848280,"Other, including combined ball/roller bearings",False,False,not_primary_strict,not_primary_broad
HS1992:848590,H0,848590,Other,False,False,not_primary_strict,not_primary_broad
HS1992:850120,H0,850120,Universal AC/DC motors of an output exceeding 37.5 W,False,False,not_primary_strict,not_primary_broad
HS1992:850131,H0,850131,Other DC motors; DC generators :-- Of an output not exceeding 750 W,False,False,not_primary_strict,not_primary_broad
HS1992:850132,H0,850132,Other DC motors; DC generators :-- Of an output exceeding 750 W but not exceeding 75 kW,False,False,not_primary_strict,not_primary_broad
HS1992:850134,H0,850134,Other DC motors; DC generators :-- Of an output exceeding 375 kW,False,False,not_primary_strict,not_primary_broad
HS1992:850162,H0,850162,AC generators (alternators) : -- Of an output exceeding 75 kVA but not exceeding 375 kVA,False,False,not_primary_strict,not_primary_broad
HS1992:850163,H0,850163,AC generators (alternators) : -- Of an output exceeding 375 kVA but not exceeding 750 kVA,False,False,not_primary_strict,not_primary_broad
HS1992:850164,H0,850164,AC generators (alternators) : -- Of an output exceeding 750 kVA,False,False,not_primary_strict,not_primary_broad
HS1992:850211,H0,850211,Generating sets with compression-ignition internal combustion piston engines (diesel or semi-diesel engines) :-- Of an output not exceeding 75 kVA,False,False,not_primary_strict,not_primary_broad
HS1992:850300,H0,850300,Parts suitable for use solely or principally with the machines of heading No. 85.01 or 85.02.,False,False,not_primary_strict,not_primary_broad
HS1992:850410,H0,850410,Ballasts for discharge lamps or tubes,False,False,not_primary_strict,not_primary_broad
HS1992:850421,H0,850421,Liquid dielectric transformers :-- Having a power handling capacity not exceeding 650 kVA,False,False,not_primary_strict,not_primary_broad
HS1992:850422,H0,850422,"Liquid dielectric transformers :-- Having a power handling capacity exceeding 650 kVA but not exceeding 10,000 kVA",False,False,not_primary_strict,not_primary_broad
HS1992:850431,H0,850431,Other transformers :-- Having a power handling capacity not exceeding 1 kVA,False,False,not_primary_strict,not_primary_broad
HS1992:850440,H0,850440,Static converters,False,False,not_primary_strict,not_primary_broad
HS1992:850450,H0,850450,Other inductors,False,False,not_primary_strict,not_primary_broad
HS1992:850490,H0,850490,Parts,False,False,not_primary_strict,not_primary_broad
HS1992:850590,H0,850590,"Other, including parts",False,False,not_primary_strict,not_primary_broad
HS1992:850619,H0,850619,"Primary cells, primary batteries nes, volume < 300 cc",False,False,not_primary_strict,not_primary_broad
HS1992:850620,H0,850620,"Primary cells, primary batteries nes, volume > 300 cc",False,False,not_primary_strict,not_primary_broad
HS1992:850710,H0,850710,"Lead-acid, of a kind used for starting piston engines",False,False,not_primary_strict,not_primary_broad
HS1992:850720,H0,850720,Other lead-acid accumulators,False,False,not_primary_strict,not_primary_broad
HS1992:850780,H0,850780,Other accumulators,False,False,not_primary_strict,not_primary_broad
HS1992:850790,H0,850790,Parts,False,False,not_primary_strict,not_primary_broad
HS1992:850880,H0,850880,Other tools,False,False,not_primary_strict,not_primary_broad
HS1992:850980,H0,850980,Other appliances,False,False,not_primary_strict,not_primary_broad
HS1992:851220,H0,851220,Other lighting or visual signalling equipment,False,False,not_primary_strict,not_primary_broad
HS1992:851610,H0,851610,Electric instantaneous or storage water heaters and immersion heaters,False,False,not_primary_strict,not_primary_broad
HS1992:851629,H0,851629,Electric space heating apparatus and electric soil heating apparatus :-- Other,False,False,not_primary_strict,not_primary_broad
HS1992:851660,H0,851660,"Other ovens; cookers, cooking plates, boiling rings, grillers and roasters",False,False,not_primary_strict,not_primary_broad
HS1992:851671,H0,851671,Other electro-thermic appliances :-- Coffee or tea makers,False,False,not_primary_strict,not_primary_broad
HS1992:851690,H0,851690,Parts,False,False,not_primary_strict,not_primary_broad
HS1992:851781,H0,851781,"Telephonic apparatus, nes",False,False,not_primary_strict,not_primary_broad
HS1992:851782,H0,851782,"Telegraphic apparatus, nes",False,False,not_primary_strict,not_primary_broad
HS1992:851790,H0,851790,Parts,False,False,not_primary_strict,not_primary_broad
HS1992:851890,H0,851890,Parts,False,False,not_primary_strict,not_primary_broad
HS1992:851929,H0,851929,Other record-players :-- Other,False,False,not_primary_strict,not_primary_broad
HS1992:851999,H0,851999,Other sound reproducing apparatus :-- Other,False,False,not_primary_strict,not_primary_broad
HS1992:852020,H0,852020,Telephone answering machines,False,False,not_primary_strict,not_primary_broad
HS1992:852031,H0,852031,"Cassette type audio tape recorders, sound reproducing",False,False,not_primary_strict,not_primary_broad
HS1992:852290,H0,852290,Other,False,False,not_primary_strict,not_primary_broad
HS1992:852490,H0,852490,Sound recordings other than photographic products nes,False,False,not_primary_strict,not_primary_broad
HS1992:852510,H0,852510,Transmission apparatus,False,False,not_primary_strict,not_primary_broad
HS1992:852520,H0,852520,Transmission apparatus incorporating reception apparatus,False,False,not_primary_strict,not_primary_broad
HS1992:852530,H0,852530,Television cameras,False,False,not_primary_strict,not_primary_broad
HS1992:852810,H0,852810,Colour television receivers/monitors/projectors,False,False,not_primary_strict,not_primary_broad
HS1992:852820,H0,852820,Monochrome television receivers/monitors/projectors,False,False,not_primary_strict,not_primary_broad
HS1992:853110,H0,853110,Burglar or fire alarms and similar apparatus,False,False,not_primary_strict,not_primary_broad
HS1992:853210,H0,853210,Fixed capacitors designed for use in 50/60 Hz circuits and having a reactive power handling capacity of not less than 0.5 kvar (power capacitors),False,False,not_primary_strict,not_primary_broad
HS1992:853321,H0,853321,Other fixed resistors :-- For a power handling capacity not exceeding 20 W,False,False,not_primary_strict,not_primary_broad
HS1992:853590,H0,853590,Other,False,False,not_primary_strict,not_primary_broad
HS1992:853610,H0,853610,Fuses,False,False,not_primary_strict,not_primary_broad
HS1992:853650,H0,853650,Other switches,False,False,not_primary_strict,not_primary_broad
HS1992:853661,H0,853661,"Lamp-holders, plugs and sockets :-- Lamp-holders",False,False,not_primary_strict,not_primary_broad
HS1992:853669,H0,853669,"Lamp-holders, plugs and sockets :-- Other",False,False,not_primary_strict,not_primary_broad
HS1992:853710,H0,853710,"For a voltage not exceeding 1,000 V",False,False,not_primary_strict,not_primary_broad
HS1992:854140,H0,854140,"Photosensitive semiconductor devices, including photovoltaic cells whether or not assembled in modules or made up into panels; light emitting diodes",False,False,not_primary_strict,not_primary_broad
HS1992:870130,H0,870130,Track-laying tractors,False,False,not_primary_strict,not_primary_broad
HS1992:870190,H0,870190,Other,False,False,not_primary_strict,not_primary_broad
HS1992:870323,H0,870323,"Other vehicles, with spark-ignition internal combustion reciprocating piston engine :-- Of a cylinder capacity exceeding 1,500 cc but not exceeding 3,000 cc",False,False,not_primary_strict,not_primary_broad
HS1992:870410,H0,870410,Dumpers designed for off-highway use,False,False,not_primary_strict,not_primary_broad
HS1992:870422,H0,870422,"Other, with compression-ignition internal combustion piston engine (diesel or semi-diesel) :-- g.v.w. exceeding 5 tonnes but not exceeding 20 tonnes",False,False,not_primary_strict,not_primary_broad
HS1992:870510,H0,870510,Crane lorries,False,False,not_primary_strict,not_primary_broad
HS1992:870540,H0,870540,Concrete-mixer lorries,False,False,not_primary_strict,not_primary_broad
HS1992:870590,H0,870590,Other,False,False,not_primary_strict,not_primary_broad
HS1992:870710,H0,870710,For the vehicles of heading No. 87.03,False,False,not_primary_strict,not_primary_broad
HS1992:870810,H0,870810,Bumpers and parts thereof,False,False,not_primary_strict,not_primary_broad
HS1992:870821,H0,870821,Other parts and accessories of bodies (including cabs) :-- Safety seat belts,False,False,not_primary_strict,not_primary_broad
HS1992:870840,H0,870840,Gear boxes,False,False,not_primary_strict,not_primary_broad
HS1992:870850,H0,870850,"Drive-axles with differential, whether or not provided with other transmission components",False,False,not_primary_strict,not_primary_broad
HS1992:870870,H0,870870,Road wheels and parts and accessories thereof,False,False,not_primary_strict,not_primary_broad
HS1992:870899,H0,870899,Other parts and accessories :-- Other,False,False,not_primary_strict,not_primary_broad
HS1992:870990,H0,870990,Parts,False,False,not_primary_strict,not_primary_broad
HS1992:880310,H0,880310,Propellers and rotors and parts thereof,False,False,not_primary_strict,not_primary_broad
HS1992:880330,H0,880330,Other parts of aeroplanes or helicopters,False,False,not_primary_strict,not_primary_broad
HS1992:900630,H0,900630,"Cameras specially designed for underwater use, for aerial survey or for medical or surgical examination of internal organs; comparison cameras for forensic or criminological purposes",False,False,not_primary_strict,not_primary_broad
HS1992:900652,H0,900652,"Other cameras :-- Other, for roll film of a width less than 35 mm",False,False,not_primary_strict,not_primary_broad
HS1992:900890,H0,900890,Parts and accessories,False,False,not_primary_strict,not_primary_broad
HS1992:900911,H0,900911,Electrostatic photo-copying apparatus :-- Operating by reproducing the original image directly onto the copy (direct process),False,False,not_primary_strict,not_primary_broad
HS1992:900922,H0,900922,Other photo-copying apparatus :-- Of the contact type,False,False,not_primary_strict,not_primary_broad
HS1992:901530,H0,901530,Levels,False,False,not_primary_strict,not_primary_broad
HS1992:901580,H0,901580,Other instruments and appliances,False,False,not_primary_strict,not_primary_broad
HS1992:901600,H0,901600,"Balances of a sensitivity of 5 cg or better, with or without weights.",False,False,not_primary_strict,not_primary_broad
HS1992:901831,H0,901831,"Syringes, needles, catheters, cannulae and the like :-- Syringes, with or without needles",False,False,not_primary_strict,not_primary_broad
HS1992:901849,H0,901849,"Other instruments and appliances, used in dental sciences :-- Other",False,False,not_primary_strict,not_primary_broad
HS1992:901850,H0,901850,Other ophthalmic instruments and appliances,False,False,not_primary_strict,not_primary_broad
HS1992:902610,H0,902610,For measuring or checking the flow or level of liquids,False,False,not_primary_strict,not_primary_broad
HS1992:903290,H0,903290,Parts and accessories,False,False,not_primary_strict,not_primary_broad
HS1992:910521,H0,910521,Wall clocks :-- Electrically operated,False,False,not_primary_strict,not_primary_broad
HS1992:911120,H0,911120,"Cases of base metal, whether or not gold- or silver-plated",False,False,not_primary_strict,not_primary_broad
HS1992:920110,H0,920110,Upright pianos,False,False,not_primary_strict,not_primary_broad
HS1992:930100,H0,930100,"Military weapons, other than revolvers, pistols and the arms of heading No. 93.07.",False,False,not_primary_strict,not_primary_broad
HS1992:930621,H0,930621,Shotgun cartridges and parts thereof; air gun pellets :-- Cartridges,False,False,not_primary_strict,not_primary_broad
HS1992:930690,H0,930690,Other,False,False,not_primary_strict,not_primary_broad
HS1992:940110,H0,940110,Seats of a kind used for aircraft,False,False,not_primary_strict,not_primary_broad
HS1992:940120,H0,940120,Seats of a kind used for motor vehicles,False,False,not_primary_strict,not_primary_broad
HS1992:940130,H0,940130,Swivel seats with variable height adjustment,False,False,not_primary_strict,not_primary_broad
HS1992:940140,H0,940140,"Seats other than garden seats or camping equipment, convertible into beds",False,False,not_primary_strict,not_primary_broad
HS1992:940150,H0,940150,"Seats of cane, osier, bamboo or similar materials",False,False,not_primary_strict,not_primary_broad
HS1992:940161,H0,940161,"Other seats, with wooden frames :-- Upholstered",False,False,not_primary_strict,not_primary_broad
HS1992:940169,H0,940169,"Other seats, with wooden frames :-- Other",False,False,not_primary_strict,not_primary_broad
HS1992:940171,H0,940171,"Other seats, with metal frames :-- Upholstered",False,False,not_primary_strict,not_primary_broad
HS1992:940179,H0,940179,"Other seats, with metal frames :-- Other",False,False,not_primary_strict,not_primary_broad
HS1992:940180,H0,940180,Other seats,False,False,not_primary_strict,not_primary_broad
HS1992:940190,H0,940190,Parts,False,False,not_primary_strict,not_primary_broad
HS1992:940310,H0,940310,Metal furniture of a kind used in offices,False,False,not_primary_strict,not_primary_broad
HS1992:940320,H0,940320,Other metal furniture,False,False,not_primary_strict,not_primary_broad
HS1992:940330,H0,940330,Wooden furniture of a kind used in offices,False,False,not_primary_strict,not_primary_broad
HS1992:940340,H0,940340,Wooden furniture of a kind used in the kitchen,False,False,not_primary_strict,not_primary_broad
HS1992:940350,H0,940350,Wooden furniture of a kind used in the bedroom,False,False,not_primary_strict,not_primary_broad
HS1992:940360,H0,940360,Other wooden furniture,False,False,not_primary_strict,not_primary_broad
HS1992:940380,H0,940380,"Furniture of other materials, including cane, osier, bamboo or similar materials",False,False,not_primary_strict,not_primary_broad
HS1992:940390,H0,940390,Parts,False,False,not_primary_strict,not_primary_broad
HS1992:940410,H0,940410,Mattress supports,False,False,not_primary_strict,not_primary_broad
HS1992:940429,H0,940429,Mattresses :-- Of other materials,False,False,not_primary_strict,not_primary_broad
HS1992:940430,H0,940430,Sleeping bags,False,False,not_primary_strict,not_primary_broad
HS1992:940490,H0,940490,Other,False,False,not_primary_strict,not_primary_broad
HS1992:940510,H0,940510,"Chandeliers and other electric ceiling or wall lighting fittings, excluding those of a kind used for lighting public open spaces or thoroughfares",False,False,not_primary_strict,not_primary_broad
HS1992:940540,H0,940540,Other electric lamps and lighting fittings,False,False,not_primary_strict,not_primary_broad
HS1992:940560,H0,940560,"Illuminated signs, illuminated name-plates and the like",False,False,not_primary_strict,not_primary_broad
HS1992:940600,H0,940600,Prefabricated buildings.,False,False,not_primary_strict,not_primary_broad
HS1992:950100,H0,950100,"Wheeled toys designed to be ridden by children (for example, tricycles, scooters, pedal cars); dolls' carriages.",False,False,not_primary_strict,not_primary_broad
HS1992:950310,H0,950310,"Electric trains, including tracks, signals and other accessories therefor",False,False,not_primary_strict,not_primary_broad
HS1992:950320,H0,950320,"Reduced-size ('scale') model assembly kits, whether or not working models, excluding those of subheading No. 9503.10",False,False,not_primary_strict,not_primary_broad
HS1992:950330,H0,950330,Other construction sets and constructional toys,False,False,not_primary_strict,not_primary_broad
HS1992:950349,H0,950349,Toys representing animals or non-human creatures :-- Other,False,False,not_primary_strict,not_primary_broad
HS1992:950370,H0,950370,"Other toys, put up in sets or outfits",False,False,not_primary_strict,not_primary_broad
HS1992:950390,H0,950390,Other,False,False,not_primary_strict,not_primary_broad
HS1992:950410,H0,950410,Video games of a kind used with a television receiver,False,False,not_primary_strict,not_primary_broad
HS1992:950420,H0,950420,Articles and accessories for billiards,False,False,not_primary_strict,not_primary_broad
HS1992:950430,H0,950430,"Other games, coin- or disc-operated, other than bowling alley equipment",False,False,not_primary_strict,not_primary_broad
HS1992:950490,H0,950490,Other,False,False,not_primary_strict,not_primary_broad
HS1992:950510,H0,950510,Articles for Christmas festivities,False,False,not_primary_strict,not_primary_broad
HS1992:950590,H0,950590,Other,False,False,not_primary_strict,not_primary_broad
HS1992:960110,H0,960110,Worked ivory and articles of ivory,False,False,not_primary_strict,not_primary_broad
HS1992:960200,H0,960200,"Worked vegetable or mineral carving material and articles of these materials; moulded or carved articles of wax, of stearin, of natural gums or natural resins or of modelling pastes, and other moulded or carved articles, not elsewhere",False,False,not_primary_strict,not_primary_broad
HS1992:960340,H0,960340,"Paint, distemper, varnish or similar brushes (other than brushes of subheading No. 9603.30); paint pads and rollers",False,False,not_primary_strict,not_primary_broad
HS1992:960390,H0,960390,Other,False,False,not_primary_strict,not_primary_broad
HS1992:960610,H0,960610,"Press-fasteners, snap-fasteners and press-studs and parts therefor",False,False,not_primary_strict,not_primary_broad
HS1992:960622,H0,960622,"Buttons :-- Of base metal, not covered with textile material",False,False,not_primary_strict,not_primary_broad
HS1992:960720,H0,960720,Parts,False,False,not_primary_strict,not_primary_broad
HS1992:961410,H0,961410,"Roughly shaped blocks of wood or root, for pipes",False,False,not_primary_strict,not_primary_broad
HS1992:961420,H0,961420,Pipes and pipe bowls,False,False,not_primary_strict,not_primary_broad
HS1992:970190,H0,970190,Other,False,False,not_primary_strict,not_primary_broad
HS1992:970600,H0,970600,Antiques of an age exceeding one hundred years.,False,False,not_primary_strict,not_primary_broad
HS1992:010210,H0,010210,Pure-bred breeding animals,True,True,strict_hs01_10_12_14_raw_agriculture,strict_hs01_10_12_14_raw_agriculture
HS1992:010410,H0,010410,Sheep,True,True,strict_hs01_10_12_14_raw_agriculture,strict_hs01_10_12_14_raw_agriculture
HS1992:020329,H0,020329,Frozen :-- Other,True,True,strict_hs01_10_12_14_raw_agriculture,strict_hs01_10_12_14_raw_agriculture
HS1992:020422,H0,020422,"Other meat of sheep, fresh or chilled :-- Other cuts with bone in",True,True,strict_hs01_10_12_14_raw_agriculture,strict_hs01_10_12_14_raw_agriculture
HS1992:020710,H0,020710,"Poultry, domestic, whole, fresh or chilled",True,True,strict_hs01_10_12_14_raw_agriculture,strict_hs01_10_12_14_raw_agriculture
HS1992:020739,H0,020739,"Poultry cuts & offal, except livers, fresh or chilled",True,True,strict_hs01_10_12_14_raw_agriculture,strict_hs01_10_12_14_raw_agriculture
HS1992:020741,H0,020741,"Fowl cuts & offal, domestic, except livers, frozen",True,True,strict_hs01_10_12_14_raw_agriculture,strict_hs01_10_12_14_raw_agriculture
HS1992:020750,H0,020750,"Poultry livers, domestic, frozen",True,True,strict_hs01_10_12_14_raw_agriculture,strict_hs01_10_12_14_raw_agriculture
HS1992:020890,H0,020890,Other,True,True,strict_hs01_10_12_14_raw_agriculture,strict_hs01_10_12_14_raw_agriculture
HS1992:030191,H0,030191,"Other live fish :-- Trout (Salmo trutta, Oncorhynchus mykiss, Oncorhynchus clarki, Oncorhynchus aguabonita, Oncorhynchus gilae, Oncorhynchus apache and Oncorhynchus chrysogaster)",True,True,strict_hs01_10_12_14_raw_agriculture,strict_hs01_10_12_14_raw_agriculture
HS1992:030229,H0,030229,"Salmonidae, excluding livers and roes :-- Other",True,True,strict_hs01_10_12_14_raw_agriculture,strict_hs01_10_12_14_raw_agriculture
HS1992:030265,H0,030265,"Other fish, excluding livers and roes :-- Dogfish and other sharks",True,True,strict_hs01_10_12_14_raw_agriculture,strict_hs01_10_12_14_raw_agriculture
HS1992:030321,H0,030321,"Other salmonidae, excluding livers and roes :-- Trout (Salmo trutta, Oncorhynchus mykiss, Oncorhynchus clarki, Oncorhynchus aguabonita, Oncorhynchus gilae, Oncorhynchus apache and Oncorhynchus chrysogaster)",True,True,strict_hs01_10_12_14_raw_agriculture,strict_hs01_10_12_14_raw_agriculture
HS1992:030378,H0,030378,"Other fish, excluding livers and roes :-- Hake (Merluccius spp., Urophycis spp.)",True,True,strict_hs01_10_12_14_raw_agriculture,strict_hs01_10_12_14_raw_agriculture
HS1992:030559,H0,030559,"Dried fish, whether or not salted but not smoked :-- Other",True,True,strict_hs01_10_12_14_raw_agriculture,strict_hs01_10_12_14_raw_agriculture
HS1992:030569,H0,030569,"Fish, salted but not dried or smoked and fish in brine :-- Other",True,True,strict_hs01_10_12_14_raw_agriculture,strict_hs01_10_12_14_raw_agriculture
HS1992:030613,H0,030613,Frozen :-- Shrimps and prawns,True,True,strict_hs01_10_12_14_raw_agriculture,strict_hs01_10_12_14_raw_agriculture
HS1992:030614,H0,030614,Frozen :-- Crabs,True,True,strict_hs01_10_12_14_raw_agriculture,strict_hs01_10_12_14_raw_agriculture
HS1992:030622,H0,030622,Not frozen :-- Lobsters (Homarus spp.),True,True,strict_hs01_10_12_14_raw_agriculture,strict_hs01_10_12_14_raw_agriculture
HS1992:030623,H0,030623,Not frozen :-- Shrimps and prawns,True,True,strict_hs01_10_12_14_raw_agriculture,strict_hs01_10_12_14_raw_agriculture
HS1992:040310,H0,040310,Yogurt,True,True,strict_hs01_10_12_14_raw_agriculture,strict_hs01_10_12_14_raw_agriculture
HS1992:040410,H0,040410,"Whey and modified whey, whether or not concentrated or containing added sugar or other sweetening matter",True,True,strict_hs01_10_12_14_raw_agriculture,strict_hs01_10_12_14_raw_agriculture
HS1992:040500,H0,040500,Butter and other fats and oils derived from milk,True,True,strict_hs01_10_12_14_raw_agriculture,strict_hs01_10_12_14_raw_agriculture
HS1992:040610,H0,040610,"Fresh (unripened or uncured) cheese, including whey cheese, and curd",True,True,strict_hs01_10_12_14_raw_agriculture,strict_hs01_10_12_14_raw_agriculture
HS1992:040700,H0,040700,"Birds' eggs, in shell, fresh, preserved or cooked.",True,True,strict_hs01_10_12_14_raw_agriculture,strict_hs01_10_12_14_raw_agriculture
HS1992:060390,H0,060390,Other,True,True,strict_hs01_10_12_14_raw_agriculture,strict_hs01_10_12_14_raw_agriculture
HS1992:070610,H0,070610,Carrots and turnips,True,True,strict_hs01_10_12_14_raw_agriculture,strict_hs01_10_12_14_raw_agriculture
HS1992:070951,H0,070951,Mushrooms and truffles :-- Mushrooms,True,True,strict_hs01_10_12_14_raw_agriculture,strict_hs01_10_12_14_raw_agriculture
HS1992:070960,H0,070960,Fruits of the genus Capsicum or of the genus Pimenta,True,True,strict_hs01_10_12_14_raw_agriculture,strict_hs01_10_12_14_raw_agriculture
HS1992:070990,H0,070990,Other,True,True,strict_hs01_10_12_14_raw_agriculture,strict_hs01_10_12_14_raw_agriculture
HS1992:071390,H0,071390,Other,True,True,strict_hs01_10_12_14_raw_agriculture,strict_hs01_10_12_14_raw_agriculture
HS1992:080420,H0,080420,Figs,True,True,strict_hs01_10_12_14_raw_agriculture,strict_hs01_10_12_14_raw_agriculture
HS1992:080510,H0,080510,Oranges,True,True,strict_hs01_10_12_14_raw_agriculture,strict_hs01_10_12_14_raw_agriculture
HS1992:080920,H0,080920,Cherries,True,True,strict_hs01_10_12_14_raw_agriculture,strict_hs01_10_12_14_raw_agriculture
HS1992:081090,H0,081090,Other,True,True,strict_hs01_10_12_14_raw_agriculture,strict_hs01_10_12_14_raw_agriculture
HS1992:081340,H0,081340,Other fruit,True,True,strict_hs01_10_12_14_raw_agriculture,strict_hs01_10_12_14_raw_agriculture
HS1992:081350,H0,081350,Mixtures of nuts or dried fruits of this Chapter,True,True,strict_hs01_10_12_14_raw_agriculture,strict_hs01_10_12_14_raw_agriculture
HS1992:090412,H0,090412,Pepper :-- Crushed or ground,True,True,strict_hs01_10_12_14_raw_agriculture,strict_hs01_10_12_14_raw_agriculture
HS1992:091091,H0,091091,Other spices :-- Mixtures referred to in Note 1 (b) to this Chapter,True,True,strict_hs01_10_12_14_raw_agriculture,strict_hs01_10_12_14_raw_agriculture
HS1992:100300,H0,100300,Barley.,True,True,strict_hs01_10_12_14_raw_agriculture,strict_hs01_10_12_14_raw_agriculture
HS1992:100620,H0,100620,Husked (brown) rice,True,True,strict_hs01_10_12_14_raw_agriculture,strict_hs01_10_12_14_raw_agriculture
HS1992:110100,H0,110100,Wheat or meslin flour.,False,True,not_primary_strict,broad_first_stage_food_inputs_hs11_15_23
HS1992:120400,H0,120400,"Linseed, whether or not broken.",True,True,strict_hs01_10_12_14_raw_agriculture,strict_hs01_10_12_14_raw_agriculture
HS1992:120799,H0,120799,Other :-- Other,True,True,strict_hs01_10_12_14_raw_agriculture,strict_hs01_10_12_14_raw_agriculture
HS1992:120999,H0,120999,Other,True,True,strict_hs01_10_12_14_raw_agriculture,strict_hs01_10_12_14_raw_agriculture
HS1992:121010,H0,121010,"Hop cones, neither ground nor powdered nor in the form of pellets",True,True,strict_hs01_10_12_14_raw_agriculture,strict_hs01_10_12_14_raw_agriculture
HS1992:121110,H0,121110,Liquorice roots,True,True,strict_hs01_10_12_14_raw_agriculture,strict_hs01_10_12_14_raw_agriculture
HS1992:151211,H0,151211,Sunflower-seed or safflower oil and fractions thereof :-- Crude oil,False,True,not_primary_strict,broad_first_stage_food_inputs_hs11_15_23
HS1992:151490,H0,151490,Other,False,True,not_primary_strict,broad_first_stage_food_inputs_hs11_15_23
HS1992:160250,H0,160250,Of bovine animals,False,False,not_primary_strict,not_primary_broad
HS1992:170191,H0,170191,Other :-- Containing added flavouring or colouring matter,False,True,not_primary_strict,broad_sugar_hs1701
HS1992:180620,H0,180620,"Other preparations in blocks, slabs or bars weighing more than 2 kg or in liquid, paste, powder, granular or other bulk form in containers or immediate packings, of a content exceeding 2 kg",False,False,not_primary_strict,not_primary_broad
HS1992:180690,H0,180690,Other,False,False,not_primary_strict,not_primary_broad
HS1992:190211,H0,190211,"Uncooked pasta, not stuffed or otherwise prepared :-- Containing eggs",False,False,not_primary_strict,not_primary_broad
HS1992:190230,H0,190230,Other pasta,False,False,not_primary_strict,not_primary_broad
HS1992:190410,H0,190410,Prepared foods obtained by the swelling or roasting of cereals or cereal products,False,False,not_primary_strict,not_primary_broad
HS1992:190510,H0,190510,Crispbread,False,False,not_primary_strict,not_primary_broad
HS1992:200490,H0,200490,Other vegetables and mixtures of vegetables,False,False,not_primary_strict,not_primary_broad
HS1992:200520,H0,200520,Potatoes,False,False,not_primary_strict,not_primary_broad
HS1992:200570,H0,200570,Olives,False,False,not_primary_strict,not_primary_broad
HS1992:200920,H0,200920,Grapefruit juice,False,False,not_primary_strict,not_primary_broad
HS1992:200950,H0,200950,Tomato juice,False,False,not_primary_strict,not_primary_broad
HS1992:210330,H0,210330,Mustard flour and meal and prepared mustard,False,False,not_primary_strict,not_primary_broad
HS1992:210410,H0,210410,Soups and broths and preparations therefor,False,False,not_primary_strict,not_primary_broad
HS1992:210420,H0,210420,Homogenised composite food preparations,False,False,not_primary_strict,not_primary_broad
HS1992:220290,H0,220290,Other,False,False,not_primary_strict,not_primary_broad
HS1992:220300,H0,220300,Beer made from malt.,False,False,not_primary_strict,not_primary_broad
HS1992:220421,H0,220421,Other wine; grape must with fermentation prevented or arrested by the addition of alcohol :-- In containers holding 2 l or less,False,False,not_primary_strict,not_primary_broad
HS1992:220890,H0,220890,Other,False,False,not_primary_strict,not_primary_broad
HS1992:230910,H0,230910,"Dog or cat food, put up for retail sale",False,True,not_primary_strict,broad_first_stage_food_inputs_hs11_15_23
HS1992:240399,H0,240399,Other,False,False,not_primary_strict,not_primary_broad
HS1992:250810,H0,250810,Bentonite,True,True,strict_minerals_ores_hs25_26,strict_minerals_ores_hs25_26
HS1992:250840,H0,250840,Other clays,True,True,strict_minerals_ores_hs25_26,strict_minerals_ores_hs25_26
HS1992:251730,H0,251730,Tarred macadam,True,True,strict_minerals_ores_hs25_26,strict_minerals_ores_hs25_26
HS1992:251749,H0,251749,"Granules, chippings and powder, of stones of heading No. 25.15 or 25.16, whether or not heat-treated :-- Other",True,True,strict_minerals_ores_hs25_26,strict_minerals_ores_hs25_26
HS1992:252330,H0,252330,Aluminous cement,True,True,strict_minerals_ores_hs25_26,strict_minerals_ores_hs25_26
HS1992:260300,H0,260300,Copper ores and concentrates.,True,True,strict_minerals_ores_hs25_26,strict_minerals_ores_hs25_26
HS1992:261900,H0,261900,"Slag, dross (other than granulated slag), scalings and other waste from the manufacture of iron or steel.",True,True,strict_minerals_ores_hs25_26,strict_minerals_ores_hs25_26
HS1992:270300,H0,270300,"Peat (including peat litter), whether or not agglomerated.",True,True,strict_raw_fuels_coal_crude_gas,strict_raw_fuels_coal_crude_gas
HS1992:271111,H0,271111,Liquefied :-- Natural gas,True,True,strict_raw_fuels_coal_crude_gas,strict_raw_fuels_coal_crude_gas
HS1992:271113,H0,271113,Liquefied :-- Butanes,True,True,strict_raw_fuels_coal_crude_gas,strict_raw_fuels_coal_crude_gas
HS1992:280200,H0,280200,"Sulphur, sublimed or precipitated; colloidal sulphur.",False,False,not_primary_strict,not_primary_broad
HS1992:281630,H0,281630,"Oxide, hydroxide and peroxide of barium",False,False,not_primary_strict,not_primary_broad
HS1992:282590,H0,282590,Other,False,False,not_primary_strict,not_primary_broad
HS1992:282710,H0,282710,Ammonium chloride,False,False,not_primary_strict,not_primary_broad
HS1992:282733,H0,282733,Other chlorides:-- Of iron,False,False,not_primary_strict,not_primary_broad
HS1992:282890,H0,282890,Other,False,False,not_primary_strict,not_primary_broad
HS1992:282911,H0,282911,Chlorates:-- Of sodium,False,False,not_primary_strict,not_primary_broad
HS1992:282990,H0,282990,Other,False,False,not_primary_strict,not_primary_broad
HS1992:283630,H0,283630,Sodium hydrogencarbonate (sodium bicarbonate),False,False,not_primary_strict,not_primary_broad
HS1992:284290,H0,284290,Other,False,False,not_primary_strict,not_primary_broad
HS1992:285000,H0,285000,"Hydrides, nitrides, azides, silicides and borides, whether or not chemically defined, other than compounds which are also carbides of heading No. 28.49",False,False,not_primary_strict,not_primary_broad
HS1992:290322,H0,290322,Unsaturated chlorinated derivatives of acyclic hydrocarbons:-- Trichlolroethylene,False,False,not_primary_strict,not_primary_broad
HS1992:291639,H0,291639,"Aromatic monocarboxylic acids, their anhydrides, halides, peroxides, peroxyacids and their derivatives :-- Other",False,False,not_primary_strict,not_primary_broad
HS1992:294200,H0,294200,Other organic compounds.,False,False,not_primary_strict,not_primary_broad
HS1992:300231,H0,300231,"Vaccines, foot and mouth disease, veterinary use",False,False,not_primary_strict,not_primary_broad
HS1992:300239,H0,300239,"Vaccines, veterinary use, except foot and mouth",False,False,not_primary_strict,not_primary_broad
HS1992:300320,H0,300320,Containing other antibiotics,False,False,not_primary_strict,not_primary_broad
HS1992:300439,H0,300439,Containing hormones or other products of heading No 29.37 but not containing antibiotics :-- Other,False,False,not_primary_strict,not_primary_broad
HS1992:300450,H0,300450,Other medicaments containing vitamins or other products of heading No. 29.36,False,False,not_primary_strict,not_primary_broad
HS1992:310230,H0,310230,"Ammonium nitrate, whether or not in aqueous solution",False,False,not_primary_strict,not_primary_broad
HS1992:310551,H0,310551,Other mineral or chemical fertilisers containing the two fertilising elements nitrogen and phosphorus :-- Containing nitrates and phosphates,False,False,not_primary_strict,not_primary_broad
HS1992:310560,H0,310560,Mineral or chemical fertilisers containing the two fertilising elements phosphorus and potassium,False,False,not_primary_strict,not_primary_broad
HS1992:320500,H0,320500,Colour lakes; preparations as specified in Note 3 to this Chapter based on colour lakes.,False,False,not_primary_strict,not_primary_broad
HS1992:320820,H0,320820,Based on acrylic or vinyl polymers,False,False,not_primary_strict,not_primary_broad
HS1992:320890,H0,320890,Other,False,False,not_primary_strict,not_primary_broad
HS1992:321590,H0,321590,Other,False,False,not_primary_strict,not_primary_broad
HS1992:330123,H0,330123,Essential oils other than those of citrus fruit :-- Of lavender or of lavandin,False,False,not_primary_strict,not_primary_broad
HS1992:330129,H0,330129,Essential oils other than those of citrus fruit :-- Other,False,False,not_primary_strict,not_primary_broad
HS1992:330530,H0,330530,Hair lacquers,False,False,not_primary_strict,not_primary_broad
HS1992:340111,H0,340111,"Soap and organic surface-active products and preparations, in the form of bars, cakes, moulded pieces or shapes, and paper, wadding, felt and nonwovens, impregnated, coated or covered...:-- For toilet use(including medicated products)",False,False,not_primary_strict,not_primary_broad
HS1992:340600,H0,340600,"Candles, tapers and the like.",False,False,not_primary_strict,not_primary_broad
HS1992:350610,H0,350610,"Products suitable for use as glues or adhesives, put up for retail sale as glues or adhesives, not exceeding a net weight of 1 kg",False,False,not_primary_strict,not_primary_broad
HS1992:350691,H0,350691,Other :-- Adhesives based on rubber or plastics (including artificial resins),False,False,not_primary_strict,not_primary_broad
HS1992:360300,H0,360300,Safety fuses; detonating fuses; percussion or detonating caps; igniters; electric detonators.,False,False,not_primary_strict,not_primary_broad
HS1992:360500,H0,360500,"Matches, other than pyrotechnic articles of heading No. 36.04.",False,False,not_primary_strict,not_primary_broad
HS1992:370790,H0,370790,Other,False,False,not_primary_strict,not_primary_broad
HS1992:380520,H0,380520,Pine oil,False,False,not_primary_strict,not_primary_broad
HS1992:381220,H0,381220,Compound plasticisers for rubber or plastics,False,False,not_primary_strict,not_primary_broad
HS1992:382350,H0,382350,Non-refractory mortars and concretes,False,False,not_primary_strict,not_primary_broad
HS1992:382390,H0,382390,"Chemical industry products, preparations, mixtures nes",False,False,not_primary_strict,not_primary_broad
HS1992:390290,H0,390290,Other,False,False,not_primary_strict,not_primary_broad
HS1992:390791,H0,390791,Other polyesters :-- Unsaturated,False,False,not_primary_strict,not_primary_broad
HS1992:390799,H0,390799,Other polyesters :-- Other,False,False,not_primary_strict,not_primary_broad
HS1992:391722,H0,391722,"Tubes, pipes and hoses, rigid :-- Of polymers of propylene",False,False,not_primary_strict,not_primary_broad
HS1992:391723,H0,391723,"Tubes, pipes and hoses, rigid :-- Of polymers of vinyl chloride",False,False,not_primary_strict,not_primary_broad
HS1992:391739,H0,391739,"Tubes, pipes and hoses, rigid :-- Other",False,False,not_primary_strict,not_primary_broad
HS1992:392111,H0,392111,Cellular :-- Of polymers of styrene,False,False,not_primary_strict,not_primary_broad
HS1992:392119,H0,392119,Cellular :-- Of other plastics,False,False,not_primary_strict,not_primary_broad
HS1992:400110,H0,400110,"Natural rubber latex, whether or not pre-vulcanised",True,True,strict_natural_rubber_hs4001,strict_natural_rubber_hs4001
HS1992:400690,H0,400690,Other,False,False,not_primary_strict,not_primary_broad
HS1992:401010,H0,401010,"Transmission belts etc, rubber, trapezoidal",False,False,not_primary_strict,not_primary_broad
HS1992:401091,H0,401091,"Conveyor belts and belting, rubber, <20cm wide",False,False,not_primary_strict,not_primary_broad
HS1992:401099,H0,401099,"Conveyor, transmission belts and belting, rubber nes",False,False,not_primary_strict,not_primary_broad
HS1992:401519,H0,401519,Gloves :-- Other,False,False,not_primary_strict,not_primary_broad
HS1992:401693,H0,401693,"Other :-- Gaskets, washers and other seals",False,False,not_primary_strict,not_primary_broad
HS1992:401700,H0,401700,"Hard rubber (for example, ebonite) in all forms, including waste and scrap; articles of hard rubber.",False,False,not_primary_strict,not_primary_broad
HS1992:410121,H0,410121,"Other hides and skins of bovine animals, fresh or wet-salted :-- Whole",True,True,strict_raw_hides_skins_furs,strict_raw_hides_skins_furs
HS1992:410130,H0,410130,"Other hides and skins of bovine animals, otherwise preserved",True,True,strict_raw_hides_skins_furs,strict_raw_hides_skins_furs
HS1992:410221,H0,410221,Without wool on :-- Pickled,True,True,strict_raw_hides_skins_furs,strict_raw_hides_skins_furs
HS1992:410229,H0,410229,Without wool on :-- Other,True,True,strict_raw_hides_skins_furs,strict_raw_hides_skins_furs
HS1992:410612,H0,410612,"Tanned or retanned but not further prepared, whether or not split :-- Otherwise pre-tanned",False,False,not_primary_strict,not_primary_broad
HS1992:410790,H0,410790,Of other animals,False,False,not_primary_strict,not_primary_broad
HS1992:420221,H0,420221,"Handbags, whether or not with shoulder strap, including those without handle :-- With outer surface of leather, of composition leather or of patent leather",False,False,not_primary_strict,not_primary_broad
HS1992:420231,H0,420231,"Articles of a kind normally carried in the pocket or in the handbag :-- With outer surface of leather, of composition leather or of patent leather",False,False,not_primary_strict,not_primary_broad
HS1992:420329,H0,420329,"Gloves, mittens and mitts :-- Other",False,False,not_primary_strict,not_primary_broad
HS1992:440331,H0,440331,"Logs, Meranti (light or dark red), Bakau",True,True,strict_raw_forestry_cork,strict_raw_forestry_cork
HS1992:440332,H0,440332,"Logs, white Lauan/Meranti/Seraya/yellow Meranti/Alan",True,True,strict_raw_forestry_cork,strict_raw_forestry_cork
HS1992:440333,H0,440333,"Logs, Keruing/Ramin/Kapur/Teak/Jongkong/Merbau/etc",True,True,strict_raw_forestry_cork,strict_raw_forestry_cork
HS1992:441129,H0,441129,Fibreboard of a density exceeding 0.5 g/cm3 but not exceeding 0.8 g/cm3 :-- Other,False,False,not_primary_strict,not_primary_broad
HS1992:441191,H0,441191,Other :-- Not mechanically worked or surface covered,False,False,not_primary_strict,not_primary_broad
HS1992:441211,H0,441211,Plywood 1 or 2 outer ply tropical hardwood (ply <6 mm,False,False,not_primary_strict,not_primary_broad
HS1992:441212,H0,441212,"Plywood, 1 or 2 outer ply non-conifer nes (ply <6 mm)",False,False,not_primary_strict,not_primary_broad
HS1992:441840,H0,441840,Shuttering for concrete constructional work,False,False,not_primary_strict,not_primary_broad
HS1992:442110,H0,442110,Clothes hangers,False,False,not_primary_strict,not_primary_broad
HS1992:470691,H0,470691,Other :-- Mechanical,False,True,not_primary_strict,broad_processed_wood_pulp_waste
HS1992:470730,H0,470730,"Paper or paperboard made mainly of mechanical pulp (for example, newspapers, journals and similar printed matter)",False,True,not_primary_strict,broad_processed_wood_pulp_waste
HS1992:480411,H0,480411,Kraftliner :-- Unbleached,False,False,not_primary_strict,not_primary_broad
HS1992:480580,H0,480580,"Other paper and paperboard, weighing 225 g/m2 or more",False,False,not_primary_strict,not_primary_broad
HS1992:480810,H0,480810,"Corrugated paper and paperboard, whether or not perforated",False,False,not_primary_strict,not_primary_broad
HS1992:480890,H0,480890,Other,False,False,not_primary_strict,not_primary_broad
HS1992:481011,H0,481011,"Paper and paperboard of a kind used for writing, printing or other graphic purposes, not containing fibres obtained by a mechanical process or of which not more than 10% by weight of the total fibre..:--Weighing not more than 150g/m2",False,False,not_primary_strict,not_primary_broad
HS1992:481110,H0,481110,"Tarred, bituminised or asphalted paper and paperboard",False,False,not_primary_strict,not_primary_broad
HS1992:481190,H0,481190,"Other paper, paperboard, cellulose wadding and webs of cellulose fibres",False,False,not_primary_strict,not_primary_broad
HS1992:481690,H0,481690,Other,False,False,not_primary_strict,not_primary_broad
HS1992:481710,H0,481710,Envelopes,False,False,not_primary_strict,not_primary_broad
HS1992:481730,H0,481730,"Boxes, pouches, wallets and writing compendiums, of paper or paperboard, containing an assortment of paper stationery",False,False,not_primary_strict,not_primary_broad
HS1992:482040,H0,482040,Manifold business forms and interleaved carbon sets,False,False,not_primary_strict,not_primary_broad
HS1992:482190,H0,482190,Other,False,False,not_primary_strict,not_primary_broad
HS1992:482319,H0,482319,"Gummed or adhesive paper, in strips or rolls :-- Other",False,False,not_primary_strict,not_primary_broad
HS1992:482359,H0,482359,"Other paper and paperboard, of a kind used for writing, printing or other graphic purposes :-- Other",False,False,not_primary_strict,not_primary_broad
HS1992:490191,H0,490191,"Other :-- Dictionaries and encyclopaedias, and serial instalments thereof",False,False,not_primary_strict,not_primary_broad
HS1992:490300,H0,490300,"Children's picture, drawing or colouring books.",False,False,not_primary_strict,not_primary_broad
HS1992:490900,H0,490900,"Printed or illustrated postcards; printed cards bearing personal greetings, messages or announcements, whether or not illustrated, with or without envelopes or trimmings.",False,False,not_primary_strict,not_primary_broad
HS1992:491000,H0,491000,"Calendars of any kind, printed, including calendar blocks.",False,False,not_primary_strict,not_primary_broad
HS1992:510111,H0,510111,"Greasy, including fleece-washed wool :-- Shorn wool",True,True,strict_raw_textile_fibers,strict_raw_textile_fibers
HS1992:510910,H0,510910,Containing 85 % or more by weight of wool or of fine animal hair,False,False,not_primary_strict,not_primary_broad
HS1992:520411,H0,520411,Not put up for retail sale :-- Containing 85 % or more by weight of cotton,False,False,not_primary_strict,not_primary_broad
HS1992:520611,H0,520611,"Single yarn, of uncombed fibres :-- Measuring 714.29 decitex or more (not exceeding 14 metric number)",False,False,not_primary_strict,not_primary_broad
HS1992:520790,H0,520790,Other,False,False,not_primary_strict,not_primary_broad
HS1992:520811,H0,520811,"Unbleached :-- Plain weave, weighing not more than 100 g/m2",False,False,not_primary_strict,not_primary_broad
HS1992:520819,H0,520819,Unbleached :-- Other fabrics,False,False,not_primary_strict,not_primary_broad
HS1992:520831,H0,520831,"Dyed :-- Plain weave, weighing not more than 100 g/m2",False,False,not_primary_strict,not_primary_broad
HS1992:520832,H0,520832,"Dyed :-- Plain weave, weighing more than 100 g/m2",False,False,not_primary_strict,not_primary_broad
HS1992:521059,H0,521059,Printed :-- Other fabrics,False,False,not_primary_strict,not_primary_broad
HS1992:540110,H0,540110,Of synthetic filaments,False,False,not_primary_strict,not_primary_broad
HS1992:540210,H0,540210,High tenacity yarn of nylon or other polyamides,False,False,not_primary_strict,not_primary_broad
HS1992:540239,H0,540239,Textured yarn :-- Other,False,False,not_primary_strict,not_primary_broad
HS1992:540610,H0,540610,Synthetic filament yarn,False,False,not_primary_strict,not_primary_broad
HS1992:540752,H0,540752,"Other woven fabrics, containing 85 % or more by weight of textured polyester filaments :-- Dyed",False,False,not_primary_strict,not_primary_broad
HS1992:540754,H0,540754,"Other woven fabrics, containing 85 % or more by weight of textured polyester filaments :-- Printed",False,False,not_primary_strict,not_primary_broad
HS1992:550510,H0,550510,Of synthetic fibres,False,False,not_primary_strict,not_primary_broad
HS1992:551333,H0,551333,Of yarns of different colours :-- Other woven fabrics of polyester staple fibres,False,False,not_primary_strict,not_primary_broad
HS1992:560490,H0,560490,Other,False,False,not_primary_strict,not_primary_broad
HS1992:560790,H0,560790,Other,False,False,not_primary_strict,not_primary_broad
HS1992:560900,H0,560900,"Articles of yarn, strip or the like of heading No. 54.04 or 54.05, twine, cordage, rope or cables, not elsewhere specified or included",False,False,not_primary_strict,not_primary_broad
HS1992:580430,H0,580430,Hand-made lace,False,False,not_primary_strict,not_primary_broad
HS1992:590220,H0,590220,Of polyesters,False,False,not_primary_strict,not_primary_broad
HS1992:600210,H0,600210,"Of a width not exceeding 30 cm, containing by weight 5 % or more of elastomeric yarn or rubber thread",False,False,not_primary_strict,not_primary_broad
HS1992:600242,H0,600242,"Other fabrics, warp knit (including those made on galloon knitting machines) :-- Of cotton",False,False,not_primary_strict,not_primary_broad
HS1992:600249,H0,600249,"Other fabrics, warp knit (including those made on galloon knitting machines) :-- Other",False,False,not_primary_strict,not_primary_broad
HS1992:610311,H0,610311,Suits :-- Of wool or fine animal hair,False,False,not_primary_strict,not_primary_broad
HS1992:610319,H0,610319,Suits :-- Of other textile materials,False,False,not_primary_strict,not_primary_broad
HS1992:610411,H0,610411,Suits :-- Of wool or fine animal hair,False,False,not_primary_strict,not_primary_broad
HS1992:610432,H0,610432,Jackets and blazers :-- Of cotton,False,False,not_primary_strict,not_primary_broad
HS1992:610439,H0,610439,Jackets and blazers :-- Of other textile materials,False,False,not_primary_strict,not_primary_broad
HS1992:610442,H0,610442,Dresses :-- Of cotton,False,False,not_primary_strict,not_primary_broad
HS1992:610449,H0,610449,Dresses :-- Of other textile materials,False,False,not_primary_strict,not_primary_broad
HS1992:610452,H0,610452,Skirts and divided skirts :-- Of cotton,False,False,not_primary_strict,not_primary_broad
HS1992:610799,H0,610799,Other :-- Of other textile materials,False,False,not_primary_strict,not_primary_broad
HS1992:610839,H0,610839,Nightdresses and pyjamas :-- Of other textile materials,False,False,not_primary_strict,not_primary_broad
HS1992:611420,H0,611420,Of cotton,False,False,not_primary_strict,not_primary_broad
HS1992:611519,H0,611519,Panty hose and tights :-- Of other textile materials,False,False,not_primary_strict,not_primary_broad
HS1992:611710,H0,611710,"Shawls, scarves, mufflers, mantillas, veils and the like",False,False,not_primary_strict,not_primary_broad
HS1992:620113,H0,620113,"Overcoats, raincoats, car-coats, capes, cloaks and similar articles :-- Of man-made fibres",False,False,not_primary_strict,not_primary_broad
HS1992:620321,H0,620321,Ensembles :-- Of wool or fine animal hair,False,False,not_primary_strict,not_primary_broad
HS1992:620322,H0,620322,Ensembles :-- Of cotton,False,False,not_primary_strict,not_primary_broad
HS1992:620451,H0,620451,Skirts and divided skirts :-- Of wool or fine animal hair,False,False,not_primary_strict,not_primary_broad
HS1992:620792,H0,620792,Other :-- Of man-made fibres,False,False,not_primary_strict,not_primary_broad
HS1992:620811,H0,620811,Slips and petticoats :-- Of man-made fibres,False,False,not_primary_strict,not_primary_broad
HS1992:620899,H0,620899,Other :-- Of other textile materials,False,False,not_primary_strict,not_primary_broad
HS1992:621040,H0,621040,Other men's or boys' garments,False,False,not_primary_strict,not_primary_broad
HS1992:621131,H0,621131,"Other garments, men's or boys' :-- Of wool or fine animal hair",False,False,not_primary_strict,not_primary_broad
HS1992:621149,H0,621149,"Other garments, women's or girls' :-- Of other textile materials",False,False,not_primary_strict,not_primary_broad
HS1992:621590,H0,621590,Of other textile materials,False,False,not_primary_strict,not_primary_broad
HS1992:630239,H0,630239,Other bed linen :-- Of other textile materials,False,False,not_primary_strict,not_primary_broad
HS1992:630291,H0,630291,Other :- Of cotton,False,False,not_primary_strict,not_primary_broad
HS1992:630299,H0,630299,Other :-- Of other textile materials,False,False,not_primary_strict,not_primary_broad
HS1992:630391,H0,630391,Other :-- Of cotton,False,False,not_primary_strict,not_primary_broad
HS1992:630590,H0,630590,Of other textile materials,False,False,not_primary_strict,not_primary_broad
HS1992:631010,H0,631010,Sorted,False,False,not_primary_strict,not_primary_broad
HS1992:640211,H0,640211,"Ski-boots etc, outer soles, uppers of rubber, plastic",False,False,not_primary_strict,not_primary_broad
HS1992:650100,H0,650100,"Hat-forms, hat bodies and hoods of felt, neither blocked to shape nor with made brims; plateaux and manchons (including slit manchons), of felt.",False,False,not_primary_strict,not_primary_broad
HS1992:650400,H0,650400,"Hats and other headgear, plaited or made by assembling strips of any material, whether or not lined or trimmed.",False,False,not_primary_strict,not_primary_broad
HS1992:650590,H0,650590,Other,False,False,not_primary_strict,not_primary_broad
HS1992:680222,H0,680222,"Other monumental or building stone and articles thereof, simply cut or sawn, with a flat or even surface :-- Other calcareous stone",False,False,not_primary_strict,not_primary_broad
HS1992:680223,H0,680223,"Other monumental or building stone and articles thereof, simply cut or sawn, with a flat or even surface :-- Granite",False,False,not_primary_strict,not_primary_broad
HS1992:680421,H0,680421,"Other millstones, grindstones, grinding wheels and the like :-- Of agglomerated synthetic or natural diamond",False,False,not_primary_strict,not_primary_broad
HS1992:680510,H0,680510,On a base of woven textile fabric only,False,False,not_primary_strict,not_primary_broad
HS1992:681510,H0,681510,Non-electrical articles of graphite or other carbon,False,False,not_primary_strict,not_primary_broad
HS1992:690390,H0,690390,Other,False,False,not_primary_strict,not_primary_broad
HS1992:690600,H0,690600,"Ceramic pipes, conduits, guttering and pipe fittings.",False,False,not_primary_strict,not_primary_broad
HS1992:691110,H0,691110,Tableware and kitchenware,False,False,not_primary_strict,not_primary_broad
HS1992:691190,H0,691190,Other,False,False,not_primary_strict,not_primary_broad
HS1992:691410,H0,691410,Of porcelain or china,False,False,not_primary_strict,not_primary_broad
HS1992:700210,H0,700210,Balls,False,False,not_primary_strict,not_primary_broad
HS1992:700319,H0,700319,Non-wired sheets :-- Other,False,False,not_primary_strict,not_primary_broad
HS1992:700410,H0,700410,"Drawn glass sheet coloured, absorbing, reflect, opaqu",False,False,not_primary_strict,not_primary_broad
HS1992:700490,H0,700490,Other glass,False,False,not_primary_strict,not_primary_broad
HS1992:701110,H0,701110,For electric lighting,False,False,not_primary_strict,not_primary_broad
HS1992:701329,H0,701329,Drinking glasses other than of glass-ceramics :-- Other,False,False,not_primary_strict,not_primary_broad
HS1992:701399,H0,701399,Other glassware :-- Other,False,False,not_primary_strict,not_primary_broad
HS1992:710813,H0,710813,Non-monetary :-- Other semi-manufactured forms,False,True,not_primary_strict,broad_precious_metal_semimanufactures_waste
HS1992:711021,H0,711021,Palladium :-- Unwrought or in powder form,True,True,strict_unwrought_powder_platinum_group,strict_unwrought_powder_platinum_group
HS1992:711320,H0,711320,Of base metal clad with precious metal,False,False,not_primary_strict,not_primary_broad
HS1992:711711,H0,711711,"Of base metal, whether or not plated with precious",False,False,not_primary_strict,not_primary_broad
HS1992:720120,H0,720120,Non-alloy pig iron containing by weight more than 0.5 % of phosphorus,False,True,not_primary_strict,broad_first_stage_metals_scrap
HS1992:720221,H0,720221,Ferro-silicon :-- Containing by weight more than 55 % of silicon,False,True,not_primary_strict,broad_first_stage_metals_scrap
HS1992:720230,H0,720230,Ferro-silico-manganese,False,True,not_primary_strict,broad_first_stage_metals_scrap
HS1992:720720,H0,720720,Containing by weight 0.25 % or more of carbon,False,False,not_primary_strict,not_primary_broad
HS1992:721320,H0,721320,"Other, of free-cutting steel",False,False,not_primary_strict,not_primary_broad
HS1992:721331,H0,721331,"Hot rolled bar/rod, iron or non-alloy steel, coiled width <14mm, C<.25%",False,False,not_primary_strict,not_primary_broad
HS1992:721341,H0,721341,"Hot rolled bar/rod, iron or non-alloy steel, coiled w <14mm, C .25-.6%",False,False,not_primary_strict,not_primary_broad
HS1992:721350,H0,721350,"Bar/rod, iron or non-alloy steel, irregular coils, >0.6%C, nes",False,False,not_primary_strict,not_primary_broad
HS1992:721520,H0,721520,"Bar/rod, iron or non-alloy steel, cold formed/finished, <0.25%C",False,False,not_primary_strict,not_primary_broad
HS1992:721530,H0,721530,"Bar/rod, iron or non-alloy steel, cold formed/finished, 0.25-0.6%C",False,False,not_primary_strict,not_primary_broad
HS1992:721540,H0,721540,"Bar/rod, iron or non-alloy steel, cold formed/finished, >0.6%C",False,False,not_primary_strict,not_primary_broad
HS1992:721990,H0,721990,Other,False,False,not_primary_strict,not_primary_broad
HS1992:722230,H0,722230,Other bars and rods,False,False,not_primary_strict,not_primary_broad
HS1992:722240,H0,722240,"Angles, shapes and sections",False,False,not_primary_strict,not_primary_broad
HS1992:722699,H0,722699,Other,False,False,not_primary_strict,not_primary_broad
HS1992:722990,H0,722990,Other,False,False,not_primary_strict,not_primary_broad
HS1992:730441,H0,730441,"Other, of circular cross-section, of stainless steel :",False,False,not_primary_strict,not_primary_broad
HS1992:730512,H0,730512,"Line pipe of a kind used for oil or gas pipelines :-- Other, longitudinally welded",False,False,not_primary_strict,not_primary_broad
HS1992:730610,H0,730610,Line pipe of a kind used for oil or gas pipelines,False,False,not_primary_strict,not_primary_broad
HS1992:730620,H0,730620,Casing and tubing of a kind used in drilling for oil or gas,False,False,not_primary_strict,not_primary_broad
HS1992:730799,H0,730799,Other,False,False,not_primary_strict,not_primary_broad
HS1992:731021,H0,731021,Of a capacity of less than 50 l :-- Cans which are to be closed by soldering or crimping,False,False,not_primary_strict,not_primary_broad
HS1992:731290,H0,731290,Other,False,False,not_primary_strict,not_primary_broad
HS1992:732410,H0,732410,"Sinks and wash basins, of stainless steel",False,False,not_primary_strict,not_primary_broad
HS1992:732599,H0,732599,Other,False,False,not_primary_strict,not_primary_broad
HS1992:740500,H0,740500,Master alloys of copper.,False,False,not_primary_strict,not_primary_broad
HS1992:741220,H0,741220,Of copper alloys,False,False,not_primary_strict,not_primary_broad
HS1992:741521,H0,741521,"Other articles, not threaded :-- Washers (including spring washers)",False,False,not_primary_strict,not_primary_broad
HS1992:741999,H0,741999,Other,False,False,not_primary_strict,not_primary_broad
HS1992:750220,H0,750220,Nickel alloys,False,True,not_primary_strict,broad_first_stage_metals_scrap
HS1992:760820,H0,760820,Of aluminium alloys,False,False,not_primary_strict,not_primary_broad
HS1992:761300,H0,761300,Aluminium containers for compressed or liquefied gas.,False,False,not_primary_strict,not_primary_broad
HS1992:790120,H0,790120,Zinc alloys,False,True,not_primary_strict,broad_first_stage_metals_scrap
HS1992:820110,H0,820110,Spades and shovels,False,False,not_primary_strict,not_primary_broad
HS1992:820299,H0,820299,Other saw blades :-- Other,False,False,not_primary_strict,not_primary_broad
HS1992:820411,H0,820411,Hand-operated spanners and wrenches :-- Non-adjustable,False,False,not_primary_strict,not_primary_broad
HS1992:820711,H0,820711,"Rock drilling, boring heads of sintered metal, carbid",False,False,not_primary_strict,not_primary_broad
HS1992:820712,H0,820712,Rock drilling or earth boring tools except carbide,False,False,not_primary_strict,not_primary_broad
HS1992:820820,H0,820820,For wood working,False,False,not_primary_strict,not_primary_broad
HS1992:820890,H0,820890,Other,False,False,not_primary_strict,not_primary_broad
HS1992:821210,H0,821210,Razors,False,False,not_primary_strict,not_primary_broad
HS1992:821220,H0,821220,"Safety razor blades, including razor blade blanks in strips",False,False,not_primary_strict,not_primary_broad
HS1992:830110,H0,830110,Padlocks,False,False,not_primary_strict,not_primary_broad
HS1992:830120,H0,830120,Locks of a kind used for motor vehicles,False,False,not_primary_strict,not_primary_broad
HS1992:830241,H0,830241,"Other mountings, fittings and similar articles :-- Suitable for buildings",False,False,not_primary_strict,not_primary_broad
HS1992:830242,H0,830242,"Other mountings, fittings and similar articles :- Other, suitable for furniture",False,False,not_primary_strict,not_primary_broad
HS1992:830249,H0,830249,"Other mountings, fittings and similar articles :- Other",False,False,not_primary_strict,not_primary_broad
HS1992:830260,H0,830260,Automatic door closers,False,False,not_primary_strict,not_primary_broad
HS1992:831000,H0,831000,"Sign-plates, name-plates, address-plates and similar plates, numbers, letters and other symbols, of base metal, excluding those of heading No. 94.05.",False,False,not_primary_strict,not_primary_broad
HS1992:840110,H0,840110,Nuclear reactors,False,False,not_primary_strict,not_primary_broad
HS1992:840510,H0,840510,"Producer gas or water gas generators, with or without their purifiers; acetylene gas generators and similar water process gas generators, with or without their purifiers",False,False,not_primary_strict,not_primary_broad
HS1992:840733,H0,840733,"Reciprocating piston engines of a kind used for the propulsion of vehicles of Chapter 87 :-- Of a cylinder capacity exceeding 250 cc but not exceeding 1,000 cc",False,False,not_primary_strict,not_primary_broad
HS1992:840810,H0,840810,Marine propulsion engines,False,False,not_primary_strict,not_primary_broad
HS1992:840890,H0,840890,Other engines,False,False,not_primary_strict,not_primary_broad
HS1992:841231,H0,841231,Pneumatic power engines and motors :-- Linear acting (cylinders),False,False,not_primary_strict,not_primary_broad
HS1992:841350,H0,841350,Other reciprocating positive displacement pumps,False,False,not_primary_strict,not_primary_broad
HS1992:841381,H0,841381,Other pumps; liquid elevators :-- Pumps,False,False,not_primary_strict,not_primary_broad
HS1992:841430,H0,841430,Compressors of a kind used in refrigerating equipment,False,False,not_primary_strict,not_primary_broad
HS1992:841460,H0,841460,Hoods having a maximum horizontal side not exceeding 120 cm,False,False,not_primary_strict,not_primary_broad
HS1992:841780,H0,841780,Other,False,False,not_primary_strict,not_primary_broad
HS1992:841829,H0,841829,"Refrigerators, household type :-- Other",False,False,not_primary_strict,not_primary_broad
HS1992:842121,H0,842121,Filtering or purifying machinery and apparatus for liquids :-- For filtering or purifying water,False,False,not_primary_strict,not_primary_broad
HS1992:842139,H0,842139,Filtering or purifying machinery and apparatus for gases :-- Other,False,False,not_primary_strict,not_primary_broad
HS1992:842430,H0,842430,Steam or sand blasting machines and similar jet projecting machines,False,False,not_primary_strict,not_primary_broad
HS1992:842619,H0,842619,"Overhead travelling cranes, transporter cranes, gantry cranes, bridge cranes, mobile lifting frames and straddle     carriers :-- Other",False,False,not_primary_strict,not_primary_broad
HS1992:842620,H0,842620,Tower cranes,False,False,not_primary_strict,not_primary_broad
HS1992:842649,H0,842649,"Other machinery, self-propelled :-- Other",False,False,not_primary_strict,not_primary_broad
HS1992:842833,H0,842833,"Other continuous-action elevators and conveyors, for goods or materials :-- Other, belt type",False,False,not_primary_strict,not_primary_broad
HS1992:842890,H0,842890,Other machinery,False,False,not_primary_strict,not_primary_broad
HS1992:842919,H0,842919,Bulldozers and angledozers :-- Other,False,False,not_primary_strict,not_primary_broad
HS1992:842920,H0,842920,Graders and levellers,False,False,not_primary_strict,not_primary_broad
HS1992:842930,H0,842930,Scrapers,False,False,not_primary_strict,not_primary_broad
HS1992:842959,H0,842959,"Mechanical shovels, excavators and shovel loaders :-- Other",False,False,not_primary_strict,not_primary_broad
HS1992:843139,H0,843139,Of machinery of heading No. 84.28 :-- Other,False,False,not_primary_strict,not_primary_broad
HS1992:843143,H0,843143,"Of machinery of heading No. 84.26, 84.29 or 84.30 :-- Parts for boring or sinking machinery of subheading No. 8430.41 or 8430.49",False,False,not_primary_strict,not_primary_broad
HS1992:843610,H0,843610,Machinery for preparing animal feeding stuffs,False,False,not_primary_strict,not_primary_broad
HS1992:843820,H0,843820,"Machinery for the manufacture of confectionery, cocoa or chocolate",False,False,not_primary_strict,not_primary_broad
HS1992:844390,H0,844390,Parts,False,False,not_primary_strict,not_primary_broad
HS1992:844590,H0,844590,Other,False,False,not_primary_strict,not_primary_broad
HS1992:845210,H0,845210,Sewing machines of the household type,False,False,not_primary_strict,not_primary_broad
HS1992:845380,H0,845380,Other machinery,False,False,not_primary_strict,not_primary_broad
HS1992:845490,H0,845490,Parts,False,False,not_primary_strict,not_primary_broad
HS1992:845530,H0,845530,Rolls for rolling mills,False,False,not_primary_strict,not_primary_broad
HS1992:845940,H0,845940,Other boring machines,False,False,not_primary_strict,not_primary_broad
HS1992:846019,H0,846019,"Flat-surface grinding machines, in which the positioning in any one axis can be set up to an accuracy of at least 0.01 mm :-- Other",False,False,not_primary_strict,not_primary_broad
HS1992:846130,H0,846130,Broaching machines,False,False,not_primary_strict,not_primary_broad
HS1992:846140,H0,846140,"Gear cutting, gear grinding or gear finishing machines",False,False,not_primary_strict,not_primary_broad
HS1992:846291,H0,846291,Other :-- Hydraulic presses,False,False,not_primary_strict,not_primary_broad
HS1992:846299,H0,846299,Other :-- Other,False,False,not_primary_strict,not_primary_broad
HS1992:846591,H0,846591,Other :-- Sawing machines,False,False,not_primary_strict,not_primary_broad
HS1992:846599,H0,846599,Other,False,False,not_primary_strict,not_primary_broad
HS1992:847110,H0,847110,Analogue or hybrid automatic data processing machines,False,False,not_primary_strict,not_primary_broad
HS1992:847120,H0,847120,Digital computers with cpu and input-output units,False,False,not_primary_strict,not_primary_broad
HS1992:847191,H0,847191,Digital computer cpu with some of storage/input/outpu,False,False,not_primary_strict,not_primary_broad
HS1992:847192,H0,847192,Computer input or output units,False,False,not_primary_strict,not_primary_broad
HS1992:847193,H0,847193,Computer data storage units,False,False,not_primary_strict,not_primary_broad
HS1992:847431,H0,847431,Mixing or kneading machines :-- Concrete or mortar mixers,False,False,not_primary_strict,not_primary_broad
HS1992:847439,H0,847439,Mixing or kneading machines :-- Other,False,False,not_primary_strict,not_primary_broad
HS1992:847480,H0,847480,Other machinery,False,False,not_primary_strict,not_primary_broad
HS1992:847720,H0,847720,Extruders,False,False,not_primary_strict,not_primary_broad
HS1992:847910,H0,847910,"Machinery for public works, building or the like",False,False,not_primary_strict,not_primary_broad
HS1992:847930,H0,847930,Presses for the manufacture of particle board or fibre building board of wood or other ligneous materials and other machinery for treating wood or cork,False,False,not_primary_strict,not_primary_broad
HS1992:847989,H0,847989,Other machines and mechanical appliances :-- Other,False,False,not_primary_strict,not_primary_broad
HS1992:847990,H0,847990,Parts,False,False,not_primary_strict,not_primary_broad
HS1992:848049,H0,848049,Moulds for metal or metal carbides :-- Other,False,False,not_primary_strict,not_primary_broad
HS1992:848079,H0,848079,Moulds for rubber or plastics :-- Other,False,False,not_primary_strict,not_primary_broad
HS1992:848140,H0,848140,Safety or relief valves,False,False,not_primary_strict,not_primary_broad
HS1992:848180,H0,848180,Other appliances,False,False,not_primary_strict,not_primary_broad
HS1992:850110,H0,850110,Motors of an output not exceeding 37.5 W,False,False,not_primary_strict,not_primary_broad
HS1992:850212,H0,850212,Generating sets with compression-ignition internal combustion piston engines (diesel or semi-diesel engines) :-- Of an output exceeding 75 kVA but not exceeding 375 kVA,False,False,not_primary_strict,not_primary_broad
HS1992:850220,H0,850220,Generating sets with spark-ignition internal combustion piston engines,False,False,not_primary_strict,not_primary_broad
HS1992:850240,H0,850240,Electric rotary converters,False,False,not_primary_strict,not_primary_broad
HS1992:850433,H0,850433,Other transformers :-- Having a power handling capacity exceeding 16 kVA but not exceeding 500 kVA,False,False,not_primary_strict,not_primary_broad
HS1992:850890,H0,850890,Parts,False,False,not_primary_strict,not_primary_broad
HS1992:851680,H0,851680,Electric heating resistors,False,False,not_primary_strict,not_primary_broad
HS1992:852190,H0,852190,Other,False,False,not_primary_strict,not_primary_broad
HS1992:852790,H0,852790,Other apparatus,False,False,not_primary_strict,not_primary_broad
HS1992:852910,H0,852910,Aerials and aerial reflectors of all kinds; parts suitable for use therewith,False,False,not_primary_strict,not_primary_broad
HS1992:852990,H0,852990,Other,False,False,not_primary_strict,not_primary_broad
HS1992:853190,H0,853190,Parts,False,False,not_primary_strict,not_primary_broad
HS1992:853339,H0,853339,"Wirewound variable resistors, including rheostats and potentiometers :-- Other",False,False,not_primary_strict,not_primary_broad
HS1992:853390,H0,853390,Parts,False,False,not_primary_strict,not_primary_broad
HS1992:853690,H0,853690,Other apparatus,False,False,not_primary_strict,not_primary_broad
HS1992:853720,H0,853720,"For a voltage exceeding 1,000 V",False,False,not_primary_strict,not_primary_broad
HS1992:853810,H0,853810,"Boards, panels, consoles, desks, cabinets and other bases for the goods of heading No. 85.37, not equipped with their apparatus",False,False,not_primary_strict,not_primary_broad
HS1992:853890,H0,853890,Other,False,False,not_primary_strict,not_primary_broad
HS1992:854390,H0,854390,Parts,False,False,not_primary_strict,not_primary_broad
HS1992:854420,H0,854420,Co-axial cable and other co-axial electric conductors,False,False,not_primary_strict,not_primary_broad
HS1992:854441,H0,854441,"Other electric conductors, for a voltage not exceeding 80 V :-- Fitted with connectors",False,False,not_primary_strict,not_primary_broad
HS1992:854449,H0,854449,"Other electric conductors, for a voltage not exceeding 80 V :-- Other",False,False,not_primary_strict,not_primary_broad
HS1992:860800,H0,860800,"Railway or tramway track fixtures and fittings; mechanical (including electro-mechanical) signalling, safety or traffic control equipment for railways, tramways, roads, inland waterways, parking facilities, port installations or airfi",False,False,not_primary_strict,not_primary_broad
HS1992:870332,H0,870332,"Other vehicles, with compression-ignition internal combustion piston engine (diesel or semi-diesel) :-- Of a cylinder capacity exceeding 1,500 cc but not exceeding 2,500 cc",False,False,not_primary_strict,not_primary_broad
HS1992:870333,H0,870333,"Other vehicles, with compression-ignition internal combustion piston engine (diesel or semi-diesel) :-- Of a cylinder capacity exceeding 2,500 cc",False,False,not_primary_strict,not_primary_broad
HS1992:870421,H0,870421,"Other, with compression-ignition internal combustion piston engine (diesel or semi-diesel) :-- g.v.w. not exceeding 5 tonnes",False,False,not_primary_strict,not_primary_broad
HS1992:870423,H0,870423,"Other, with compression-ignition internal combustion piston engine (diesel or semi-diesel) :-- g.v.w. exceeding 20 tonnes",False,False,not_primary_strict,not_primary_broad
HS1992:870790,H0,870790,Other,False,False,not_primary_strict,not_primary_broad
HS1992:870829,H0,870829,Other parts and accessories of bodies (including cabs) :-- Other,False,False,not_primary_strict,not_primary_broad
HS1992:870880,H0,870880,Suspension shock-absorbers,False,False,not_primary_strict,not_primary_broad
HS1992:870894,H0,870894,"Other parts and accessories :-- Steering wheels, steering columns and steering boxes",False,False,not_primary_strict,not_primary_broad
HS1992:870919,H0,870919,Vehicles :-- Other,False,False,not_primary_strict,not_primary_broad
HS1992:880520,H0,880520,Ground flying trainers and parts thereof,False,False,not_primary_strict,not_primary_broad
HS1992:890120,H0,890120,Tankers,False,False,not_primary_strict,not_primary_broad
HS1992:901510,H0,901510,Rangefinders,False,False,not_primary_strict,not_primary_broad
HS1992:901520,H0,901520,Theodolites and tacheometers,False,False,not_primary_strict,not_primary_broad
HS1992:901590,H0,901590,Parts and accessories,False,False,not_primary_strict,not_primary_broad
HS1992:902710,H0,902710,Gas or smoke analysis apparatus,False,False,not_primary_strict,not_primary_broad
HS1992:902730,H0,902730,"Spectrometers, spectrophotometers and spectrographs using optical radiations (UV, visible, IR)",False,False,not_primary_strict,not_primary_broad
HS1992:903190,H0,903190,Parts and accessories,False,False,not_primary_strict,not_primary_broad
HS1992:930390,H0,930390,Other,False,False,not_primary_strict,not_primary_broad
HS1992:930529,H0,930529,Of shotguns or rifles of heading No. 93.03 :- Other,False,False,not_primary_strict,not_primary_broad
HS1992:940290,H0,940290,Other,False,False,not_primary_strict,not_primary_broad
HS1992:940520,H0,940520,"Electric table, desk, bedside or floor-standing lamps",False,False,not_primary_strict,not_primary_broad
HS1992:950210,H0,950210,"Dolls, whether or not dressed",False,False,not_primary_strict,not_primary_broad
HS1992:950350,H0,950350,Toy musical instruments and apparatus,False,False,not_primary_strict,not_primary_broad
HS1992:950662,H0,950662,"Balls, other than golf balls and table-tennis balls :-- Inflatable",False,False,not_primary_strict,not_primary_broad
HS1992:950699,H0,950699,Other :-- Other,False,False,not_primary_strict,not_primary_broad
HS1992:960321,H0,960321,"Tooth brushes, shaving brushes, hair brushes, nail brushes, eyelash brushes and other toilet brushes for use on the person, including such brushes constituting parts of appliances :-- Tooth brushes, including dental-plate",False,False,not_primary_strict,not_primary_broad
HS1992:960621,H0,960621,"Buttons :-- Of plastics, not covered with textile material",False,False,not_primary_strict,not_primary_broad
HS1992:960850,H0,960850,Sets of articles from two or more of the foregoing subheadings,False,False,not_primary_strict,not_primary_broad
HS1992:970200,H0,970200,"Original engravings, prints and lithographs.",False,False,not_primary_strict,not_primary_broad
HS1992:970300,H0,970300,"Original sculptures and statuary, in any material.",False,False,not_primary_strict,not_primary_broad
HS1992:010290,H0,010290,Other,True,True,strict_hs01_10_12_14_raw_agriculture,strict_hs01_10_12_14_raw_agriculture
HS1992:020220,H0,020220,Other cuts with bone in,True,True,strict_hs01_10_12_14_raw_agriculture,strict_hs01_10_12_14_raw_agriculture
HS1992:020230,H0,020230,Boneless,True,True,strict_hs01_10_12_14_raw_agriculture,strict_hs01_10_12_14_raw_agriculture
HS1992:030371,H0,030371,"Other fish, excluding livers and roes :-- Sardines (Sardina pilchardus, Sardinops spp.), sardinella (Sardinella spp.), brisling or sprats (Sprattus sprattus)",True,True,strict_hs01_10_12_14_raw_agriculture,strict_hs01_10_12_14_raw_agriculture
HS1992:030380,H0,030380,Livers and roes,True,True,strict_hs01_10_12_14_raw_agriculture,strict_hs01_10_12_14_raw_agriculture
HS1992:040899,H0,040899,Other,True,True,strict_hs01_10_12_14_raw_agriculture,strict_hs01_10_12_14_raw_agriculture
HS1992:060310,H0,060310,Fresh,True,True,strict_hs01_10_12_14_raw_agriculture,strict_hs01_10_12_14_raw_agriculture
HS1992:070310,H0,070310,Onions and shallots,True,True,strict_hs01_10_12_14_raw_agriculture,strict_hs01_10_12_14_raw_agriculture
HS1992:070410,H0,070410,Cauliflowers and headed broccoli,True,True,strict_hs01_10_12_14_raw_agriculture,strict_hs01_10_12_14_raw_agriculture
HS1992:070490,H0,070490,Other,True,True,strict_hs01_10_12_14_raw_agriculture,strict_hs01_10_12_14_raw_agriculture
HS1992:070690,H0,070690,Other,True,True,strict_hs01_10_12_14_raw_agriculture,strict_hs01_10_12_14_raw_agriculture
HS1992:070700,H0,070700,"Cucumbers and gherkins, fresh or chilled.",True,True,strict_hs01_10_12_14_raw_agriculture,strict_hs01_10_12_14_raw_agriculture
HS1992:071310,H0,071310,Peas (Pisum sativum),True,True,strict_hs01_10_12_14_raw_agriculture,strict_hs01_10_12_14_raw_agriculture
HS1992:080231,H0,080231,Walnuts :-- In shell,True,True,strict_hs01_10_12_14_raw_agriculture,strict_hs01_10_12_14_raw_agriculture
HS1992:091030,H0,091030,Turmeric (curcuma),True,True,strict_hs01_10_12_14_raw_agriculture,strict_hs01_10_12_14_raw_agriculture
HS1992:100630,H0,100630,"Semi-milled or wholly milled rice, whether or not polished or glazed",True,True,strict_hs01_10_12_14_raw_agriculture,strict_hs01_10_12_14_raw_agriculture
HS1992:120600,H0,120600,"Sunflower seeds, whether or not broken.",True,True,strict_hs01_10_12_14_raw_agriculture,strict_hs01_10_12_14_raw_agriculture
HS1992:120710,H0,120710,Palm nuts and kernels,True,True,strict_hs01_10_12_14_raw_agriculture,strict_hs01_10_12_14_raw_agriculture
HS1992:120890,H0,120890,Other,True,True,strict_hs01_10_12_14_raw_agriculture,strict_hs01_10_12_14_raw_agriculture
HS1992:140190,H0,140190,Other,True,True,strict_hs01_10_12_14_raw_agriculture,strict_hs01_10_12_14_raw_agriculture
HS1992:151219,H0,151219,Sunflower-seed or safflower oil and fractions thereof :-- Other,False,True,not_primary_strict,broad_first_stage_food_inputs_hs11_15_23
HS1992:190110,H0,190110,"Preparations for infant use, put up for retail sale",False,False,not_primary_strict,not_primary_broad
HS1992:190190,H0,190190,Other,False,False,not_primary_strict,not_primary_broad
HS1992:200510,H0,200510,Homogenised vegetables,False,False,not_primary_strict,not_primary_broad
HS1992:210110,H0,210110,"Coffee extracts, essences, concentrates, preparations",False,False,not_primary_strict,not_primary_broad
HS1992:210120,H0,210120,"Extracts, essences and concentrates, of tea or maté, and preparations with a basis of these extracts, essences or concentrates or with a basis of tea or maté",False,False,not_primary_strict,not_primary_broad
HS1992:210500,H0,210500,"Ice cream and other edible ice, whether or not containing cocoa.",False,False,not_primary_strict,not_primary_broad
HS1992:220410,H0,220410,Sparkling wine,False,False,not_primary_strict,not_primary_broad
HS1992:220590,H0,220590,Other,False,False,not_primary_strict,not_primary_broad
HS1992:230610,H0,230610,Of cotton seeds,False,True,not_primary_strict,broad_first_stage_food_inputs_hs11_15_23
HS1992:240290,H0,240290,Other,False,False,not_primary_strict,not_primary_broad
HS1992:250310,H0,250310,"Sulphur, crude or unrefined",True,True,strict_minerals_ores_hs25_26,strict_minerals_ores_hs25_26
HS1992:250390,H0,250390,"refined sulphur, not sublimate, precipitate, colloida",True,True,strict_minerals_ores_hs25_26,strict_minerals_ores_hs25_26
HS1992:251200,H0,251200,"Siliceous fossil meals (for example, kieselguhr, tripolite and diatomite) and similar siliceous earths, whether or not calcined, of an apparent specific gravity of 1 or less.",True,True,strict_minerals_ores_hs25_26,strict_minerals_ores_hs25_26
HS1992:251321,H0,251321,"Emery & natural abrasives nes, crude, irregular piece",True,True,strict_minerals_ores_hs25_26,strict_minerals_ores_hs25_26
HS1992:251329,H0,251329,"Emery, natural corundum/garnet, including heat treate",True,True,strict_minerals_ores_hs25_26,strict_minerals_ores_hs25_26
HS1992:251741,H0,251741,"Granules, chippings and powder, of stones of heading No. 25.15 or 25.16, whether or not heat-treated :-- Of marble",True,True,strict_minerals_ores_hs25_26,strict_minerals_ores_hs25_26
HS1992:252520,H0,252520,Mica powder,True,True,strict_minerals_ores_hs25_26,strict_minerals_ores_hs25_26
HS1992:260600,H0,260600,Aluminium ores and concentrates.,True,True,strict_minerals_ores_hs25_26,strict_minerals_ores_hs25_26
HS1992:271121,H0,271121,In gaseous state :-- Natural gas,True,True,strict_raw_fuels_coal_crude_gas,strict_raw_fuels_coal_crude_gas
HS1992:271129,H0,271129,In gaseous state :-- Other,True,True,strict_raw_fuels_coal_crude_gas,strict_raw_fuels_coal_crude_gas
HS1992:284020,H0,284020,Other borates,False,False,not_primary_strict,not_primary_broad
HS1992:285100,H0,285100,"Other inorganic compounds (including distilled or conductivity water and water of similar purity); liquid air (whether or not rare gases have been removed); compressed air; amalgams, other than amalgams of precious metals",False,False,not_primary_strict,not_primary_broad
HS1992:310290,H0,310290,"Other, including mixtures not specified in the foregoing subheadings",False,False,not_primary_strict,not_primary_broad
HS1992:310540,H0,310540,Ammonium dihydrogenorthophosphate (monoammonium phosphate) and mixtures thereof with diammonium hydrogenorthophosphate (diammonium phosphate),False,False,not_primary_strict,not_primary_broad
HS1992:310559,H0,310559,Other mineral or chemical fertilisers containing the two fertilising elements nitrogen and phosphorus :-- Other,False,False,not_primary_strict,not_primary_broad
HS1992:320411,H0,320411,Synthetic organic colouring matter and preparations based thereon as specified in Note 3 to this Chapter :-- Disperse dyes and preparations based thereon,False,False,not_primary_strict,not_primary_broad
HS1992:321210,H0,321210,Stamping foils,False,False,not_primary_strict,not_primary_broad
HS1992:330114,H0,330114,Essential oils of citrus fruit :-- Of lime,False,False,not_primary_strict,not_primary_broad
HS1992:330730,H0,330730,Perfumed bath salts and other bath preparations,False,False,not_primary_strict,not_primary_broad
HS1992:330790,H0,330790,Other,False,False,not_primary_strict,not_primary_broad
HS1992:340410,H0,340410,Of chemically modified lignite,False,False,not_primary_strict,not_primary_broad
HS1992:370120,H0,370120,Instant print film,False,False,not_primary_strict,not_primary_broad
HS1992:370590,H0,370590,Other,False,False,not_primary_strict,not_primary_broad
HS1992:380810,H0,380810,Insecticides,False,False,not_primary_strict,not_primary_broad
HS1992:380830,H0,380830,"Herbicides, anti-sprouting products and plant-growth regulators",False,False,not_primary_strict,not_primary_broad
HS1992:382200,H0,382200,"Diagnostic or laboratory reagents on a backing and prepared diagnostic or laboratory reagents whether or not on a backing, other than those of heading No. 30.02 or 30.06.",False,False,not_primary_strict,not_primary_broad
HS1992:382340,H0,382340,"Prepared additives for cements, mortars or concretes",False,False,not_primary_strict,not_primary_broad
HS1992:382360,H0,382360,Sorbitol except D-glucitol,False,False,not_primary_strict,not_primary_broad
HS1992:390422,H0,390422,Other polyvinyl chloride :-- Plasticised,False,False,not_primary_strict,not_primary_broad
HS1992:390720,H0,390720,Other polyethers,False,False,not_primary_strict,not_primary_broad
HS1992:391510,H0,391510,Of polymers of ethylene,False,False,not_primary_strict,not_primary_broad
HS1992:391710,H0,391710,Artificial guts (sausage casings) of hardened protein or of cellulosic materials,False,False,not_primary_strict,not_primary_broad
HS1992:391732,H0,391732,"Tubes, pipes and hoses, rigid :-- Other, not reinforced or otherwise combined with other materials, without fittings",False,False,not_primary_strict,not_primary_broad
HS1992:392059,H0,392059,Of acrylic polymers :-- Other,False,False,not_primary_strict,not_primary_broad
HS1992:392290,H0,392290,Other,False,False,not_primary_strict,not_primary_broad
HS1992:392321,H0,392321,Sacks and bags (including cones) :-- Of polymers of ethylene,False,False,not_primary_strict,not_primary_broad
HS1992:392340,H0,392340,"Spools, cops, bobbins and similar supports",False,False,not_primary_strict,not_primary_broad
HS1992:400129,H0,400129,Natural rubber in other forms :-- Other,True,True,strict_natural_rubber_hs4001,strict_natural_rubber_hs4001
HS1992:400251,H0,400251,Acrylonitrile-butadiene rubber (NBR) :-- Latex,False,False,not_primary_strict,not_primary_broad
HS1992:400829,H0,400829,Of non-cellular rubber :-- Other,False,False,not_primary_strict,not_primary_broad
HS1992:401210,H0,401210,Retreaded tyres,False,False,not_primary_strict,not_primary_broad
HS1992:401699,H0,401699,Other,False,False,not_primary_strict,not_primary_broad
HS1992:410520,H0,410520,Parchment-dressed or prepared after tanning,False,False,not_primary_strict,not_primary_broad
HS1992:420310,H0,420310,Articles of apparel,False,False,not_primary_strict,not_primary_broad
HS1992:420330,H0,420330,Belts and bandoliers,False,False,not_primary_strict,not_primary_broad
HS1992:441090,H0,441090,Of other ligneous materials,False,False,not_primary_strict,not_primary_broad
HS1992:441229,H0,441229,"Other, with at least one outer ply of non-coniferous wood :-- Other",False,False,not_primary_strict,not_primary_broad
HS1992:450410,H0,450410,"Blocks, plates, sheets and strip; tiles of any shape; solid cylinders, including discs",False,False,not_primary_strict,not_primary_broad
HS1992:480451,H0,480451,Other kraft paper and paperboard weighing 225 g/m2 or more :-- Unbleached,False,False,not_primary_strict,not_primary_broad
HS1992:480820,H0,480820,"Sack kraft paper, creped or crinkled, whether or not embossed or perforated",False,False,not_primary_strict,not_primary_broad
HS1992:481091,H0,481091,Other paper and paperboard :-- Multi-ply,False,False,not_primary_strict,not_primary_broad
HS1992:481410,H0,481410,Ingrain paper,False,False,not_primary_strict,not_primary_broad
HS1992:481720,H0,481720,"Letter cards, plain postcards and correspondence cards",False,False,not_primary_strict,not_primary_broad
HS1992:481830,H0,481830,Tablecloths and serviettes,False,False,not_primary_strict,not_primary_broad
HS1992:481890,H0,481890,Other,False,False,not_primary_strict,not_primary_broad
HS1992:482110,H0,482110,Printed,False,False,not_primary_strict,not_primary_broad
HS1992:482351,H0,482351,"Other paper and paperboard, of a kind used for writing, printing or other graphic purposes :-- Printed, embossed or perforated",False,False,not_primary_strict,not_primary_broad
HS1992:500390,H0,500390,Other,True,True,strict_raw_textile_fibers,strict_raw_textile_fibers
HS1992:510820,H0,510820,Combed,False,False,not_primary_strict,not_primary_broad
HS1992:520291,H0,520291,Other :-- Garnetted stock,True,True,strict_raw_textile_fibers,strict_raw_textile_fibers
HS1992:520642,H0,520642,"Multiple (folded) or cabled yarn, of combed fibres :-- Measuring per single yarn less than 714.29 decitex but not less than 232.56 decitex (exceeding 14 metric number but not exceeding 43 metric number per single",False,False,not_primary_strict,not_primary_broad
HS1992:520645,H0,520645,"Multiple (folded) or cabled yarn, of combed fibres :-- Measuring per single yarn less than 125 decitex     (exceeding 80 metric number per single yarn)",False,False,not_primary_strict,not_primary_broad
HS1992:520939,H0,520939,Dyed :-- Other fabrics,False,False,not_primary_strict,not_primary_broad
HS1992:521019,H0,521019,Unbleached :-- Other fabrics,False,False,not_primary_strict,not_primary_broad
HS1992:521132,H0,521132,"Dyed :-- 3-thread or 4-thread twill, including cross twill",False,False,not_primary_strict,not_primary_broad
HS1992:540220,H0,540220,High tenacity yarn of polyesters,False,False,not_primary_strict,not_primary_broad
HS1992:540794,H0,540794,Other woven fabrics :-- Printed,False,False,not_primary_strict,not_primary_broad
HS1992:550911,H0,550911,Containing 85 % or more by weight of staple fibres of nylon or other polyamides :-- Single yarn,False,False,not_primary_strict,not_primary_broad
HS1992:551614,H0,551614,Containing 85 % or more by weight of artificial staple fibres :-- Printed,False,False,not_primary_strict,not_primary_broad
HS1992:560121,H0,560121,Wadding; other articles of wadding :-- Of cotton,False,False,not_primary_strict,not_primary_broad
HS1992:560129,H0,560129,Wadding; other articles of wadding :-- Other,False,False,not_primary_strict,not_primary_broad
HS1992:560300,H0,560300,Nonwovens textiles except felt,False,False,not_primary_strict,not_primary_broad
HS1992:570310,H0,570310,Of wool or fine animal hair,False,False,not_primary_strict,not_primary_broad
HS1992:580421,H0,580421,Mechanically made lace :-- Of man-made fibres,False,False,not_primary_strict,not_primary_broad
HS1992:580429,H0,580429,Mechanically made lace :-- Of other textile materials,False,False,not_primary_strict,not_primary_broad
HS1992:580500,H0,580500,"Hand-woven tapestries of the type Gobelins, Flanders, Aubusson, Beauvais and the like, and needle-worked tapestries (for example, petit point, cross stitch), whether or not made up.",False,False,not_primary_strict,not_primary_broad
HS1992:580631,H0,580631,Other woven fabrics :-- Of cotton,False,False,not_primary_strict,not_primary_broad
HS1992:580632,H0,580632,Other woven fabrics :-- Of man-made fibres,False,False,not_primary_strict,not_primary_broad
HS1992:600110,H0,600110,Long pile fabrics,False,False,not_primary_strict,not_primary_broad
HS1992:600122,H0,600122,Looped pile fabrics :-- Of man-made fibres,False,False,not_primary_strict,not_primary_broad
HS1992:600192,H0,600192,Other :-- Of man-made fibres,False,False,not_primary_strict,not_primary_broad
HS1992:600220,H0,600220,"Other, of a width not exceeding 30 cm",False,False,not_primary_strict,not_primary_broad
HS1992:600293,H0,600293,Other :-- Of man-made fibres,False,False,not_primary_strict,not_primary_broad
HS1992:610120,H0,610120,Of cotton,False,False,not_primary_strict,not_primary_broad
HS1992:610130,H0,610130,Of man-made fibres,False,False,not_primary_strict,not_primary_broad
HS1992:610322,H0,610322,Suits :-- Of cotton,False,False,not_primary_strict,not_primary_broad
HS1992:610323,H0,610323,Suits :-- Of synthetic fibres,False,False,not_primary_strict,not_primary_broad
HS1992:610441,H0,610441,Dresses :-- Of wool or fine animal hair,False,False,not_primary_strict,not_primary_broad
HS1992:611410,H0,611410,Of wool or fine animal hair,False,False,not_primary_strict,not_primary_broad
HS1992:620191,H0,620191,Other :-- Of wool or fine animal hair,False,False,not_primary_strict,not_primary_broad
HS1992:620291,H0,620291,Other :-- Of wool or fine animal hair,False,False,not_primary_strict,not_primary_broad
HS1992:620323,H0,620323,Ensembles :-- Of synthetic fibres,False,False,not_primary_strict,not_primary_broad
HS1992:620444,H0,620444,Dresses :-- Of artificial fibres,False,False,not_primary_strict,not_primary_broad
HS1992:621030,H0,621030,"Other garments, of the type described in subheadings 6202.11 to 6202.19",False,False,not_primary_strict,not_primary_broad
HS1992:621220,H0,621220,Girdles and panty-girdles,False,False,not_primary_strict,not_primary_broad
HS1992:621420,H0,621420,Of wool or fine animal hair,False,False,not_primary_strict,not_primary_broad
HS1992:630120,H0,630120,"Blankets (other than electric blankets) and travelling     rugs, of wool or of fine animal hair",False,False,not_primary_strict,not_primary_broad
HS1992:630130,H0,630130,"Blankets (other than electric blankets) and travelling rugs, of cotton",False,False,not_primary_strict,not_primary_broad
HS1992:630231,H0,630231,Other bed linen :-- Of cotton,False,False,not_primary_strict,not_primary_broad
HS1992:630260,H0,630260,"Toilet linen and kitchen linen, of terry towelling or similar terry fabrics, of cotton",False,False,not_primary_strict,not_primary_broad
HS1992:630293,H0,630293,Other :-- Of man-made fibres,False,False,not_primary_strict,not_primary_broad
HS1992:630419,H0,630419,Bedspreads :-- Other,False,False,not_primary_strict,not_primary_broad
HS1992:630531,H0,630531,"Sacks & bags, packing, polyethylene or polypropylene",False,False,not_primary_strict,not_primary_broad
HS1992:630611,H0,630611,"Tarpaulins, awnings and sunblinds :-- Of cotton",False,False,not_primary_strict,not_primary_broad
HS1992:630612,H0,630612,"Tarpaulins, awnings and sunblinds :-- Of synthetic fibres",False,False,not_primary_strict,not_primary_broad
HS1992:640330,H0,640330,"Footwear made on a base or platform of wood, not having an inner sole or a protective metal toe-cap",False,False,not_primary_strict,not_primary_broad
HS1992:640340,H0,640340,"Other footwear, incorporating a protective metal toe-cap",False,False,not_primary_strict,not_primary_broad
HS1992:650200,H0,650200,"Hat-shapes, plaited or made by assembling strips of any material, neither blocked to shape, nor with made brims, nor lined, nor trimmed.",False,False,not_primary_strict,not_primary_broad
HS1992:650300,H0,650300,"Felt hats and other felt headgear, made from the hat bodies, hoods or plateaux of heading No. 65.01, whether or not lined or trimmed.",False,False,not_primary_strict,not_primary_broad
HS1992:650610,H0,650610,Safety headgear,False,False,not_primary_strict,not_primary_broad
HS1992:660199,H0,660199,Other,False,False,not_primary_strict,not_primary_broad
HS1992:670210,H0,670210,Of plastics,False,False,not_primary_strict,not_primary_broad
HS1992:680293,H0,680293,Other :-- Granite,False,False,not_primary_strict,not_primary_broad
HS1992:680800,H0,680800,"Panels, boards, tiles, blocks and similar articles of vegetable fibre, of straw or of shavings, chips, particles,",False,False,not_primary_strict,not_primary_broad
HS1992:681011,H0,681011,"Tiles, flagstones, bricks and similar articles :-- Building blocks and bricks",False,False,not_primary_strict,not_primary_broad
HS1992:681210,H0,681210,Fabricated asbestos fibres; mixtures with a basis of asbestos or with a basis of asbestos and magnesium carbonate,False,False,not_primary_strict,not_primary_broad
HS1992:691090,H0,691090,Other,False,False,not_primary_strict,not_primary_broad
HS1992:700239,H0,700239,Tubes :-- Other,False,False,not_primary_strict,not_primary_broad
HS1992:700521,H0,700521,"Other non-wired glass :-- Coloured throughout the mass (body tinted), opacified, flashed or merely surface ground",False,False,not_primary_strict,not_primary_broad
HS1992:700529,H0,700529,Other non-wired glass :-- Other,False,False,not_primary_strict,not_primary_broad
HS1992:701310,H0,701310,Of glass-ceramics,False,False,not_primary_strict,not_primary_broad
HS1992:701590,H0,701590,Other,False,False,not_primary_strict,not_primary_broad
HS1992:711810,H0,711810,"Coin (other than gold coin), not being legal tender",False,False,not_primary_strict,not_primary_broad
HS1992:720299,H0,720299,Other,False,True,not_primary_strict,broad_first_stage_metals_scrap
HS1992:720390,H0,720390,Other,False,True,not_primary_strict,broad_first_stage_metals_scrap
HS1992:720521,H0,720521,Powders :-- Of alloy steel,False,True,not_primary_strict,broad_first_stage_metals_scrap
HS1992:721011,H0,721011,Plated or coated with tin :-- Of a thickness of 0.5 mm or more,False,False,not_primary_strict,not_primary_broad
HS1992:721111,H0,721111,"Hot box roll iron or non-alloy steel, flat, w 150-600mm, t >4mm, myp>35",False,False,not_primary_strict,not_primary_broad
HS1992:721121,H0,721121,"Hot box rolled iron or non-alloy steel, flat, w 150-600mm,t >4mm, uncla",False,False,not_primary_strict,not_primary_broad
HS1992:721130,H0,721130,"Cold rolled iron or non-alloy steel, width <600mm, <3mm-myp275, >3mm-35",False,False,not_primary_strict,not_primary_broad
HS1992:721141,H0,721141,"Flat rolled iron or non-alloy steel, width <600mm, unclad, <0.25% C, ne",False,False,not_primary_strict,not_primary_broad
HS1992:721440,H0,721440,"Bar/rod, iron or non-alloy steel, hot formed <0.25%C, nes",False,False,not_primary_strict,not_primary_broad
HS1992:721450,H0,721450,"Bar/rod, iron or non-alloy steel, hot formed 0.25-0.6%C, nes",False,False,not_primary_strict,not_primary_broad
HS1992:721460,H0,721460,"Bar/rod, iron or non-alloy steel, hot formed >0.6%C, nes",False,False,not_primary_strict,not_primary_broad
HS1992:721610,H0,721610,"U, I or H sections, not further worked than hot-rolled, hot-drawn or extruded, of a height of less than 80 mm",False,False,not_primary_strict,not_primary_broad
HS1992:722840,H0,722840,"Other bars and rods, not further worked than forged",False,False,not_primary_strict,not_primary_broad
HS1992:730290,H0,730290,Other,False,False,not_primary_strict,not_primary_broad
HS1992:731420,H0,731420,"Grill, netting and fencing, welded at the intersection, of wire with a maximum cross-sectional dimension of 3 mm or more and having a mesh size of 100 cm2 or more",False,False,not_primary_strict,not_primary_broad
HS1992:731442,H0,731442,"Other cloth, grill, netting and fencing :-- Coated with plastics",False,False,not_primary_strict,not_primary_broad
HS1992:731511,H0,731511,Articulated link chain and parts thereof :-- Roller chain,False,False,not_primary_strict,not_primary_broad
HS1992:740120,H0,740120,Cement copper (precipitated copper),False,True,not_primary_strict,broad_first_stage_metals_scrap
HS1992:740200,H0,740200,Unrefined copper; copper anodes for electrolytic refining.,False,True,not_primary_strict,broad_first_stage_metals_scrap
HS1992:740610,H0,740610,Powders of non-lamellar structure,False,False,not_primary_strict,not_primary_broad
HS1992:750210,H0,750210,"Nickel, not alloyed",False,True,not_primary_strict,broad_first_stage_metals_scrap
HS1992:760529,H0,760529,Of aluminium alloys :-- Other,False,False,not_primary_strict,not_primary_broad
HS1992:760611,H0,760611,"Rectangular (including square) :-- Of aluminium, not alloyed",False,False,not_primary_strict,not_primary_broad
HS1992:760719,H0,760719,Not backed :-- Other,False,False,not_primary_strict,not_primary_broad
HS1992:790710,H0,790710,"Zinc fabricated building components (gutters,etc)",False,False,not_primary_strict,not_primary_broad
HS1992:790790,H0,790790,Articles of zinc nes,False,False,not_primary_strict,not_primary_broad
HS1992:811300,H0,811300,"Cermets and articles thereof, including waste and scrap.",False,True,not_primary_strict,broad_unwrought_powder_waste_other_base_metals
HS1992:820190,H0,820190,"Other hand tools of a kind used in agriculture, horticulture or forestry",False,False,not_primary_strict,not_primary_broad
HS1992:820210,H0,820210,Hand saws,False,False,not_primary_strict,not_primary_broad
HS1992:820320,H0,820320,"Pliers (including cutting pliers), pincers, tweezers and similar tools",False,False,not_primary_strict,not_primary_broad
HS1992:820510,H0,820510,"Drilling, threading or tapping tools",False,False,not_primary_strict,not_primary_broad
HS1992:820540,H0,820540,Screwdrivers,False,False,not_primary_strict,not_primary_broad
HS1992:820600,H0,820600,"Tools of two or more of the headings Nos. 82.02 to 82.05, put up in sets for retail sale.",False,False,not_primary_strict,not_primary_broad
HS1992:820900,H0,820900,"Plates, sticks, tips and the like for tools, unmounted, of cermets.",False,False,not_primary_strict,not_primary_broad
HS1992:821520,H0,821520,Other sets of assorted articles,False,False,not_primary_strict,not_primary_broad
HS1992:830300,H0,830300,"Armoured or reinforced safes, strong-boxes and doors and safe deposit lockers for strong-rooms, cash or deed boxes and the like, of base metal.",False,False,not_primary_strict,not_primary_broad
HS1992:830400,H0,830400,"Filing cabinets, card-index cabinets, paper trays, paper rests, pen trays, office-stamp stands and similar office or desk equipment, of base metal, other than office furniture of heading No. 94.03.",False,False,not_primary_strict,not_primary_broad
HS1992:830610,H0,830610,"Bells, gongs and the like",False,False,not_primary_strict,not_primary_broad
HS1992:830990,H0,830990,Other,False,False,not_primary_strict,not_primary_broad
HS1992:831190,H0,831190,"Other, including parts",False,False,not_primary_strict,not_primary_broad
HS1992:840390,H0,840390,Parts,False,False,not_primary_strict,not_primary_broad
HS1992:840910,H0,840910,For aircraft engines,False,False,not_primary_strict,not_primary_broad
HS1992:841340,H0,841340,Concrete pumps,False,False,not_primary_strict,not_primary_broad
HS1992:841391,H0,841391,Parts :-- Of pumps,False,False,not_primary_strict,not_primary_broad
HS1992:841410,H0,841410,Vacuum pumps,False,False,not_primary_strict,not_primary_broad
HS1992:841899,H0,841899,Parts :-- Other,False,False,not_primary_strict,not_primary_broad
HS1992:841939,H0,841939,Dryers :-- Other,False,False,not_primary_strict,not_primary_broad
HS1992:841950,H0,841950,Heat exchange units,False,False,not_primary_strict,not_primary_broad
HS1992:841960,H0,841960,Machinery for liquefying air or other gases,False,False,not_primary_strict,not_primary_broad
HS1992:842199,H0,842199,Parts :-- Other,False,False,not_primary_strict,not_primary_broad
HS1992:842290,H0,842290,Parts,False,False,not_primary_strict,not_primary_broad
HS1992:842612,H0,842612,"Overhead travelling cranes, transporter cranes, gantry cranes, bridge cranes, mobile lifting frames and straddle     carriers :-- Mobile lifting frames on tyres and straddle carriers",False,False,not_primary_strict,not_primary_broad
HS1992:842710,H0,842710,Self-propelled trucks powered by an electric motor,False,False,not_primary_strict,not_primary_broad
HS1992:842720,H0,842720,Other self-propelled trucks,False,False,not_primary_strict,not_primary_broad
HS1992:842790,H0,842790,Other trucks,False,False,not_primary_strict,not_primary_broad
HS1992:842820,H0,842820,Pneumatic elevators and conveyors,False,False,not_primary_strict,not_primary_broad
HS1992:843141,H0,843141,"Of machinery of heading No. 84.26, 84.29 or 84.30 :-- Buckets, shovels, grabs and grips",False,False,not_primary_strict,not_primary_broad
HS1992:843142,H0,843142,"Of machinery of heading No. 84.26, 84.29 or 84.30 :-- Bulldozer or angledozer blades",False,False,not_primary_strict,not_primary_broad
HS1992:843229,H0,843229,"Harrows, scarifiers, cultivators, weeders and hoes :-- Other",False,False,not_primary_strict,not_primary_broad
HS1992:843290,H0,843290,Parts,False,False,not_primary_strict,not_primary_broad
HS1992:843790,H0,843790,Parts,False,False,not_primary_strict,not_primary_broad
HS1992:843860,H0,843860,"Machinery for the preparation of fruits, nuts or vegetables",False,False,not_primary_strict,not_primary_broad
HS1992:843890,H0,843890,Parts,False,False,not_primary_strict,not_primary_broad
HS1992:843920,H0,843920,Machinery for making paper or paperboard,False,False,not_primary_strict,not_primary_broad
HS1992:844110,H0,844110,Cutting machines,False,False,not_primary_strict,not_primary_broad
HS1992:844120,H0,844120,"Machines for making bags, sacks or envelopes",False,False,not_primary_strict,not_primary_broad
HS1992:844180,H0,844180,Other machinery,False,False,not_primary_strict,not_primary_broad
HS1992:845090,H0,845090,Parts,False,False,not_primary_strict,not_primary_broad
HS1992:845130,H0,845130,Ironing machines and presses (including fusing presses),False,False,not_primary_strict,not_primary_broad
HS1992:845150,H0,845150,"Machines for reeling, unreeling, folding, cutting or pinking textile fabrics",False,False,not_primary_strict,not_primary_broad
HS1992:845811,H0,845811,Horizontal lathes :-- Numerically controlled,False,False,not_primary_strict,not_primary_broad
HS1992:845899,H0,845899,Other lathes :-- Other,False,False,not_primary_strict,not_primary_broad
HS1992:845939,H0,845939,Other boring-milling machines :-- Other,False,False,not_primary_strict,not_primary_broad
HS1992:846090,H0,846090,Other,False,False,not_primary_strict,not_primary_broad
HS1992:846210,H0,846210,Forging or die-stamping machines (including presses) and hammers,False,False,not_primary_strict,not_primary_broad
HS1992:846229,H0,846229,"Bending, folding, straightening or flattening machines (including presses) :-- Other",False,False,not_primary_strict,not_primary_broad
HS1992:847420,H0,847420,Crushing or grinding machines,False,False,not_primary_strict,not_primary_broad
HS1992:847590,H0,847590,Parts,False,False,not_primary_strict,not_primary_broad
HS1992:847730,H0,847730,Blow moulding machines,False,False,not_primary_strict,not_primary_broad
HS1992:847920,H0,847920,Machinery for the extraction or preparation of animal or fixed vegetable fats or oils,False,False,not_primary_strict,not_primary_broad
HS1992:847982,H0,847982,"Other machines and mechanical appliances :-- Mixing, kneading, crushing, grinding, screening, sifting, homogenising, emulsifying or stirring machines",False,False,not_primary_strict,not_primary_broad
HS1992:848030,H0,848030,Moulding patterns,False,False,not_primary_strict,not_primary_broad
HS1992:848110,H0,848110,Pressure-reducing valves,False,False,not_primary_strict,not_primary_broad
HS1992:850133,H0,850133,Other DC motors; DC generators :-- Of an output exceeding 75 kW but not exceeding 375 kW,False,False,not_primary_strict,not_primary_broad
HS1992:850161,H0,850161,AC generators (alternators) : -- Of an output not exceeding 75 kVA,False,False,not_primary_strict,not_primary_broad
HS1992:850213,H0,850213,Generating sets with compression-ignition internal combustion piston engines (diesel or semi-diesel engines) :-- Of an output exceeding 375 kVA,False,False,not_primary_strict,not_primary_broad
HS1992:850432,H0,850432,Other transformers :-- Having a power handling capacity exceeding 1 kVA but not exceeding 16 kVA,False,False,not_primary_strict,not_primary_broad
HS1992:850810,H0,850810,Drills of all kinds,False,False,not_primary_strict,not_primary_broad
HS1992:850910,H0,850910,Vacuum cleaners,False,False,not_primary_strict,not_primary_broad
HS1992:851240,H0,851240,"Windscreen wipers, defrosters and demisters",False,False,not_primary_strict,not_primary_broad
HS1992:851519,H0,851519,Brazing or soldering machines and apparatus :-- Other,False,False,not_primary_strict,not_primary_broad
HS1992:851710,H0,851710,Telephone sets,False,False,not_primary_strict,not_primary_broad
HS1992:851730,H0,851730,Telephonic or telegraphic switching apparatus,False,False,not_primary_strict,not_primary_broad
HS1992:851740,H0,851740,"Apparatus, for carrier-current line systems, nes",False,False,not_primary_strict,not_primary_broad
HS1992:851810,H0,851810,Microphones and stands therefor,False,False,not_primary_strict,not_primary_broad
HS1992:852422,H0,852422,"Recorded magnetic tapes, width 4-6.5 mm",False,False,not_primary_strict,not_primary_broad
HS1992:852711,H0,852711,"Radio receivers, portable, with sound reproduce/recor",False,False,not_primary_strict,not_primary_broad
HS1992:853310,H0,853310,"Fixed carbon resistors, composition or film types",False,False,not_primary_strict,not_primary_broad
HS1992:853329,H0,853329,Other fixed resistors :-- Other,False,False,not_primary_strict,not_primary_broad
HS1992:853400,H0,853400,Printed circuits.,False,False,not_primary_strict,not_primary_broad
HS1992:853529,H0,853529,Automatic circuit breakers :-- Other,False,False,not_primary_strict,not_primary_broad
HS1992:853929,H0,853929,"Other filament lamps, excluding ultra-violet or infra-red lamps :-- Other",False,False,not_primary_strict,not_primary_broad
HS1992:854211,H0,854211,"Monolithic integrated circuits, digital",False,False,not_primary_strict,not_primary_broad
HS1992:854219,H0,854219,"Monolithic digital integrated circuits :-- Other, including circuits obtained by a combination of bipolar and MOS technologies (BIMOS technology)",False,False,not_primary_strict,not_primary_broad
HS1992:854411,H0,854411,Winding wire :-- Of copper,False,False,not_primary_strict,not_primary_broad
HS1992:854419,H0,854419,Winding wire :-- Other,False,False,not_primary_strict,not_primary_broad
HS1992:854451,H0,854451,"Other electric conductors, for a voltage exceeding 80 V but not exceeding 1,000 V :-- Fitted with connectors",False,False,not_primary_strict,not_primary_broad
HS1992:870120,H0,870120,Road tractors for semi-trailers,False,False,not_primary_strict,not_primary_broad
HS1992:870831,H0,870831,Brakes and servo-brakes and parts thereof :-- Mounted brake linings,False,False,not_primary_strict,not_primary_broad
HS1992:870893,H0,870893,Other parts and accessories :-- Clutches and parts thereof,False,False,not_primary_strict,not_primary_broad
HS1992:871639,H0,871639,Other trailers and semi-trailers for the transport of goods :-- Other,False,False,not_primary_strict,not_primary_broad
HS1992:871640,H0,871640,Other trailers and semi-trailers,False,False,not_primary_strict,not_primary_broad
HS1992:890391,H0,890391,"Other :-- Sailboats, with or without auxiliary motor",False,False,not_primary_strict,not_primary_broad
HS1992:900220,H0,900220,Filters,False,False,not_primary_strict,not_primary_broad
HS1992:900659,H0,900659,Other cameras :-- Other,False,False,not_primary_strict,not_primary_broad
HS1992:901010,H0,901010,Apparatus and equipment for automatically developing photographic (including cinematographic) film or paper in rolls or for automatically exposing developed film to rolls of photographic paper,False,False,not_primary_strict,not_primary_broad
HS1992:901020,H0,901020,Equipment for photographic laboratories nes,False,False,not_primary_strict,not_primary_broad
HS1992:901110,H0,901110,Stereoscopic microscopes,False,False,not_primary_strict,not_primary_broad
HS1992:901180,H0,901180,Other microscopes,False,False,not_primary_strict,not_primary_broad
HS1992:901819,H0,901819,Electro-diagnostic apparatus (including apparatus for functional exploratory examination or for checking physiological parameters) :-- Other,False,False,not_primary_strict,not_primary_broad
HS1992:901839,H0,901839,"Syringes, needles, catheters, cannulae and the like :-- Other",False,False,not_primary_strict,not_primary_broad
HS1992:901890,H0,901890,Other instruments and appliances,False,False,not_primary_strict,not_primary_broad
HS1992:902129,H0,902129,Artificial teeth and dental fittings :-- Other,False,False,not_primary_strict,not_primary_broad
HS1992:902211,H0,902211,Medical X-ray apparatus,False,False,not_primary_strict,not_primary_broad
HS1992:902221,H0,902221,"Apparatus based on the use of alpha, beta or gamma radiations, whether or not for medical, surgical, dental or veterinary uses, including radiography or radiotherapy apparatus :-- For medical, surgical, dental or veterina",False,False,not_primary_strict,not_primary_broad
HS1992:902300,H0,902300,"Instruments, apparatus and models, designed for demonstrational purposes (for example, in education or exhibitions), unsuitable for other uses.",False,False,not_primary_strict,not_primary_broad
HS1992:902490,H0,902490,Parts and accessories,False,False,not_primary_strict,not_primary_broad
HS1992:910390,H0,910390,Other,False,False,not_primary_strict,not_primary_broad
HS1992:930200,H0,930200,"Revolvers and pistols, other than those of heading No. 93.03 or 93.04.",False,False,not_primary_strict,not_primary_broad
HS1992:930629,H0,930629,Shotgun cartridges and parts thereof; air gun pellets :-- Other,False,False,not_primary_strict,not_primary_broad
HS1992:930630,H0,930630,Other cartridges and parts thereof,False,False,not_primary_strict,not_primary_broad
HS1992:940370,H0,940370,Furniture of plastics,False,False,not_primary_strict,not_primary_broad
HS1992:950632,H0,950632,Golf clubs and other golf equipment :-- Balls,False,False,not_primary_strict,not_primary_broad
HS1992:950800,H0,950800,"Roundabouts, swings, shooting galleries and other fairground amusements; travelling circuses, travelling menageries and travelling theatres.",False,False,not_primary_strict,not_primary_broad
HS1992:960500,H0,960500,"Travel sets for personal toilet, sewing or shoe or clothes cleaning.",False,False,not_primary_strict,not_primary_broad
HS1992:960711,H0,960711,Slide fasteners :-- Fitted with chain scoops of base metal,False,False,not_primary_strict,not_primary_broad
HS1992:960810,H0,960810,Ball point pens,False,False,not_primary_strict,not_primary_broad
HS1992:960840,H0,960840,Propelling or sliding pencils,False,False,not_primary_strict,not_primary_broad
HS1992:960910,H0,960910,"Pencils and crayons, with leads encased in a rigid sheath",False,False,not_primary_strict,not_primary_broad
HS1992:961590,H0,961590,Other,False,False,not_primary_strict,not_primary_broad
HS1992:961800,H0,961800,Tailors' dummies and other lay figures; automata and other animated displays used for shop window dressing.,False,False,not_primary_strict,not_primary_broad
HS1992:970110,H0,970110,"Paintings, drawings and pastels",False,False,not_primary_strict,not_primary_broad
HS1992:010111,H0,010111,Horses :-- Pure-bred breeding animals,True,True,strict_hs01_10_12_14_raw_agriculture,strict_hs01_10_12_14_raw_agriculture
HS1992:020110,H0,020110,Carcasses and half-carcasses,True,True,strict_hs01_10_12_14_raw_agriculture,strict_hs01_10_12_14_raw_agriculture
HS1992:020130,H0,020130,Boneless,True,True,strict_hs01_10_12_14_raw_agriculture,strict_hs01_10_12_14_raw_agriculture
HS1992:020742,H0,020742,"Turkey cuts & offal, except livers, frozen",True,True,strict_hs01_10_12_14_raw_agriculture,strict_hs01_10_12_14_raw_agriculture
HS1992:030222,H0,030222,"Salmonidae, excluding livers and roes :-- Plaice (Pleuronectes platessa)",True,True,strict_hs01_10_12_14_raw_agriculture,strict_hs01_10_12_14_raw_agriculture
HS1992:030270,H0,030270,Livers and roes,True,True,strict_hs01_10_12_14_raw_agriculture,strict_hs01_10_12_14_raw_agriculture
HS1992:030376,H0,030376,"Other fish, excluding livers and roes :-- Eels (Anguilla spp.)",True,True,strict_hs01_10_12_14_raw_agriculture,strict_hs01_10_12_14_raw_agriculture
HS1992:030611,H0,030611,"Frozen :-- Rock lobster and other sea crawfish (Palinurus spp., Panulirus spp., Jasus spp.)",True,True,strict_hs01_10_12_14_raw_agriculture,strict_hs01_10_12_14_raw_agriculture
HS1992:030621,H0,030621,"Not frozen :-- Rock lobster and other sea crawfish (Palinurus spp., Panulirus spp., Jasus spp.)",True,True,strict_hs01_10_12_14_raw_agriculture,strict_hs01_10_12_14_raw_agriculture
HS1992:030760,H0,030760,"Snails, other than sea snails",True,True,strict_hs01_10_12_14_raw_agriculture,strict_hs01_10_12_14_raw_agriculture
HS1992:040690,H0,040690,Other cheese,True,True,strict_hs01_10_12_14_raw_agriculture,strict_hs01_10_12_14_raw_agriculture
HS1992:060410,H0,060410,Mosses and lichens,True,True,strict_hs01_10_12_14_raw_agriculture,strict_hs01_10_12_14_raw_agriculture
HS1992:070910,H0,070910,Globe artichokes,True,True,strict_hs01_10_12_14_raw_agriculture,strict_hs01_10_12_14_raw_agriculture
HS1992:071420,H0,071420,Sweet potatoes,True,True,strict_hs01_10_12_14_raw_agriculture,strict_hs01_10_12_14_raw_agriculture
HS1992:071490,H0,071490,Other,True,True,strict_hs01_10_12_14_raw_agriculture,strict_hs01_10_12_14_raw_agriculture
HS1992:080300,H0,080300,"Bananas, including plantains, fresh or dried.",True,True,strict_hs01_10_12_14_raw_agriculture,strict_hs01_10_12_14_raw_agriculture
HS1992:080940,H0,080940,Plums and sloes,True,True,strict_hs01_10_12_14_raw_agriculture,strict_hs01_10_12_14_raw_agriculture
HS1992:090220,H0,090220,Other green tea (not fermented),True,True,strict_hs01_10_12_14_raw_agriculture,strict_hs01_10_12_14_raw_agriculture
HS1992:090620,H0,090620,Crushed or ground,True,True,strict_hs01_10_12_14_raw_agriculture,strict_hs01_10_12_14_raw_agriculture
HS1992:091020,H0,091020,Saffron,True,True,strict_hs01_10_12_14_raw_agriculture,strict_hs01_10_12_14_raw_agriculture
HS1992:120100,H0,120100,"Soya beans, whether or not broken.",True,True,strict_hs01_10_12_14_raw_agriculture,strict_hs01_10_12_14_raw_agriculture
HS1992:120792,H0,120792,Other :-- Shea nuts (karite nuts),True,True,strict_hs01_10_12_14_raw_agriculture,strict_hs01_10_12_14_raw_agriculture
HS1992:120922,H0,120922,"Seeds of forage plants, other than beet seed :-- Clover (Trifolium spp.) seed",True,True,strict_hs01_10_12_14_raw_agriculture,strict_hs01_10_12_14_raw_agriculture
HS1992:121120,H0,121120,Ginseng roots,True,True,strict_hs01_10_12_14_raw_agriculture,strict_hs01_10_12_14_raw_agriculture
HS1992:130190,H0,130190,Other,True,True,strict_hs01_10_12_14_raw_agriculture,strict_hs01_10_12_14_raw_agriculture
HS1992:150710,H0,150710,"Crude oil, whether or not degummed",False,True,not_primary_strict,broad_first_stage_food_inputs_hs11_15_23
HS1992:151519,H0,151519,Linseed oil and its fractions :-- Other,False,True,not_primary_strict,broad_first_stage_food_inputs_hs11_15_23
HS1992:151550,H0,151550,Sesame oil and its fractions,False,True,not_primary_strict,broad_first_stage_food_inputs_hs11_15_23
HS1992:151560,H0,151560,Jojoba oil and its fractions,False,True,not_primary_strict,broad_first_stage_food_inputs_hs11_15_23
HS1992:151590,H0,151590,Other,False,True,not_primary_strict,broad_first_stage_food_inputs_hs11_15_23
HS1992:151800,H0,151800,"Animal or vegetable fats and oils and their fractions, boiled, oxidised, dehydrated, sulphurised, blown, polymerised by beat in vacuum or in inert gas or otherwise chemically modified, excluding those of heading No.15.16; inedible mix",False,True,not_primary_strict,broad_first_stage_food_inputs_hs11_15_23
HS1992:152190,H0,152190,Other,False,True,not_primary_strict,broad_first_stage_food_inputs_hs11_15_23
HS1992:160100,H0,160100,"Sausages and similar products, of meat, meat offal or blood; food preparations based on these products.",False,False,not_primary_strict,not_primary_broad
HS1992:160411,H0,160411,"Fish, whole or in pieces, but not minced :-- Salmon",False,False,not_primary_strict,not_primary_broad
HS1992:160413,H0,160413,"Fish, whole or in pieces, but not minced :-- Sardines, sardinella and brisling or sprats",False,False,not_primary_strict,not_primary_broad
HS1992:160415,H0,160415,"Fish, whole or in pieces, but not minced :-- Mackerel",False,False,not_primary_strict,not_primary_broad
HS1992:190490,H0,190490,Other,False,False,not_primary_strict,not_primary_broad
HS1992:200120,H0,200120,Onions,False,False,not_primary_strict,not_primary_broad
HS1992:200580,H0,200580,Sweet corn (Zea mays var. saccharata),False,False,not_primary_strict,not_primary_broad
HS1992:200791,H0,200791,Other :-- Citrus fruit,False,False,not_primary_strict,not_primary_broad
HS1992:200830,H0,200830,Citrus fruit,False,False,not_primary_strict,not_primary_broad
HS1992:210130,H0,210130,"Roasted chicory and other roasted coffee substitutes, and extracts, essences and concentrates thereof",False,False,not_primary_strict,not_primary_broad
HS1992:220830,H0,220830,Whiskies,False,False,not_primary_strict,not_primary_broad
HS1992:240130,H0,240130,Tobacco refuse,True,True,strict_raw_tobacco_hs240110_240130,strict_raw_tobacco_hs240110_240130
HS1992:250700,H0,250700,"Kaolin and other kaolinic clays, whether or not calcined.",True,True,strict_minerals_ores_hs25_26,strict_minerals_ores_hs25_26
HS1992:252100,H0,252100,"Limestone flux; limestone and other calcareous stone, of a kind used for the manufacture of lime or cement.",True,True,strict_minerals_ores_hs25_26,strict_minerals_ores_hs25_26
HS1992:260700,H0,260700,Lead ores and concentrates.,True,True,strict_minerals_ores_hs25_26,strict_minerals_ores_hs25_26
HS1992:261210,H0,261210,Uranium ores and concentrates,True,True,strict_minerals_ores_hs25_26,strict_minerals_ores_hs25_26
HS1992:261610,H0,261610,Silver ores and concentrates,True,True,strict_minerals_ores_hs25_26,strict_minerals_ores_hs25_26
HS1992:270710,H0,270710,Benzole,False,True,not_primary_strict,broad_all_fuels_refinery_hs27
HS1992:270750,H0,270750,Other aromatic hydrocarbon mixtures of which 65 % or more by volume (including losses) distils at 250 (C by the ASTM D 86 method,False,True,not_primary_strict,broad_all_fuels_refinery_hs27
HS1992:271210,H0,271210,Petroleum jelly,False,True,not_primary_strict,broad_all_fuels_refinery_hs27
HS1992:283319,H0,283319,Sodium sulphates:-- Other,False,False,not_primary_strict,not_primary_broad
HS1992:283422,H0,283422,Nitrates:-- Of bismuth,False,False,not_primary_strict,not_primary_broad
HS1992:283640,H0,283640,Potassium carbonates,False,False,not_primary_strict,not_primary_broad
HS1992:283920,H0,283920,Of potassium,False,False,not_primary_strict,not_primary_broad
HS1992:290420,H0,290420,Derivatives containing only nitro or only mitroso groups,False,False,not_primary_strict,not_primary_broad
HS1992:293369,H0,293369,Compounds containing an unfused triazine ring (whether or not hydrogenated) in the structure :-- Other,False,False,not_primary_strict,not_primary_broad
HS1992:293390,H0,293390,Other,False,False,not_primary_strict,not_primary_broad
HS1992:300310,H0,300310,"Containing penicillins or derivatives thereof, with a penicillanic acid structure, or streptomycins or their derivatives",False,False,not_primary_strict,not_primary_broad
HS1992:300640,H0,300640,Dental cements and other dental fillings; bone reconstruction cements,False,False,not_primary_strict,not_primary_broad
HS1992:320130,H0,320130,Oak or chestnut tanning extract,False,False,not_primary_strict,not_primary_broad
HS1992:320190,H0,320190,Other,False,False,not_primary_strict,not_primary_broad
HS1992:320414,H0,320414,Synthetic organic colouring matter and preparations based thereon as specified in Note 3 to this Chapter :-- Direct dyes and preparations based thereon,False,False,not_primary_strict,not_primary_broad
HS1992:330290,H0,330290,Other,False,False,not_primary_strict,not_primary_broad
HS1992:340119,H0,340119,"Soap and organic surface-active products and preparations, in the form of bars, cakes, moulded pieces or shapes, and paper, wadding, felt and nonwovens, impregnated, coated or covered with soap or detergent :-- Other",False,False,not_primary_strict,not_primary_broad
HS1992:340530,H0,340530,"Polishes and similar preparations for coachwork, other than metal polishes",False,False,not_primary_strict,not_primary_broad
HS1992:340700,H0,340700,"Modelling pastes, including those put up for children's amusement; preparations known as 'dental wax' or as 'dental impression compounds', put up in sets, in packings for retail sale or in plates, horseshoe shapes, sticks or similar f",False,False,not_primary_strict,not_primary_broad
HS1992:381190,H0,381190,Other,False,False,not_primary_strict,not_primary_broad
HS1992:381400,H0,381400,"Organic composite solvents and thinners, not elsewhere specified or included; prepared paint or varnish removers.",False,False,not_primary_strict,not_primary_broad
HS1992:381519,H0,381519,Supported catalysts :-- Other,False,False,not_primary_strict,not_primary_broad
HS1992:381710,H0,381710,Mixed alkylbenzenes,False,False,not_primary_strict,not_primary_broad
HS1992:381720,H0,381720,Mixed alkylnaphthalenes,False,False,not_primary_strict,not_primary_broad
HS1992:381900,H0,381900,"Hydraulic brake fluids and other prepared liquids for hydraulic transmission, not containing or containing less than 70 % by weight of petroleum oils or oils obtained from bituminous minerals.",False,False,not_primary_strict,not_primary_broad
HS1992:382100,H0,382100,Prepared culture media for development of micro-organisms.,False,False,not_primary_strict,not_primary_broad
HS1992:390730,H0,390730,Epoxide resins,False,False,not_primary_strict,not_primary_broad
HS1992:391000,H0,391000,Silicones in primary forms.,False,False,not_primary_strict,not_primary_broad
HS1992:391890,H0,391890,Of other plastics,False,False,not_primary_strict,not_primary_broad
HS1992:392069,H0,392069,"Of polycarbonates, alkyd resins, polyallyl esters or other polyesters :-- Of other polyesters",False,False,not_primary_strict,not_primary_broad
HS1992:392099,H0,392099,Of other plastics :-- Of other plastics,False,False,not_primary_strict,not_primary_broad
HS1992:392210,H0,392210,"Baths, shower-baths and wash-basins",False,False,not_primary_strict,not_primary_broad
HS1992:392520,H0,392520,"Doors, windows and their frames and thresholds for doors",False,False,not_primary_strict,not_primary_broad
HS1992:400300,H0,400300,"Reclaimed rubber in primary forms or in plates, sheets or strip.",False,False,not_primary_strict,not_primary_broad
HS1992:400520,H0,400520,Solutions; dispersions other than those of subheading No. 4005.10,False,False,not_primary_strict,not_primary_broad
HS1992:410620,H0,410620,Parchment-dressed or prepared after tanning,False,False,not_primary_strict,not_primary_broad
HS1992:410800,H0,410800,Chamois (including combination chamois) leather.,False,False,not_primary_strict,not_primary_broad
HS1992:411100,H0,411100,"Composition leather with a basis of leather or leather fibre, in slabs, sheets or strip, whether or not in rolls.",False,False,not_primary_strict,not_primary_broad
HS1992:420500,H0,420500,Other articles of leather or of composition leather.,False,False,not_primary_strict,not_primary_broad
HS1992:440391,H0,440391,Other :-- Of oak (Quercus spp.),True,True,strict_raw_forestry_cork,strict_raw_forestry_cork
HS1992:441121,H0,441121,Fibreboard of a density exceeding 0.5 g/cm3 but not exceeding 0.8 g/cm3 :-- Not mechanically worked or surface covered,False,False,not_primary_strict,not_primary_broad
HS1992:441221,H0,441221,"Panels, 1 outer ply non-conifer & 1 ply particle boar",False,False,not_primary_strict,not_primary_broad
HS1992:460290,H0,460290,Other,False,False,not_primary_strict,not_primary_broad
HS1992:470790,H0,470790,"Other, including unsorted waste and scrap",False,True,not_primary_strict,broad_processed_wood_pulp_waste
HS1992:480210,H0,480210,Hand-made paper and paperboard,False,False,not_primary_strict,not_primary_broad
HS1992:480240,H0,480240,Wallpaper base,False,False,not_primary_strict,not_primary_broad
HS1992:480429,H0,480429,Sack kraft paper :-- Other,False,False,not_primary_strict,not_primary_broad
HS1992:480439,H0,480439,Other kraft paper and paperboard weighing 150 g/m2 or less :-- Other,False,False,not_primary_strict,not_primary_broad
HS1992:480441,H0,480441,Other kraft paper and paperboard weighing more than 150 g/m2 but less than 225 g/m2 :-- Unbleached,False,False,not_primary_strict,not_primary_broad
HS1992:480442,H0,480442,Other kraft paper and paperboard weighing more than 150 g/m2 but less than 225 g/m2 :-- Bleached uniformly throughout the mass and of which more than 95 % by weight of the total fibre content consists of wood fibres,False,False,not_primary_strict,not_primary_broad
HS1992:480452,H0,480452,Other kraft paper and paperboard weighing 225 g/m2 or more :-- Bleached uniformly throughout the mass and of which more than 95 % by weight of the total fibre content consists of wood obtained by a chemical process,False,False,not_primary_strict,not_primary_broad
HS1992:480522,H0,480522,Multi-ply paper and paperboard :-- With only one outer layer bleached,False,False,not_primary_strict,not_primary_broad
HS1992:480530,H0,480530,Sulphite wrapping paper,False,False,not_primary_strict,not_primary_broad
HS1992:480540,H0,480540,Filter paper and paperboard,False,False,not_primary_strict,not_primary_broad
HS1992:480560,H0,480560,"Other paper and paperboard, weighing 150 g/m2 or less",False,False,not_primary_strict,not_primary_broad
HS1992:480570,H0,480570,"Other paper and paperboard, weighing more than 150 g/m2 but less than 225 g/m2",False,False,not_primary_strict,not_primary_broad
HS1992:480610,H0,480610,Vegetable parchment,False,False,not_primary_strict,not_primary_broad
HS1992:480630,H0,480630,Tracing papers,False,False,not_primary_strict,not_primary_broad
HS1992:480710,H0,480710,"Paper and paperboard, laminated internally with bitumen, tar or asphalt",False,False,not_primary_strict,not_primary_broad
HS1992:480830,H0,480830,"Other kraft paper, creped or crinkled, whether or not embossed or perforated",False,False,not_primary_strict,not_primary_broad
HS1992:481012,H0,481012,"Paper and paperboard of a kind used for writing, printing or other graphic purposes, not containing fibres obtained by a mechanical process or of which not more than 10% by weight of the total fibre..:--Weighing more than 150g/m2",False,False,not_primary_strict,not_primary_broad
HS1992:481021,H0,481021,"Paper and paperboard of a kind used for writing, printing or other graphic purposes, of which more than 10% by weight of the total fibre content consists of fibres obtained by a mechanical process:--Light-weight coated paper",False,False,not_primary_strict,not_primary_broad
HS1992:481029,H0,481029,"Paper and paperboard of a kind used for writing, printing or other graphic purposes, of which more than 10% by weight of the total fibre content consists of fibres obtained by a mechanical process :-- Other",False,False,not_primary_strict,not_primary_broad
HS1992:481039,H0,481039,"Kraft paper and paperboard, other than that of a kind used for writing, printing or other graphic purposes :-- Other",False,False,not_primary_strict,not_primary_broad
HS1992:481121,H0,481121,Gummed or adhesive paper and paperboard :-- Self-adhesive,False,False,not_primary_strict,not_primary_broad
HS1992:481610,H0,481610,Carbon or similar copying papers,False,False,not_primary_strict,not_primary_broad
HS1992:481960,H0,481960,"Box files, letter trays, storage boxes and similar articles, of a kind used in offices, shops or the like",False,False,not_primary_strict,not_primary_broad
HS1992:482030,H0,482030,"Binders (other than book covers), folders and file covers",False,False,not_primary_strict,not_primary_broad
HS1992:482320,H0,482320,Filter paper and paperboard,False,False,not_primary_strict,not_primary_broad
HS1992:482340,H0,482340,"Rolls, sheets and dials, printed for self-recording apparatus",False,False,not_primary_strict,not_primary_broad
HS1992:490890,H0,490890,Other,False,False,not_primary_strict,not_primary_broad
HS1992:510121,H0,510121,"Degreased, not carbonised :-- Shorn wool",True,True,strict_raw_textile_fibers,strict_raw_textile_fibers
HS1992:510610,H0,510610,Containing 85 % or more by weight of wool,False,False,not_primary_strict,not_primary_broad
HS1992:511111,H0,511111,Containing 85 % or more by weight of wool or of fine animal hair :-- Of a weight not exceeding 300 g/m2,False,False,not_primary_strict,not_primary_broad
HS1992:520911,H0,520911,Unbleached :-- Plain weave,False,False,not_primary_strict,not_primary_broad
HS1992:520949,H0,520949,Of yarns of different colours :-- Other fabrics,False,False,not_primary_strict,not_primary_broad
HS1992:521131,H0,521131,Dyed :-- Plain weave,False,False,not_primary_strict,not_primary_broad
HS1992:530830,H0,530830,Paper yarn,False,False,not_primary_strict,not_primary_broad
HS1992:530890,H0,530890,Other,False,False,not_primary_strict,not_primary_broad
HS1992:540771,H0,540771,"Other woven fabrics, containing 85 % or more by weight of synthetic filaments :-- Unbleached or bleached",False,False,not_primary_strict,not_primary_broad
HS1992:540772,H0,540772,"Other woven fabrics, containing 85 % or more by weight of synthetic filaments :-- Dyed",False,False,not_primary_strict,not_primary_broad
HS1992:540832,H0,540832,Other woven fabrics :-- Dyed,False,False,not_primary_strict,not_primary_broad
HS1992:550810,H0,550810,Of synthetic staple fibres,False,False,not_primary_strict,not_primary_broad
HS1992:550961,H0,550961,"Other yarn, of acrylic or modacrylic staple fibres :-- Mixed mainly or solely with wool or fine animal hair",False,False,not_primary_strict,not_primary_broad
HS1992:551299,H0,551299,Other,False,False,not_primary_strict,not_primary_broad
HS1992:551331,H0,551331,"Of yarns of different colours :-- Of polyester staple fibres, plain weave",False,False,not_primary_strict,not_primary_broad
HS1992:560122,H0,560122,Wadding; other articles of wadding :-- Of man-made fibres,False,False,not_primary_strict,not_primary_broad
HS1992:570242,H0,570242,"Other, of pile construction, made up :-- Of man-made textile materials",False,False,not_primary_strict,not_primary_broad
HS1992:580610,H0,580610,Woven pile fabrics (including terry towelling and similar terry fabrics) and chenille fabrics,False,False,not_primary_strict,not_primary_broad
HS1992:580790,H0,580790,Other,False,False,not_primary_strict,not_primary_broad
HS1992:590320,H0,590320,With polyurethane,False,False,not_primary_strict,not_primary_broad
HS1992:600191,H0,600191,Other :-- Of cotton,False,False,not_primary_strict,not_primary_broad
HS1992:600241,H0,600241,"Other fabrics, warp knit (including those made on galloon knitting machines) :-- Of wool or fine animal hair",False,False,not_primary_strict,not_primary_broad
HS1992:610413,H0,610413,Suits :-- Of synthetic fibres,False,False,not_primary_strict,not_primary_broad
HS1992:610422,H0,610422,Ensembles :-- Of cotton,False,False,not_primary_strict,not_primary_broad
HS1992:610431,H0,610431,Jackets and blazers :-- Of wool or fine animal hair,False,False,not_primary_strict,not_primary_broad
HS1992:610444,H0,610444,Dresses :-- Of artificial fibres,False,False,not_primary_strict,not_primary_broad
HS1992:610910,H0,610910,Of cotton,False,False,not_primary_strict,not_primary_broad
HS1992:611599,H0,611599,Other :-- Of other textile materials,False,False,not_primary_strict,not_primary_broad
HS1992:611610,H0,611610,"Impregnated, coated or covered with plastics or rubber",False,False,not_primary_strict,not_primary_broad
HS1992:611691,H0,611691,Other :-- Of wool or fine animal hair,False,False,not_primary_strict,not_primary_broad
HS1992:611699,H0,611699,Other :-- Of other textile materials,False,False,not_primary_strict,not_primary_broad
HS1992:620293,H0,620293,Other :-- Of man-made fibres,False,False,not_primary_strict,not_primary_broad
HS1992:621230,H0,621230,Corselettes,False,False,not_primary_strict,not_primary_broad
HS1992:621410,H0,621410,Of silk or silk waste,False,False,not_primary_strict,not_primary_broad
HS1992:621430,H0,621430,Of synthetic fibres,False,False,not_primary_strict,not_primary_broad
HS1992:630140,H0,630140,"Blankets (other than electric blankets) and travelling rugs, of synthetic fibres",False,False,not_primary_strict,not_primary_broad
HS1992:630253,H0,630253,Other table linen :-- Of man-made fibres,False,False,not_primary_strict,not_primary_broad
HS1992:630259,H0,630259,Other table linen :-- Of other textile materials,False,False,not_primary_strict,not_primary_broad
HS1992:630411,H0,630411,Bedspreads :-- Knitted or crocheted,False,False,not_primary_strict,not_primary_broad
HS1992:630492,H0,630492,"Other :-- Not knitted or crocheted, of cotton",False,False,not_primary_strict,not_primary_broad
HS1992:630629,H0,630629,Tents :-- Of other textile materials,False,False,not_primary_strict,not_primary_broad
HS1992:630720,H0,630720,Life-jackets and life-belts,False,False,not_primary_strict,not_primary_broad
HS1992:630800,H0,630800,"Sets consisting of woven fabric and yarn, whether or not with accessories, for making up into rugs, tapestries, embroidered table cloths or serviettes, or similar textile articles, put up in packings for retail sale.",False,False,not_primary_strict,not_primary_broad
HS1992:640291,H0,640291,Other footwear :-- Covering the ankle,False,False,not_primary_strict,not_primary_broad
HS1992:640411,H0,640411,"Footwear with outer soles of rubber or plastics :-- Sports footwear; tennis shoes, basketball shoes, gym shoes, training shoes and the like",False,False,not_primary_strict,not_primary_broad
HS1992:650700,H0,650700,"Head-bands, linings, covers, hat foundations, hat frames, peaks and chinstraps, for headgear.",False,False,not_primary_strict,not_primary_broad
HS1992:670100,H0,670100,"Skins and other parts of birds with their feathers or down, feathers, parts of feathers, down and articles thereof (other than goods of heading No. 05.05 and worked quills and scapes).",False,False,not_primary_strict,not_primary_broad
HS1992:670411,H0,670411,Of synthetic textile materials :-- Complete wigs,False,False,not_primary_strict,not_primary_broad
HS1992:670420,H0,670420,Of human hair,False,False,not_primary_strict,not_primary_broad
HS1992:680520,H0,680520,On a base of paper or paperboard only,False,False,not_primary_strict,not_primary_broad
HS1992:681091,H0,681091,Other articles :-- Prefabricated structural components for building or civil engineering,False,False,not_primary_strict,not_primary_broad
HS1992:681260,H0,681260,"Paper, millboard and felt",False,False,not_primary_strict,not_primary_broad
HS1992:690310,H0,690310,Containing by weight more than 50 % of graphite or other carbon or of a mixture of these products,False,False,not_primary_strict,not_primary_broad
HS1992:690911,H0,690911,"Ceramic wares for laboratory, chemical or other technical uses :-- Of porcelain or china",False,False,not_primary_strict,not_primary_broad
HS1992:690919,H0,690919,"Ceramic wares for laboratory, chemical or other technical uses :-- Other",False,False,not_primary_strict,not_primary_broad
HS1992:691310,H0,691310,Of porcelain or china,False,False,not_primary_strict,not_primary_broad
HS1992:700311,H0,700311,"Cast glass sheet, coloured absorbent reflect or opaqu",False,False,not_primary_strict,not_primary_broad
HS1992:700510,H0,700510,"Non-wired glass, having an absorbent, reflecting or non-reflecting layer",False,False,not_primary_strict,not_primary_broad
HS1992:700600,H0,700600,"Glass of heading No. 70.03, 70.04 or 70.05, bent, edge-worked, engraved, drilled, enamelled or otherwise worked, but not framed or fitted with other materials.",False,False,not_primary_strict,not_primary_broad
HS1992:701339,H0,701339,Glassware of a kind used for table (other than drinking glasses) or kitchen purposes other than of glass-,False,False,not_primary_strict,not_primary_broad
HS1992:701610,H0,701610,"Glass cubes and other glass smallwares, whether or not on a backing, for mosaics or similar decorative purposes",False,False,not_primary_strict,not_primary_broad
HS1992:710610,H0,710610,Powder,True,True,strict_raw_precious_stones_metals,strict_raw_precious_stones_metals
HS1992:710692,H0,710692,Other :-- Semi-manufactured,False,True,not_primary_strict,broad_precious_metal_semimanufactures_waste
HS1992:720260,H0,720260,Ferro-nickel,False,True,not_primary_strict,broad_first_stage_metals_scrap
HS1992:720711,H0,720711,"Containing by weight less than 0.25 % of carbon :-- Of rectangular (including square) cross-section, the width measuring less than twice the thickness",False,False,not_primary_strict,not_primary_broad
HS1992:720912,H0,720912,"Cold rolled iron or non-alloy steel, coil, w >600mm, t 1.0-3mm, 275 mpa",False,False,not_primary_strict,not_primary_broad
HS1992:720922,H0,720922,"Cold rolled iron or non-alloy steel, coil, width >600mm, t 1-3mm, nes",False,False,not_primary_strict,not_primary_broad
HS1992:721049,H0,721049,Otherwise plated or coated with zinc :-- Other,False,False,not_primary_strict,not_primary_broad
HS1992:721260,H0,721260,Clad,False,False,not_primary_strict,not_primary_broad
HS1992:721632,H0,721632,"U, I or H sections, not further worked than hot-rolled, hot-drawn or extruded of a height of 80 mm or more :-- I sections",False,False,not_primary_strict,not_primary_broad
HS1992:721690,H0,721690,"Angles/shapes/sections, iron or non-alloy steel, nes",False,False,not_primary_strict,not_primary_broad
HS1992:722870,H0,722870,"Angles, shapes and sections",False,False,not_primary_strict,not_primary_broad
HS1992:730120,H0,730120,"Angles, shapes and sections",False,False,not_primary_strict,not_primary_broad
HS1992:730220,H0,730220,Sleepers (cross-ties),False,False,not_primary_strict,not_primary_broad
HS1992:730230,H0,730230,"Switch blades, crossing frogs, point rods and other crossing pieces",False,False,not_primary_strict,not_primary_broad
HS1992:730420,H0,730420,"Casings, tubing and drill pipe, for oil drilling",False,False,not_primary_strict,not_primary_broad
HS1992:730630,H0,730630,"Other, welded, of circular cross-section, of iron or non-alloy steel",False,False,not_primary_strict,not_primary_broad
HS1992:730690,H0,730690,Other,False,False,not_primary_strict,not_primary_broad
HS1992:730711,H0,730711,Cast fittings :-- Of non-malleable cast iron,False,False,not_primary_strict,not_primary_broad
HS1992:730723,H0,730723,"Other, of stainless steel :-- Butt welding fittings",False,False,not_primary_strict,not_primary_broad
HS1992:730791,H0,730791,Other :-- Flanges,False,False,not_primary_strict,not_primary_broad
HS1992:730810,H0,730810,Bridges and bridge-sections,False,False,not_primary_strict,not_primary_broad
HS1992:730830,H0,730830,"Doors, windows and their frames and thresholds for doors",False,False,not_primary_strict,not_primary_broad
HS1992:731430,H0,731430,"Net/fencing, welded iron or non-alloy steel, heavy",False,False,not_primary_strict,not_primary_broad
HS1992:731811,H0,731811,Threaded articles :-- Coach screws,False,False,not_primary_strict,not_primary_broad
HS1992:732090,H0,732090,Other,False,False,not_primary_strict,not_primary_broad
HS1992:732183,H0,732183,Other appliances :-- For solid fuel,False,False,not_primary_strict,not_primary_broad
HS1992:732211,H0,732211,Radiators and parts thereof :-- Of cast iron,False,False,not_primary_strict,not_primary_broad
HS1992:732611,H0,732611,"Forged or stamped, but not further worked :-- Grinding balls and similar articles for mills",False,False,not_primary_strict,not_primary_broad
HS1992:732619,H0,732619,"Forged or stamped, but not further worked :-- Other",False,False,not_primary_strict,not_primary_broad
HS1992:740329,H0,740329,Copper alloys :-- Other copper alloys (other than master alloys of heading No. 74.05),False,True,not_primary_strict,broad_first_stage_metals_scrap
HS1992:740819,H0,740819,Of refined copper :-- Other,False,False,not_primary_strict,not_primary_broad
HS1992:741210,H0,741210,Of refined copper,False,False,not_primary_strict,not_primary_broad
HS1992:741700,H0,741700,"Cooking or heating apparatus of a kind used for domestic purposes, non-electric, and parts thereof, of copper.",False,False,not_primary_strict,not_primary_broad
HS1992:741810,H0,741810,"Table/kitchen articles of copper, pot scourers",False,False,not_primary_strict,not_primary_broad
HS1992:760711,H0,760711,Not backed :-- Rolled but not further worked,False,False,not_primary_strict,not_primary_broad
HS1992:780110,H0,780110,Refined lead,False,True,not_primary_strict,broad_first_stage_metals_scrap
HS1992:780191,H0,780191,Other :-- Containing by weight antimony as the principal other element,False,True,not_primary_strict,broad_first_stage_metals_scrap
HS1992:790400,H0,790400,"Zinc bars, rods, profiles and wire",False,False,not_primary_strict,not_primary_broad
HS1992:811220,H0,811220,Chromium,False,False,not_primary_strict,not_primary_broad
HS1992:820551,H0,820551,Other hand tools (including glaziers' diamonds) :-- Household tools,False,False,not_primary_strict,not_primary_broad
HS1992:820720,H0,820720,Dies for drawing or extruding metal,False,False,not_primary_strict,not_primary_broad
HS1992:820750,H0,820750,"Tools for drilling, other than for rock drilling",False,False,not_primary_strict,not_primary_broad
HS1992:820770,H0,820770,Tools for milling,False,False,not_primary_strict,not_primary_broad
HS1992:821110,H0,821110,Sets of assorted articles,False,False,not_primary_strict,not_primary_broad
HS1992:830150,H0,830150,"Clasps and frames with clasps, incorporating locks",False,False,not_primary_strict,not_primary_broad
HS1992:830250,H0,830250,"Hat-racks, hat-pegs, brackets and similar fixtures",False,False,not_primary_strict,not_primary_broad
HS1992:830590,H0,830590,"Other, including parts",False,False,not_primary_strict,not_primary_broad
HS1992:831120,H0,831120,"Cored wire of base metal, for electric arc-welding",False,False,not_primary_strict,not_primary_broad
HS1992:840211,H0,840211,Steam or other vapour generating boilers :-- Watertube boilers with a steam production exceeding 45 t per hour,False,False,not_primary_strict,not_primary_broad
HS1992:840310,H0,840310,Boilers,False,False,not_primary_strict,not_primary_broad
HS1992:840734,H0,840734,"Reciprocating piston engines of a kind used for the propulsion of vehicles of Chapter 87 :-- Of a cylinder capacity exceeding 1,000 cc",False,False,not_primary_strict,not_primary_broad
HS1992:840790,H0,840790,Other engines,False,False,not_primary_strict,not_primary_broad
HS1992:840820,H0,840820,Engines of a kind used for the propulsion of vehicles of Chapter 87,False,False,not_primary_strict,not_primary_broad
HS1992:840999,H0,840999,Other,False,False,not_primary_strict,not_primary_broad
HS1992:841011,H0,841011,"Hydraulic turbines and water wheels :-- Of a power not exceeding 1,000 kW",False,False,not_primary_strict,not_primary_broad
HS1992:841112,H0,841112,Turbo-jets :-- Of a thrust exceeding 25 kN,False,False,not_primary_strict,not_primary_broad
HS1992:841459,H0,841459,Fans :-- Other,False,False,not_primary_strict,not_primary_broad
HS1992:841490,H0,841490,Parts,False,False,not_primary_strict,not_primary_broad
HS1992:841582,H0,841582,"Other :-- Other, incorporating a refrigerating unit",False,False,not_primary_strict,not_primary_broad
HS1992:841583,H0,841583,Other :-- Not incorporating a refrigerating unit,False,False,not_primary_strict,not_primary_broad
HS1992:842219,H0,842219,Dish washing machines :-- Other,False,False,not_primary_strict,not_primary_broad
HS1992:842220,H0,842220,Machinery for cleaning or drying bottles or other containers,False,False,not_primary_strict,not_primary_broad
HS1992:842230,H0,842230,"Machinery for filling, closing, sealing, or labelling bottles, cans, boxes, bags or other containers; machinery for capsuling bottles, jars, tubes and similar containers; machinery for aerating beverages",False,False,not_primary_strict,not_primary_broad
HS1992:842240,H0,842240,Other packing or wrapping machinery (including heat-shrink wrapping machinery),False,False,not_primary_strict,not_primary_broad
HS1992:842420,H0,842420,Spray guns and similar appliances,False,False,not_primary_strict,not_primary_broad
HS1992:842490,H0,842490,Parts,False,False,not_primary_strict,not_primary_broad
HS1992:842542,H0,842542,"Jacks; hoists of a kind used for raising vehicles :-- Other jacks and hoists, hydraulic",False,False,not_primary_strict,not_primary_broad
HS1992:842549,H0,842549,Jacks; hoists of a kind used for raising vehicles :-- Other,False,False,not_primary_strict,not_primary_broad
HS1992:842839,H0,842839,"Other continuous-action elevators and conveyors, for goods or materials :-- Other",False,False,not_primary_strict,not_primary_broad
HS1992:843031,H0,843031,Coal or rock cutters and tunnelling machinery :-- Self-propelled,False,False,not_primary_strict,not_primary_broad
HS1992:843039,H0,843039,Coal or rock cutters and tunnelling machinery :- Other,False,False,not_primary_strict,not_primary_broad
HS1992:843062,H0,843062,"Other machinery, not self-propelled :- Scrapers",False,False,not_primary_strict,not_primary_broad
HS1992:843120,H0,843120,Of machinery of heading No. 84.27,False,False,not_primary_strict,not_primary_broad
HS1992:843131,H0,843131,"Of machinery of heading No. 84.28 :-- Of lifts, skip hoists or escalators",False,False,not_primary_strict,not_primary_broad
HS1992:843230,H0,843230,"Seeders, planters and transplanters",False,False,not_primary_strict,not_primary_broad
HS1992:843280,H0,843280,Other machinery,False,False,not_primary_strict,not_primary_broad
HS1992:843360,H0,843360,"Machines for cleaning, sorting or grading eggs, fruit or other agricultural produce",False,False,not_primary_strict,not_primary_broad
HS1992:844790,H0,844790,Other,False,False,not_primary_strict,not_primary_broad
HS1992:845121,H0,845121,Drying machines :-- Each of a dry linen capacity not exceeding 10 kg,False,False,not_primary_strict,not_primary_broad
HS1992:845129,H0,845129,Drying machines :-- Other,False,False,not_primary_strict,not_primary_broad
HS1992:845240,H0,845240,"Furniture, bases and covers for sewing machines and parts thereof",False,False,not_primary_strict,not_primary_broad
HS1992:845310,H0,845310,"Machinery for preparing, tanning or working hides, skins or leather",False,False,not_primary_strict,not_primary_broad
HS1992:846150,H0,846150,Sawing or cutting-off machines,False,False,not_primary_strict,not_primary_broad
HS1992:846410,H0,846410,Sawing machines,False,False,not_primary_strict,not_primary_broad
HS1992:846691,H0,846691,Other :-- For machines of heading No. 84.64,False,False,not_primary_strict,not_primary_broad
HS1992:847010,H0,847010,"Electronic calculators capable of operation without an     external source of electric power and pocket-size data recording, reproducing and displaying machines with calculating functions",False,False,not_primary_strict,not_primary_broad
HS1992:847199,H0,847199,"Automatic data processing machines and units, nes",False,False,not_primary_strict,not_primary_broad
HS1992:847290,H0,847290,Other,False,False,not_primary_strict,not_primary_broad
HS1992:847710,H0,847710,Injection-moulding machines,False,False,not_primary_strict,not_primary_broad
HS1992:847981,H0,847981,"Other machines and mechanical appliances :-- For treating metal, including electric wire coil-winders",False,False,not_primary_strict,not_primary_broad
HS1992:850152,H0,850152,"Other AC motors, multi-phase :-- Of an output exceeding 750 W but not exceeding 75 kW",False,False,not_primary_strict,not_primary_broad
HS1992:850153,H0,850153,"Other AC motors, multi-phase :-- Of an output exceeding 75 kW",False,False,not_primary_strict,not_primary_broad
HS1992:850230,H0,850230,"Electric generating sets, nes",False,False,not_primary_strict,not_primary_broad
HS1992:850730,H0,850730,Nickel-cadmium,False,False,not_primary_strict,not_primary_broad
HS1992:851430,H0,851430,Other furnaces and ovens,False,False,not_primary_strict,not_primary_broad
HS1992:851539,H0,851539,Machines and apparatus for arc (including plasma arc) welding of metals :-- Other,False,False,not_primary_strict,not_primary_broad
HS1992:851580,H0,851580,Other machines and apparatus,False,False,not_primary_strict,not_primary_broad
HS1992:851633,H0,851633,Electro-thermic hair-dressing or hand-drying apparatus :-- Hand-drying apparatus,False,False,not_primary_strict,not_primary_broad
HS1992:851830,H0,851830,"Headphones, earphones and combined microphone/speaker sets",False,False,not_primary_strict,not_primary_broad
HS1992:851840,H0,851840,Audio-frequency electric amplifiers,False,False,not_primary_strict,not_primary_broad
HS1992:852320,H0,852320,Magnetic discs,False,False,not_primary_strict,not_primary_broad
HS1992:852423,H0,852423,"Recorded magnetic tapes, width > 6.5 mm",False,False,not_primary_strict,not_primary_broad
HS1992:853090,H0,853090,Parts,False,False,not_primary_strict,not_primary_broad
HS1992:853530,H0,853530,Isolating switches and make-and-break switches,False,False,not_primary_strict,not_primary_broad
HS1992:853620,H0,853620,Automatic circuit breakers,False,False,not_primary_strict,not_primary_broad
HS1992:853939,H0,853939,"Discharge lamps, other than ultra-violet lamps :-- Other",False,False,not_primary_strict,not_primary_broad
HS1992:854430,H0,854430,"Ignition wiring sets and other wiring sets of a kind used in vehicles, aircraft or ships",False,False,not_primary_strict,not_primary_broad
HS1992:854459,H0,854459,"Other electric conductors, for a voltage exceeding 80 V but not exceeding 1,000 V :-- Other",False,False,not_primary_strict,not_primary_broad
HS1992:854470,H0,854470,Optical fibre cables,False,False,not_primary_strict,not_primary_broad
HS1992:860110,H0,860110,Powered from an external source of electricity,False,False,not_primary_strict,not_primary_broad
HS1992:870321,H0,870321,"Other vehicles, with spark-ignition internal combustion reciprocating piston engine :-- Of a cylinder capacity not exceeding 1,000 cc",False,False,not_primary_strict,not_primary_broad
HS1992:870322,H0,870322,"Other vehicles, with spark-ignition internal combustion reciprocating piston engine :-- Of a cylinder capacity exceeding 1,000 cc but not exceeding 1,500 cc",False,False,not_primary_strict,not_primary_broad
HS1992:870331,H0,870331,"Other vehicles, with compression-ignition internal combustion piston engine (diesel or semi-diesel) :-- Of a cylinder capacity not exceeding 1,500 cc",False,False,not_primary_strict,not_primary_broad
HS1992:870432,H0,870432,"Other, with spark-ignition internal combustion piston engine :-- g.v.w. exceeding 5 tonnes",False,False,not_primary_strict,not_primary_broad
HS1992:870839,H0,870839,Brakes and servo-brakes and parts thereof :-- Other,False,False,not_primary_strict,not_primary_broad
HS1992:870860,H0,870860,Non-driving axles and parts thereof,False,False,not_primary_strict,not_primary_broad
HS1992:871110,H0,871110,With reciprocating internal combustion piston engine of a cylinder capacity not exceeding 50 cc,False,False,not_primary_strict,not_primary_broad
HS1992:871494,H0,871494,"Other :-- Brakes, including coaster braking hubs and hub brakes, and parts thereof",False,False,not_primary_strict,not_primary_broad
HS1992:900490,H0,900490,Other,False,False,not_primary_strict,not_primary_broad
HS1992:900610,H0,900610,Cameras of a kind used for preparing printing plates or cylinders,False,False,not_primary_strict,not_primary_broad
HS1992:901832,H0,901832,"Syringes, needles, catheters, cannulae and the like :-- Tubular metal needles and needles for sutures",False,False,not_primary_strict,not_primary_broad
HS1992:901920,H0,901920,"Ozone therapy, oxygen therapy, aerosol therapy, artificial respiration or other therapeutic respiration apparatus",False,False,not_primary_strict,not_primary_broad
HS1992:903010,H0,903010,Instruments and apparatus for measuring or detecting ionising radiations,False,False,not_primary_strict,not_primary_broad
HS1992:903039,H0,903039,"Other instruments and apparatus, for measuring or checking voltage, current, resistance or power, without a recording device :-- Other",False,False,not_primary_strict,not_primary_broad
HS1992:903180,H0,903180,"Other instruments, appliances and machines",False,False,not_primary_strict,not_primary_broad
HS1992:903289,H0,903289,Other,False,False,not_primary_strict,not_primary_broad
HS1992:920790,H0,920790,Other,False,False,not_primary_strict,not_primary_broad
HS1992:920920,H0,920920,Mechanisms for musical boxes,False,False,not_primary_strict,not_primary_broad
HS1992:930330,H0,930330,"Other sporting, hunting or target-shooting rifles",False,False,not_primary_strict,not_primary_broad
HS1992:930700,H0,930700,"Swords, cutlasses, bayonets, lances and similar arms and parts thereof and scabbards and sheaths therefor.",False,False,not_primary_strict,not_primary_broad
HS1992:940591,H0,940591,Parts :-- Of glass,False,False,not_primary_strict,not_primary_broad
HS1992:950790,H0,950790,Other,False,False,not_primary_strict,not_primary_broad
HS1992:960310,H0,960310,"Brooms and brushes, consisting of twigs or other vegetable materials bound together, with or without handles",False,False,not_primary_strict,not_primary_broad
HS1992:960330,H0,960330,"Artists' brushes, writing brushes and similar brushes for the application of cosmetics",False,False,not_primary_strict,not_primary_broad
HS1992:960629,H0,960629,Buttons :-- Other,False,False,not_primary_strict,not_primary_broad
HS1992:961000,H0,961000,"Slates and boards, with writing or drawing surfaces, whether or not framed.",False,False,not_primary_strict,not_primary_broad
HS1992:970400,H0,970400,"Postage or revenue stamps, stamp-postmarks, first-day covers, postal stationery (stamped paper), and the like, used, or if unused not of current or new issue in the country to which they are destined.",False,False,not_primary_strict,not_primary_broad
HS1992:020311,H0,020311,Fresh or chilled :-- Carcasses and half-carcasses,True,True,strict_hs01_10_12_14_raw_agriculture,strict_hs01_10_12_14_raw_agriculture
HS1992:030262,H0,030262,"Other fish, excluding livers and roes :-- Haddock (Melanogrammus aeglefinus)",True,True,strict_hs01_10_12_14_raw_agriculture,strict_hs01_10_12_14_raw_agriculture
HS1992:030310,H0,030310,"Pacific salmon (Oncorhynchus nerka, Oncorhynchus gorbuscha, Oncorhynchus keta, Oncorhynchus tschawytscha, Oncorhynchus kisutch, Oncorhynchus masou and Oncorhynchus rhodurus), excluding livers and roes",True,True,strict_hs01_10_12_14_raw_agriculture,strict_hs01_10_12_14_raw_agriculture
HS1992:030349,H0,030349,"Tunas (of the genus Thunnus), skipjack or stripe-bellied bonito (Euthynnus (Katsuwonus) pelamis), excluding livers and roes :-- Other",True,True,strict_hs01_10_12_14_raw_agriculture,strict_hs01_10_12_14_raw_agriculture
HS1992:030350,H0,030350,"Herrings (Clupea harengus, Clupea pallasii), excluding livers and roes",True,True,strict_hs01_10_12_14_raw_agriculture,strict_hs01_10_12_14_raw_agriculture
HS1992:030360,H0,030360,"Cod (Gadus morhua, Gadus ogac, Gadus macrocephalus), excluding livers and roes",True,True,strict_hs01_10_12_14_raw_agriculture,strict_hs01_10_12_14_raw_agriculture
HS1992:030420,H0,030420,Frozen fillets,True,True,strict_hs01_10_12_14_raw_agriculture,strict_hs01_10_12_14_raw_agriculture
HS1992:030490,H0,030490,Other,True,True,strict_hs01_10_12_14_raw_agriculture,strict_hs01_10_12_14_raw_agriculture
HS1992:030624,H0,030624,Not frozen :-- Crabs,True,True,strict_hs01_10_12_14_raw_agriculture,strict_hs01_10_12_14_raw_agriculture
HS1992:050290,H0,050290,Other,True,True,strict_hs01_10_12_14_raw_agriculture,strict_hs01_10_12_14_raw_agriculture
HS1992:050510,H0,050510,Feathers of a kind used for stuffing; down,True,True,strict_hs01_10_12_14_raw_agriculture,strict_hs01_10_12_14_raw_agriculture
HS1992:070320,H0,070320,Garlic,True,True,strict_hs01_10_12_14_raw_agriculture,strict_hs01_10_12_14_raw_agriculture
HS1992:071110,H0,071110,Onions,True,True,strict_hs01_10_12_14_raw_agriculture,strict_hs01_10_12_14_raw_agriculture
HS1992:071220,H0,071220,Onions,True,True,strict_hs01_10_12_14_raw_agriculture,strict_hs01_10_12_14_raw_agriculture
HS1992:080110,H0,080110,"Coconuts, fresh or dried",True,True,strict_hs01_10_12_14_raw_agriculture,strict_hs01_10_12_14_raw_agriculture
HS1992:080212,H0,080212,Almonds :-- Shelled,True,True,strict_hs01_10_12_14_raw_agriculture,strict_hs01_10_12_14_raw_agriculture
HS1992:080930,H0,080930,"Peaches, including nectarines",True,True,strict_hs01_10_12_14_raw_agriculture,strict_hs01_10_12_14_raw_agriculture
HS1992:090111,H0,090111,"Coffee, not roasted :-- Not decaffeinated",True,True,strict_hs01_10_12_14_raw_agriculture,strict_hs01_10_12_14_raw_agriculture
HS1992:100510,H0,100510,Seed,True,True,strict_hs01_10_12_14_raw_agriculture,strict_hs01_10_12_14_raw_agriculture
HS1992:110813,H0,110813,Starches :-- Potato starch,False,True,not_primary_strict,broad_first_stage_food_inputs_hs11_15_23
HS1992:120220,H0,120220,"Shelled, whether or not broken",True,True,strict_hs01_10_12_14_raw_agriculture,strict_hs01_10_12_14_raw_agriculture
HS1992:120810,H0,120810,Of soya beans,True,True,strict_hs01_10_12_14_raw_agriculture,strict_hs01_10_12_14_raw_agriculture
HS1992:120991,H0,120991,Other :-- Vegetable seeds,True,True,strict_hs01_10_12_14_raw_agriculture,strict_hs01_10_12_14_raw_agriculture
HS1992:121291,H0,121291,Other :-- Sugar beet,True,True,strict_hs01_10_12_14_raw_agriculture,strict_hs01_10_12_14_raw_agriculture
HS1992:130214,H0,130214,Vegetable saps and extracts :-- Of pyrethrum or of the roots of plants containing rotenone,True,True,strict_hs01_10_12_14_raw_agriculture,strict_hs01_10_12_14_raw_agriculture
HS1992:151319,H0,151319,Coconut (copra) oil and its fractions :-- Other,False,True,not_primary_strict,broad_first_stage_food_inputs_hs11_15_23
HS1992:151329,H0,151329,Palm kernel or babassu oil and fractions thereof :-- Other,False,True,not_primary_strict,broad_first_stage_food_inputs_hs11_15_23
HS1992:151529,H0,151529,Maize (corn) oil and its fractions :-- Other,False,True,not_primary_strict,broad_first_stage_food_inputs_hs11_15_23
HS1992:151710,H0,151710,"Margarine, excluding liquid margarine",False,True,not_primary_strict,broad_first_stage_food_inputs_hs11_15_23
HS1992:160210,H0,160210,Homogenised preparations,False,False,not_primary_strict,not_primary_broad
HS1992:180500,H0,180500,"Cocoa powder, not containing added sugar or other sweetening matter.",False,True,not_primary_strict,broad_cocoa_first_stage_hs1803_1805
HS1992:180610,H0,180610,"Cocoa powder, containing added sugar or other sweetening matter",False,False,not_primary_strict,not_primary_broad
HS1992:180631,H0,180631,"Other, in blocks, slabs or bars :-- Filled",False,False,not_primary_strict,not_primary_broad
HS1992:200110,H0,200110,Cucumbers and gherkins,False,False,not_primary_strict,not_primary_broad
HS1992:200559,H0,200559,"Beans (Vigna spp., Phaseolus spp.) :-- Other",False,False,not_primary_strict,not_primary_broad
HS1992:200590,H0,200590,Other vegetables and mixtures of vegetables,False,False,not_primary_strict,not_primary_broad
HS1992:230210,H0,230210,Of maize (corn),False,True,not_primary_strict,broad_first_stage_food_inputs_hs11_15_23
HS1992:230240,H0,230240,Of other cereals,False,True,not_primary_strict,broad_first_stage_food_inputs_hs11_15_23
HS1992:230400,H0,230400,"Oil-cake and other solid residues, whether or not ground or in the form of pellets, resulting from the extraction of soyabean oil.",False,True,not_primary_strict,broad_first_stage_food_inputs_hs11_15_23
HS1992:240391,H0,240391,Other :-- 'Homogenised' or 'reconstituted' tobacco,False,False,not_primary_strict,not_primary_broad
HS1992:250200,H0,250200,Unroasted iron pyrites.,True,True,strict_minerals_ores_hs25_26,strict_minerals_ores_hs25_26
HS1992:250629,H0,250629,Quartzite :-- Other,True,True,strict_minerals_ores_hs25_26,strict_minerals_ores_hs25_26
HS1992:250850,H0,250850,"Andalusite, kyanite and sillimanite",True,True,strict_minerals_ores_hs25_26,strict_minerals_ores_hs25_26
HS1992:251010,H0,251010,Unground,True,True,strict_minerals_ores_hs25_26,strict_minerals_ores_hs25_26
HS1992:251120,H0,251120,Natural barium carbonate (witherite),True,True,strict_minerals_ores_hs25_26,strict_minerals_ores_hs25_26
HS1992:251720,H0,251720,"Macadam of slag, dross or similar industrial waste, whether or not incorporating the materials cited in subheading No. 2517.10",True,True,strict_minerals_ores_hs25_26,strict_minerals_ores_hs25_26
HS1992:251820,H0,251820,Calcined dolomite,True,True,strict_minerals_ores_hs25_26,strict_minerals_ores_hs25_26
HS1992:251910,H0,251910,Natural magnesium carbonate (magnesite),True,True,strict_minerals_ores_hs25_26,strict_minerals_ores_hs25_26
HS1992:252230,H0,252230,Hydraulic lime,True,True,strict_minerals_ores_hs25_26,strict_minerals_ores_hs25_26
HS1992:252700,H0,252700,Natural cryolite; natural chiolite,True,True,strict_minerals_ores_hs25_26,strict_minerals_ores_hs25_26
HS1992:253030,H0,253030,Earth colours,True,True,strict_minerals_ores_hs25_26,strict_minerals_ores_hs25_26
HS1992:253040,H0,253040,Natural micaceous iron oxides,True,True,strict_minerals_ores_hs25_26,strict_minerals_ores_hs25_26
HS1992:253090,H0,253090,Other,True,True,strict_minerals_ores_hs25_26,strict_minerals_ores_hs25_26
HS1992:260111,H0,260111,"Iron ores and concentrates, other than roasted iron pyrites :-- Non-agglomerated",True,True,strict_minerals_ores_hs25_26,strict_minerals_ores_hs25_26
HS1992:260200,H0,260200,"Manganese ores and concentrates, including ferruginous manganese ores and concentrates with a manganese content of 20 % or more, calculated on the dry weight.",True,True,strict_minerals_ores_hs25_26,strict_minerals_ores_hs25_26
HS1992:261390,H0,261390,Other,True,True,strict_minerals_ores_hs25_26,strict_minerals_ores_hs25_26
HS1992:262030,H0,262030,Containing mainly copper,True,True,strict_minerals_ores_hs25_26,strict_minerals_ores_hs25_26
HS1992:270210,H0,270210,"Lignite, whether or not pulverised, but not agglomerated",True,True,strict_raw_fuels_coal_crude_gas,strict_raw_fuels_coal_crude_gas
HS1992:270500,H0,270500,"Coal gas, water gas, producer gas and similar gases, other than petroleum gases and other gaseous hydrocarbons.",False,True,not_primary_strict,broad_all_fuels_refinery_hs27
HS1992:281990,H0,281990,Other,False,False,not_primary_strict,not_primary_broad
HS1992:282300,H0,282300,Titanium oxides,False,False,not_primary_strict,not_primary_broad
HS1992:282540,H0,282540,Nickel oxides and hydroxides,False,False,not_primary_strict,not_primary_broad
HS1992:284440,H0,284440,"Radioactive elements and isotopes and compounds other than those of subheading No. 2844.10, 2844.20 or 2844.30; alloys, dispersions (including cermets), ceramic products and mixtures containing these elements, isotopes or compounds; r",False,False,not_primary_strict,not_primary_broad
HS1992:284910,H0,284910,Of calcium,False,False,not_primary_strict,not_primary_broad
HS1992:290110,H0,290110,Saturated,False,False,not_primary_strict,not_primary_broad
HS1992:290629,H0,290629,Aromatic:-- Other,False,False,not_primary_strict,not_primary_broad
HS1992:291811,H0,291811,"Carboxylic acids with alcohol function but without other oxygen function, their anhydrides, halides, peroxides, peroxyacids and their derivatives :-- Lactic acid, its salts and esters",False,False,not_primary_strict,not_primary_broad
HS1992:291814,H0,291814,"Carboxylic acids with alcohol function but without other oxygen function, their anhydrides, halides, peroxides, peroxyacids and their derivatives :-- Citric acid",False,False,not_primary_strict,not_primary_broad
HS1992:310100,H0,310100,"Animal or vegetable fertilisers, whether or not mixed together or chemically treated; fertilisers produced by the mixing or chemical treatment of animal or vegetable products.",False,False,not_primary_strict,not_primary_broad
HS1992:310229,H0,310229,Ammonium sulphate; double salts and mixtures of ammonium sulphate and ammonium nitrate :-- Other,False,False,not_primary_strict,not_primary_broad
HS1992:310310,H0,310310,Superphosphates,False,False,not_primary_strict,not_primary_broad
HS1992:310530,H0,310530,Diammonium hydrogenorthophosphate (diammonium phosphate),False,False,not_primary_strict,not_primary_broad
HS1992:320710,H0,320710,"Prepared pigments, prepared opacifiers, prepared colours and similar preparations",False,False,not_primary_strict,not_primary_broad
HS1992:330111,H0,330111,Essential oils of citrus fruit :-- Of bergamot,False,False,not_primary_strict,not_primary_broad
HS1992:330119,H0,330119,Essential oils of citrus fruit :-- Other,False,False,not_primary_strict,not_primary_broad
HS1992:330720,H0,330720,Personal deodorants and antiperspirants,False,False,not_primary_strict,not_primary_broad
HS1992:330749,H0,330749,"Preparations for perfuming or deodorizing rooms, including odoriferous preparations used during religious rites :-- Other",False,False,not_primary_strict,not_primary_broad
HS1992:381600,H0,381600,"Refractory cements, mortars, concretes and similar compositions, other than products of heading No. 38.01.",False,False,not_primary_strict,not_primary_broad
HS1992:382000,H0,382000,Anti-freezing preparations and prepared de-icing fluids.,False,False,not_primary_strict,not_primary_broad
HS1992:390750,H0,390750,Alkyd resins,False,False,not_primary_strict,not_primary_broad
HS1992:391290,H0,391290,Other,False,False,not_primary_strict,not_primary_broad
HS1992:391810,H0,391810,Of polymers of vinyl chloride,False,False,not_primary_strict,not_primary_broad
HS1992:392530,H0,392530,"Shutters, blinds (including Venetian blinds) and similar articles and parts thereof",False,False,not_primary_strict,not_primary_broad
HS1992:400211,H0,400211,Styrene-butadiene rubber (SBR); carboxylated styrene-butadiene rubber (XSBR) :-- Latex,False,False,not_primary_strict,not_primary_broad
HS1992:400219,H0,400219,Styrene-butadiene rubber (SBR); carboxylated styrene-butadiene rubber (XSBR) :-- Other,False,False,not_primary_strict,not_primary_broad
HS1992:400231,H0,400231,Isobutene-isoprene (butyl) rubber (IIR); halo-isobutene-isoprene rubber (CIIR or BIIR) :-- Isobutene-isoprene (butyl) rubber (IIR),False,False,not_primary_strict,not_primary_broad
HS1992:400591,H0,400591,"Other :-- Plates, sheets and strip",False,False,not_primary_strict,not_primary_broad
HS1992:400819,H0,400819,Of cellular rubber :-- Other,False,False,not_primary_strict,not_primary_broad
HS1992:400910,H0,400910,"Not reinforced or otherwise combined with other materials, without fittings",False,False,not_primary_strict,not_primary_broad
HS1992:400950,H0,400950,With fittings,False,False,not_primary_strict,not_primary_broad
HS1992:401130,H0,401130,Of a kind used on aircraft,False,False,not_primary_strict,not_primary_broad
HS1992:401199,H0,401199,Other,False,False,not_primary_strict,not_primary_broad
HS1992:401220,H0,401220,Used pneumatic tyres,False,False,not_primary_strict,not_primary_broad
HS1992:410710,H0,410710,Of swine,False,False,not_primary_strict,not_primary_broad
HS1992:410900,H0,410900,Patent leather and patent laminated leather; metallised leather.,False,False,not_primary_strict,not_primary_broad
HS1992:420340,H0,420340,Other clothing accessories,False,False,not_primary_strict,not_primary_broad
HS1992:441219,H0,441219,"Plywood consisting solely of sheets of wood, each ply not exceeding 6 mm thickness :-- Other",False,False,not_primary_strict,not_primary_broad
HS1992:450110,H0,450110,"Natural cork, raw or simply prepared",True,True,strict_raw_forestry_cork,strict_raw_forestry_cork
HS1992:460110,H0,460110,"Plaits and similar products of plaiting materials, whether or not assembled into strips",False,False,not_primary_strict,not_primary_broad
HS1992:460191,H0,460191,Other :-- Of vegetable materials,False,False,not_primary_strict,not_primary_broad
HS1992:470692,H0,470692,Other :-- Chemical,False,True,not_primary_strict,broad_processed_wood_pulp_waste
HS1992:470710,H0,470710,Unbleached kraft paper or paperboard or corrugated paper or paperboard,False,True,not_primary_strict,broad_processed_wood_pulp_waste
HS1992:480251,H0,480251,"Other paper and paperboard, not containing fibres obtained by a mechanical process or of which not more than 10 % by weight of the total fibre content consists of such fibres :-- Weighing less than 40 g/m2",False,False,not_primary_strict,not_primary_broad
HS1992:480253,H0,480253,"Other paper and paperboard, not containing fibres obtained by a mechanical process or of which not more than 10 % by weight of the total fibre content consists of such fibres :-- Weighing more than 150 g/m2",False,False,not_primary_strict,not_primary_broad
HS1992:480260,H0,480260,"Other paper and paperboard, of which more than 10 % by weight of the total fibre content consists of fibres obtained by a mechanical process",False,False,not_primary_strict,not_primary_broad
HS1992:481031,H0,481031,"Kraft paper and paperboard...:-- Bleached uniformly throughout the mass and of which more than 95% by weight of the total fibre content consists of wood fibres obtained by a chemical process, and weighing 150 g/m2 or less",False,False,not_primary_strict,not_primary_broad
HS1992:481099,H0,481099,Other paper and paperboard :-- Other,False,False,not_primary_strict,not_primary_broad
HS1992:481131,H0,481131,"Paper and paperboard coated, impregnated or covered with plastics (excluding adhesives) :-- Bleached, weighing more than 150 g/m2",False,False,not_primary_strict,not_primary_broad
HS1992:481490,H0,481490,Other,False,False,not_primary_strict,not_primary_broad
HS1992:481950,H0,481950,"Other packing containers, including record sleeves",False,False,not_primary_strict,not_primary_broad
HS1992:490600,H0,490600,"Plans and drawings for architectural, engineering, industrial, commercial, topographical or similar purposes, being originals drawn by hand; hand-written texts; photographic reproductions on sensitised paper and carbon",False,False,not_primary_strict,not_primary_broad
HS1992:490810,H0,490810,"Transfers (decalcomanias), vitrifiable",False,False,not_primary_strict,not_primary_broad
HS1992:500100,H0,500100,Silk-worm cocoons suitable for reeling.,True,True,strict_raw_textile_fibers,strict_raw_textile_fibers
HS1992:500200,H0,500200,Raw silk (not thrown).,True,True,strict_raw_textile_fibers,strict_raw_textile_fibers
HS1992:510620,H0,510620,Containing less than 85 % by weight of wool,False,False,not_primary_strict,not_primary_broad
HS1992:510990,H0,510990,Other,False,False,not_primary_strict,not_primary_broad
HS1992:520511,H0,520511,"Single yarn, of uncombed fibres :-- Measuring 714.29 decitex or more (not exceeding 14 metric number)",False,False,not_primary_strict,not_primary_broad
HS1992:520634,H0,520634,"Multiple (folded) or cabled yarn, of uncombed fibres :-- Measuring per single yarn less than 192.31 decitex but not less than 125 decitex (exceeding 52 metric number but not exceeding 80 metric number per single y",False,False,not_primary_strict,not_primary_broad
HS1992:520812,H0,520812,"Unbleached :-- Plain weave, weighing more than 100 g/m2",False,False,not_primary_strict,not_primary_broad
HS1992:520813,H0,520813,"Unbleached :-- 3-thread or 4-thread twill, including cross twill",False,False,not_primary_strict,not_primary_broad
HS1992:520821,H0,520821,"Bleached :-- Plain weave, weighing not more than 100 g/m2",False,False,not_primary_strict,not_primary_broad
HS1992:520833,H0,520833,"Dyed :-- 3-thread or 4-thread twill, including cross twill",False,False,not_primary_strict,not_primary_broad
HS1992:520841,H0,520841,"Of yarns of different colours :-- Plain weave, weighing not more than 100 g/m2",False,False,not_primary_strict,not_primary_broad
HS1992:520959,H0,520959,Printed :-- Other fabrics,False,False,not_primary_strict,not_primary_broad
HS1992:521041,H0,521041,Of yarns of different colours :-- Plain weave,False,False,not_primary_strict,not_primary_broad
HS1992:540120,H0,540120,Of artificial filaments,False,False,not_primary_strict,not_primary_broad
HS1992:540242,H0,540242,"Other yarn, single, untwisted or with a twist not exceeding 50 turns per metre :-- Of polyesters, partially oriented",False,False,not_primary_strict,not_primary_broad
HS1992:540490,H0,540490,Other,False,False,not_primary_strict,not_primary_broad
HS1992:540793,H0,540793,Other woven fabrics :-- Of yarns of different colours,False,False,not_primary_strict,not_primary_broad
HS1992:550190,H0,550190,Other,False,False,not_primary_strict,not_primary_broad
HS1992:550330,H0,550330,Acrylic or modacrylic,False,False,not_primary_strict,not_primary_broad
HS1992:550942,H0,550942,"Other yarn, containing 85 % or more by weight of synthetic staple fibres :-- Multiple (folded) or cabled yarn",False,False,not_primary_strict,not_primary_broad
HS1992:551512,H0,551512,Of polyester staple fibres :-- Mixed mainly or solely with man-made filaments,False,False,not_primary_strict,not_primary_broad
HS1992:551521,H0,551521,Of acrylic or modacrylic staple fibres :-- Mixed mainly or solely with man-made filaments,False,False,not_primary_strict,not_primary_broad
HS1992:560600,H0,560600,"Gimped yarn, and strip and the like of heading No. 54.04 or 54.05, gimped (other than those of heading No. 56.05 and gimped horsehair yarn); chenille yarn (including flock chenille yarn); loop wale-yarn.",False,False,not_primary_strict,not_primary_broad
HS1992:560710,H0,560710,Of jute or other textile bast fibres of heading No. 53.03,False,False,not_primary_strict,not_primary_broad
HS1992:560721,H0,560721,Of sisal or other textile fibres of the genus Agave :-- Binder or baler twine,False,False,not_primary_strict,not_primary_broad
HS1992:560729,H0,560729,Of sisal or other textile fibres of the genus Agave :-- Other,False,False,not_primary_strict,not_primary_broad
HS1992:580219,H0,580219,"Terry towelling and similar woven terry fabrics, of cotton :-- Other",False,False,not_primary_strict,not_primary_broad
HS1992:610331,H0,610331,Jackets and blazers :-- Of wool or fine animal hair,False,False,not_primary_strict,not_primary_broad
HS1992:620423,H0,620423,Ensembles :-- Of synthetic fibres,False,False,not_primary_strict,not_primary_broad
HS1992:620441,H0,620441,Dresses :-- Of wool or fine animal hair,False,False,not_primary_strict,not_primary_broad
HS1992:621440,H0,621440,Of artificial fibres,False,False,not_primary_strict,not_primary_broad
HS1992:621510,H0,621510,Of silk or silk waste,False,False,not_primary_strict,not_primary_broad
HS1992:621600,H0,621600,"Gloves, mittens and mitts.",False,False,not_primary_strict,not_primary_broad
HS1992:630251,H0,630251,Other table linen :- Of cotton,False,False,not_primary_strict,not_primary_broad
HS1992:630311,H0,630311,Knitted or crocheted :-- Of cotton,False,False,not_primary_strict,not_primary_broad
HS1992:630691,H0,630691,Other :-- Of cotton,False,False,not_primary_strict,not_primary_broad
HS1992:680410,H0,680410,"Millstones and grindstones for milling, grinding or pulping",False,False,not_primary_strict,not_primary_broad
HS1992:680620,H0,680620,"Exfoliated vermiculite, expanded clays, foamed slag and similar expanded mineral materials (including intermixtures thereof)",False,False,not_primary_strict,not_primary_broad
HS1992:680919,H0,680919,"Boards, sheets, panels, tiles and similar articles, not ornamented :-- Other",False,False,not_primary_strict,not_primary_broad
HS1992:681250,H0,681250,"Clothing, clothing accessories, footwear and headgear",False,False,not_primary_strict,not_primary_broad
HS1992:701910,H0,701910,"Slivers, rovings, yarn and chopped strands of glass",False,False,not_primary_strict,not_primary_broad
HS1992:701920,H0,701920,Woven fabric of glass fibres,False,False,not_primary_strict,not_primary_broad
HS1992:720110,H0,720110,Non-alloy pig iron containing by weight 0.5 % or less of phosphorus,False,True,not_primary_strict,broad_first_stage_metals_scrap
HS1992:720229,H0,720229,Ferro-silicon :-- Other,False,True,not_primary_strict,broad_first_stage_metals_scrap
HS1992:720249,H0,720249,Ferro-chromium :-- Other,False,True,not_primary_strict,broad_first_stage_metals_scrap
HS1992:720811,H0,720811,"Hot rolled iron or non-alloy steel, coil,w >600mm, t >10mm, myp 355 mpa",False,False,not_primary_strict,not_primary_broad
HS1992:720812,H0,720812,"Hot rolled iron or non-alloy steel, coil,w >600mm, t 4.75-10mm, 355 mpa",False,False,not_primary_strict,not_primary_broad
HS1992:720813,H0,720813,"Hot rolled iron or non-alloy steel, coil,w >600mm, t 3-4.75mm, 355 mpa",False,False,not_primary_strict,not_primary_broad
HS1992:720823,H0,720823,"Hot rolled iron or non-alloy steel, coil,width >600mm, t 3-4.75mm, nes",False,False,not_primary_strict,not_primary_broad
HS1992:721210,H0,721210,Plated or coated with tin,False,False,not_primary_strict,not_primary_broad
HS1992:721221,H0,721221,"Flat rolled steel, <600mm, zinc plate,<3mm-275/3mm-35",False,False,not_primary_strict,not_primary_broad
HS1992:721229,H0,721229,"Flat rolled steel, <600mm, electro-plated zinc, nes",False,False,not_primary_strict,not_primary_broad
HS1992:721240,H0,721240,"Painted, varnished or coated with plastics",False,False,not_primary_strict,not_primary_broad
HS1992:721621,H0,721621,"L or T sections, not further worked than hot-rolled, hot-drawn or extruded, of a height of less than 80 mm :-- L sections",False,False,not_primary_strict,not_primary_broad
HS1992:721622,H0,721622,"L or T sections, not further worked than hot-rolled, hot-drawn or extruded, of a height of less than 80 mm :-- T sections",False,False,not_primary_strict,not_primary_broad
HS1992:721911,H0,721911,"Not further worked than hot-rolled, in coils :-- Of a thickness exceeding 10 mm",False,False,not_primary_strict,not_primary_broad
HS1992:722100,H0,722100,"Bars and rods, hot-rolled, in irregularly wound coils, of stainless steel.",False,False,not_primary_strict,not_primary_broad
HS1992:722210,H0,722210,Stainless steel bar nfw than hot rolled/drawn/extrude,False,False,not_primary_strict,not_primary_broad
HS1992:722490,H0,722490,Other,False,False,not_primary_strict,not_primary_broad
HS1992:730451,H0,730451,"Other, of circular cross-section, of other alloy steel :-- Cold-drawn or cold-rolled (cold-reduced)",False,False,not_primary_strict,not_primary_broad
HS1992:730660,H0,730660,"Other, welded, of non-circular cross-section",False,False,not_primary_strict,not_primary_broad
HS1992:731449,H0,731449,"Other cloth, grill, netting and fencing :-- Other",False,False,not_primary_strict,not_primary_broad
HS1992:731812,H0,731812,Threaded articles :-- Other wood screws,False,False,not_primary_strict,not_primary_broad
HS1992:732290,H0,732290,Other,False,False,not_primary_strict,not_primary_broad
HS1992:732310,H0,732310,"Iron or steel wool; pot scourers and scouring or polishing pads, gloves and the like",False,False,not_primary_strict,not_primary_broad
HS1992:732393,H0,732393,Other :-- Of stainless steel,False,False,not_primary_strict,not_primary_broad
HS1992:740110,H0,740110,Copper mattes,False,True,not_primary_strict,broad_first_stage_metals_scrap
HS1992:741121,H0,741121,Of copper alloys :-- Of copper-zinc base alloys (brass),False,False,not_primary_strict,not_primary_broad
HS1992:741300,H0,741300,"Stranded wire, cables, plaited bands and the like, of copper, not electrically insulated.",False,False,not_primary_strict,not_primary_broad
HS1992:741600,H0,741600,Copper springs.,False,False,not_primary_strict,not_primary_broad
HS1992:780300,H0,780300,"Lead bars, rods, profiles and wire",False,False,not_primary_strict,not_primary_broad
HS1992:790111,H0,790111,"Zinc, not alloyed :- Containing by weight 99.99 % or more of zinc",False,True,not_primary_strict,broad_first_stage_metals_scrap
HS1992:790310,H0,790310,Zinc dust,False,False,not_primary_strict,not_primary_broad
HS1992:820220,H0,820220,Band saw blades,False,False,not_primary_strict,not_primary_broad
HS1992:820232,H0,820232,"Circular saw blades, working part other than steel",False,False,not_primary_strict,not_primary_broad
HS1992:820570,H0,820570,"Vices, clamps and the like",False,False,not_primary_strict,not_primary_broad
HS1992:820780,H0,820780,Tools for turning,False,False,not_primary_strict,not_primary_broad
HS1992:830710,H0,830710,Of iron or steel,False,False,not_primary_strict,not_primary_broad
HS1992:840140,H0,840140,Parts of nuclear reactors,False,False,not_primary_strict,not_primary_broad
HS1992:841392,H0,841392,Parts :-- Of liquid elevators,False,False,not_primary_strict,not_primary_broad
HS1992:841590,H0,841590,Parts,False,False,not_primary_strict,not_primary_broad
HS1992:841932,H0,841932,"Dryers :-- For wood, paper pulp, paper or paperboard",False,False,not_primary_strict,not_primary_broad
HS1992:841989,H0,841989,"Other machinery, plant and equipment :-- Other",False,False,not_primary_strict,not_primary_broad
HS1992:841990,H0,841990,Parts,False,False,not_primary_strict,not_primary_broad
HS1992:842390,H0,842390,Weighing machine weights of all kinds; parts of weighing machinery,False,False,not_primary_strict,not_primary_broad
HS1992:842511,H0,842511,Pulley tackle and hoists other than skip hoists or hoists of a kind used for raising vehicles :-- Powered by electric motor,False,False,not_primary_strict,not_primary_broad
HS1992:842519,H0,842519,Pulley tackle and hoists other than skip hoists or hoists of a kind used for raising vehicles :-- Other,False,False,not_primary_strict,not_primary_broad
HS1992:842810,H0,842810,Lifts and skip hoists,False,False,not_primary_strict,not_primary_broad
HS1992:843061,H0,843061,"Other machinery, not self-propelled :-- Tamping or compacting machinery",False,False,not_primary_strict,not_primary_broad
HS1992:843210,H0,843210,Ploughs,False,False,not_primary_strict,not_primary_broad
HS1992:843221,H0,843221,"Harrows, scarifiers, cultivators, weeders and hoes :-- Disc harrows",False,False,not_primary_strict,not_primary_broad
HS1992:843240,H0,843240,Manure spreaders and fertiliser distributors,False,False,not_primary_strict,not_primary_broad
HS1992:843490,H0,843490,Parts,False,False,not_primary_strict,not_primary_broad
HS1992:843629,H0,843629,Poultry-keeping machinery; poultry incubators and brooders :-- Other,False,False,not_primary_strict,not_primary_broad
HS1992:843680,H0,843680,Other machinery,False,False,not_primary_strict,not_primary_broad
HS1992:844140,H0,844140,"Machines for moulding articles in paper pulp, paper or paperboard",False,False,not_primary_strict,not_primary_broad
HS1992:844319,H0,844319,Offset printing machinery :-- Other,False,False,not_primary_strict,not_primary_broad
HS1992:844819,H0,844819,"Auxiliary machinery for machines of heading No. 84.44, 84.45, 84.46 or 84.47 :-- Other",False,False,not_primary_strict,not_primary_broad
HS1992:845020,H0,845020,"Machines, each of a dry linen capacity exceeding 10 kg",False,False,not_primary_strict,not_primary_broad
HS1992:845140,H0,845140,"Washing, bleaching or dyeing machines",False,False,not_primary_strict,not_primary_broad
HS1992:845929,H0,845929,Other drilling machines :-- Other,False,False,not_primary_strict,not_primary_broad
HS1992:845969,H0,845969,Other milling machines :-- Other,False,False,not_primary_strict,not_primary_broad
HS1992:846390,H0,846390,Other,False,False,not_primary_strict,not_primary_broad
HS1992:846592,H0,846592,"Other :-- Planing, milling or moulding (by cutting) machines",False,False,not_primary_strict,not_primary_broad
HS1992:846595,H0,846595,Other :-- Drilling or morticing machines,False,False,not_primary_strict,not_primary_broad
HS1992:846596,H0,846596,"Other :-- Splitting, slicing or paring machines",False,False,not_primary_strict,not_primary_broad
HS1992:846820,H0,846820,Other gas-operated machinery and apparatus,False,False,not_primary_strict,not_primary_broad
HS1992:846880,H0,846880,Other machinery and apparatus,False,False,not_primary_strict,not_primary_broad
HS1992:847340,H0,847340,Parts and accessories of the machines of heading No. 84.72,False,False,not_primary_strict,not_primary_broad
HS1992:847619,H0,847619,"Automatic goods-vending machines, non-food",False,False,not_primary_strict,not_primary_broad
HS1992:847790,H0,847790,Parts,False,False,not_primary_strict,not_primary_broad
HS1992:847890,H0,847890,Parts,False,False,not_primary_strict,not_primary_broad
HS1992:848120,H0,848120,Valves for oleohydraulic or pneumatic transmissions,False,False,not_primary_strict,not_primary_broad
HS1992:848210,H0,848210,Ball bearings,False,False,not_primary_strict,not_primary_broad
HS1992:850140,H0,850140,"Other AC motors, single-phase",False,False,not_primary_strict,not_primary_broad
HS1992:850423,H0,850423,"Liquid dielectric transformers :-- Having a power handling capacity exceeding 10,000 kVA",False,False,not_primary_strict,not_primary_broad
HS1992:850434,H0,850434,Other transformers :-- Having a power handling capacity exceeding 500 kVA,False,False,not_primary_strict,not_primary_broad
HS1992:850611,H0,850611,Manganese dioxide primary cell/battery volume < 300 c,False,False,not_primary_strict,not_primary_broad
HS1992:850740,H0,850740,Nickel-iron,False,False,not_primary_strict,not_primary_broad
HS1992:851140,H0,851140,Starter motors and dual purpose starter-generators,False,False,not_primary_strict,not_primary_broad
HS1992:851410,H0,851410,Resistance heated furnaces and ovens,False,False,not_primary_strict,not_primary_broad
HS1992:851850,H0,851850,Electric sound amplifier sets,False,False,not_primary_strict,not_primary_broad
HS1992:852421,H0,852421,"Recorded magnetic tapes, width < 4 mm",False,False,not_primary_strict,not_primary_broad
HS1992:852692,H0,852692,Other :-- Radio remote control apparatus,False,False,not_primary_strict,not_primary_broad
HS1992:853921,H0,853921,"Other filament lamps, excluding ultra-violet or infra-red lamps :-- Tungsten halogen",False,False,not_primary_strict,not_primary_broad
HS1992:853922,H0,853922,"Other filament lamps, excluding ultra-violet or infra-red lamps :-- Other, of a power not exceeding 200 W and for a voltage exceeding 100 V",False,False,not_primary_strict,not_primary_broad
HS1992:853940,H0,853940,"Ultra-violet or infra-red lamps, arc lamps",False,False,not_primary_strict,not_primary_broad
HS1992:854150,H0,854150,Other semiconductor devices,False,False,not_primary_strict,not_primary_broad
HS1992:854460,H0,854460,"Other electric conductors, for a voltage exceeding 1,000 V",False,False,not_primary_strict,not_primary_broad
HS1992:854511,H0,854511,Electrodes :-- Of a kind used for furnaces,False,False,not_primary_strict,not_primary_broad
HS1992:854519,H0,854519,Electrodes :-- Other,False,False,not_primary_strict,not_primary_broad
HS1992:854590,H0,854590,Other,False,False,not_primary_strict,not_primary_broad
HS1992:860900,H0,860900,Containers (including containers for the transport of fluids) specially designed and equipped for carriage by one or more modes of transport.,False,False,not_primary_strict,not_primary_broad
HS1992:870110,H0,870110,Pedestrian controlled tractors,False,False,not_primary_strict,not_primary_broad
HS1992:870324,H0,870324,"Other vehicles, with spark-ignition internal combustion reciprocating piston engine :-- Of a cylinder capacity exceeding 3,000 cc",False,False,not_primary_strict,not_primary_broad
HS1992:871120,H0,871120,With reciprocating internal combustion piston engine of a cylinder capacity exceeding 50 cc but not exceeding 250 cc,False,False,not_primary_strict,not_primary_broad
HS1992:871310,H0,871310,Not mechanically propelled,False,False,not_primary_strict,not_primary_broad
HS1992:871631,H0,871631,Other trailers and semi-trailers for the transport of goods :-- Tanker trailers and tanker semi-trailers,False,False,not_primary_strict,not_primary_broad
HS1992:871680,H0,871680,Other vehicles,False,False,not_primary_strict,not_primary_broad
HS1992:871690,H0,871690,Parts,False,False,not_primary_strict,not_primary_broad
HS1992:880211,H0,880211,"Helicopters :-- Of an unladen weight not exceeding 2,000 kg",False,False,not_primary_strict,not_primary_broad
HS1992:890110,H0,890110,"Cruise ships, excursion boats and similar vessels principally designed for the transport of persons; ferry-boats of all kinds",False,False,not_primary_strict,not_primary_broad
HS1992:890190,H0,890190,Other vessels for the transport of goods and other vessels for the transport of both persons and goods,False,False,not_primary_strict,not_primary_broad
HS1992:890310,H0,890310,Inflatable,False,False,not_primary_strict,not_primary_broad
HS1992:890590,H0,890590,Other,False,False,not_primary_strict,not_primary_broad
HS1992:900590,H0,900590,Parts and accessories (including mountings),False,False,not_primary_strict,not_primary_broad
HS1992:900719,H0,900719,Cameras :-- Other,False,False,not_primary_strict,not_primary_broad
HS1992:900990,H0,900990,Parts and accessories,False,False,not_primary_strict,not_primary_broad
HS1992:901540,H0,901540,Photogrammetrical surveying instruments and appliances,False,False,not_primary_strict,not_primary_broad
HS1992:901910,H0,901910,Mechano-therapy appliances; massage apparatus; psychological aptitude-testing apparatus,False,False,not_primary_strict,not_primary_broad
HS1992:902000,H0,902000,"Other breathing appliances and gas masks, excluding protective masks having neither mechanical parts nor replaceable filters.",False,False,not_primary_strict,not_primary_broad
HS1992:902121,H0,902121,Artificial teeth and dental fittings :-- Artificial teeth,False,False,not_primary_strict,not_primary_broad
HS1992:903040,H0,903040,"Other instruments and apparatus, specially designed for telecommunications (for example, cross-talk meters, gain measuring instruments, distortion factor meters, psophometers)",False,False,not_primary_strict,not_primary_broad
HS1992:903110,H0,903110,Machines for balancing mechanical parts,False,False,not_primary_strict,not_primary_broad
HS1992:903140,H0,903140,"Optical instruments and appliances, nes",False,False,not_primary_strict,not_primary_broad
HS1992:903210,H0,903210,Thermostats,False,False,not_primary_strict,not_primary_broad
HS1992:903300,H0,903300,"Parts and accessories (not specified or included elsewhere in this Chapter) for machines, appliances, instruments or apparatus of Chapter 90.",False,False,not_primary_strict,not_primary_broad
HS1992:910211,H0,910211,"Wrist-watches, electrically operated, whether or not incorporating a stop-watch facility :-- With mechanical display only",False,False,not_primary_strict,not_primary_broad
HS1992:910229,H0,910229,"Other wrist-watches, whether or not incorporating a stop-watch facility :-- Other",False,False,not_primary_strict,not_primary_broad
HS1992:940421,H0,940421,"Mattresses :-- Of cellular rubber or plastics, whether or not covered",False,False,not_primary_strict,not_primary_broad
HS1992:960190,H0,960190,Other,False,False,not_primary_strict,not_primary_broad
HS1992:960630,H0,960630,Button moulds and other parts of buttons; button blanks,False,False,not_primary_strict,not_primary_broad
HS1992:961100,H0,961100,"Date, sealing or numbering stamps, and the like (including devices for printing or embossing labels), designed for operating in the hand; hand-operated composing sticks and hand printing sets incorporating such composing st",False,False,not_primary_strict,not_primary_broad
HS1992:961490,H0,961490,Other,False,False,not_primary_strict,not_primary_broad
HS1992:020610,H0,020610,"Of bovine animals, fresh or chilled",True,True,strict_hs01_10_12_14_raw_agriculture,strict_hs01_10_12_14_raw_agriculture
HS1992:021090,H0,021090,"Other, including edible flours and meals of meat or meat offal",True,True,strict_hs01_10_12_14_raw_agriculture,strict_hs01_10_12_14_raw_agriculture
HS1992:030212,H0,030212,"Salmonidae, excluding livers and roes :-- Pacific salmon (Oncorhynchus nerka, Oncorhynchusgorbascha, Oncorhynchus keta, Oncorhynchus tschawytscha, Oncorhynchus kisutch, Oncorhynchus masou and Oncorhnchus rhodurus), Altantic salmon (Sa",True,True,strict_hs01_10_12_14_raw_agriculture,strict_hs01_10_12_14_raw_agriculture
HS1992:030751,H0,030751,"Octopus (Octopus spp.) :-- Live, fresh or chilled",True,True,strict_hs01_10_12_14_raw_agriculture,strict_hs01_10_12_14_raw_agriculture
HS1992:040291,H0,040291,Other :-- Not containing added sugar or other sweetening matter,True,True,strict_hs01_10_12_14_raw_agriculture,strict_hs01_10_12_14_raw_agriculture
HS1992:070970,H0,070970,"Spinach, New Zealand spinach and orache spinach (garden spinach)",True,True,strict_hs01_10_12_14_raw_agriculture,strict_hs01_10_12_14_raw_agriculture
HS1992:071140,H0,071140,Cucumbers and gherkins,True,True,strict_hs01_10_12_14_raw_agriculture,strict_hs01_10_12_14_raw_agriculture
HS1992:071230,H0,071230,Mushrooms and truffles,True,True,strict_hs01_10_12_14_raw_agriculture,strict_hs01_10_12_14_raw_agriculture
HS1992:080222,H0,080222,Hazelnuts or filberts (Corylus spp.) :-- Shelled,True,True,strict_hs01_10_12_14_raw_agriculture,strict_hs01_10_12_14_raw_agriculture
HS1992:080250,H0,080250,Pistachios,True,True,strict_hs01_10_12_14_raw_agriculture,strict_hs01_10_12_14_raw_agriculture
HS1992:080290,H0,080290,Other,True,True,strict_hs01_10_12_14_raw_agriculture,strict_hs01_10_12_14_raw_agriculture
HS1992:080410,H0,080410,Dates,True,True,strict_hs01_10_12_14_raw_agriculture,strict_hs01_10_12_14_raw_agriculture
HS1992:080720,H0,080720,Papaws (papayas),True,True,strict_hs01_10_12_14_raw_agriculture,strict_hs01_10_12_14_raw_agriculture
HS1992:081120,H0,081120,"Raspberries, blackberries, mulberries, loganberries, black, white or red currants and gooseberries",True,True,strict_hs01_10_12_14_raw_agriculture,strict_hs01_10_12_14_raw_agriculture
HS1992:090230,H0,090230,"Black tea (fermented) and partly fermented tea, in immediate packings of a content not exceeding 3 kg",True,True,strict_hs01_10_12_14_raw_agriculture,strict_hs01_10_12_14_raw_agriculture
HS1992:090910,H0,090910,Seeds of anise or badian,True,True,strict_hs01_10_12_14_raw_agriculture,strict_hs01_10_12_14_raw_agriculture
HS1992:110321,H0,110321,Pellets :-- Of wheat,False,True,not_primary_strict,broad_first_stage_food_inputs_hs11_15_23
HS1992:110329,H0,110329,Pellets :-- Of other cereals,False,True,not_primary_strict,broad_first_stage_food_inputs_hs11_15_23
HS1992:110429,H0,110429,"Other worked grains (for example, hulled, pearled, sliced or kibbled) :-- Of other cereals",False,True,not_primary_strict,broad_first_stage_food_inputs_hs11_15_23
HS1992:110820,H0,110820,Inulin,False,True,not_primary_strict,broad_first_stage_food_inputs_hs11_15_23
HS1992:151620,H0,151620,Vegetable fats and oils and their fractions,False,True,not_primary_strict,broad_first_stage_food_inputs_hs11_15_23
HS1992:160239,H0,160239,Of poultry of heading No. 01.05 :-- Other,False,False,not_primary_strict,not_primary_broad
HS1992:160520,H0,160520,Shrimps and prawns,False,False,not_primary_strict,not_primary_broad
HS1992:160590,H0,160590,Other,False,False,not_primary_strict,not_primary_broad
HS1992:180632,H0,180632,"Other, in blocks, slabs or bars :-- Not filled",False,False,not_primary_strict,not_primary_broad
HS1992:190520,H0,190520,Gingerbread and the like,False,False,not_primary_strict,not_primary_broad
HS1992:230110,H0,230110,"Flours, meals and pellets, of meat or meat offal; greaves",False,True,not_primary_strict,broad_first_stage_food_inputs_hs11_15_23
HS1992:250870,H0,250870,Chamotte or dinas earths,True,True,strict_minerals_ores_hs25_26,strict_minerals_ores_hs25_26
HS1992:251110,H0,251110,Natural barium sulphate (barytes),True,True,strict_minerals_ores_hs25_26,strict_minerals_ores_hs25_26
HS1992:252010,H0,252010,Gypsum; anhydrite,True,True,strict_minerals_ores_hs25_26,strict_minerals_ores_hs25_26
HS1992:280421,H0,280421,Rare gases :-- Argon,False,False,not_primary_strict,not_primary_broad
HS1992:280429,H0,280429,Rare gases :-- Other,False,False,not_primary_strict,not_primary_broad
HS1992:280430,H0,280430,Nitrogen,False,False,not_primary_strict,not_primary_broad
HS1992:281129,H0,281129,Other inorganic oxygen compounds of non-metals : -- Other,False,False,not_primary_strict,not_primary_broad
HS1992:281210,H0,281210,Chlorides and chlorid,False,False,not_primary_strict,not_primary_broad
HS1992:281512,H0,281512,Sodium hydroxide (caustic soda):-- In aqueous solution (soda lye or liquid soda),False,False,not_primary_strict,not_primary_broad
HS1992:281520,H0,281520,Potassium hydroxide (caustic potash),False,False,not_primary_strict,not_primary_broad
HS1992:281910,H0,281910,Chromium trioxide,False,False,not_primary_strict,not_primary_broad
HS1992:283650,H0,283650,Calcium carbonate,False,False,not_primary_strict,not_primary_broad
HS1992:284700,H0,284700,"Hydrogen peroxyde, whether or not solidified with urea",False,False,not_primary_strict,not_primary_broad
HS1992:291711,H0,291711,"Acyclic polycarboxylic acids, their anhydrides, halides, peroxides, peroxyacids and their derivatives :-- Oxalic acid, its salts and esters",False,False,not_primary_strict,not_primary_broad
HS1992:293729,H0,293729,Adrenal cortical hormones and their derivatives :-- Other,False,False,not_primary_strict,not_primary_broad
HS1992:310210,H0,310210,"Urea, whether or not in aqueous solution",False,False,not_primary_strict,not_primary_broad
HS1992:310390,H0,310390,Other,False,False,not_primary_strict,not_primary_broad
HS1992:310520,H0,310520,"Mineral or chemical fertilisers containing the three fertilising elements nitrogen, phosphorus and potassium",False,False,not_primary_strict,not_primary_broad
HS1992:320110,H0,320110,Quebracho extract,False,False,not_primary_strict,not_primary_broad
HS1992:320413,H0,320413,Synthetic organic colouring matter and preparations based thereon as specified in Note 3 to this Chapter :-- Basic dyes and preparations based thereon,False,False,not_primary_strict,not_primary_broad
HS1992:320910,H0,320910,Based on acrylic or vinyl polymers,False,False,not_primary_strict,not_primary_broad
HS1992:330122,H0,330122,Essential oils other than those of citrus fruit :-- Of jasmin,False,False,not_primary_strict,not_primary_broad
HS1992:340399,H0,340399,Other,False,False,not_primary_strict,not_primary_broad
HS1992:350190,H0,350190,Other,False,False,not_primary_strict,not_primary_broad
HS1992:350520,H0,350520,Glues,False,False,not_primary_strict,not_primary_broad
HS1992:350790,H0,350790,Other,False,False,not_primary_strict,not_primary_broad
HS1992:370690,H0,370690,Other,False,False,not_primary_strict,not_primary_broad
HS1992:380400,H0,380400,"Residual lyes from the manufacture of wood pulp, whether or not concentrated, desugared or chemically treated, including lignin sulphonates, but excluding tall oil of heading No. 38.03.",False,False,not_primary_strict,not_primary_broad
HS1992:380610,H0,380610,Rosin and resin acids,False,False,not_primary_strict,not_primary_broad
HS1992:380820,H0,380820,Fungicides,False,False,not_primary_strict,not_primary_broad
HS1992:380840,H0,380840,Disinfectants,False,False,not_primary_strict,not_primary_broad
HS1992:390110,H0,390110,Polyethylene having a specific gravity of less than 0.94,False,False,not_primary_strict,not_primary_broad
HS1992:390519,H0,390519,Polyvinyl acetate :-- Other,False,False,not_primary_strict,not_primary_broad
HS1992:392114,H0,392114,Cellular :-- Of regenerated cellulose,False,False,not_primary_strict,not_primary_broad
HS1992:400700,H0,400700,Vulcanised rubber thread and cord.,False,False,not_primary_strict,not_primary_broad
HS1992:401150,H0,401150,Of a kind used on bicycles,False,False,not_primary_strict,not_primary_broad
HS1992:401390,H0,401390,Other,False,False,not_primary_strict,not_primary_broad
HS1992:420100,H0,420100,"Saddlery and harness for any animal (including traces, leads, knee pads, muzzles, saddle cloths, saddle bags, dog coats and the like), of any material.",False,False,not_primary_strict,not_primary_broad
HS1992:420400,H0,420400,"Articles of leather or of composition leather, of a kind used in machinery or mechanical appliances or for other technical uses.",False,False,not_primary_strict,not_primary_broad
HS1992:441131,H0,441131,Fibreboard of a density exceeding 0.35 g/cm3 but not exceeding 0.5 g/cm3 :-- Not mechanically worked or surface covered,False,False,not_primary_strict,not_primary_broad
HS1992:460120,H0,460120,"Mats, matting and screens of vegetable materials",False,False,not_primary_strict,not_primary_broad
HS1992:470720,H0,470720,"Other paper or paperboard made mainly of bleached chemical pulp, not coloured in the mass",False,True,not_primary_strict,broad_processed_wood_pulp_waste
HS1992:480523,H0,480523,"Multi-ply paper and paperboard :-- Having three or more layers, of which only the two outer layers are bleached",False,False,not_primary_strict,not_primary_broad
HS1992:481139,H0,481139,"Paper and paperboard coated, impregnated or covered with plastics (excluding adhesives) :-- Other",False,False,not_primary_strict,not_primary_broad
HS1992:481850,H0,481850,Articles of apparel and clothing accessories,False,False,not_primary_strict,not_primary_broad
HS1992:490510,H0,490510,Globes,False,False,not_primary_strict,not_primary_broad
HS1992:490599,H0,490599,Other,False,False,not_primary_strict,not_primary_broad
HS1992:510710,H0,510710,Containing 85 % or more by weight of wool,False,False,not_primary_strict,not_primary_broad
HS1992:510720,H0,510720,Containing less than 85 % by weight of wool,False,False,not_primary_strict,not_primary_broad
HS1992:511190,H0,511190,Other,False,False,not_primary_strict,not_primary_broad
HS1992:511290,H0,511290,Other,False,False,not_primary_strict,not_primary_broad
HS1992:520829,H0,520829,Bleached :-- Other fabrics,False,False,not_primary_strict,not_primary_broad
HS1992:520843,H0,520843,"Of yarns of different colours :-- 3-thread or 4-thread twill, including cross twill",False,False,not_primary_strict,not_primary_broad
HS1992:540730,H0,540730,Fabrics specified in Note 9 to Section XI,False,False,not_primary_strict,not_primary_broad
HS1992:540751,H0,540751,"Other woven fabrics, containing 85 % or more by weight of textured polyester filaments :-- Unbleached or bleached",False,False,not_primary_strict,not_primary_broad
HS1992:540823,H0,540823,"Other woven fabrics, containing 85 % or more by weight of artificial filament or strip or the like :-- Of yarns of different colours",False,False,not_primary_strict,not_primary_broad
HS1992:560420,H0,560420,"High tenacity yarn of polyesters, of nylon or other polyamides or of viscose rayon, impregnated or coated",False,False,not_primary_strict,not_primary_broad
HS1992:570110,H0,570110,Of wool or fine animal hair,False,False,not_primary_strict,not_primary_broad
HS1992:570299,H0,570299,"Other, not of pile construction, made up :-- Of other textile materials",False,False,not_primary_strict,not_primary_broad
HS1992:580136,H0,580136,Of man-made fibres :-- Chenille fabrics,False,False,not_primary_strict,not_primary_broad
HS1992:600243,H0,600243,"Other fabrics, warp knit (including those made on galloon knitting machines) :-- Of man-made fibres",False,False,not_primary_strict,not_primary_broad
HS1992:610792,H0,610792,Other :-- Of man-made fibres,False,False,not_primary_strict,not_primary_broad
HS1992:611430,H0,611430,Of man-made fibres,False,False,not_primary_strict,not_primary_broad
HS1992:611512,H0,611512,"Panty hose and tights :- Panty hose and tights :-- Of synthetic fibres, measuring per single yarn 67 decitex or more",False,False,not_primary_strict,not_primary_broad
HS1992:630392,H0,630392,Other :-- Of synthetic fibres,False,False,not_primary_strict,not_primary_broad
HS1992:680430,H0,680430,Hand sharpening or polishing stones,False,False,not_primary_strict,not_primary_broad
HS1992:701321,H0,701321,Drinking glasses other than of glass-ceramics :-- Of lead crystal,False,False,not_primary_strict,not_primary_broad
HS1992:701990,H0,701990,Other,False,False,not_primary_strict,not_primary_broad
HS1992:720430,H0,720430,Waste and scrap of tinned iron or steel,False,True,not_primary_strict,broad_first_stage_metals_scrap
HS1992:720911,H0,720911,"Cold rolled iron or non-alloy steel, coil, width >600mm, t >3mm, 355 mp",False,False,not_primary_strict,not_primary_broad
HS1992:720921,H0,720921,"Cold rolled iron or non-alloy steel, coil, width >600mm, t >3mm, nes",False,False,not_primary_strict,not_primary_broad
HS1992:721090,H0,721090,Other,False,False,not_primary_strict,not_primary_broad
HS1992:721250,H0,721250,Otherwise plated or coated,False,False,not_primary_strict,not_primary_broad
HS1992:722020,H0,722020,Not further worked than cold-rolled (cold-reduced),False,False,not_primary_strict,not_primary_broad
HS1992:722590,H0,722590,"Flat rolled alloy-steel, width >600mm, nes",False,False,not_primary_strict,not_primary_broad
HS1992:722820,H0,722820,"Bars and rods, of silico-manganese steel",False,False,not_primary_strict,not_primary_broad
HS1992:722830,H0,722830,"Other bars and rods, not further worked than hot-rolled, hot-drawn or extruded",False,False,not_primary_strict,not_primary_broad
HS1992:722850,H0,722850,"Other bars and rods, not further worked than cold-formed or cold-finished",False,False,not_primary_strict,not_primary_broad
HS1992:722860,H0,722860,Other bars and rods,False,False,not_primary_strict,not_primary_broad
HS1992:730210,H0,730210,Rails,False,False,not_primary_strict,not_primary_broad
HS1992:730449,H0,730449,"Other, of circular cross-section, of stainless steel :-- Other",False,False,not_primary_strict,not_primary_broad
HS1992:730590,H0,730590,Other,False,False,not_primary_strict,not_primary_broad
HS1992:730721,H0,730721,"Other, of stainless steel :-- Flanges",False,False,not_primary_strict,not_primary_broad
HS1992:731300,H0,731300,"Barbed wire of iron or steel; twisted hoop or single flat wire, barbed or not, and loosely twisted double wire, of a kind used for fencing, of iron or steel.",False,False,not_primary_strict,not_primary_broad
HS1992:731590,H0,731590,Other parts,False,False,not_primary_strict,not_primary_broad
HS1992:732182,H0,732182,Other appliances :-- For liquid fuel,False,False,not_primary_strict,not_primary_broad
HS1992:740321,H0,740321,Copper alloys :-- Copper-zinc base alloys (brass),False,True,not_primary_strict,broad_first_stage_metals_scrap
HS1992:740620,H0,740620,Powders of lamellar structure; flakes,False,False,not_primary_strict,not_primary_broad
HS1992:741012,H0,741012,Not backed :-- Of copper alloys,False,False,not_primary_strict,not_primary_broad
HS1992:741022,H0,741022,Backed :-- Of copper alloys,False,False,not_primary_strict,not_primary_broad
HS1992:741991,H0,741991,"Other :-- Cast, moulded, stamped or forged, but not further worked",False,False,not_primary_strict,not_primary_broad
HS1992:760720,H0,760720,Backed,False,False,not_primary_strict,not_primary_broad
HS1992:780600,H0,780600,Other articles of lead.,False,False,not_primary_strict,not_primary_broad
HS1992:790600,H0,790600,"Zinc tubes, pipes and tube or pipe fittings (for example, couplings, elbows, sleeves).",False,False,not_primary_strict,not_primary_broad
HS1992:800400,H0,800400,"Tin plates, sheets and strip, of a thickness exceeding 0.2 mm.",False,False,not_primary_strict,not_primary_broad
HS1992:810810,H0,810810,Unwrought titanium; waste and scrap; powders,False,True,not_primary_strict,broad_unwrought_powder_waste_other_base_metals
HS1992:820231,H0,820231,Circular saw blades (including slitting or slotting saw blades) :-- With working part of steel,False,False,not_primary_strict,not_primary_broad
HS1992:820240,H0,820240,Chain saw blades,False,False,not_primary_strict,not_primary_broad
HS1992:820340,H0,820340,"Pipe-cutters, bolt croppers, perforating punches and similar tools",False,False,not_primary_strict,not_primary_broad
HS1992:821192,H0,821192,Other :-- Other knives having fixed blades,False,False,not_primary_strict,not_primary_broad
HS1992:840731,H0,840731,Reciprocating piston engines of a kind used for the propulsion of vehicles of Chapter 87 :-- Of a cylinder capacity not exceeding 50 cc,False,False,not_primary_strict,not_primary_broad
HS1992:841090,H0,841090,"Parts, including regulators",False,False,not_primary_strict,not_primary_broad
HS1992:841919,H0,841919,"Instantaneous or storage water heaters, non-electric :-- Other",False,False,not_primary_strict,not_primary_broad
HS1992:841940,H0,841940,Distilling or rectifying plant,False,False,not_primary_strict,not_primary_broad
HS1992:842539,H0,842539,Other winches; capstans :-- Other,False,False,not_primary_strict,not_primary_broad
HS1992:842699,H0,842699,Other machinery :-- Other,False,False,not_primary_strict,not_primary_broad
HS1992:843010,H0,843010,Pile-drivers and pile-extractors,False,False,not_primary_strict,not_primary_broad
HS1992:843420,H0,843420,Dairy machinery,False,False,not_primary_strict,not_primary_broad
HS1992:843699,H0,843699,Parts :-- Other,False,False,not_primary_strict,not_primary_broad
HS1992:844329,H0,844329,"Letterpress printing machinery, excluding flexographic printing :-- Other",False,False,not_primary_strict,not_primary_broad
HS1992:844540,H0,844540,Textile winding (including weft-winding) or reeling machines,False,False,not_primary_strict,not_primary_broad
HS1992:844900,H0,844900,"Machinery for the manufacture or finishing of felt or nonwovens in the piece or in shapes, including machinery for making felt hats; blocks for making hats.",False,False,not_primary_strict,not_primary_broad
HS1992:845891,H0,845891,Other lathes :-- Numerically controlled,False,False,not_primary_strict,not_primary_broad
HS1992:846120,H0,846120,Shaping or slotting machines,False,False,not_primary_strict,not_primary_broad
HS1992:846510,H0,846510,Machines which can carry out different types of machining operations without tool change between such operations,False,False,not_primary_strict,not_primary_broad
HS1992:846789,H0,846789,Other tools :-- Other,False,False,not_primary_strict,not_primary_broad
HS1992:847230,H0,847230,"Machines for sorting or folding mail or for inserting mail in envelopes or bands, machines for opening, closing or sealing mail and machines for affixing or cancelling postage stamps",False,False,not_primary_strict,not_primary_broad
HS1992:848060,H0,848060,Moulds for mineral materials,False,False,not_primary_strict,not_primary_broad
HS1992:848330,H0,848330,"Bearing housings, not incorporating ball or roller bearings; plain shaft bearings",False,False,not_primary_strict,not_primary_broad
HS1992:848390,H0,848390,Parts,False,False,not_primary_strict,not_primary_broad
HS1992:848410,H0,848410,Gaskets and similar joints of metal sheeting combined with other material or of two or more layers of metal,False,False,not_primary_strict,not_primary_broad
HS1992:850820,H0,850820,Saws,False,False,not_primary_strict,not_primary_broad
HS1992:850940,H0,850940,Food grinders and mixers; fruit or vegetable juice extractors,False,False,not_primary_strict,not_primary_broad
HS1992:851640,H0,851640,Electric smoothing irons,False,False,not_primary_strict,not_primary_broad
HS1992:851822,H0,851822,"Loudspeakers, whether or not mounted in their enclosures :-- Multiple loudspeakers, mounted in the same enclosure",False,False,not_primary_strict,not_primary_broad
HS1992:852313,H0,852313,Magnetic tapes :-- Of a width exceeding 6.5 mm,False,False,not_primary_strict,not_primary_broad
HS1992:852410,H0,852410,Gramophone records,False,False,not_primary_strict,not_primary_broad
HS1992:852691,H0,852691,Other :-- Radio navigational aid apparatus,False,False,not_primary_strict,not_primary_broad
HS1992:852721,H0,852721,"Radio-broadcast receivers not capable of operating without an external source of power, of a kind used in motor vehicles, including apparatus capable of receiving also radio-telp...:Combined with sound recording or reproducing apparat",False,False,not_primary_strict,not_primary_broad
HS1992:853990,H0,853990,Parts,False,False,not_primary_strict,not_primary_broad
HS1992:854380,H0,854380,"Electrical machines and apparatus, nes",False,False,not_primary_strict,not_primary_broad
HS1992:860691,H0,860691,Other :-- Covered and closed,False,False,not_primary_strict,not_primary_broad
HS1992:860699,H0,860699,Other,False,False,not_primary_strict,not_primary_broad
HS1992:870210,H0,870210,With compression-ignition internal combustion piston engine (diesel or semi-diesel),False,False,not_primary_strict,not_primary_broad
HS1992:871130,H0,871130,With reciprocating internal combustion piston engine of a cylinder capacity exceeding 250 cc but not exceeding 500 cc,False,False,not_primary_strict,not_primary_broad
HS1992:871140,H0,871140,With reciprocating internal combustion piston engine of a cylinder capacity exceeding 500 cc but not exceeding 800 cc,False,False,not_primary_strict,not_primary_broad
HS1992:871150,H0,871150,With reciprocating internal combustion piston engine of a cylinder capacity exceeding 800 cc,False,False,not_primary_strict,not_primary_broad
HS1992:871419,H0,871419,Of motorcycles (including mopeds) :-- Other,False,False,not_primary_strict,not_primary_broad
HS1992:880320,H0,880320,Under-carriages and parts thereof,False,False,not_primary_strict,not_primary_broad
HS1992:890130,H0,890130,"Refrigerated vessels, other than those of subheading No. 8901.20",False,False,not_primary_strict,not_primary_broad
HS1992:890392,H0,890392,"Other :-- Motorboats, other than outboard motorboats",False,False,not_primary_strict,not_primary_broad
HS1992:890510,H0,890510,Dredgers,False,False,not_primary_strict,not_primary_broad
HS1992:900791,H0,900791,Parts and accessories :-- For cameras,False,False,not_primary_strict,not_primary_broad
HS1992:900912,H0,900912,Electrostatic photo-copying apparatus :-- Operating by reproducing the original image via an intermediate onto the copy (indirect process),False,False,not_primary_strict,not_primary_broad
HS1992:901090,H0,901090,Parts and accessories,False,False,not_primary_strict,not_primary_broad
HS1992:901780,H0,901780,Other instruments,False,False,not_primary_strict,not_primary_broad
HS1992:902290,H0,902290,"Other, including parts and accessories",False,False,not_primary_strict,not_primary_broad
HS1992:902520,H0,902520,Barometers,False,False,not_primary_strict,not_primary_broad
HS1992:902580,H0,902580,Other instruments,False,False,not_primary_strict,not_primary_broad
HS1992:902720,H0,902720,Chromatographs and electrophoresis instruments,False,False,not_primary_strict,not_primary_broad
HS1992:902780,H0,902780,Other instruments and apparatus,False,False,not_primary_strict,not_primary_broad
HS1992:902790,H0,902790,Microtomes; parts and accessories,False,False,not_primary_strict,not_primary_broad
HS1992:902830,H0,902830,Electricity meters,False,False,not_primary_strict,not_primary_broad
HS1992:940550,H0,940550,Non-electrical lamps and lighting fittings,False,False,not_primary_strict,not_primary_broad
HS1992:950629,H0,950629,"Water-skis, surf-boards, sailboards and other water-sport equipment :-- Other",False,False,not_primary_strict,not_primary_broad
HS1992:961330,H0,961330,Table lighters,False,False,not_primary_strict,not_primary_broad
HS1992:961380,H0,961380,Other lighters,False,False,not_primary_strict,not_primary_broad
HS1992:961700,H0,961700,"Vacuum flasks and other vacuum vessels, complete with cases; parts thereof other than glass inners.",False,False,not_primary_strict,not_primary_broad
HS1992:020629,H0,020629,"Of bovine animals, frozen :-- Other",True,True,strict_hs01_10_12_14_raw_agriculture,strict_hs01_10_12_14_raw_agriculture
HS1992:020630,H0,020630,"Of swine, fresh or chilled",True,True,strict_hs01_10_12_14_raw_agriculture,strict_hs01_10_12_14_raw_agriculture
HS1992:020649,H0,020649,"Of swine, frozen :-- Other",True,True,strict_hs01_10_12_14_raw_agriculture,strict_hs01_10_12_14_raw_agriculture
HS1992:020690,H0,020690,"Other, frozen",True,True,strict_hs01_10_12_14_raw_agriculture,strict_hs01_10_12_14_raw_agriculture
HS1992:030530,H0,030530,"Fish fillets, dried, salted or in brine, but not smoked",True,True,strict_hs01_10_12_14_raw_agriculture,strict_hs01_10_12_14_raw_agriculture
HS1992:040130,H0,040130,"Of a fat content, by weight, exceeding 6 %",True,True,strict_hs01_10_12_14_raw_agriculture,strict_hs01_10_12_14_raw_agriculture
HS1992:040390,H0,040390,Other,True,True,strict_hs01_10_12_14_raw_agriculture,strict_hs01_10_12_14_raw_agriculture
HS1992:051110,H0,051110,Bovine semen,True,True,strict_hs01_10_12_14_raw_agriculture,strict_hs01_10_12_14_raw_agriculture
HS1992:070920,H0,070920,Asparagus,True,True,strict_hs01_10_12_14_raw_agriculture,strict_hs01_10_12_14_raw_agriculture
HS1992:070940,H0,070940,Celery other than celeriac,True,True,strict_hs01_10_12_14_raw_agriculture,strict_hs01_10_12_14_raw_agriculture
HS1992:080620,H0,080620,Dried,True,True,strict_hs01_10_12_14_raw_agriculture,strict_hs01_10_12_14_raw_agriculture
HS1992:080910,H0,080910,Apricots,True,True,strict_hs01_10_12_14_raw_agriculture,strict_hs01_10_12_14_raw_agriculture
HS1992:090112,H0,090112,"Coffee, not roasted :-- Decaffeinated",True,True,strict_hs01_10_12_14_raw_agriculture,strict_hs01_10_12_14_raw_agriculture
HS1992:120500,H0,120500,"Rape or colza seeds, whether or not broken.",True,True,strict_hs01_10_12_14_raw_agriculture,strict_hs01_10_12_14_raw_agriculture
HS1992:130110,H0,130110,Lac,True,True,strict_hs01_10_12_14_raw_agriculture,strict_hs01_10_12_14_raw_agriculture
HS1992:140310,H0,140310,Broomcorn (Sorghum vulgare var.technicum),True,True,strict_hs01_10_12_14_raw_agriculture,strict_hs01_10_12_14_raw_agriculture
HS1992:140390,H0,140390,Other,True,True,strict_hs01_10_12_14_raw_agriculture,strict_hs01_10_12_14_raw_agriculture
HS1992:150100,H0,150100,"Pig fat (including lard) and poultry fat, other than that of heading No. 02.09 or 15.03.",False,True,not_primary_strict,broad_first_stage_food_inputs_hs11_15_23
HS1992:160419,H0,160419,"Fish, whole or in pieces, but not minced :-- Other",False,False,not_primary_strict,not_primary_broad
HS1992:190540,H0,190540,"Rusks, toasted bread and similar toasted products",False,False,not_primary_strict,not_primary_broad
HS1992:220429,H0,220429,Other wine; grape must with fermentation prevented or arrested by the addition of alcohol :-- Other,False,False,not_primary_strict,not_primary_broad
HS1992:240210,H0,240210,"Cigars, cheroots and cigarillos, containing tobacco",False,False,not_primary_strict,not_primary_broad
HS1992:251020,H0,251020,Ground,True,True,strict_minerals_ores_hs25_26,strict_minerals_ores_hs25_26
HS1992:260112,H0,260112,"Iron ores and concentrates, other than roasted iron pyrites :-- Agglomerated",True,True,strict_minerals_ores_hs25_26,strict_minerals_ores_hs25_26
HS1992:261710,H0,261710,Antimony ores and concentrates,True,True,strict_minerals_ores_hs25_26,strict_minerals_ores_hs25_26
HS1992:271114,H0,271114,"Liquefied :-- Ethylene, propylene, butylene et butadiene",True,True,strict_raw_fuels_coal_crude_gas,strict_raw_fuels_coal_crude_gas
HS1992:283711,H0,283711,Cyanides and cyanide oxides:-- Of sodium,False,False,not_primary_strict,not_primary_broad
HS1992:290129,H0,290129,Unsaturated:-- Other,False,False,not_primary_strict,not_primary_broad
HS1992:290290,H0,290290,Other,False,False,not_primary_strict,not_primary_broad
HS1992:292910,H0,292910,Isocyanates,False,False,not_primary_strict,not_primary_broad
HS1992:300110,H0,300110,"Glands and other organs, dried, whether or not powdered",False,False,not_primary_strict,not_primary_broad
HS1992:310490,H0,310490,Other,False,False,not_primary_strict,not_primary_broad
HS1992:330113,H0,330113,Essential oils of citrus fruit :-- Of lemon,False,False,not_primary_strict,not_primary_broad
HS1992:350510,H0,350510,Dextrins and other modified starches,False,False,not_primary_strict,not_primary_broad
HS1992:370510,H0,370510,For offset reproduction,False,False,not_primary_strict,not_primary_broad
HS1992:380110,H0,380110,Artificial graphite,False,False,not_primary_strict,not_primary_broad
HS1992:380290,H0,380290,Other,False,False,not_primary_strict,not_primary_broad
HS1992:380690,H0,380690,Other,False,False,not_primary_strict,not_primary_broad
HS1992:390120,H0,390120,Polyethylene having a specific gravity of 0.94 or more,False,False,not_primary_strict,not_primary_broad
HS1992:390320,H0,390320,Styrene-acrylonitrile (SAN) copolymers,False,False,not_primary_strict,not_primary_broad
HS1992:390410,H0,390410,"Polyvinyl chloride, not mixed with any other substances",False,False,not_primary_strict,not_primary_broad
HS1992:390421,H0,390421,Other polyvinyl chloride :-- Non-plasticised,False,False,not_primary_strict,not_primary_broad
HS1992:391110,H0,391110,"Petroleum resins, coumarone, indene or coumarone-indene resins and polyterpenes",False,False,not_primary_strict,not_primary_broad
HS1992:391690,H0,391690,Of other plastics,False,False,not_primary_strict,not_primary_broad
HS1992:391733,H0,391733,"Tubes, pipes and hoses, rigid :-- Other, not reinforced or otherwise combined with other materials, with fittings",False,False,not_primary_strict,not_primary_broad
HS1992:392041,H0,392041,Of polymers of vinyl chloride :-- Rigid,False,False,not_primary_strict,not_primary_broad
HS1992:392042,H0,392042,Of polymers of vinyl chloride :-- Flexible,False,False,not_primary_strict,not_primary_broad
HS1992:392072,H0,392072,Of cellulose or its chemical derivatives :-- Of vulcanised fibre,False,False,not_primary_strict,not_primary_broad
HS1992:400811,H0,400811,"Of cellular rubber :-- Plates, sheets and strip",False,False,not_primary_strict,not_primary_broad
HS1992:401320,H0,401320,Of a kind used on bicycles,False,False,not_primary_strict,not_primary_broad
HS1992:401511,H0,401511,Gloves :-- Surgical,False,False,not_primary_strict,not_primary_broad
HS1992:470429,H0,470429,Semi-bleached or bleached :-- Non-coniferous,False,True,not_primary_strict,broad_processed_wood_pulp_waste
HS1992:480521,H0,480521,Multi-ply paper and paperboard :-- Each layer bleached,False,False,not_primary_strict,not_primary_broad
HS1992:480529,H0,480529,Multi-ply paper and paperboard :-- Other,False,False,not_primary_strict,not_primary_broad
HS1992:481390,H0,481390,Other,False,False,not_primary_strict,not_primary_broad
HS1992:482050,H0,482050,Albums for samples or for collections,False,False,not_primary_strict,not_primary_broad
HS1992:510220,H0,510220,Coarse animal hair,True,True,strict_raw_textile_fibers,strict_raw_textile_fibers
HS1992:520515,H0,520515,"Single yarn, of uncombed fibres :-- Measuring less than 125 decitex (exceeding 80 metric number)",False,False,not_primary_strict,not_primary_broad
HS1992:520859,H0,520859,Printed :-- Other fabrics,False,False,not_primary_strict,not_primary_broad
HS1992:520931,H0,520931,Dyed :-- Plain weave,False,False,not_primary_strict,not_primary_broad
HS1992:521119,H0,521119,Unbleached :-- Other fabrics,False,False,not_primary_strict,not_primary_broad
HS1992:521225,H0,521225,Weighing more than 200 g/m2 :-- Printed,False,False,not_primary_strict,not_primary_broad
HS1992:531090,H0,531090,Other,False,False,not_primary_strict,not_primary_broad
HS1992:540232,H0,540232,"Textured yarn :-- Of nylon or other polyamides, measuring per single yarn more than 50 tex",False,False,not_primary_strict,not_primary_broad
HS1992:540243,H0,540243,"Other yarn, single, untwisted or with a twist not exceeding 50 turns per metre :-- Of polyesters, other",False,False,not_primary_strict,not_primary_broad
HS1992:540760,H0,540760,"Woven fabric >85% non-textured polyester filament, ne",False,False,not_primary_strict,not_primary_broad
HS1992:540791,H0,540791,Other woven fabrics :-- Unbleached or bleached,False,False,not_primary_strict,not_primary_broad
HS1992:540792,H0,540792,Other woven fabrics :-- Dyed,False,False,not_primary_strict,not_primary_broad
HS1992:540821,H0,540821,"Other woven fabrics, containing 85 % or more by weight of artificial filament or strip or the like :-- Unbleached or bleached",False,False,not_primary_strict,not_primary_broad
HS1992:551634,H0,551634,"Containing less than 85 % by weight of artificial staple fibres, mixed mainly or solely with wool or fine animal hair :-- Printed",False,False,not_primary_strict,not_primary_broad
HS1992:560750,H0,560750,Of other synthetic fibres,False,False,not_primary_strict,not_primary_broad
HS1992:570190,H0,570190,Of other textile materials,False,False,not_primary_strict,not_primary_broad
HS1992:570291,H0,570291,"Other, not of pile construction, made up :-- Of wool or fine animal hair",False,False,not_primary_strict,not_primary_broad
HS1992:581092,H0,581092,Other embroidery :-- Of man-made fibres,False,False,not_primary_strict,not_primary_broad
HS1992:590190,H0,590190,Other,False,False,not_primary_strict,not_primary_broad
HS1992:591190,H0,591190,Other,False,False,not_primary_strict,not_primary_broad
HS1992:600291,H0,600291,Other :-- Of wool or fine animal hair,False,False,not_primary_strict,not_primary_broad
HS1992:610423,H0,610423,Ensembles :-- Of synthetic fibres,False,False,not_primary_strict,not_primary_broad
HS1992:630399,H0,630399,Other :-- Of other textile materials,False,False,not_primary_strict,not_primary_broad
HS1992:630493,H0,630493,"Other :-- Not knitted or crocheted, of synthetic fibres",False,False,not_primary_strict,not_primary_broad
HS1992:630622,H0,630622,Tents :-- Of synthetic fibres,False,False,not_primary_strict,not_primary_broad
HS1992:640230,H0,640230,"Other footwear, incorporating a protective metal toe-cap",False,False,not_primary_strict,not_primary_broad
HS1992:660191,H0,660191,Other :-- Having a telescopic shaft,False,False,not_primary_strict,not_primary_broad
HS1992:690220,H0,690220,"Containing by weight more than 50 % of alumina (Al2O3), of silica (SiO2) or of a mixture or compound of these products",False,False,not_primary_strict,not_primary_broad
HS1992:700729,H0,700729,Laminated safety glass :-- Other,False,False,not_primary_strict,not_primary_broad
HS1992:701820,H0,701820,Glass microspheres not exceeding 1 mm in diameter,False,False,not_primary_strict,not_primary_broad
HS1992:710110,H0,710110,Natural pearls,True,True,strict_raw_precious_stones_metals,strict_raw_precious_stones_metals
HS1992:721020,H0,721020,"Plated or coated with lead, including terne-plate",False,False,not_primary_strict,not_primary_broad
HS1992:721712,H0,721712,"Wire, iron or non-alloy steel, plated or coated with zinc <0.25%C",False,False,not_primary_strict,not_primary_broad
HS1992:721713,H0,721713,"Wire, iron or non-alloy steel, of base metal plated/coated nes, <0.25%C",False,False,not_primary_strict,not_primary_broad
HS1992:721722,H0,721722,"Wire, iron or non-alloy steel, zinc plated/coated, 0.25-0.6%C",False,False,not_primary_strict,not_primary_broad
HS1992:721723,H0,721723,"Wire, iron or non-alloy steel, base metal plated/coated nes, 0.25-0.6%C",False,False,not_primary_strict,not_primary_broad
HS1992:721732,H0,721732,"Wire, iron or non-alloy steel, zinc plated/coated, >0.6%C",False,False,not_primary_strict,not_primary_broad
HS1992:721733,H0,721733,"Wire, iron or non-alloy steel, of base metal plated/coated nes, >0.6%C",False,False,not_primary_strict,not_primary_broad
HS1992:722550,H0,722550,"Other, not further worked than cold-rolled (cold-reduced)",False,False,not_primary_strict,not_primary_broad
HS1992:722810,H0,722810,"Bars and rods, of high speed steel",False,False,not_primary_strict,not_primary_broad
HS1992:730110,H0,730110,Sheet piling,False,False,not_primary_strict,not_primary_broad
HS1992:730650,H0,730650,"Other, welded, of circular cross-section, of other alloy steel",False,False,not_primary_strict,not_primary_broad
HS1992:730729,H0,730729,"Other, of stainless steel :-- Other",False,False,not_primary_strict,not_primary_broad
HS1992:731441,H0,731441,"Other cloth, grill, netting and fencing :-- Plated or coated with zinc",False,False,not_primary_strict,not_primary_broad
HS1992:732020,H0,732020,Helical springs,False,False,not_primary_strict,not_primary_broad
HS1992:820291,H0,820291,"Other saw blades :-- Straight saw blades, for working metal",False,False,not_primary_strict,not_primary_broad
HS1992:820420,H0,820420,"Interchangeable spanner sockets, with or without handles",False,False,not_primary_strict,not_primary_broad
HS1992:830910,H0,830910,Crown corks,False,False,not_primary_strict,not_primary_broad
HS1992:840710,H0,840710,Aircraft engines,False,False,not_primary_strict,not_primary_broad
HS1992:841330,H0,841330,"Fuel, lubricating or cooling medium pumps for internal combustion piston engines",False,False,not_primary_strict,not_primary_broad
HS1992:841610,H0,841610,Furnace burners for liquid fuel,False,False,not_primary_strict,not_primary_broad
HS1992:841710,H0,841710,"Furnaces and ovens for the roasting, melting or other heat-treatment of ores, pyrites or of metals",False,False,not_primary_strict,not_primary_broad
HS1992:841790,H0,841790,Parts,False,False,not_primary_strict,not_primary_broad
HS1992:842122,H0,842122,Filtering or purifying machinery and apparatus for liquids :-- For filtering or purifying beverages other than water,False,False,not_primary_strict,not_primary_broad
HS1992:842131,H0,842131,Filtering or purifying machinery and apparatus for gases :-- Intake air filters for internal combustion engines,False,False,not_primary_strict,not_primary_broad
HS1992:842381,H0,842381,Other weighing machinery :-- Having a maximum weighing capacity not exceeding 30 kg,False,False,not_primary_strict,not_primary_broad
HS1992:842382,H0,842382,"Other weighing machinery :-- Having a maximum weighing capacity exceeding 30 kg but not exceeding 5,000 kg",False,False,not_primary_strict,not_primary_broad
HS1992:842389,H0,842389,Other weighing machinery :-- Other,False,False,not_primary_strict,not_primary_broad
HS1992:843041,H0,843041,Other boring or sinking machinery :-- Self-propelled,False,False,not_primary_strict,not_primary_broad
HS1992:844350,H0,844350,Printing machinery nes,False,False,not_primary_strict,not_primary_broad
HS1992:844511,H0,844511,Machines for preparing textile fibres :-- Carding machines,False,False,not_primary_strict,not_primary_broad
HS1992:844711,H0,844711,Circular knitting machines :-- With cylinder diameter not exceeding 165 mm,False,False,not_primary_strict,not_primary_broad
HS1992:844720,H0,844720,Flat knitting machines; stitch-bonding machines,False,False,not_primary_strict,not_primary_broad
HS1992:844859,H0,844859,Parts and accessories of machines of heading No. 84.47 or of their auxiliary machinery :-- Other,False,False,not_primary_strict,not_primary_broad
HS1992:845420,H0,845420,Ingot moulds and ladles,False,False,not_primary_strict,not_primary_broad
HS1992:845590,H0,845590,Other parts,False,False,not_primary_strict,not_primary_broad
HS1992:845720,H0,845720,Unit construction machines (single station),False,False,not_primary_strict,not_primary_broad
HS1992:846221,H0,846221,"Bending, folding, straightening or flattening machines (including presses) :-- Numerically controlled",False,False,not_primary_strict,not_primary_broad
HS1992:846330,H0,846330,Machines for working wire,False,False,not_primary_strict,not_primary_broad
HS1992:846420,H0,846420,Grinding or polishing machines,False,False,not_primary_strict,not_primary_broad
HS1992:846693,H0,846693,Other :-- For machines of headings Nos. 84.56 to 84.61,False,False,not_primary_strict,not_primary_broad
HS1992:846711,H0,846711,Pneumatic :-- Rotary type (including combined rotary-percussion),False,False,not_primary_strict,not_primary_broad
HS1992:846791,H0,846791,Parts :-- Of chain saws,False,False,not_primary_strict,not_primary_broad
HS1992:846910,H0,846910,Automatic typewriters and word-processing machines,False,False,not_primary_strict,not_primary_broad
HS1992:847321,H0,847321,"Parts and accessories of the machines of heading No. 84.70 :-- Of the electronic calculating machines of subheading No. 8470.10, 8470.21 or 8470.29",False,False,not_primary_strict,not_primary_broad
HS1992:847740,H0,847740,Vacuum moulding machines and other thermoforming machines,False,False,not_primary_strict,not_primary_broad
HS1992:848130,H0,848130,Check valves,False,False,not_primary_strict,not_primary_broad
HS1992:850612,H0,850612,"Mercuric oxide primary cell, battery, volume < 300 cc",False,False,not_primary_strict,not_primary_broad
HS1992:851590,H0,851590,Parts,False,False,not_primary_strict,not_primary_broad
HS1992:851679,H0,851679,Other electro-thermic appliances :-- Other,False,False,not_primary_strict,not_primary_broad
HS1992:852110,H0,852110,Magnetic tape-type,False,False,not_primary_strict,not_primary_broad
HS1992:852390,H0,852390,Other,False,False,not_primary_strict,not_primary_broad
HS1992:852610,H0,852610,Radar apparatus,False,False,not_primary_strict,not_primary_broad
HS1992:853010,H0,853010,Equipment for railways or tramways,False,False,not_primary_strict,not_primary_broad
HS1992:853521,H0,853521,Automatic circuit breakers :-- For a voltage of less than 72.5 kV,False,False,not_primary_strict,not_primary_broad
HS1992:854620,H0,854620,Of ceramics,False,False,not_primary_strict,not_primary_broad
HS1992:854800,H0,854800,"Electrical parts of machinery and apparatus, nes",False,False,not_primary_strict,not_primary_broad
HS1992:860719,H0,860719,"Bogies, bissel-bogies, axles and wheels, and parts thereof :-- Other, including parts",False,False,not_primary_strict,not_primary_broad
HS1992:870431,H0,870431,"Other, with spark-ignition internal combustion piston engine :-- g.v.w. not exceeding 5 tonnes",False,False,not_primary_strict,not_primary_broad
HS1992:871499,H0,871499,Other,False,False,not_primary_strict,not_primary_broad
HS1992:890399,H0,890399,Other,False,False,not_primary_strict,not_primary_broad
HS1992:900410,H0,900410,Sunglasses,False,False,not_primary_strict,not_primary_broad
HS1992:901420,H0,901420,Instruments and appliances for aeronautical or space navigation (other than compasses),False,False,not_primary_strict,not_primary_broad
HS1992:901720,H0,901720,"Other drawing, marking-out or mathematical calculating instruments",False,False,not_primary_strict,not_primary_broad
HS1992:901841,H0,901841,"Other instruments and appliances, used in dental sciences :-- Dental drill engines, whether or not combined on a single base with other dental equipment",False,False,not_primary_strict,not_primary_broad
HS1992:902410,H0,902410,Machines and appliances for testing metals,False,False,not_primary_strict,not_primary_broad
HS1992:950380,H0,950380,"Other toys and models, incorporating a motor",False,False,not_primary_strict,not_primary_broad
HS1992:950691,H0,950691,"Other :-- Articles and equipment for general physical exercise, gymnastics or athletics",False,False,not_primary_strict,not_primary_broad
HS1992:960350,H0,960350,"Other brushes constituting parts of machines, appliances or vehicles",False,False,not_primary_strict,not_primary_broad
HS1992:960839,H0,960839,"Fountain pens, stylograph pens and other pens :-- Other",False,False,not_primary_strict,not_primary_broad
HS1992:961320,H0,961320,"Pocket lighters, gas fuelled, refillable",False,False,not_primary_strict,not_primary_broad
HS1992:010420,H0,010420,Goats,True,True,strict_hs01_10_12_14_raw_agriculture,strict_hs01_10_12_14_raw_agriculture
HS1992:070511,H0,070511,Lettuce :-- Cabbage lettuce (head lettuce),True,True,strict_hs01_10_12_14_raw_agriculture,strict_hs01_10_12_14_raw_agriculture
HS1992:070930,H0,070930,Aubergines (egg-plants),True,True,strict_hs01_10_12_14_raw_agriculture,strict_hs01_10_12_14_raw_agriculture
HS1992:080520,H0,080520,"Mandarins (including tangerines and satsumas); clementines, wilkings and similar citrus hybrids",True,True,strict_hs01_10_12_14_raw_agriculture,strict_hs01_10_12_14_raw_agriculture
HS1992:080530,H0,080530,"Lemons (Citrus limon, Citrus limonum) and limes (Citrus aurantifolia)",True,True,strict_hs01_10_12_14_raw_agriculture,strict_hs01_10_12_14_raw_agriculture
HS1992:080590,H0,080590,Other,True,True,strict_hs01_10_12_14_raw_agriculture,strict_hs01_10_12_14_raw_agriculture
HS1992:080810,H0,080810,Apples,True,True,strict_hs01_10_12_14_raw_agriculture,strict_hs01_10_12_14_raw_agriculture
HS1992:090300,H0,090300,Mate,True,True,strict_hs01_10_12_14_raw_agriculture,strict_hs01_10_12_14_raw_agriculture
HS1992:100590,H0,100590,Other,True,True,strict_hs01_10_12_14_raw_agriculture,strict_hs01_10_12_14_raw_agriculture
HS1992:110220,H0,110220,Maize (corn) flour,False,True,not_primary_strict,broad_first_stage_food_inputs_hs11_15_23
HS1992:120919,H0,120919,Beet seed :-- Other,True,True,strict_hs01_10_12_14_raw_agriculture,strict_hs01_10_12_14_raw_agriculture
HS1992:130220,H0,130220,"Pectic substances, pectinates and pectates",True,True,strict_hs01_10_12_14_raw_agriculture,strict_hs01_10_12_14_raw_agriculture
HS1992:150990,H0,150990,Other,False,True,not_primary_strict,broad_first_stage_food_inputs_hs11_15_23
HS1992:151912,H0,151912,Oleic acid,False,True,not_primary_strict,broad_first_stage_food_inputs_hs11_15_23
HS1992:230630,H0,230630,Of sunflower seeds,False,True,not_primary_strict,broad_first_stage_food_inputs_hs11_15_23
HS1992:271019,H0,271019,Light petroleum distillates nes **LEGACY NON-WCO CODE**,False,True,not_primary_strict,broad_all_fuels_refinery_hs27
HS1992:271021,H0,271021,Kerosene jet fuel **LEGACY NON-WCO CODE**,False,True,not_primary_strict,broad_all_fuels_refinery_hs27
HS1992:271025,H0,271025,"Kerosene lamp oil, motor kerosene, light diesel, etc **LEGACY NON-WCO CODE**",False,True,not_primary_strict,broad_all_fuels_refinery_hs27
HS1992:271026,H0,271026,"Gas oils - bunker oil, No.1 furnace, motor diesel **LEGACY NON-WCO CODE**",False,True,not_primary_strict,broad_all_fuels_refinery_hs27
HS1992:271410,H0,271410,Bituminous or oil shale and tar sands,False,True,not_primary_strict,broad_all_fuels_refinery_hs27
HS1992:283325,H0,283325,Other sulphates:-- Of copper,False,False,not_primary_strict,not_primary_broad
HS1992:283660,H0,283660,Barium carbonate,False,False,not_primary_strict,not_primary_broad
HS1992:290544,H0,290544,Other polyhydric alcohols:-- D-glucitol (sorrbitol),False,False,not_primary_strict,not_primary_broad
HS1992:292242,H0,292242,"Amino-acids and their esters, other than those containing more than one kind of oxygen function; salts thereof :-- Glutamic acid and its salts",False,False,not_primary_strict,not_primary_broad
HS1992:293629,H0,293629,"Vitamins and their derivatives, unmixed :-- Other vitamins and their derivatives",False,False,not_primary_strict,not_primary_broad
HS1992:300610,H0,300610,"Sterile surgical catgut, similar sterile suture materials and sterile tissue adhesives for surgical wound closure; sterile laminaria and sterile laminaria tents; sterile absorbable surgical or dental haemostatics",False,False,not_primary_strict,not_primary_broad
HS1992:320650,H0,320650,Inorganic products of a kind used as luminophores,False,False,not_primary_strict,not_primary_broad
HS1992:321519,H0,321519,Printing ink :-- Other,False,False,not_primary_strict,not_primary_broad
HS1992:340540,H0,340540,Scouring pastes and powders and other scouring preparations,False,False,not_primary_strict,not_primary_broad
HS1992:350400,H0,350400,"Peptones and their derivatives; other protein substances and their derivatives, not elsewhere specified or included; hide powder, whether or not chromed.",False,False,not_primary_strict,not_primary_broad
HS1992:370220,H0,370220,Instant print film,False,False,not_primary_strict,not_primary_broad
HS1992:370320,H0,370320,"Other, for colour photography (polychrome)",False,False,not_primary_strict,not_primary_broad
HS1992:390230,H0,390230,Propylene copolymers,False,False,not_primary_strict,not_primary_broad
HS1992:390390,H0,390390,Other,False,False,not_primary_strict,not_primary_broad
HS1992:391239,H0,391239,Cellulose ethers :-- Other,False,False,not_primary_strict,not_primary_broad
HS1992:391390,H0,391390,Other,False,False,not_primary_strict,not_primary_broad
HS1992:411000,H0,411000,"Parings and other waste of leather or of composition leather, not suitable for the manufacture of leather articles; leather dust, powder and flour.",False,False,not_primary_strict,not_primary_broad
HS1992:440610,H0,440610,Not impregnated,False,True,not_primary_strict,broad_processed_wood_pulp_waste
HS1992:450390,H0,450390,Other,False,False,not_primary_strict,not_primary_broad
HS1992:480550,H0,480550,Felt paper and paperboard,False,False,not_primary_strict,not_primary_broad
HS1992:480620,H0,480620,Greaseproof papers,False,False,not_primary_strict,not_primary_broad
HS1992:481430,H0,481430,"Wallpaper and similar wall coverings, consisting of paper covered, on the face side, with plaiting material, whether or not bound together in parallel strands or woven",False,False,not_primary_strict,not_primary_broad
HS1992:482290,H0,482290,Other,False,False,not_primary_strict,not_primary_broad
HS1992:520521,H0,520521,"Single yarn, of combed fibres :-- Measuring 714.29 decitex or more (not exceeding 14 metric number)",False,False,not_primary_strict,not_primary_broad
HS1992:520531,H0,520531,"Multiple (folded) or cabled yarn, of uncombed fibres :-- Measuring per single yarn 714.29 decitex or more (not exceeding 14 metric number per single yarn)",False,False,not_primary_strict,not_primary_broad
HS1992:520842,H0,520842,"Of yarns of different colours :-- Plain weave, weighing more than 100 g/m2",False,False,not_primary_strict,not_primary_broad
HS1992:520849,H0,520849,Of yarns of different colours :-- Other fabrics,False,False,not_primary_strict,not_primary_broad
HS1992:520852,H0,520852,"Printed :-- Plain weave, weighing more than 100 g/m2",False,False,not_primary_strict,not_primary_broad
HS1992:521159,H0,521159,Printed :-- Other fabrics,False,False,not_primary_strict,not_primary_broad
HS1992:521224,H0,521224,Weighing more than 200 g/m2 :-- Of yarns of different colours,False,False,not_primary_strict,not_primary_broad
HS1992:530921,H0,530921,Containing less than 85 % by weight of flax :-- Unbleached or bleached,False,False,not_primary_strict,not_primary_broad
HS1992:540339,H0,540339,"Other yarn, single :-- Other",False,False,not_primary_strict,not_primary_broad
HS1992:550931,H0,550931,Containing 85 % or more by weight of acrylic or modacrylic staple fibres :-- Single yarn,False,False,not_primary_strict,not_primary_broad
HS1992:551219,H0,551219,Containing 85 % or more by weight of polyester staple fibres :-- Other,False,False,not_primary_strict,not_primary_broad
HS1992:560130,H0,560130,Textile flock and dust and mill neps,False,False,not_primary_strict,not_primary_broad
HS1992:570292,H0,570292,"Other, not of pile construction, made up :-- Of man-made textile materials",False,False,not_primary_strict,not_primary_broad
HS1992:570330,H0,570330,Of other man-made textile materials,False,False,not_primary_strict,not_primary_broad
HS1992:590691,H0,590691,Other :-- Knitted or crocheted,False,False,not_primary_strict,not_primary_broad
HS1992:611720,H0,611720,"Ties, bow ties and cravats",False,False,not_primary_strict,not_primary_broad
HS1992:630232,H0,630232,Other bed linen :-- Of man-made fibres,False,False,not_primary_strict,not_primary_broad
HS1992:690210,H0,690210,"Containing by weight, singly or together, more than 50 % of the elements Mg, Ca or Cr, expressed as MgO, CaO or Cr2O3",False,False,not_primary_strict,not_primary_broad
HS1992:700530,H0,700530,Wired glass,False,False,not_primary_strict,not_primary_broad
HS1992:701331,H0,701331,Glassware of a kind used for table (other than drinking glasses) or kitchen purposes other than of glass-,False,False,not_primary_strict,not_primary_broad
HS1992:701690,H0,701690,Other,False,False,not_primary_strict,not_primary_broad
HS1992:720310,H0,720310,Ferrous products obtained by direct reduction of iron ore,False,True,not_primary_strict,broad_first_stage_metals_scrap
HS1992:720833,H0,720833,"Hot rolled iron or non-alloy steel, flat,w >600mm, t 4.75-10mm, 355 mpa",False,False,not_primary_strict,not_primary_broad
HS1992:720843,H0,720843,"Hot rolled iron or non-alloy steel, flat,width >600mm, t 4.75-10mm, nes",False,False,not_primary_strict,not_primary_broad
HS1992:720931,H0,720931,"Cold rolled iron or non-alloy steel, flat, width >600mm, t >3mm, 355 mp",False,False,not_primary_strict,not_primary_broad
HS1992:720941,H0,720941,"Cold rolled iron or non-alloy steel, flat, width >600mm, t >3mm, nes",False,False,not_primary_strict,not_primary_broad
HS1992:721031,H0,721031,"Flat rolled iron or non-alloy steel, electro plate/zinc,<3mm/275,>3/355",False,False,not_primary_strict,not_primary_broad
HS1992:721039,H0,721039,"Flat rolled iron or non-alloy steel, electro plate/zinc,w >600mm, nes",False,False,not_primary_strict,not_primary_broad
HS1992:721631,H0,721631,"U, I or H sections, not further worked than hot-rolled, hot-drawn or extruded of a height of 80 mm or more :-- U sections",False,False,not_primary_strict,not_primary_broad
HS1992:721640,H0,721640,"L or T sections, not further worked than hot-rolled, hot-drawn or extruded, of a height of 80 mm or more",False,False,not_primary_strict,not_primary_broad
HS1992:730431,H0,730431,"Other, of circular cross-section, of iron or non-alloy steel :-- Cold-drawn or cold-rolled (cold-reduced)",False,False,not_primary_strict,not_primary_broad
HS1992:730520,H0,730520,Casing of a kind used in drilling for oil or gas,False,False,not_primary_strict,not_primary_broad
HS1992:731512,H0,731512,Articulated link chain and parts thereof :-- Other chain,False,False,not_primary_strict,not_primary_broad
HS1992:731589,H0,731589,Other chain :-- Other,False,False,not_primary_strict,not_primary_broad
HS1992:731814,H0,731814,Threaded articles :-- Self-tapping screws,False,False,not_primary_strict,not_primary_broad
HS1992:732010,H0,732010,Leaf-springs and leaves therefor,False,False,not_primary_strict,not_primary_broad
HS1992:732399,H0,732399,Other,False,False,not_primary_strict,not_primary_broad
HS1992:732429,H0,732429,Baths :-- Other,False,False,not_primary_strict,not_primary_broad
HS1992:732591,H0,732591,Other :-- Grinding balls and similar articles for mills,False,False,not_primary_strict,not_primary_broad
HS1992:740323,H0,740323,Copper alloys :-- Copper-nickel base alloys (cupro-nickel) or copper-nickel-zinc base alloys (nickel silver),False,True,not_primary_strict,broad_first_stage_metals_scrap
HS1992:750512,H0,750512,"Bars, rods and profiles :-- Of nickel alloys",False,False,not_primary_strict,not_primary_broad
HS1992:760691,H0,760691,"Other :-- Of aluminium, not alloyed",False,False,not_primary_strict,not_primary_broad
HS1992:761520,H0,761520,Sanitary ware and parts thereof,False,False,not_primary_strict,not_primary_broad
HS1992:841239,H0,841239,Pneumatic power engines and motors :-- Other,False,False,not_primary_strict,not_primary_broad
HS1992:841581,H0,841581,Other :-- Incorporating a refrigerating unit and a valve for reversal of the cooling/heat cycle,False,False,not_primary_strict,not_primary_broad
HS1992:842129,H0,842129,Filtering or purifying machinery and apparatus for liquids :-- Other,False,False,not_primary_strict,not_primary_broad
HS1992:842310,H0,842310,"Personal weighing machines, including baby scales; household scales",False,False,not_primary_strict,not_primary_broad
HS1992:842520,H0,842520,Pit-head winding gear; winches specially designed for use underground,False,False,not_primary_strict,not_primary_broad
HS1992:842541,H0,842541,Jacks; hoists of a kind used for raising vehicles :-- Built-in jacking systems of a type used in garages,False,False,not_primary_strict,not_primary_broad
HS1992:843340,H0,843340,"Straw or fodder balers, including pick-up balers",False,False,not_primary_strict,not_primary_broad
HS1992:843510,H0,843510,Machinery,False,False,not_primary_strict,not_primary_broad
HS1992:843830,H0,843830,Machinery for sugar manufacture,False,False,not_primary_strict,not_primary_broad
HS1992:844330,H0,844330,Flexographic printing machinery,False,False,not_primary_strict,not_primary_broad
HS1992:844519,H0,844519,Machines for preparing textile fibres :-- Other,False,False,not_primary_strict,not_primary_broad
HS1992:844839,H0,844839,Parts and accessories of machines of heading No. 84.45 or of their auxiliary machinery :-- Other,False,False,not_primary_strict,not_primary_broad
HS1992:845522,H0,845522,Other rolling mills :-- Cold,False,False,not_primary_strict,not_primary_broad
HS1992:846110,H0,846110,Planing machines,False,False,not_primary_strict,not_primary_broad
HS1992:846190,H0,846190,Other,False,False,not_primary_strict,not_primary_broad
HS1992:846231,H0,846231,"Shearing machines (including presses), other than combined punching and shearing machines :-- Numerically controlled",False,False,not_primary_strict,not_primary_broad
HS1992:846241,H0,846241,"Punching or notching machines (including presses), including combined punching and shearing machines :-- Numerically controlled",False,False,not_primary_strict,not_primary_broad
HS1992:846594,H0,846594,Other :-- Bending or assembling machines,False,False,not_primary_strict,not_primary_broad
HS1992:846610,H0,846610,Tool holders and self-opening dieheads,False,False,not_primary_strict,not_primary_broad
HS1992:846890,H0,846890,Parts,False,False,not_primary_strict,not_primary_broad
HS1992:847759,H0,847759,Other machinery for moulding or otherwise forming :-- Other,False,False,not_primary_strict,not_primary_broad
HS1992:847940,H0,847940,Rope or cable-making machines,False,False,not_primary_strict,not_primary_broad
HS1992:848230,H0,848230,Spherical roller bearings,False,False,not_primary_strict,not_primary_broad
HS1992:848250,H0,848250,Other cylindrical roller bearings,False,False,not_primary_strict,not_primary_broad
HS1992:851190,H0,851190,Parts,False,False,not_primary_strict,not_primary_broad
HS1992:853120,H0,853120,Indicator panels incorporating liquid crystal devices (LCD) or light emitting diodes (LED),False,False,not_primary_strict,not_primary_broad
HS1992:853630,H0,853630,Other apparatus for protecting electrical circuits,False,False,not_primary_strict,not_primary_broad
HS1992:854690,H0,854690,Other,False,False,not_primary_strict,not_primary_broad
HS1992:871200,H0,871200,"Bicycles and other cycles (including delivery tricycles), not motorised.",False,False,not_primary_strict,not_primary_broad
HS1992:880390,H0,880390,Other,False,False,not_primary_strict,not_primary_broad
HS1992:890200,H0,890200,Fishing vessels; factory ships and other vessels for processing or preserving fishery products.,False,False,not_primary_strict,not_primary_broad
HS1992:890600,H0,890600,"Other vessels, including warships and lifeboats other than rowing boats.",False,False,not_primary_strict,not_primary_broad
HS1992:900140,H0,900140,Spectacle lenses of glass,False,False,not_primary_strict,not_primary_broad
HS1992:900661,H0,900661,Photographic flashlight apparatus and flashbulbs :-- Discharge lamp ('electronic') flashlight apparatus,False,False,not_primary_strict,not_primary_broad
HS1992:900830,H0,900830,Other image projectors,False,False,not_primary_strict,not_primary_broad
HS1992:902119,H0,902119,Artificial joints and other orthopaedic or fracture appliances :-- Other,False,False,not_primary_strict,not_primary_broad
HS1992:902480,H0,902480,Other machines and appliances,False,False,not_primary_strict,not_primary_broad
HS1992:902740,H0,902740,Exposure meters,False,False,not_primary_strict,not_primary_broad
HS1992:910529,H0,910529,Wall clocks :-- Other,False,False,not_primary_strict,not_primary_broad
HS1992:911390,H0,911390,Other,False,False,not_primary_strict,not_primary_broad
HS1992:920190,H0,920190,Other,False,False,not_primary_strict,not_primary_broad
HS1992:940210,H0,940210,"Dentists', barbers' or similar chairs and parts thereof",False,False,not_primary_strict,not_primary_broad
HS1992:961310,H0,961310,"Pocket lighters, gas fuelled, non-refillable",False,False,not_primary_strict,not_primary_broad
HS1992:040490,H0,040490,Other,True,True,strict_hs01_10_12_14_raw_agriculture,strict_hs01_10_12_14_raw_agriculture
HS1992:040630,H0,040630,"Processed cheese, not grated or powdered",True,True,strict_hs01_10_12_14_raw_agriculture,strict_hs01_10_12_14_raw_agriculture
HS1992:070810,H0,070810,Peas (Pisum sativum),True,True,strict_hs01_10_12_14_raw_agriculture,strict_hs01_10_12_14_raw_agriculture
HS1992:080211,H0,080211,Almonds :-- In shell,True,True,strict_hs01_10_12_14_raw_agriculture,strict_hs01_10_12_14_raw_agriculture
HS1992:080820,H0,080820,Pears and quinces,True,True,strict_hs01_10_12_14_raw_agriculture,strict_hs01_10_12_14_raw_agriculture
HS1992:081040,H0,081040,"Cranberries, bilberries and other fruits of the genus Vaccinium",True,True,strict_hs01_10_12_14_raw_agriculture,strict_hs01_10_12_14_raw_agriculture
HS1992:081330,H0,081330,Apples,True,True,strict_hs01_10_12_14_raw_agriculture,strict_hs01_10_12_14_raw_agriculture
HS1992:121292,H0,121292,Other :-- Sugar cane,True,True,strict_hs01_10_12_14_raw_agriculture,strict_hs01_10_12_14_raw_agriculture
HS1992:121299,H0,121299,Other,True,True,strict_hs01_10_12_14_raw_agriculture,strict_hs01_10_12_14_raw_agriculture
HS1992:151919,H0,151919,"Industrial monocarboxylic fatty acids, nes, acid oils",False,True,not_primary_strict,broad_first_stage_food_inputs_hs11_15_23
HS1992:151920,H0,151920,Acid oils from refining,False,True,not_primary_strict,broad_first_stage_food_inputs_hs11_15_23
HS1992:220840,H0,220840,Rum and tafia,False,False,not_primary_strict,not_primary_broad
HS1992:220850,H0,220850,Gin and Geneva,False,False,not_primary_strict,not_primary_broad
HS1992:271600,H0,271600,Electrical energy. (optional heading),False,True,not_primary_strict,broad_all_fuels_refinery_hs27
HS1992:280461,H0,280461,Silicon :-- Containing by weight not less than 99.99 % of silicon,False,False,not_primary_strict,not_primary_broad
HS1992:281111,H0,281111,Other inorganic acids :-- Hydrogen fluoride (hydrofluoric acid),False,False,not_primary_strict,not_primary_broad
HS1992:283539,H0,283539,Polyphosphates:-- Other,False,False,not_primary_strict,not_primary_broad
HS1992:283720,H0,283720,Complex cyanides,False,False,not_primary_strict,not_primary_broad
HS1992:291812,H0,291812,"Carboxylic acids with alcohol function but without other oxygen function, their anhydrides, halides, peroxides, peroxyacids and their derivatives :-- Tartaric acid",False,False,not_primary_strict,not_primary_broad
HS1992:292429,H0,292429,Cyclic amides (including cyclic carbamates) and their derivatives; salts thereof :-- Other,False,False,not_primary_strict,not_primary_broad
HS1992:292990,H0,292990,Other,False,False,not_primary_strict,not_primary_broad
HS1992:293359,H0,293359,Compounds containing a pyrimidine ring (whether or not hydrogenated) or piperazine ring in the structure :-- Other,False,False,not_primary_strict,not_primary_broad
HS1992:293490,H0,293490,Other,False,False,not_primary_strict,not_primary_broad
HS1992:321511,H0,321511,Printing ink :-- Black,False,False,not_primary_strict,not_primary_broad
HS1992:350290,H0,350290,Other,False,False,not_primary_strict,not_primary_broad
HS1992:350300,H0,350300,"Gelatin (including gelatin in rectangular (including square) sheets, whether or not surface-worked or coloured) and gelatin derivatives; isinglass; other glues of animal origin, excluding casein glues of heading No. 35.01.",False,False,not_primary_strict,not_primary_broad
HS1992:380992,H0,380992,Other :-- Of a kind used in the paper or like industries,False,False,not_primary_strict,not_primary_broad
HS1992:390440,H0,390440,Other vinyl chloride copolymers,False,False,not_primary_strict,not_primary_broad
HS1992:390940,H0,390940,Phenolic resins,False,False,not_primary_strict,not_primary_broad
HS1992:391231,H0,391231,Cellulose ethers :-- Carboxymethylcellulose and its salts,False,False,not_primary_strict,not_primary_broad
HS1992:391620,H0,391620,Of polymers of vinyl chloride,False,False,not_primary_strict,not_primary_broad
HS1992:391990,H0,391990,Other,False,False,not_primary_strict,not_primary_broad
HS1992:392030,H0,392030,Of polymers of styrene,False,False,not_primary_strict,not_primary_broad
HS1992:392051,H0,392051,Of acrylic polymers :-- Of polymethyl methacrylate,False,False,not_primary_strict,not_primary_broad
HS1992:392220,H0,392220,Lavatory seats and covers,False,False,not_primary_strict,not_primary_broad
HS1992:400220,H0,400220,Butadiene rubber (BR),False,False,not_primary_strict,not_primary_broad
HS1992:400821,H0,400821,"Of non-cellular rubber :-- Plates, sheets and strip",False,False,not_primary_strict,not_primary_broad
HS1992:400940,H0,400940,"Reinforced or otherwise combined with other materials, without fittings",False,False,not_primary_strict,not_primary_broad
HS1992:410320,H0,410320,Of reptiles,True,True,strict_raw_hides_skins_furs,strict_raw_hides_skins_furs
HS1992:410729,H0,410729,Of reptiles :-- Other,False,False,not_primary_strict,not_primary_broad
HS1992:440500,H0,440500,Wood wool; wood flour.,False,True,not_primary_strict,broad_processed_wood_pulp_waste
HS1992:511119,H0,511119,Containing 85 % or more by weight of wool or of fine animal hair :-- Other,False,False,not_primary_strict,not_primary_broad
HS1992:520631,H0,520631,"Multiple (folded) or cabled yarn, of uncombed fibres :-- Measuring per single yarn 714.29 decitex or more (not exceeding 14 metric number per single yarn)",False,False,not_primary_strict,not_primary_broad
HS1992:520822,H0,520822,"Bleached :-- Plain weave, weighing more than 100 g/m2",False,False,not_primary_strict,not_primary_broad
HS1992:520851,H0,520851,"Printed :-- Plain weave, weighing not more than 100 g/m2",False,False,not_primary_strict,not_primary_broad
HS1992:521111,H0,521111,Unbleached :-- Plain weave,False,False,not_primary_strict,not_primary_broad
HS1992:521211,H0,521211,Weighing not more than 200 g/m2 :-- Unbleached,False,False,not_primary_strict,not_primary_broad
HS1992:521212,H0,521212,Weighing not more than 200 g/m2 :-- Bleached,False,False,not_primary_strict,not_primary_broad
HS1992:540784,H0,540784,"Other woven fabrics, containing less than 85 % by weight of synthetic filaments, mixed mainly or solely with cotton :-- Printed",False,False,not_primary_strict,not_primary_broad
HS1992:550820,H0,550820,Of artificial staple fibres,False,False,not_primary_strict,not_primary_broad
HS1992:551511,H0,551511,Of polyester staple fibres :-- Mixed mainly or solely with viscose rayon staple fibres,False,False,not_primary_strict,not_primary_broad
HS1992:551613,H0,551613,Containing 85 % or more by weight of artificial staple fibres :-- Of yarns of different colours,False,False,not_primary_strict,not_primary_broad
HS1992:551622,H0,551622,"Containing less than 85 % by weight of artificial staple fibres, mixed mainly or solely with man-made filaments :-- Dyed",False,False,not_primary_strict,not_primary_broad
HS1992:551691,H0,551691,Other :-- Unbleached or bleached,False,False,not_primary_strict,not_primary_broad
HS1992:560210,H0,560210,Needleloom felt and stitch-bonded fibre fabrics,False,False,not_primary_strict,not_primary_broad
HS1992:560741,H0,560741,Of polyethylene or polypropylene :-- Binder or baler twine,False,False,not_primary_strict,not_primary_broad
HS1992:560811,H0,560811,Of man-made textile materials :-- Made up fishing nets,False,False,not_primary_strict,not_primary_broad
HS1992:580310,H0,580310,Of cotton,False,False,not_primary_strict,not_primary_broad
HS1992:590210,H0,590210,Of nylon or other polyamides,False,False,not_primary_strict,not_primary_broad
HS1992:591120,H0,591120,"Bolting cloth, whether or not made up",False,False,not_primary_strict,not_primary_broad
HS1992:591131,H0,591131,"Textile fabrics and felts, endless or fitted with linking devices, of a kind used in paper-making or similar machines (for example, for pulp or asbestos-cement) :-- Weighing less than 650 g/m2",False,False,not_primary_strict,not_primary_broad
HS1992:621520,H0,621520,Of man-made fibres,False,False,not_primary_strict,not_primary_broad
HS1992:630240,H0,630240,"Table linen, knitted or crocheted",False,False,not_primary_strict,not_primary_broad
HS1992:650691,H0,650691,Other :-- Of rubber or of plastics,False,False,not_primary_strict,not_primary_broad
HS1992:650692,H0,650692,Other :-- Of furskin,False,False,not_primary_strict,not_primary_broad
HS1992:720814,H0,720814,"Hot rolled iron or non-alloy steel, coil,w >600mm, t <3mm, myp 275 mpa",False,False,not_primary_strict,not_primary_broad
HS1992:720824,H0,720824,"Hot rolled iron or non-alloy steel, coil,width >600mm, t <3mm thick, ne",False,False,not_primary_strict,not_primary_broad
HS1992:721041,H0,721041,Otherwise plated or coated with zinc :-- Corrugated,False,False,not_primary_strict,not_primary_broad
HS1992:721070,H0,721070,"Painted, varnished or coated with plastics",False,False,not_primary_strict,not_primary_broad
HS1992:721149,H0,721149,"Flat rolled iron or non-alloy steel, width <600mm, unclad, nes",False,False,not_primary_strict,not_primary_broad
HS1992:721339,H0,721339,"Hot rolled bar/rod, iron or non-alloy steel, coiled, C<.25%, nes",False,False,not_primary_strict,not_primary_broad
HS1992:721349,H0,721349,"Hot rolled bar/rod, iron or non-alloy steel, coiled, C 0.25-0.6%",False,False,not_primary_strict,not_primary_broad
HS1992:721719,H0,721719,"Wire, iron or non-alloy steel, <0.25% carbon, nes",False,False,not_primary_strict,not_primary_broad
HS1992:721729,H0,721729,"Wire, iron or non-alloy steel, 0.25-0.6% carbon, nes",False,False,not_primary_strict,not_primary_broad
HS1992:721739,H0,721739,"Wire, iron or non-alloy steel, more than 0.6% carbon, nes",False,False,not_primary_strict,not_primary_broad
HS1992:722011,H0,722011,Not further worked than hot-rolled :-- Of a thickness of 4.75 mm or more,False,False,not_primary_strict,not_primary_broad
HS1992:722910,H0,722910,Of high speed steel,False,False,not_primary_strict,not_primary_broad
HS1992:730459,H0,730459,"Other, of circular cross-section, of other alloy steel :-- Other",False,False,not_primary_strict,not_primary_broad
HS1992:730820,H0,730820,Towers and lattice masts,False,False,not_primary_strict,not_primary_broad
HS1992:732490,H0,732490,"Other, including parts",False,False,not_primary_strict,not_primary_broad
HS1992:750800,H0,750800,"Articles of nickel, nes",False,False,not_primary_strict,not_primary_broad
HS1992:761210,H0,761210,Collapsible tubular containers,False,False,not_primary_strict,not_primary_broad
HS1992:820310,H0,820310,"Files, rasps and similar tools",False,False,not_primary_strict,not_primary_broad
HS1992:820412,H0,820412,Hand-operated spanners and wrenches :-- Adjustable,False,False,not_primary_strict,not_primary_broad
HS1992:821410,H0,821410,"Paper knives, letter openers, erasing knives, pencil sharpeners and blades therefor",False,False,not_primary_strict,not_primary_broad
HS1992:840212,H0,840212,Steam or other vapour generating boilers :-- Watertube boilers with a steam production not exceeding 45 t per hour,False,False,not_primary_strict,not_primary_broad
HS1992:840732,H0,840732,Reciprocating piston engines of a kind used for the propulsion of vehicles of Chapter 87 :-- Of a cylinder capacity exceeding 50 cc but not exceeding 250 cc,False,False,not_primary_strict,not_primary_broad
HS1992:840991,H0,840991,Other :-- Suitable for use solely or principally with spark-ignition internal combustion piston engines,False,False,not_primary_strict,not_primary_broad
HS1992:841320,H0,841320,"Hand pumps, other than those of subheading No. 8413.11 or 8413.19",False,False,not_primary_strict,not_primary_broad
HS1992:841690,H0,841690,Parts,False,False,not_primary_strict,not_primary_broad
HS1992:841720,H0,841720,"Bakery ovens, including biscuit ovens",False,False,not_primary_strict,not_primary_broad
HS1992:842611,H0,842611,"Overhead travelling cranes, transporter cranes, gantry cranes, bridge cranes, mobile lifting frames and straddle     carriers :-- Overhead travelling cranes on fixed support",False,False,not_primary_strict,not_primary_broad
HS1992:842630,H0,842630,Portal or pedestal jib cranes,False,False,not_primary_strict,not_primary_broad
HS1992:842641,H0,842641,"Other machinery, self-propelled :-- On tyres",False,False,not_primary_strict,not_primary_broad
HS1992:843311,H0,843311,"Mowers for lawns, parks or sports-grounds :-- Powered, with the cutting device rotating in a horizontal plane",False,False,not_primary_strict,not_primary_broad
HS1992:843999,H0,843999,Parts :-- Other,False,False,not_primary_strict,not_primary_broad
HS1992:844400,H0,844400,"Machines for extruding, drawing, texturing or cutting man-made textile materials.",False,False,not_primary_strict,not_primary_broad
HS1992:845012,H0,845012,"Machines, each of a dry linen capacity not exceeding 10 kg :-- Other machines, with built-in centrifugal drier",False,False,not_primary_strict,not_primary_broad
HS1992:845190,H0,845190,Parts,False,False,not_primary_strict,not_primary_broad
HS1992:845921,H0,845921,Other drilling machines :-- Numerically controlled,False,False,not_primary_strict,not_primary_broad
HS1992:846029,H0,846029,"Other grinding machines, in which the positioning in any one axis can be set up to an accuracy of at least 0.01 mm :-- Other",False,False,not_primary_strict,not_primary_broad
HS1992:846249,H0,846249,"Punching or notching machines (including presses), including combined punching and shearing machines :-- Other",False,False,not_primary_strict,not_primary_broad
HS1992:846593,H0,846593,"Other :-- Grinding, sanding or polishing machines",False,False,not_primary_strict,not_primary_broad
HS1992:846694,H0,846694,Other :-- For machines of heading No. 84.62 or 84.63,False,False,not_primary_strict,not_primary_broad
HS1992:847220,H0,847220,Addressing machines and address plate embossing machines,False,False,not_primary_strict,not_primary_broad
HS1992:848350,H0,848350,"Flywheels and pulleys, including pulley blocks",False,False,not_primary_strict,not_primary_broad
HS1992:850151,H0,850151,"Other AC motors, multi-phase :-- Of an output not exceeding 750 W",False,False,not_primary_strict,not_primary_broad
HS1992:850990,H0,850990,Parts,False,False,not_primary_strict,not_primary_broad
HS1992:851440,H0,851440,Other induction or dielectric heating equipment,False,False,not_primary_strict,not_primary_broad
HS1992:851511,H0,851511,Brazing or soldering machines and apparatus :-- Soldering irons and guns,False,False,not_primary_strict,not_primary_broad
HS1992:851521,H0,851521,Machines and apparatus for resistance welding of metal :-- Fully or partly automatic,False,False,not_primary_strict,not_primary_broad
HS1992:851529,H0,851529,Machines and apparatus for resistance welding of metal :-- Other,False,False,not_primary_strict,not_primary_broad
HS1992:852312,H0,852312,Magnetic tapes :-- Of a width exceeding 4 mm but not exceeding 6.5 mm,False,False,not_primary_strict,not_primary_broad
HS1992:852731,H0,852731,"Other radio-broadcast receivers, including apparatus capable of receiving also radio-telephony or radio-telegraphy :-- Combined with sound recording or reproducing apparatus",False,False,not_primary_strict,not_primary_broad
HS1992:854290,H0,854290,Parts,False,False,not_primary_strict,not_primary_broad
HS1992:870520,H0,870520,Mobile drilling derricks,False,False,not_primary_strict,not_primary_broad
HS1992:870891,H0,870891,Other parts and accessories :-- Radiators,False,False,not_primary_strict,not_primary_broad
HS1992:871420,H0,871420,Of invalid carriages,False,False,not_primary_strict,not_primary_broad
HS1992:900319,H0,900319,Frames and mountings :-- Of other materials,False,False,not_primary_strict,not_primary_broad
HS1992:901320,H0,901320,"Lasers, other than laser diodes",False,False,not_primary_strict,not_primary_broad
HS1992:901790,H0,901790,Parts and accessories,False,False,not_primary_strict,not_primary_broad
HS1992:902519,H0,902519,"Thermometers and pyrometers, not combined with other instruments :-- Other",False,False,not_primary_strict,not_primary_broad
HS1992:902750,H0,902750,"Other instruments and apparatus using optical radiations (UV, visible, IR)",False,False,not_primary_strict,not_primary_broad
HS1992:902890,H0,902890,Parts and accessories,False,False,not_primary_strict,not_primary_broad
HS1992:902920,H0,902920,Speed indicators and tachometers; stroboscopes,False,False,not_primary_strict,not_primary_broad
HS1992:960820,H0,960820,Felt tipped and other porous-tipped pens and markers,False,False,not_primary_strict,not_primary_broad
HS1992:021019,H0,021019,Meat of swine :-- Other,True,True,strict_hs01_10_12_14_raw_agriculture,strict_hs01_10_12_14_raw_agriculture
HS1992:070519,H0,070519,Lettuce :-- Other,True,True,strict_hs01_10_12_14_raw_agriculture,strict_hs01_10_12_14_raw_agriculture
HS1992:070952,H0,070952,Mushrooms and truffles :-- Truffles,True,True,strict_hs01_10_12_14_raw_agriculture,strict_hs01_10_12_14_raw_agriculture
HS1992:071120,H0,071120,Olives,True,True,strict_hs01_10_12_14_raw_agriculture,strict_hs01_10_12_14_raw_agriculture
HS1992:071130,H0,071130,Capers,True,True,strict_hs01_10_12_14_raw_agriculture,strict_hs01_10_12_14_raw_agriculture
HS1992:081110,H0,081110,Strawberries,True,True,strict_hs01_10_12_14_raw_agriculture,strict_hs01_10_12_14_raw_agriculture
HS1992:081220,H0,081220,Strawberries,True,True,strict_hs01_10_12_14_raw_agriculture,strict_hs01_10_12_14_raw_agriculture
HS1992:081290,H0,081290,Other,True,True,strict_hs01_10_12_14_raw_agriculture,strict_hs01_10_12_14_raw_agriculture
HS1992:121230,H0,121230,"Apricot, peach or plum stones and kernels",True,True,strict_hs01_10_12_14_raw_agriculture,strict_hs01_10_12_14_raw_agriculture
HS1992:130120,H0,130120,Gum Arabic,True,True,strict_hs01_10_12_14_raw_agriculture,strict_hs01_10_12_14_raw_agriculture
HS1992:151229,H0,151229,Cotton-seed oil and its fractions :-- Other,False,True,not_primary_strict,broad_first_stage_food_inputs_hs11_15_23
HS1992:151521,H0,151521,Maize (corn) oil and its fractions :-- Crude oil,False,True,not_primary_strict,broad_first_stage_food_inputs_hs11_15_23
HS1992:170230,H0,170230,"Glucose and glucose syrup, not containing fructose or containing in the dry state less than 20 % by weight of fructose",False,False,not_primary_strict,not_primary_broad
HS1992:210220,H0,210220,"Inactive yeasts; other single-cell micro-organisms, dead",False,False,not_primary_strict,not_primary_broad
HS1992:220900,H0,220900,Vinegar and substitutes for vinegar obtained from acetic acid.,False,False,not_primary_strict,not_primary_broad
HS1992:250610,H0,250610,Quartz,True,True,strict_minerals_ores_hs25_26,strict_minerals_ores_hs25_26
HS1992:280469,H0,280469,Silicon :-- Other,False,False,not_primary_strict,not_primary_broad
HS1992:281000,H0,281000,Oxides of boron; boric acids.,False,False,not_primary_strict,not_primary_broad
HS1992:281620,H0,281620,"Oxide, hydroxide and peroxide of strontium",False,False,not_primary_strict,not_primary_broad
HS1992:291619,H0,291619,"Unsaturated acyclic monocarboxylic acids, their anhydrides, halides, peroxides, peroxyacids and their derivatives :-- Other",False,False,not_primary_strict,not_primary_broad
HS1992:320620,H0,320620,Pigments and preparations based on chromium compounds,False,False,not_primary_strict,not_primary_broad
HS1992:321390,H0,321390,Other,False,False,not_primary_strict,not_primary_broad
HS1992:330121,H0,330121,Essential oils other than those of citrus fruit :-- Of geranium,False,False,not_primary_strict,not_primary_broad
HS1992:330126,H0,330126,Essential oils other than those of citrus fruit :-- Of vetiver,False,False,not_primary_strict,not_primary_broad
HS1992:330300,H0,330300,Perfumes and toilet waters.,False,False,not_primary_strict,not_primary_broad
HS1992:330410,H0,330410,Lip make-up preparations,False,False,not_primary_strict,not_primary_broad
HS1992:330420,H0,330420,Eye make-up preparations,False,False,not_primary_strict,not_primary_broad
HS1992:330430,H0,330430,Manicure or pedicure preparations,False,False,not_primary_strict,not_primary_broad
HS1992:330491,H0,330491,"Other :-- Powders, whether or not compressed",False,False,not_primary_strict,not_primary_broad
HS1992:330499,H0,330499,Other,False,False,not_primary_strict,not_primary_broad
HS1992:340319,H0,340319,Containing petroleum oils or oils obtained from bituminous minerals :-- Other,False,False,not_primary_strict,not_primary_broad
HS1992:340590,H0,340590,Other,False,False,not_primary_strict,not_primary_broad
HS1992:360410,H0,360410,Fireworks,False,False,not_primary_strict,not_primary_broad
HS1992:360610,H0,360610,Liquid or liquefied-gas fuels in containers of a kind used for filling or refilling cigarette or similar lighters and of a capacity not exceeding 300 cm3,False,False,not_primary_strict,not_primary_broad
HS1992:370310,H0,370310,In rolls of a width exceeding 610 mm,False,False,not_primary_strict,not_primary_broad
HS1992:380910,H0,380910,With a basis of amylaceous substances,False,False,not_primary_strict,not_primary_broad
HS1992:380999,H0,380999,Finishing agents & dye carriers - other industries,False,False,not_primary_strict,not_primary_broad
HS1992:381121,H0,381121,Additives for lubricating oils :-- Containing petroleum oils or oils obtained from bituminous minerals,False,False,not_primary_strict,not_primary_broad
HS1992:382320,H0,382320,"Naphthenic acids, water-insoluble salts & esters",False,False,not_primary_strict,not_primary_broad
HS1992:390511,H0,390511,"Polyvinyl acetate, in aqueous dispersion, primary for",False,False,not_primary_strict,not_primary_broad
HS1992:392112,H0,392112,Cellular :-- Of polymers of vinyl chloride,False,False,not_primary_strict,not_primary_broad
HS1992:400299,H0,400299,Other,False,False,not_primary_strict,not_primary_broad
HS1992:400400,H0,400400,"Waste, parings and scrap of rubber (other than hard rubber) and powders and granules obtained therefrom.",False,False,not_primary_strict,not_primary_broad
HS1992:480230,H0,480230,Carbonising base paper,False,False,not_primary_strict,not_primary_broad
HS1992:480459,H0,480459,Other kraft paper and paperboard weighing 225 g/m2 or more :-- Other,False,False,not_primary_strict,not_primary_broad
HS1992:511130,H0,511130,"Other, mixed mainly or solely with man-made staple fibres",False,False,not_primary_strict,not_primary_broad
HS1992:520533,H0,520533,"Multiple (folded) or cabled yarn, of uncombed fibres :-- Measuring per single yarn less than 232.56 decitex but not less than 192.31 decitex (exceeding 43 metric number but not exceeding 52 metric number per singl",False,False,not_primary_strict,not_primary_broad
HS1992:520853,H0,520853,"Printed :-- 3-thread or 4-thread twill, including cross twill",False,False,not_primary_strict,not_primary_broad
HS1992:520929,H0,520929,Bleached :-- Other fabrics,False,False,not_primary_strict,not_primary_broad
HS1992:520932,H0,520932,"Dyed :-- 3-thread or 4-thread twill, including cross twill",False,False,not_primary_strict,not_primary_broad
HS1992:540410,H0,540410,Monofilament,False,False,not_primary_strict,not_primary_broad
HS1992:551090,H0,551090,Other yarn,False,False,not_primary_strict,not_primary_broad
HS1992:551229,H0,551229,Containing 85 % or more by weight of acrylic or modacrylic staple fibres :-- Other,False,False,not_primary_strict,not_primary_broad
HS1992:551694,H0,551694,Other :-- Printed,False,False,not_primary_strict,not_primary_broad
HS1992:570249,H0,570249,"Other, of pile construction, made up :-- Of other textile materials",False,False,not_primary_strict,not_primary_broad
HS1992:570390,H0,570390,Of other textile materials,False,False,not_primary_strict,not_primary_broad
HS1992:580390,H0,580390,Of other textile materials,False,False,not_primary_strict,not_primary_broad
HS1992:590110,H0,590110,"Textile fabrics coated with gum or amylaceous substances, of a kind used for the outer covers of books or the like",False,False,not_primary_strict,not_primary_broad
HS1992:590500,H0,590500,Textile wall coverings.,False,False,not_primary_strict,not_primary_broad
HS1992:590610,H0,590610,Adhesive tape of a width not exceeding 20 cm,False,False,not_primary_strict,not_primary_broad
HS1992:591132,H0,591132,"Textile fabrics and felts, endless or fitted with linking devices, of a kind used in paper-making or similar machines (for example, for pulp or asbestos-cement) :-- Weighing 650 g/m2 or more",False,False,not_primary_strict,not_primary_broad
HS1992:600299,H0,600299,Other,False,False,not_primary_strict,not_primary_broad
HS1992:630312,H0,630312,Knitted or crocheted :-- Of synthetic fibres,False,False,not_primary_strict,not_primary_broad
HS1992:630491,H0,630491,Other :-- Knitted or crocheted,False,False,not_primary_strict,not_primary_broad
HS1992:630631,H0,630631,Sails :-- Of synthetic fibres,False,False,not_primary_strict,not_primary_broad
HS1992:630639,H0,630639,Sails :-- Of other textile materials,False,False,not_primary_strict,not_primary_broad
HS1992:650510,H0,650510,Hair-nets,False,False,not_primary_strict,not_primary_broad
HS1992:680610,H0,680610,"Slag wool, rock wool and similar mineral wools (including intermixtures thereof), in bulk, sheets or rolls",False,False,not_primary_strict,not_primary_broad
HS1992:700721,H0,700721,"Laminated safety glass :-- Of size and shape suitable for incorporation in vehicles, aircraft, spacecraft or vessels",False,False,not_primary_strict,not_primary_broad
HS1992:701200,H0,701200,Glass inners for vacuum flasks or for other vacuum vessels.,False,False,not_primary_strict,not_primary_broad
HS1992:701890,H0,701890,Other,False,False,not_primary_strict,not_primary_broad
HS1992:720529,H0,720529,Powders :-- Other,False,True,not_primary_strict,broad_first_stage_metals_scrap
HS1992:720822,H0,720822,"Hot rolled iron or non-alloy steel, coil,width >600mm, t 4.75-10mm, nes",False,False,not_primary_strict,not_primary_broad
HS1992:721932,H0,721932,Not further worked than cold-rolled (cold-reduced) :-- Of a thickness of 3 mm or more but less than 4.75 mm,False,False,not_primary_strict,not_primary_broad
HS1992:731600,H0,731600,"Anchors, grapnels and parts thereof, of iron or steel.",False,False,not_primary_strict,not_primary_broad
HS1992:750300,H0,750300,Nickel waste and scrap.,False,True,not_primary_strict,broad_first_stage_metals_scrap
HS1992:761410,H0,761410,With steel core,False,False,not_primary_strict,not_primary_broad
HS1992:780500,H0,780500,"Lead tubes, pipes and tube or pipe fittings (for example, couplings, elbows, sleeves).",False,False,not_primary_strict,not_primary_broad
HS1992:790500,H0,790500,"Zinc plates, sheets, strip and foil.",False,False,not_primary_strict,not_primary_broad
HS1992:821000,H0,821000,"Hand-operated mechanical appliances, weighing 10 kg or less, used in the preparation, conditioning or serving of food or drink.",False,False,not_primary_strict,not_primary_broad
HS1992:821300,H0,821300,"Scissors, tailors' shears and similar shears, and blades therefor.",False,False,not_primary_strict,not_primary_broad
HS1992:821599,H0,821599,Other,False,False,not_primary_strict,not_primary_broad
HS1992:841891,H0,841891,Parts :-- Furniture designed to receive refrigerating or freezing equipment,False,False,not_primary_strict,not_primary_broad
HS1992:842091,H0,842091,Parts :-- Cylinders,False,False,not_primary_strict,not_primary_broad
HS1992:842191,H0,842191,"Parts :-- Of centrifuges, including centrifugal dryers",False,False,not_primary_strict,not_primary_broad
HS1992:842211,H0,842211,Dish washing machines :-- Of the household type,False,False,not_primary_strict,not_primary_broad
HS1992:842320,H0,842320,Scales for continuous weighing of goods on conveyors,False,False,not_primary_strict,not_primary_broad
HS1992:842840,H0,842840,Escalators and moving walkways,False,False,not_primary_strict,not_primary_broad
HS1992:843320,H0,843320,"Other mowers, including cutter bars for tractor mounting",False,False,not_primary_strict,not_primary_broad
HS1992:843691,H0,843691,Parts :-- Of poultry-keeping machinery or poultry incubators and brooders,False,False,not_primary_strict,not_primary_broad
HS1992:844311,H0,844311,Offset printing machinery :- Reel fed,False,False,not_primary_strict,not_primary_broad
HS1992:844360,H0,844360,Machines for uses ancillary to printing,False,False,not_primary_strict,not_primary_broad
HS1992:844513,H0,844513,Machines for preparing textile fibres :-- Drawing or roving machines,False,False,not_primary_strict,not_primary_broad
HS1992:844629,H0,844629,"For weaving fabrics of a width exceeding 30 cm, shuttle type :-- Other",False,False,not_primary_strict,not_primary_broad
HS1992:846799,H0,846799,Parts :-- Other,False,False,not_primary_strict,not_primary_broad
HS1992:847040,H0,847040,Accounting machines,False,False,not_primary_strict,not_primary_broad
HS1992:847050,H0,847050,Cash registers,False,False,not_primary_strict,not_primary_broad
HS1992:847090,H0,847090,Other,False,False,not_primary_strict,not_primary_broad
HS1992:847611,H0,847611,Automatic food-vendors with heating or refrigeration,False,False,not_primary_strict,not_primary_broad
HS1992:847751,H0,847751,Other machinery for moulding or otherwise forming :-- For moulding or retreading pneumatic tyres or for moulding or otherwise forming inner tubes,False,False,not_primary_strict,not_primary_broad
HS1992:848310,H0,848310,Transmission shafts (including cam shafts and crank shafts) and cranks,False,False,not_primary_strict,not_primary_broad
HS1992:848340,H0,848340,"Gears and gearing, other than toothed wheels, chain sprockets and other transmission elements presented separately; ball or roller screws; gear boxes and other speed changers, including torque converters",False,False,not_primary_strict,not_primary_broad
HS1992:850930,H0,850930,Kitchen waste disposers,False,False,not_primary_strict,not_primary_broad
HS1992:851130,H0,851130,Distributors; ignition coils,False,False,not_primary_strict,not_primary_broad
HS1992:851180,H0,851180,Other equipment,False,False,not_primary_strict,not_primary_broad
HS1992:851631,H0,851631,Electro-thermic hair-dressing or hand-drying apparatus :-- Hair dryers,False,False,not_primary_strict,not_primary_broad
HS1992:851632,H0,851632,Electro-thermic hair-dressing or hand-drying apparatus :-- Other hair-dressing apparatus,False,False,not_primary_strict,not_primary_broad
HS1992:851650,H0,851650,Microwave ovens,False,False,not_primary_strict,not_primary_broad
HS1992:851672,H0,851672,Other electro-thermic appliances :-- Toasters,False,False,not_primary_strict,not_primary_broad
HS1992:851720,H0,851720,Teleprinters,False,False,not_primary_strict,not_primary_broad
HS1992:851829,H0,851829,"Loudspeakers, whether or not mounted in their enclosures :-- Other",False,False,not_primary_strict,not_primary_broad
HS1992:852090,H0,852090,Other,False,False,not_primary_strict,not_primary_broad
HS1992:852729,H0,852729,"Radio-broadcast receivers not capable of operating without an external source of power, of a kind used in motor vehicles, including apparatus capable of receiving also radio-telephony or radio-telegraphy :-- Other",False,False,not_primary_strict,not_primary_broad
HS1992:853180,H0,853180,Other apparatus,False,False,not_primary_strict,not_primary_broad
HS1992:853649,H0,853649,Relays :-- Other,False,False,not_primary_strict,not_primary_broad
HS1992:854190,H0,854190,Parts,False,False,not_primary_strict,not_primary_broad
HS1992:854220,H0,854220,Hybrid integrated circuits,False,False,not_primary_strict,not_primary_broad
HS1992:854280,H0,854280,"Electronic integrated circuits/microassemblies, nes",False,False,not_primary_strict,not_primary_broad
HS1992:860210,H0,860210,Diesel-electric locomotives,False,False,not_primary_strict,not_primary_broad
HS1992:860791,H0,860791,Other :-- Of locomotives,False,False,not_primary_strict,not_primary_broad
HS1992:870310,H0,870310,Vehicles specially designed for travelling on snow; golf cars and similar vehicles,False,False,not_primary_strict,not_primary_broad
HS1992:870600,H0,870600,"Chassis fitted with engines, for the motor vehicles of headings Nos. 87.01 to 87.05.",False,False,not_primary_strict,not_primary_broad
HS1992:870892,H0,870892,Other parts and accessories :-- Silencers and exhaust pipes,False,False,not_primary_strict,not_primary_broad
HS1992:871500,H0,871500,Baby carriages and parts thereof.,False,False,not_primary_strict,not_primary_broad
HS1992:890790,H0,890790,Other,False,False,not_primary_strict,not_primary_broad
HS1992:900311,H0,900311,Frames and mountings :-- Of plastics,False,False,not_primary_strict,not_primary_broad
HS1992:900390,H0,900390,Parts,False,False,not_primary_strict,not_primary_broad
HS1992:900662,H0,900662,"Photographic flashlight apparatus and flashbulbs :-- Flashbulbs, flashcubes and the like",False,False,not_primary_strict,not_primary_broad
HS1992:900669,H0,900669,Photographic flashlight apparatus and flashbulbs :-- Other,False,False,not_primary_strict,not_primary_broad
HS1992:901210,H0,901210,Microscopes other than optical microscopes and diffraction apparatus,False,False,not_primary_strict,not_primary_broad
HS1992:901820,H0,901820,Ultra-violet or infra-red ray apparatus,False,False,not_primary_strict,not_primary_broad
HS1992:902229,H0,902229,"Apparatus based on the use of alpha, beta or gamma radiations, whether or not for medical, surgical, dental or veterinary uses, including radiography or radiotherapy apparatus :-- For other uses",False,False,not_primary_strict,not_primary_broad
HS1992:902620,H0,902620,For measuring or checking pressure,False,False,not_primary_strict,not_primary_broad
HS1992:902690,H0,902690,Parts and accessories,False,False,not_primary_strict,not_primary_broad
HS1992:903081,H0,903081,Electrical measurement recording instruments,False,False,not_primary_strict,not_primary_broad
HS1992:903089,H0,903089,Other instruments and apparatus :-- Other,False,False,not_primary_strict,not_primary_broad
HS1992:910112,H0,910112,"Wrist-watches, electrically operated, whether or not incorporating a stop-watch facility :-- With opto-electronic display only",False,False,not_primary_strict,not_primary_broad
HS1992:910119,H0,910119,"Wrist-watches, electrically operated, whether or not incorporating a stop-watch facility :-- Other",False,False,not_primary_strict,not_primary_broad
HS1992:910299,H0,910299,Other,False,False,not_primary_strict,not_primary_broad
HS1992:910511,H0,910511,Alarm clocks :-- Electrically operated,False,False,not_primary_strict,not_primary_broad
HS1992:910519,H0,910519,Alarm clocks :-- Other,False,False,not_primary_strict,not_primary_broad
HS1992:920300,H0,920300,Keyboard pipe organs; harmoniums and similar keyboard instruments with free metal reeds.,False,False,not_primary_strict,not_primary_broad
HS1992:920410,H0,920410,Accordions and similar instruments,False,False,not_primary_strict,not_primary_broad
HS1992:920420,H0,920420,Mouth organs,False,False,not_primary_strict,not_primary_broad
HS1992:920590,H0,920590,Other,False,False,not_primary_strict,not_primary_broad
HS1992:920710,H0,920710,"Keyboard instruments, other than accordions",False,False,not_primary_strict,not_primary_broad
HS1992:940599,H0,940599,Parts :-- Other,False,False,not_primary_strict,not_primary_broad
HS1992:950291,H0,950291,"Parts and accessories :-- Garments and accessories therefor, footwear and headgear",False,False,not_primary_strict,not_primary_broad
HS1992:950299,H0,950299,Parts and accessories :-- Other,False,False,not_primary_strict,not_primary_broad
HS1992:950341,H0,950341,Toys representing animals or non-human creatures :-- Stuffed,False,False,not_primary_strict,not_primary_broad
HS1992:950360,H0,950360,Puzzles,False,False,not_primary_strict,not_primary_broad
HS1992:950619,H0,950619,Snow-skis and other snow-ski equipment :-- Other,False,False,not_primary_strict,not_primary_broad
HS1992:960899,H0,960899,Other,False,False,not_primary_strict,not_primary_broad
HS1992:030322,H0,030322,"Other salmonidae, excluding livers and roes :-- Atlantic salmon (Salmo salar) and Danube salmon (Hucho hucho)",True,True,strict_hs01_10_12_14_raw_agriculture,strict_hs01_10_12_14_raw_agriculture
HS1992:030377,H0,030377,"Other fish, excluding livers and roes :-- Sea bass (Dicentrarchus labrax, Dicentrarchus punctatus)",True,True,strict_hs01_10_12_14_raw_agriculture,strict_hs01_10_12_14_raw_agriculture
HS1992:040299,H0,040299,Other,True,True,strict_hs01_10_12_14_raw_agriculture,strict_hs01_10_12_14_raw_agriculture
HS1992:040811,H0,040811,"Egg yolks :- In powder, granules or other solid forms, of a fat content, by weight, exceeding 1.5 % :-- Dried",True,True,strict_hs01_10_12_14_raw_agriculture,strict_hs01_10_12_14_raw_agriculture
HS1992:070420,H0,070420,Brussels sprouts,True,True,strict_hs01_10_12_14_raw_agriculture,strict_hs01_10_12_14_raw_agriculture
HS1992:070529,H0,070529,Chicory :-- Other,True,True,strict_hs01_10_12_14_raw_agriculture,strict_hs01_10_12_14_raw_agriculture
HS1992:071021,H0,071021,"Leguminous vegetables, shelled or unshelled :-- Peas (Pisum sativum)",True,True,strict_hs01_10_12_14_raw_agriculture,strict_hs01_10_12_14_raw_agriculture
HS1992:071030,H0,071030,"Spinach, New Zealand spinach and orache spinach (garden spinach)",True,True,strict_hs01_10_12_14_raw_agriculture,strict_hs01_10_12_14_raw_agriculture
HS1992:081320,H0,081320,Prunes,True,True,strict_hs01_10_12_14_raw_agriculture,strict_hs01_10_12_14_raw_agriculture
HS1992:110812,H0,110812,Starches :-- Maize (corn) starch,False,True,not_primary_strict,broad_first_stage_food_inputs_hs11_15_23
HS1992:120730,H0,120730,Castor oil seeds,True,True,strict_hs01_10_12_14_raw_agriculture,strict_hs01_10_12_14_raw_agriculture
HS1992:120760,H0,120760,Safflower seeds,True,True,strict_hs01_10_12_14_raw_agriculture,strict_hs01_10_12_14_raw_agriculture
HS1992:160414,H0,160414,"Fish, whole or in pieces, but not minced :-- Tunas, skipjack and bonito (Sarda spp.)",False,False,not_primary_strict,not_primary_broad
HS1992:170240,H0,170240,"Glucose and glucose syrup, containing in the dry state at least 20 % but less than 50 % by weight of fructose",False,False,not_primary_strict,not_primary_broad
HS1992:200940,H0,200940,Pineapple juice,False,False,not_primary_strict,not_primary_broad
HS1992:210210,H0,210210,Active yeasts,False,False,not_primary_strict,not_primary_broad
HS1992:252921,H0,252921,Fluorspar :-- Containing by weight 97 % or less of calcium fluoride,True,True,strict_minerals_ores_hs25_26,strict_minerals_ores_hs25_26
HS1992:282611,H0,282611,Fluorides:-- Of ammonium or of sodium,False,False,not_primary_strict,not_primary_broad
HS1992:282619,H0,282619,Fluorides:-- Other,False,False,not_primary_strict,not_primary_broad
HS1992:290315,H0,290315,"Saturated chlorinated derivatives of acyclic hydrocarbons:-- 1,2-Dichloroethane (ethylene dichloride)",False,False,not_primary_strict,not_primary_broad
HS1992:290949,H0,290949,"Ether-alcohols and their halogenated, sulphonated, nitrated or nitrosated derivatives :-- Other",False,False,not_primary_strict,not_primary_broad
HS1992:292121,H0,292121,Acyclic polyamines and their derivatives; salts thereof :-- Ethylenediamine and its salts,False,False,not_primary_strict,not_primary_broad
HS1992:300510,H0,300510,Adhesive dressings and other articles having an adhesive layer,False,False,not_primary_strict,not_primary_broad
HS1992:300620,H0,300620,Blood-grouping reagents,False,False,not_primary_strict,not_primary_broad
HS1992:300650,H0,300650,First-aid boxes and kits,False,False,not_primary_strict,not_primary_broad
HS1992:310590,H0,310590,Other,False,False,not_primary_strict,not_primary_broad
HS1992:320290,H0,320290,Other,False,False,not_primary_strict,not_primary_broad
HS1992:320610,H0,320610,Pigments and preparations based on titanium dioxide,False,False,not_primary_strict,not_primary_broad
HS1992:330610,H0,330610,Dentifrices,False,False,not_primary_strict,not_primary_broad
HS1992:350710,H0,350710,Rennet and concentrates thereof,False,False,not_primary_strict,not_primary_broad
HS1992:380630,H0,380630,Ester gums,False,False,not_primary_strict,not_primary_broad
HS1992:380991,H0,380991,Other :-- Of a kind used in the textile or like industries,False,False,not_primary_strict,not_primary_broad
HS1992:391520,H0,391520,Of polymers of styrene,False,False,not_primary_strict,not_primary_broad
HS1992:400920,H0,400920,"Reinforced or otherwise combined only with metal, without fittings",False,False,not_primary_strict,not_primary_broad
HS1992:401191,H0,401191,Other :-- Having a 'herring-bone' or similar tread,False,False,not_primary_strict,not_primary_broad
HS1992:401694,H0,401694,"Other :-- Boat or dock fenders, whether or not inflatable",False,False,not_primary_strict,not_primary_broad
HS1992:430220,H0,430220,"Heads, tails, paws and other pieces or cuttings, not assembled",False,False,not_primary_strict,not_primary_broad
HS1992:441139,H0,441139,Fibreboard of a density exceeding 0.35 g/cm3 but not exceeding 0.5 g/cm3 :-- Other,False,False,not_primary_strict,not_primary_broad
HS1992:450490,H0,450490,Other,False,False,not_primary_strict,not_primary_broad
HS1992:481500,H0,481500,"Floor coverings on a base of paper or of paperboard, whether or not cut to size.",False,False,not_primary_strict,not_primary_broad
HS1992:520210,H0,520210,Yarn waste (including thread waste),True,True,strict_raw_textile_fibers,strict_raw_textile_fibers
HS1992:520919,H0,520919,Unbleached :-- Other fabrics,False,False,not_primary_strict,not_primary_broad
HS1992:521032,H0,521032,"Dyed :-- 3-thread or 4-thread twill, including cross twill",False,False,not_primary_strict,not_primary_broad
HS1992:521052,H0,521052,"Printed :-- 3-thread or 4-thread twill, including cross twill",False,False,not_primary_strict,not_primary_broad
HS1992:530610,H0,530610,Single,False,False,not_primary_strict,not_primary_broad
HS1992:530919,H0,530919,Containing 85 % or more by weight of flax :-- Other,False,False,not_primary_strict,not_primary_broad
HS1992:540259,H0,540259,"Other yarn, single, with a twist exceeding 50 turns per metre :-- Other",False,False,not_primary_strict,not_primary_broad
HS1992:540320,H0,540320,Textured yarn,False,False,not_primary_strict,not_primary_broad
HS1992:540349,H0,540349,"Other yarn, multiple (folded) or cabled :-- Other",False,False,not_primary_strict,not_primary_broad
HS1992:540742,H0,540742,"Other woven fabrics, containing 85 % or more by weight of filaments of nylon or other polyamides :-- Dyed",False,False,not_primary_strict,not_primary_broad
HS1992:551319,H0,551319,Unbleached or bleached :-- Other woven fabrics,False,False,not_primary_strict,not_primary_broad
HS1992:551321,H0,551321,"Dyed :-- Of polyester staple fibres, plain weave",False,False,not_primary_strict,not_primary_broad
HS1992:551611,H0,551611,Containing 85 % or more by weight of artificial staple fibres :-- Unbleached or bleached,False,False,not_primary_strict,not_primary_broad
HS1992:560290,H0,560290,Other,False,False,not_primary_strict,not_primary_broad
HS1992:591110,H0,591110,"Textile fabrics, felt and felt-lined woven fabrics, coated, covered or laminated with rubber, leather or other material, of a kind used for card clothing, and similar fabrics of a kind used for other technical purposes, including narr",False,False,not_primary_strict,not_primary_broad
HS1992:630292,H0,630292,Other :-- Of flax,False,False,not_primary_strict,not_primary_broad
HS1992:630319,H0,630319,Knitted or crocheted :-- Of other textile materials,False,False,not_primary_strict,not_primary_broad
HS1992:660310,H0,660310,Handles and knobs,False,False,not_primary_strict,not_primary_broad
HS1992:660320,H0,660320,"Umbrella frames, including frames mounted on shafts (sticks)",False,False,not_primary_strict,not_primary_broad
HS1992:660390,H0,660390,Other,False,False,not_primary_strict,not_primary_broad
HS1992:680911,H0,680911,"Boards, sheets, panels, tiles and similar articles, not ornamented :-- Faced or reinforced with paper or paperboard only",False,False,not_primary_strict,not_primary_broad
HS1992:700220,H0,700220,Rods,False,False,not_primary_strict,not_primary_broad
HS1992:700719,H0,700719,Toughened (tempered) safety glass :-- Other,False,False,not_primary_strict,not_primary_broad
HS1992:720250,H0,720250,Ferro-silico-chromium,False,True,not_primary_strict,broad_first_stage_metals_scrap
HS1992:720932,H0,720932,"Cold rolled iron or non-alloy steel, flat, w >600mm, t 1-3mm, 355 mpa",False,False,not_primary_strict,not_primary_broad
HS1992:720942,H0,720942,"Cold rolled iron or non-alloy steel, flat, width >600mm, t 1-3mm, nes",False,False,not_primary_strict,not_primary_broad
HS1992:721914,H0,721914,"Not further worked than hot-rolled, in coils :-- Of a thickness of less than 3 mm",False,False,not_primary_strict,not_primary_broad
HS1992:730722,H0,730722,"Other, of stainless steel :-- Threaded elbows, bends and sleeves",False,False,not_primary_strict,not_primary_broad
HS1992:730792,H0,730792,"Other :-- Threaded elbows, bends and sleeves",False,False,not_primary_strict,not_primary_broad
HS1992:732394,H0,732394,"Other :-- Of iron (other than cast iron) or steel, enamelled",False,False,not_primary_strict,not_primary_broad
HS1992:740990,H0,740990,Of other copper alloys,False,False,not_primary_strict,not_primary_broad
HS1992:741110,H0,741110,Of refined copper,False,False,not_primary_strict,not_primary_broad
HS1992:810590,H0,810590,Other,False,False,not_primary_strict,not_primary_broad
HS1992:820530,H0,820530,"Planes, chisels, gouges and similar cutting tools for working wood",False,False,not_primary_strict,not_primary_broad
HS1992:830790,H0,830790,Of other base metal,False,False,not_primary_strict,not_primary_broad
HS1992:840219,H0,840219,"Steam or other vapour generating boilers :-- Other vapour generating boilers, including hybrid boilers",False,False,not_primary_strict,not_primary_broad
HS1992:840590,H0,840590,Parts,False,False,not_primary_strict,not_primary_broad
HS1992:841280,H0,841280,Other,False,False,not_primary_strict,not_primary_broad
HS1992:841290,H0,841290,Parts,False,False,not_primary_strict,not_primary_broad
HS1992:842860,H0,842860,"Teleferics, chair-lifts, ski-draglines; traction mechanisms for funiculars",False,False,not_primary_strict,not_primary_broad
HS1992:843410,H0,843410,Milking machines,False,False,not_primary_strict,not_primary_broad
HS1992:845521,H0,845521,Other rolling mills :-- Hot or combination hot and cold,False,False,not_primary_strict,not_primary_broad
HS1992:845690,H0,845690,Electro-chem/electron beam/plasma arc/etc machine too,False,False,not_primary_strict,not_primary_broad
HS1992:846921,H0,846921,"Typewriters, electric, > 12 kg, non-automatic",False,False,not_primary_strict,not_primary_broad
HS1992:846929,H0,846929,"Typewriters, electric, < 12 kg, non-automatic",False,False,not_primary_strict,not_primary_broad
HS1992:846931,H0,846931,"Typewriters, non-electric, > 12 kg",False,False,not_primary_strict,not_primary_broad
HS1992:846939,H0,846939,"Typewriters, non-electric < 12 kg",False,False,not_primary_strict,not_primary_broad
HS1992:847210,H0,847210,Duplicating machines,False,False,not_primary_strict,not_primary_broad
HS1992:848071,H0,848071,Moulds for rubber or plastics :-- Injection or compression types,False,False,not_primary_strict,not_primary_broad
HS1992:848240,H0,848240,Needle roller bearings,False,False,not_primary_strict,not_primary_broad
HS1992:848360,H0,848360,Clutches and shaft couplings (including universal joints),False,False,not_primary_strict,not_primary_broad
HS1992:851020,H0,851020,Hair clippers,False,False,not_primary_strict,not_primary_broad
HS1992:851490,H0,851490,Parts,False,False,not_primary_strict,not_primary_broad
HS1992:851531,H0,851531,Machines and apparatus for arc (including plasma arc) welding of metals :-- Fully or partly automatic,False,False,not_primary_strict,not_primary_broad
HS1992:851821,H0,851821,"Loudspeakers, whether or not mounted in their enclosures :-- Single loudspeakers, mounted in their enclosures",False,False,not_primary_strict,not_primary_broad
HS1992:852719,H0,852719,"Radio-broadcast receivers capable of operating without an external source of power, including apparatus capable of receiving also radio-telephony or radio-telegraphy :-- Other",False,False,not_primary_strict,not_primary_broad
HS1992:853931,H0,853931,"Discharge lamps, other than ultra-violet lamps :-- Fluorescent, hot cathode",False,False,not_primary_strict,not_primary_broad
HS1992:854610,H0,854610,Of glass,False,False,not_primary_strict,not_primary_broad
HS1992:860500,H0,860500,"Railway or tramway passenger coaches, not self-propelled; luggage vans, post office coaches and other special purpose railway or tramway coaches, not self-propelled (excluding those of heading No. 86.04).",False,False,not_primary_strict,not_primary_broad
HS1992:901030,H0,901030,Projection screens,False,False,not_primary_strict,not_primary_broad
HS1992:901190,H0,901190,Parts and accessories,False,False,not_primary_strict,not_primary_broad
HS1992:901490,H0,901490,Parts and accessories,False,False,not_primary_strict,not_primary_broad
HS1992:902111,H0,902111,Artificial joints and other orthopaedic or fracture appliances :-- Artificial joints,False,False,not_primary_strict,not_primary_broad
HS1992:902230,H0,902230,X-ray tubes,False,False,not_primary_strict,not_primary_broad
HS1992:903031,H0,903031,"Other instruments and apparatus, for measuring or checking voltage, current, resistance or power, without a recording device :-- Multimeters",False,False,not_primary_strict,not_primary_broad
HS1992:903120,H0,903120,Test benches,False,False,not_primary_strict,not_primary_broad
HS1992:903130,H0,903130,Profile projectors,False,False,not_primary_strict,not_primary_broad
HS1992:910111,H0,910111,"Wrist-watches, electrically operated, whether or not incorporating a stop-watch facility :-- With mechanical display only",False,False,not_primary_strict,not_primary_broad
HS1992:910219,H0,910219,"Wrist-watches, electrically operated, whether or not incorporating a stop-watch facility :-- Other",False,False,not_primary_strict,not_primary_broad
HS1992:910620,H0,910620,Parking meters,False,False,not_primary_strict,not_primary_broad
HS1992:910690,H0,910690,Other,False,False,not_primary_strict,not_primary_broad
HS1992:920890,H0,920890,Other,False,False,not_primary_strict,not_primary_broad
HS1992:930610,H0,930610,Cartridges for riveting or similar tools or for captive-bolt humane killers and parts thereof,False,False,not_primary_strict,not_primary_broad
HS1992:940592,H0,940592,Parts :-- Of plastics,False,False,not_primary_strict,not_primary_broad
HS1992:960329,H0,960329,"Tooth brushes, shaving brushes, hair brushes, nail brushes, eyelash brushes and other toilet brushes for use on the person, including such brushes constituting parts of appliances :-- Other",False,False,not_primary_strict,not_primary_broad
HS1992:961511,H0,961511,"Combs, hair-slides and the like :-- Of hard rubber or plastics",False,False,not_primary_strict,not_primary_broad
HS1992:030332,H0,030332,"Flat fish (Pleuronectidae, Bothidae, Cynoglossidae, Soleidae,Scophthalmidae and Citharidae), excluding livers and roes :-- Plaice (Pleuronectes platessa)",True,True,strict_hs01_10_12_14_raw_agriculture,strict_hs01_10_12_14_raw_agriculture
HS1992:030374,H0,030374,"Other fish, excluding livers and roes :-- Mackerel (Scomber scombrus, Scomber australasicus, Scomber japonicus)",True,True,strict_hs01_10_12_14_raw_agriculture,strict_hs01_10_12_14_raw_agriculture
HS1992:040221,H0,040221,"In powder, granules or other solid forms, of a fat content, by weight, exceeding 1.5 % :-- Not containing added sugar or other sweetening matter",True,True,strict_hs01_10_12_14_raw_agriculture,strict_hs01_10_12_14_raw_agriculture
HS1992:050300,H0,050300,"Horsehair and horsehair waste, whether or not put up as a layer with or without supporting material.",True,True,strict_hs01_10_12_14_raw_agriculture,strict_hs01_10_12_14_raw_agriculture
HS1992:050900,H0,050900,Natural sponges of animal origin.,True,True,strict_hs01_10_12_14_raw_agriculture,strict_hs01_10_12_14_raw_agriculture
HS1992:051199,H0,051199,Other,True,True,strict_hs01_10_12_14_raw_agriculture,strict_hs01_10_12_14_raw_agriculture
HS1992:071040,H0,071040,Sweet corn,True,True,strict_hs01_10_12_14_raw_agriculture,strict_hs01_10_12_14_raw_agriculture
HS1992:081020,H0,081020,"Raspberries, blackberries, mulberries and loganberries",True,True,strict_hs01_10_12_14_raw_agriculture,strict_hs01_10_12_14_raw_agriculture
HS1992:110510,H0,110510,"Flour, meal and powder",False,True,not_primary_strict,broad_first_stage_food_inputs_hs11_15_23
HS1992:110819,H0,110819,Starches :-- Other starches,False,True,not_primary_strict,broad_first_stage_food_inputs_hs11_15_23
HS1992:120740,H0,120740,Sesamum seeds,True,True,strict_hs01_10_12_14_raw_agriculture,strict_hs01_10_12_14_raw_agriculture
HS1992:120921,H0,120921,"Seeds of forage plants, other than beet seed :-- Lucerne (alfalfa) seed",True,True,strict_hs01_10_12_14_raw_agriculture,strict_hs01_10_12_14_raw_agriculture
HS1992:120926,H0,120926,"Seeds of forage plants, other than beet seed :-- Timothy grass seed",True,True,strict_hs01_10_12_14_raw_agriculture,strict_hs01_10_12_14_raw_agriculture
HS1992:121220,H0,121220,Seaweeds and other algae,True,True,strict_hs01_10_12_14_raw_agriculture,strict_hs01_10_12_14_raw_agriculture
HS1992:151540,H0,151540,Tung oil and its fractions,False,True,not_primary_strict,broad_first_stage_food_inputs_hs11_15_23
HS1992:230500,H0,230500,"Oil-cake and other solid residues, whether or not ground or in the form of pellets, resulting from the extraction of ground-nut oil.",False,True,not_primary_strict,broad_first_stage_food_inputs_hs11_15_23
HS1992:250860,H0,250860,Mullite,True,True,strict_minerals_ores_hs25_26,strict_minerals_ores_hs25_26
HS1992:251830,H0,251830,Agglomerated dolomite (including tarred dolomite),True,True,strict_minerals_ores_hs25_26,strict_minerals_ores_hs25_26
HS1992:252910,H0,252910,Felspar,True,True,strict_minerals_ores_hs25_26,strict_minerals_ores_hs25_26
HS1992:280620,H0,280620,Chlorosulphuric acid,False,False,not_primary_strict,not_primary_broad
HS1992:283020,H0,283020,Zinc sulphide,False,False,not_primary_strict,not_primary_broad
HS1992:283090,H0,283090,Other,False,False,not_primary_strict,not_primary_broad
HS1992:283610,H0,283610,Commercial ammonium carbonate and other ammonium carbonates,False,False,not_primary_strict,not_primary_broad
HS1992:283670,H0,283670,Lead carbonate,False,False,not_primary_strict,not_primary_broad
HS1992:290312,H0,290312,Saturated chlorinated derivatives of acyclic hydrocarbons:-- Dichloromethane (methylene chloride),False,False,not_primary_strict,not_primary_broad
HS1992:290512,H0,290512,Saturated monohydric alcohols:-- Propan-1-ol (propyl alcohol) and propan-2-ol (isopropyl alcohol),False,False,not_primary_strict,not_primary_broad
HS1992:291620,H0,291620,"Cyclanic, cyclenic or cycloterpenic monocarboxylic acids, their anhydrides, halides, peroxides, peroxyacids and their derivatives",False,False,not_primary_strict,not_primary_broad
HS1992:291631,H0,291631,"Aromatic monocarboxylic acids, their anhydrides, halides, peroxides, peroxyacids and their derivatives :-- Benzoic acid, its salts and esters",False,False,not_primary_strict,not_primary_broad
HS1992:293610,H0,293610,"Provitamins, unmixed",False,False,not_primary_strict,not_primary_broad
HS1992:293690,H0,293690,"Other, including natural concentrates",False,False,not_primary_strict,not_primary_broad
HS1992:300431,H0,300431,Containing hormones or other products of heading No 29.37 but not containing antibiotics :-- Containing insulin,False,False,not_primary_strict,not_primary_broad
HS1992:300432,H0,300432,Containing hormones or other products of heading No 29.37 but not containing antibiotics :-- Containing adrenal cortical hormones,False,False,not_primary_strict,not_primary_broad
HS1992:330690,H0,330690,Other,False,False,not_primary_strict,not_primary_broad
HS1992:381300,H0,381300,Preparations and charges for fire-extinguishers; charged fire-extinguishing grenades.,False,False,not_primary_strict,not_primary_broad
HS1992:390610,H0,390610,Polymethyl methacrylate,False,False,not_primary_strict,not_primary_broad
HS1992:390710,H0,390710,Polyacetals,False,False,not_primary_strict,not_primary_broad
HS1992:391610,H0,391610,Of polymers of ethylene,False,False,not_primary_strict,not_primary_broad
HS1992:400930,H0,400930,"Reinforced or otherwise combined only with textile materials, without fittings",False,False,not_primary_strict,not_primary_broad
HS1992:401691,H0,401691,Other :-- Floor coverings and mats,False,False,not_primary_strict,not_primary_broad
HS1992:420610,H0,420610,Catgut,False,False,not_primary_strict,not_primary_broad
HS1992:420690,H0,420690,Other,False,False,not_primary_strict,not_primary_broad
HS1992:441850,H0,441850,Shingles and shakes,False,False,not_primary_strict,not_primary_broad
HS1992:480910,H0,480910,Carbon or similar copying papers,False,False,not_primary_strict,not_primary_broad
HS1992:480920,H0,480920,Self-copy paper,False,False,not_primary_strict,not_primary_broad
HS1992:500720,H0,500720,"Other fabrics, containing 85 % or more by weight of silk or of silk waste other than noil silk",False,False,not_primary_strict,not_primary_broad
HS1992:510210,H0,510210,Fine animal hair,True,True,strict_raw_textile_fibers,strict_raw_textile_fibers
HS1992:510510,H0,510510,Carded wool,True,True,strict_raw_textile_fibers,strict_raw_textile_fibers
HS1992:520300,H0,520300,"Cotton, carded or combed.",True,True,strict_raw_textile_fibers,strict_raw_textile_fibers
HS1992:521139,H0,521139,Dyed :-- Other fabrics,False,False,not_primary_strict,not_primary_broad
HS1992:540810,H0,540810,"Woven fabrics obtained from high tenacity yarn, of viscose rayon",False,False,not_primary_strict,not_primary_broad
HS1992:551130,H0,551130,Of artificial staple fibres,False,False,not_primary_strict,not_primary_broad
HS1992:551592,H0,551592,Other woven fabrics :-- Mixed mainly or solely with wool or fine animal hair,False,False,not_primary_strict,not_primary_broad
HS1992:551599,H0,551599,Other woven fabrics :-- Other,False,False,not_primary_strict,not_primary_broad
HS1992:560819,H0,560819,Of man-made textile materials :-- Other,False,False,not_primary_strict,not_primary_broad
HS1992:570241,H0,570241,"Other, of pile construction, made up :-- Of wool or fine animal hair",False,False,not_primary_strict,not_primary_broad
HS1992:580810,H0,580810,Braids in the piece,False,False,not_primary_strict,not_primary_broad
HS1992:621310,H0,621310,Of silk or silk waste,False,False,not_primary_strict,not_primary_broad
HS1992:630252,H0,630252,Other table linen :-- Of flax,False,False,not_primary_strict,not_primary_broad
HS1992:680690,H0,680690,Other,False,False,not_primary_strict,not_primary_broad
HS1992:681130,H0,681130,"Tubes, pipes and tube or pipe fittings",False,False,not_primary_strict,not_primary_broad
HS1992:700320,H0,700320,Wired sheets,False,False,not_primary_strict,not_primary_broad
HS1992:700330,H0,700330,Profiles,False,False,not_primary_strict,not_primary_broad
HS1992:701931,H0,701931,"Thin sheets (voiles), webs, mats, mattresses, boards and similar nonwoven products :-- Mats",False,False,not_primary_strict,not_primary_broad
HS1992:701939,H0,701939,"Thin sheets (voiles), webs, mats, mattresses, boards and similar nonwoven products :-- Other",False,False,not_primary_strict,not_primary_broad
HS1992:720821,H0,720821,"Hot rolled iron or non-alloy steel, coil,width >600mm, t >10mm, nes",False,False,not_primary_strict,not_primary_broad
HS1992:720834,H0,720834,"Hot rolled iron or non-alloy steel, flat,w >600mm, t 3-4.75mm, 355 mpa",False,False,not_primary_strict,not_primary_broad
HS1992:720844,H0,720844,"Hot rolled iron or non-alloy steel, flat,width >600mm, t 3.0-4.75mm, ne",False,False,not_primary_strict,not_primary_broad
HS1992:720913,H0,720913,"Cold rolled iron or non-alloy steel, coil, w >600mm, t 0.5-<1mm, 275 mp",False,False,not_primary_strict,not_primary_broad
HS1992:720923,H0,720923,"Cold rolled iron or non-alloy steel, coil, width >600mm, t 0.5-1mm, nes",False,False,not_primary_strict,not_primary_broad
HS1992:722012,H0,722012,Not further worked than hot-rolled :-- Of a thickness of less than 4.75 mm,False,False,not_primary_strict,not_primary_broad
HS1992:730519,H0,730519,Line pipe of a kind used for oil or gas pipelines :-- Other,False,False,not_primary_strict,not_primary_broad
HS1992:731419,H0,731419,Woven cloth :-- Other,False,False,not_primary_strict,not_primary_broad
HS1992:731816,H0,731816,Threaded articles :-- Nuts,False,False,not_primary_strict,not_primary_broad
HS1992:731822,H0,731822,Non-threaded articles :-- Other washers,False,False,not_primary_strict,not_primary_broad
HS1992:731823,H0,731823,Non-threaded articles :-- Rivets,False,False,not_primary_strict,not_primary_broad
HS1992:740722,H0,740722,Of copper alloys :-- Of copper-nickel base alloys (cupro-nickel) or copper-nickel-zinc base alloys (nickel silver),False,False,not_primary_strict,not_primary_broad
HS1992:741410,H0,741410,Endless bands of copper wire for machinery,False,False,not_primary_strict,not_primary_broad
HS1992:741490,H0,741490,Other,False,False,not_primary_strict,not_primary_broad
HS1992:750720,H0,750720,Tube or pipe fittings,False,False,not_primary_strict,not_primary_broad
HS1992:761490,H0,761490,Other,False,False,not_primary_strict,not_primary_broad
HS1992:810420,H0,810420,Waste and scrap,False,True,not_primary_strict,broad_unwrought_powder_waste_other_base_metals
HS1992:821420,H0,821420,Manicure or pedicure sets and instruments (including nail files),False,False,not_primary_strict,not_primary_broad
HS1992:840729,H0,840729,Marine propulsion engines :-- Other,False,False,not_primary_strict,not_primary_broad
HS1992:841420,H0,841420,Hand- or foot-operated air pumps,False,False,not_primary_strict,not_primary_broad
HS1992:843319,H0,843319,"Mowers for lawns, parks or sports-grounds :-- Other",False,False,not_primary_strict,not_primary_broad
HS1992:843351,H0,843351,Other harvesting machinery; threshing machinery :-- Combine harvester-threshers,False,False,not_primary_strict,not_primary_broad
HS1992:843590,H0,843590,Parts,False,False,not_primary_strict,not_primary_broad
HS1992:844130,H0,844130,"Machines for making cartons, boxes, cases, tubes, drums or similar containers, other than by moulding",False,False,not_primary_strict,not_primary_broad
HS1992:844190,H0,844190,Parts,False,False,not_primary_strict,not_primary_broad
HS1992:844210,H0,844210,Phototype-setting and composing machines,False,False,not_primary_strict,not_primary_broad
HS1992:844220,H0,844220,"Machinery, apparatus and equipment for type-setting or composing by other processes, with or without founding device",False,False,not_primary_strict,not_primary_broad
HS1992:844312,H0,844312,"Offset printing machinery :- Sheet fed, office type (sheet size not exceeding 22 x 36 cm)",False,False,not_primary_strict,not_primary_broad
HS1992:846039,H0,846039,Sharpening (tool or cutter grinding) machines :-- Other,False,False,not_primary_strict,not_primary_broad
HS1992:846310,H0,846310,"Draw-benches for bars, tubes, profiles, wire or the like",False,False,not_primary_strict,not_primary_broad
HS1992:851310,H0,851310,Lamps,False,False,not_primary_strict,not_primary_broad
HS1992:860729,H0,860729,Brakes and parts thereof :-- Other,False,False,not_primary_strict,not_primary_broad
HS1992:871190,H0,871190,Other,False,False,not_primary_strict,not_primary_broad
HS1992:871390,H0,871390,Other,False,False,not_primary_strict,not_primary_broad
HS1992:900211,H0,900211,"Objective lenses :-- For cameras, projectors or photographic enlargers or reducers",False,False,not_primary_strict,not_primary_broad
HS1992:900653,H0,900653,"Other cameras :-- Other, for roll film of a width of 35 mm",False,False,not_primary_strict,not_primary_broad
HS1992:900699,H0,900699,Parts and accessories :-- Other,False,False,not_primary_strict,not_primary_broad
HS1992:901811,H0,901811,Electro-diagnostic apparatus (including apparatus for functional exploratory examination or for checking physiological parameters) :-- Electro-cardiographs,False,False,not_primary_strict,not_primary_broad
HS1992:902130,H0,902130,Other artificial parts of the body,False,False,not_primary_strict,not_primary_broad
HS1992:902190,H0,902190,Other,False,False,not_primary_strict,not_primary_broad
HS1992:902511,H0,902511,"Thermometers and pyrometers, not combined with other instruments :-- Liquid-filled, for direct reading",False,False,not_primary_strict,not_primary_broad
HS1992:902680,H0,902680,Other instruments or apparatus,False,False,not_primary_strict,not_primary_broad
HS1992:902820,H0,902820,Liquid meters,False,False,not_primary_strict,not_primary_broad
HS1992:910291,H0,910291,Other :-- Electrically operated,False,False,not_primary_strict,not_primary_broad
HS1992:960719,H0,960719,Slide fasteners :-- Other,False,False,not_primary_strict,not_primary_broad
HS1992:961210,H0,961210,Ribbons,False,False,not_primary_strict,not_primary_broad
HS1992:961519,H0,961519,"Combs, hair-slides and the like :-- Other",False,False,not_primary_strict,not_primary_broad
HS1992:970500,H0,970500,"Collections and collectors' pieces of zoological, botanical, mineralogical, anatomical, historical, archaeological, palaeontological, ethnographic or numismatic interest.",False,False,not_primary_strict,not_primary_broad
HS1992:030333,H0,030333,"Flat fish (Pleuronectidae, Bothidae, Cynoglossidae, Soleidae,Scophthalmidae and Citharidae), excluding livers and roes :-- Sole (Solea spp.)",True,True,strict_hs01_10_12_14_raw_agriculture,strict_hs01_10_12_14_raw_agriculture
HS1992:071320,H0,071320,Chickpeas (garbanzos),True,True,strict_hs01_10_12_14_raw_agriculture,strict_hs01_10_12_14_raw_agriculture
HS1992:080440,H0,080440,Avocados,True,True,strict_hs01_10_12_14_raw_agriculture,strict_hs01_10_12_14_raw_agriculture
HS1992:081010,H0,081010,Strawberries,True,True,strict_hs01_10_12_14_raw_agriculture,strict_hs01_10_12_14_raw_agriculture
HS1992:081310,H0,081310,Apricots,True,True,strict_hs01_10_12_14_raw_agriculture,strict_hs01_10_12_14_raw_agriculture
HS1992:090140,H0,090140,Coffee substitutes containing coffee,True,True,strict_hs01_10_12_14_raw_agriculture,strict_hs01_10_12_14_raw_agriculture
HS1992:090240,H0,090240,Other black tea (fermented) and other partly fermented tea,True,True,strict_hs01_10_12_14_raw_agriculture,strict_hs01_10_12_14_raw_agriculture
HS1992:090920,H0,090920,Seeds of coriander,True,True,strict_hs01_10_12_14_raw_agriculture,strict_hs01_10_12_14_raw_agriculture
HS1992:090940,H0,090940,Seeds of caraway,True,True,strict_hs01_10_12_14_raw_agriculture,strict_hs01_10_12_14_raw_agriculture
HS1992:110710,H0,110710,Not roasted,False,True,not_primary_strict,broad_first_stage_food_inputs_hs11_15_23
HS1992:120930,H0,120930,Seeds of herbaceous plants cultivated principally for their flowers,True,True,strict_hs01_10_12_14_raw_agriculture,strict_hs01_10_12_14_raw_agriculture
HS1992:151190,H0,151190,Other,False,True,not_primary_strict,broad_first_stage_food_inputs_hs11_15_23
HS1992:160540,H0,160540,Other crustaceans,False,False,not_primary_strict,not_primary_broad
HS1992:190120,H0,190120,Mixes and doughs for the preparation of bakers' wares of heading No. 19.05,False,False,not_primary_strict,not_primary_broad
HS1992:220430,H0,220430,Other grape must,False,False,not_primary_strict,not_primary_broad
HS1992:260120,H0,260120,Roasted iron pyrites,True,True,strict_minerals_ores_hs25_26,strict_minerals_ores_hs25_26
HS1992:280110,H0,280110,Chlorine,False,False,not_primary_strict,not_primary_broad
HS1992:291512,H0,291512,"Formic acid, its salts and esters :-- Salts of formic acid",False,False,not_primary_strict,not_primary_broad
HS1992:293010,H0,293010,Dithiocarbonates (xanthates),False,False,not_primary_strict,not_primary_broad
HS1992:293090,H0,293090,Other,False,False,not_primary_strict,not_primary_broad
HS1992:293351,H0,293351,Compounds containing a pyrimidine ring (whether or not hydrogenated) or piperazine ring in the structure :-- Malonylurea (barbituric acid) and its derivatives; salts thereof,False,False,not_primary_strict,not_primary_broad
HS1992:320419,H0,320419,"Synthetic organic colouring matter and preparations based thereon as specified in Note 3 to this Chapter :-- Other, including mixtures of colouring matter of two or more of the subheadings Nos. 3204.11 to 3204.19",False,False,not_primary_strict,not_primary_broad
HS1992:320720,H0,320720,"Vitrifiable enamels and glazes, engobes (slips) and similar preparations",False,False,not_primary_strict,not_primary_broad
HS1992:370239,H0,370239,"Other film, without perforations, of a width not exceeding 105 mm :-- Other",False,False,not_primary_strict,not_primary_broad
HS1992:390920,H0,390920,Melamine resins,False,False,not_primary_strict,not_primary_broad
HS1992:392062,H0,392062,"Of polycarbonates, alkyd resins, polyallyl esters or other polyesters :-- Of polyethylene terephthalate",False,False,not_primary_strict,not_primary_broad
HS1992:392091,H0,392091,Of other plastics :-- Of polyvinyl butyral,False,False,not_primary_strict,not_primary_broad
HS1992:400510,H0,400510,Compounded with carbon black or silica,False,False,not_primary_strict,not_primary_broad
HS1992:430212,H0,430212,"Whole skins, with or without head, tail or paws, not assembled :-- Of rabbit or hare",False,False,not_primary_strict,not_primary_broad
HS1992:430213,H0,430213,"Whole skins, with or without head, tail or paws, not assembled :-- Of lamb, the following : Astrakhan, Broadtail, Caracul, Persian and similar lamb, Indian, Chinese, Mongolian or Tibetan lamb",False,False,not_primary_strict,not_primary_broad
HS1992:430219,H0,430219,"Whole skins, with or without head, tail or paws, not assembled :-- Other",False,False,not_primary_strict,not_primary_broad
HS1992:441291,H0,441291,"Panels, 1 outer ply conifer wood,1 ply particle board",False,False,not_primary_strict,not_primary_broad
HS1992:470321,H0,470321,Semi-bleached or bleached :-- Coniferous,False,True,not_primary_strict,broad_processed_wood_pulp_waste
HS1992:470693,H0,470693,Other :-- Semi-chemical,False,True,not_primary_strict,broad_processed_wood_pulp_waste
HS1992:481140,H0,481140,"Paper and paperboard, coated, impregnated or covered with wax, paraffin wax, stearin, oil or glycerol",False,False,not_primary_strict,not_primary_broad
HS1992:481320,H0,481320,In rolls of a width not exceeding 5 cm,False,False,not_primary_strict,not_primary_broad
HS1992:510320,H0,510320,Other waste of wool or of fine animal hair,True,True,strict_raw_textile_fibers,strict_raw_textile_fibers
HS1992:511230,H0,511230,"Other, mixed mainly or solely with man-made staple fibres",False,False,not_primary_strict,not_primary_broad
HS1992:521039,H0,521039,Dyed :-- Other fabrics,False,False,not_primary_strict,not_primary_broad
HS1992:521121,H0,521121,Bleached :-- Plain weave,False,False,not_primary_strict,not_primary_broad
HS1992:521122,H0,521122,"Bleached :-- 3-thread or 4-thread twill, including cross twill",False,False,not_primary_strict,not_primary_broad
HS1992:521129,H0,521129,Bleached :-- Other fabrics,False,False,not_primary_strict,not_primary_broad
HS1992:540342,H0,540342,"Other yarn, multiple (folded) or cabled :-- Of cellulose acetate",False,False,not_primary_strict,not_primary_broad
HS1992:540741,H0,540741,"Other woven fabrics, containing 85 % or more by weight of filaments of nylon or other polyamides :-- Unbleached or bleached",False,False,not_primary_strict,not_primary_broad
HS1992:540744,H0,540744,"Other woven fabrics, containing 85 % or more by weight of filaments of nylon or other polyamides :-- Printed",False,False,not_primary_strict,not_primary_broad
HS1992:540753,H0,540753,"Other woven fabrics, containing 85 % or more by weight of textured polyester filaments :-- Of yarns of different colours",False,False,not_primary_strict,not_primary_broad
HS1992:540782,H0,540782,"Other woven fabrics, containing less than 85 % by weight of synthetic filaments, mixed mainly or solely with cotton :-- Dyed",False,False,not_primary_strict,not_primary_broad
HS1992:540822,H0,540822,"Other woven fabrics, containing 85 % or more by weight of artificial filament or strip or the like :-- Dyed",False,False,not_primary_strict,not_primary_broad
HS1992:550630,H0,550630,Acrylic or modacrylic,False,False,not_primary_strict,not_primary_broad
HS1992:551329,H0,551329,Dyed :-- Other woven fabrics,False,False,not_primary_strict,not_primary_broad
HS1992:551422,H0,551422,"Dyed :-- 3-thread or 4-thread twill, including cross twill, of polyester staple fibres",False,False,not_primary_strict,not_primary_broad
HS1992:551429,H0,551429,Dyed :-- Other woven fabrics,False,False,not_primary_strict,not_primary_broad
HS1992:551513,H0,551513,Of polyester staple fibres :-- Mixed mainly or solely with wool or fine animal hair,False,False,not_primary_strict,not_primary_broad
HS1992:560229,H0,560229,"Other felt, not impregnated, coated, covered or laminated :-- Of other textile materials",False,False,not_primary_strict,not_primary_broad
HS1992:590699,H0,590699,Other,False,False,not_primary_strict,not_primary_broad
HS1992:681591,H0,681591,"Other articles :-- Containing magnesite, dolomite or chromite",False,False,not_primary_strict,not_primary_broad
HS1992:710812,H0,710812,Non-monetary :-- Other unwrought forms,True,True,strict_raw_precious_stones_metals,strict_raw_precious_stones_metals
HS1992:720835,H0,720835,"Hot rolled iron or non-alloy steel, flat,w >600mm, t <3mm, myp 275 mpa",False,False,not_primary_strict,not_primary_broad
HS1992:720845,H0,720845,"Hot rolled iron or non-alloy steel, flat,width >600mm, t <3mm, nes",False,False,not_primary_strict,not_primary_broad
HS1992:721012,H0,721012,Plated or coated with tin :-- Of a thickness of less than 0.5 mm,False,False,not_primary_strict,not_primary_broad
HS1992:721430,H0,721430,"Other, of free-cutting steel",False,False,not_primary_strict,not_primary_broad
HS1992:722090,H0,722090,Other,False,False,not_primary_strict,not_primary_broad
HS1992:722410,H0,722410,Ingots and other primary forms,False,False,not_primary_strict,not_primary_broad
HS1992:730531,H0,730531,"Other, welded :-- Longitudinally welded",False,False,not_primary_strict,not_primary_broad
HS1992:731824,H0,731824,Non-threaded articles :-- Cotters and cotter-pins,False,False,not_primary_strict,not_primary_broad
HS1992:732112,H0,732112,Cooking appliances and plate warmers :-- For liquid fuel,False,False,not_primary_strict,not_primary_broad
HS1992:750120,H0,750120,Nickel oxide sinters and other intermediate products of nickel metallurgy,False,True,not_primary_strict,broad_first_stage_metals_scrap
HS1992:780420,H0,780420,Powders and flakes,False,False,not_primary_strict,not_primary_broad
HS1992:820580,H0,820580,Anvils; portable forges; hand or pedal-operated grinding wheels with frameworks,False,False,not_primary_strict,not_primary_broad
HS1992:830510,H0,830510,Fittings for loose-leaf binders or files,False,False,not_primary_strict,not_primary_broad
HS1992:830629,H0,830629,Statuettes and other ornaments :-- Other,False,False,not_primary_strict,not_primary_broad
HS1992:841221,H0,841221,Hydraulic power engines and motors :-- Linear acting (cylinders),False,False,not_primary_strict,not_primary_broad
HS1992:841620,H0,841620,"Other furnace burners, including combination burners",False,False,not_primary_strict,not_primary_broad
HS1992:842330,H0,842330,"Constant weight scales and scales for discharging a predetermined weight of material into a bag or container, including hopper scales",False,False,not_primary_strict,not_primary_broad
HS1992:843710,H0,843710,"Machines for cleaning, sorting or grading seed, grain or dried leguminous vegetables",False,False,not_primary_strict,not_primary_broad
HS1992:844321,H0,844321,"Letterpress printing machinery, excluding flexographic printing :-- Reel fed",False,False,not_primary_strict,not_primary_broad
HS1992:844712,H0,844712,Circular knitting machines :-- With cylinder diameter exceeding 165 mm,False,False,not_primary_strict,not_primary_broad
HS1992:845110,H0,845110,Dry-cleaning machines,False,False,not_primary_strict,not_primary_broad
HS1992:845430,H0,845430,Casting machines,False,False,not_primary_strict,not_primary_broad
HS1992:845819,H0,845819,Horizontal lathes :-- Other,False,False,not_primary_strict,not_primary_broad
HS1992:846620,H0,846620,Work holders,False,False,not_primary_strict,not_primary_broad
HS1992:846781,H0,846781,Other tools :-- Chain saws,False,False,not_primary_strict,not_primary_broad
HS1992:846792,H0,846792,Parts :-- Of pneumatic tools,False,False,not_primary_strict,not_primary_broad
HS1992:848299,H0,848299,Parts :-- Other,False,False,not_primary_strict,not_primary_broad
HS1992:848320,H0,848320,"Bearing housings, incorporating ball or roller bearings",False,False,not_primary_strict,not_primary_broad
HS1992:850511,H0,850511,Permanent magnets and articles intended to become permanent magnets after magnetisation :-- Of metal,False,False,not_primary_strict,not_primary_broad
HS1992:851010,H0,851010,Shavers,False,False,not_primary_strict,not_primary_broad
HS1992:851120,H0,851120,Ignition magnetos; magneto-dynamos; magnetic flywheels,False,False,not_primary_strict,not_primary_broad
HS1992:851230,H0,851230,Sound signalling equipment,False,False,not_primary_strict,not_primary_broad
HS1992:851621,H0,851621,Electric space heating apparatus and electric soil heating apparatus :-- Storage heating radiators,False,False,not_primary_strict,not_primary_broad
HS1992:852739,H0,852739,"Other radio-broadcast receivers, including apparatus capable of receiving also radio-telephony or radio-telegraphy :-- Other",False,False,not_primary_strict,not_primary_broad
HS1992:853340,H0,853340,"Other variable resistors, including rheostats and potentiometers",False,False,not_primary_strict,not_primary_broad
HS1992:854310,H0,854310,Particle accelerators,False,False,not_primary_strict,not_primary_broad
HS1992:860730,H0,860730,"Hooks and other coupling devices, buffers, and parts thereof",False,False,not_primary_strict,not_primary_broad
HS1992:870290,H0,870290,Other,False,False,not_primary_strict,not_primary_broad
HS1992:870490,H0,870490,Other,False,False,not_primary_strict,not_primary_broad
HS1992:880230,H0,880230,"Aeroplanes and other aircraft, of an unladen weight exceeding 2,000 kg but not exceeding 15,000 kg",False,False,not_primary_strict,not_primary_broad
HS1992:900219,H0,900219,Objective lenses :-- Other,False,False,not_primary_strict,not_primary_broad
HS1992:900792,H0,900792,Parts and accessories :-- For projectors,False,False,not_primary_strict,not_primary_broad
HS1992:901380,H0,901380,"Other devices, appliances and instruments",False,False,not_primary_strict,not_primary_broad
HS1992:903090,H0,903090,Parts and accessories,False,False,not_primary_strict,not_primary_broad
HS1992:910599,H0,910599,Other,False,False,not_primary_strict,not_primary_broad
HS1992:911290,H0,911290,Parts,False,False,not_primary_strict,not_primary_broad
HS1992:920991,H0,920991,Other :-- Parts and accessories for pianos,False,False,not_primary_strict,not_primary_broad
HS1992:961620,H0,961620,Powder-puffs and pads for the application of cosmetics or toilet preparations,False,False,not_primary_strict,not_primary_broad
HS1992:051191,H0,051191,"Other :- Egg yolks :-- Products of fish or crustaceans, molluscs or other aquatic invertebrates; dead animals of Chapter 3",True,True,strict_hs01_10_12_14_raw_agriculture,strict_hs01_10_12_14_raw_agriculture
HS1992:071340,H0,071340,Lentils,True,True,strict_hs01_10_12_14_raw_agriculture,strict_hs01_10_12_14_raw_agriculture
HS1992:090610,H0,090610,Neither crushed nor ground,True,True,strict_hs01_10_12_14_raw_agriculture,strict_hs01_10_12_14_raw_agriculture
HS1992:100110,H0,100110,Durum wheat,True,True,strict_hs01_10_12_14_raw_agriculture,strict_hs01_10_12_14_raw_agriculture
HS1992:110411,H0,110411,Rolled or flaked grains :-- Of barley,False,True,not_primary_strict,broad_first_stage_food_inputs_hs11_15_23
HS1992:110412,H0,110412,Rolled or flaked grains :-- Of oats,False,True,not_primary_strict,broad_first_stage_food_inputs_hs11_15_23
HS1992:110419,H0,110419,Rolled or flaked grains :-- Of other cereals,False,True,not_primary_strict,broad_first_stage_food_inputs_hs11_15_23
HS1992:110423,H0,110423,"Other worked grains (for example, hulled, pearled, sliced or kibbled) :-- Of maize (corn)",False,True,not_primary_strict,broad_first_stage_food_inputs_hs11_15_23
HS1992:121300,H0,121300,"Cereal straw and husks, unprepared, whether or not chopped, ground, pressed or in the form of pellets.",True,True,strict_hs01_10_12_14_raw_agriculture,strict_hs01_10_12_14_raw_agriculture
HS1992:200320,H0,200320,Truffles,False,False,not_primary_strict,not_primary_broad
HS1992:200811,H0,200811,"Nuts, ground-nuts and other seeds, whether or not mixed together :-- Ground-nuts",False,False,not_primary_strict,not_primary_broad
HS1992:210230,H0,210230,Prepared baking powders,False,False,not_primary_strict,not_primary_broad
HS1992:280519,H0,280519,Alkali metals :-- Other,False,False,not_primary_strict,not_primary_broad
HS1992:280522,H0,280522,Alkaline-earth metals :-- Strontium and barium,False,False,not_primary_strict,not_primary_broad
HS1992:281820,H0,281820,Aluminium oxide; other than artificial corundum,False,False,not_primary_strict,not_primary_broad
HS1992:282110,H0,282110,Iron oxides and hydroxides,False,False,not_primary_strict,not_primary_broad
HS1992:283525,H0,283525,Phosphates:-- Calcium hydrogenorthophosphate ('dicalcium phosphate'),False,False,not_primary_strict,not_primary_broad
HS1992:283620,H0,283620,Disodium carbonate,False,False,not_primary_strict,not_primary_broad
HS1992:290621,H0,290621,Aromatic:-- Benzyl alcohol,False,False,not_primary_strict,not_primary_broad
HS1992:290943,H0,290943,"Ether-alcohols and their halogenated, sulphonated, nitrated or nitrosated derivatives :-- Monobutyl ethers of ethylene glycol or of diethylene glycol",False,False,not_primary_strict,not_primary_broad
HS1992:292241,H0,292241,"Amino-acids and their esters, other than those containing more than one kind of oxygen function; salts thereof :-- Lysine and its esters; salts thereof",False,False,not_primary_strict,not_primary_broad
HS1992:293040,H0,293040,Methionine,False,False,not_primary_strict,not_primary_broad
HS1992:293339,H0,293339,Compounds containing an unfused pyridine ring (whether or not hydrogenated) in the structure :-- Other,False,False,not_primary_strict,not_primary_broad
HS1992:310510,H0,310510,Goods of this Chapter in tablets or similar forms or in packages of a gross weight not exceeding 10 kg,False,False,not_primary_strict,not_primary_broad
HS1992:320630,H0,320630,Pigments and preparations based on cadmium compounds,False,False,not_primary_strict,not_primary_broad
HS1992:320643,H0,320643,Other colouring matter and other preparations :-- Pigments and preparations based on hexacyanoferrates (ferrocyanides and ferricyanides),False,False,not_primary_strict,not_primary_broad
HS1992:320649,H0,320649,Other colouring matter and other preparations :-- Other,False,False,not_primary_strict,not_primary_broad
HS1992:321310,H0,321310,Colours in sets,False,False,not_primary_strict,not_primary_broad
HS1992:340213,H0,340213,"Organic surface-active agents, whether or not put up for retail sale :-- Non-ionic",False,False,not_primary_strict,not_primary_broad
HS1992:390810,H0,390810,"Polyamide-6, -11, -12, -6,6, -6,9, -6,10 or -6,12",False,False,not_primary_strict,not_primary_broad
HS1992:401692,H0,401692,Other :-- Erasers,False,False,not_primary_strict,not_primary_broad
HS1992:481032,H0,481032,"Kraft paper and paperboard...:-- Bleached uniformly throughout the mass and of which more than 95% by weight of the total fibre content consists of wood fibres obtained by a chemical process, and weighing 150 g/m2",False,False,not_primary_strict,not_primary_broad
HS1992:481200,H0,481200,"Filter blocks, slabs and plates, of paper pulp.",False,False,not_primary_strict,not_primary_broad
HS1992:481420,H0,481420,"Wallpaper and similar wall coverings, consisting of paper coated or covered, on the face side, with a grained, embossed, coloured, design-printed or otherwise decorated layer of plastics",False,False,not_primary_strict,not_primary_broad
HS1992:481620,H0,481620,Self-copy paper,False,False,not_primary_strict,not_primary_broad
HS1992:540783,H0,540783,"Other woven fabrics, containing less than 85 % by weight of synthetic filaments, mixed mainly or solely with cotton :-- Of yarns of different colours",False,False,not_primary_strict,not_primary_broad
HS1992:551030,H0,551030,"Other yarn, mixed mainly or solely with cotton",False,False,not_primary_strict,not_primary_broad
HS1992:551624,H0,551624,"Containing less than 85 % by weight of artificial staple fibres, mixed mainly or solely with man-made filaments :-- Printed",False,False,not_primary_strict,not_primary_broad
HS1992:551632,H0,551632,"Containing less than 85 % by weight of artificial staple fibres, mixed mainly or solely with wool or fine animal hair :",False,False,not_primary_strict,not_primary_broad
HS1992:570231,H0,570231,"Other, of pile construction, not made up :-- Of wool or fine animal hair",False,False,not_primary_strict,not_primary_broad
HS1992:570490,H0,570490,Other,False,False,not_primary_strict,not_primary_broad
HS1992:701332,H0,701332,Glassware of a kind used for table (other than drinking glasses) or kitchen purposes other than of glass-,False,False,not_primary_strict,not_primary_broad
HS1992:710700,H0,710700,"Base metals clad with silver, not further worked than semi-manufactured.",False,True,not_primary_strict,broad_precious_metal_semimanufactures_waste
HS1992:711220,H0,711220,"Of platinum, including metal clad with platinum but excluding sweepings containing other precious metals",False,True,not_primary_strict,broad_precious_metal_semimanufactures_waste
HS1992:721922,H0,721922,"Not further worked than hot-rolled, not in coils :-- Of a thickness of 4.75 mm or more but not exceeding 10 mm",False,False,not_primary_strict,not_primary_broad
HS1992:721935,H0,721935,Not further worked than cold-rolled (cold-reduced) :-- Of a thickness of less than 0.5 mm,False,False,not_primary_strict,not_primary_broad
HS1992:830630,H0,830630,"Photograph, picture or similar frames; mirrors",False,False,not_primary_strict,not_primary_broad
HS1992:841920,H0,841920,"Medical, surgical or laboratory sterilisers",False,False,not_primary_strict,not_primary_broad
HS1992:844250,H0,844250,"Printing type, blocks, plates, cylinders and other printing components; blocks, plates, cylinders and lithographic stones, prepared for printing purposes (for example, planed, grained or polished)",False,False,not_primary_strict,not_primary_broad
HS1992:845910,H0,845910,Way-type unit head machines,False,False,not_primary_strict,not_primary_broad
HS1992:850519,H0,850519,Permanent magnets and articles intended to become permanent magnets after magnetisation :-- Other,False,False,not_primary_strict,not_primary_broad
HS1992:850520,H0,850520,"Electro-magnetic couplings, clutches and brakes",False,False,not_primary_strict,not_primary_broad
HS1992:850530,H0,850530,Electro-magnetic lifting heads,False,False,not_primary_strict,not_primary_broad
HS1992:853910,H0,853910,Sealed beam lamp units,False,False,not_primary_strict,not_primary_broad
HS1992:854720,H0,854720,Insulating fittings of plastics,False,False,not_primary_strict,not_primary_broad
HS1992:870390,H0,870390,Other,False,False,not_primary_strict,not_primary_broad
HS1992:871000,H0,871000,"Tanks and other armoured fighting vehicles, motorised, whether or not fitted with weapons, and parts of such vehicles.",False,False,not_primary_strict,not_primary_broad
HS1992:871411,H0,871411,Of motorcycles (including mopeds) :-- Saddles,False,False,not_primary_strict,not_primary_broad
HS1992:871620,H0,871620,Self-loading or self-unloading trailers and semi-trailers for agricultural purposes,False,False,not_primary_strict,not_primary_broad
HS1992:890400,H0,890400,Tugs and pusher craft.,False,False,not_primary_strict,not_primary_broad
HS1992:900290,H0,900290,Other,False,False,not_primary_strict,not_primary_broad
HS1992:900721,H0,900721,Cinematographic projectors for film of <16 mm width,False,False,not_primary_strict,not_primary_broad
HS1992:900729,H0,900729,Cinematographic projectors for film of >16 mm width,False,False,not_primary_strict,not_primary_broad
HS1992:901730,H0,901730,"Micrometers, callipers and gauges",False,False,not_primary_strict,not_primary_broad
HS1992:902590,H0,902590,Parts and accessories,False,False,not_primary_strict,not_primary_broad
HS1992:902810,H0,902810,Gas meters,False,False,not_primary_strict,not_primary_broad
HS1992:903020,H0,903020,Cathode-ray oscilloscopes and cathode-ray oscillographs,False,False,not_primary_strict,not_primary_broad
HS1992:903281,H0,903281,Hydraulic or pneumatic,False,False,not_primary_strict,not_primary_broad
HS1992:960831,H0,960831,"Fountain pens, stylograph pens and other pens :-- Indian ink drawing pens",False,False,not_primary_strict,not_primary_broad
HS1992:960990,H0,960990,Other,False,False,not_primary_strict,not_primary_broad
HS1992:130231,H0,130231,"Mucilages and thickeners, whether or not modified, derived from vegetable products :-- Agar-agar",True,True,strict_hs01_10_12_14_raw_agriculture,strict_hs01_10_12_14_raw_agriculture
HS1992:381590,H0,381590,Other,False,False,not_primary_strict,not_primary_broad
HS1992:540834,H0,540834,Other woven fabrics :-- Printed,False,False,not_primary_strict,not_primary_broad
HS1992:080232,H0,080232,Walnuts :-- Shelled,True,True,strict_hs01_10_12_14_raw_agriculture,strict_hs01_10_12_14_raw_agriculture
HS1992:220720,H0,220720,"Ethyl alcohol and other spirits, denatured, of any strength",False,False,not_primary_strict,not_primary_broad
HS1992:290714,H0,290714,Monophenols :-- Xylenols and their salts,False,False,not_primary_strict,not_primary_broad
HS1992:290719,H0,290719,Monophenols :-- Other,False,False,not_primary_strict,not_primary_broad
HS1992:420321,H0,420321,"Gloves, mittens and mitts :-- Specially designed for use in sports",False,False,not_primary_strict,not_primary_broad
HS1992:701510,H0,701510,Glasses for corrective spectacles,False,False,not_primary_strict,not_primary_broad
HS1992:721934,H0,721934,Not further worked than cold-rolled (cold-reduced) :-- Of a thickness of 0.5 mm or more but not exceeding 1 mm,False,False,not_primary_strict,not_primary_broad
HS1992:820130,H0,820130,"Mattocks, picks, hoes and rakes",False,False,not_primary_strict,not_primary_broad
HS1992:841630,H0,841630,"Mechanical stokers, including their mechanical grates, mechanical ash dischargers and similar appliances",False,False,not_primary_strict,not_primary_broad
HS1992:854790,H0,854790,Other,False,False,not_primary_strict,not_primary_broad
HS1992:871491,H0,871491,"Other :-- Frames and forks, and parts thereof",False,False,not_primary_strict,not_primary_broad
HS1992:140210,H0,140210,Kapok,True,True,strict_hs01_10_12_14_raw_agriculture,strict_hs01_10_12_14_raw_agriculture
HS1992:140291,H0,140291,Vegetable hair used as stuffing or padding,True,True,strict_hs01_10_12_14_raw_agriculture,strict_hs01_10_12_14_raw_agriculture
HS1992:140299,H0,140299,Vegetable material nes used as stuffing,True,True,strict_hs01_10_12_14_raw_agriculture,strict_hs01_10_12_14_raw_agriculture
HS1992:140410,H0,140410,Raw vegetable materials of a kind used primarily in dyeing or tanning,True,True,strict_hs01_10_12_14_raw_agriculture,strict_hs01_10_12_14_raw_agriculture
HS1992:140490,H0,140490,Other,True,True,strict_hs01_10_12_14_raw_agriculture,strict_hs01_10_12_14_raw_agriculture
HS1992:284810,H0,284810,Phosphides of copper containing > 15% phosphorous,False,False,not_primary_strict,not_primary_broad
HS1992:284890,H0,284890,Phosphides of other metals or of non-metals,False,False,not_primary_strict,not_primary_broad
HS1992:630621,H0,630621,Tents :-- Of cotton,False,False,not_primary_strict,not_primary_broad
HS1992:920290,H0,920290,Other,False,False,not_primary_strict,not_primary_broad
HS1992:041000,H0,041000,"Edible products of animal origin, not elsewhere specified or included.",True,True,strict_hs01_10_12_14_raw_agriculture,strict_hs01_10_12_14_raw_agriculture
HS1992:230250,H0,230250,Of leguminous plants,False,True,not_primary_strict,broad_first_stage_food_inputs_hs11_15_23
HS1992:300190,H0,300190,Other,False,False,not_primary_strict,not_primary_broad
HS1992:340520,H0,340520,"Polishes, creams and similar preparations for the maintenance of wooden furniture, floors or other woodwork",False,False,not_primary_strict,not_primary_broad
HS1992:380130,H0,380130,Carbonaceous pastes for electrodes and similar pastes for furnace linings,False,False,not_primary_strict,not_primary_broad
HS1992:400280,H0,400280,Mixtures of any product of heading No. 40.01 with any product of this heading,False,False,not_primary_strict,not_primary_broad
HS1992:540262,H0,540262,"Other yarn, multiple (folded) or cabled :-- Of polyesters",False,False,not_primary_strict,not_primary_broad
HS1992:551442,H0,551442,"Printed :-- 3-thread or 4-thread twill, including cross twill, of polyester staple fibres",False,False,not_primary_strict,not_primary_broad
HS1992:600199,H0,600199,Other :-- Of other textile materials,False,False,not_primary_strict,not_primary_broad
HS1992:670419,H0,670419,Of synthetic textile materials :-- Other,False,False,not_primary_strict,not_primary_broad
HS1992:670490,H0,670490,Of other materials,False,False,not_primary_strict,not_primary_broad
HS1992:700711,H0,700711,"Toughened (tempered) safety glass :-- Of size and shape suitable for incorporation in vehicles, aircraft, spacecraft or vessels",False,False,not_primary_strict,not_primary_broad
HS1992:732392,H0,732392,"Other :-- Of cast iron, enamelled",False,False,not_primary_strict,not_primary_broad
HS1992:845610,H0,845610,Operated by laser or other light or photon beam processes,False,False,not_primary_strict,not_primary_broad
HS1992:900150,H0,900150,Spectacle lenses of other materials,False,False,not_primary_strict,not_primary_broad
HS1992:901390,H0,901390,Parts and accessories,False,False,not_primary_strict,not_primary_broad
HS1992:030223,H0,030223,"Salmonidae, excluding livers and roes :-- Sole (Solea spp.)",True,True,strict_hs01_10_12_14_raw_agriculture,strict_hs01_10_12_14_raw_agriculture
HS1992:030342,H0,030342,"Tunas (of the genus Thunnus), skipjack or stripe-bellied bonito (Euthynnus (Katsuwonus) pelamis), excluding livers and roes :-- Yellowfin tunas (Thunnus albacares)",True,True,strict_hs01_10_12_14_raw_agriculture,strict_hs01_10_12_14_raw_agriculture
HS1992:030612,H0,030612,Frozen :-- Lobsters (Homarus spp.),True,True,strict_hs01_10_12_14_raw_agriculture,strict_hs01_10_12_14_raw_agriculture
HS1992:110290,H0,110290,Other,False,True,not_primary_strict,broad_first_stage_food_inputs_hs11_15_23
HS1992:110311,H0,110311,Groats and meal :-- Of wheat,False,True,not_primary_strict,broad_first_stage_food_inputs_hs11_15_23
HS1992:152010,H0,152010,"Glycerol (glycerine), crude and glycerol waters & lye",False,True,not_primary_strict,broad_first_stage_food_inputs_hs11_15_23
HS1992:152090,H0,152090,"Glycerol (glycerine), nes including synthetic glycero",False,True,not_primary_strict,broad_first_stage_food_inputs_hs11_15_23
HS1992:152200,H0,152200,Degras; residues resulting from the treatment of fatty substances or animal or vegetable waxes.,False,True,not_primary_strict,broad_first_stage_food_inputs_hs11_15_23
HS1992:170310,H0,170310,Cane molasses,False,False,not_primary_strict,not_primary_broad
HS1992:170390,H0,170390,Other,False,False,not_primary_strict,not_primary_broad
HS1992:190240,H0,190240,Couscous,False,False,not_primary_strict,not_primary_broad
HS1992:200560,H0,200560,Asparagus,False,False,not_primary_strict,not_primary_broad
HS1992:200891,H0,200891,"Other, including mixtures other than those of subheading No. 2008.19 :-- Palm hearts",False,False,not_primary_strict,not_primary_broad
HS1992:262011,H0,262011,Containing mainly zinc :-- Hard zinc spelter,True,True,strict_minerals_ores_hs25_26,strict_minerals_ores_hs25_26
HS1992:262019,H0,262019,Containing mainly zinc :-- Other,True,True,strict_minerals_ores_hs25_26,strict_minerals_ores_hs25_26
HS1992:270600,H0,270600,"Tar distilled from coal, from lignite or from peat, and other mineral tars, whether or not dehydrated or partially distilled, including reconstituted tars.",False,True,not_primary_strict,broad_all_fuels_refinery_hs27
HS1992:280300,H0,280300,Carbon (carbon blacks and other forms of carbon not elsewhere specified or included).,False,False,not_primary_strict,not_primary_broad
HS1992:280540,H0,280540,Mercury,False,False,not_primary_strict,not_primary_broad
HS1992:280610,H0,280610,Hydrogen chloride (hydrochloric acid),False,False,not_primary_strict,not_primary_broad
HS1992:281410,H0,281410,Anhydrous ammonia,False,False,not_primary_strict,not_primary_broad
HS1992:281420,H0,281420,Ammonia in aqueous solution,False,False,not_primary_strict,not_primary_broad
HS1992:282738,H0,282738,Other chlorides:-- Of barium,False,False,not_primary_strict,not_primary_broad
HS1992:282759,H0,282759,Bromides and bromide oxides:-- Other,False,False,not_primary_strict,not_primary_broad
HS1992:283329,H0,283329,Other sulphates:-- Other,False,False,not_primary_strict,not_primary_broad
HS1992:283919,H0,283919,Of sodium:-- Other,False,False,not_primary_strict,not_primary_broad
HS1992:290121,H0,290121,Unsaturated:-- Ethylene,False,False,not_primary_strict,not_primary_broad
HS1992:290122,H0,290122,Unsaturated:-- propene (propylene),False,False,not_primary_strict,not_primary_broad
HS1992:290220,H0,290220,Benzene,False,False,not_primary_strict,not_primary_broad
HS1992:290230,H0,290230,Toluene,False,False,not_primary_strict,not_primary_broad
HS1992:290242,H0,290242,Xylenes:-- m-Xylene,False,False,not_primary_strict,not_primary_broad
HS1992:290243,H0,290243,Xylenes:-- p-Xylene,False,False,not_primary_strict,not_primary_broad
HS1992:290511,H0,290511,Saturated monohydric alcohols:-- Methanol (methyl alcohol),False,False,not_primary_strict,not_primary_broad
HS1992:290531,H0,290531,Diols:-- Ethylene glycol (ethanediol),False,False,not_primary_strict,not_primary_broad
HS1992:290711,H0,290711,Monophenols :-- Phenol (hydroxybenzene) and its salts,False,False,not_primary_strict,not_primary_broad
HS1992:290960,H0,290960,"Alcohol peroxides, ether peroxides, ketone peroxides and their halogenated, sulphonated, nitrated or nitrosated derivatives",False,False,not_primary_strict,not_primary_broad
HS1992:291890,H0,291890,Other,False,False,not_primary_strict,not_primary_broad
HS1992:310280,H0,310280,Mixtures of urea and ammonium nitrate in aqueous or ammoniacal solution,False,False,not_primary_strict,not_primary_broad
HS1992:320412,H0,320412,"Synthetic organic colouring matter and preparations based thereon as specified in Note 3 to this Chapter :-- Acid dyes, whether or not premetallised, and preparations based thereon; mordant dyes and preparations based thereon",False,False,not_primary_strict,not_primary_broad
HS1992:321100,H0,321100,Prepared driers.,False,False,not_primary_strict,not_primary_broad
HS1992:330741,H0,330741,"Preparations for perfuming or deodorizing rooms, including odoriferous preparations used during religious rites :-- 'Agarbatti' and other odoriferous preparations which operate by burning",False,False,not_primary_strict,not_primary_broad
HS1992:340311,H0,340311,"Containing petroleum oils or oils obtained from bituminous minerals :-- Preparations for the treatment of textile materials, leather, furskins or other materials",False,False,not_primary_strict,not_primary_broad
HS1992:350110,H0,350110,Casein,False,False,not_primary_strict,not_primary_broad
HS1992:370231,H0,370231,"Other film, without perforations, of a width not exceeding 105 mm :-- For colour photography (polychrome)",False,False,not_primary_strict,not_primary_broad
HS1992:370292,H0,370292,Other :-- Of a width not exceeding 16 mm and of a length exceeding     14 m,False,False,not_primary_strict,not_primary_broad
HS1992:381230,H0,381230,Anti-oxidising preparations and other compound stabilisers for rubber or plastics,False,False,not_primary_strict,not_primary_broad
HS1992:390461,H0,390461,Fluoro-polymers :-- Polytetrafluoroethylene,False,False,not_primary_strict,not_primary_broad
HS1992:390910,H0,390910,Urea resins; thiourea resins,False,False,not_primary_strict,not_primary_broad
HS1992:392071,H0,392071,Of cellulose or its chemical derivatives :-- Of regenerated cellulose,False,False,not_primary_strict,not_primary_broad
HS1992:430190,H0,430190,"Heads, tails, paws and other pieces or cuttings, suitable for furriers' use",True,True,strict_raw_hides_skins_furs,strict_raw_hides_skins_furs
HS1992:450190,H0,450190,Other,True,True,strict_raw_forestry_cork,strict_raw_forestry_cork
HS1992:450200,H0,450200,"Natural cork, debacked or roughly squared, or in rectangular (including square) blocks, plates, sheets or strip, (including sharp-edged blanks for corks or stoppers).",False,False,not_primary_strict,not_primary_broad
HS1992:450310,H0,450310,Corks and stoppers,False,False,not_primary_strict,not_primary_broad
HS1992:480220,H0,480220,"Paper and paperboard of a kind used as a base for photo-sensitive, heat-sensitive or electro-sensitive paper or paperboard",False,False,not_primary_strict,not_primary_broad
HS1992:482210,H0,482210,Of a kind used for winding textile yarn,False,False,not_primary_strict,not_primary_broad
HS1992:520710,H0,520710,Containing 85 % or more by weight of cotton,False,False,not_primary_strict,not_primary_broad
HS1992:540249,H0,540249,"Other yarn, single, untwisted or with a twist not exceeding 50 turns per metre :-- Other",False,False,not_primary_strict,not_primary_broad
HS1992:550320,H0,550320,Of polyesters,False,False,not_primary_strict,not_primary_broad
HS1992:570210,H0,570210,"Kelem, 'Schumacks', 'Karamanie' and similar hand-woven rugs",False,False,not_primary_strict,not_primary_broad
HS1992:570232,H0,570232,"Other, of pile construction, not made up :-- Of man-made textile materials",False,False,not_primary_strict,not_primary_broad
HS1992:580121,H0,580121,Of cotton :-- Uncut weft pile fabrics,False,False,not_primary_strict,not_primary_broad
HS1992:580122,H0,580122,Of cotton :-- Cut corduroy,False,False,not_primary_strict,not_primary_broad
HS1992:580133,H0,580133,Of man-made fibres :-- Other weft pile fabrics,False,False,not_primary_strict,not_primary_broad
HS1992:580220,H0,580220,"Terry towelling and similar woven terry fabrics, of other textile materials",False,False,not_primary_strict,not_primary_broad
HS1992:580640,H0,580640,Fabrics consisting of warp without weft assembled by means of an adhesive (bolducs),False,False,not_primary_strict,not_primary_broad
HS1992:590700,H0,590700,"Textile fabrics otherwise impregnated, coated or covered; painted canvas being theatrical scenery, studio back-cloths or the like.",False,False,not_primary_strict,not_primary_broad
HS1992:681310,H0,681310,Brake linings and pads,False,False,not_primary_strict,not_primary_broad
HS1992:701010,H0,701010,Ampoules,False,False,not_primary_strict,not_primary_broad
HS1992:720712,H0,720712,"Containing by weight less than 0.25 % of carbon :-- Other, of rectangular (other than square) cross-section",False,False,not_primary_strict,not_primary_broad
HS1992:720990,H0,720990,Other,False,False,not_primary_strict,not_primary_broad
HS1992:721060,H0,721060,"Flat rolled iron or non-alloy steel, coated with aluminium, width>600mm",False,False,not_primary_strict,not_primary_broad
HS1992:722610,H0,722610,"Flat rolled silicon-electrical steel, <600mm wide",False,False,not_primary_strict,not_primary_broad
HS1992:730793,H0,730793,Other :-- Butt welding fittings,False,False,not_primary_strict,not_primary_broad
HS1992:731520,H0,731520,Skid chain,False,False,not_primary_strict,not_primary_broad
HS1992:731582,H0,731582,"Other chain :-- Other, welded link",False,False,not_primary_strict,not_primary_broad
HS1992:731821,H0,731821,Non-threaded articles :-- Spring washers and other lock washers,False,False,not_primary_strict,not_primary_broad
HS1992:731910,H0,731910,"Sewing, darning or embroidery needles",False,False,not_primary_strict,not_primary_broad
HS1992:732391,H0,732391,"Other :-- Of cast iron, not enamelled",False,False,not_primary_strict,not_primary_broad
HS1992:741122,H0,741122,Of copper alloys :-- Of copper-nickel base alloys (cupro-nickel) or copper-nickel-zinc base alloys (nickel silver),False,False,not_primary_strict,not_primary_broad
HS1992:800300,H0,800300,"Tin bars, rods, profiles and wire.",False,False,not_primary_strict,not_primary_broad
HS1992:820840,H0,820840,"For agricultural, horticultural or forestry machines",False,False,not_primary_strict,not_primary_broad
HS1992:821191,H0,821191,Other :-- Table knives having fixed blades,False,False,not_primary_strict,not_primary_broad
HS1992:821591,H0,821591,Other :-- Plated with precious metal,False,False,not_primary_strict,not_primary_broad
HS1992:841191,H0,841191,Parts :-- Of turbo-jets or turbo-propellers,False,False,not_primary_strict,not_primary_broad
HS1992:841199,H0,841199,Parts :-- Other,False,False,not_primary_strict,not_primary_broad
HS1992:841911,H0,841911,"Instantaneous or storage water heaters, non-electric :-- Instantaneous gas water heaters",False,False,not_primary_strict,not_primary_broad
HS1992:844090,H0,844090,Parts,False,False,not_primary_strict,not_primary_broad
HS1992:846810,H0,846810,Hand-held blow pipes,False,False,not_primary_strict,not_primary_broad
HS1992:847029,H0,847029,Other electronic calculating machines :-- Other,False,False,not_primary_strict,not_primary_broad
HS1992:847030,H0,847030,Other calculating machines,False,False,not_primary_strict,not_primary_broad
HS1992:848490,H0,848490,Other,False,False,not_primary_strict,not_primary_broad
HS1992:850690,H0,850690,Parts,False,False,not_primary_strict,not_primary_broad
HS1992:851090,H0,851090,Parts,False,False,not_primary_strict,not_primary_broad
HS1992:851110,H0,851110,Sparking plugs,False,False,not_primary_strict,not_primary_broad
HS1992:851150,H0,851150,Other generators,False,False,not_primary_strict,not_primary_broad
HS1992:851991,H0,851991,"Cassette players, non-recording",False,False,not_primary_strict,not_primary_broad
HS1992:852039,H0,852039,Other magnetic tape recorders incorporating sound reproducing apparatus :-- Other,False,False,not_primary_strict,not_primary_broad
HS1992:852311,H0,852311,Magnetic tapes :-- Of a width not exceeding 4 mm,False,False,not_primary_strict,not_primary_broad
HS1992:854011,H0,854011,"Cathode-ray television picture tubes, including video monitor cathode-ray tubes :-- Colour",False,False,not_primary_strict,not_primary_broad
HS1992:854099,H0,854099,Parts :- Other,False,False,not_primary_strict,not_primary_broad
HS1992:854121,H0,854121,"Transistors, other than photosensitive transistors :-- With a dissipation rate of less than 1 W",False,False,not_primary_strict,not_primary_broad
HS1992:854130,H0,854130,"Thyristors, diacs and triacs, other than photosensitive devices",False,False,not_primary_strict,not_primary_broad
HS1992:871493,H0,871493,"Other :-- Hubs, other than coaster braking hubs and hub brakes, and free-wheel sprocket-wheels",False,False,not_primary_strict,not_primary_broad
HS1992:880220,H0,880220,"Aeroplanes and other aircraft, of an unladen weight not exceeding 2,000 kg",False,False,not_primary_strict,not_primary_broad
HS1992:901480,H0,901480,Other instruments and appliances,False,False,not_primary_strict,not_primary_broad
HS1992:902990,H0,902990,Parts and accessories,False,False,not_primary_strict,not_primary_broad
HS1992:910310,H0,910310,Electrically operated,False,False,not_primary_strict,not_primary_broad
HS1992:910591,H0,910591,Other :-- Electrically operated,False,False,not_primary_strict,not_primary_broad
HS1992:910919,H0,910919,Electrically operated :-- Other,False,False,not_primary_strict,not_primary_broad
HS1992:910990,H0,910990,Other,False,False,not_primary_strict,not_primary_broad
HS1992:911310,H0,911310,Of precious metal or of metal clad with precious metal,False,False,not_primary_strict,not_primary_broad
HS1992:920600,H0,920600,"Percussion musical instruments (for example, drums, xylophones, cymbals, castanets, maracas).",False,False,not_primary_strict,not_primary_broad
HS1992:950440,H0,950440,Playing cards,False,False,not_primary_strict,not_primary_broad
HS1992:961610,H0,961610,"Scent sprays and similar toilet sprays, and mounts and heads therefor",False,False,not_primary_strict,not_primary_broad
HS1992:030520,H0,030520,"Livers and roes, dried, smoked, salted or in brine",True,True,strict_hs01_10_12_14_raw_agriculture,strict_hs01_10_12_14_raw_agriculture
HS1992:180310,H0,180310,Not defatted,False,True,not_primary_strict,broad_cocoa_first_stage_hs1803_1805
HS1992:180400,H0,180400,"Cocoa butter, fat and oil.",False,True,not_primary_strict,broad_cocoa_first_stage_hs1803_1805
HS1992:250830,H0,250830,Fire-clay,True,True,strict_minerals_ores_hs25_26,strict_minerals_ores_hs25_26
HS1992:250900,H0,250900,Chalk.,True,True,strict_minerals_ores_hs25_26,strict_minerals_ores_hs25_26
HS1992:283322,H0,283322,Other sulphates:-- Of aluminium,False,False,not_primary_strict,not_primary_broad
HS1992:284510,H0,284510,Heavy water (deuterium oxide),False,False,not_primary_strict,not_primary_broad
HS1992:290410,H0,290410,"Derivatives containing only sulpho groups, their salts and ethyl esters",False,False,not_primary_strict,not_primary_broad
HS1992:291590,H0,291590,Other,False,False,not_primary_strict,not_primary_broad
HS1992:292410,H0,292410,Acyclic amides (including acyclic carbamates) and their derivatives; salts thereof,False,False,not_primary_strict,not_primary_broad
HS1992:320415,H0,320415,Synthetic organic colouring matter and preparations based thereon as specified in Note 3 to this Chapter :-- Vat dyes (including those usable in that state as pigments) and preparations based thereon,False,False,not_primary_strict,not_primary_broad
HS1992:320420,H0,320420,Synthetic organic products of a kind used as fluorescent brightening agents,False,False,not_primary_strict,not_primary_broad
HS1992:381090,H0,381090,Other,False,False,not_primary_strict,not_primary_broad
HS1992:430180,H0,430180,"Other furskins, whole, with or without head, tail or paws",True,True,strict_raw_hides_skins_furs,strict_raw_hides_skins_furs
HS1992:520420,H0,520420,Put up for retail sale,False,False,not_primary_strict,not_primary_broad
HS1992:550932,H0,550932,Containing 85 % or more by weight of acrylic or modacrylic staple fibres :-- Multiple (folded) or cabled yarn,False,False,not_primary_strict,not_primary_broad
HS1992:570320,H0,570320,Of nylon or other polyamides,False,False,not_primary_strict,not_primary_broad
HS1992:681390,H0,681390,Other,False,False,not_primary_strict,not_primary_broad
HS1992:711011,H0,711011,Platinum :-- Unwrought or in powder form,True,True,strict_unwrought_powder_platinum_group,strict_unwrought_powder_platinum_group
HS1992:711031,H0,711031,Rhodium :-- Unwrought or in powder form,True,True,strict_unwrought_powder_platinum_group,strict_unwrought_powder_platinum_group
HS1992:740311,H0,740311,Refined copper :-- Cathodes and sections of cathodes,False,True,not_primary_strict,broad_first_stage_metals_scrap
HS1992:800700,H0,800700,Other articles of tin.,False,False,not_primary_strict,not_primary_broad
HS1992:811291,H0,811291,Other :-- Unwrought; waste and scrap; powders,False,True,not_primary_strict,broad_unwrought_powder_waste_other_base_metals
HS1992:821490,H0,821490,Other,False,False,not_primary_strict,not_primary_broad
HS1992:848220,H0,848220,"Tapered roller bearings, including cone and tapered roller assemblies",False,False,not_primary_strict,not_primary_broad
HS1992:848291,H0,848291,"Parts :-- Balls, needles and rollers",False,False,not_primary_strict,not_primary_broad
HS1992:851290,H0,851290,Parts,False,False,not_primary_strict,not_primary_broad
HS1992:853229,H0,853229,Other fixed capacitors :-- Other,False,False,not_primary_strict,not_primary_broad
HS1992:853230,H0,853230,Variable or adjustable (pre-set) capacitors,False,False,not_primary_strict,not_primary_broad
HS1992:853641,H0,853641,Relays :-- For a voltage not exceeding 60 V,False,False,not_primary_strict,not_primary_broad
HS1992:854110,H0,854110,"Diodes, other than photosensitive or light emitting diodes",False,False,not_primary_strict,not_primary_broad
HS1992:854330,H0,854330,"Machines and apparatus for electroplating, electrolysis or electrophoresis",False,False,not_primary_strict,not_primary_broad
HS1992:900930,H0,900930,Thermo-copying apparatus,False,False,not_primary_strict,not_primary_broad
HS1992:901310,H0,901310,"Telescopic sights for fitting to arms; periscopes; telescopes designed to form parts of machines, appliances, instruments or apparatus of this Chapter or Section XVI",False,False,not_primary_strict,not_primary_broad
HS1992:902910,H0,902910,"Revolution counters, production counters, taximeters, mileometers, pedometers and the like",False,False,not_primary_strict,not_primary_broad
HS1992:903220,H0,903220,Manostats,False,False,not_primary_strict,not_primary_broad
HS1992:020120,H0,020120,Other cuts with bone in,True,True,strict_hs01_10_12_14_raw_agriculture,strict_hs01_10_12_14_raw_agriculture
HS1992:020622,H0,020622,"Of bovine animals, frozen :-- Livers",True,True,strict_hs01_10_12_14_raw_agriculture,strict_hs01_10_12_14_raw_agriculture
HS1992:020731,H0,020731,"Fatty livers (geese,ducks) domestic fresh or chilled",True,True,strict_hs01_10_12_14_raw_agriculture,strict_hs01_10_12_14_raw_agriculture
HS1992:040640,H0,040640,Blue-veined cheese,True,True,strict_hs01_10_12_14_raw_agriculture,strict_hs01_10_12_14_raw_agriculture
HS1992:081190,H0,081190,Other,True,True,strict_hs01_10_12_14_raw_agriculture,strict_hs01_10_12_14_raw_agriculture
HS1992:090411,H0,090411,Pepper :-- Neither crushed nor ground,True,True,strict_hs01_10_12_14_raw_agriculture,strict_hs01_10_12_14_raw_agriculture
HS1992:090930,H0,090930,Seeds of cumin,True,True,strict_hs01_10_12_14_raw_agriculture,strict_hs01_10_12_14_raw_agriculture
HS1992:150600,H0,150600,"Other animal fats and oils and their fractions, whether or not refined, but not chemically modified.",False,True,not_primary_strict,broad_first_stage_food_inputs_hs11_15_23
HS1992:151410,H0,151410,Crude oil,False,True,not_primary_strict,broad_first_stage_food_inputs_hs11_15_23
HS1992:151610,H0,151610,Animal fats and oils and their fractions,False,True,not_primary_strict,broad_first_stage_food_inputs_hs11_15_23
HS1992:151790,H0,151790,Other,False,True,not_primary_strict,broad_first_stage_food_inputs_hs11_15_23
HS1992:280410,H0,280410,Hydrogen,False,False,not_primary_strict,not_primary_broad
HS1992:280511,H0,280511,Alkali metals :-- Sodium,False,False,not_primary_strict,not_primary_broad
HS1992:281122,H0,281122,Other inorganic oxygen compounds of non-metals : -- Silicon dioxide,False,False,not_primary_strict,not_primary_broad
HS1992:283010,H0,283010,Sodium sulphides,False,False,not_primary_strict,not_primary_broad
HS1992:283330,H0,283330,Alums,False,False,not_primary_strict,not_primary_broad
HS1992:283531,H0,283531,Polyphosphates:-- Sodium triphosphate (sodium tripolyphosphate),False,False,not_primary_strict,not_primary_broad
HS1992:283990,H0,283990,Other,False,False,not_primary_strict,not_primary_broad
HS1992:291250,H0,291250,Cyclic polymers of aldehydes,False,False,not_primary_strict,not_primary_broad
HS1992:294110,H0,294110,Penicillins and their derivatives with a penicillanic acid structure; salts thereof,False,False,not_primary_strict,not_primary_broad
HS1992:294130,H0,294130,Tetracyclines and their derivatives; salts thereof,False,False,not_primary_strict,not_primary_broad
HS1992:320740,H0,320740,"Glass frit and other glass, in the form of powder, granules or flakes",False,False,not_primary_strict,not_primary_broad
HS1992:390890,H0,390890,Other,False,False,not_primary_strict,not_primary_broad
HS1992:401310,H0,401310,"Of a kind used on motor cars (including station wagons and racing cars), buses or lorries",False,False,not_primary_strict,not_primary_broad
HS1992:500790,H0,500790,Other fabrics,False,False,not_primary_strict,not_primary_broad
HS1992:510310,H0,510310,Noils of wool or of fine animal hair,True,True,strict_raw_textile_fibers,strict_raw_textile_fibers
HS1992:511220,H0,511220,"Other, mixed mainly or solely with man-made filaments",False,False,not_primary_strict,not_primary_broad
HS1992:520100,H0,520100,"Cotton, not carded or combed.",True,True,strict_raw_textile_fibers,strict_raw_textile_fibers
HS1992:521213,H0,521213,Weighing not more than 200 g/m2 :-- Dyed,False,False,not_primary_strict,not_primary_broad
HS1992:521215,H0,521215,Weighing not more than 200 g/m2 :-- Printed,False,False,not_primary_strict,not_primary_broad
HS1992:521222,H0,521222,Weighing more than 200 g/m2 :-- Bleached,False,False,not_primary_strict,not_primary_broad
HS1992:521223,H0,521223,Weighing more than 200 g/m2 :-- Dyed,False,False,not_primary_strict,not_primary_broad
HS1992:540241,H0,540241,"Other yarn, single, untwisted or with a twist not exceeding 50 turns per metre :-- Of nylon or other polyamides",False,False,not_primary_strict,not_primary_broad
HS1992:551211,H0,551211,Containing 85 % or more by weight of polyester staple fibres :-- Unbleached or bleached,False,False,not_primary_strict,not_primary_broad
HS1992:551529,H0,551529,Of acrylic or modacrylic staple fibres :-- Other,False,False,not_primary_strict,not_primary_broad
HS1992:551641,H0,551641,"Containing less than 85 % by weight of artificial staple fibres, mixed mainly or solely with cotton :-- Unbleached or bleached",False,False,not_primary_strict,not_primary_broad
HS1992:591000,H0,591000,"Transmission or conveyor belts or belting, of textile material, whether or not impregnated, coated, covered or laminated with plastics, or reinforced with metal or other material.",False,False,not_primary_strict,not_primary_broad
HS1992:701190,H0,701190,Other,False,False,not_primary_strict,not_primary_broad
HS1992:721633,H0,721633,"U, I or H sections, not further worked than hot-rolled, hot-drawn or extruded of a height of 80 mm or more :-- H sections",False,False,not_primary_strict,not_primary_broad
HS1992:722530,H0,722530,"Other, not further worked than hot-rolled, in coils",False,False,not_primary_strict,not_primary_broad
HS1992:731450,H0,731450,Expanded metal,False,False,not_primary_strict,not_primary_broad
HS1992:731813,H0,731813,Threaded articles :-- Screw hooks and screw rings,False,False,not_primary_strict,not_primary_broad
HS1992:740721,H0,740721,Of copper alloys :-- Of copper-zinc base alloys (brass),False,False,not_primary_strict,not_primary_broad
HS1992:741129,H0,741129,Of copper alloys :-- Other,False,False,not_primary_strict,not_primary_broad
HS1992:741529,H0,741529,"Other articles, not threaded :-- Other",False,False,not_primary_strict,not_primary_broad
HS1992:760320,H0,760320,Powders of lamellar structure; flakes,False,False,not_primary_strict,not_primary_broad
HS1992:760521,H0,760521,Of aluminium alloys :-- Of which the maximum cross-sectional dimension exceeds 7 mm,False,False,not_primary_strict,not_primary_broad
HS1992:810710,H0,810710,Unwrought cadmium; waste and scrap; powders,False,True,not_primary_strict,broad_unwrought_powder_waste_other_base_metals
HS1992:820740,H0,820740,Tools for tapping or threading,False,False,not_primary_strict,not_primary_broad
HS1992:830621,H0,830621,Statuettes and other ornaments :-- Plated with precious metal,False,False,not_primary_strict,not_primary_broad
HS1992:831130,H0,831130,"Coated rods and cored wire, of base metal, for soldering, brazing or welding by flame",False,False,not_primary_strict,not_primary_broad
HS1992:846630,H0,846630,Dividing heads and other special attachments for machine-tools,False,False,not_primary_strict,not_primary_broad
HS1992:848010,H0,848010,Moulding boxes for metal foundry,False,False,not_primary_strict,not_primary_broad
HS1992:853510,H0,853510,Fuses,False,False,not_primary_strict,not_primary_broad
HS1992:854012,H0,854012,"Cathode-ray television picture tubes, including video monitor cathode-ray tubes :-- Black and white or other monochrome",False,False,not_primary_strict,not_primary_broad
HS1992:854129,H0,854129,"Transistors, other than photosensitive transistors :-- Other",False,False,not_primary_strict,not_primary_broad
HS1992:854320,H0,854320,Signal generators,False,False,not_primary_strict,not_primary_broad
HS1992:854520,H0,854520,Brushes,False,False,not_primary_strict,not_primary_broad
HS1992:860799,H0,860799,Other,False,False,not_primary_strict,not_primary_broad
HS1992:900820,H0,900820,"Microfilm, microfiche or other microform readers, whether or not capable of producing copies",False,False,not_primary_strict,not_primary_broad
HS1992:901410,H0,901410,Direction finding compasses,False,False,not_primary_strict,not_primary_broad
HS1992:950720,H0,950720,"Fish-hooks, whether or not snelled",False,False,not_primary_strict,not_primary_broad
HS1992:960860,H0,960860,"Refills for ball point pens, comprising the ball point and ink-reservoir",False,False,not_primary_strict,not_primary_broad
HS1992:020423,H0,020423,"Other meat of sheep, fresh or chilled :-- Boneless",True,True,strict_hs01_10_12_14_raw_agriculture,strict_hs01_10_12_14_raw_agriculture
HS1992:020680,H0,020680,"Other, fresh or chilled",True,True,strict_hs01_10_12_14_raw_agriculture,strict_hs01_10_12_14_raw_agriculture
HS1992:030221,H0,030221,"Salmonidae, excluding livers and roes :-- Halibut (Reinhardtius hippoglossoides, Hippoglossus hippoglossus, Hippoglossus stenolepis)",True,True,strict_hs01_10_12_14_raw_agriculture,strict_hs01_10_12_14_raw_agriculture
HS1992:180200,H0,180200,"Cocoa shells, husks, skins and other cocoa waste.",True,True,strict_cocoa_beans_or_waste_hs1801_1802,strict_cocoa_beans_or_waste_hs1801_1802
HS1992:252620,H0,252620,Crushed or powdered,True,True,strict_minerals_ores_hs25_26,strict_minerals_ores_hs25_26
HS1992:262040,H0,262040,Containing mainly aluminium,True,True,strict_minerals_ores_hs25_26,strict_minerals_ores_hs25_26
HS1992:262050,H0,262050,Containing mainly vanadium,True,True,strict_minerals_ores_hs25_26,strict_minerals_ores_hs25_26
HS1992:271119,H0,271119,Liquefied :-- Other,True,True,strict_raw_fuels_coal_crude_gas,strict_raw_fuels_coal_crude_gas
HS1992:282760,H0,282760,Iodides and iodide oxides,False,False,not_primary_strict,not_primary_broad
HS1992:290244,H0,290244,Xylenes:-- Mixed xylene isomers,False,False,not_primary_strict,not_primary_broad
HS1992:290340,H0,290340,Multi-halogen derivatives of acyclic hydrocarbons,False,False,not_primary_strict,not_primary_broad
HS1992:290944,H0,290944,"Ether-alcohols and their halogenated, sulphonated, nitrated or nitrosated derivatives :-- Other monoalkylethers of ethylene glycol or of diethylene glycol",False,False,not_primary_strict,not_primary_broad
HS1992:291539,H0,291539,Esters of acetic acid :-- Other,False,False,not_primary_strict,not_primary_broad
HS1992:294120,H0,294120,Streptomycins and their derivatives; salts thereof,False,False,not_primary_strict,not_primary_broad
HS1992:401290,H0,401290,Other,False,False,not_primary_strict,not_primary_broad
HS1992:520299,H0,520299,Other,True,True,strict_raw_textile_fibers,strict_raw_textile_fibers
HS1992:540231,H0,540231,"Textured yarn :-- Of nylon or other polyamides, measuring per single yarn not more than 50 tex",False,False,not_primary_strict,not_primary_broad
HS1992:540233,H0,540233,Textured yarn :-- Of polyesters,False,False,not_primary_strict,not_primary_broad
HS1992:570220,H0,570220,Floor coverings of coconut fibres (coir),False,False,not_primary_strict,not_primary_broad
HS1992:590290,H0,590290,Other,False,False,not_primary_strict,not_primary_broad
HS1992:590900,H0,590900,"Textile hosepiping and similar textile tubing, with or without lining, armour or accessories of other materials.",False,False,not_primary_strict,not_primary_broad
HS1992:711319,H0,711319,"Of precious metal whether or not plated or clad with precious metal :-- Of other precious metal, whether or not plated or clad with precious metal",False,False,not_primary_strict,not_primary_broad
HS1992:720293,H0,720293,Other :-- Ferro-niobium,False,True,not_primary_strict,broad_first_stage_metals_scrap
HS1992:722790,H0,722790,Other,False,False,not_primary_strict,not_primary_broad
HS1992:741539,H0,741539,Other threaded articles :-- Other,False,False,not_primary_strict,not_primary_broad
HS1992:820560,H0,820560,Blow lamps,False,False,not_primary_strict,not_primary_broad
HS1992:847510,H0,847510,"Machines for assembling electric or electronic lamps,     tubes or valves or flashbulbs, in glass envelopes",False,False,not_primary_strict,not_primary_broad
HS1992:847690,H0,847690,Parts,False,False,not_primary_strict,not_primary_broad
HS1992:848020,H0,848020,Mould bases,False,False,not_primary_strict,not_primary_broad
HS1992:848050,H0,848050,Moulds for glass,False,False,not_primary_strict,not_primary_broad
HS1992:960400,H0,960400,Hand sieves and hand riddles.,False,False,not_primary_strict,not_primary_broad
HS1992:010119,H0,010119,Horses :-- Other,True,True,strict_hs01_10_12_14_raw_agriculture,strict_hs01_10_12_14_raw_agriculture
HS1992:010120,H0,010120,"Asses, mules and hinnies",True,True,strict_hs01_10_12_14_raw_agriculture,strict_hs01_10_12_14_raw_agriculture
HS1992:020210,H0,020210,Carcasses and half-carcasses,True,True,strict_hs01_10_12_14_raw_agriculture,strict_hs01_10_12_14_raw_agriculture
HS1992:071090,H0,071090,Mixtures of vegetables,True,True,strict_hs01_10_12_14_raw_agriculture,strict_hs01_10_12_14_raw_agriculture
HS1992:150410,H0,150410,Fish-liver oils and their fractions,False,True,not_primary_strict,broad_first_stage_food_inputs_hs11_15_23
HS1992:150810,H0,150810,Crude oil,False,True,not_primary_strict,broad_first_stage_food_inputs_hs11_15_23
HS1992:200850,H0,200850,Apricots,False,False,not_primary_strict,not_primary_broad
HS1992:220600,H0,220600,"Other fermented beverages (for example, cider, perry, mead); mixtures of fermented beverages and mixtures of fermented beverages and non-alcoholic beverages, not elsewhere specified or included.",False,False,not_primary_strict,not_primary_broad
HS1992:230810,H0,230810,Acorns and horse-chestnuts,False,True,not_primary_strict,broad_first_stage_food_inputs_hs11_15_23
HS1992:230890,H0,230890,Other,False,True,not_primary_strict,broad_first_stage_food_inputs_hs11_15_23
HS1992:252400,H0,252400,Asbestos,True,True,strict_minerals_ores_hs25_26,strict_minerals_ores_hs25_26
HS1992:292690,H0,292690,Other,False,False,not_primary_strict,not_primary_broad
HS1992:294190,H0,294190,Other,False,False,not_primary_strict,not_primary_broad
HS1992:340490,H0,340490,Other,False,False,not_primary_strict,not_primary_broad
HS1992:390930,H0,390930,Other amino-resins,False,False,not_primary_strict,not_primary_broad
HS1992:720292,H0,720292,Other :-- Ferro-vanadium,False,True,not_primary_strict,broad_first_stage_metals_scrap
HS1992:842112,H0,842112,"Centrifuges, including centrifugal dryers :-- Clothes-dryers",False,False,not_primary_strict,not_primary_broad
HS1992:844520,H0,844520,Textile spinning machines,False,False,not_primary_strict,not_primary_broad
HS1992:853540,H0,853540,"Lightning arresters, voltage limiters and surge suppressors",False,False,not_primary_strict,not_primary_broad
HS1992:860610,H0,860610,Tank wagons and the like,False,False,not_primary_strict,not_primary_broad
HS1992:871610,H0,871610,"Trailers and semi-trailers of the caravan type, for housing or camping",False,False,not_primary_strict,not_primary_broad
HS1992:880240,H0,880240,"Aeroplanes and other aircraft, of an unladen weight exceeding 15,000 kg",False,False,not_primary_strict,not_primary_broad
HS1992:030731,H0,030731,"Mussels (Mytilus spp., Perna spp.) :-- Live, fresh or chilled",True,True,strict_hs01_10_12_14_raw_agriculture,strict_hs01_10_12_14_raw_agriculture
HS1992:110312,H0,110312,Groats and meal :-- Of oats,False,True,not_primary_strict,broad_first_stage_food_inputs_hs11_15_23
HS1992:110314,H0,110314,Groats and meal :-- Of rice,False,True,not_primary_strict,broad_first_stage_food_inputs_hs11_15_23
HS1992:110319,H0,110319,Groats and meal :-- Of other cereals,False,True,not_primary_strict,broad_first_stage_food_inputs_hs11_15_23
HS1992:150890,H0,150890,Other,False,True,not_primary_strict,broad_first_stage_food_inputs_hs11_15_23
HS1992:170210,H0,170210,Lactose and lactose syrup,False,False,not_primary_strict,not_primary_broad
HS1992:261590,H0,261590,Other,True,True,strict_minerals_ores_hs25_26,strict_minerals_ores_hs25_26
HS1992:270730,H0,270730,Xylole,False,True,not_primary_strict,broad_all_fuels_refinery_hs27
HS1992:280130,H0,280130,Fluorine; bromine,False,False,not_primary_strict,not_primary_broad
HS1992:281610,H0,281610,Hydroxide and peroxide of magnesium,False,False,not_primary_strict,not_primary_broad
HS1992:283340,H0,283340,Peroxosulphates (persulphates),False,False,not_primary_strict,not_primary_broad
HS1992:290369,H0,290369,Halogenated derivatives of aromatic hydrocarbons:-- Other,False,False,not_primary_strict,not_primary_broad
HS1992:290550,H0,290550,"Halogenated, sulphonated, nitrated or nitrosated derivatives of acyclic alcohols",False,False,not_primary_strict,not_primary_broad
HS1992:291521,H0,291521,Acetic acid and its salts; acetic anhydride :-- Acetic acid,False,False,not_primary_strict,not_primary_broad
HS1992:292390,H0,292390,Other,False,False,not_primary_strict,not_primary_broad
HS1992:320210,H0,320210,Synthetic organic tanning substances,False,False,not_primary_strict,not_primary_broad
HS1992:381010,H0,381010,"Pickling preparations for metal surfaces; soldering, brazing or welding powders and pastes consisting of metal and other materials",False,False,not_primary_strict,not_primary_broad
HS1992:392092,H0,392092,Of other plastics :-- Of polyamides,False,False,not_primary_strict,not_primary_broad
HS1992:400130,H0,400130,"Balata, gutta-percha, guayule, chicle and similar natural gums",True,True,strict_natural_rubber_hs4001,strict_natural_rubber_hs4001
HS1992:550962,H0,550962,"Other yarn, of acrylic or modacrylic staple fibres :-- Mixed mainly or solely with cotton",False,False,not_primary_strict,not_primary_broad
HS1992:560221,H0,560221,"Other felt, not impregnated, coated, covered or laminated :-- Of wool or fine animal hair",False,False,not_primary_strict,not_primary_broad
HS1992:560500,H0,560500,"Metallised yarn, whether or not gimped, being textile yarn, or strip or the like of heading No. 54.04 or 54.05, combined with metal in the form of thread, strip or powder or covered with metal.",False,False,not_primary_strict,not_primary_broad
HS1992:740921,H0,740921,Of copper-zinc base alloys (brass) :-- In coils,False,False,not_primary_strict,not_primary_broad
HS1992:741531,H0,741531,Other threaded articles :-- Screws for wood,False,False,not_primary_strict,not_primary_broad
HS1992:741532,H0,741532,Other threaded articles :-- Other screws; bolts and nuts,False,False,not_primary_strict,not_primary_broad
HS1992:790112,H0,790112,"Zinc, not alloyed :-- Containing by weight less than 99.99 % of zinc",False,True,not_primary_strict,broad_first_stage_metals_scrap
HS1992:841182,H0,841182,"Other gas turbines :-- Of a power exceeding 5,000 kW",False,False,not_primary_strict,not_primary_broad
HS1992:843359,H0,843359,Other harvesting machinery; threshing machinery :- Other,False,False,not_primary_strict,not_primary_broad
HS1992:854089,H0,854089,Other valves and tubes :-- Other,False,False,not_primary_strict,not_primary_broad
HS1992:900110,H0,900110,"Optical fibres, optical fibre bundles and cables",False,False,not_primary_strict,not_primary_broad
HS1992:040620,H0,040620,"Grated or powdered cheese, of all kinds",True,True,strict_hs01_10_12_14_raw_agriculture,strict_hs01_10_12_14_raw_agriculture
HS1992:090810,H0,090810,Nutmeg,True,True,strict_hs01_10_12_14_raw_agriculture,strict_hs01_10_12_14_raw_agriculture
HS1992:120210,H0,120210,In shell,True,True,strict_hs01_10_12_14_raw_agriculture,strict_hs01_10_12_14_raw_agriculture
HS1992:120720,H0,120720,Cotton seeds,True,True,strict_hs01_10_12_14_raw_agriculture,strict_hs01_10_12_14_raw_agriculture
HS1992:160290,H0,160290,"Other, including preparations of blood of any animal",False,False,not_primary_strict,not_primary_broad
HS1992:253020,H0,253020,"Kieserite, epsomite (natural magnesium sulphates)",True,True,strict_minerals_ores_hs25_26,strict_minerals_ores_hs25_26
HS1992:282490,H0,282490,Other,False,False,not_primary_strict,not_primary_broad
HS1992:290311,H0,290311,Saturated chlorinated derivatives of acyclic hydrocarbons:-- Chloromethane (methyl chloride) and chloroethane (ethylchloride),False,False,not_primary_strict,not_primary_broad
HS1992:290950,H0,290950,"Ether-phenols, ether-alcohol-phenols and their halogenated, sulphonated, nitrated or nitrosated derivatives",False,False,not_primary_strict,not_primary_broad
HS1992:291522,H0,291522,Acetic acid and its salts; acetic anhydride :-- Sodium acetate,False,False,not_primary_strict,not_primary_broad
HS1992:292122,H0,292122,Acyclic polyamines and their derivatives; salts thereof :-- Hexamethylenediamine and its salts,False,False,not_primary_strict,not_primary_broad
HS1992:292249,H0,292249,"Amino-acids and their esters, other than those containing more than one kind of oxygen function; salts thereof :-- Other",False,False,not_primary_strict,not_primary_broad
HS1992:300120,H0,300120,Extracts of glands or other organs or of their secretions,False,False,not_primary_strict,not_primary_broad
HS1992:310430,H0,310430,Potassium sulphate,False,False,not_primary_strict,not_primary_broad
HS1992:330112,H0,330112,Essential oils of citrus fruit :-- Of orange,False,False,not_primary_strict,not_primary_broad
HS1992:380700,H0,380700,"Wood tar; wood tar oils; wood creosote; wood naphtha; vegetable pitch; brewers' pitch and similar preparations based on rosin, resin acids or on vegetable pitch.",False,False,not_primary_strict,not_primary_broad
HS1992:390490,H0,390490,Other,False,False,not_primary_strict,not_primary_broad
HS1992:540833,H0,540833,Other woven fabrics :-- Of yarns of different colours,False,False,not_primary_strict,not_primary_broad
HS1992:550969,H0,550969,"Other yarn, of acrylic or modacrylic staple fibres :-- Other",False,False,not_primary_strict,not_primary_broad
HS1992:570251,H0,570251,"Other, not of pile construction, not made up :-- Of wool or fine animal hair",False,False,not_primary_strict,not_primary_broad
HS1992:721931,H0,721931,Not further worked than cold-rolled (cold-reduced) :- Of a thickness of 4.75 mm or more,False,False,not_primary_strict,not_primary_broad
HS1992:843352,H0,843352,Other harvesting machinery; threshing machinery :-- Other threshing machinery,False,False,not_primary_strict,not_primary_broad
HS1992:847520,H0,847520,Machines for manufacturing or hot working glass nes,False,False,not_primary_strict,not_primary_broad
HS1992:890710,H0,890710,Inflatable rafts,False,False,not_primary_strict,not_primary_broad
HS1992:900921,H0,900921,Other photo-copying apparatus :-- Incorporating an optical system,False,False,not_primary_strict,not_primary_broad
HS1992:901290,H0,901290,Parts and accessories,False,False,not_primary_strict,not_primary_broad
HS1992:901710,H0,901710,"Drafting tables and machines, whether or not automatic",False,False,not_primary_strict,not_primary_broad
HS1992:090500,H0,090500,Vanilla.,True,True,strict_hs01_10_12_14_raw_agriculture,strict_hs01_10_12_14_raw_agriculture
HS1992:100640,H0,100640,Broken rice,True,True,strict_hs01_10_12_14_raw_agriculture,strict_hs01_10_12_14_raw_agriculture
HS1992:100890,H0,100890,Other cereals,True,True,strict_hs01_10_12_14_raw_agriculture,strict_hs01_10_12_14_raw_agriculture
HS1992:110230,H0,110230,Rice flour,False,True,not_primary_strict,broad_first_stage_food_inputs_hs11_15_23
HS1992:150790,H0,150790,Other,False,True,not_primary_strict,broad_first_stage_food_inputs_hs11_15_23
HS1992:160231,H0,160231,Of poultry of heading No. 01.05 :-- Of turkeys,False,False,not_primary_strict,not_primary_broad
HS1992:220710,H0,220710,Undenatured ethyl alcohol of an alcoholic strength by volume of 80 % vol or higher,False,False,not_primary_strict,not_primary_broad
HS1992:250621,H0,250621,Quartzite :-- Crude or roughly trimmed,True,True,strict_minerals_ores_hs25_26,strict_minerals_ores_hs25_26
HS1992:262020,H0,262020,Containing mainly lead,True,True,strict_minerals_ores_hs25_26,strict_minerals_ores_hs25_26
HS1992:270760,H0,270760,Phenols,False,True,not_primary_strict,broad_all_fuels_refinery_hs27
HS1992:282410,H0,282410,"Lead monoxide (litharge, massicot)",False,False,not_primary_strict,not_primary_broad
HS1992:282810,H0,282810,Commercial calcium hypochlorite and other calcium hypochlorites,False,False,not_primary_strict,not_primary_broad
HS1992:283323,H0,283323,Other sulphates:-- Of chromium,False,False,not_primary_strict,not_primary_broad
HS1992:283326,H0,283326,Other sulphates:-- Of zinc,False,False,not_primary_strict,not_primary_broad
HS1992:290532,H0,290532,"Diols:-- Propylene glycol (propane-1,2-diol)",False,False,not_primary_strict,not_primary_broad
HS1992:291412,H0,291412,Acyclic ketones without other oxygen function :-- Butanone (methyl ethyl ketone),False,False,not_primary_strict,not_primary_broad
HS1992:381210,H0,381210,Prepared rubber accelerators,False,False,not_primary_strict,not_primary_broad
HS1992:701710,H0,701710,Of fused quartz or other fused silica,False,False,not_primary_strict,not_primary_broad
HS1992:800200,H0,800200,Tin waste and scrap.,False,True,not_primary_strict,broad_first_stage_metals_scrap
HS1992:830130,H0,830130,Locks of a kind used for furniture,False,False,not_primary_strict,not_primary_broad
HS1992:844811,H0,844811,"Auxiliary machinery for machines of heading No. 84.44, 84.45, 84.46 or 84.47 :-- Dobbies and Jacquards; card reducing, copying, punching or assembling machines for use therewith",False,False,not_primary_strict,not_primary_broad
HS1992:844841,H0,844841,Parts and accessories of weaving machines (looms) or of their auxiliary machinery :-- Shuttles,False,False,not_primary_strict,not_primary_broad
HS1992:844849,H0,844849,Parts and accessories of weaving machines (looms) or of their auxiliary machinery :-- Other,False,False,not_primary_strict,not_primary_broad
HS1992:110520,H0,110520,"Flakes, granules and pellets",False,True,not_primary_strict,broad_first_stage_food_inputs_hs11_15_23
HS1992:130232,H0,130232,"Mucilages and thickeners, whether or not modified, derived from locust beans, locust bean seeds or guar seeds",True,True,strict_hs01_10_12_14_raw_agriculture,strict_hs01_10_12_14_raw_agriculture
HS1992:160241,H0,160241,Of swine :-- Hams and cuts thereof,False,False,not_primary_strict,not_primary_broad
HS1992:271220,H0,271220,Paraffin wax containing by weight less than 0.75 % of oil,False,True,not_primary_strict,broad_all_fuels_refinery_hs27
HS1992:280480,H0,280480,Arsenic,False,False,not_primary_strict,not_primary_broad
HS1992:280490,H0,280490,Selenium,False,False,not_primary_strict,not_primary_broad
HS1992:283230,H0,283230,Thiosulphates,False,False,not_primary_strict,not_primary_broad
HS1992:284590,H0,284590,Other,False,False,not_primary_strict,not_primary_broad
HS1992:290219,H0,290219,"Cyclanes, cyclenes and cycloterpenes:-- Other",False,False,not_primary_strict,not_primary_broad
HS1992:290490,H0,290490,Other,False,False,not_primary_strict,not_primary_broad
HS1992:294000,H0,294000,"Sugars, chemically pure, other than sucrose, lactose, maltose, glucose and fructose; sugar ethers and sugar esters, and their salts, other than products of heading No. 29.37, 29.38 or 29.39.",False,False,not_primary_strict,not_primary_broad
HS1992:390430,H0,390430,Vinyl chloride-vinyl acetate copolymers,False,False,not_primary_strict,not_primary_broad
HS1992:400249,H0,400249,Chloroprene (chlorobutadiene) rubber (CR) :-- Other,False,False,not_primary_strict,not_primary_broad
HS1992:611693,H0,611693,Other :-- Of synthetic fibres,False,False,not_primary_strict,not_primary_broad
HS1992:681220,H0,681220,Yarn and thread,False,False,not_primary_strict,not_primary_broad
HS1992:681230,H0,681230,"Cords and string, whether or not plaited",False,False,not_primary_strict,not_primary_broad
HS1992:681240,H0,681240,Woven or knitted fabric,False,False,not_primary_strict,not_primary_broad
HS1992:681290,H0,681290,Other,False,False,not_primary_strict,not_primary_broad
HS1992:731990,H0,731990,Other,False,False,not_primary_strict,not_primary_broad
HS1992:848041,H0,848041,Moulds for metal or metal carbides :-- Injection or compression types,False,False,not_primary_strict,not_primary_broad
HS1992:853080,H0,853080,Other equipment,False,False,not_primary_strict,not_primary_broad
HS1992:920510,H0,920510,Brass-wind instruments,False,False,not_primary_strict,not_primary_broad
HS1992:150510,H0,150510,"Wool grease, crude",False,True,not_primary_strict,broad_first_stage_food_inputs_hs11_15_23
HS1992:150590,H0,150590,Other,False,True,not_primary_strict,broad_first_stage_food_inputs_hs11_15_23
HS1992:251990,H0,251990,Other,True,True,strict_minerals_ores_hs25_26,strict_minerals_ores_hs25_26
HS1992:270720,H0,270720,Toluole,False,True,not_primary_strict,broad_all_fuels_refinery_hs27
HS1992:292230,H0,292230,"Amino-aldehydes, amino-ketones and amino-quinones, other than those containing more than one kind of oxygen function; salts thereof",False,False,not_primary_strict,not_primary_broad
HS1992:293321,H0,293321,Compounds containing an unfused imidazole ring (whether or not hydrogenated) in the structure :-- Hydantoin and its derivatives,False,False,not_primary_strict,not_primary_broad
HS1992:294150,H0,294150,Erythromycin and its derivatives; salts thereof,False,False,not_primary_strict,not_primary_broad
HS1992:510810,H0,510810,Carded,False,False,not_primary_strict,not_primary_broad
HS1992:611692,H0,611692,Other :-- Of cotton,False,False,not_primary_strict,not_primary_broad
HS1992:820140,H0,820140,"Axes, bill hooks and similar hewing tools",False,False,not_primary_strict,not_primary_broad
HS1992:845970,H0,845970,Other threading or tapping machines,False,False,not_primary_strict,not_primary_broad
HS1992:853290,H0,853290,Parts,False,False,not_primary_strict,not_primary_broad
HS1992:871492,H0,871492,Other :-- Wheel rims and spokes,False,False,not_primary_strict,not_primary_broad
HS1992:910400,H0,910400,"Instrument panel clocks and clocks of a similar type for vehicles, aircraft, spacecraft or vessels.",False,False,not_primary_strict,not_primary_broad
HS1992:020743,H0,020743,"Duck, goose, guinea fowl cuts, offal not liver, froze",True,True,strict_hs01_10_12_14_raw_agriculture,strict_hs01_10_12_14_raw_agriculture
HS1992:290539,H0,290539,Diols:-- Other,False,False,not_primary_strict,not_primary_broad
HS1992:291816,H0,291816,"Carboxylic acids with alcohol function but without other oxygen function, their anhydrides, halides, peroxides, peroxyacids and their derivatives :-- Gluconic acid, its salts and esters",False,False,not_primary_strict,not_primary_broad
HS1992:292112,H0,292112,Acyclic monoamines and their derivatives; salts thereof :-- Diethylamine and its salts,False,False,not_primary_strict,not_primary_broad
HS1992:292119,H0,292119,Acyclic monoamines and their derivatives; salts thereof :-- Other,False,False,not_primary_strict,not_primary_broad
HS1992:310240,H0,310240,Mixtures of ammonium nitrate with calcium carbonate or other inorganic non-fertilising substances,False,False,not_primary_strict,not_primary_broad
HS1992:382310,H0,382310,Prepared binders for foundry moulds or cores,False,False,not_primary_strict,not_primary_broad
HS1992:521214,H0,521214,Weighing not more than 200 g/m2 :-- Of yarns of different colours,False,False,not_primary_strict,not_primary_broad
HS1992:660200,H0,660200,"Walking-sticks, seat-sticks, whips, riding-crops and the like.",False,False,not_primary_strict,not_primary_broad
HS1992:701400,H0,701400,"Signalling glassware and optical elements of glass (other than those of heading No. 70.15), not optically worked.",False,False,not_primary_strict,not_primary_broad
HS1992:900620,H0,900620,"Cameras of a kind used for recording documents on microfilm, microfiche or other microforms",False,False,not_primary_strict,not_primary_broad
HS1992:910199,H0,910199,Other,False,False,not_primary_strict,not_primary_broad
HS1992:911420,H0,911420,Jewels,False,False,not_primary_strict,not_primary_broad
HS1992:151913,H0,151913,Tall oil fatty acids,False,True,not_primary_strict,broad_first_stage_food_inputs_hs11_15_23
HS1992:250490,H0,250490,Other,True,True,strict_minerals_ores_hs25_26,strict_minerals_ores_hs25_26
HS1992:284330,H0,284330,Gold compounds,False,False,not_primary_strict,not_primary_broad
HS1992:510521,H0,510521,Wool tops and other combed wool :-- Combed wool in fragments,True,True,strict_raw_textile_fibers,strict_raw_textile_fibers
HS1992:845951,H0,845951,"Milling machines, knee-type :-- Numerically controlled",False,False,not_primary_strict,not_primary_broad
HS1992:900190,H0,900190,Other,False,False,not_primary_strict,not_primary_broad
HS1992:050100,H0,050100,"Human hair, unworked, whether or not washed or scoured; waste of human hair.",True,True,strict_hs01_10_12_14_raw_agriculture,strict_hs01_10_12_14_raw_agriculture
HS1992:190300,H0,190300,"Tapioca and substitutes therefor prepared from starch, in the form of flakes, grains, pearls, siftings or in similar forms.",False,False,not_primary_strict,not_primary_broad
HS1992:230690,H0,230690,Other,False,True,not_primary_strict,broad_first_stage_food_inputs_hs11_15_23
HS1992:283110,H0,283110,Of sodium,False,False,not_primary_strict,not_primary_broad
HS1992:292130,H0,292130,"Cyclanic, cyclenic or cycloterpenic mono- or polyamines, and their derivatives; salts thereof",False,False,not_primary_strict,not_primary_broad
HS1992:360490,H0,360490,Other,False,False,not_primary_strict,not_primary_broad
HS1992:381800,H0,381800,"Chemical elements doped for use in electronics, in the form of discs, wafers or similar forms; chemical compounds doped for use in electronics.",False,False,not_primary_strict,not_primary_broad
HS1992:401140,H0,401140,Of a kind used on motorcycles,False,False,not_primary_strict,not_primary_broad
HS1992:732421,H0,732421,"Baths :-- Of cast iron, whether or not enamelled",False,False,not_primary_strict,not_primary_broad
HS1992:740710,H0,740710,Of refined copper,False,False,not_primary_strict,not_primary_broad
HS1992:810192,H0,810192,"Other :-- Bars and rods, other than those obtained simply by sintering, profiles, plates, sheets, strip and foil",False,False,not_primary_strict,not_primary_broad
HS1992:810199,H0,810199,Other,False,False,not_primary_strict,not_primary_broad
HS1992:843910,H0,843910,Machinery for making pulp of fibrous cellulosic material,False,False,not_primary_strict,not_primary_broad
HS1992:844630,H0,844630,"For weaving fabrics of a width exceeding 30 cm, shuttleless type",False,False,not_primary_strict,not_primary_broad
HS1992:950640,H0,950640,Articles and equipment for table-tennis,False,False,not_primary_strict,not_primary_broad
HS1992:110630,H0,110630,Of the products of Chapter 8,False,True,not_primary_strict,broad_first_stage_food_inputs_hs11_15_23
HS1992:251810,H0,251810,Dolomite not calcined,True,True,strict_minerals_ores_hs25_26,strict_minerals_ores_hs25_26
HS1992:291570,H0,291570,"Palmitic acid, stearic acid, their salts and esters",False,False,not_primary_strict,not_primary_broad
HS1992:292159,H0,292159,Aromatic polyamines and their derivatives; salts thereof :-- Other,False,False,not_primary_strict,not_primary_broad
HS1992:292221,H0,292221,"Amino-naphthols and other amino-phenols, their ethers and esters, other than those containing more than one kind of oxygen function; salts thereof :-- Aminohydroxynaphthalenesulphonic acids and their salts",False,False,not_primary_strict,not_primary_broad
HS1992:293319,H0,293319,Compounds containing an unfused pyrazole ring (whether or not hydrogenated) in the structure :-- Other,False,False,not_primary_strict,not_primary_broad
HS1992:293500,H0,293500,Sulphonamides.,False,False,not_primary_strict,not_primary_broad
HS1992:293950,H0,293950,Theophylline and aminophylline (theophylline- ethylenediamine) and their derivatives; salts thereof,False,False,not_primary_strict,not_primary_broad
HS1992:300340,H0,300340,Containing alkaloids or derivatives thereof but not containing hormones or other products of heading No. 29.37 or antibiotics,False,False,not_primary_strict,not_primary_broad
HS1992:320300,H0,320300,"Colouring matter of vegetable or animal origin (including dyeing extracts but excluding animal black), whether or not chemically defined; preparations as specified in Note 3 to this Chapter based on colouring matter of vegeta",False,False,not_primary_strict,not_primary_broad
HS1992:380190,H0,380190,Other,False,False,not_primary_strict,not_primary_broad
HS1992:391211,H0,391211,Cellulose acetates :-- Non-plasticised,False,False,not_primary_strict,not_primary_broad
HS1992:550390,H0,550390,Other,False,False,not_primary_strict,not_primary_broad
HS1992:722691,H0,722691,Other :-- Not further worked than hot-rolled,False,False,not_primary_strict,not_primary_broad
HS1992:800510,H0,800510,Tin foil (thickness < 0.2 mm),False,False,not_primary_strict,not_primary_broad
HS1992:800520,H0,800520,Tin powder and flakes,False,False,not_primary_strict,not_primary_broad
HS1992:800600,H0,800600,"Tin tubes, pipes and tube or pipe fittings (for example, couplings, elbows, sleeves).",False,False,not_primary_strict,not_primary_broad
HS1992:810419,H0,810419,Unwrought magnesium :-- Other,False,True,not_primary_strict,broad_unwrought_powder_waste_other_base_metals
HS1992:840420,H0,840420,Condensers for steam or other vapour power units,False,False,not_primary_strict,not_primary_broad
HS1992:853221,H0,853221,Other fixed capacitors :-- Tantalum,False,False,not_primary_strict,not_primary_broad
HS1992:853222,H0,853222,Other fixed capacitors :-- Aluminium electrolytic,False,False,not_primary_strict,not_primary_broad
HS1992:854020,H0,854020,Television camera tubes; image converters and intensifiers; other photo-cathode tubes,False,False,not_primary_strict,not_primary_broad
HS1992:030231,H0,030231,"Tunas (of the genus Thunnus) skipjack or stripe-bellied bonito (Euthynnus (Katsuwonus) pelamis), excluding livers and roes :-- Albacore or longfinned tunas (Thunnus alalunga)",True,True,strict_hs01_10_12_14_raw_agriculture,strict_hs01_10_12_14_raw_agriculture
HS1992:151110,H0,151110,Crude oil,False,True,not_primary_strict,broad_first_stage_food_inputs_hs11_15_23
HS1992:292090,H0,292090,Other,False,False,not_primary_strict,not_primary_broad
HS1992:310420,H0,310420,Potassium chloride,False,False,not_primary_strict,not_primary_broad
HS1992:540824,H0,540824,"Other woven fabrics, containing 85 % or more by weight of artificial filament or strip or the like :-- Printed",False,False,not_primary_strict,not_primary_broad
HS1992:681120,H0,681120,"Other sheets, panels, tiles and similar articles",False,False,not_primary_strict,not_primary_broad
HS1992:730539,H0,730539,"Other, welded :-- Other",False,False,not_primary_strict,not_primary_broad
HS1992:800110,H0,800110,"Tin, not alloyed",False,True,not_primary_strict,broad_first_stage_metals_scrap
HS1992:821510,H0,821510,Sets of assorted articles containing at least one article plated with precious metal,False,False,not_primary_strict,not_primary_broad
HS1992:150420,H0,150420,"Fats and oils and their fractions, of fish, other than liver oils",False,True,not_primary_strict,broad_first_stage_food_inputs_hs11_15_23
HS1992:151530,H0,151530,Castor oil and its fractions,False,True,not_primary_strict,broad_first_stage_food_inputs_hs11_15_23
HS1992:280800,H0,280800,Nitric acid; sulphonitric acids.,False,False,not_primary_strict,not_primary_broad
HS1992:282620,H0,282620,Fluorosilicates of sodium or of potassium,False,False,not_primary_strict,not_primary_broad
HS1992:282690,H0,282690,Other,False,False,not_primary_strict,not_primary_broad
HS1992:290919,H0,290919,"Acyclic ethers and their halogenated, sulphonated, nitrated or nitrosated derivatives :-- Other",False,False,not_primary_strict,not_primary_broad
HS1992:291241,H0,291241,"Aldehyde-ethers, aldehyde-phenols and aldehydes with other oxygen function :-- Vanillin (4-hydroxy-3-methoxybenzaldehyde)",False,False,not_primary_strict,not_primary_broad
HS1992:292511,H0,292511,Imides and their derivatives; salts thereof :-- Saccharin and its salts,False,False,not_primary_strict,not_primary_broad
HS1992:300660,H0,300660,Chemical contraceptive preparations based on hormones or spermicides,False,False,not_primary_strict,not_primary_broad
HS1992:520951,H0,520951,Printed :-- Plain weave,False,False,not_primary_strict,not_primary_broad
HS1992:810890,H0,810890,Other,False,False,not_primary_strict,not_primary_broad
HS1992:840619,H0,840619,Steam and vapour turbines nes,False,False,not_primary_strict,not_primary_broad
HS1992:848510,H0,848510,Ships' or boats' propellers and blades therefor,False,False,not_primary_strict,not_primary_broad
HS1992:853225,H0,853225,Other fixed capacitors :-- Dielectric of paper or plastics,False,False,not_primary_strict,not_primary_broad
HS1992:900711,H0,900711,Cameras :-- For film of less than 16 mm width or for double-8 mm film,False,False,not_primary_strict,not_primary_broad
HS1992:010519,H0,010519,Weighing not more than 185 g :-- Other,True,True,strict_hs01_10_12_14_raw_agriculture,strict_hs01_10_12_14_raw_agriculture
HS1992:080450,H0,080450,"Guavas, mangoes and mangosteens",True,True,strict_hs01_10_12_14_raw_agriculture,strict_hs01_10_12_14_raw_agriculture
HS1992:151221,H0,151221,"Cotton-seed oil and its fractions :-- Crude oil, whether or not gossypol has been removed",False,True,not_primary_strict,broad_first_stage_food_inputs_hs11_15_23
HS1992:282420,H0,282420,Red lead and orange lead,False,False,not_primary_strict,not_primary_broad
HS1992:282734,H0,282734,Other chlorides:-- Of cobalt,False,False,not_primary_strict,not_primary_broad
HS1992:282736,H0,282736,Other chlorides:-- Of zinc,False,False,not_primary_strict,not_primary_broad
HS1992:282737,H0,282737,Tin chlorides,False,False,not_primary_strict,not_primary_broad
HS1992:282739,H0,282739,Other chlorides:-- Other,False,False,not_primary_strict,not_primary_broad
HS1992:291523,H0,291523,Acetic acid and its salts; acetic anhydride :-- Cobalt acetates,False,False,not_primary_strict,not_primary_broad
HS1992:291529,H0,291529,Acetic acid and its salts; acetic anhydride :-- Other,False,False,not_primary_strict,not_primary_broad
HS1992:291550,H0,291550,"Propionic acid, its salts and esters",False,False,not_primary_strict,not_primary_broad
HS1992:293379,H0,293379,Lactams :-- Other lactams,False,False,not_primary_strict,not_primary_broad
HS1992:310260,H0,310260,Double salts and mixtures of calcium nitrate and ammonium nitrate,False,False,not_primary_strict,not_primary_broad
HS1992:390330,H0,390330,Acrylonitrile-butadiene-styrene (ABS) copolymers,False,False,not_primary_strict,not_primary_broad
HS1992:540252,H0,540252,"Other yarn, single, with a twist exceeding 50 turns per metre :-- Of polyesters",False,False,not_primary_strict,not_primary_broad
HS1992:550690,H0,550690,Other,False,False,not_primary_strict,not_primary_broad
HS1992:821193,H0,821193,Other :-- Knives having other than fixed blades,False,False,not_primary_strict,not_primary_broad
HS1992:841382,H0,841382,Other pumps; liquid elevators :-- Liquid elevators,False,False,not_primary_strict,not_primary_broad
HS1992:860290,H0,860290,Other,False,False,not_primary_strict,not_primary_broad
HS1992:880510,H0,880510,Aircraft launching gear and parts thereof; deck-arrestor or similar gear and parts thereof,False,False,not_primary_strict,not_primary_broad
HS1992:910700,H0,910700,Time switches with clock or watch movement or with synchronous motor.,False,False,not_primary_strict,not_primary_broad
HS1992:030193,H0,030193,Other live fish :-- Carp,True,True,strict_hs01_10_12_14_raw_agriculture,strict_hs01_10_12_14_raw_agriculture
HS1992:030551,H0,030551,"Dried fish, whether or not salted but not smoked :-- Cod (Gadus morhua, Gadus ogac, Gadus macrocephalus)",True,True,strict_hs01_10_12_14_raw_agriculture,strict_hs01_10_12_14_raw_agriculture
HS1992:080540,H0,080540,Grapefruit,True,True,strict_hs01_10_12_14_raw_agriculture,strict_hs01_10_12_14_raw_agriculture
HS1992:081210,H0,081210,Cherries,True,True,strict_hs01_10_12_14_raw_agriculture,strict_hs01_10_12_14_raw_agriculture
HS1992:110422,H0,110422,"Other worked grains (for example, hulled, pearled, sliced or kibbled) :-- Of oats",False,True,not_primary_strict,broad_first_stage_food_inputs_hs11_15_23
HS1992:110610,H0,110610,Of the dried leguminous vegetables of heading No. 07.13,False,True,not_primary_strict,broad_first_stage_food_inputs_hs11_15_23
HS1992:110811,H0,110811,Starches :-- Wheat starch,False,True,not_primary_strict,broad_first_stage_food_inputs_hs11_15_23
HS1992:150200,H0,150200,"Fats of bovine animals, sheep or goats, other than those of heading No. 15.03.",False,True,not_primary_strict,broad_first_stage_food_inputs_hs11_15_23
HS1992:150300,H0,150300,"Lard stearin, lard oil, oleostearin, oleo-oil and tallow oil, not emulsified or mixed or otherwise prepared.",False,True,not_primary_strict,broad_first_stage_food_inputs_hs11_15_23
HS1992:170220,H0,170220,Maple sugar and maple syrup,False,False,not_primary_strict,not_primary_broad
HS1992:284321,H0,284321,Silver compounds:-- Silver intrate,False,False,not_primary_strict,not_primary_broad
HS1992:291815,H0,291815,"Carboxylic acids with alcohol function but without other oxygen function, their anhydrides, halides, peroxides, peroxyacids and their derivatives :-- Salts and esters of citric acid",False,False,not_primary_strict,not_primary_broad
HS1992:292212,H0,292212,"Amino-alcohols, their ethers and esters, other than those containing more than one kind of oxygen function; salts thereof :-- Diethanolamine and its salts",False,False,not_primary_strict,not_primary_broad
HS1992:340212,H0,340212,"Organic surface-active agents, whether or not put up for retail sale :-- Cationic",False,False,not_primary_strict,not_primary_broad
HS1992:370130,H0,370130,"Other plates and film, with any side exceeding 255 mm",False,False,not_primary_strict,not_primary_broad
HS1992:380210,H0,380210,Activated carbon,False,False,not_primary_strict,not_primary_broad
HS1992:381129,H0,381129,Additives for lubricating oils :-- Other,False,False,not_primary_strict,not_primary_broad
HS1992:390130,H0,390130,Ethylene-vinyl acetate copolymers,False,False,not_primary_strict,not_primary_broad
HS1992:391400,H0,391400,"Ion-exchangers based on polymers of headings Nos. 39.01 to 39.13, in primary forms.",False,False,not_primary_strict,not_primary_broad
HS1992:392063,H0,392063,"Of polycarbonates, alkyd resins, polyallyl esters or other polyesters :-- Of unsaturated polyesters",False,False,not_primary_strict,not_primary_broad
HS1992:550620,H0,550620,Of polyesters,False,False,not_primary_strict,not_primary_broad
HS1992:721810,H0,721810,Ingots and other primary forms,False,False,not_primary_strict,not_primary_broad
HS1992:820120,H0,820120,Forks,False,False,not_primary_strict,not_primary_broad
HS1992:852210,H0,852210,Pick-up cartridges,False,False,not_primary_strict,not_primary_broad
HS1992:853224,H0,853224,"Other fixed capacitors :-- Ceramic dielectric, multilayer",False,False,not_primary_strict,not_primary_broad
HS1992:854160,H0,854160,Mounted piezo-electric crystals,False,False,not_primary_strict,not_primary_broad
HS1992:930510,H0,930510,Of revolvers or pistols,False,False,not_primary_strict,not_primary_broad
HS1992:930521,H0,930521,Of shotguns or rifles of heading No. 93.03 :-- Shotgun barrels,False,False,not_primary_strict,not_primary_broad
HS1992:930590,H0,930590,Other,False,False,not_primary_strict,not_primary_broad
HS1992:071410,H0,071410,Manioc (cassava),True,True,strict_hs01_10_12_14_raw_agriculture,strict_hs01_10_12_14_raw_agriculture
HS1992:080130,H0,080130,"Cashew nuts, fresh or dried",True,True,strict_hs01_10_12_14_raw_agriculture,strict_hs01_10_12_14_raw_agriculture
HS1992:110210,H0,110210,Rye flour,False,True,not_primary_strict,broad_first_stage_food_inputs_hs11_15_23
HS1992:110313,H0,110313,Groats and meal :-- Of maize (corn),False,True,not_primary_strict,broad_first_stage_food_inputs_hs11_15_23
HS1992:110620,H0,110620,Of sago or of roots or tubers of heading No. 07.14,False,True,not_primary_strict,broad_first_stage_food_inputs_hs11_15_23
HS1992:120750,H0,120750,Mustard seeds,True,True,strict_hs01_10_12_14_raw_agriculture,strict_hs01_10_12_14_raw_agriculture
HS1992:180100,H0,180100,"Cocoa beans, whole or broken, raw or roasted.",True,True,strict_cocoa_beans_or_waste_hs1801_1802,strict_cocoa_beans_or_waste_hs1801_1802
HS1992:180320,H0,180320,Wholly or partly defatted,False,True,not_primary_strict,broad_cocoa_first_stage_hs1803_1805
HS1992:200551,H0,200551,"Beans (Vigna spp., Phaseolus spp.) :-- Beans, shelled",False,False,not_primary_strict,not_primary_broad
HS1992:200820,H0,200820,Pineapples,False,False,not_primary_strict,not_primary_broad
HS1992:230310,H0,230310,Residues of starch manufacture and similar residues,False,True,not_primary_strict,broad_first_stage_food_inputs_hs11_15_23
HS1992:261400,H0,261400,Titanium ores and concentrates.,True,True,strict_minerals_ores_hs25_26,strict_minerals_ores_hs25_26
HS1992:282731,H0,282731,Other chlorides:-- Of magnesium,False,False,not_primary_strict,not_primary_broad
HS1992:283210,H0,283210,Sodium sulphites,False,False,not_primary_strict,not_primary_broad
HS1992:283510,H0,283510,Phosphinates (hypophosphites) and phosphonates (phosphites),False,False,not_primary_strict,not_primary_broad
HS1992:284110,H0,284110,Aluminates,False,False,not_primary_strict,not_primary_broad
HS1992:284190,H0,284190,Other,False,False,not_primary_strict,not_primary_broad
HS1992:291421,H0,291421,"Cyclanic, cyclenic or cycloterpenic ketones without other oxygen function :-- Camphor",False,False,not_primary_strict,not_primary_broad
HS1992:291429,H0,291429,"Cyclanic, cyclenic or cycloterpenic ketones without other oxygen function :-- Other",False,False,not_primary_strict,not_primary_broad
HS1992:292219,H0,292219,"Amino-alcohols, their ethers and esters, other than those containing more than one kind of oxygen function; salts thereof :- Other",False,False,not_primary_strict,not_primary_broad
HS1992:292310,H0,292310,Choline and its salts,False,False,not_primary_strict,not_primary_broad
HS1992:293329,H0,293329,Compounds containing an unfused imidazole ring (whether or not hydrogenated) in the structure :-- Other,False,False,not_primary_strict,not_primary_broad
HS1992:293621,H0,293621,"Vitamins and their derivatives, unmixed :-- Vitamins A and their derivatives",False,False,not_primary_strict,not_primary_broad
HS1992:293791,H0,293791,Other hormones and their derivatives; other steroids used primarily as hormones :-- Insulin and its salts,False,False,not_primary_strict,not_primary_broad
HS1992:320416,H0,320416,Synthetic organic colouring matter and preparations based thereon as specified in Note 3 to this Chapter :-- Reactive dyes and preparations based thereon,False,False,not_primary_strict,not_primary_broad
HS1992:330124,H0,330124,Essential oils other than those of citrus fruit :-- Of peppermint (Mentha piperita),False,False,not_primary_strict,not_primary_broad
HS1992:330130,H0,330130,Resinoids,False,False,not_primary_strict,not_primary_broad
HS1992:381119,H0,381119,Anti-knock preparations :-- Other,False,False,not_primary_strict,not_primary_broad
HS1992:510130,H0,510130,Carbonised,True,True,strict_raw_textile_fibers,strict_raw_textile_fibers
HS1992:520922,H0,520922,"Bleached :-- 3-thread or 4-thread twill, including cross twill",False,False,not_primary_strict,not_primary_broad
HS1992:521142,H0,521142,Of yarns of different colours :-- Denim,False,False,not_primary_strict,not_primary_broad
HS1992:521143,H0,521143,"Of yarns of different colours :-- Other fabrics of 3-thread or 4-thread twill, including     cross twill",False,False,not_primary_strict,not_primary_broad
HS1992:531100,H0,531100,Woven fabrics of other vegetable textile fibres; woven fabrics of paper yarn.,False,False,not_primary_strict,not_primary_broad
HS1992:670300,H0,670300,"Human hair, dressed, thinned, bleached or otherwise worked; wool or other animal hair or other textile materials, prepared for use in making wigs or the like.",False,False,not_primary_strict,not_primary_broad
HS1992:711419,H0,711419,"Of precious metal whether or not plated or clad with precious metal :-- Of other precious metal, whether or not plated or clad with precious metal",False,False,not_primary_strict,not_primary_broad
HS1992:731581,H0,731581,Other chain :-- Stud-link,False,False,not_primary_strict,not_primary_broad
HS1992:740811,H0,740811,Of refined copper :-- Of which the maximum cross-sectional dimension exceeds 6 mm,False,False,not_primary_strict,not_primary_broad
HS1992:741910,H0,741910,Chain and parts thereof,False,False,not_primary_strict,not_primary_broad
HS1992:810510,H0,810510,Cobalt mattes and other intermediate products of cobalt metallurgy; unwrought cobalt; waste and scrap; powders,False,True,not_primary_strict,broad_unwrought_powder_waste_other_base_metals
HS1992:843621,H0,843621,Poultry-keeping machinery; poultry incubators and brooders :-- Poultry incubators and brooders,False,False,not_primary_strict,not_primary_broad
HS1992:020621,H0,020621,"Of bovine animals, frozen :-- Tongues",True,True,strict_hs01_10_12_14_raw_agriculture,strict_hs01_10_12_14_raw_agriculture
HS1992:293100,H0,293100,Other organo-inorganic compounds.,False,False,not_primary_strict,not_primary_broad
HS1992:370254,H0,370254,"Other film, for colour photography (polychrome) :-- Of a width exceeding 16 mm but not exceeding 35 mm and of a length not exceeding 30 m, other than for slides",False,False,not_primary_strict,not_primary_broad
HS1992:701391,H0,701391,Other glassware :-- Of lead crystal,False,False,not_primary_strict,not_primary_broad
HS1992:711420,H0,711420,Of base metal clad with precious metal,False,False,not_primary_strict,not_primary_broad
HS1992:843020,H0,843020,Snow-ploughs and snow-blowers,False,False,not_primary_strict,not_primary_broad
HS1992:844240,H0,844240,"Parts of the foregoing machinery, apparatus or equipment",False,False,not_primary_strict,not_primary_broad
HS1992:847021,H0,847021,Other electronic calculating machines :-- Incorporating a printing device,False,False,not_primary_strict,not_primary_broad
HS1992:851210,H0,851210,Lighting or visual signalling equipment of a kind used on bicycles,False,False,not_primary_strict,not_primary_broad
HS1992:851390,H0,851390,Parts,False,False,not_primary_strict,not_primary_broad
HS1992:852732,H0,852732,"Other radio-broadcast receivers, including apparatus capable of receiving also radio-telephony or radio-telegraphy :-- Not combined with sound recording or reproducing apparatus but combined with a clock",False,False,not_primary_strict,not_primary_broad
HS1992:871496,H0,871496,"Other :-- Pedals and crank-gear, and parts thereof",False,False,not_primary_strict,not_primary_broad
HS1992:880190,H0,880190,Other,False,False,not_primary_strict,not_primary_broad
HS1992:880400,H0,880400,Parachutes (including dirigible parachutes and paragliders) and rotochutes; parts thereof and accessories thereto.,False,False,not_primary_strict,not_primary_broad
HS1992:900510,H0,900510,Binoculars,False,False,not_primary_strict,not_primary_broad
HS1992:900580,H0,900580,Other instruments,False,False,not_primary_strict,not_primary_broad
HS1992:900651,H0,900651,"Other cameras :-- With a through-the-lens viewfinder (single lens reflex (SLR)), for roll film of a width not exceeding 35 mm",False,False,not_primary_strict,not_primary_broad
HS1992:920120,H0,920120,Grand pianos,False,False,not_primary_strict,not_primary_broad
HS1992:920210,H0,920210,Played with a bow,False,False,not_primary_strict,not_primary_broad
HS1992:930320,H0,930320,"Other sporting, hunting or target-shooting shotguns, including combination shotgun-rifles",False,False,not_primary_strict,not_primary_broad
HS1992:950611,H0,950611,Snow-skis and other snow-ski equipment :-- Skis,False,False,not_primary_strict,not_primary_broad
HS1992:950612,H0,950612,Snow-skis and other snow-ski equipment :-- Ski-fastenings (ski-bindings),False,False,not_primary_strict,not_primary_broad
HS1992:950631,H0,950631,"Golf clubs and other golf equipment :-- Clubs, complete",False,False,not_primary_strict,not_primary_broad
HS1992:950639,H0,950639,Golf clubs and other golf equipment :-- Other,False,False,not_primary_strict,not_primary_broad
HS1992:950651,H0,950651,"Tennis, badminton or similar rackets, whether or not strung :-- Lawn-tennis rackets, whether or not strung",False,False,not_primary_strict,not_primary_broad
HS1992:950661,H0,950661,"Balls, other than golf balls and table-tennis balls :-- Lawn-tennis balls",False,False,not_primary_strict,not_primary_broad
HS1992:950669,H0,950669,"Balls, other than golf balls and table-tennis balls :-- Other",False,False,not_primary_strict,not_primary_broad
HS1992:950670,H0,950670,"Ice skates and roller skates, including skating boots with skates attached",False,False,not_primary_strict,not_primary_broad
HS1992:960891,H0,960891,Other :-- Pen nibs and nib points,False,False,not_primary_strict,not_primary_broad
HS1992:020500,H0,020500,"Meat of horses, asses, mules or hinnies, fresh, chilled or frozen.",True,True,strict_hs01_10_12_14_raw_agriculture,strict_hs01_10_12_14_raw_agriculture
HS1992:151930,H0,151930,Industrial fatty alcohols,False,True,not_primary_strict,broad_first_stage_food_inputs_hs11_15_23
HS1992:290330,H0,290330,"Fluorinated, brominated or iodinated derivatives of acyclic hydrocarbons",False,False,not_primary_strict,not_primary_broad
HS1992:370253,H0,370253,"Other film, for colour photography (polychrome) :-- Of a width exceeding 16 mm but not exceeding 35 mm and of a length not exceeding 30 m, for slides",False,False,not_primary_strict,not_primary_broad
HS1992:480431,H0,480431,Other kraft paper and paperboard weighing 150 g/m2 or less :-- Unbleached,False,False,not_primary_strict,not_primary_broad
HS1992:531010,H0,531010,Unbleached,False,False,not_primary_strict,not_primary_broad
HS1992:540332,H0,540332,"Other yarn, single :-- Of viscose rayon, with a twist exceeding 120 turns per metre",False,False,not_primary_strict,not_primary_broad
HS1992:551612,H0,551612,Containing 85 % or more by weight of artificial staple fibres :-- Dyed,False,False,not_primary_strict,not_primary_broad
HS1992:570239,H0,570239,"Other, of pile construction, not made up :-- Of other textile materials",False,False,not_primary_strict,not_primary_broad
HS1992:630649,H0,630649,Pneumatic mattresses :-- Of other textile materials,False,False,not_primary_strict,not_primary_broad
HS1992:701720,H0,701720,Of other glass having a linear coefficient of expansion not exceeding 5 x 10-6 per Kelvin within a temperature range of 0 -C to 300 -C,False,False,not_primary_strict,not_primary_broad
HS1992:710121,H0,710121,Cultured pearls :-- Unworked,True,True,strict_raw_precious_stones_metals,strict_raw_precious_stones_metals
HS1992:711590,H0,711590,Other,False,False,not_primary_strict,not_primary_broad
HS1992:820160,H0,820160,"Hedge shears, two-handed pruning shears and similar two-handed shears",False,False,not_primary_strict,not_primary_broad
HS1992:841122,H0,841122,"Turbo-propellers :-- Of a power exceeding 1,100 kW",False,False,not_primary_strict,not_primary_broad
HS1992:844833,H0,844833,"Parts and accessories of machines of heading No. 84.45 or of their auxiliary machinery :-- Spindles, spindle flyers, spinning rings and ring travellers",False,False,not_primary_strict,not_primary_broad
HS1992:850613,H0,850613,"Silver oxide primary cells, batteries volume < 300 cc",False,False,not_primary_strict,not_primary_broad
HS1992:851939,H0,851939,Turntables (record-decks) :- Other,False,False,not_primary_strict,not_primary_broad
HS1992:900691,H0,900691,Parts and accessories :-- For cameras,False,False,not_primary_strict,not_primary_broad
HS1992:900810,H0,900810,Slide projectors,False,False,not_primary_strict,not_primary_broad
HS1992:910221,H0,910221,"Other wrist-watches, whether or not incorporating a stop-watch facility :-- With automatic winding",False,False,not_primary_strict,not_primary_broad
HS1992:911490,H0,911490,Other,False,False,not_primary_strict,not_primary_broad
HS1992:920994,H0,920994,Other :-- Parts and accessories for the musical instruments of heading No. 92.07,False,False,not_primary_strict,not_primary_broad
HS1992:930400,H0,930400,"Other arms (for example, spring, air or gas guns and pistols, truncheons), excluding those of heading No. 93.07.",False,False,not_primary_strict,not_primary_broad
HS1992:950659,H0,950659,"Tennis, badminton or similar rackets, whether or not strung :-- Other",False,False,not_primary_strict,not_primary_broad
HS1992:950710,H0,950710,Fishing rods,False,False,not_primary_strict,not_primary_broad
HS1992:950730,H0,950730,Fishing reels,False,False,not_primary_strict,not_primary_broad
HS1992:021011,H0,021011,"Meat of swine :-- Hams, shoulders and cuts thereof, with bone in",True,True,strict_hs01_10_12_14_raw_agriculture,strict_hs01_10_12_14_raw_agriculture
HS1992:300630,H0,300630,Opacifying preparations for X-ray examinations; diagnostic reagents designed to be administered to the patient,False,False,not_primary_strict,not_primary_broad
HS1992:521049,H0,521049,Of yarns of different colours :-- Other fabrics,False,False,not_primary_strict,not_primary_broad
HS1992:590410,H0,590410,Linoleum,False,False,not_primary_strict,not_primary_broad
HS1992:810790,H0,810790,Other,False,False,not_primary_strict,not_primary_broad
HS1992:845410,H0,845410,Converters,False,False,not_primary_strict,not_primary_broad
HS1992:870911,H0,870911,Vehicles :-- Electrical,False,False,not_primary_strict,not_primary_broad
HS1992:902150,H0,902150,"Pacemakers for stimulating heart muscles, excluding parts and accessories",False,False,not_primary_strict,not_primary_broad
HS1992:920999,H0,920999,Other,False,False,not_primary_strict,not_primary_broad
HS1992:940530,H0,940530,Lighting sets of a kind used for Christmas trees,False,False,not_primary_strict,not_primary_broad
HS1992:370256,H0,370256,"Other film, for colour photography (polychrome) :-- Of a width exceeding 35 mm",False,False,not_primary_strict,not_primary_broad
HS1992:480421,H0,480421,Sack kraft paper :-- Unbleached,False,False,not_primary_strict,not_primary_broad
HS1992:480640,H0,480640,Glassine and other glazed transparent or translucent papers,False,False,not_primary_strict,not_primary_broad
HS1992:580900,H0,580900,"Woven fabrics of metal thread and woven fabrics of metallised yarn of heading No. 56.05, of a kind used in apparel, as furnishing fabrics or for similar purposes, not elsewhere specified or included.",False,False,not_primary_strict,not_primary_broad
HS1992:681110,H0,681110,Corrugated sheets,False,False,not_primary_strict,not_primary_broad
HS1992:741510,H0,741510,"Nails and tacks, drawing pins, staples and similar articles",False,False,not_primary_strict,not_primary_broad
HS1992:821194,H0,821194,Other :-- Blades,False,False,not_primary_strict,not_primary_broad
HS1992:852010,H0,852010,Dictating machines not capable of operating without an external source of power,False,False,not_primary_strict,not_primary_broad
HS1992:900640,H0,900640,Instant print cameras,False,False,not_primary_strict,not_primary_broad
HS1992:930310,H0,930310,Muzzle-loading firearms,False,False,not_primary_strict,not_primary_broad
HS1992:253010,H0,253010,"Vermiculite, perlite and chlorites, unexpanded",True,True,strict_minerals_ores_hs25_26,strict_minerals_ores_hs25_26
HS1992:490400,H0,490400,"Music, printed or in manuscript, whether or not bound or illustrated.",False,False,not_primary_strict,not_primary_broad
HS1992:550951,H0,550951,"Other yarn, of polyester staple fibres :-- Mixed mainly or solely with artificial staple fibres",False,False,not_primary_strict,not_primary_broad
HS1992:720510,H0,720510,Granules,False,True,not_primary_strict,broad_first_stage_metals_scrap
HS1992:851921,H0,851921,Other record-players :-- Without loudspeaker,False,False,not_primary_strict,not_primary_broad
HS1992:871495,H0,871495,Other :-- Saddles,False,False,not_primary_strict,not_primary_broad
HS1992:900130,H0,900130,Contact lenses,False,False,not_primary_strict,not_primary_broad
HS1992:911410,H0,911410,"Springs, including hair-springs",False,False,not_primary_strict,not_primary_broad
HS1992:920930,H0,920930,Musical instrument strings,False,False,not_primary_strict,not_primary_broad
HS1992:020319,H0,020319,Fresh or chilled :-- Other,True,True,strict_hs01_10_12_14_raw_agriculture,strict_hs01_10_12_14_raw_agriculture
HS1992:021012,H0,021012,Meat of swine :-- Bellies (streaky) and cuts thereof,True,True,strict_hs01_10_12_14_raw_agriculture,strict_hs01_10_12_14_raw_agriculture
HS1992:170260,H0,170260,"Other fructose and fructose syrup, containing in the dry state more than 50 % by weight of fructose",False,False,not_primary_strict,not_primary_broad
HS1992:282520,H0,282520,Lithium oxide and hydroxide,False,False,not_primary_strict,not_primary_broad
HS1992:370400,H0,370400,"Photographic plates, film, paper, paperboard and textiles, exposed but not developed.",False,False,not_primary_strict,not_primary_broad
HS1992:700232,H0,700232,Tubes :-- Of other glass having a linear coefficient of expansion not exceeding 5 x 10-6 per Kelvin within a temperature range of 0 (C to 300 (C,False,False,not_primary_strict,not_primary_broad
HS1992:810910,H0,810910,Unwrought zirconium; waste and scrap; powders,False,True,not_primary_strict,broad_unwrought_powder_waste_other_base_metals
HS1992:851940,H0,851940,Transcribing machines,False,False,not_primary_strict,not_primary_broad
HS1992:911320,H0,911320,"Of base metal, whether or not gold- or silver-plated",False,False,not_primary_strict,not_primary_broad
HS1992:920993,H0,920993,Other :-- Parts and accessories for the musical instruments of heading No. 92.03,False,False,not_primary_strict,not_primary_broad
HS1992:170250,H0,170250,Chemically pure fructose,False,False,not_primary_strict,not_primary_broad
HS1992:511219,H0,511219,Containing 85 % or more by weight of wool or of fine animal hair :-- Other,False,False,not_primary_strict,not_primary_broad
HS1992:550200,H0,550200,Artificial filament tow.,False,False,not_primary_strict,not_primary_broad
HS1992:551439,H0,551439,Of yarns of different colours :-- Other woven fabrics,False,False,not_primary_strict,not_primary_broad
HS1992:710239,H0,710239,Non-industrial :-- Other,True,True,strict_raw_precious_stones_metals,strict_raw_precious_stones_metals
HS1992:844610,H0,844610,For weaving fabrics of a width not exceeding 30 cm,False,False,not_primary_strict,not_primary_broad
HS1992:902140,H0,902140,"Hearing aids, excluding parts and accessories",False,False,not_primary_strict,not_primary_broad
HS1992:910121,H0,910121,"Other wrist-watches, whether or not incorporating a stop-watch facility :-- With automatic winding",False,False,not_primary_strict,not_primary_broad
HS1992:910129,H0,910129,"Other wrist-watches, whether or not incorporating a stop-watch facility :-- Other",False,False,not_primary_strict,not_primary_broad
HS1992:910191,H0,910191,Other :-- Electrically operated,False,False,not_primary_strict,not_primary_broad
HS1992:910212,H0,910212,"Wrist-watches, electrically operated, whether or not incorporating a stop-watch facility :-- With opto-electronic display only",False,False,not_primary_strict,not_primary_broad
HS1992:911110,H0,911110,Cases of precious metal or of metal clad with precious metal,False,False,not_primary_strict,not_primary_broad
HS1992:911430,H0,911430,Dials,False,False,not_primary_strict,not_primary_broad
HS1992:370295,H0,370295,Other :-- Of a width exceeding 35 mm,False,False,not_primary_strict,not_primary_broad
HS1992:381111,H0,381111,Anti-knock preparations :-- Based on lead compounds,False,False,not_primary_strict,not_primary_broad
HS1992:731411,H0,731411,Woven products of stainless steel,False,False,not_primary_strict,not_primary_broad
HS1992:842831,H0,842831,"Other continuous-action elevators and conveyors, for goods or materials :-- Specially designed for underground use",False,False,not_primary_strict,not_primary_broad
HS1992:846040,H0,846040,Honing or lapping machines,False,False,not_primary_strict,not_primary_broad
HS1992:851910,H0,851910,Coin- or disc-operated record-players,False,False,not_primary_strict,not_primary_broad
HS1992:901120,H0,901120,"Other microscopes, for photomicrography, cinephotomicrography or microprojection",False,False,not_primary_strict,not_primary_broad
HS1992:911190,H0,911190,Parts,False,False,not_primary_strict,not_primary_broad
HS1992:920910,H0,920910,"Metronomes, tuning forks and pitch pipes",False,False,not_primary_strict,not_primary_broad
HS1992:260900,H0,260900,Tin ores and concentrates.,True,True,strict_minerals_ores_hs25_26,strict_minerals_ores_hs25_26
HS1992:350210,H0,350210,Egg albumin,False,False,not_primary_strict,not_primary_broad
HS1992:370110,H0,370110,For X-ray,False,False,not_primary_strict,not_primary_broad
HS1992:480510,H0,480510,Semi-chemical fluting paper (corrugating medium),False,False,not_primary_strict,not_primary_broad
HS1992:490591,H0,490591,Other :-- In book form,False,False,not_primary_strict,not_primary_broad
HS1992:550921,H0,550921,Containing 85 % or more by weight of staple fibres of nylon or other polyamides :-- Single yarn,False,False,not_primary_strict,not_primary_broad
HS1992:710310,H0,710310,Unworked or simply sawn or roughly shaped,True,True,strict_raw_precious_stones_metals,strict_raw_precious_stones_metals
HS1992:711019,H0,711019,Platinum :-- Other,False,True,not_primary_strict,broad_precious_metal_semimanufactures_waste
HS1992:851931,H0,851931,Turntables (record-decks) :-- With automatic record changing mechanism,False,False,not_primary_strict,not_primary_broad
HS1992:880212,H0,880212,"Helicopters :-- Of an unladen weight exceeding 2,000 kg",False,False,not_primary_strict,not_primary_broad
HS1992:910610,H0,910610,Time-registers; time-recorders,False,False,not_primary_strict,not_primary_broad
HS1992:370232,H0,370232,"Other film, without perforations, of a width not exceeding 105 mm :-- Other, with silver halide emulsion",False,False,not_primary_strict,not_primary_broad
HS1992:480449,H0,480449,Other kraft paper and paperboard weighing more than 150 g/m2 but less than 225 g/m2 :-- Other,False,False,not_primary_strict,not_primary_broad
HS1992:530710,H0,530710,Single,False,False,not_primary_strict,not_primary_broad
HS1992:551110,H0,551110,"Of synthetic staple fibres, containing 85 % or more by weight of such fibres",False,False,not_primary_strict,not_primary_broad
HS1992:551431,H0,551431,"Of yarns of different colours :-- Of polyester staple fibres, plain weave",False,False,not_primary_strict,not_primary_broad
HS1992:551432,H0,551432,"Of yarns of different colours :-- 3-thread or 4-thread twill, including cross twill, of polyester staple fibres",False,False,not_primary_strict,not_primary_broad
HS1992:551433,H0,551433,Of yarns of different colours :-- Other woven fabrics of polyester staple fibres,False,False,not_primary_strict,not_primary_broad
HS1992:700231,H0,700231,Tubes :-- Of fused quartz or other fused silica,False,False,not_primary_strict,not_primary_broad
HS1992:710399,H0,710399,Otherwise worked :-- Other,True,True,strict_raw_precious_stones_metals,strict_raw_precious_stones_metals
HS1992:730240,H0,730240,Fish-plates and sole plates,False,False,not_primary_strict,not_primary_broad
HS1992:845710,H0,845710,Machining centres,False,False,not_primary_strict,not_primary_broad
HS1992:870530,H0,870530,Fire fighting vehicles,False,False,not_primary_strict,not_primary_broad
HS1992:911180,H0,911180,Other cases,False,False,not_primary_strict,not_primary_broad
HS1992:911440,H0,911440,Plates and bridges,False,False,not_primary_strict,not_primary_broad
HS1992:430400,H0,430400,Artificial fur and articles thereof.,False,False,not_primary_strict,not_primary_broad
HS1992:854081,H0,854081,Other valves and tubes :-- Receiver or amplifier valves and tubes,False,False,not_primary_strict,not_primary_broad
HS1992:911011,H0,911011,"Of watches :-- Complete movements, unassembled or partly assembled (movement sets)",False,False,not_primary_strict,not_primary_broad
HS1992:290920,H0,290920,"Cyclanic, cyclenic or cycloterpenic ethers and their halogenated, sulphonated, nitrated or nitrosated derivatives",False,False,not_primary_strict,not_primary_broad
HS1992:340391,H0,340391,"Other :-- Preparations for the treatment of textile materials, leather, furskins or other materials",False,False,not_primary_strict,not_primary_broad
HS1992:430120,H0,430120,"Of rabbit or hare, whole, with or without head, tail or paws",True,True,strict_raw_hides_skins_furs,strict_raw_hides_skins_furs
HS1992:430140,H0,430140,"Of beaver, whole, with or without head, tail or paws",True,True,strict_raw_hides_skins_furs,strict_raw_hides_skins_furs
HS1992:430150,H0,430150,"Of musk-rat, whole, with or without head, tail or paws",True,True,strict_raw_hides_skins_furs,strict_raw_hides_skins_furs
HS1992:430170,H0,430170,"Of seal, whole, with or without head, tail or paws",True,True,strict_raw_hides_skins_furs,strict_raw_hides_skins_furs
HS1992:851420,H0,851420,Induction or dielectric furnaces and ovens,False,False,not_primary_strict,not_primary_broad
HS1992:910819,H0,910819,Electrically operated :-- Other,False,False,not_primary_strict,not_primary_broad
HS1992:910891,H0,910891,Other :-- Measuring 33.8 mm or less,False,False,not_primary_strict,not_primary_broad
HS1992:910899,H0,910899,Other,False,False,not_primary_strict,not_primary_broad
HS1992:920992,H0,920992,Other :-- Parts and accessories for the musical instruments of heading No. 92.02,False,False,not_primary_strict,not_primary_broad
HS1992:551342,H0,551342,"Printed :-- 3-thread or 4-thread twill, including cross twill, of polyester staple fibres",False,False,not_primary_strict,not_primary_broad
HS1992:551343,H0,551343,Printed :-- Other woven fabrics of polyester staple fibres,False,False,not_primary_strict,not_primary_broad
HS1992:551349,H0,551349,Printed :-- Other woven fabrics,False,False,not_primary_strict,not_primary_broad
HS1992:711100,H0,711100,"Base metals, silver or gold, clad with platinum, not further worked than semi-manufactured.",False,True,not_primary_strict,broad_precious_metal_semimanufactures_waste
HS1992:711620,H0,711620,"Of precious or semi-precious stones (natural, synthetic or reconstructed)",False,False,not_primary_strict,not_primary_broad
HS1992:846011,H0,846011,"Flat-surface grinding machines, in which the positioning in any one axis can be set up to an accuracy of at least 0.01 mm :-- Numerically controlled",False,False,not_primary_strict,not_primary_broad
HS1992:900840,H0,900840,Photographic (other than cinematographic) enlargers and reducers,False,False,not_primary_strict,not_primary_broad
HS1992:910811,H0,910811,Electrically operated :- Electrically operated :-- With mechanical display only or with a device to which a mechanical display can be incorporated,False,False,not_primary_strict,not_primary_broad
HS1992:020450,H0,020450,Meat of goats,True,True,strict_hs01_10_12_14_raw_agriculture,strict_hs01_10_12_14_raw_agriculture
HS1992:160249,H0,160249,"Of swine :-- Other, including mixtures",False,False,not_primary_strict,not_primary_broad
HS1992:900120,H0,900120,Sheets and plates of polarising material,False,False,not_primary_strict,not_primary_broad
HS1992:961220,H0,961220,Ink-pads,False,False,not_primary_strict,not_primary_broad
HS1992:961390,H0,961390,Parts,False,False,not_primary_strict,not_primary_broad
HS1992:250410,H0,250410,In powder or in flakes,True,True,strict_minerals_ores_hs25_26,strict_minerals_ores_hs25_26
HS1992:290359,H0,290359,"Halogenated derivatives of cyclanic, cyclenic or cycloterpenic hydrocarbons:-- Other",False,False,not_primary_strict,not_primary_broad
HS1992:293624,H0,293624,"Vitamins and their derivatives, unmixed :-- D- or DL-Pantothenic acid (Vitamin B3 or Vitamin B5) and its derivatives",False,False,not_primary_strict,not_primary_broad
HS1992:360690,H0,360690,Other,False,False,not_primary_strict,not_primary_broad
HS1992:740940,H0,740940,Of copper-nickel base alloys (cupro-nickel) or copper- nickel-zinc base alloys (nickel silver),False,False,not_primary_strict,not_primary_broad
HS1992:844340,H0,844340,Gravure printing machinery,False,False,not_primary_strict,not_primary_broad
HS1992:370520,H0,370520,Microfilms,False,False,not_primary_strict,not_primary_broad
HS1992:681270,H0,681270,"Compressed asbestos fibre jointing, in sheets or rolls",False,False,not_primary_strict,not_primary_broad
HS1992:681490,H0,681490,Other,False,False,not_primary_strict,not_primary_broad
HS1992:710221,H0,710221,"Industrial :-- Unworked or simply sawn, cleaved or bruted",True,True,strict_raw_precious_stones_metals,strict_raw_precious_stones_metals
HS1992:711210,H0,711210,"Of gold, including metal clad with gold but excluding sweepings containing other precious metals",False,True,not_primary_strict,broad_precious_metal_semimanufactures_waste
HS1992:711290,H0,711290,Other,False,True,not_primary_strict,broad_precious_metal_semimanufactures_waste
HS1992:731920,H0,731920,Safety pins,False,False,not_primary_strict,not_primary_broad
HS1992:731930,H0,731930,Other pins,False,False,not_primary_strict,not_primary_broad
HS1992:551120,H0,551120,"Of synthetic staple fibres, containing less than 85 % by weight of such fibres",False,False,not_primary_strict,not_primary_broad
HS1992:710391,H0,710391,"Otherwise worked :-- Rubies, sapphires and emeralds",True,True,strict_raw_precious_stones_metals,strict_raw_precious_stones_metals
HS1992:710490,H0,710490,Other,True,True,strict_raw_precious_stones_metals,strict_raw_precious_stones_metals
HS1992:840130,H0,840130,"Fuel elements (cartridges), non-irradiated",False,False,not_primary_strict,not_primary_broad
HS1992:710210,H0,710210,Unsorted,True,True,strict_raw_precious_stones_metals,strict_raw_precious_stones_metals
HS1992:741021,H0,741021,Backed :-- Of refined copper,False,False,not_primary_strict,not_primary_broad
HS1992:902219,H0,902219,"Apparatus based on the use of X-rays, whether or not for medical, surgical, dental or veterinary uses, including radiography or radiotherapy apparatus :-- For other uses",False,False,not_primary_strict,not_primary_broad
HS1992:291560,H0,291560,"Butyric acids, valeric acids, their salts and esters",False,False,not_primary_strict,not_primary_broad
HS1992:390469,H0,390469,Fluoro-polymers :-- Other,False,False,not_primary_strict,not_primary_broad
HS1992:710229,H0,710229,Industrial :-- Other,True,True,strict_raw_precious_stones_metals,strict_raw_precious_stones_metals
HS1992:711029,H0,711029,Palladium :-- Other,False,True,not_primary_strict,broad_precious_metal_semimanufactures_waste
HS1992:841013,H0,841013,"Hydraulic turbines and water wheels :-- Of a power exceeding 10,000 kW",False,False,not_primary_strict,not_primary_broad
HS1992:844832,H0,844832,"Parts and accessories of machines of heading No. 84.45 or of their auxiliary machinery :-- Of machines for preparing textile fibres, other than card clothing",False,False,not_primary_strict,not_primary_broad
HS1992:550700,H0,550700,"Artificial staple fibres, carded, combed or otherwise processed for spinning.",False,False,not_primary_strict,not_primary_broad
HS1992:570252,H0,570252,"Other, not of pile construction, not made up :-- Of man-made textile materials",False,False,not_primary_strict,not_primary_broad
HS1992:580110,H0,580110,Of wool or fine animal hair,False,False,not_primary_strict,not_primary_broad
HS1992:711049,H0,711049,"Iridium, osmium and ruthenium :-- Other",False,True,not_primary_strict,broad_precious_metal_semimanufactures_waste
HS1992:530310,H0,530310,"Jute and other textile bast fibres, raw or retted",True,True,strict_raw_textile_fibers,strict_raw_textile_fibers
HS1992:550310,H0,550310,Of nylon or other polyamides,False,False,not_primary_strict,not_primary_broad
HS1992:722220,H0,722220,"Bars and rods, not further worked than cold-formed or cold-finished",False,False,not_primary_strict,not_primary_broad
HS1992:810110,H0,810110,Powders,False,True,not_primary_strict,broad_unwrought_powder_waste_other_base_metals
HS1992:290820,H0,290820,"Derivatives containing only sulpho groups, their salts and esters",False,False,not_primary_strict,not_primary_broad
HS1992:290890,H0,290890,Other,False,False,not_primary_strict,not_primary_broad
HS1992:291817,H0,291817,"Carboxylic acids with alcohol function but without other oxygen function, their anhydrides, halides, peroxides, peroxyacids and their derivatives :-- Phenylglycolic acid (mandelic acid), its salts and esters",False,False,not_primary_strict,not_primary_broad
HS1992:291819,H0,291819,"Carboxylic acids with alcohol function but without other oxygen function, their anhydrides, halides, peroxides, peroxyacids and their derivatives :-- Other",False,False,not_primary_strict,not_primary_broad
HS1992:841210,H0,841210,Reaction engines other than turbo-jets,False,False,not_primary_strict,not_primary_broad
HS1992:844530,H0,844530,Textile doubling or twisting machines,False,False,not_primary_strict,not_primary_broad
HS1992:950621,H0,950621,"Water-skis, surf-boards, sailboards and other water-sport equipment :-- Sailboards",False,False,not_primary_strict,not_primary_broad
HS1992:292800,H0,292800,Organic derivatives of hydrazine or of hydroxylamine.,False,False,not_primary_strict,not_primary_broad
HS1992:370199,H0,370199,Other,False,False,not_primary_strict,not_primary_broad
HS1992:711510,H0,711510,"Catalysts in the form of wire cloth or grill, of platinum",False,False,not_primary_strict,not_primary_broad
HS1992:840120,H0,840120,"Machinery and apparatus for isotopic separation, and parts thereof",False,False,not_primary_strict,not_primary_broad
HS1992:840220,H0,840220,Super-heated water boilers,False,False,not_primary_strict,not_primary_broad
HS1992:841012,H0,841012,"Hydraulic turbines and water wheels :-- Of a power exceeding 1,000 kW but not exceeding 10,000 kW",False,False,not_primary_strict,not_primary_broad
HS1992:841111,H0,841111,Turbo-jets :-- Of a thrust not exceeding 25 kN,False,False,not_primary_strict,not_primary_broad
HS1992:841931,H0,841931,Dryers :-- For agricultural products,False,False,not_primary_strict,not_primary_broad
HS1992:842099,H0,842099,Parts :-- Other,False,False,not_primary_strict,not_primary_broad
HS1992:842832,H0,842832,"Other continuous-action elevators and conveyors, for goods or materials :-- Other, bucket type",False,False,not_primary_strict,not_primary_broad
HS1992:843353,H0,843353,Other harvesting machinery; threshing machinery :-- Root or tuber harvesting machines,False,False,not_primary_strict,not_primary_broad
HS1992:843930,H0,843930,Machinery for finishing paper or paperboard,False,False,not_primary_strict,not_primary_broad
HS1992:844512,H0,844512,Machines for preparing textile fibres :-- Combing machines,False,False,not_primary_strict,not_primary_broad
HS1992:844621,H0,844621,"For weaving fabrics of a width exceeding 30 cm, shuttle type :-- Power looms",False,False,not_primary_strict,not_primary_broad
HS1992:844820,H0,844820,Parts and accessories of machines of heading No. 84.44 or of their auxiliary machinery,False,False,not_primary_strict,not_primary_broad
HS1992:844831,H0,844831,Parts and accessories of machines of heading No. 84.45 or of their auxiliary machinery :-- Card clothing,False,False,not_primary_strict,not_primary_broad
HS1992:844842,H0,844842,"Parts and accessories of weaving machines (looms) or of their auxiliary machinery :-- Reeds for looms, healds and heald-frames",False,False,not_primary_strict,not_primary_broad
HS1992:844851,H0,844851,"Parts and accessories of machines of heading No. 84.47 or of their auxiliary machinery :-- Sinkers, needles and other articles used in forming stitches",False,False,not_primary_strict,not_primary_broad
HS1992:845510,H0,845510,Tube mills,False,False,not_primary_strict,not_primary_broad
HS1992:845620,H0,845620,Operated by ultrasonic processes,False,False,not_primary_strict,not_primary_broad
HS1992:845630,H0,845630,Operated by electro-discharge processes,False,False,not_primary_strict,not_primary_broad
HS1992:845730,H0,845730,Multi-station transfer machines,False,False,not_primary_strict,not_primary_broad
HS1992:845931,H0,845931,Other boring-milling machines :-- Numerically controlled,False,False,not_primary_strict,not_primary_broad
HS1992:845959,H0,845959,"Milling machines, knee-type :-- Other",False,False,not_primary_strict,not_primary_broad
HS1992:845961,H0,845961,Other milling machines :-- Numerically controlled,False,False,not_primary_strict,not_primary_broad
HS1992:846021,H0,846021,"Other grinding machines, in which the positioning in any one axis can be set up to an accuracy of at least 0.01 mm :-- Numerically controlled",False,False,not_primary_strict,not_primary_broad
HS1992:846031,H0,846031,Sharpening (tool or cutter grinding) machines :-- Numerically controlled,False,False,not_primary_strict,not_primary_broad
HS1992:846320,H0,846320,Thread rolling machines,False,False,not_primary_strict,not_primary_broad
HS1992:853223,H0,853223,"Other fixed capacitors :-- Ceramic dielectric, single layer",False,False,not_primary_strict,not_primary_broad
HS1992:853331,H0,853331,"Wirewound variable resistors, including rheostats and potentiometers :-- For a power handling capacity not exceeding 20 W",False,False,not_primary_strict,not_primary_broad
HS1992:854030,H0,854030,"Cathode-ray tubes, except for television",False,False,not_primary_strict,not_primary_broad
HS1992:854041,H0,854041,Magnetron tubes,False,False,not_primary_strict,not_primary_broad
HS1992:854042,H0,854042,Klystron tubes,False,False,not_primary_strict,not_primary_broad
HS1992:854049,H0,854049,"Microwave tubes, except magnetron/klystron",False,False,not_primary_strict,not_primary_broad
HS1992:854091,H0,854091,Parts :-- Of cathode-ray tubes,False,False,not_primary_strict,not_primary_broad
HS1992:854710,H0,854710,Insulating fittings of ceramics,False,False,not_primary_strict,not_primary_broad
HS1992:860711,H0,860711,"Bogies, bissel-bogies, axles and wheels, and parts thereof :-- Driving bogies and bissel-bogies",False,False,not_primary_strict,not_primary_broad
HS1992:860712,H0,860712,"Bogies, bissel-bogies, axles and wheels, and parts thereof :-- Other bogies and bissel-bogies",False,False,not_primary_strict,not_primary_broad
HS1992:860721,H0,860721,Brakes and parts thereof :-- Air brakes and parts thereof,False,False,not_primary_strict,not_primary_broad
HS1992:910812,H0,910812,Electrically operated :-- With opto-electronic display only,False,False,not_primary_strict,not_primary_broad
HS1992:910820,H0,910820,With automatic winding,False,False,not_primary_strict,not_primary_broad
HS1992:910911,H0,910911,Electrically operated :-- Of alarm clocks,False,False,not_primary_strict,not_primary_broad
HS1992:911012,H0,911012,"Of watches :-- Incomplete movements, assembled",False,False,not_primary_strict,not_primary_broad
HS1992:911019,H0,911019,Of watches :-- Rough movements,False,False,not_primary_strict,not_primary_broad
HS1992:911090,H0,911090,Other,False,False,not_primary_strict,not_primary_broad
HS1992:911210,H0,911210,Cases of metal,False,False,not_primary_strict,not_primary_broad
HS1992:911280,H0,911280,Other cases,False,False,not_primary_strict,not_primary_broad
HS1992:020312,H0,020312,"Fresh or chilled :-- Hams, shoulders and cuts thereof, with bone in",True,True,strict_hs01_10_12_14_raw_agriculture,strict_hs01_10_12_14_raw_agriculture
HS1992:050690,H0,050690,Other,True,True,strict_hs01_10_12_14_raw_agriculture,strict_hs01_10_12_14_raw_agriculture
HS1992:521011,H0,521011,Unbleached :-- Plain weave,False,False,not_primary_strict,not_primary_broad
HS1992:590491,H0,590491,Other :-- With a base consisting of needleloom felt or nonwovens,False,False,not_primary_strict,not_primary_broad
HS1992:590492,H0,590492,Other :-- With other textile base,False,False,not_primary_strict,not_primary_broad
HS1992:821290,H0,821290,Other parts,False,False,not_primary_strict,not_primary_broad
HS1992:020322,H0,020322,"Frozen :-- Hams, shoulders and cuts thereof, with bone in",True,True,strict_hs01_10_12_14_raw_agriculture,strict_hs01_10_12_14_raw_agriculture
HS1992:020442,H0,020442,"Other meat of sheep, frozen :-- Other cuts with bone in",True,True,strict_hs01_10_12_14_raw_agriculture,strict_hs01_10_12_14_raw_agriculture
HS1992:020443,H0,020443,"Other meat of sheep, frozen :-- Boneless",True,True,strict_hs01_10_12_14_raw_agriculture,strict_hs01_10_12_14_raw_agriculture
HS1992:020900,H0,020900,"Pig fat, free of lean meat, and poultry fat, not rendered or otherwise extracted, fresh, chilled, frozen, salted, in brine, dried or smoked.",True,True,strict_hs01_10_12_14_raw_agriculture,strict_hs01_10_12_14_raw_agriculture
HS1992:030549,H0,030549,"Smoked fish, including fillets :-- Other",True,True,strict_hs01_10_12_14_raw_agriculture,strict_hs01_10_12_14_raw_agriculture
HS1992:080430,H0,080430,Pineapples,True,True,strict_hs01_10_12_14_raw_agriculture,strict_hs01_10_12_14_raw_agriculture
HS1992:160300,H0,160300,"Extracts and juices of meat, fish or crustaceans, molluscs or other aquatic invertebrates.",False,False,not_primary_strict,not_primary_broad
HS1992:230120,H0,230120,"Flours, meals and pellets, of fish or of crustaceans, molluscs or other aquatic invertebrates",False,True,not_primary_strict,broad_first_stage_food_inputs_hs11_15_23
HS1992:270740,H0,270740,Naphthalene,False,True,not_primary_strict,broad_all_fuels_refinery_hs27
HS1992:280470,H0,280470,Phosphorus,False,False,not_primary_strict,not_primary_broad
HS1992:284450,H0,284450,Spent (irradiated) fuel elements (cartridges) of nuclear reactors,False,False,not_primary_strict,not_primary_broad
HS1992:580230,H0,580230,Tufted textile fabrics,False,False,not_primary_strict,not_primary_broad
HS1992:890520,H0,890520,Floating or submersible drilling or production platforms,False,False,not_primary_strict,not_primary_broad
HS1992:021020,H0,021020,Meat of bovine animals,True,True,strict_hs01_10_12_14_raw_agriculture,strict_hs01_10_12_14_raw_agriculture
HS1992:150430,H0,150430,"Fats and oils and their fractions, of marine mammals",False,True,not_primary_strict,broad_first_stage_food_inputs_hs11_15_23
HS1992:291470,H0,291470,"Halogenated, sulphonated, nitrated or nitrosated derivatives",False,False,not_primary_strict,not_primary_broad
HS1992:293890,H0,293890,Other,False,False,not_primary_strict,not_primary_broad
HS1992:810293,H0,810293,Other :-- Wire,False,False,not_primary_strict,not_primary_broad
HS1992:842850,H0,842850,"Mine wagon pushers, locomotive or wagon traversers, wagon tippers and similar railway wagon handling equipment",False,False,not_primary_strict,not_primary_broad
HS1992:230620,H0,230620,Of linseed,False,True,not_primary_strict,broad_first_stage_food_inputs_hs11_15_23
HS1992:284410,H0,284410,"Natural uranium and its compounds; alloys, dispersions (including cermets), ceramic products and mixtures containing natural uranium or natural uranium compounds",False,False,not_primary_strict,not_primary_broad
HS1992:290241,H0,290241,Xylenes:-- o-Xylene,False,False,not_primary_strict,not_primary_broad
HS1992:291219,H0,291219,Acyclic aldehydes without other oxygen function :-- Other,False,False,not_primary_strict,not_primary_broad
HS1992:810291,H0,810291,"Other :-- Unwrought molybdenum, including bars and rods obtained simply by sintering; waste and scrap",False,True,not_primary_strict,broad_unwrought_powder_waste_other_base_metals
HS1992:880110,H0,880110,Gliders and hang gliders,False,False,not_primary_strict,not_primary_broad
HS1992:020722,H0,020722,"Turkeys, domestic, whole, frozen",True,True,strict_hs01_10_12_14_raw_agriculture,strict_hs01_10_12_14_raw_agriculture
HS1992:130211,H0,130211,Vegetable saps and extracts :-- Opium,True,True,strict_hs01_10_12_14_raw_agriculture,strict_hs01_10_12_14_raw_agriculture
HS1992:281530,H0,281530,Peroxides of sodium or potassium,False,False,not_primary_strict,not_primary_broad
HS1992:283220,H0,283220,Other sulphites,False,False,not_primary_strict,not_primary_broad
HS1992:283421,H0,283421,Nitrates:-- Of potassium,False,False,not_primary_strict,not_primary_broad
HS1992:710900,H0,710900,"Base metals or silver, clad with gold, not further worked than semi-manufactured.",False,True,not_primary_strict,broad_precious_metal_semimanufactures_waste
HS1992:731519,H0,731519,Articulated link chain and parts thereof :-- Parts,False,False,not_primary_strict,not_primary_broad
HS1992:811211,H0,811211,Beryllium :-- Unwrought; waste and scrap; powders,False,True,not_primary_strict,broad_unwrought_powder_waste_other_base_metals
HS1992:890800,H0,890800,Vessels and other floating structures for breaking up.,False,False,not_primary_strict,not_primary_broad
HS1992:010310,H0,010310,Pure-bred breeding animals,True,True,strict_hs01_10_12_14_raw_agriculture,strict_hs01_10_12_14_raw_agriculture
HS1992:010599,H0,010599,Other,True,True,strict_hs01_10_12_14_raw_agriculture,strict_hs01_10_12_14_raw_agriculture
HS1992:030510,H0,030510,"Flours, meals and pellets of fish, fit for human consumption",True,True,strict_hs01_10_12_14_raw_agriculture,strict_hs01_10_12_14_raw_agriculture
HS1992:040819,H0,040819,"Egg yolks :- In powder, granules or other solid forms, of a fat content, by weight, exceeding 1.5 % :-- Other",True,True,strict_hs01_10_12_14_raw_agriculture,strict_hs01_10_12_14_raw_agriculture
HS1992:040891,H0,040891,Other :-- Dried,True,True,strict_hs01_10_12_14_raw_agriculture,strict_hs01_10_12_14_raw_agriculture
HS1992:100400,H0,100400,Oats.,True,True,strict_hs01_10_12_14_raw_agriculture,strict_hs01_10_12_14_raw_agriculture
HS1992:160510,H0,160510,Crab,False,False,not_primary_strict,not_primary_broad
HS1992:160530,H0,160530,Lobster,False,False,not_primary_strict,not_primary_broad
HS1992:283521,H0,283521,Triammonium phosphate,False,False,not_primary_strict,not_primary_broad
HS1992:283523,H0,283523,Phosphates:-- Of trisodium,False,False,not_primary_strict,not_primary_broad
HS1992:283529,H0,283529,Phosphates:-- Other,False,False,not_primary_strict,not_primary_broad
HS1992:290260,H0,290260,Ethylbenzene,False,False,not_primary_strict,not_primary_broad
HS1992:290611,H0,290611,"Cyclanic, cyclenic or cycloterpenic:-- Menthol",False,False,not_primary_strict,not_primary_broad
HS1992:290723,H0,290723,"Polyphenols :-- 4,4'-Isopropylidenediphenol (bisphenol A, diphenylolpropane) and its salts",False,False,not_primary_strict,not_primary_broad
HS1992:291213,H0,291213,"Acyclic aldehydes without other oxygen function :-- Butanal (butyraldehyde, normal isomer)",False,False,not_primary_strict,not_primary_broad
HS1992:291511,H0,291511,"Formic acid, its salts and esters :-- Formic acid",False,False,not_primary_strict,not_primary_broad
HS1992:292320,H0,292320,Lecithins and other phosphoaminolipids,False,False,not_primary_strict,not_primary_broad
HS1992:293221,H0,293221,"Lactones :-- Coumarin, methylcoumarins and ethylcoumarins",False,False,not_primary_strict,not_primary_broad
HS1992:293229,H0,293229,Lactones :-- Other lactones,False,False,not_primary_strict,not_primary_broad
HS1992:293799,H0,293799,Other hormones and their derivatives; other steroids used primarily as hormones :-- Other,False,False,not_primary_strict,not_primary_broad
HS1992:320120,H0,320120,Wattle extract,False,False,not_primary_strict,not_primary_broad
HS1992:340420,H0,340420,Of polyethylene glycol,False,False,not_primary_strict,not_primary_broad
HS1992:400291,H0,400291,Other :-- Latex,False,False,not_primary_strict,not_primary_broad
HS1992:400610,H0,400610,Camel-back strips for retreading rubber tyres,False,False,not_primary_strict,not_primary_broad
HS1992:500600,H0,500600,"Silk yarn and yarn spun from silk waste, put up for retail sale; silk-worm gut.",False,False,not_primary_strict,not_primary_broad
HS1992:530929,H0,530929,Containing less than 85 % by weight of flax :-- Other,False,False,not_primary_strict,not_primary_broad
HS1992:551413,H0,551413,Unbleached or bleached :-- Other woven fabrics of polyester staple fibres,False,False,not_primary_strict,not_primary_broad
HS1992:551419,H0,551419,Unbleached or bleached :-- Other woven fabrics,False,False,not_primary_strict,not_primary_broad
HS1992:551519,H0,551519,Of polyester staple fibres :-- Other,False,False,not_primary_strict,not_primary_broad
HS1992:721510,H0,721510,"Of free-cutting steel, not further worked than cold-formed or cold-finished",False,False,not_primary_strict,not_primary_broad
HS1992:722880,H0,722880,Hollow drill bars and rods,False,False,not_primary_strict,not_primary_broad
HS1992:730511,H0,730511,Line pipe of a kind used for oil or gas pipelines :-- Longitudinally submerged arc welded,False,False,not_primary_strict,not_primary_broad
HS1992:750511,H0,750511,"Bars, rods and profiles :-- Of nickel, not alloyed",False,False,not_primary_strict,not_primary_broad
HS1992:810390,H0,810390,Other,False,False,not_primary_strict,not_primary_broad
HS1992:860400,H0,860400,"Railway or tramway maintenance or service vehicles, whether or not self-propelled (for example, workshops, cranes, ballast tampers, trackliners, testing coaches and track inspection vehicles).",False,False,not_primary_strict,not_primary_broad
HS1992:960920,H0,960920,"Pencil leads, black or coloured",False,False,not_primary_strict,not_primary_broad
HS1992:020321,H0,020321,Frozen :-- Carcasses and half-carcasses,True,True,strict_hs01_10_12_14_raw_agriculture,strict_hs01_10_12_14_raw_agriculture
HS1992:020641,H0,020641,"Of swine, frozen :-- Livers",True,True,strict_hs01_10_12_14_raw_agriculture,strict_hs01_10_12_14_raw_agriculture
HS1992:030264,H0,030264,"Other fish, excluding livers and roes :-- Mackerel (Scomber scombrus, Scomber australasicus, Scomber japonicus)",True,True,strict_hs01_10_12_14_raw_agriculture,strict_hs01_10_12_14_raw_agriculture
HS1992:050790,H0,050790,Other,True,True,strict_hs01_10_12_14_raw_agriculture,strict_hs01_10_12_14_raw_agriculture
HS1992:090700,H0,090700,"Cloves (whole fruit, cloves and stems).",True,True,strict_hs01_10_12_14_raw_agriculture,strict_hs01_10_12_14_raw_agriculture
HS1992:230220,H0,230220,Of rice,False,True,not_primary_strict,broad_first_stage_food_inputs_hs11_15_23
HS1992:284210,H0,284210,Double or complex silicates,False,False,not_primary_strict,not_primary_broad
HS1992:284990,H0,284990,Other,False,False,not_primary_strict,not_primary_broad
HS1992:290513,H0,290513,Saturated monohydric alcohols:-- Butan-1-ol (n-butyl alcohol),False,False,not_primary_strict,not_primary_broad
HS1992:291739,H0,291739,"Aromatic polycarboxylic acids, their anhydrides, halides, peroxides, peroxyacids and their derivatives :-- Other",False,False,not_primary_strict,not_primary_broad
HS1992:291900,H0,291900,"Phosphoric esters and their salts, including lactophosphates; their halogenated, sulphonated, nitrated or nitrosated derivatives.",False,False,not_primary_strict,not_primary_broad
HS1992:293910,H0,293910,Alkaloids of opium and their derivatives; salts thereof,False,False,not_primary_strict,not_primary_broad
HS1992:310320,H0,310320,Basic slag,False,False,not_primary_strict,not_primary_broad
HS1992:521042,H0,521042,"Of yarns of different colours :-- 3-thread or 4-thread twill, including cross twill",False,False,not_primary_strict,not_primary_broad
HS1992:521149,H0,521149,Of yarns of different colours :-- Other fabrics,False,False,not_primary_strict,not_primary_broad
HS1992:530129,H0,530129,"Flax, broken, scutched, hackled or otherwise processed, but not spun :-- Other",True,True,strict_raw_textile_fibers,strict_raw_textile_fibers
HS1992:530620,H0,530620,Multiple (folded) or cabled,False,False,not_primary_strict,not_primary_broad
HS1992:540261,H0,540261,"Other yarn, multiple (folded) or cabled :-- Of nylon or other polyamides",False,False,not_primary_strict,not_primary_broad
HS1992:581100,H0,581100,"Quilted textile products in the piece, composed of one or more layers of textile materials assembled with padding by stitching or otherwise, other than embroidery of heading No. 58.10.",False,False,not_primary_strict,not_primary_broad
HS1992:721921,H0,721921,"Not further worked than hot-rolled, not in coils :-- Of a thickness exceeding 10 mm",False,False,not_primary_strict,not_primary_broad
HS1992:721924,H0,721924,"Not further worked than hot-rolled, not in coils :-- Of a thickness of less than 3 mm",False,False,not_primary_strict,not_primary_broad
HS1992:780411,H0,780411,"Plates, sheets, strip and foil :-- Sheets, strip and foil of a thickness (excluding any backing) not exceeding 0.2 mm",False,False,not_primary_strict,not_primary_broad
HS1992:820150,H0,820150,Secateurs and similar one-handed pruners and shears (including poultry shears),False,False,not_primary_strict,not_primary_broad
HS1992:920810,H0,920810,Musical boxes,False,False,not_primary_strict,not_primary_broad
HS1992:020723,H0,020723,"Ducks, geese and guinea fowls, domestic, whole, froze",True,True,strict_hs01_10_12_14_raw_agriculture,strict_hs01_10_12_14_raw_agriculture
HS1992:282751,H0,282751,Bromides and bromide oxides:-- Bromides of sodium or of potassium,False,False,not_primary_strict,not_primary_broad
HS1992:284430,H0,284430,"Uranium depleted in U 235 and its compounds; thorium and its compounds; alloys, dispersions (including cermets), ceramic products and mixtures containing uranium depleted in U 235, thorium or compounds of these products",False,False,not_primary_strict,not_primary_broad
HS1992:291413,H0,291413,Acyclic ketones without other oxygen function :-- 4-Methylpentan-2-one (methyl isobutyl ketone),False,False,not_primary_strict,not_primary_broad
HS1992:291612,H0,291612,"Unsaturated acyclic monocarboxylic acids, their anhydrides, halides, peroxides, peroxyacids and their derivatives :-- Esters of acrylic acid",False,False,not_primary_strict,not_primary_broad
HS1992:310410,H0,310410,"Carnallite, sylvite and other crude natural potassium salts",False,False,not_primary_strict,not_primary_broad
HS1992:390520,H0,390520,Polyvinyl alcohols in primary form,False,False,not_primary_strict,not_primary_broad
HS1992:392094,H0,392094,Of other plastics :-- Of phenolic resins,False,False,not_primary_strict,not_primary_broad
HS1992:400259,H0,400259,Acrylonitrile-butadiene rubber (NBR) :-- Other,False,False,not_primary_strict,not_primary_broad
HS1992:400270,H0,400270,Ethylene-propylene-non-conjugated diene rubber (EPDM),False,False,not_primary_strict,not_primary_broad
HS1992:511000,H0,511000,"Yarn of coarse animal hair or of horsehair (including gimped horsehair yarn), whether or not put up for retail sale.",False,False,not_primary_strict,not_primary_broad
HS1992:521051,H0,521051,Printed :-- Plain weave,False,False,not_primary_strict,not_primary_broad
HS1992:591140,H0,591140,"Straining cloth of a kind used in oil presses or the     like, including that of human hair",False,False,not_primary_strict,not_primary_broad
HS1992:681410,H0,681410,"Plates, sheets and strips of agglomerated or reconstituted mica, whether or not on a support",False,False,not_primary_strict,not_primary_broad
HS1992:720933,H0,720933,"Cold rolled iron or non-alloy steel, flat, w >600mm, t 0.5-1mm, 355 mpa",False,False,not_primary_strict,not_primary_broad
HS1992:720943,H0,720943,"Cold rolled iron or non-alloy steel, flat, width >600mm, t 0.5-1mm, nes",False,False,not_primary_strict,not_primary_broad
HS1992:722510,H0,722510,"Flat rolled silicon-electrical steel, width >600mm",False,False,not_primary_strict,not_primary_broad
HS1992:810490,H0,810490,Other,False,False,not_primary_strict,not_primary_broad
HS1992:010391,H0,010391,Other :-- Weighing less than 50 kg,True,True,strict_hs01_10_12_14_raw_agriculture,strict_hs01_10_12_14_raw_agriculture
HS1992:100200,H0,100200,Rye.,True,True,strict_hs01_10_12_14_raw_agriculture,strict_hs01_10_12_14_raw_agriculture
HS1992:100820,H0,100820,Millet,True,True,strict_hs01_10_12_14_raw_agriculture,strict_hs01_10_12_14_raw_agriculture
HS1992:140110,H0,140110,Bamboos,True,True,strict_hs01_10_12_14_raw_agriculture,strict_hs01_10_12_14_raw_agriculture
HS1992:151511,H0,151511,Linseed oil and its fractions :-- Crude oil,False,True,not_primary_strict,broad_first_stage_food_inputs_hs11_15_23
HS1992:283522,H0,283522,Phosphates:-- Of mono- or disodium,False,False,not_primary_strict,not_primary_broad
HS1992:284310,H0,284310,Colloidal precious metals,False,False,not_primary_strict,not_primary_broad
HS1992:290713,H0,290713,"Monophenols :-- Octylphenol, nonylphenol and their isomers; salts thereof",False,False,not_primary_strict,not_primary_broad
HS1992:291513,H0,291513,"Formic acid, its salts and esters :-- Esters of formic acid",False,False,not_primary_strict,not_primary_broad
HS1992:291524,H0,291524,Acetic acid and its salts; acetic anhydride :-- Acetic anhydride,False,False,not_primary_strict,not_primary_broad
HS1992:292520,H0,292520,Imines and their derivatives; salts thereof,False,False,not_primary_strict,not_primary_broad
HS1992:530410,H0,530410,"Sisal and other textile fibres of the genus Agave, raw",True,True,strict_raw_textile_fibers,strict_raw_textile_fibers
HS1992:530490,H0,530490,Other,True,True,strict_raw_textile_fibers,strict_raw_textile_fibers
HS1992:530511,H0,530511,Of coconut (coir) :-- Raw,True,True,strict_raw_textile_fibers,strict_raw_textile_fibers
HS1992:530519,H0,530519,Of coconut (coir) :-- Other,True,True,strict_raw_textile_fibers,strict_raw_textile_fibers
HS1992:530521,H0,530521,Of abaca :-- Raw,True,True,strict_raw_textile_fibers,strict_raw_textile_fibers
HS1992:530529,H0,530529,Of abaca :-- Other,True,True,strict_raw_textile_fibers,strict_raw_textile_fibers
HS1992:530591,H0,530591,Other :-- Raw,True,True,strict_raw_textile_fibers,strict_raw_textile_fibers
HS1992:530599,H0,530599,Other,True,True,strict_raw_textile_fibers,strict_raw_textile_fibers
HS1992:530720,H0,530720,Multiple (folded) or cabled,False,False,not_primary_strict,not_primary_broad
HS1992:550999,H0,550999,Other yarn :-- Other,False,False,not_primary_strict,not_primary_broad
HS1992:721933,H0,721933,Not further worked than cold-rolled (cold-reduced) :-- Of a thickness exceeding 1 mm but less than 3 mm,False,False,not_primary_strict,not_primary_broad
HS1992:750110,H0,750110,Nickel mattes,False,True,not_primary_strict,broad_first_stage_metals_scrap
HS1992:750712,H0,750712,Tubes and pipes :-- Of nickel alloys,False,False,not_primary_strict,not_primary_broad
HS1992:800120,H0,800120,Tin alloys,False,True,not_primary_strict,broad_first_stage_metals_scrap
HS1992:080120,H0,080120,"Brazil nuts, fresh or dried",True,True,strict_hs01_10_12_14_raw_agriculture,strict_hs01_10_12_14_raw_agriculture
HS1992:090830,H0,090830,Cardamoms,True,True,strict_hs01_10_12_14_raw_agriculture,strict_hs01_10_12_14_raw_agriculture
HS1992:100700,H0,100700,Grain sorghum.,True,True,strict_hs01_10_12_14_raw_agriculture,strict_hs01_10_12_14_raw_agriculture
HS1992:100810,H0,100810,Buckwheat,True,True,strict_hs01_10_12_14_raw_agriculture,strict_hs01_10_12_14_raw_agriculture
HS1992:110430,H0,110430,"Germ of cereals, whole, rolled, flaked or ground",False,True,not_primary_strict,broad_first_stage_food_inputs_hs11_15_23
HS1992:110814,H0,110814,Starches :-- Manioc (cassava) starch,False,True,not_primary_strict,broad_first_stage_food_inputs_hs11_15_23
HS1992:110900,H0,110900,"Wheat gluten, whether or not dried",False,True,not_primary_strict,broad_first_stage_food_inputs_hs11_15_23
HS1992:151311,H0,151311,Coconut (copra) oil and its fractions :-- Crude oil,False,True,not_primary_strict,broad_first_stage_food_inputs_hs11_15_23
HS1992:230640,H0,230640,Of rape or colza seeds,False,True,not_primary_strict,broad_first_stage_food_inputs_hs11_15_23
HS1992:280530,H0,280530,"Rare-earth metals, scandium and yttrium, whether or not intermixed or interalloyed",False,False,not_primary_strict,not_primary_broad
HS1992:283800,H0,283800,"Fulminates, cyanates and thiocyanates",False,False,not_primary_strict,not_primary_broad
HS1992:290541,H0,290541,"Other polyhydric alcohols:-- 2-Ethyl-2-(hydroxymethyl)propane-1,3-diol (trimethylolpropane)",False,False,not_primary_strict,not_primary_broad
HS1992:290911,H0,290911,"Acyclic ethers and their halogenated, sulphonated, nitrated or nitrosated derivatives :-- Diethyl ether",False,False,not_primary_strict,not_primary_broad
HS1992:290942,H0,290942,"Ether-alcohols and their halogenated, sulphonated, nitrated or nitrosated derivatives :-- Monomethyl ethers of ethylene glycol or of diethylene glycol",False,False,not_primary_strict,not_primary_broad
HS1992:310270,H0,310270,Calcium cyanamide,False,False,not_primary_strict,not_primary_broad
HS1992:392079,H0,392079,Of cellulose or its chemical derivatives :-- Of other cellulose derivatives,False,False,not_primary_strict,not_primary_broad
HS1992:530110,H0,530110,"Flax, raw or retted",True,True,strict_raw_textile_fibers,strict_raw_textile_fibers
HS1992:530390,H0,530390,Other,True,True,strict_raw_textile_fibers,strict_raw_textile_fibers
HS1992:540743,H0,540743,"Other woven fabrics, containing 85 % or more by weight of filaments of nylon or other polyamides :-- Of yarns of different colours",False,False,not_primary_strict,not_primary_broad
HS1992:550120,H0,550120,Of polyesters,False,False,not_primary_strict,not_primary_broad
HS1992:550959,H0,550959,"Other yarn, of polyester staple fibres :-- Other",False,False,not_primary_strict,not_primary_broad
HS1992:551291,H0,551291,Other :-- Unbleached or bleached,False,False,not_primary_strict,not_primary_broad
HS1992:551313,H0,551313,Unbleached or bleached :-- Other woven fabrics of polyester staple fibres,False,False,not_primary_strict,not_primary_broad
HS1992:750711,H0,750711,"Tubes and pipes :-- Of nickel, not alloyed",False,False,not_primary_strict,not_primary_broad
HS1992:811219,H0,811219,Beryllium :-- Other,False,False,not_primary_strict,not_primary_broad
HS1992:030541,H0,030541,"Smoked fish, including fillets :-- Pacific salmon (Oncorhynchus nerka, Oncorhynchus gorbuscha, Oncorhynchus keta, Oncorhynchus tschawytscha, Oncorhynchus kisutch, Oncorhynchus masou and Oncorhynchus rhodurus), Altantic salmon (Salmo s",True,True,strict_hs01_10_12_14_raw_agriculture,strict_hs01_10_12_14_raw_agriculture
HS1992:030562,H0,030562,"Fish, salted but not dried or smoked and fish in brine :-- Cod (Gadus morhua, Gadus ogac, Gadus macrocephalus)",True,True,strict_hs01_10_12_14_raw_agriculture,strict_hs01_10_12_14_raw_agriculture
HS1992:050210,H0,050210,"Pigs', hogs' or boars' bristles and hair and waste thereof",True,True,strict_hs01_10_12_14_raw_agriculture,strict_hs01_10_12_14_raw_agriculture
HS1992:290323,H0,290323,Unsaturated chlorinated derivatives of acyclic hydrocarbons:-- Tetrachloroethylene (perchloroethylene),False,False,not_primary_strict,not_primary_broad
HS1992:290614,H0,290614,"Cyclanic, cyclenic or cycloterpenic:-- Terpineols",False,False,not_primary_strict,not_primary_broad
HS1992:290619,H0,290619,"Cyclanic, cyclenic or cycloterpenic:-- Other",False,False,not_primary_strict,not_primary_broad
HS1992:292129,H0,292129,Acyclic polyamines and their derivatives; salts thereof :-- Other,False,False,not_primary_strict,not_primary_broad
HS1992:550340,H0,550340,Of polypropylene,False,False,not_primary_strict,not_primary_broad
HS1992:551642,H0,551642,"Containing less than 85 % by weight of artificial staple fibres, mixed mainly or solely with cotton :-- Dyed",False,False,not_primary_strict,not_primary_broad
HS1992:600129,H0,600129,Looped pile fabrics :-- Of other textile materials,False,False,not_primary_strict,not_primary_broad
HS1992:710420,H0,710420,"Other, unworked or simply sawn or roughly shaped",True,True,strict_raw_precious_stones_metals,strict_raw_precious_stones_metals
HS1992:740911,H0,740911,Of refined copper :-- In coils,False,False,not_primary_strict,not_primary_broad
HS1992:750620,H0,750620,Of nickel alloys,False,False,not_primary_strict,not_primary_broad
HS1992:120300,H0,120300,Copra.,True,True,strict_hs01_10_12_14_raw_agriculture,strict_hs01_10_12_14_raw_agriculture
HS1992:252810,H0,252810,Natural sodium borates and concentrates thereof (whether or not calcined),True,True,strict_minerals_ores_hs25_26,strict_minerals_ores_hs25_26
HS1992:252890,H0,252890,Other,True,True,strict_minerals_ores_hs25_26,strict_minerals_ores_hs25_26
HS1992:282732,H0,282732,Other chlorides:-- Of aluminium,False,False,not_primary_strict,not_primary_broad
HS1992:284120,H0,284120,Chromates of zinc or of lead,False,False,not_primary_strict,not_primary_broad
HS1992:284140,H0,284140,Potassium dichromate,False,False,not_primary_strict,not_primary_broad
HS1992:284150,H0,284150,Other chromates and dichromates; peroxochromates,False,False,not_primary_strict,not_primary_broad
HS1992:381512,H0,381512,Supported catalysts :-- With precious metal or precious metal compounds as the active substance,False,False,not_primary_strict,not_primary_broad
HS1992:391310,H0,391310,"Alginic acid, its salts and esters",False,False,not_primary_strict,not_primary_broad
HS1992:520532,H0,520532,"Multiple (folded) or cabled yarn, of uncombed fibres :-- Measuring per single yarn less than 714.29 decitex but not less than 232.56 decitex (exceeding 14 metric number but not exceeding 43 metric number per singl",False,False,not_primary_strict,not_primary_broad
HS1992:520542,H0,520542,"Multiple (folded) or cabled yarn, of combed fibres :-- Measuring per single yarn less than 714.29 decitex but not less than 232.56 decitex (exceeding 14 metric number but not exceeding 43 metric number per single",False,False,not_primary_strict,not_primary_broad
HS1992:521221,H0,521221,Weighing more than 200 g/m2 :-- Unbleached,False,False,not_primary_strict,not_primary_broad
HS1992:550110,H0,550110,Of nylon or other polyamides,False,False,not_primary_strict,not_primary_broad
HS1992:551332,H0,551332,"Of yarns of different colours :-- 3-thread or 4-thread twill, including cross twill, of polyester staple fibres",False,False,not_primary_strict,not_primary_broad
HS1992:551339,H0,551339,Of yarns of different colours :-- Other woven fabrics,False,False,not_primary_strict,not_primary_broad
HS1992:701120,H0,701120,For cathode-ray tubes,False,False,not_primary_strict,not_primary_broad
HS1992:740313,H0,740313,Refined copper :-- Billets,False,True,not_primary_strict,broad_first_stage_metals_scrap
HS1992:020441,H0,020441,"Other meat of sheep, frozen :-- Carcasses and half-carcasses",True,True,strict_hs01_10_12_14_raw_agriculture,strict_hs01_10_12_14_raw_agriculture
HS1992:080221,H0,080221,Hazelnuts or filberts (Corylus spp.) :-- In shell,True,True,strict_hs01_10_12_14_raw_agriculture,strict_hs01_10_12_14_raw_agriculture
HS1992:290329,H0,290329,Unsaturated chlorinated derivatives of acyclic hydrocarbons:-- Other,False,False,not_primary_strict,not_primary_broad
HS1992:290729,H0,290729,Polyphenols :-- Other,False,False,not_primary_strict,not_primary_broad
HS1992:290730,H0,290730,Phenol-alcohols,False,False,not_primary_strict,not_primary_broad
HS1992:291229,H0,291229,Cyclic aldehydes without other oxygen function :-- Other,False,False,not_primary_strict,not_primary_broad
HS1992:291419,H0,291419,Acyclic ketones without other oxygen function :-- Other,False,False,not_primary_strict,not_primary_broad
HS1992:293219,H0,293219,Compounds containing an unfused furan ring (whether or not hydrogenated) in the structure :-- Other,False,False,not_primary_strict,not_primary_broad
HS1992:500500,H0,500500,"Yarn spun from silk waste, not put up for retail sale.",False,False,not_primary_strict,not_primary_broad
HS1992:520952,H0,520952,"Printed :-- 3-thread or 4-thread twill, including cross twill",False,False,not_primary_strict,not_primary_broad
HS1992:521012,H0,521012,"Unbleached :-- 3-thread or 4-thread twill, including cross twill",False,False,not_primary_strict,not_primary_broad
HS1992:550953,H0,550953,"Other yarn, of polyester staple fibres :-- Mixed mainly or solely with cotton",False,False,not_primary_strict,not_primary_broad
HS1992:551693,H0,551693,Other :-- Of yarns of different colours,False,False,not_primary_strict,not_primary_broad
HS1992:600121,H0,600121,Looped pile fabrics :-- Of cotton,False,False,not_primary_strict,not_primary_broad
HS1992:740919,H0,740919,Of refined copper :-- Other,False,False,not_primary_strict,not_primary_broad
HS1992:811230,H0,811230,Germanium,False,False,not_primary_strict,not_primary_broad
HS1992:811240,H0,811240,Vanadium,False,False,not_primary_strict,not_primary_broad
HS1992:811299,H0,811299,Other,False,False,not_primary_strict,not_primary_broad
HS1992:110720,H0,110720,Roasted,False,True,not_primary_strict,broad_first_stage_food_inputs_hs11_15_23
HS1992:261220,H0,261220,Thorium ores and concentrates,True,True,strict_minerals_ores_hs25_26,strict_minerals_ores_hs25_26
HS1992:282749,H0,282749,Chloride oxides and chloride hydroxides:-- Other,False,False,not_primary_strict,not_primary_broad
HS1992:284011,H0,284011,Disodium tetraborate (refined borax):-- Anhydrous,False,False,not_primary_strict,not_primary_broad
HS1992:291211,H0,291211,Acyclic aldehydes without other oxygen function :-- Methanal (formaldehyde),False,False,not_primary_strict,not_primary_broad
HS1992:291633,H0,291633,"Phenylacetic acid, its salts & esters",False,False,not_primary_strict,not_primary_broad
HS1992:292211,H0,292211,"Amino-alcohols, their ethers and esters, other than those containing more than one kind of oxygen function; salts thereof :-- Monoethanolamine and its salts",False,False,not_primary_strict,not_primary_broad
HS1992:380510,H0,380510,"Gum, wood or sulphate turpentine oils",False,False,not_primary_strict,not_primary_broad
HS1992:500710,H0,500710,Fabrics of noil silk,False,False,not_primary_strict,not_primary_broad
HS1992:510530,H0,510530,"Fine animal hair, carded or combed",True,True,strict_raw_textile_fibers,strict_raw_textile_fibers
HS1992:520522,H0,520522,"Single yarn, of combed fibres :-- Measuring less than 714.29 decitex but not less than 232.56 decitex (exceeding 14 metric number but not exceeding 43 metric number)",False,False,not_primary_strict,not_primary_broad
HS1992:540251,H0,540251,"Other yarn, single, with a twist exceeding 50 turns per metre :-- Of nylon or other polyamides",False,False,not_primary_strict,not_primary_broad
HS1992:540269,H0,540269,"Other yarn, multiple (folded) or cabled :-- Other",False,False,not_primary_strict,not_primary_broad
HS1992:721050,H0,721050,Plated or coated with chromium oxides or with chromium and chromium oxides,False,False,not_primary_strict,not_primary_broad
HS1992:721112,H0,721112,"Hot rolled iron or non-alloy steel, width <600mm, t >4.75mm, myp 355",False,False,not_primary_strict,not_primary_broad
HS1992:721122,H0,721122,"Hot rolled iron or non-alloy steel, width <600mm, t >4.75mm, unclad nes",False,False,not_primary_strict,not_primary_broad
HS1992:722710,H0,722710,Of high speed steel,False,False,not_primary_strict,not_primary_broad
HS1992:810193,H0,810193,Other :-- Wire,False,False,not_primary_strict,not_primary_broad
HS1992:860390,H0,860390,Other,False,False,not_primary_strict,not_primary_broad
HS1992:860620,H0,860620,"Insulated or refrigerated vans and wagons, other than those of subheading No. 8606.10",False,False,not_primary_strict,not_primary_broad
HS1992:880250,H0,880250,"Spacecraft, satellites and spacecraft launch vehicles",False,False,not_primary_strict,not_primary_broad
HS1992:010392,H0,010392,Other :-- Weighing 50 kg or more,True,True,strict_hs01_10_12_14_raw_agriculture,strict_hs01_10_12_14_raw_agriculture
HS1992:030561,H0,030561,"Fish, salted but not dried or smoked and fish in brine :-- Herrings (Clupea harengus, Clupea pallasii)",True,True,strict_hs01_10_12_14_raw_agriculture,strict_hs01_10_12_14_raw_agriculture
HS1992:070521,H0,070521,Chicory :-- Witloof chicory (Cichorium intybus var.foliosum),True,True,strict_hs01_10_12_14_raw_agriculture,strict_hs01_10_12_14_raw_agriculture
HS1992:140420,H0,140420,Cotton linters,True,True,strict_hs01_10_12_14_raw_agriculture,strict_hs01_10_12_14_raw_agriculture
HS1992:151321,H0,151321,Palm kernel or babassu oil and fractions thereof :-- Crude oil,False,True,not_primary_strict,broad_first_stage_food_inputs_hs11_15_23
HS1992:230320,H0,230320,"Beet-pulp, bagasse and other waste of sugar manufacture",False,True,not_primary_strict,broad_first_stage_food_inputs_hs11_15_23
HS1992:230330,H0,230330,Brewing or distilling dregs and waste,False,True,not_primary_strict,broad_first_stage_food_inputs_hs11_15_23
HS1992:283911,H0,283911,Of sodium:-- Sodium metasilicates,False,False,not_primary_strict,not_primary_broad
HS1992:291632,H0,291632,"Aromatic monocarboxylic acids, their anhydrides, halides, peroxides, peroxyacids and their derivatives :-- Benzoyl peroxide and benzoyl chloride",False,False,not_primary_strict,not_primary_broad
HS1992:293628,H0,293628,"Vitamins and their derivatives, unmixed :-- Vitamin E and its derivatives",False,False,not_primary_strict,not_primary_broad
HS1992:293792,H0,293792,Other hormones and their derivatives; other steroids used primarily as hormones :-- Oestrogens and progestogens,False,False,not_primary_strict,not_primary_broad
HS1992:381511,H0,381511,Supported catalysts :-- With nickel or nickel compounds as the active substance,False,False,not_primary_strict,not_primary_broad
HS1992:391212,H0,391212,Cellulose acetates :-- Plasticised,False,False,not_primary_strict,not_primary_broad
HS1992:470610,H0,470610,Cotton linters pulp,False,True,not_primary_strict,broad_processed_wood_pulp_waste
HS1992:521022,H0,521022,"Bleached :-- 3-thread or 4-thread twill, including cross twill",False,False,not_primary_strict,not_primary_broad
HS1992:521029,H0,521029,Bleached :-- Other fabrics,False,False,not_primary_strict,not_primary_broad
HS1992:551020,H0,551020,"Other yarn, mixed mainly or solely with wool or fine animal hair",False,False,not_primary_strict,not_primary_broad
HS1992:722520,H0,722520,Of high speed steel,False,False,not_primary_strict,not_primary_broad
HS1992:722540,H0,722540,"Other, not further worked than hot-rolled, not in coils",False,False,not_primary_strict,not_primary_broad
HS1992:811100,H0,811100,"Manganese and articles thereof, including waste and scrap.",False,True,not_primary_strict,broad_unwrought_powder_waste_other_base_metals
HS1992:030542,H0,030542,"Smoked fish, including fillets :-- Herrings (Clupea harengus, Clupea pallasii)",True,True,strict_hs01_10_12_14_raw_agriculture,strict_hs01_10_12_14_raw_agriculture
HS1992:293710,H0,293710,"Pituitary (anterior) or similar hormones, and their derivatives",False,False,not_primary_strict,not_primary_broad
HS1992:410140,H0,410140,Hides and skins of equine animals,True,True,strict_raw_hides_skins_furs,strict_raw_hides_skins_furs
HS1992:551311,H0,551311,"Unbleached or bleached :-- Of polyester staple fibres, plain weave",False,False,not_primary_strict,not_primary_broad
HS1992:551312,H0,551312,"Unbleached or bleached :-- 3-thread or 4-thread twill, including cross twill, of polyester staple fibres",False,False,not_primary_strict,not_primary_broad
HS1992:701932,H0,701932,"Thin sheets (voiles), webs, mats, mattresses, boards and similar nonwoven products :-- Thin sheets (voiles)",False,False,not_primary_strict,not_primary_broad
HS1992:060240,H0,060240,"Roses, grafted or not",True,True,strict_hs01_10_12_14_raw_agriculture,strict_hs01_10_12_14_raw_agriculture
HS1992:090820,H0,090820,Mace,True,True,strict_hs01_10_12_14_raw_agriculture,strict_hs01_10_12_14_raw_agriculture
HS1992:481630,H0,481630,Duplicator stencils,False,False,not_primary_strict,not_primary_broad
HS1992:551411,H0,551411,"Unbleached or bleached :-- Of polyester staple fibres, plain weave",False,False,not_primary_strict,not_primary_broad
HS1992:551412,H0,551412,"Unbleached or bleached :-- 3-thread or 4-thread twill, including cross twill, of polyester staple fibres",False,False,not_primary_strict,not_primary_broad
HS1992:570410,H0,570410,"Tiles, having a maximum surface area of 0.3 m²",False,False,not_primary_strict,not_primary_broad
HS1992:850920,H0,850920,Floor polishers,False,False,not_primary_strict,not_primary_broad
HS1992:030240,H0,030240,"Tunas (of the genus Thunnus) skipjack or stripe-bellied bonito (Euthynnus (Katsuwonus) pelamis), excluding livers and roes :- Herrings (Clupea harengus, Clupea pallasii), excluding livers and roes",True,True,strict_hs01_10_12_14_raw_agriculture,strict_hs01_10_12_14_raw_agriculture
HS1992:290519,H0,290519,Saturated monohydric alcohols:-- Other,False,False,not_primary_strict,not_primary_broad
HS1992:551221,H0,551221,Containing 85 % or more by weight of acrylic or modacrylic staple fibres :-- Unbleached or bleached,False,False,not_primary_strict,not_primary_broad
HS1992:290319,H0,290319,Saturated chlorinated derivatives of acyclic hydrocarbons:-- Other,False,False,not_primary_strict,not_primary_broad
HS1992:370255,H0,370255,"Other film, for colour photography (polychrome) :-- Of a width exceeding 16 mm but not exceeding 35 mm and of a length exceeding 30 m",False,False,not_primary_strict,not_primary_broad
HS1992:580211,H0,580211,"Terry towelling and similar woven terry fabrics, of cotton :-- Unbleached",False,False,not_primary_strict,not_primary_broad
HS1992:370210,H0,370210,For X-ray,False,False,not_primary_strict,not_primary_broad
HS1992:860630,H0,860630,"Self-discharging vans and wagons, other than those of subheading No. 8606.10 or 8606.20",False,False,not_primary_strict,not_primary_broad
HS1992:160242,H0,160242,Of swine :-- Shoulders and cuts thereof,False,False,not_primary_strict,not_primary_broad
HS1992:051000,H0,051000,"Ambergris, castoreum, civet and musk; cantharides; bile, whether or not dried; glands and other animal products used in the preparation of pharmaceutical products, fresh, chilled, frozen or otherwise provisionally prese",True,True,strict_hs01_10_12_14_raw_agriculture,strict_hs01_10_12_14_raw_agriculture
HS1992:160412,H0,160412,"Fish, whole or in pieces, but not minced :-- Herrings",False,False,not_primary_strict,not_primary_broad
HS1992:291411,H0,291411,Acyclic ketones without other oxygen function :-- Acetone,False,False,not_primary_strict,not_primary_broad
HS1992:370252,H0,370252,"Other film, for colour photography (polychrome) :-- Of a width not exceeding 16 mm and of a length exceeding     14 m",False,False,not_primary_strict,not_primary_broad
HS1992:291090,H0,291090,Other,False,False,not_primary_strict,not_primary_broad
HS1992:030373,H0,030373,"Other fish, excluding livers and roes :-- Coalfish (Pollachius virens)",True,True,strict_hs01_10_12_14_raw_agriculture,strict_hs01_10_12_14_raw_agriculture
HS1992:261510,H0,261510,Zirconium ores and concentrates,True,True,strict_minerals_ores_hs25_26,strict_minerals_ores_hs25_26
HS1992:282200,H0,282200,Cobalt oxides and hydroxides; commercial cobalt oxides,False,False,not_primary_strict,not_primary_broad
HS1992:283526,H0,283526,Phosphates:-- Other phosphates of calcium,False,False,not_primary_strict,not_primary_broad
HS1992:252930,H0,252930,Leucite; nepheline and nepheline syenite,True,True,strict_minerals_ores_hs25_26,strict_minerals_ores_hs25_26
HS1992:551631,H0,551631,"Containing less than 85 % by weight of artificial staple fibres, mixed mainly or solely with wool or fine animal hair :-- Unbleached or bleached",False,False,not_primary_strict,not_primary_broad
HS1992:280120,H0,280120,Iodine,False,False,not_primary_strict,not_primary_broad
HS1992:284690,H0,284690,Other,False,False,not_primary_strict,not_primary_broad
HS1992:081030,H0,081030,"Black, white or red currants and gooseberries",True,True,strict_hs01_10_12_14_raw_agriculture,strict_hs01_10_12_14_raw_agriculture
HS1992:160430,H0,160430,Caviar and caviar substitutes,False,False,not_primary_strict,not_primary_broad
HS1992:230700,H0,230700,Wine lees; argol.,False,True,not_primary_strict,broad_first_stage_food_inputs_hs11_15_23
HS1992:281830,H0,281830,Aluminium hydroxide,False,False,not_primary_strict,not_primary_broad
HS1992:284920,H0,284920,Of silicon,False,False,not_primary_strict,not_primary_broad
HS1992:291020,H0,291020,Methyloxirane (propylene oxide),False,False,not_primary_strict,not_primary_broad
HS1992:291030,H0,291030,"1-Chloro-2,3-epoxypropane (epichlorohydrin)",False,False,not_primary_strict,not_primary_broad
HS1992:291712,H0,291712,"Acyclic polycarboxylic acids, their anhydrides, halides, peroxides, peroxyacids and their derivatives :-- Adipic acid, its salts and esters",False,False,not_primary_strict,not_primary_broad
HS1992:810430,H0,810430,"Raspings, turnings and granules, graded according to size; powders",False,True,not_primary_strict,broad_unwrought_powder_waste_other_base_metals
HS1992:120911,H0,120911,Beet seed :-- Sugar beet seed,True,True,strict_hs01_10_12_14_raw_agriculture,strict_hs01_10_12_14_raw_agriculture
HS1992:252510,H0,252510,Crude mica and mica rifted into sheets or splittings,True,True,strict_minerals_ores_hs25_26,strict_minerals_ores_hs25_26
HS1992:282580,H0,282580,Antimony oxides,False,False,not_primary_strict,not_primary_broad
HS1992:290124,H0,290124,"Unsaturated:-- Buta-1,3-diene and isoprene",False,False,not_primary_strict,not_primary_broad
HS1992:291611,H0,291611,"Unsaturated acyclic monocarboxylic acids, their anhydrides, halides, peroxides, peroxyacids and their derivatives :-- Acrylic acid and its salts",False,False,not_primary_strict,not_primary_broad
HS1992:292144,H0,292144,Aromatic monoamines and their derivatives; salts thereof : -- Diphenylamine and its derivatives; salts thereof,False,False,not_primary_strict,not_primary_broad
HS1992:292620,H0,292620,1-Cyanoguanidine (dicyandiamide),False,False,not_primary_strict,not_primary_broad
HS1992:293020,H0,293020,Thiocarbamates and dithiocarbamates,False,False,not_primary_strict,not_primary_broad
HS1992:860692,H0,860692,"Other :-- Open, with non-removable sides of a height exceeding 60 cm",False,False,not_primary_strict,not_primary_broad
HS1992:270220,H0,270220,Agglomerated lignite,True,True,strict_raw_fuels_coal_crude_gas,strict_raw_fuels_coal_crude_gas
HS1992:290123,H0,290123,Unsaturated:-- Butene (butylene) and isomers thereo,False,False,not_primary_strict,not_primary_broad
HS1992:292145,H0,292145,"Aromatic monoamines and their derivatives; salts thereof : -- 1-Naphthylamine (alpha-naphthylamine), 2-naphthylamine (beta-naphthylamine) and their derivatives; salts thereof",False,False,not_primary_strict,not_primary_broad
HS1992:293331,H0,293331,Compounds containing an unfused pyridine ring (whether or not hydrogenated) in the structure :-- Pyridine and its salts,False,False,not_primary_strict,not_primary_broad
HS1992:370293,H0,370293,Other :-- Of a width exceeding 16 mm but not exceeding 35 mm and of a length not exceeding 30 m,False,False,not_primary_strict,not_primary_broad
HS1992:291531,H0,291531,Esters of acetic acid :-- Ethyl acetate,False,False,not_primary_strict,not_primary_broad
HS1992:291732,H0,291732,"Aromatic polycarboxylic acids, their anhydrides, halides, peroxides, peroxyacids and their derivatives :-- Dioctyl orthophthalates",False,False,not_primary_strict,not_primary_broad
HS1992:293420,H0,293420,"Compounds containing a benzothiazole ring-system (whether or not hydrogenated), not further fused",False,False,not_primary_strict,not_primary_broad
HS1992:390220,H0,390220,Polyisobutylene,False,False,not_primary_strict,not_primary_broad
HS1992:520514,H0,520514,"Single yarn, of uncombed fibres :-- Measuring less than 192.31 decitex but not less than 125 decitex (exceeding 52 metric number but not exceeding 80 metric number)",False,False,not_primary_strict,not_primary_broad
HS1992:860120,H0,860120,Powered by electric accumulators,False,False,not_primary_strict,not_primary_broad
HS1992:500310,H0,500310,Not carded or combed,True,True,strict_raw_textile_fibers,strict_raw_textile_fibers
HS1992:520513,H0,520513,"Single yarn, of uncombed fibres :-- Measuring less than 232.56 decitex but not less than 192.31 decitex (exceeding 43 metric number but not exceeding 52 metric number)",False,False,not_primary_strict,not_primary_broad
HS1992:520632,H0,520632,"Multiple (folded) or cabled yarn, of uncombed fibres :-- Measuring per single yarn less than 714.29 decitex but not less than 232.56 decitex (exceeding 14 metric number but not exceeding 43 metric number per singl",False,False,not_primary_strict,not_primary_broad
HS1992:310221,H0,310221,Ammonium sulphate; double salts and mixtures of ammonium sulphate and ammonium nitrate :-- Ammonium sulphate,False,False,not_primary_strict,not_primary_broad
HS1992:151911,H0,151911,Stearic acid,False,True,not_primary_strict,broad_first_stage_food_inputs_hs11_15_23
HS1992:291249,H0,291249,"Aldehyde-ethers, aldehyde-phenols and aldehydes with other oxygen function :-- Other",False,False,not_primary_strict,not_primary_broad
HS1992:520544,H0,520544,"Multiple (folded) or cabled yarn, of combed fibres :-- Measuring per single yarn less than 192.31 decitex but not less than 125 decitex (exceeding 52 metric number but not exceeding 80 metric number per single yar",False,False,not_primary_strict,not_primary_broad
HS1992:470421,H0,470421,Semi-bleached or bleached :-- Coniferous,False,True,not_primary_strict,broad_processed_wood_pulp_waste
HS1992:520541,H0,520541,"Multiple (folded) or cabled yarn, of combed fibres :-- Measuring per single yarn 714.29 decitex or more (not exceeding 14 metric number per single yarn)",False,False,not_primary_strict,not_primary_broad
HS1992:282630,H0,282630,Sodium hexafluoroaluminate (synthetic cryolite),False,False,not_primary_strict,not_primary_broad
HS1992:282741,H0,282741,Chloride oxides and chloride hydroxides:-- Of copper,False,False,not_primary_strict,not_primary_broad
HS1992:291230,H0,291230,Aldehyde-alcohols,False,False,not_primary_strict,not_primary_broad
HS1992:292222,H0,292222,"Amino-naphthols and other amino-phenols, their ethers and esters, other than those containing more than one kind of oxygen function; salts thereof :-- Anisidines, dianisidines, phenetidines, and their salts",False,False,not_primary_strict,not_primary_broad
HS1992:292229,H0,292229,"Amino-naphthols and other amino-phenols, their ethers and esters, other than those containing more than one kind of oxygen function; salts thereof :-- Other",False,False,not_primary_strict,not_primary_broad
HS1992:292421,H0,292421,Cyclic amides (including cyclic carbamates) and their derivatives; salts thereof :-- Ureines and their derivatives; salts thereof,False,False,not_primary_strict,not_primary_broad
HS1992:520823,H0,520823,"Bleached :-- 3-thread or 4-thread twill, including cross twill",False,False,not_primary_strict,not_primary_broad
HS1992:722920,H0,722920,Of silico-manganese steel,False,False,not_primary_strict,not_primary_broad
HS1992:283410,H0,283410,Nitrites,False,False,not_primary_strict,not_primary_broad
HS1992:290313,H0,290313,Saturated chlorinated derivatives of acyclic hydrocarbons:-- Chloroforme (trichloromethane),False,False,not_primary_strict,not_primary_broad
HS1992:292250,H0,292250,"Amino-alcohol-phenols, amino-acid-phenols and other amino-compounds with oxygen function",False,False,not_primary_strict,not_primary_broad
HS1992:810191,H0,810191,"Other :-- Unwrought tungsten, including bars and rods obtained simply by sintering; waste and scrap",False,True,not_primary_strict,broad_unwrought_powder_waste_other_base_metals
HS1992:281810,H0,281810,"Artificial corundum, whether or not chemically defined",False,False,not_primary_strict,not_primary_broad
HS1992:290211,H0,290211,"Cyclanes, cyclenes and cycloterpenes:-- Cyclohexane",False,False,not_primary_strict,not_primary_broad
HS1992:430130,H0,430130,"Of lamb, the following : Astrakhan, Broadtail, Caracul, Persian and similar lamb, Indian, Chinese, Mongolian or Tibetan lamb, whole, with or without head, tail or paws",True,True,strict_raw_hides_skins_furs,strict_raw_hides_skins_furs
HS1992:530820,H0,530820,True hemp yarn,False,False,not_primary_strict,not_primary_broad
HS1992:293622,H0,293622,"Vitamins and their derivatives, unmixed :-- Vitamin B1 and its derivatives",False,False,not_primary_strict,not_primary_broad
HS1992:293625,H0,293625,"Vitamins and their derivatives, unmixed :- Vitamins and their derivatives, unmixed :-- Vitamin B6 and its derivatives",False,False,not_primary_strict,not_primary_broad
HS1992:293626,H0,293626,"Vitamins and their derivatives, unmixed :-- Vitamin B12 and its derivatives",False,False,not_primary_strict,not_primary_broad
HS1992:550490,H0,550490,Other,False,False,not_primary_strict,not_primary_broad
HS1992:740312,H0,740312,Refined copper :-- Wire-bars,False,True,not_primary_strict,broad_first_stage_metals_scrap
HS1992:810990,H0,810990,Other,False,False,not_primary_strict,not_primary_broad
HS1992:081400,H0,081400,"Peel of citrus fruit or melons (including watermelons), fresh, frozen, dried or provisionally preserved in brine, in sulphur water or in other preservative solutions.",True,True,strict_hs01_10_12_14_raw_agriculture,strict_hs01_10_12_14_raw_agriculture
HS1992:282090,H0,282090,Other,False,False,not_primary_strict,not_primary_broad
HS1992:290250,H0,290250,Styrene,False,False,not_primary_strict,not_primary_broad
HS1992:551011,H0,551011,Containing 85 % or more by weight of artificial staple fibres :-- Single yarn,False,False,not_primary_strict,not_primary_broad
HS1992:721923,H0,721923,"Not further worked than hot-rolled, not in coils :-- Of a thickness of 3 mm or more but less than 4.75 mm",False,False,not_primary_strict,not_primary_broad
HS1992:121410,H0,121410,Lucerne (alfalfa) meal and pellets,True,True,strict_hs01_10_12_14_raw_agriculture,strict_hs01_10_12_14_raw_agriculture
HS1992:320641,H0,320641,Other colouring matter and other preparations :-- Ultramarine and preparations based thereon,False,False,not_primary_strict,not_primary_broad
HS1992:520523,H0,520523,"Single yarn, of combed fibres :-- Measuring less than 232.56 decitex but not less than 192.31 decitex (exceeding 43 metric number but not exceeding 52 metric number)",False,False,not_primary_strict,not_primary_broad
HS1992:520524,H0,520524,"Single yarn, of combed fibres :-- Measuring less than 192.31 decitex but not less than 125 decitex (exceeding 52 metric number but not exceeding 80 metric number)",False,False,not_primary_strict,not_primary_broad
HS1992:290516,H0,290516,Saturated monohydric alcohols:-- Octanol (octyl alcohol) and isomers thereof,False,False,not_primary_strict,not_primary_broad
HS1992:291441,H0,291441,4-hydroxy-4-methylpentan-2-one(diacetone alcohol),False,False,not_primary_strict,not_primary_broad
HS1992:291449,H0,291449,"Ketone-alcohols nes, ketone-aldehydes",False,False,not_primary_strict,not_primary_broad
HS1992:291829,H0,291829,"Carboxylic acids with alcohol function but without other oxygen function, their anhydrides, halides, peroxides, peroxyacids and their derivatives :-- Other",False,False,not_primary_strict,not_primary_broad
HS1992:382330,H0,382330,Non-agglomerated metal carbides,False,False,not_primary_strict,not_primary_broad
HS1992:291731,H0,291731,"Aromatic polycarboxylic acids, their anhydrides, halides, peroxides, peroxyacids and their derivatives :-- Dibutyl orthophthalates",False,False,not_primary_strict,not_primary_broad
HS1992:291734,H0,291734,"Aromatic polycarboxylic acids, their anhydrides, halides, peroxides, peroxyacids and their derivatives :-- Other esters of orthophthalic acid",False,False,not_primary_strict,not_primary_broad
HS1992:293211,H0,293211,Compounds containing an unfused furan ring (whether or not hydrogenated) in the structure :-- Tetrahydrofuran,False,False,not_primary_strict,not_primary_broad
HS1992:520543,H0,520543,"Multiple (folded) or cabled yarn, of combed fibres :-- Measuring per single yarn less than 232.56 decitex but not less than 192.31 decitex (exceeding 43 metric number but not exceeding 52 metric number per single",False,False,not_primary_strict,not_primary_broad
HS1992:521112,H0,521112,"Unbleached :-- 3-thread or 4-thread twill, including cross twill",False,False,not_primary_strict,not_primary_broad
HS1992:530290,H0,530290,Other,True,True,strict_raw_textile_fibers,strict_raw_textile_fibers
HS1992:370244,H0,370244,"Other film, without perforations, of a width exceeding     105 mm :-- Of a width exceeding 105 mm but not exceeding 610 mm",False,False,not_primary_strict,not_primary_broad
HS1992:380120,H0,380120,Colloidal or semi-colloidal graphite,False,False,not_primary_strict,not_primary_broad
HS1992:520612,H0,520612,"Single yarn, of uncombed fibres :-- Measuring less than 714.29 decitex but not less than 232.56 decitex (exceeding 14 metric number but not     exceeding 43 metric number)",False,False,not_primary_strict,not_primary_broad
HS1992:020810,H0,020810,Of rabbits or hares,True,True,strict_hs01_10_12_14_raw_agriculture,strict_hs01_10_12_14_raw_agriculture
HS1992:050590,H0,050590,Other,True,True,strict_hs01_10_12_14_raw_agriculture,strict_hs01_10_12_14_raw_agriculture
HS1992:100830,H0,100830,Canary seed,True,True,strict_hs01_10_12_14_raw_agriculture,strict_hs01_10_12_14_raw_agriculture
HS1992:120923,H0,120923,"Seeds of forage plants, other than beet seed :-- Fescue seed",True,True,strict_hs01_10_12_14_raw_agriculture,strict_hs01_10_12_14_raw_agriculture
HS1992:120925,H0,120925,"Seeds of forage plants, other than beet seed :-- Rye grass (Lolium multiflorum Lam., Lolium perenne L.) seed",True,True,strict_hs01_10_12_14_raw_agriculture,strict_hs01_10_12_14_raw_agriculture
HS1992:152110,H0,152110,Vegetable waxes,False,True,not_primary_strict,broad_first_stage_food_inputs_hs11_15_23
HS1992:270791,H0,270791,Other :-- Creosote oils,False,True,not_primary_strict,broad_all_fuels_refinery_hs27
HS1992:270810,H0,270810,Pitch,False,True,not_primary_strict,broad_all_fuels_refinery_hs27
HS1992:280920,H0,280920,Phosphoric acid and polyphosphoric acids,False,False,not_primary_strict,not_primary_broad
HS1992:282510,H0,282510,Hydrazine and hydroxylamine and their inorgani salts,False,False,not_primary_strict,not_primary_broad
HS1992:282550,H0,282550,Copper oxides and hydroxides,False,False,not_primary_strict,not_primary_broad
HS1992:282560,H0,282560,Germanium oxides and zirconium dioxide,False,False,not_primary_strict,not_primary_broad
HS1992:283321,H0,283321,Other sulphates:-- Of magnesium,False,False,not_primary_strict,not_primary_broad
HS1992:283327,H0,283327,Other sulphates:-- Of barium,False,False,not_primary_strict,not_primary_broad
HS1992:283524,H0,283524,Phosphates:-- Of potassium,False,False,not_primary_strict,not_primary_broad
HS1992:283691,H0,283691,Other:-- Lithium carbonates,False,False,not_primary_strict,not_primary_broad
HS1992:284019,H0,284019,Disodium tetraborate (refined borax):-- Other,False,False,not_primary_strict,not_primary_broad
HS1992:284030,H0,284030,Peroxoborates (perborates),False,False,not_primary_strict,not_primary_broad
HS1992:284130,H0,284130,Sodium dichromate,False,False,not_primary_strict,not_primary_broad
HS1992:284160,H0,284160,"Manganites, manganates and permanganates of metals",False,False,not_primary_strict,not_primary_broad
HS1992:284170,H0,284170,Molybdates,False,False,not_primary_strict,not_primary_broad
HS1992:284610,H0,284610,Cerium compounds,False,False,not_primary_strict,not_primary_broad
HS1992:290314,H0,290314,Saturated chlorinated derivatives of acyclic hydrocarbons:-- Carbon tetrachloride,False,False,not_primary_strict,not_primary_broad
HS1992:290321,H0,290321,Unsaturated chlorinated derivatives of acyclic hydrocarbons:-- Vinyl chloride (chloroethylene),False,False,not_primary_strict,not_primary_broad
HS1992:290361,H0,290361,"Halogenated derivatives of aromatic hydrocarbons:-- Chlorobenzene, o-dichlorobenzene and p-dichlorobenzene",False,False,not_primary_strict,not_primary_broad
HS1992:290514,H0,290514,Saturated monohydric alcohols:-- Other butanols,False,False,not_primary_strict,not_primary_broad
HS1992:290515,H0,290515,Saturated monohydric alcohols:-- Pentanol (amyl alcohol) and isomers thereof,False,False,not_primary_strict,not_primary_broad
HS1992:290517,H0,290517,"Saturated monohydric alcohols:-- Dodecan-1-ol (lauryl alcohol), hexadecan-1-ol (cetyl alcohol) and octadecan-1-ol (stearyl alcohol)",False,False,not_primary_strict,not_primary_broad
HS1992:290521,H0,290521,Allyl alcohol,False,False,not_primary_strict,not_primary_broad
HS1992:290522,H0,290522,Unsaturated monohydric alcohols:-- Acyclic terpene alcohols,False,False,not_primary_strict,not_primary_broad
HS1992:290529,H0,290529,Unsaturated monohydric alcohols:-- Other,False,False,not_primary_strict,not_primary_broad
HS1992:290543,H0,290543,Other polyhydric alcohols:-- Mannitol,False,False,not_primary_strict,not_primary_broad
HS1992:290712,H0,290712,Monophenols :-- Cresols and their salts,False,False,not_primary_strict,not_primary_broad
HS1992:290715,H0,290715,Monophenols :-- Naphthols and their salts,False,False,not_primary_strict,not_primary_broad
HS1992:290721,H0,290721,Polyphenols :-- Resorcinol and its salts,False,False,not_primary_strict,not_primary_broad
HS1992:290722,H0,290722,Polyphenols :-- Hydroquinone (quinol) and its salts,False,False,not_primary_strict,not_primary_broad
HS1992:290810,H0,290810,Derivatives containing only halogen substituents and their salts,False,False,not_primary_strict,not_primary_broad
HS1992:290930,H0,290930,"Aromatic ethers and their halogenated, sulphonated, nitrated or nitrosated derivatives",False,False,not_primary_strict,not_primary_broad
HS1992:290941,H0,290941,"Ether-alcohols and their halogenated, sulphonated, nitrated or nitrosated derivatives :-- 2,2'-Oxydiethanol (diethylene glycol, digol)",False,False,not_primary_strict,not_primary_broad
HS1992:291010,H0,291010,Oxirane (ethylene oxide),False,False,not_primary_strict,not_primary_broad
HS1992:291221,H0,291221,Cyclic aldehydes without other oxygen function :-- Benzaldehyde,False,False,not_primary_strict,not_primary_broad
HS1992:291242,H0,291242,"Aldehyde-ethers, aldehyde-phenols and aldehydes with other oxygen function :-- Ethylvanillin (3-ethoxy-4-hydroxybenzaldehyde)",False,False,not_primary_strict,not_primary_broad
HS1992:291260,H0,291260,Paraformaldehyde,False,False,not_primary_strict,not_primary_broad
HS1992:291300,H0,291300,"Halogenated, sulphonated, nitrated or nitrosated derivatives of products of heading No. 29.12.",False,False,not_primary_strict,not_primary_broad
HS1992:291422,H0,291422,"Cyclanic, cyclenic or cycloterpenic ketones without other oxygen function :-- Cyclohexanone and methylcyclohexanones",False,False,not_primary_strict,not_primary_broad
HS1992:291423,H0,291423,"Cyclanic, cyclenic or cycloterpenic ketones without other oxygen function :-- Ionones and methylionones",False,False,not_primary_strict,not_primary_broad
HS1992:291430,H0,291430,Aromatic ketones without other oxygen function,False,False,not_primary_strict,not_primary_broad
HS1992:291450,H0,291450,Ketone-phenols and ketones with other oxygen function,False,False,not_primary_strict,not_primary_broad
HS1992:291469,H0,291469,Quinones :-- Other,False,False,not_primary_strict,not_primary_broad
HS1992:291533,H0,291533,Esters of acetic acid :-- n-Butyl acetate,False,False,not_primary_strict,not_primary_broad
HS1992:291535,H0,291535,Esters of acetic acid :-- 2-Ethoxyethyl acetate,False,False,not_primary_strict,not_primary_broad
HS1992:291540,H0,291540,"Mono-, di- or trichloroacetic acids, their salts and esters",False,False,not_primary_strict,not_primary_broad
HS1992:291613,H0,291613,"Unsaturated acyclic monocarboxylic acids, their anhydrides, halides, peroxides, peroxyacids and their derivatives :-- Methacrylic acid and its salts",False,False,not_primary_strict,not_primary_broad
HS1992:291614,H0,291614,"Unsaturated acyclic monocarboxylic acids, their anhydrides, halides, peroxides, peroxyacids and their derivatives :-- Esters of methacrylic acid",False,False,not_primary_strict,not_primary_broad
HS1992:291615,H0,291615,"Unsaturated acyclic monocarboxylic acids, their anhydrides, halides, peroxides, peroxyacids and their derivatives :-- Oleic, linoleic or linolenic acids, their salts and esters",False,False,not_primary_strict,not_primary_broad
HS1992:291714,H0,291714,"Acyclic polycarboxylic acids, their anhydrides, halides, peroxides, peroxyacids and their derivatives :-- Maleic anhydride",False,False,not_primary_strict,not_primary_broad
HS1992:291719,H0,291719,"Acyclic polycarboxylic acids, their anhydrides, halides, peroxides, peroxyacids and their derivatives :-- Other",False,False,not_primary_strict,not_primary_broad
HS1992:291720,H0,291720,"Cyclanic, cyclenic or cycloterpenic polycarboxylic acids, their anhydrides, halides, peroxides, peroxyacids and their derivatives",False,False,not_primary_strict,not_primary_broad
HS1992:291735,H0,291735,"Aromatic polycarboxylic acids, their anhydrides, halides, peroxides, peroxyacids and their derivatives :-- Phthalic anhydride",False,False,not_primary_strict,not_primary_broad
HS1992:291813,H0,291813,"Carboxylic acids with alcohol function but without other oxygen function, their anhydrides, halides, peroxides, peroxyacids and their derivatives :-- Salts and esters of tartaric acid",False,False,not_primary_strict,not_primary_broad
HS1992:291821,H0,291821,"Carboxylic acids with phenol function but without other oxygen function, their anhydrides, halides, peroxides, peroxyacids and their derivatives :-- Salicylic acid and its salts",False,False,not_primary_strict,not_primary_broad
HS1992:291822,H0,291822,"Carboxylic acids with phenol function but without other oxygen function, their anhydrides, halides, peroxides, peroxyacids and their derivatives :-- O-Acetylsalicylic acid, its salts and esters",False,False,not_primary_strict,not_primary_broad
HS1992:291823,H0,291823,Other esters of salicylic acid and their salts,False,False,not_primary_strict,not_primary_broad
HS1992:291830,H0,291830,"Carboxylic acids with aldehyde or ketone function but without other oxygen function, their anhydrides, halides, peroxides, peroxyacids and their derivatives",False,False,not_primary_strict,not_primary_broad
HS1992:292111,H0,292111,"Acyclic monoamines and their derivatives; salts thereof :-- Methylamine, di- or trimethylamine and their salts",False,False,not_primary_strict,not_primary_broad
HS1992:292141,H0,292141,Aromatic monoamines and their derivatives; salts thereof : -- Aniline and its salts,False,False,not_primary_strict,not_primary_broad
HS1992:292142,H0,292142,Aromatic monoamines and their derivatives; salts thereof : -- Aniline derivatives and their salts,False,False,not_primary_strict,not_primary_broad
HS1992:292143,H0,292143,Aromatic monoamines and their derivatives; salts thereof : -- Toluidines and their derivatives; salts thereof,False,False,not_primary_strict,not_primary_broad
HS1992:292149,H0,292149,Aromatic monoamines and their derivatives; salts thereof :-- Other,False,False,not_primary_strict,not_primary_broad
HS1992:292151,H0,292151,"Aromatic polyamines and their derivatives; salts thereof :-- o-, m-, p-Phenylenediamine, diaminotoluenes, and their derivatives; salts thereof",False,False,not_primary_strict,not_primary_broad
HS1992:292213,H0,292213,"Amino-alcohols, their ethers and esters, other than those containing more than one kind of oxygen function; salts thereof :-- Triethanolamine and its salts",False,False,not_primary_strict,not_primary_broad
HS1992:292519,H0,292519,Imides and their derivatives; salts thereof :-- Other,False,False,not_primary_strict,not_primary_broad
HS1992:292700,H0,292700,"Diazo-, azo- or azoxy-compounds.",False,False,not_primary_strict,not_primary_broad
HS1992:293030,H0,293030,"Thiuram mono-, di- or tetrasulphides",False,False,not_primary_strict,not_primary_broad
HS1992:293212,H0,293212,Compounds containing an unfused furan ring (whether or not hydrogenated) in the structure :-- 2-Furaldehyde (furfuraldehyde),False,False,not_primary_strict,not_primary_broad
HS1992:293213,H0,293213,Compounds containing an unfused furan ring (whether or not hydrogenated) in the structure :-- Furfuryl alcohol and tetrahydrofurfuryl alcohol,False,False,not_primary_strict,not_primary_broad
HS1992:293311,H0,293311,Compounds containing an unfused pyrazole ring (whether or not hydrogenated) in the structure :-- Phenazone (antipyrin) and its derivatives,False,False,not_primary_strict,not_primary_broad
HS1992:293340,H0,293340,"Compounds containing a quinoline or isoquinoline ring-system (whether or not hydrogenated), not further fused",False,False,not_primary_strict,not_primary_broad
HS1992:293361,H0,293361,Compounds containing an unfused triazine ring (whether or not hydrogenated) in the structure :- Compounds containing an unfused triazine ring (whether or not hydrogenated) in the structure :-- Melamine,False,False,not_primary_strict,not_primary_broad
HS1992:293430,H0,293430,"Compounds containing a phenothiazine ring-system (whether or not hydrogenated), not further fused",False,False,not_primary_strict,not_primary_broad
HS1992:293623,H0,293623,"Vitamins and their derivatives, unmixed :-- Vitamin B2 and its derivatives",False,False,not_primary_strict,not_primary_broad
HS1992:293722,H0,293722,Adrenal cortical hormones and their derivatives :-- Halogenated derivatives of adrenal cortical hormones,False,False,not_primary_strict,not_primary_broad
HS1992:293810,H0,293810,Rutoside (rutin) and its derivatives,False,False,not_primary_strict,not_primary_broad
HS1992:293930,H0,293930,Caffeine and its salts,False,False,not_primary_strict,not_primary_broad
HS1992:293940,H0,293940,"Ephedrines, salts, in bulk",False,False,not_primary_strict,not_primary_broad
HS1992:293960,H0,293960,"Rye ergot alkaloids, derivatives, in bulk, salts",False,False,not_primary_strict,not_primary_broad
HS1992:293990,H0,293990,Other,False,False,not_primary_strict,not_primary_broad
HS1992:310250,H0,310250,Sodium nitrate,False,False,not_primary_strict,not_primary_broad
HS1992:370241,H0,370241,"Other film, without perforations, of a width exceeding     105 mm :-- Of a width exceeding 610 mm and of a length exceeding  200 m, for colour photography (polychrome)",False,False,not_primary_strict,not_primary_broad
HS1992:370242,H0,370242,"Other film, without perforations, of a width exceeding     105 mm :-- Of a width exceeding 610 mm and of a length exceeding 200 m, other than for colour photography",False,False,not_primary_strict,not_primary_broad
HS1992:370243,H0,370243,"Other film, without perforations, of a width exceeding     105 mm :-- Of a width exceeding 610 mm and of a length not exceeding 200 m",False,False,not_primary_strict,not_primary_broad
HS1992:370251,H0,370251,"Other film, for colour photography (polychrome) :-- Of a width not exceeding 16 mm and of a length not exceeding 14 m",False,False,not_primary_strict,not_primary_broad
HS1992:370294,H0,370294,Other :-- Of a width exceeding 16 mm but not exceeding 35 mm and of a length exceeding 30 m,False,False,not_primary_strict,not_primary_broad
HS1992:380620,H0,380620,"Salts of rosin, of resin acids or of derivatives of rosin or resin acids, other than salts of rosin adducts",False,False,not_primary_strict,not_primary_broad
HS1992:391220,H0,391220,Cellulose nitrates (including collodions),False,False,not_primary_strict,not_primary_broad
HS1992:392073,H0,392073,Of cellulose or its chemical derivatives :-- Of cellulose acetate,False,False,not_primary_strict,not_primary_broad
HS1992:400121,H0,400121,Natural rubber in other forms :-- Smoked sheets,True,True,strict_natural_rubber_hs4001,strict_natural_rubber_hs4001
HS1992:400122,H0,400122,Natural rubber in other forms :-- Technically specified natural rubber (TSNR),True,True,strict_natural_rubber_hs4001,strict_natural_rubber_hs4001
HS1992:410721,H0,410721,Of reptiles :-- Vegetable pre-tanned,False,False,not_primary_strict,not_primary_broad
HS1992:430160,H0,430160,"Of fox, whole, with or without head, tail or paws",True,True,strict_raw_hides_skins_furs,strict_raw_hides_skins_furs
HS1992:470311,H0,470311,Unbleached :-- Coniferous,False,True,not_primary_strict,broad_processed_wood_pulp_waste
HS1992:470500,H0,470500,Semi-chemical wood pulp.,False,True,not_primary_strict,broad_processed_wood_pulp_waste
HS1992:510540,H0,510540,"Coarse animal hair, carded or combed",True,True,strict_raw_textile_fibers,strict_raw_textile_fibers
HS1992:511211,H0,511211,Containing 85 % or more by weight of wool or of fine animal hair :-- Of a weight not exceeding 200 g/m2,False,False,not_primary_strict,not_primary_broad
HS1992:520535,H0,520535,"Multiple (folded) or cabled yarn, of uncombed fibres :-- Measuring per single yarn less than 125 decitex (exceeding 80 metric number per single yarn)",False,False,not_primary_strict,not_primary_broad
HS1992:520545,H0,520545,"Cotton yarn >85% multiple combed <125 dtex,not retail",False,False,not_primary_strict,not_primary_broad
HS1992:520613,H0,520613,"Single yarn, of uncombed fibres :-- Measuring less than 232.56 decitex but not less than 192.31 decitex (exceeding 43 metric number but not exceeding 52 metric number)",False,False,not_primary_strict,not_primary_broad
HS1992:520622,H0,520622,"Single yarn, of combed fibres :-- Measuring less than 714.29 decitex but not less than 232.56 decitex (exceeding 14 metric number but not exceeding 43 metric number)",False,False,not_primary_strict,not_primary_broad
HS1992:520641,H0,520641,"Multiple (folded) or cabled yarn, of combed fibres :-- Measuring per single yarn 714.29 decitex or more (not exceeding 14 metric number per single yarn)",False,False,not_primary_strict,not_primary_broad
HS1992:520912,H0,520912,"Unbleached :-- 3-thread or 4-thread twill, including cross twill",False,False,not_primary_strict,not_primary_broad
HS1992:520921,H0,520921,Bleached :-- Plain weave,False,False,not_primary_strict,not_primary_broad
HS1992:520941,H0,520941,Of yarns of different colours :-- Plain weave,False,False,not_primary_strict,not_primary_broad
HS1992:521021,H0,521021,Bleached :-- Plain weave,False,False,not_primary_strict,not_primary_broad
HS1992:521031,H0,521031,Dyed :-- Plain weave,False,False,not_primary_strict,not_primary_broad
HS1992:521141,H0,521141,Of yarns of different colours :-- Plain weave,False,False,not_primary_strict,not_primary_broad
HS1992:521151,H0,521151,Printed :-- Plain weave,False,False,not_primary_strict,not_primary_broad
HS1992:530210,H0,530210,"True hemp, raw or retted",True,True,strict_raw_textile_fibers,strict_raw_textile_fibers
HS1992:530911,H0,530911,Containing 85 % or more by weight of flax :-- Unbleached or bleached,False,False,not_primary_strict,not_primary_broad
HS1992:540310,H0,540310,High tenacity yarn of viscose rayon,False,False,not_primary_strict,not_primary_broad
HS1992:540333,H0,540333,"Other yarn, single :-- Of cellulose acetate",False,False,not_primary_strict,not_primary_broad
HS1992:540341,H0,540341,"Other yarn, multiple (folded) or cabled :-- Of viscose rayon",False,False,not_primary_strict,not_primary_broad
HS1992:540781,H0,540781,"Other woven fabrics, containing less than 85 % by weight of synthetic filaments, mixed mainly or solely with cotton :-- Unbleached or bleached",False,False,not_primary_strict,not_primary_broad
HS1992:550130,H0,550130,Acrylic or modacrylic,False,False,not_primary_strict,not_primary_broad
HS1992:550941,H0,550941,"Other yarn, containing 85 % or more by weight of synthetic staple fibres :-- Single yarn",False,False,not_primary_strict,not_primary_broad
HS1992:550952,H0,550952,"Other yarn, of polyester staple fibres :-- Mixed mainly or solely with wool or fine animal hair",False,False,not_primary_strict,not_primary_broad
HS1992:550991,H0,550991,Other yarn :-- Mixed mainly or solely with wool or fine animal hair,False,False,not_primary_strict,not_primary_broad
HS1992:550992,H0,550992,Other yarn :-- Mixed mainly or solely with cotton,False,False,not_primary_strict,not_primary_broad
HS1992:551012,H0,551012,Containing 85 % or more by weight of artificial staple fibres :-- Multiple (folded) or cabled yarn,False,False,not_primary_strict,not_primary_broad
HS1992:551322,H0,551322,"Dyed :-- 3-thread or 4-thread twill, including cross twill, of polyester staple fibres",False,False,not_primary_strict,not_primary_broad
HS1992:551421,H0,551421,"Dyed :-- Of polyester staple fibres, plain weave",False,False,not_primary_strict,not_primary_broad
HS1992:551441,H0,551441,"Printed :-- Of polyester staple fibres, plain weave",False,False,not_primary_strict,not_primary_broad
HS1992:551522,H0,551522,Of acrylic or modacrylic staple fibres :-- Mixed mainly or solely with wool or fine animal hair,False,False,not_primary_strict,not_primary_broad
HS1992:551591,H0,551591,Other woven fabrics :-- Mixed mainly or solely with man-made filaments,False,False,not_primary_strict,not_primary_broad
HS1992:551621,H0,551621,"Containing less than 85 % by weight of artificial staple fibres, mixed mainly or solely with man-made filaments :-- Unbleached or bleached",False,False,not_primary_strict,not_primary_broad
HS1992:551623,H0,551623,"Containing less than 85 % by weight of artificial staple fibres, mixed mainly or solely with man-made filaments :-- Of yarns of different colours",False,False,not_primary_strict,not_primary_broad
HS1992:551643,H0,551643,"Containing less than 85 % by weight of artificial staple fibres, mixed mainly or solely with cotton :-- Of yarns of different colours",False,False,not_primary_strict,not_primary_broad
HS1992:551692,H0,551692,Other :-- Dyed,False,False,not_primary_strict,not_primary_broad
HS1992:580123,H0,580123,Of cotton :-- Other weft pile fabrics,False,False,not_primary_strict,not_primary_broad
HS1992:580126,H0,580126,Of cotton :-- Chenille fabrics,False,False,not_primary_strict,not_primary_broad
HS1992:690320,H0,690320,Containing by weight more than 50 % of alumina (Al2O3) or of a mixture or compound of alumina and of silica (SiO2),False,False,not_primary_strict,not_primary_broad
HS1992:710510,H0,710510,Of diamonds,True,True,strict_raw_precious_stones_metals,strict_raw_precious_stones_metals
HS1992:721913,H0,721913,"Not further worked than hot-rolled, in coils :-- Of a thickness of 3 mm or more but less than 4.75 mm",False,False,not_primary_strict,not_primary_broad
HS1992:722692,H0,722692,Other :-- Not further worked than cold-rolled (cold-reduced),False,False,not_primary_strict,not_primary_broad
HS1992:740931,H0,740931,Of copper-tin base alloys (bronze) :-- In coils,False,False,not_primary_strict,not_primary_broad
HS1992:741011,H0,741011,Not backed :-- Of refined copper,False,False,not_primary_strict,not_primary_broad
HS1992:750400,H0,750400,Nickel powders and flakes.,False,False,not_primary_strict,not_primary_broad
HS1992:810210,H0,810210,Powders,False,True,not_primary_strict,broad_unwrought_powder_waste_other_base_metals
HS1992:810411,H0,810411,Unwrought magnesium :-- Containing at least 99.8 % by weight of magnesium,False,True,not_primary_strict,broad_unwrought_powder_waste_other_base_metals
HS1992:050610,H0,050610,Ossein and bones treated with acid,True,True,strict_hs01_10_12_14_raw_agriculture,strict_hs01_10_12_14_raw_agriculture
HS1992:130213,H0,130213,Vegetable saps and extracts :-- Of hops,True,True,strict_hs01_10_12_14_raw_agriculture,strict_hs01_10_12_14_raw_agriculture
HS1992:252922,H0,252922,Fluorspar :-- Containing by weight more than 97 % of calcium fluoride,True,True,strict_minerals_ores_hs25_26,strict_minerals_ores_hs25_26
HS1992:280910,H0,280910,Diphosphorus pentaoxide,False,False,not_primary_strict,not_primary_broad
HS1992:283692,H0,283692,Other:-- Strontium carbonate,False,False,not_primary_strict,not_primary_broad
HS1992:284420,H0,284420,"Uranium enriched in U 235 and its compounds; plutonium and its compounds; alloys, dispersions (including cermets), ceramic products and mixtures containing uranium enriched in U 235, plutonium or compounds of these products",False,False,not_primary_strict,not_primary_broad
HS1992:290351,H0,290351,"Halogenated derivatives of cyclanic, cyclenic or cycloterpenic hydrocarbons:-- 1,2,3,4,5,6-Hexachlorocyclohexane",False,False,not_primary_strict,not_primary_broad
HS1992:290542,H0,290542,Other polyhydric alcohols:-- Pentaerythritol,False,False,not_primary_strict,not_primary_broad
HS1992:290549,H0,290549,Other polyhydric alcohols:-- Other,False,False,not_primary_strict,not_primary_broad
HS1992:291100,H0,291100,"Acetals and hemiacetals, whether or not with other oxygen function, and their halogenated, sulphonated, nitrated or nitrosated derivatives.",False,False,not_primary_strict,not_primary_broad
HS1992:291736,H0,291736,"Aromatic polycarboxylic acids, their anhydrides, halides, peroxides, peroxyacids and their derivatives :-- Terephthalic acid and its salts",False,False,not_primary_strict,not_primary_broad
HS1992:292610,H0,292610,Acrylonitrile,False,False,not_primary_strict,not_primary_broad
HS1992:293410,H0,293410,Compounds containing an unfused thiazole ring (whether or not hydrogenated) in the structure,False,False,not_primary_strict,not_primary_broad
HS1992:293921,H0,293921,Alkaloids of cinchona and their derivatives; salts thereof :-- Quinine and its salts,False,False,not_primary_strict,not_primary_broad
HS1992:320642,H0,320642,Other colouring matter and other preparations :-- Lithopone and other pigments and preparations based on zinc sulphide,False,False,not_primary_strict,not_primary_broad
HS1992:470329,H0,470329,Semi-bleached or bleached :-- Non-coniferous,False,True,not_primary_strict,broad_processed_wood_pulp_waste
HS1992:520534,H0,520534,"Multiple (folded) or cabled yarn, of uncombed fibres :-- Measuring per single yarn less than 192.31 decitex but not less than 125 decitex (exceeding 52 metric number but not exceeding 80 metric number per single y",False,False,not_primary_strict,not_primary_broad
HS1992:521152,H0,521152,"Printed :-- 3-thread or 4-thread twill, including cross twill",False,False,not_primary_strict,not_primary_broad
HS1992:550912,H0,550912,Containing 85 % or more by weight of staple fibres of nylon or other polyamides :-- Multiple (folded) or cabled yarn,False,False,not_primary_strict,not_primary_broad
HS1992:551423,H0,551423,Dyed :-- Other woven fabrics of polyester staple fibres,False,False,not_primary_strict,not_primary_broad
HS1992:551443,H0,551443,Printed :-- Other woven fabrics of polyester staple fibres,False,False,not_primary_strict,not_primary_broad
HS1992:721912,H0,721912,"Not further worked than hot-rolled, in coils :-- Of a thickness of 4.75 mm or more but not exceeding 10 mm",False,False,not_primary_strict,not_primary_broad
HS1992:722720,H0,722720,Of silico-manganese steel,False,False,not_primary_strict,not_primary_broad
HS1992:140120,H0,140120,Rattans,True,True,strict_hs01_10_12_14_raw_agriculture,strict_hs01_10_12_14_raw_agriculture
HS1992:252530,H0,252530,Mica waste,True,True,strict_minerals_ores_hs25_26,strict_minerals_ores_hs25_26
HS1992:252610,H0,252610,"Not crushed, not powdered",True,True,strict_minerals_ores_hs25_26,strict_minerals_ores_hs25_26
HS1992:283324,H0,283324,Other sulphates:-- Of nickel,False,False,not_primary_strict,not_primary_broad
HS1992:284329,H0,284329,Silver compounds:-- Other,False,False,not_primary_strict,not_primary_broad
HS1992:291212,H0,291212,Acyclic aldehydes without other oxygen function :-- Ethanal (acetaldehyde),False,False,not_primary_strict,not_primary_broad
HS1992:291461,H0,291461,Quinones :-- Anthraquinone,False,False,not_primary_strict,not_primary_broad
HS1992:292010,H0,292010,"Thiophosphoric esters (phosphorothioates) and their salts; their halogenated, sulphonated, nitrated or nitrosated derivatives",False,False,not_primary_strict,not_primary_broad
HS1992:293970,H0,293970,Nicotine and its salts,False,False,not_primary_strict,not_primary_broad
HS1992:294140,H0,294140,Chloramphenicol and its derivatives; salts thereof,False,False,not_primary_strict,not_primary_broad
HS1992:520621,H0,520621,"Single yarn, of combed fibres :-- Measuring 714.29 decitex or more (not exceeding 14 metric number)",False,False,not_primary_strict,not_primary_broad
HS1992:520635,H0,520635,"Multiple (folded) or cabled yarn, of uncombed fibres :-- Measuring per single yarn less than 125 decitex (exceeding 80 metric number per single yarn)",False,False,not_primary_strict,not_primary_broad
HS1992:530130,H0,530130,Flax tow and waste,True,True,strict_raw_textile_fibers,strict_raw_textile_fibers
HS1992:540331,H0,540331,"Other yarn, single :-- Of viscose rayon, untwisted or with a twist not exceeding 120 turns per metre",False,False,not_primary_strict,not_primary_broad
HS1992:540831,H0,540831,Other woven fabrics :-- Unbleached or bleached,False,False,not_primary_strict,not_primary_broad
HS1992:551323,H0,551323,Dyed :-- Other woven fabrics of polyester staple fibres,False,False,not_primary_strict,not_primary_broad
HS1992:580131,H0,580131,Of man-made fibres :-- Uncut weft pile fabrics,False,False,not_primary_strict,not_primary_broad
HS1992:580135,H0,580135,"Of man-made fibres :-- Warp pile fabrics, cut",False,False,not_primary_strict,not_primary_broad
HS1992:282120,H0,282120,Earth colours,False,False,not_primary_strict,not_primary_broad
HS1992:282735,H0,282735,Other chlorides:-- Of nickel,False,False,not_primary_strict,not_primary_broad
HS1992:282919,H0,282919,Chlorates:-- Other,False,False,not_primary_strict,not_primary_broad
HS1992:283719,H0,283719,Cyanides and cyanide oxides:-- Other,False,False,not_primary_strict,not_primary_broad
HS1992:290316,H0,290316,"Saturated chlorinated derivatives of acyclic hydrocarbons:-- 1,2-Dichloropropane (propylene dichloride) and dichlorobutanes",False,False,not_primary_strict,not_primary_broad
HS1992:290612,H0,290612,"Cyclanic, cyclenic or cycloterpenic:-- Cyclohexanol, methylcyclohexanols and dimethylcyclohexanols",False,False,not_primary_strict,not_primary_broad
HS1992:291532,H0,291532,Esters of acetic acid :-- Vinyl acetate,False,False,not_primary_strict,not_primary_broad
HS1992:291713,H0,291713,"Acyclic polycarboxylic acids, their anhydrides, halides, peroxides, peroxyacids and their derivatives :-- Azelaic acid, sebacic acid, their salts and esters",False,False,not_primary_strict,not_primary_broad
HS1992:291733,H0,291733,"Aromatic polycarboxylic acids, their anhydrides, halides, peroxides, peroxyacids and their derivatives :-- Dinonyl or didecyl orthophthalates",False,False,not_primary_strict,not_primary_broad
HS1992:370291,H0,370291,Other :-- Of a width not exceeding 16 mm and of a length not exceeding 14 m,False,False,not_primary_strict,not_primary_broad
HS1992:520623,H0,520623,"Single yarn, of combed fibres :-- Measuring less than 232.56 decitex but not less than 192.31 decitex (exceeding 43 metric number but not exceeding 52 metric number)",False,False,not_primary_strict,not_primary_broad
HS1992:550410,H0,550410,Of viscose rayon,False,False,not_primary_strict,not_primary_broad
HS1992:551633,H0,551633,"Containing less than 85 % by weight of artificial staple fibres, mixed mainly or solely with wool or fine animal hair :-- Of yarns of different colours",False,False,not_primary_strict,not_primary_broad
HS1992:580125,H0,580125,"Of cotton :-- Warp pile fabrics, cut",False,False,not_primary_strict,not_primary_broad
HS1992:120791,H0,120791,Other :-- Poppy seeds,True,True,strict_hs01_10_12_14_raw_agriculture,strict_hs01_10_12_14_raw_agriculture
HS1992:230660,H0,230660,Of palm nuts or kernels,False,True,not_primary_strict,broad_first_stage_food_inputs_hs11_15_23
HS1992:280521,H0,280521,Alkaline-earth metals :-- Calcium,False,False,not_primary_strict,not_primary_broad
HS1992:282010,H0,282010,Manganese dioxide,False,False,not_primary_strict,not_primary_broad
HS1992:370191,H0,370191,Other :-- For colour photography (polychrome),False,False,not_primary_strict,not_primary_broad
HS1992:400260,H0,400260,Isoprene rubber (IR),False,False,not_primary_strict,not_primary_broad
HS1992:511120,H0,511120,"Other, mixed mainly or solely with man-made filaments",False,False,not_primary_strict,not_primary_broad
HS1992:540500,H0,540500,"Artificial monofilament of 67 decitex or more and of which no cross-sectional dimension exceeds 1 mm; strip and the   like (for example, artificial straw) of artificial textile materials of an apparent width not exce",False,False,not_primary_strict,not_primary_broad
HS1992:550922,H0,550922,Containing 85 % or more by weight of staple fibres of nylon or other polyamides :-- Multiple (folded) or cabled yarn,False,False,not_primary_strict,not_primary_broad
HS1992:710410,H0,710410,Piezo-electric quartz,True,True,strict_raw_precious_stones_metals,strict_raw_precious_stones_metals
HS1992:720291,H0,720291,Other :-- Ferro-titanium and ferro-silico-titanium,False,True,not_primary_strict,broad_first_stage_metals_scrap
HS1992:811000,H0,811000,"Antimony and articles thereof, including waste and scrap.",False,True,not_primary_strict,broad_unwrought_powder_waste_other_base_metals
HS1992:291737,H0,291737,"Aromatic polycarboxylic acids, their anhydrides, halides, peroxides, peroxyacids and their derivatives :-- Dimethyl terephthalate",False,False,not_primary_strict,not_primary_broad
HS1992:720270,H0,720270,Ferro-molybdenum,False,True,not_primary_strict,broad_first_stage_metals_scrap
HS1992:720280,H0,720280,Ferro-tungsten and ferro-silico-tungsten,False,True,not_primary_strict,broad_first_stage_metals_scrap
HS1992:750521,H0,750521,"Wire :-- Of nickel, not alloyed",False,False,not_primary_strict,not_primary_broad
HS1992:810600,H0,810600,"Bismuth and articles thereof, including waste and scrap.",False,True,not_primary_strict,broad_unwrought_powder_waste_other_base_metals
HS1992:284180,H0,284180,Tungstates (wolframates),False,False,not_primary_strict,not_primary_broad
HS1992:291534,H0,291534,Esters of acetic acid :-- Isobutyl acetate,False,False,not_primary_strict,not_primary_broad
HS1992:392093,H0,392093,Of other plastics :-- Of amino-resins,False,False,not_primary_strict,not_primary_broad
HS1992:470200,H0,470200,"Chemical wood pulp, dissolving grades.",False,True,not_primary_strict,broad_processed_wood_pulp_waste
HS1992:510330,H0,510330,Waste of coarse animal hair,True,True,strict_raw_textile_fibers,strict_raw_textile_fibers
HS1992:550520,H0,550520,Of artificial fibres,False,False,not_primary_strict,not_primary_broad
HS1992:260500,H0,260500,Cobalt ores and concentrates.,True,True,strict_minerals_ores_hs25_26,strict_minerals_ores_hs25_26
HS1992:282570,H0,282570,Molybdenum oxides and hydroxides,False,False,not_primary_strict,not_primary_broad
HS1992:283190,H0,283190,Other,False,False,not_primary_strict,not_primary_broad
HS1992:293929,H0,293929,Alkaloids of cinchona and their derivatives; salts thereof :-- Other,False,False,not_primary_strict,not_primary_broad
HS1992:520643,H0,520643,"Multiple (folded) or cabled yarn, of combed fibres :-- Measuring per single yarn less than 232.56 decitex but not less than 192.31 decitex (exceeding 43 metric number but not exceeding 52 metric number per single",False,False,not_primary_strict,not_primary_broad
HS1992:551644,H0,551644,"Containing less than 85 % by weight of artificial staple fibres, mixed mainly or solely with cotton :-- Printed",False,False,not_primary_strict,not_primary_broad
HS1992:860310,H0,860310,Powered from an external source of electricity,False,False,not_primary_strict,not_primary_broad
HS1992:030341,H0,030341,"Tunas (of the genus Thunnus), skipjack or stripe-bellied bonito (Euthynnus (Katsuwonus) pelamis), excluding livers and roes :-- Albacore or longfinned tunas (Thunnus alalunga)",True,True,strict_hs01_10_12_14_raw_agriculture,strict_hs01_10_12_14_raw_agriculture
HS1992:293371,H0,293371,Lactams :-- 6-Hexanelactam (epsilon-caprolactam),False,False,not_primary_strict,not_primary_broad
HS1992:400241,H0,400241,Chloroprene (chlorobutadiene) rubber (CR) :-- Latex,False,False,not_primary_strict,not_primary_broad
HS1992:710811,H0,710811,Non-monetary :-- Powder,True,True,strict_raw_precious_stones_metals,strict_raw_precious_stones_metals
HS1992:810299,H0,810299,Other,False,False,not_primary_strict,not_primary_broad
HS1992:282612,H0,282612,Fluorides:-- Of aluminium,False,False,not_primary_strict,not_primary_broad
HS1992:511300,H0,511300,Woven fabrics of coarse animal hair or of horsehair.,False,False,not_primary_strict,not_primary_broad
HS1992:580124,H0,580124,"Of cotton :-- Warp pile fabrics, épinglé (uncut)",False,False,not_primary_strict,not_primary_broad
HS1992:580134,H0,580134,"Of man-made fibres :-- Warp pile fabrics, épinglé (uncut)",False,False,not_primary_strict,not_primary_broad
HS1992:510400,H0,510400,Garnetted stock of wool or of fine or coarse animal hair.,True,True,strict_raw_textile_fibers,strict_raw_textile_fibers
HS1992:030343,H0,030343,"Tunas (of the genus Thunnus), skipjack or stripe-bellied bonito (Euthynnus (Katsuwonus) pelamis), excluding livers and roes :-- Skipjack or strip-bellied bonito",True,True,strict_hs01_10_12_14_raw_agriculture,strict_hs01_10_12_14_raw_agriculture
HS1992:060230,H0,060230,"Rhododendrons and azaleas, grafted or not",True,True,strict_hs01_10_12_14_raw_agriculture,strict_hs01_10_12_14_raw_agriculture
HS1992:110421,H0,110421,"Other worked grains (for example, hulled, pearled, sliced or kibbled) :-- Of barley",False,True,not_primary_strict,broad_first_stage_food_inputs_hs11_15_23
HS1992:230650,H0,230650,Of coconut or copra,False,True,not_primary_strict,broad_first_stage_food_inputs_hs11_15_23
HS1992:280450,H0,280450,Boron; tellurium,False,False,not_primary_strict,not_primary_broad
HS1992:282530,H0,282530,Vanadium oxides and hydroxides,False,False,not_primary_strict,not_primary_broad
HS1992:410122,H0,410122,"Other hides and skins of bovine animals, fresh or wet-salted :-- Butts and bends",True,True,strict_raw_hides_skins_furs,strict_raw_hides_skins_furs
HS1992:520525,H0,520525,"Cotton yarn >85% single combed <125 dtex, not retail",False,False,not_primary_strict,not_primary_broad
HS1992:520615,H0,520615,"Single yarn, of uncombed fibres :-- Measuring less than 125 decitex (exceeding 80 metric number)",False,False,not_primary_strict,not_primary_broad
HS1992:550610,H0,550610,Of nylon or other polyamides,False,False,not_primary_strict,not_primary_broad
HS1992:560730,H0,560730,Of abaca (Manila hemp or Musa textilis Nee) or other hard (leaf) fibres,False,False,not_primary_strict,not_primary_broad
HS1992:681520,H0,681520,Articles of peat,False,False,not_primary_strict,not_primary_broad
HS1992:710590,H0,710590,Other,True,True,strict_raw_precious_stones_metals,strict_raw_precious_stones_metals
HS1992:711039,H0,711039,Rhodium :-- Other,False,True,not_primary_strict,broad_precious_metal_semimanufactures_waste
HS1992:711041,H0,711041,"Iridium, osmium and ruthenium :-- Unwrought or in powder form",True,True,strict_unwrought_powder_platinum_group,strict_unwrought_powder_platinum_group
HS1992:750610,H0,750610,"Of nickel, not alloyed",False,False,not_primary_strict,not_primary_broad
HS1992:283030,H0,283030,Cadmium sulphide,False,False,not_primary_strict,not_primary_broad
HS1992:290270,H0,290270,Cumene,False,False,not_primary_strict,not_primary_broad
HS1992:470419,H0,470419,Unbleached :-- Non-coniferous,False,True,not_primary_strict,broad_processed_wood_pulp_waste
HS1992:520625,H0,520625,"Single yarn, of combed fibres :-- Measuring less than 125 decitex (exceeding 80 metric number)",False,False,not_primary_strict,not_primary_broad
HS1992:520644,H0,520644,"Multiple (folded) or cabled yarn, of combed fibres :-- Measuring per single yarn less than 192.31 decitex but not less than 125 decitex (exceeding 52 metric number but not exceeding 80 metric number per single yar",False,False,not_primary_strict,not_primary_broad
HS1992:810310,H0,810310,"Unwrought tantalum, including bars and rods obtained simply by sintering; waste and scrap; powders",False,True,not_primary_strict,broad_unwrought_powder_waste_other_base_metals
HS1992:050710,H0,050710,Ivory; ivory powder and waste,True,True,strict_hs01_10_12_14_raw_agriculture,strict_hs01_10_12_14_raw_agriculture
HS1992:470411,H0,470411,Unbleached :-- Coniferous,False,True,not_primary_strict,broad_processed_wood_pulp_waste
HS1992:530121,H0,530121,"Flax, broken, scutched, hackled or otherwise processed, but not spun :-- Broken or scutched",True,True,strict_raw_textile_fibers,strict_raw_textile_fibers
HS1992:530810,H0,530810,Coir yarn,False,False,not_primary_strict,not_primary_broad
HS1992:120924,H0,120924,"Seeds of forage plants, other than beet seed :-- Kentucky blue grass (Poa pratensis L.) seed",True,True,strict_hs01_10_12_14_raw_agriculture,strict_hs01_10_12_14_raw_agriculture
HS1992:520614,H0,520614,"Single yarn, of uncombed fibres :-- Measuring less than 192.31 decitex but not less than 125 decitex (exceeding 52 metric number but not exceeding 80 metric number)",False,False,not_primary_strict,not_primary_broad
HS1992:520624,H0,520624,"Single yarn, of combed fibres :-- Measuring less than 192.31 decitex but not less than 125 decitex (exceeding 52 metric number but not exceeding 80 metric number)",False,False,not_primary_strict,not_primary_broad
HS1992:810292,H0,810292,"Other :-- Bars and rods, other than those obtained simply by sintering, profiles, plates, sheets, strip and foil",False,False,not_primary_strict,not_primary_broad
HS1992:030372,H0,030372,"Other fish, excluding livers and roes :-- Haddock (Melanogrammus aeglefinus)",True,True,strict_hs01_10_12_14_raw_agriculture,strict_hs01_10_12_14_raw_agriculture
HS1992:030331,H0,030331,"Flat fish (Pleuronectidae, Bothidae, Cynoglossidae, Soleidae,Scophthalmidae and Citharidae), excluding livers and roes :-- Halibut (Reinhardtius hippoglossoides, Hippoglossus hippoglossus, Hippoglossus stenolepis)",True,True,strict_hs01_10_12_14_raw_agriculture,strict_hs01_10_12_14_raw_agriculture
HS1992:261310,H0,261310,Roasted,True,True,strict_minerals_ores_hs25_26,strict_minerals_ores_hs25_26
HS1992:290362,H0,290362,"Halogenated derivatives of aromatic hydrocarbons:-- Hexachlorobenzene and DDT (1,1,1-trichloro-2,2-bis (p-chlorophenyl)ethane)",False,False,not_primary_strict,not_primary_broad
HS1992:470319,H0,470319,Unbleached :-- Non-coniferous,False,True,not_primary_strict,broad_processed_wood_pulp_waste
HS1992:520633,H0,520633,"Multiple (folded) or cabled yarn, of uncombed fibres :-- Measuring per single yarn less than 232.56 decitex but not less than 192.31 decitex (exceeding 43 metric number but not exceeding 52 metric number per singl",False,False,not_primary_strict,not_primary_broad
HS1992:271012,H0,271012,Petroleum spirit for motor vehicles **LEGACY NON-WCO CODE**,False,True,not_primary_strict,broad_all_fuels_refinery_hs27
HS1992:271014,H0,271014,Petroleum spirit-type fuel **LEGACY NON-WCO CODE**,False,True,not_primary_strict,broad_all_fuels_refinery_hs27
HS1992:271016,H0,271016,Petroleum naphtha **LEGACY NON-WCO CODE**,False,True,not_primary_strict,broad_all_fuels_refinery_hs27
HS1992:271022,H0,271022,"Kerosene, for furnaces **LEGACY NON-WCO CODE**",False,True,not_primary_strict,broad_all_fuels_refinery_hs27
HS1992:271027,H0,271027,"Diesel oils- No.2 furnace, marine diesel **LEGACY NON-WCO CODE**",False,True,not_primary_strict,broad_all_fuels_refinery_hs27
HS1992:271091,H0,271091,Heavy furnace oil (heating or motor fuel) <1% sulphur **LEGACY NON-WCO CODE**,False,True,not_primary_strict,broad_all_fuels_refinery_hs27
HS1992:271093,H0,271093,Heavy furnace oil nes **LEGACY NON-WCO CODE**,False,True,not_primary_strict,broad_all_fuels_refinery_hs27
HS1992:271099,H0,271099,Petroleum oils and products nes **LEGACY NON-WCO CODE**,False,True,not_primary_strict,broad_all_fuels_refinery_hs27
HS1992:271095,H0,271095,Petroleum lubricating oils **LEGACY NON-WCO CODE**,False,True,not_primary_strict,broad_all_fuels_refinery_hs27
HS1992:440334,H0,440334,"Logs, Okoume/Obeche/Sapelli/Sipo/Acajou d'Afrique/etc",True,True,strict_raw_forestry_cork,strict_raw_forestry_cork
HS1992:440335,H0,440335,"Logs, Tiama, Mansonia, Ilomba, Dibetou, Limba, Azobe",True,True,strict_raw_forestry_cork,strict_raw_forestry_cork
HS1992:271013,H0,271013,Petroleum spirit except aviation or motor fuel **LEGACY NON-WCO CODE**,False,True,not_primary_strict,broad_all_fuels_refinery_hs27
HS1992:090130,H0,090130,Coffee husks and skins,True,True,strict_hs01_10_12_14_raw_agriculture,strict_hs01_10_12_14_raw_agriculture
HS1992:271015,H0,271015,White spirit **LEGACY NON-WCO CODE**,False,True,not_primary_strict,broad_all_fuels_refinery_hs27
HS1992:271094,H0,271094,Petroleum oil used in road building **LEGACY NON-WCO CODE**,False,True,not_primary_strict,broad_all_fuels_refinery_hs27
HS1992:271096,H0,271096,Petroleum lubricating greases **LEGACY NON-WCO CODE**,False,True,not_primary_strict,broad_all_fuels_refinery_hs27
HS1992:482330,H0,482330,"Cards, not punched, for punch card machines, paper",False,False,not_primary_strict,not_primary_broad
HS1992:200530,H0,200530,"Sauerkraut, prepared or preserved, not frozen/vinegar",False,False,not_primary_strict,not_primary_broad
HS1992:380993,H0,380993,Other :-- Of a kind used in the leather or like industries,False,False,not_primary_strict,not_primary_broad
HS1992:720140,H0,720140,Spiegeleisen in primary forms,False,True,not_primary_strict,broad_first_stage_metals_scrap
