sample_window,variant,variant_label,year,outcome,outcome_label,size_variable,size_label,spearman_size_outcome,n_countries
all_available,baseline,Inclusive world export basket,2000,world_share_exposure,World-share percentile exposure,log_gdp_current_usd,"GDP, current USD",0.38433580204632045,141
all_available,baseline,Inclusive world export basket,2000,world_share_exposure,World-share percentile exposure,log_population,Population,0.21200821952994559,141
all_available,baseline,Inclusive world export basket,2000,spearman_product_alignment,Within-country product-rank alignment,log_gdp_current_usd,"GDP, current USD",0.7329038058136049,141
all_available,baseline,Inclusive world export basket,2000,spearman_product_alignment,Within-country product-rank alignment,log_population,Population,0.30007705809324026,141
all_available,baseline,Inclusive world export basket,2000,top_1pct_world_product_export_share,Export share in top 1% world products,log_gdp_current_usd,"GDP, current USD",0.4889940590289831,141
all_available,baseline,Inclusive world export basket,2000,top_1pct_world_product_export_share,Export share in top 1% world products,log_population,Population,0.2638279290937864,141
all_available,baseline,Inclusive world export basket,2000,top_5pct_world_product_export_share,Export share in top 5% world products,log_gdp_current_usd,"GDP, current USD",0.26937368894216357,141
all_available,baseline,Inclusive world export basket,2000,top_5pct_world_product_export_share,Export share in top 5% world products,log_population,Population,0.20675114516888565,141
all_available,baseline,Inclusive world export basket,2000,top_10pct_world_product_export_share,Export share in top 10% world products,log_gdp_current_usd,"GDP, current USD",0.2761933301939295,141
all_available,baseline,Inclusive world export basket,2000,top_10pct_world_product_export_share,Export share in top 10% world products,log_population,Population,0.17368894216362,141
all_available,baseline,Inclusive world export basket,2000,top_20pct_world_product_export_share,Export share in top 20% world products,log_gdp_current_usd,"GDP, current USD",0.2708292307033691,141
all_available,baseline,Inclusive world export basket,2000,top_20pct_world_product_export_share,Export share in top 20% world products,log_population,Population,0.1877948542317736,141
all_available,baseline,Inclusive world export basket,2001,world_share_exposure,World-share percentile exposure,log_gdp_current_usd,"GDP, current USD",0.41161234451267514,145
all_available,baseline,Inclusive world export basket,2001,world_share_exposure,World-share percentile exposure,log_population,Population,0.21332467327979845,145
all_available,baseline,Inclusive world export basket,2001,spearman_product_alignment,Within-country product-rank alignment,log_gdp_current_usd,"GDP, current USD",0.7413399464651236,145
all_available,baseline,Inclusive world export basket,2001,spearman_product_alignment,Within-country product-rank alignment,log_population,Population,0.33896630451897336,145
all_available,baseline,Inclusive world export basket,2001,top_1pct_world_product_export_share,Export share in top 1% world products,log_gdp_current_usd,"GDP, current USD",0.5667085564368163,145
all_available,baseline,Inclusive world export basket,2001,top_1pct_world_product_export_share,Export share in top 1% world products,log_population,Population,0.3191646189229806,145
all_available,baseline,Inclusive world export basket,2001,top_5pct_world_product_export_share,Export share in top 5% world products,log_gdp_current_usd,"GDP, current USD",0.2251968193985199,145
all_available,baseline,Inclusive world export basket,2001,top_5pct_world_product_export_share,Export share in top 5% world products,log_population,Population,0.16754841757203587,145
all_available,baseline,Inclusive world export basket,2001,top_10pct_world_product_export_share,Export share in top 10% world products,log_gdp_current_usd,"GDP, current USD",0.3332113053062509,145
all_available,baseline,Inclusive world export basket,2001,top_10pct_world_product_export_share,Export share in top 10% world products,log_population,Population,0.20265706188001886,145
all_available,baseline,Inclusive world export basket,2001,top_20pct_world_product_export_share,Export share in top 20% world products,log_gdp_current_usd,"GDP, current USD",0.3070894347346874,145
all_available,baseline,Inclusive world export basket,2001,top_20pct_world_product_export_share,Export share in top 20% world products,log_population,Population,0.14908282160289718,145
all_available,baseline,Inclusive world export basket,2002,world_share_exposure,World-share percentile exposure,log_gdp_current_usd,"GDP, current USD",0.4107699574870099,145
all_available,baseline,Inclusive world export basket,2002,world_share_exposure,World-share percentile exposure,log_population,Population,0.17710596756416308,145
all_available,baseline,Inclusive world export basket,2002,spearman_product_alignment,Within-country product-rank alignment,log_gdp_current_usd,"GDP, current USD",0.8038773421508424,145
all_available,baseline,Inclusive world export basket,2002,spearman_product_alignment,Within-country product-rank alignment,log_population,Population,0.38194378837978266,145
all_available,baseline,Inclusive world export basket,2002,top_1pct_world_product_export_share,Export share in top 1% world products,log_gdp_current_usd,"GDP, current USD",0.543180377820213,145
all_available,baseline,Inclusive world export basket,2002,top_1pct_world_product_export_share,Export share in top 1% world products,log_population,Population,0.3033471238691581,145
all_available,baseline,Inclusive world export basket,2002,top_5pct_world_product_export_share,Export share in top 5% world products,log_gdp_current_usd,"GDP, current USD",0.3130491261218705,145
all_available,baseline,Inclusive world export basket,2002,top_5pct_world_product_export_share,Export share in top 5% world products,log_population,Population,0.22412218548260113,145
all_available,baseline,Inclusive world export basket,2002,top_10pct_world_product_export_share,Export share in top 10% world products,log_gdp_current_usd,"GDP, current USD",0.26479294599275705,145
all_available,baseline,Inclusive world export basket,2002,top_10pct_world_product_export_share,Export share in top 10% world products,log_population,Population,0.12153597858604943,145
all_available,baseline,Inclusive world export basket,2002,top_20pct_world_product_export_share,Export share in top 20% world products,log_gdp_current_usd,"GDP, current USD",0.3103920642418516,145
all_available,baseline,Inclusive world export basket,2002,top_20pct_world_product_export_share,Export share in top 20% world products,log_population,Population,0.13445126751692646,145
all_available,baseline,Inclusive world export basket,2003,world_share_exposure,World-share percentile exposure,log_gdp_current_usd,"GDP, current USD",0.43471645868577796,148
all_available,baseline,Inclusive world export basket,2003,world_share_exposure,World-share percentile exposure,log_population,Population,0.21563502963311212,148
all_available,baseline,Inclusive world export basket,2003,spearman_product_alignment,Within-country product-rank alignment,log_gdp_current_usd,"GDP, current USD",0.7823659846670394,148
all_available,baseline,Inclusive world export basket,2003,spearman_product_alignment,Within-country product-rank alignment,log_population,Population,0.33041752888349246,148
all_available,baseline,Inclusive world export basket,2003,top_1pct_world_product_export_share,Export share in top 1% world products,log_gdp_current_usd,"GDP, current USD",0.5378624100489958,148
all_available,baseline,Inclusive world export basket,2003,top_1pct_world_product_export_share,Export share in top 1% world products,log_population,Population,0.30680472058728886,148
all_available,baseline,Inclusive world export basket,2003,top_5pct_world_product_export_share,Export share in top 5% world products,log_gdp_current_usd,"GDP, current USD",0.3872220391875234,148
all_available,baseline,Inclusive world export basket,2003,top_5pct_world_product_export_share,Export share in top 5% world products,log_population,Population,0.2744755438906925,148
all_available,baseline,Inclusive world export basket,2003,top_10pct_world_product_export_share,Export share in top 10% world products,log_gdp_current_usd,"GDP, current USD",0.3059891832662686,148
all_available,baseline,Inclusive world export basket,2003,top_10pct_world_product_export_share,Export share in top 10% world products,log_population,Population,0.17488533595916148,148
all_available,baseline,Inclusive world export basket,2003,top_20pct_world_product_export_share,Export share in top 20% world products,log_gdp_current_usd,"GDP, current USD",0.3394092627074411,148
all_available,baseline,Inclusive world export basket,2003,top_20pct_world_product_export_share,Export share in top 20% world products,log_population,Population,0.1753628714319031,148
all_available,baseline,Inclusive world export basket,2004,world_share_exposure,World-share percentile exposure,log_gdp_current_usd,"GDP, current USD",0.4177515508239579,147
all_available,baseline,Inclusive world export basket,2004,world_share_exposure,World-share percentile exposure,log_population,Population,0.19709253564439475,147
all_available,baseline,Inclusive world export basket,2004,spearman_product_alignment,Within-country product-rank alignment,log_gdp_current_usd,"GDP, current USD",0.7956576929179668,147
all_available,baseline,Inclusive world export basket,2004,spearman_product_alignment,Within-country product-rank alignment,log_population,Population,0.3496097439345972,147
all_available,baseline,Inclusive world export basket,2004,top_1pct_world_product_export_share,Export share in top 1% world products,log_gdp_current_usd,"GDP, current USD",0.5041145986320605,147
all_available,baseline,Inclusive world export basket,2004,top_1pct_world_product_export_share,Export share in top 1% world products,log_population,Population,0.25935996811469164,147
all_available,baseline,Inclusive world export basket,2004,top_5pct_world_product_export_share,Export share in top 5% world products,log_gdp_current_usd,"GDP, current USD",0.35294184315710736,147
all_available,baseline,Inclusive world export basket,2004,top_5pct_world_product_export_share,Export share in top 5% world products,log_population,Population,0.24828672676030797,147
all_available,baseline,Inclusive world export basket,2004,top_10pct_world_product_export_share,Export share in top 10% world products,log_gdp_current_usd,"GDP, current USD",0.34894483524620507,147
all_available,baseline,Inclusive world export basket,2004,top_10pct_world_product_export_share,Export share in top 10% world products,log_population,Population,0.1918677133941322,147
all_available,baseline,Inclusive world export basket,2004,top_20pct_world_product_export_share,Export share in top 20% world products,log_gdp_current_usd,"GDP, current USD",0.30705180998723075,147
all_available,baseline,Inclusive world export basket,2004,top_20pct_world_product_export_share,Export share in top 20% world products,log_population,Population,0.14836152898775207,147
all_available,baseline,Inclusive world export basket,2005,world_share_exposure,World-share percentile exposure,log_gdp_current_usd,"GDP, current USD",0.4203265009976419,149
all_available,baseline,Inclusive world export basket,2005,world_share_exposure,World-share percentile exposure,log_population,Population,0.2059967349900236,149
all_available,baseline,Inclusive world export basket,2005,spearman_product_alignment,Within-country product-rank alignment,log_gdp_current_usd,"GDP, current USD",0.755392708144386,149
all_available,baseline,Inclusive world export basket,2005,spearman_product_alignment,Within-country product-rank alignment,log_population,Population,0.3309994558316707,149
all_available,baseline,Inclusive world export basket,2005,top_1pct_world_product_export_share,Export share in top 1% world products,log_gdp_current_usd,"GDP, current USD",0.45087289213957604,149
all_available,baseline,Inclusive world export basket,2005,top_1pct_world_product_export_share,Export share in top 1% world products,log_population,Population,0.2553167561371956,149
all_available,baseline,Inclusive world export basket,2005,top_5pct_world_product_export_share,Export share in top 5% world products,log_gdp_current_usd,"GDP, current USD",0.3607291855614003,149
all_available,baseline,Inclusive world export basket,2005,top_5pct_world_product_export_share,Export share in top 5% world products,log_population,Population,0.23793216034826772,149
all_available,baseline,Inclusive world export basket,2005,top_10pct_world_product_export_share,Export share in top 10% world products,log_gdp_current_usd,"GDP, current USD",0.29172501360420827,149
all_available,baseline,Inclusive world export basket,2005,top_10pct_world_product_export_share,Export share in top 10% world products,log_population,Population,0.15918374750589515,149
all_available,baseline,Inclusive world export basket,2005,top_20pct_world_product_export_share,Export share in top 20% world products,log_gdp_current_usd,"GDP, current USD",0.30243061853800113,149
all_available,baseline,Inclusive world export basket,2005,top_20pct_world_product_export_share,Export share in top 20% world products,log_population,Population,0.16443315799020497,149
all_available,baseline,Inclusive world export basket,2006,world_share_exposure,World-share percentile exposure,log_gdp_current_usd,"GDP, current USD",0.40886994376927266,149
all_available,baseline,Inclusive world export basket,2006,world_share_exposure,World-share percentile exposure,log_population,Population,0.1973553419191003,149
all_available,baseline,Inclusive world export basket,2006,spearman_product_alignment,Within-country product-rank alignment,log_gdp_current_usd,"GDP, current USD",0.7468964266279703,149
all_available,baseline,Inclusive world export basket,2006,spearman_product_alignment,Within-country product-rank alignment,log_population,Population,0.30336296027571197,149
all_available,baseline,Inclusive world export basket,2006,top_1pct_world_product_export_share,Export share in top 1% world products,log_gdp_current_usd,"GDP, current USD",0.39794304371485584,149
all_available,baseline,Inclusive world export basket,2006,top_1pct_world_product_export_share,Export share in top 1% world products,log_population,Population,0.2224342463268638,149
all_available,baseline,Inclusive world export basket,2006,top_5pct_world_product_export_share,Export share in top 5% world products,log_gdp_current_usd,"GDP, current USD",0.27606022129512064,149
all_available,baseline,Inclusive world export basket,2006,top_5pct_world_product_export_share,Export share in top 5% world products,log_population,Population,0.19163069109377837,149
all_available,baseline,Inclusive world export basket,2006,top_10pct_world_product_export_share,Export share in top 10% world products,log_gdp_current_usd,"GDP, current USD",0.2800725557772538,149
all_available,baseline,Inclusive world export basket,2006,top_10pct_world_product_export_share,Export share in top 10% world products,log_population,Population,0.15795392708144387,149
all_available,baseline,Inclusive world export basket,2006,top_20pct_world_product_export_share,Export share in top 20% world products,log_gdp_current_usd,"GDP, current USD",0.2916778523489933,149
all_available,baseline,Inclusive world export basket,2006,top_20pct_world_product_export_share,Export share in top 20% world products,log_population,Population,0.14325049882096863,149
all_available,baseline,Inclusive world export basket,2007,world_share_exposure,World-share percentile exposure,log_gdp_current_usd,"GDP, current USD",0.4145121276115883,152
all_available,baseline,Inclusive world export basket,2007,world_share_exposure,World-share percentile exposure,log_population,Population,0.17121153097000386,152
all_available,baseline,Inclusive world export basket,2007,spearman_product_alignment,Within-country product-rank alignment,log_gdp_current_usd,"GDP, current USD",0.7449169280817938,152
all_available,baseline,Inclusive world export basket,2007,spearman_product_alignment,Within-country product-rank alignment,log_population,Population,0.3006718197910046,152
all_available,baseline,Inclusive world export basket,2007,top_1pct_world_product_export_share,Export share in top 1% world products,log_gdp_current_usd,"GDP, current USD",0.3865539900992029,152
all_available,baseline,Inclusive world export basket,2007,top_1pct_world_product_export_share,Export share in top 1% world products,log_population,Population,0.1732214313306108,152
all_available,baseline,Inclusive world export basket,2007,top_5pct_world_product_export_share,Export share in top 5% world products,log_gdp_current_usd,"GDP, current USD",0.3832345765074939,152
all_available,baseline,Inclusive world export basket,2007,top_5pct_world_product_export_share,Export share in top 5% world products,log_population,Population,0.22722271201962835,152
all_available,baseline,Inclusive world export basket,2007,top_10pct_world_product_export_share,Export share in top 10% world products,log_gdp_current_usd,"GDP, current USD",0.2869859690129102,152
all_available,baseline,Inclusive world export basket,2007,top_10pct_world_product_export_share,Export share in top 10% world products,log_population,Population,0.1401150909998018,152
all_available,baseline,Inclusive world export basket,2007,top_20pct_world_product_export_share,Export share in top 20% world products,log_gdp_current_usd,"GDP, current USD",0.32124672803942067,152
all_available,baseline,Inclusive world export basket,2007,top_20pct_world_product_export_share,Export share in top 20% world products,log_population,Population,0.10442252885817972,152
all_available,baseline,Inclusive world export basket,2008,world_share_exposure,World-share percentile exposure,log_gdp_current_usd,"GDP, current USD",0.46131777579524463,148
all_available,baseline,Inclusive world export basket,2008,world_share_exposure,World-share percentile exposure,log_population,Population,0.20338568948348434,148
all_available,baseline,Inclusive world export basket,2008,spearman_product_alignment,Within-country product-rank alignment,log_gdp_current_usd,"GDP, current USD",0.7663629935921403,148
all_available,baseline,Inclusive world export basket,2008,spearman_product_alignment,Within-country product-rank alignment,log_population,Population,0.3087174285640249,148
all_available,baseline,Inclusive world export basket,2008,top_1pct_world_product_export_share,Export share in top 1% world products,log_gdp_current_usd,"GDP, current USD",0.476058444418943,148
all_available,baseline,Inclusive world export basket,2008,top_1pct_world_product_export_share,Export share in top 1% world products,log_population,Population,0.24469065696294845,148
all_available,baseline,Inclusive world export basket,2008,top_5pct_world_product_export_share,Export share in top 5% world products,log_gdp_current_usd,"GDP, current USD",0.4251398364533552,148
all_available,baseline,Inclusive world export basket,2008,top_5pct_world_product_export_share,Export share in top 5% world products,log_population,Population,0.2206954249140251,148
all_available,baseline,Inclusive world export basket,2008,top_10pct_world_product_export_share,Export share in top 10% world products,log_gdp_current_usd,"GDP, current USD",0.3706896870847015,148
all_available,baseline,Inclusive world export basket,2008,top_10pct_world_product_export_share,Export share in top 10% world products,log_population,Population,0.17981986917749146,148
all_available,baseline,Inclusive world export basket,2008,top_20pct_world_product_export_share,Export share in top 20% world products,log_gdp_current_usd,"GDP, current USD",0.3709525166859779,148
all_available,baseline,Inclusive world export basket,2008,top_20pct_world_product_export_share,Export share in top 20% world products,log_population,Population,0.17037281083302178,148
all_available,baseline,Inclusive world export basket,2009,world_share_exposure,World-share percentile exposure,log_gdp_current_usd,"GDP, current USD",0.45585343732994743,149
all_available,baseline,Inclusive world export basket,2009,world_share_exposure,World-share percentile exposure,log_population,Population,0.19353528024668964,149
all_available,baseline,Inclusive world export basket,2009,spearman_product_alignment,Within-country product-rank alignment,log_gdp_current_usd,"GDP, current USD",0.735846181752222,149
all_available,baseline,Inclusive world export basket,2009,spearman_product_alignment,Within-country product-rank alignment,log_population,Population,0.3041356793034645,149
all_available,baseline,Inclusive world export basket,2009,top_1pct_world_product_export_share,Export share in top 1% world products,log_gdp_current_usd,"GDP, current USD",0.4354289860330129,149
all_available,baseline,Inclusive world export basket,2009,top_1pct_world_product_export_share,Export share in top 1% world products,log_population,Population,0.2555269363323055,149
all_available,baseline,Inclusive world export basket,2009,top_5pct_world_product_export_share,Export share in top 5% world products,log_gdp_current_usd,"GDP, current USD",0.3058117177580265,149
all_available,baseline,Inclusive world export basket,2009,top_5pct_world_product_export_share,Export share in top 5% world products,log_population,Population,0.1565935062579358,149
all_available,baseline,Inclusive world export basket,2009,top_10pct_world_product_export_share,Export share in top 10% world products,log_gdp_current_usd,"GDP, current USD",0.347248322147651,149
all_available,baseline,Inclusive world export basket,2009,top_10pct_world_product_export_share,Export share in top 10% world products,log_population,Population,0.14472338109922,149
all_available,baseline,Inclusive world export basket,2009,top_20pct_world_product_export_share,Export share in top 20% world products,log_gdp_current_usd,"GDP, current USD",0.3956393977870488,149
all_available,baseline,Inclusive world export basket,2009,top_20pct_world_product_export_share,Export share in top 20% world products,log_population,Population,0.18224560130600398,149
all_available,baseline,Inclusive world export basket,2010,world_share_exposure,World-share percentile exposure,log_gdp_current_usd,"GDP, current USD",0.44639793875026484,152
all_available,baseline,Inclusive world export basket,2010,world_share_exposure,World-share percentile exposure,log_population,Population,0.24924309214797807,152
all_available,baseline,Inclusive world export basket,2010,spearman_product_alignment,Within-country product-rank alignment,log_gdp_current_usd,"GDP, current USD",0.7054586212316923,152
all_available,baseline,Inclusive world export basket,2010,spearman_product_alignment,Within-country product-rank alignment,log_population,Population,0.2880213779481817,152
all_available,baseline,Inclusive world export basket,2010,top_1pct_world_product_export_share,Export share in top 1% world products,log_gdp_current_usd,"GDP, current USD",0.504305660918951,152
all_available,baseline,Inclusive world export basket,2010,top_1pct_world_product_export_share,Export share in top 1% world products,log_population,Population,0.27012213041368516,152
all_available,baseline,Inclusive world export basket,2010,top_5pct_world_product_export_share,Export share in top 5% world products,log_gdp_current_usd,"GDP, current USD",0.36649717398287296,152
all_available,baseline,Inclusive world export basket,2010,top_5pct_world_product_export_share,Export share in top 5% world products,log_population,Population,0.22142032135266096,152
all_available,baseline,Inclusive world export basket,2010,top_10pct_world_product_export_share,Export share in top 10% world products,log_gdp_current_usd,"GDP, current USD",0.3547762081479507,152
all_available,baseline,Inclusive world export basket,2010,top_10pct_world_product_export_share,Export share in top 10% world products,log_population,Population,0.19750340010524947,152
all_available,baseline,Inclusive world export basket,2010,top_20pct_world_product_export_share,Export share in top 20% world products,log_gdp_current_usd,"GDP, current USD",0.3743088730786842,152
all_available,baseline,Inclusive world export basket,2010,top_20pct_world_product_export_share,Export share in top 20% world products,log_population,Population,0.19588365147383455,152
all_available,baseline,Inclusive world export basket,2011,world_share_exposure,World-share percentile exposure,log_gdp_current_usd,"GDP, current USD",0.42131116938530605,150
all_available,baseline,Inclusive world export basket,2011,world_share_exposure,World-share percentile exposure,log_population,Population,0.19133828170140893,150
all_available,baseline,Inclusive world export basket,2011,spearman_product_alignment,Within-country product-rank alignment,log_gdp_current_usd,"GDP, current USD",0.7001431174718877,150
all_available,baseline,Inclusive world export basket,2011,spearman_product_alignment,Within-country product-rank alignment,log_population,Population,0.25475798924396637,150
all_available,baseline,Inclusive world export basket,2011,top_1pct_world_product_export_share,Export share in top 1% world products,log_gdp_current_usd,"GDP, current USD",0.38510333792613005,150
all_available,baseline,Inclusive world export basket,2011,top_1pct_world_product_export_share,Export share in top 1% world products,log_population,Population,0.21691452953464602,150
all_available,baseline,Inclusive world export basket,2011,top_5pct_world_product_export_share,Export share in top 5% world products,log_gdp_current_usd,"GDP, current USD",0.31678385706031376,150
all_available,baseline,Inclusive world export basket,2011,top_5pct_world_product_export_share,Export share in top 5% world products,log_population,Population,0.13992266322947688,150
all_available,baseline,Inclusive world export basket,2011,top_10pct_world_product_export_share,Export share in top 10% world products,log_gdp_current_usd,"GDP, current USD",0.3542184097070981,150
all_available,baseline,Inclusive world export basket,2011,top_10pct_world_product_export_share,Export share in top 10% world products,log_population,Population,0.16392372994355306,150
all_available,baseline,Inclusive world export basket,2011,top_20pct_world_product_export_share,Export share in top 20% world products,log_gdp_current_usd,"GDP, current USD",0.3677301213387262,150
all_available,baseline,Inclusive world export basket,2011,top_20pct_world_product_export_share,Export share in top 20% world products,log_population,Population,0.1759918218587493,150
all_available,baseline,Inclusive world export basket,2012,world_share_exposure,World-share percentile exposure,log_gdp_current_usd,"GDP, current USD",0.43403624956430803,151
all_available,baseline,Inclusive world export basket,2012,world_share_exposure,World-share percentile exposure,log_population,Population,0.21690833042872076,151
all_available,baseline,Inclusive world export basket,2012,spearman_product_alignment,Within-country product-rank alignment,log_gdp_current_usd,"GDP, current USD",0.7089055420006971,151
all_available,baseline,Inclusive world export basket,2012,spearman_product_alignment,Within-country product-rank alignment,log_population,Population,0.28730219588706857,151
all_available,baseline,Inclusive world export basket,2012,top_1pct_world_product_export_share,Export share in top 1% world products,log_gdp_current_usd,"GDP, current USD",0.4130289299407458,151
all_available,baseline,Inclusive world export basket,2012,top_1pct_world_product_export_share,Export share in top 1% world products,log_population,Population,0.28788776577204594,151
all_available,baseline,Inclusive world export basket,2012,top_5pct_world_product_export_share,Export share in top 5% world products,log_gdp_current_usd,"GDP, current USD",0.356176368072499,151
all_available,baseline,Inclusive world export basket,2012,top_5pct_world_product_export_share,Export share in top 5% world products,log_population,Population,0.19524573021958866,151
all_available,baseline,Inclusive world export basket,2012,top_10pct_world_product_export_share,Export share in top 10% world products,log_gdp_current_usd,"GDP, current USD",0.35543743464621813,151
all_available,baseline,Inclusive world export basket,2012,top_10pct_world_product_export_share,Export share in top 10% world products,log_population,Population,0.17180202161031716,151
all_available,baseline,Inclusive world export basket,2012,top_20pct_world_product_export_share,Export share in top 20% world products,log_gdp_current_usd,"GDP, current USD",0.4018368769606134,151
all_available,baseline,Inclusive world export basket,2012,top_20pct_world_product_export_share,Export share in top 20% world products,log_population,Population,0.2040362495643081,151
all_available,baseline,Inclusive world export basket,2013,world_share_exposure,World-share percentile exposure,log_gdp_current_usd,"GDP, current USD",0.43497446825620195,153
all_available,baseline,Inclusive world export basket,2013,world_share_exposure,World-share percentile exposure,log_population,Population,0.2007022904855722,153
all_available,baseline,Inclusive world export basket,2013,spearman_product_alignment,Within-country product-rank alignment,log_gdp_current_usd,"GDP, current USD",0.7122284320426735,153
all_available,baseline,Inclusive world export basket,2013,spearman_product_alignment,Within-country product-rank alignment,log_population,Population,0.3047156661707745,153
all_available,baseline,Inclusive world export basket,2013,top_1pct_world_product_export_share,Export share in top 1% world products,log_gdp_current_usd,"GDP, current USD",0.43340972752737456,153
all_available,baseline,Inclusive world export basket,2013,top_1pct_world_product_export_share,Export share in top 1% world products,log_population,Population,0.27470078940667175,153
all_available,baseline,Inclusive world export basket,2013,top_5pct_world_product_export_share,Export share in top 5% world products,log_gdp_current_usd,"GDP, current USD",0.3890206800423518,153
all_available,baseline,Inclusive world export basket,2013,top_5pct_world_product_export_share,Export share in top 5% world products,log_population,Population,0.20149973865144144,153
all_available,baseline,Inclusive world export basket,2013,top_10pct_world_product_export_share,Export share in top 10% world products,log_gdp_current_usd,"GDP, current USD",0.35055888384061756,153
all_available,baseline,Inclusive world export basket,2013,top_10pct_world_product_export_share,Export share in top 10% world products,log_population,Population,0.14523273424202215,153
all_available,baseline,Inclusive world export basket,2013,top_20pct_world_product_export_share,Export share in top 20% world products,log_gdp_current_usd,"GDP, current USD",0.38388082505729565,153
all_available,baseline,Inclusive world export basket,2013,top_20pct_world_product_export_share,Export share in top 20% world products,log_population,Population,0.189316875075389,153
all_available,baseline,Inclusive world export basket,2014,world_share_exposure,World-share percentile exposure,log_gdp_current_usd,"GDP, current USD",0.45980016265830137,152
all_available,baseline,Inclusive world export basket,2014,world_share_exposure,World-share percentile exposure,log_population,Population,0.21759306720248223,152
all_available,baseline,Inclusive world export basket,2014,spearman_product_alignment,Within-country product-rank alignment,log_gdp_current_usd,"GDP, current USD",0.7044163779140098,152
all_available,baseline,Inclusive world export basket,2014,spearman_product_alignment,Within-country product-rank alignment,log_population,Population,0.2910797640771191,152
all_available,baseline,Inclusive world export basket,2014,top_1pct_world_product_export_share,Export share in top 1% world products,log_gdp_current_usd,"GDP, current USD",0.48285936891312814,152
all_available,baseline,Inclusive world export basket,2014,top_1pct_world_product_export_share,Export share in top 1% world products,log_population,Population,0.3055071453468107,152
all_available,baseline,Inclusive world export basket,2014,top_5pct_world_product_export_share,Export share in top 5% world products,log_gdp_current_usd,"GDP, current USD",0.3949418735775941,152
all_available,baseline,Inclusive world export basket,2014,top_5pct_world_product_export_share,Export share in top 5% world products,log_population,Population,0.20703394637743558,152
all_available,baseline,Inclusive world export basket,2014,top_10pct_world_product_export_share,Export share in top 10% world products,log_gdp_current_usd,"GDP, current USD",0.37105570705103225,152
all_available,baseline,Inclusive world export basket,2014,top_10pct_world_product_export_share,Export share in top 10% world products,log_population,Population,0.16071391958665654,152
all_available,baseline,Inclusive world export basket,2014,top_20pct_world_product_export_share,Export share in top 20% world products,log_gdp_current_usd,"GDP, current USD",0.43973099870830173,152
all_available,baseline,Inclusive world export basket,2014,top_20pct_world_product_export_share,Export share in top 20% world products,log_population,Population,0.20559872607111856,152
all_available,baseline,Inclusive world export basket,2015,world_share_exposure,World-share percentile exposure,log_gdp_current_usd,"GDP, current USD",0.41772087015356857,152
all_available,baseline,Inclusive world export basket,2015,world_share_exposure,World-share percentile exposure,log_population,Population,0.1867700025287215,152
all_available,baseline,Inclusive world export basket,2015,spearman_product_alignment,Within-country product-rank alignment,log_gdp_current_usd,"GDP, current USD",0.7148729830028908,152
all_available,baseline,Inclusive world export basket,2015,spearman_product_alignment,Within-country product-rank alignment,log_population,Population,0.2966942092277831,152
all_available,baseline,Inclusive world export basket,2015,top_1pct_world_product_export_share,Export share in top 1% world products,log_gdp_current_usd,"GDP, current USD",0.4492205386860215,152
all_available,baseline,Inclusive world export basket,2015,top_1pct_world_product_export_share,Export share in top 1% world products,log_population,Population,0.2757399927555546,152
all_available,baseline,Inclusive world export basket,2015,top_5pct_world_product_export_share,Export share in top 5% world products,log_gdp_current_usd,"GDP, current USD",0.28112206890424346,152
all_available,baseline,Inclusive world export basket,2015,top_5pct_world_product_export_share,Export share in top 5% world products,log_population,Population,0.1367594092359844,152
all_available,baseline,Inclusive world export basket,2015,top_10pct_world_product_export_share,Export share in top 10% world products,log_gdp_current_usd,"GDP, current USD",0.3221112774144165,152
all_available,baseline,Inclusive world export basket,2015,top_10pct_world_product_export_share,Export share in top 10% world products,log_population,Population,0.12085921855671511,152
all_available,baseline,Inclusive world export basket,2015,top_20pct_world_product_export_share,Export share in top 20% world products,log_gdp_current_usd,"GDP, current USD",0.3603735673425871,152
all_available,baseline,Inclusive world export basket,2015,top_20pct_world_product_export_share,Export share in top 20% world products,log_population,Population,0.1347227632774964,152
all_available,baseline,Inclusive world export basket,2016,world_share_exposure,World-share percentile exposure,log_gdp_current_usd,"GDP, current USD",0.45464402769905615,154
all_available,baseline,Inclusive world export basket,2016,world_share_exposure,World-share percentile exposure,log_population,Population,0.2241537084041828,154
all_available,baseline,Inclusive world export basket,2016,spearman_product_alignment,Within-country product-rank alignment,log_gdp_current_usd,"GDP, current USD",0.7394448688566336,154
all_available,baseline,Inclusive world export basket,2016,spearman_product_alignment,Within-country product-rank alignment,log_population,Population,0.32272686200579936,154
all_available,baseline,Inclusive world export basket,2016,top_1pct_world_product_export_share,Export share in top 1% world products,log_gdp_current_usd,"GDP, current USD",0.4367694291792964,154
all_available,baseline,Inclusive world export basket,2016,top_1pct_world_product_export_share,Export share in top 1% world products,log_population,Population,0.300120752113162,154
all_available,baseline,Inclusive world export basket,2016,top_5pct_world_product_export_share,Export share in top 5% world products,log_gdp_current_usd,"GDP, current USD",0.3719050083376459,154
all_available,baseline,Inclusive world export basket,2016,top_5pct_world_product_export_share,Export share in top 5% world products,log_population,Population,0.20461650936034242,154
all_available,baseline,Inclusive world export basket,2016,top_10pct_world_product_export_share,Export share in top 10% world products,log_gdp_current_usd,"GDP, current USD",0.35025177226315746,154
all_available,baseline,Inclusive world export basket,2016,top_10pct_world_product_export_share,Export share in top 10% world products,log_population,Population,0.19610307466094942,154
all_available,baseline,Inclusive world export basket,2016,top_20pct_world_product_export_share,Export share in top 20% world products,log_gdp_current_usd,"GDP, current USD",0.41768566664202345,154
all_available,baseline,Inclusive world export basket,2016,top_20pct_world_product_export_share,Export share in top 20% world products,log_population,Population,0.19975685288778272,154
all_available,baseline,Inclusive world export basket,2017,world_share_exposure,World-share percentile exposure,log_gdp_current_usd,"GDP, current USD",0.41718281718281713,155
all_available,baseline,Inclusive world export basket,2017,world_share_exposure,World-share percentile exposure,log_population,Population,0.2236988817633979,155
all_available,baseline,Inclusive world export basket,2017,spearman_product_alignment,Within-country product-rank alignment,log_gdp_current_usd,"GDP, current USD",0.7109374496471271,155
all_available,baseline,Inclusive world export basket,2017,spearman_product_alignment,Within-country product-rank alignment,log_population,Population,0.28755115851890045,155
all_available,baseline,Inclusive world export basket,2017,top_1pct_world_product_export_share,Export share in top 1% world products,log_gdp_current_usd,"GDP, current USD",0.4387129000032226,155
all_available,baseline,Inclusive world export basket,2017,top_1pct_world_product_export_share,Export share in top 1% world products,log_population,Population,0.3246624343398537,155
all_available,baseline,Inclusive world export basket,2017,top_5pct_world_product_export_share,Export share in top 5% world products,log_gdp_current_usd,"GDP, current USD",0.33868711933228063,155
all_available,baseline,Inclusive world export basket,2017,top_5pct_world_product_export_share,Export share in top 5% world products,log_population,Population,0.19414134252843931,155
all_available,baseline,Inclusive world export basket,2017,top_10pct_world_product_export_share,Export share in top 10% world products,log_gdp_current_usd,"GDP, current USD",0.34103638297186684,155
all_available,baseline,Inclusive world export basket,2017,top_10pct_world_product_export_share,Export share in top 10% world products,log_population,Population,0.2119654539009378,155
all_available,baseline,Inclusive world export basket,2017,top_20pct_world_product_export_share,Export share in top 20% world products,log_gdp_current_usd,"GDP, current USD",0.39175018529857236,155
all_available,baseline,Inclusive world export basket,2017,top_20pct_world_product_export_share,Export share in top 20% world products,log_population,Population,0.20593277690051884,155
all_available,baseline,Inclusive world export basket,2018,world_share_exposure,World-share percentile exposure,log_gdp_current_usd,"GDP, current USD",0.4655958077010708,153
all_available,baseline,Inclusive world export basket,2018,world_share_exposure,World-share percentile exposure,log_population,Population,0.23210767560612758,153
all_available,baseline,Inclusive world export basket,2018,spearman_product_alignment,Within-country product-rank alignment,log_gdp_current_usd,"GDP, current USD",0.7352840657794217,153
all_available,baseline,Inclusive world export basket,2018,spearman_product_alignment,Within-country product-rank alignment,log_population,Population,0.33262635197619717,153
all_available,baseline,Inclusive world export basket,2018,top_1pct_world_product_export_share,Export share in top 1% world products,log_gdp_current_usd,"GDP, current USD",0.44018803693726294,153
all_available,baseline,Inclusive world export basket,2018,top_1pct_world_product_export_share,Export share in top 1% world products,log_population,Population,0.3209527830270864,153
all_available,baseline,Inclusive world export basket,2018,top_5pct_world_product_export_share,Export share in top 5% world products,log_gdp_current_usd,"GDP, current USD",0.43438140806561854,153
all_available,baseline,Inclusive world export basket,2018,top_5pct_world_product_export_share,Export share in top 5% world products,log_population,Population,0.2719197726937665,153
all_available,baseline,Inclusive world export basket,2018,top_10pct_world_product_export_share,Export share in top 10% world products,log_gdp_current_usd,"GDP, current USD",0.33895902858751153,153
all_available,baseline,Inclusive world export basket,2018,top_10pct_world_product_export_share,Export share in top 10% world products,log_population,Population,0.1855440740889657,153
all_available,baseline,Inclusive world export basket,2018,top_20pct_world_product_export_share,Export share in top 20% world products,log_gdp_current_usd,"GDP, current USD",0.38570021309959385,153
all_available,baseline,Inclusive world export basket,2018,top_20pct_world_product_export_share,Export share in top 20% world products,log_population,Population,0.17270448849396217,153
all_available,baseline,Inclusive world export basket,2019,world_share_exposure,World-share percentile exposure,log_gdp_current_usd,"GDP, current USD",0.4299250800798788,153
all_available,baseline,Inclusive world export basket,2019,world_share_exposure,World-share percentile exposure,log_population,Population,0.21656413761676918,153
all_available,baseline,Inclusive world export basket,2019,spearman_product_alignment,Within-country product-rank alignment,log_gdp_current_usd,"GDP, current USD",0.720330237358101,153
all_available,baseline,Inclusive world export basket,2019,spearman_product_alignment,Within-country product-rank alignment,log_population,Population,0.3101570771849409,153
all_available,baseline,Inclusive world export basket,2019,top_1pct_world_product_export_share,Export share in top 1% world products,log_gdp_current_usd,"GDP, current USD",0.3784293621754922,153
all_available,baseline,Inclusive world export basket,2019,top_1pct_world_product_export_share,Export share in top 1% world products,log_population,Population,0.26623041561122057,153
all_available,baseline,Inclusive world export basket,2019,top_5pct_world_product_export_share,Export share in top 5% world products,log_gdp_current_usd,"GDP, current USD",0.3554273383994746,153
all_available,baseline,Inclusive world export basket,2019,top_5pct_world_product_export_share,Export share in top 5% world products,log_population,Population,0.23750217790465464,153
all_available,baseline,Inclusive world export basket,2019,top_10pct_world_product_export_share,Export share in top 10% world products,log_gdp_current_usd,"GDP, current USD",0.24904172195193863,153
all_available,baseline,Inclusive world export basket,2019,top_10pct_world_product_export_share,Export share in top 10% world products,log_population,Population,0.13384396820929326,153
all_available,baseline,Inclusive world export basket,2019,top_20pct_world_product_export_share,Export share in top 20% world products,log_gdp_current_usd,"GDP, current USD",0.38078484982509747,153
all_available,baseline,Inclusive world export basket,2019,top_20pct_world_product_export_share,Export share in top 20% world products,log_population,Population,0.174386501011888,153
all_available,baseline,Inclusive world export basket,2020,world_share_exposure,World-share percentile exposure,log_gdp_current_usd,"GDP, current USD",0.41379574764726385,151
all_available,baseline,Inclusive world export basket,2020,world_share_exposure,World-share percentile exposure,log_population,Population,0.22652840711049144,151
all_available,baseline,Inclusive world export basket,2020,spearman_product_alignment,Within-country product-rank alignment,log_gdp_current_usd,"GDP, current USD",0.7371523178807945,151
all_available,baseline,Inclusive world export basket,2020,spearman_product_alignment,Within-country product-rank alignment,log_population,Population,0.3310142906936214,151
all_available,baseline,Inclusive world export basket,2020,top_1pct_world_product_export_share,Export share in top 1% world products,log_gdp_current_usd,"GDP, current USD",0.364691530149878,151
all_available,baseline,Inclusive world export basket,2020,top_1pct_world_product_export_share,Export share in top 1% world products,log_population,Population,0.2766434297664691,151
all_available,baseline,Inclusive world export basket,2020,top_5pct_world_product_export_share,Export share in top 5% world products,log_gdp_current_usd,"GDP, current USD",0.310205646566748,151
all_available,baseline,Inclusive world export basket,2020,top_5pct_world_product_export_share,Export share in top 5% world products,log_population,Population,0.22367026838619725,151
all_available,baseline,Inclusive world export basket,2020,top_10pct_world_product_export_share,Export share in top 10% world products,log_gdp_current_usd,"GDP, current USD",0.26163820146392464,151
all_available,baseline,Inclusive world export basket,2020,top_10pct_world_product_export_share,Export share in top 10% world products,log_population,Population,0.1599756012547926,151
all_available,baseline,Inclusive world export basket,2020,top_20pct_world_product_export_share,Export share in top 20% world products,log_gdp_current_usd,"GDP, current USD",0.36652492157546185,151
all_available,baseline,Inclusive world export basket,2020,top_20pct_world_product_export_share,Export share in top 20% world products,log_population,Population,0.2316277448588358,151
all_available,baseline,Inclusive world export basket,2021,world_share_exposure,World-share percentile exposure,log_gdp_current_usd,"GDP, current USD",0.40217948455087854,152
all_available,baseline,Inclusive world export basket,2021,world_share_exposure,World-share percentile exposure,log_population,Population,0.20790533013484236,152
all_available,baseline,Inclusive world export basket,2021,spearman_product_alignment,Within-country product-rank alignment,log_gdp_current_usd,"GDP, current USD",0.7281966115132007,152
all_available,baseline,Inclusive world export basket,2021,spearman_product_alignment,Within-country product-rank alignment,log_population,Population,0.3106158461990582,152
all_available,baseline,Inclusive world export basket,2021,top_1pct_world_product_export_share,Export share in top 1% world products,log_gdp_current_usd,"GDP, current USD",0.2984096392129525,152
all_available,baseline,Inclusive world export basket,2021,top_1pct_world_product_export_share,Export share in top 1% world products,log_population,Population,0.23001455723453548,152
all_available,baseline,Inclusive world export basket,2021,top_5pct_world_product_export_share,Export share in top 5% world products,log_gdp_current_usd,"GDP, current USD",0.33312488466979684,152
all_available,baseline,Inclusive world export basket,2021,top_5pct_world_product_export_share,Export share in top 5% world products,log_population,Population,0.22674088805965045,152
all_available,baseline,Inclusive world export basket,2021,top_10pct_world_product_export_share,Export share in top 10% world products,log_gdp_current_usd,"GDP, current USD",0.2993903730889358,152
all_available,baseline,Inclusive world export basket,2021,top_10pct_world_product_export_share,Export share in top 10% world products,log_population,Population,0.1557384891914242,152
all_available,baseline,Inclusive world export basket,2021,top_20pct_world_product_export_share,Export share in top 20% world products,log_gdp_current_usd,"GDP, current USD",0.36964440708315394,152
all_available,baseline,Inclusive world export basket,2021,top_20pct_world_product_export_share,Export share in top 20% world products,log_population,Population,0.1895720993172452,152
all_available,baseline,Inclusive world export basket,2022,world_share_exposure,World-share percentile exposure,log_gdp_current_usd,"GDP, current USD",0.3416325049882097,149
all_available,baseline,Inclusive world export basket,2022,world_share_exposure,World-share percentile exposure,log_population,Population,0.12021403954289861,149
all_available,baseline,Inclusive world export basket,2022,spearman_product_alignment,Within-country product-rank alignment,log_gdp_current_usd,"GDP, current USD",0.7013640486123708,149
all_available,baseline,Inclusive world export basket,2022,spearman_product_alignment,Within-country product-rank alignment,log_population,Population,0.2984364230001814,149
all_available,baseline,Inclusive world export basket,2022,top_1pct_world_product_export_share,Export share in top 1% world products,log_gdp_current_usd,"GDP, current USD",0.3091746780337385,149
all_available,baseline,Inclusive world export basket,2022,top_1pct_world_product_export_share,Export share in top 1% world products,log_population,Population,0.18271721385815345,149
all_available,baseline,Inclusive world export basket,2022,top_5pct_world_product_export_share,Export share in top 5% world products,log_gdp_current_usd,"GDP, current USD",0.2692073281335027,149
all_available,baseline,Inclusive world export basket,2022,top_5pct_world_product_export_share,Export share in top 5% world products,log_population,Population,0.11690912388898966,149
all_available,baseline,Inclusive world export basket,2022,top_10pct_world_product_export_share,Export share in top 10% world products,log_gdp_current_usd,"GDP, current USD",0.26395791764919285,149
all_available,baseline,Inclusive world export basket,2022,top_10pct_world_product_export_share,Export share in top 10% world products,log_population,Population,0.08734990023580629,149
all_available,baseline,Inclusive world export basket,2022,top_20pct_world_product_export_share,Export share in top 20% world products,log_gdp_current_usd,"GDP, current USD",0.32243061853800115,149
all_available,baseline,Inclusive world export basket,2022,top_20pct_world_product_export_share,Export share in top 20% world products,log_population,Population,0.12015236713223292,149
all_available,baseline,Inclusive world export basket,2023,world_share_exposure,World-share percentile exposure,log_gdp_current_usd,"GDP, current USD",0.27583041197614544,148
all_available,baseline,Inclusive world export basket,2023,world_share_exposure,World-share percentile exposure,log_population,Population,0.12386307688321113,148
all_available,baseline,Inclusive world export basket,2023,spearman_product_alignment,Within-country product-rank alignment,log_gdp_current_usd,"GDP, current USD",0.7452107634274462,148
all_available,baseline,Inclusive world export basket,2023,spearman_product_alignment,Within-country product-rank alignment,log_population,Population,0.3409825384897293,148
all_available,baseline,Inclusive world export basket,2023,top_1pct_world_product_export_share,Export share in top 1% world products,log_gdp_current_usd,"GDP, current USD",0.2191147454809967,148
all_available,baseline,Inclusive world export basket,2023,top_1pct_world_product_export_share,Export share in top 1% world products,log_population,Population,0.1493131263025798,148
all_available,baseline,Inclusive world export basket,2023,top_5pct_world_product_export_share,Export share in top 5% world products,log_gdp_current_usd,"GDP, current USD",0.20636195708103666,148
all_available,baseline,Inclusive world export basket,2023,top_5pct_world_product_export_share,Export share in top 5% world products,log_population,Population,0.10631642462898458,148
all_available,baseline,Inclusive world export basket,2023,top_10pct_world_product_export_share,Export share in top 10% world products,log_gdp_current_usd,"GDP, current USD",0.1995135801463702,148
all_available,baseline,Inclusive world export basket,2023,top_10pct_world_product_export_share,Export share in top 10% world products,log_population,Population,0.11317960886513141,148
all_available,baseline,Inclusive world export basket,2023,top_20pct_world_product_export_share,Export share in top 20% world products,log_gdp_current_usd,"GDP, current USD",0.24031509937550208,148
all_available,baseline,Inclusive world export basket,2023,top_20pct_world_product_export_share,Export share in top 20% world products,log_population,Population,0.09658802755638807,148
all_available,baseline,Inclusive world export basket,2024,world_share_exposure,World-share percentile exposure,log_gdp_current_usd,"GDP, current USD",0.34194922776495645,130
all_available,baseline,Inclusive world export basket,2024,world_share_exposure,World-share percentile exposure,log_population,Population,0.1877382159824908,131
all_available,baseline,Inclusive world export basket,2024,spearman_product_alignment,Within-country product-rank alignment,log_gdp_current_usd,"GDP, current USD",0.7411626541397534,130
all_available,baseline,Inclusive world export basket,2024,spearman_product_alignment,Within-country product-rank alignment,log_population,Population,0.3145625366999413,131
all_available,baseline,Inclusive world export basket,2024,top_1pct_world_product_export_share,Export share in top 1% world products,log_gdp_current_usd,"GDP, current USD",0.24814486064264157,130
all_available,baseline,Inclusive world export basket,2024,top_1pct_world_product_export_share,Export share in top 1% world products,log_population,Population,0.12842577270058186,131
all_available,baseline,Inclusive world export basket,2024,top_5pct_world_product_export_share,Export share in top 5% world products,log_gdp_current_usd,"GDP, current USD",0.2622594873615644,130
all_available,baseline,Inclusive world export basket,2024,top_5pct_world_product_export_share,Export share in top 5% world products,log_population,Population,0.14423210377408852,131
all_available,baseline,Inclusive world export basket,2024,top_10pct_world_product_export_share,Export share in top 10% world products,log_gdp_current_usd,"GDP, current USD",0.2540605497821901,130
all_available,baseline,Inclusive world export basket,2024,top_10pct_world_product_export_share,Export share in top 10% world products,log_population,Population,0.1573960390754284,131
all_available,baseline,Inclusive world export basket,2024,top_20pct_world_product_export_share,Export share in top 20% world products,log_gdp_current_usd,"GDP, current USD",0.34136475986289583,130
all_available,baseline,Inclusive world export basket,2024,top_20pct_world_product_export_share,Export share in top 20% world products,log_population,Population,0.2024769124005765,131
all_available,noncommodity_broad,Broad-primary-excluded non-commodity basket,2000,world_share_exposure,World-share percentile exposure,log_gdp_current_usd,"GDP, current USD",0.4435977567532856,141
all_available,noncommodity_broad,Broad-primary-excluded non-commodity basket,2000,world_share_exposure,World-share percentile exposure,log_population,Population,0.003377713087032835,141
all_available,noncommodity_broad,Broad-primary-excluded non-commodity basket,2000,spearman_product_alignment,Within-country product-rank alignment,log_gdp_current_usd,"GDP, current USD",0.6885483111434564,141
all_available,noncommodity_broad,Broad-primary-excluded non-commodity basket,2000,spearman_product_alignment,Within-country product-rank alignment,log_population,Population,0.26161650755597415,141
all_available,noncommodity_broad,Broad-primary-excluded non-commodity basket,2000,top_1pct_world_product_export_share,Export share in top 1% world products,log_gdp_current_usd,"GDP, current USD",0.4662105250768167,141
all_available,noncommodity_broad,Broad-primary-excluded non-commodity basket,2000,top_1pct_world_product_export_share,Export share in top 1% world products,log_population,Population,0.11863748302318859,141
all_available,noncommodity_broad,Broad-primary-excluded non-commodity basket,2000,top_5pct_world_product_export_share,Export share in top 5% world products,log_gdp_current_usd,"GDP, current USD",0.42592148636499844,141
all_available,noncommodity_broad,Broad-primary-excluded non-commodity basket,2000,top_5pct_world_product_export_share,Export share in top 5% world products,log_population,Population,0.09551778757652296,141
all_available,noncommodity_broad,Broad-primary-excluded non-commodity basket,2000,top_10pct_world_product_export_share,Export share in top 10% world products,log_gdp_current_usd,"GDP, current USD",0.463697076073462,141
all_available,noncommodity_broad,Broad-primary-excluded non-commodity basket,2000,top_10pct_world_product_export_share,Export share in top 10% world products,log_population,Population,0.07914294276296073,141
all_available,noncommodity_broad,Broad-primary-excluded non-commodity basket,2000,top_20pct_world_product_export_share,Export share in top 20% world products,log_gdp_current_usd,"GDP, current USD",0.32263367438674595,141
all_available,noncommodity_broad,Broad-primary-excluded non-commodity basket,2000,top_20pct_world_product_export_share,Export share in top 20% world products,log_population,Population,-0.07232330151119482,141
all_available,noncommodity_broad,Broad-primary-excluded non-commodity basket,2001,world_share_exposure,World-share percentile exposure,log_gdp_current_usd,"GDP, current USD",0.33705715635333017,145
all_available,noncommodity_broad,Broad-primary-excluded non-commodity basket,2001,world_share_exposure,World-share percentile exposure,log_population,Population,-0.041048653755314114,145
all_available,noncommodity_broad,Broad-primary-excluded non-commodity basket,2001,spearman_product_alignment,Within-country product-rank alignment,log_gdp_current_usd,"GDP, current USD",0.729993569648742,144
all_available,noncommodity_broad,Broad-primary-excluded non-commodity basket,2001,spearman_product_alignment,Within-country product-rank alignment,log_population,Population,0.3120890603649224,144
all_available,noncommodity_broad,Broad-primary-excluded non-commodity basket,2001,top_1pct_world_product_export_share,Export share in top 1% world products,log_gdp_current_usd,"GDP, current USD",0.5037454879014304,145
all_available,noncommodity_broad,Broad-primary-excluded non-commodity basket,2001,top_1pct_world_product_export_share,Export share in top 1% world products,log_population,Population,0.17999992127332526,145
all_available,noncommodity_broad,Broad-primary-excluded non-commodity basket,2001,top_5pct_world_product_export_share,Export share in top 5% world products,log_gdp_current_usd,"GDP, current USD",0.357105180286569,145
all_available,noncommodity_broad,Broad-primary-excluded non-commodity basket,2001,top_5pct_world_product_export_share,Export share in top 5% world products,log_population,Population,0.07877105967564163,145
all_available,noncommodity_broad,Broad-primary-excluded non-commodity basket,2001,top_10pct_world_product_export_share,Export share in top 10% world products,log_gdp_current_usd,"GDP, current USD",0.41043536450952595,145
all_available,noncommodity_broad,Broad-primary-excluded non-commodity basket,2001,top_10pct_world_product_export_share,Export share in top 10% world products,log_population,Population,0.07937332703511257,145
all_available,noncommodity_broad,Broad-primary-excluded non-commodity basket,2001,top_20pct_world_product_export_share,Export share in top 20% world products,log_gdp_current_usd,"GDP, current USD",0.2501613919067863,145
all_available,noncommodity_broad,Broad-primary-excluded non-commodity basket,2001,top_20pct_world_product_export_share,Export share in top 20% world products,log_population,Population,-0.08189261533616751,145
all_available,noncommodity_broad,Broad-primary-excluded non-commodity basket,2002,world_share_exposure,World-share percentile exposure,log_gdp_current_usd,"GDP, current USD",0.4146866635175562,145
all_available,noncommodity_broad,Broad-primary-excluded non-commodity basket,2002,world_share_exposure,World-share percentile exposure,log_population,Population,0.030605416469847265,145
all_available,noncommodity_broad,Broad-primary-excluded non-commodity basket,2002,spearman_product_alignment,Within-country product-rank alignment,log_gdp_current_usd,"GDP, current USD",0.7702917771883291,144
all_available,noncommodity_broad,Broad-primary-excluded non-commodity basket,2002,spearman_product_alignment,Within-country product-rank alignment,log_population,Population,0.34168073306004343,144
all_available,noncommodity_broad,Broad-primary-excluded non-commodity basket,2002,top_1pct_world_product_export_share,Export share in top 1% world products,log_gdp_current_usd,"GDP, current USD",0.5849141273629294,145
all_available,noncommodity_broad,Broad-primary-excluded non-commodity basket,2002,top_1pct_world_product_export_share,Export share in top 1% world products,log_population,Population,0.24700931746891683,145
all_available,noncommodity_broad,Broad-primary-excluded non-commodity basket,2002,top_5pct_world_product_export_share,Export share in top 5% world products,log_gdp_current_usd,"GDP, current USD",0.44380806172256326,145
all_available,noncommodity_broad,Broad-primary-excluded non-commodity basket,2002,top_5pct_world_product_export_share,Export share in top 5% world products,log_population,Population,0.13698236498189262,145
all_available,noncommodity_broad,Broad-primary-excluded non-commodity basket,2002,top_10pct_world_product_export_share,Export share in top 10% world products,log_gdp_current_usd,"GDP, current USD",0.457085498346717,145
all_available,noncommodity_broad,Broad-primary-excluded non-commodity basket,2002,top_10pct_world_product_export_share,Export share in top 10% world products,log_population,Population,0.13494331601322626,145
all_available,noncommodity_broad,Broad-primary-excluded non-commodity basket,2002,top_20pct_world_product_export_share,Export share in top 20% world products,log_gdp_current_usd,"GDP, current USD",0.2679105652653125,145
all_available,noncommodity_broad,Broad-primary-excluded non-commodity basket,2002,top_20pct_world_product_export_share,Export share in top 20% world products,log_population,Population,-0.03378208156195875,145
all_available,noncommodity_broad,Broad-primary-excluded non-commodity basket,2003,world_share_exposure,World-share percentile exposure,log_gdp_current_usd,"GDP, current USD",0.4319808097372815,148
all_available,noncommodity_broad,Broad-primary-excluded non-commodity basket,2003,world_share_exposure,World-share percentile exposure,log_population,Population,0.057578191806379735,148
all_available,noncommodity_broad,Broad-primary-excluded non-commodity basket,2003,spearman_product_alignment,Within-country product-rank alignment,log_gdp_current_usd,"GDP, current USD",0.7418567575123349,147
all_available,noncommodity_broad,Broad-primary-excluded non-commodity basket,2003,spearman_product_alignment,Within-country product-rank alignment,log_population,Population,0.29781109037469117,147
all_available,noncommodity_broad,Broad-primary-excluded non-commodity basket,2003,top_1pct_world_product_export_share,Export share in top 1% world products,log_gdp_current_usd,"GDP, current USD",0.5654892350558485,148
all_available,noncommodity_broad,Broad-primary-excluded non-commodity basket,2003,top_1pct_world_product_export_share,Export share in top 1% world products,log_population,Population,0.2708487576646627,148
all_available,noncommodity_broad,Broad-primary-excluded non-commodity basket,2003,top_5pct_world_product_export_share,Export share in top 5% world products,log_gdp_current_usd,"GDP, current USD",0.46129926666839427,148
all_available,noncommodity_broad,Broad-primary-excluded non-commodity basket,2003,top_5pct_world_product_export_share,Export share in top 5% world products,log_population,Population,0.1889707814923539,148
all_available,noncommodity_broad,Broad-primary-excluded non-commodity basket,2003,top_10pct_world_product_export_share,Export share in top 10% world products,log_gdp_current_usd,"GDP, current USD",0.4870343566412599,148
all_available,noncommodity_broad,Broad-primary-excluded non-commodity basket,2003,top_10pct_world_product_export_share,Export share in top 10% world products,log_population,Population,0.15513239578436128,148
all_available,noncommodity_broad,Broad-primary-excluded non-commodity basket,2003,top_20pct_world_product_export_share,Export share in top 20% world products,log_gdp_current_usd,"GDP, current USD",0.31847914206495226,148
all_available,noncommodity_broad,Broad-primary-excluded non-commodity basket,2003,top_20pct_world_product_export_share,Export share in top 20% world products,log_population,Population,0.001824999907454366,148
all_available,noncommodity_broad,Broad-primary-excluded non-commodity basket,2004,world_share_exposure,World-share percentile exposure,log_gdp_current_usd,"GDP, current USD",0.40056592796318824,147
all_available,noncommodity_broad,Broad-primary-excluded non-commodity basket,2004,world_share_exposure,World-share percentile exposure,log_population,Population,0.08421295211901866,147
all_available,noncommodity_broad,Broad-primary-excluded non-commodity basket,2004,spearman_product_alignment,Within-country product-rank alignment,log_gdp_current_usd,"GDP, current USD",0.7553627152452984,147
all_available,noncommodity_broad,Broad-primary-excluded non-commodity basket,2004,spearman_product_alignment,Within-country product-rank alignment,log_population,Population,0.32488722997529257,147
all_available,noncommodity_broad,Broad-primary-excluded non-commodity basket,2004,top_1pct_world_product_export_share,Export share in top 1% world products,log_gdp_current_usd,"GDP, current USD",0.5749425524020052,147
all_available,noncommodity_broad,Broad-primary-excluded non-commodity basket,2004,top_1pct_world_product_export_share,Export share in top 1% world products,log_population,Population,0.25550273850091343,147
all_available,noncommodity_broad,Broad-primary-excluded non-commodity basket,2004,top_5pct_world_product_export_share,Export share in top 5% world products,log_gdp_current_usd,"GDP, current USD",0.4119713787032769,147
all_available,noncommodity_broad,Broad-primary-excluded non-commodity basket,2004,top_5pct_world_product_export_share,Export share in top 5% world products,log_population,Population,0.19253262208252425,147
all_available,noncommodity_broad,Broad-primary-excluded non-commodity basket,2004,top_10pct_world_product_export_share,Export share in top 10% world products,log_gdp_current_usd,"GDP, current USD",0.4319337509161384,147
all_available,noncommodity_broad,Broad-primary-excluded non-commodity basket,2004,top_10pct_world_product_export_share,Export share in top 10% world products,log_population,Population,0.16242283659113407,147
all_available,noncommodity_broad,Broad-primary-excluded non-commodity basket,2004,top_20pct_world_product_export_share,Export share in top 20% world products,log_gdp_current_usd,"GDP, current USD",0.28313398665649153,147
all_available,noncommodity_broad,Broad-primary-excluded non-commodity basket,2004,top_20pct_world_product_export_share,Export share in top 20% world products,log_population,Population,-0.013638183892587023,147
all_available,noncommodity_broad,Broad-primary-excluded non-commodity basket,2005,world_share_exposure,World-share percentile exposure,log_gdp_current_usd,"GDP, current USD",0.39713404679847636,149
all_available,noncommodity_broad,Broad-primary-excluded non-commodity basket,2005,world_share_exposure,World-share percentile exposure,log_population,Population,0.018567023399238165,149
all_available,noncommodity_broad,Broad-primary-excluded non-commodity basket,2005,spearman_product_alignment,Within-country product-rank alignment,log_gdp_current_usd,"GDP, current USD",0.7476618900779974,149
all_available,noncommodity_broad,Broad-primary-excluded non-commodity basket,2005,spearman_product_alignment,Within-country product-rank alignment,log_population,Population,0.32130963177943045,149
all_available,noncommodity_broad,Broad-primary-excluded non-commodity basket,2005,top_1pct_world_product_export_share,Export share in top 1% world products,log_gdp_current_usd,"GDP, current USD",0.5310086378001124,149
all_available,noncommodity_broad,Broad-primary-excluded non-commodity basket,2005,top_1pct_world_product_export_share,Export share in top 1% world products,log_population,Population,0.24047611273915812,149
all_available,noncommodity_broad,Broad-primary-excluded non-commodity basket,2005,top_5pct_world_product_export_share,Export share in top 5% world products,log_gdp_current_usd,"GDP, current USD",0.3779357881371304,149
all_available,noncommodity_broad,Broad-primary-excluded non-commodity basket,2005,top_5pct_world_product_export_share,Export share in top 5% world products,log_population,Population,0.13810992200253946,149
all_available,noncommodity_broad,Broad-primary-excluded non-commodity basket,2005,top_10pct_world_product_export_share,Export share in top 10% world products,log_gdp_current_usd,"GDP, current USD",0.43428623254126614,149
all_available,noncommodity_broad,Broad-primary-excluded non-commodity basket,2005,top_10pct_world_product_export_share,Export share in top 10% world products,log_population,Population,0.11194630872483222,149
all_available,noncommodity_broad,Broad-primary-excluded non-commodity basket,2005,top_20pct_world_product_export_share,Export share in top 20% world products,log_gdp_current_usd,"GDP, current USD",0.3163395610375476,149
all_available,noncommodity_broad,Broad-primary-excluded non-commodity basket,2005,top_20pct_world_product_export_share,Export share in top 20% world products,log_population,Population,-0.040544168329403225,149
all_available,noncommodity_broad,Broad-primary-excluded non-commodity basket,2006,world_share_exposure,World-share percentile exposure,log_gdp_current_usd,"GDP, current USD",0.3891492835116997,149
all_available,noncommodity_broad,Broad-primary-excluded non-commodity basket,2006,world_share_exposure,World-share percentile exposure,log_population,Population,-0.006740431706874659,149
all_available,noncommodity_broad,Broad-primary-excluded non-commodity basket,2006,spearman_product_alignment,Within-country product-rank alignment,log_gdp_current_usd,"GDP, current USD",0.7387121349537458,149
all_available,noncommodity_broad,Broad-primary-excluded non-commodity basket,2006,spearman_product_alignment,Within-country product-rank alignment,log_population,Population,0.30125158715762745,149
all_available,noncommodity_broad,Broad-primary-excluded non-commodity basket,2006,top_1pct_world_product_export_share,Export share in top 1% world products,log_gdp_current_usd,"GDP, current USD",0.4581897333575186,149
all_available,noncommodity_broad,Broad-primary-excluded non-commodity basket,2006,top_1pct_world_product_export_share,Export share in top 1% world products,log_population,Population,0.18840921458371124,149
all_available,noncommodity_broad,Broad-primary-excluded non-commodity basket,2006,top_5pct_world_product_export_share,Export share in top 5% world products,log_gdp_current_usd,"GDP, current USD",0.4238962452385271,149
all_available,noncommodity_broad,Broad-primary-excluded non-commodity basket,2006,top_5pct_world_product_export_share,Export share in top 5% world products,log_population,Population,0.1704806820243062,149
all_available,noncommodity_broad,Broad-primary-excluded non-commodity basket,2006,top_10pct_world_product_export_share,Export share in top 10% world products,log_gdp_current_usd,"GDP, current USD",0.4242445129693452,149
all_available,noncommodity_broad,Broad-primary-excluded non-commodity basket,2006,top_10pct_world_product_export_share,Export share in top 10% world products,log_population,Population,0.09429711590785415,149
all_available,noncommodity_broad,Broad-primary-excluded non-commodity basket,2006,top_20pct_world_product_export_share,Export share in top 20% world products,log_gdp_current_usd,"GDP, current USD",0.2479847632867767,149
all_available,noncommodity_broad,Broad-primary-excluded non-commodity basket,2006,top_20pct_world_product_export_share,Export share in top 20% world products,log_population,Population,-0.10696535461636134,149
all_available,noncommodity_broad,Broad-primary-excluded non-commodity basket,2007,world_share_exposure,World-share percentile exposure,log_gdp_current_usd,"GDP, current USD",0.4019937260369466,151
all_available,noncommodity_broad,Broad-primary-excluded non-commodity basket,2007,world_share_exposure,World-share percentile exposure,log_population,Population,-0.005712791913558731,151
all_available,noncommodity_broad,Broad-primary-excluded non-commodity basket,2007,spearman_product_alignment,Within-country product-rank alignment,log_gdp_current_usd,"GDP, current USD",0.7456775856704744,150
all_available,noncommodity_broad,Broad-primary-excluded non-commodity basket,2007,spearman_product_alignment,Within-country product-rank alignment,log_population,Population,0.29712431663629496,150
all_available,noncommodity_broad,Broad-primary-excluded non-commodity basket,2007,top_1pct_world_product_export_share,Export share in top 1% world products,log_gdp_current_usd,"GDP, current USD",0.48148031964462734,151
all_available,noncommodity_broad,Broad-primary-excluded non-commodity basket,2007,top_1pct_world_product_export_share,Export share in top 1% world products,log_population,Population,0.21810228392501033,151
all_available,noncommodity_broad,Broad-primary-excluded non-commodity basket,2007,top_5pct_world_product_export_share,Export share in top 5% world products,log_gdp_current_usd,"GDP, current USD",0.46611054906827476,151
all_available,noncommodity_broad,Broad-primary-excluded non-commodity basket,2007,top_5pct_world_product_export_share,Export share in top 5% world products,log_population,Population,0.18856412387958002,151
all_available,noncommodity_broad,Broad-primary-excluded non-commodity basket,2007,top_10pct_world_product_export_share,Export share in top 10% world products,log_gdp_current_usd,"GDP, current USD",0.4314155031506545,151
all_available,noncommodity_broad,Broad-primary-excluded non-commodity basket,2007,top_10pct_world_product_export_share,Export share in top 10% world products,log_population,Population,0.1115267615256275,151
all_available,noncommodity_broad,Broad-primary-excluded non-commodity basket,2007,top_20pct_world_product_export_share,Export share in top 20% world products,log_gdp_current_usd,"GDP, current USD",0.27342976646915296,151
all_available,noncommodity_broad,Broad-primary-excluded non-commodity basket,2007,top_20pct_world_product_export_share,Export share in top 20% world products,log_population,Population,-0.11083652840711047,151
all_available,noncommodity_broad,Broad-primary-excluded non-commodity basket,2008,world_share_exposure,World-share percentile exposure,log_gdp_current_usd,"GDP, current USD",0.45828598081714095,148
all_available,noncommodity_broad,Broad-primary-excluded non-commodity basket,2008,world_share_exposure,World-share percentile exposure,log_population,Population,0.0357707385511796,148
all_available,noncommodity_broad,Broad-primary-excluded non-commodity basket,2008,spearman_product_alignment,Within-country product-rank alignment,log_gdp_current_usd,"GDP, current USD",0.7208194360639231,148
all_available,noncommodity_broad,Broad-primary-excluded non-commodity basket,2008,spearman_product_alignment,Within-country product-rank alignment,log_population,Population,0.2900787378256219,148
all_available,noncommodity_broad,Broad-primary-excluded non-commodity basket,2008,top_1pct_world_product_export_share,Export share in top 1% world products,log_gdp_current_usd,"GDP, current USD",0.5315599121927023,148
all_available,noncommodity_broad,Broad-primary-excluded non-commodity basket,2008,top_1pct_world_product_export_share,Export share in top 1% world products,log_population,Population,0.20730592255040967,148
all_available,noncommodity_broad,Broad-primary-excluded non-commodity basket,2008,top_5pct_world_product_export_share,Export share in top 5% world products,log_gdp_current_usd,"GDP, current USD",0.4922576322384568,148
all_available,noncommodity_broad,Broad-primary-excluded non-commodity basket,2008,top_5pct_world_product_export_share,Export share in top 5% world products,log_population,Population,0.15345176706634045,148
all_available,noncommodity_broad,Broad-primary-excluded non-commodity basket,2008,top_10pct_world_product_export_share,Export share in top 10% world products,log_gdp_current_usd,"GDP, current USD",0.4992355730610765,148
all_available,noncommodity_broad,Broad-primary-excluded non-commodity basket,2008,top_10pct_world_product_export_share,Export share in top 10% world products,log_population,Population,0.17703979832455385,148
all_available,noncommodity_broad,Broad-primary-excluded non-commodity basket,2008,top_20pct_world_product_export_share,Export share in top 20% world products,log_gdp_current_usd,"GDP, current USD",0.3506443027056642,148
all_available,noncommodity_broad,Broad-primary-excluded non-commodity basket,2008,top_20pct_world_product_export_share,Export share in top 20% world products,log_population,Population,-0.007292595979077284,148
all_available,noncommodity_broad,Broad-primary-excluded non-commodity basket,2009,world_share_exposure,World-share percentile exposure,log_gdp_current_usd,"GDP, current USD",0.3791261471031366,148
all_available,noncommodity_broad,Broad-primary-excluded non-commodity basket,2009,world_share_exposure,World-share percentile exposure,log_population,Population,-0.006070993606947586,148
all_available,noncommodity_broad,Broad-primary-excluded non-commodity basket,2009,spearman_product_alignment,Within-country product-rank alignment,log_gdp_current_usd,"GDP, current USD",0.7141339394455407,148
all_available,noncommodity_broad,Broad-primary-excluded non-commodity basket,2009,spearman_product_alignment,Within-country product-rank alignment,log_population,Population,0.29540566453318134,148
all_available,noncommodity_broad,Broad-primary-excluded non-commodity basket,2009,top_1pct_world_product_export_share,Export share in top 1% world products,log_gdp_current_usd,"GDP, current USD",0.49372956474843616,148
all_available,noncommodity_broad,Broad-primary-excluded non-commodity basket,2009,top_1pct_world_product_export_share,Export share in top 1% world products,log_population,Population,0.17242007983001184,148
all_available,noncommodity_broad,Broad-primary-excluded non-commodity basket,2009,top_5pct_world_product_export_share,Export share in top 5% world products,log_gdp_current_usd,"GDP, current USD",0.4277348160377883,148
all_available,noncommodity_broad,Broad-primary-excluded non-commodity basket,2009,top_5pct_world_product_export_share,Export share in top 5% world products,log_population,Population,0.1062979155021341,148
all_available,noncommodity_broad,Broad-primary-excluded non-commodity basket,2009,top_10pct_world_product_export_share,Export share in top 10% world products,log_gdp_current_usd,"GDP, current USD",0.38130652224611955,148
all_available,noncommodity_broad,Broad-primary-excluded non-commodity basket,2009,top_10pct_world_product_export_share,Export share in top 10% world products,log_population,Population,0.06334563573297994,148
all_available,noncommodity_broad,Broad-primary-excluded non-commodity basket,2009,top_20pct_world_product_export_share,Export share in top 20% world products,log_gdp_current_usd,"GDP, current USD",0.2308310227773315,148
all_available,noncommodity_broad,Broad-primary-excluded non-commodity basket,2009,top_20pct_world_product_export_share,Export share in top 20% world products,log_population,Population,-0.031398882789103306,148
all_available,noncommodity_broad,Broad-primary-excluded non-commodity basket,2010,world_share_exposure,World-share percentile exposure,log_gdp_current_usd,"GDP, current USD",0.40016730568142206,151
all_available,noncommodity_broad,Broad-primary-excluded non-commodity basket,2010,world_share_exposure,World-share percentile exposure,log_population,Population,-0.004928546531892645,151
all_available,noncommodity_broad,Broad-primary-excluded non-commodity basket,2010,spearman_product_alignment,Within-country product-rank alignment,log_gdp_current_usd,"GDP, current USD",0.7027396305332868,151
all_available,noncommodity_broad,Broad-primary-excluded non-commodity basket,2010,spearman_product_alignment,Within-country product-rank alignment,log_population,Population,0.29652492157546184,151
all_available,noncommodity_broad,Broad-primary-excluded non-commodity basket,2010,top_1pct_world_product_export_share,Export share in top 1% world products,log_gdp_current_usd,"GDP, current USD",0.5421505751132798,151
all_available,noncommodity_broad,Broad-primary-excluded non-commodity basket,2010,top_1pct_world_product_export_share,Export share in top 1% world products,log_population,Population,0.22410247472987102,151
all_available,noncommodity_broad,Broad-primary-excluded non-commodity basket,2010,top_5pct_world_product_export_share,Export share in top 5% world products,log_gdp_current_usd,"GDP, current USD",0.45575113279888463,151
all_available,noncommodity_broad,Broad-primary-excluded non-commodity basket,2010,top_5pct_world_product_export_share,Export share in top 5% world products,log_population,Population,0.12737887765772046,151
all_available,noncommodity_broad,Broad-primary-excluded non-commodity basket,2010,top_10pct_world_product_export_share,Export share in top 10% world products,log_gdp_current_usd,"GDP, current USD",0.46076681770651795,151
all_available,noncommodity_broad,Broad-primary-excluded non-commodity basket,2010,top_10pct_world_product_export_share,Export share in top 10% world products,log_population,Population,0.1255071453468107,151
all_available,noncommodity_broad,Broad-primary-excluded non-commodity basket,2010,top_20pct_world_product_export_share,Export share in top 20% world products,log_gdp_current_usd,"GDP, current USD",0.26928546531892644,151
all_available,noncommodity_broad,Broad-primary-excluded non-commodity basket,2010,top_20pct_world_product_export_share,Export share in top 20% world products,log_population,Population,-0.042091321017776226,151
all_available,noncommodity_broad,Broad-primary-excluded non-commodity basket,2011,world_share_exposure,World-share percentile exposure,log_gdp_current_usd,"GDP, current USD",0.41684745147832397,149
all_available,noncommodity_broad,Broad-primary-excluded non-commodity basket,2011,world_share_exposure,World-share percentile exposure,log_population,Population,0.005927807001632505,149
all_available,noncommodity_broad,Broad-primary-excluded non-commodity basket,2011,spearman_product_alignment,Within-country product-rank alignment,log_gdp_current_usd,"GDP, current USD",0.6913948848177037,149
all_available,noncommodity_broad,Broad-primary-excluded non-commodity basket,2011,spearman_product_alignment,Within-country product-rank alignment,log_population,Population,0.26862688191547257,149
all_available,noncommodity_broad,Broad-primary-excluded non-commodity basket,2011,top_1pct_world_product_export_share,Export share in top 1% world products,log_gdp_current_usd,"GDP, current USD",0.5453605526580808,149
all_available,noncommodity_broad,Broad-primary-excluded non-commodity basket,2011,top_1pct_world_product_export_share,Export share in top 1% world products,log_population,Population,0.24323258047586685,149
all_available,noncommodity_broad,Broad-primary-excluded non-commodity basket,2011,top_5pct_world_product_export_share,Export share in top 5% world products,log_gdp_current_usd,"GDP, current USD",0.460721929983675,149
all_available,noncommodity_broad,Broad-primary-excluded non-commodity basket,2011,top_5pct_world_product_export_share,Export share in top 5% world products,log_population,Population,0.1307527661890078,149
all_available,noncommodity_broad,Broad-primary-excluded non-commodity basket,2011,top_10pct_world_product_export_share,Export share in top 10% world products,log_gdp_current_usd,"GDP, current USD",0.39596227099582804,149
all_available,noncommodity_broad,Broad-primary-excluded non-commodity basket,2011,top_10pct_world_product_export_share,Export share in top 10% world products,log_population,Population,0.041331398512606574,149
all_available,noncommodity_broad,Broad-primary-excluded non-commodity basket,2011,top_20pct_world_product_export_share,Export share in top 20% world products,log_gdp_current_usd,"GDP, current USD",0.2834971884636314,149
all_available,noncommodity_broad,Broad-primary-excluded non-commodity basket,2011,top_20pct_world_product_export_share,Export share in top 20% world products,log_population,Population,-0.02827135860692908,149
all_available,noncommodity_broad,Broad-primary-excluded non-commodity basket,2012,world_share_exposure,World-share percentile exposure,log_gdp_current_usd,"GDP, current USD",0.373312591670741,150
all_available,noncommodity_broad,Broad-primary-excluded non-commodity basket,2012,world_share_exposure,World-share percentile exposure,log_population,Population,0.03299524423307703,150
all_available,noncommodity_broad,Broad-primary-excluded non-commodity basket,2012,spearman_product_alignment,Within-country product-rank alignment,log_gdp_current_usd,"GDP, current USD",0.7064153962398328,150
all_available,noncommodity_broad,Broad-primary-excluded non-commodity basket,2012,spearman_product_alignment,Within-country product-rank alignment,log_population,Population,0.30711942753011245,150
all_available,noncommodity_broad,Broad-primary-excluded non-commodity basket,2012,top_1pct_world_product_export_share,Export share in top 1% world products,log_gdp_current_usd,"GDP, current USD",0.534738908164048,150
all_available,noncommodity_broad,Broad-primary-excluded non-commodity basket,2012,top_1pct_world_product_export_share,Export share in top 1% world products,log_population,Population,0.21187093814927982,150
all_available,noncommodity_broad,Broad-primary-excluded non-commodity basket,2012,top_5pct_world_product_export_share,Export share in top 5% world products,log_gdp_current_usd,"GDP, current USD",0.4229187278713861,150
all_available,noncommodity_broad,Broad-primary-excluded non-commodity basket,2012,top_5pct_world_product_export_share,Export share in top 5% world products,log_population,Population,0.13769157535147034,150
all_available,noncommodity_broad,Broad-primary-excluded non-commodity basket,2012,top_10pct_world_product_export_share,Export share in top 10% world products,log_gdp_current_usd,"GDP, current USD",0.3420116449619984,150
all_available,noncommodity_broad,Broad-primary-excluded non-commodity basket,2012,top_10pct_world_product_export_share,Export share in top 10% world products,log_population,Population,0.06445619805324682,150
all_available,noncommodity_broad,Broad-primary-excluded non-commodity basket,2012,top_20pct_world_product_export_share,Export share in top 20% world products,log_gdp_current_usd,"GDP, current USD",0.2609840437352771,150
all_available,noncommodity_broad,Broad-primary-excluded non-commodity basket,2012,top_20pct_world_product_export_share,Export share in top 20% world products,log_population,Population,0.03306280279123516,150
all_available,noncommodity_broad,Broad-primary-excluded non-commodity basket,2013,world_share_exposure,World-share percentile exposure,log_gdp_current_usd,"GDP, current USD",0.3607084520807277,152
all_available,noncommodity_broad,Broad-primary-excluded non-commodity basket,2013,world_share_exposure,World-share percentile exposure,log_population,Population,0.0556523759730452,152
all_available,noncommodity_broad,Broad-primary-excluded non-commodity basket,2013,spearman_product_alignment,Within-country product-rank alignment,log_gdp_current_usd,"GDP, current USD",0.7017578031561178,152
all_available,noncommodity_broad,Broad-primary-excluded non-commodity basket,2013,spearman_product_alignment,Within-country product-rank alignment,log_population,Population,0.31072177912642923,152
all_available,noncommodity_broad,Broad-primary-excluded non-commodity basket,2013,top_1pct_world_product_export_share,Export share in top 1% world products,log_gdp_current_usd,"GDP, current USD",0.516481554413452,152
all_available,noncommodity_broad,Broad-primary-excluded non-commodity basket,2013,top_1pct_world_product_export_share,Export share in top 1% world products,log_population,Population,0.19721652452570138,152
all_available,noncommodity_broad,Broad-primary-excluded non-commodity basket,2013,top_5pct_world_product_export_share,Export share in top 5% world products,log_gdp_current_usd,"GDP, current USD",0.446339846499771,152
all_available,noncommodity_broad,Broad-primary-excluded non-commodity basket,2013,top_5pct_world_product_export_share,Export share in top 5% world products,log_population,Population,0.19350528639479492,152
all_available,noncommodity_broad,Broad-primary-excluded non-commodity basket,2013,top_10pct_world_product_export_share,Export share in top 10% world products,log_gdp_current_usd,"GDP, current USD",0.3605615128588905,152
all_available,noncommodity_broad,Broad-primary-excluded non-commodity basket,2013,top_10pct_world_product_export_share,Export share in top 10% world products,log_population,Population,0.0889802418004497,152
all_available,noncommodity_broad,Broad-primary-excluded non-commodity basket,2013,top_20pct_world_product_export_share,Export share in top 20% world products,log_gdp_current_usd,"GDP, current USD",0.2634107668860503,152
all_available,noncommodity_broad,Broad-primary-excluded non-commodity basket,2013,top_20pct_world_product_export_share,Export share in top 20% world products,log_population,Population,0.04948092865588201,152
all_available,noncommodity_broad,Broad-primary-excluded non-commodity basket,2014,world_share_exposure,World-share percentile exposure,log_gdp_current_usd,"GDP, current USD",0.36735447891251305,151
all_available,noncommodity_broad,Broad-primary-excluded non-commodity basket,2014,world_share_exposure,World-share percentile exposure,log_population,Population,0.03578947368421052,151
all_available,noncommodity_broad,Broad-primary-excluded non-commodity basket,2014,spearman_product_alignment,Within-country product-rank alignment,log_gdp_current_usd,"GDP, current USD",0.7039177413733008,151
all_available,noncommodity_broad,Broad-primary-excluded non-commodity basket,2014,spearman_product_alignment,Within-country product-rank alignment,log_population,Population,0.3101324503311258,151
all_available,noncommodity_broad,Broad-primary-excluded non-commodity basket,2014,top_1pct_world_product_export_share,Export share in top 1% world products,log_gdp_current_usd,"GDP, current USD",0.5472329620365984,151
all_available,noncommodity_broad,Broad-primary-excluded non-commodity basket,2014,top_1pct_world_product_export_share,Export share in top 1% world products,log_population,Population,0.21576526295343057,151
all_available,noncommodity_broad,Broad-primary-excluded non-commodity basket,2014,top_5pct_world_product_export_share,Export share in top 5% world products,log_gdp_current_usd,"GDP, current USD",0.4079295921924015,151
all_available,noncommodity_broad,Broad-primary-excluded non-commodity basket,2014,top_5pct_world_product_export_share,Export share in top 5% world products,log_population,Population,0.14760892296967584,151
all_available,noncommodity_broad,Broad-primary-excluded non-commodity basket,2014,top_10pct_world_product_export_share,Export share in top 10% world products,log_gdp_current_usd,"GDP, current USD",0.38852213314743805,151
all_available,noncommodity_broad,Broad-primary-excluded non-commodity basket,2014,top_10pct_world_product_export_share,Export share in top 10% world products,log_population,Population,0.07513419309864064,151
all_available,noncommodity_broad,Broad-primary-excluded non-commodity basket,2014,top_20pct_world_product_export_share,Export share in top 20% world products,log_gdp_current_usd,"GDP, current USD",0.30180202161031716,151
all_available,noncommodity_broad,Broad-primary-excluded non-commodity basket,2014,top_20pct_world_product_export_share,Export share in top 20% world products,log_population,Population,0.017974904147786686,151
all_available,noncommodity_broad,Broad-primary-excluded non-commodity basket,2015,world_share_exposure,World-share percentile exposure,log_gdp_current_usd,"GDP, current USD",0.27878129292846454,152
all_available,noncommodity_broad,Broad-primary-excluded non-commodity basket,2015,world_share_exposure,World-share percentile exposure,log_population,Population,-0.026807865007278615,152
all_available,noncommodity_broad,Broad-primary-excluded non-commodity basket,2015,spearman_product_alignment,Within-country product-rank alignment,log_gdp_current_usd,"GDP, current USD",0.7059541139564923,152
all_available,noncommodity_broad,Broad-primary-excluded non-commodity basket,2015,spearman_product_alignment,Within-country product-rank alignment,log_population,Population,0.2957168925430053,152
all_available,noncommodity_broad,Broad-primary-excluded non-commodity basket,2015,top_1pct_world_product_export_share,Export share in top 1% world products,log_gdp_current_usd,"GDP, current USD",0.4862287194417676,152
all_available,noncommodity_broad,Broad-primary-excluded non-commodity basket,2015,top_1pct_world_product_export_share,Export share in top 1% world products,log_population,Population,0.1792316787293516,152
all_available,noncommodity_broad,Broad-primary-excluded non-commodity basket,2015,top_5pct_world_product_export_share,Export share in top 5% world products,log_gdp_current_usd,"GDP, current USD",0.3224119902405019,152
all_available,noncommodity_broad,Broad-primary-excluded non-commodity basket,2015,top_5pct_world_product_export_share,Export share in top 5% world products,log_population,Population,0.08493770460432343,152
all_available,noncommodity_broad,Broad-primary-excluded non-commodity basket,2015,top_10pct_world_product_export_share,Export share in top 10% world products,log_gdp_current_usd,"GDP, current USD",0.30101695610276175,152
all_available,noncommodity_broad,Broad-primary-excluded non-commodity basket,2015,top_10pct_world_product_export_share,Export share in top 10% world products,log_population,Population,0.03231296003936604,152
all_available,noncommodity_broad,Broad-primary-excluded non-commodity basket,2015,top_20pct_world_product_export_share,Export share in top 20% world products,log_gdp_current_usd,"GDP, current USD",0.2126996493961823,152
all_available,noncommodity_broad,Broad-primary-excluded non-commodity basket,2015,top_20pct_world_product_export_share,Export share in top 20% world products,log_population,Population,-0.04407493216875457,152
all_available,noncommodity_broad,Broad-primary-excluded non-commodity basket,2016,world_share_exposure,World-share percentile exposure,log_gdp_current_usd,"GDP, current USD",0.3125212548362453,154
all_available,noncommodity_broad,Broad-primary-excluded non-commodity basket,2016,world_share_exposure,World-share percentile exposure,log_population,Population,-0.01537905484774555,154
all_available,noncommodity_broad,Broad-primary-excluded non-commodity basket,2016,spearman_product_alignment,Within-country product-rank alignment,log_gdp_current_usd,"GDP, current USD",0.7282305297485563,154
all_available,noncommodity_broad,Broad-primary-excluded non-commodity basket,2016,spearman_product_alignment,Within-country product-rank alignment,log_population,Population,0.32238842751176716,154
all_available,noncommodity_broad,Broad-primary-excluded non-commodity basket,2016,top_1pct_world_product_export_share,Export share in top 1% world products,log_gdp_current_usd,"GDP, current USD",0.46117285623926996,154
all_available,noncommodity_broad,Broad-primary-excluded non-commodity basket,2016,top_1pct_world_product_export_share,Export share in top 1% world products,log_population,Population,0.17048062626810256,154
all_available,noncommodity_broad,Broad-primary-excluded non-commodity basket,2016,top_5pct_world_product_export_share,Export share in top 5% world products,log_gdp_current_usd,"GDP, current USD",0.3263444967429787,154
all_available,noncommodity_broad,Broad-primary-excluded non-commodity basket,2016,top_5pct_world_product_export_share,Export share in top 5% world products,log_population,Population,0.06808940585031667,154
all_available,noncommodity_broad,Broad-primary-excluded non-commodity basket,2016,top_10pct_world_product_export_share,Export share in top 10% world products,log_gdp_current_usd,"GDP, current USD",0.3026245102146431,154
all_available,noncommodity_broad,Broad-primary-excluded non-commodity basket,2016,top_10pct_world_product_export_share,Export share in top 10% world products,log_population,Population,0.05179197778818272,154
all_available,noncommodity_broad,Broad-primary-excluded non-commodity basket,2016,top_20pct_world_product_export_share,Export share in top 20% world products,log_gdp_current_usd,"GDP, current USD",0.26738132203027837,154
all_available,noncommodity_broad,Broad-primary-excluded non-commodity basket,2016,top_20pct_world_product_export_share,Export share in top 20% world products,log_population,Population,-0.020442429171081924,154
all_available,noncommodity_broad,Broad-primary-excluded non-commodity basket,2017,world_share_exposure,World-share percentile exposure,log_gdp_current_usd,"GDP, current USD",0.3422126260835938,155
all_available,noncommodity_broad,Broad-primary-excluded non-commodity basket,2017,world_share_exposure,World-share percentile exposure,log_population,Population,0.015764880281009315,155
all_available,noncommodity_broad,Broad-primary-excluded non-commodity basket,2017,spearman_product_alignment,Within-country product-rank alignment,log_gdp_current_usd,"GDP, current USD",0.7149979053204859,155
all_available,noncommodity_broad,Broad-primary-excluded non-commodity basket,2017,spearman_product_alignment,Within-country product-rank alignment,log_population,Population,0.30073474912184595,155
all_available,noncommodity_broad,Broad-primary-excluded non-commodity basket,2017,top_1pct_world_product_export_share,Export share in top 1% world products,log_gdp_current_usd,"GDP, current USD",0.4979536592439819,155
all_available,noncommodity_broad,Broad-primary-excluded non-commodity basket,2017,top_1pct_world_product_export_share,Export share in top 1% world products,log_population,Population,0.18513099803422384,155
all_available,noncommodity_broad,Broad-primary-excluded non-commodity basket,2017,top_5pct_world_product_export_share,Export share in top 5% world products,log_gdp_current_usd,"GDP, current USD",0.3382037317521189,155
all_available,noncommodity_broad,Broad-primary-excluded non-commodity basket,2017,top_5pct_world_product_export_share,Export share in top 5% world products,log_population,Population,0.09599755083626052,155
all_available,noncommodity_broad,Broad-primary-excluded non-commodity basket,2017,top_10pct_world_product_export_share,Export share in top 10% world products,log_gdp_current_usd,"GDP, current USD",0.3241081499146016,155
all_available,noncommodity_broad,Broad-primary-excluded non-commodity basket,2017,top_10pct_world_product_export_share,Export share in top 10% world products,log_population,Population,0.05085237343301859,155
all_available,noncommodity_broad,Broad-primary-excluded non-commodity basket,2017,top_20pct_world_product_export_share,Export share in top 20% world products,log_gdp_current_usd,"GDP, current USD",0.34334697560504013,155
all_available,noncommodity_broad,Broad-primary-excluded non-commodity basket,2017,top_20pct_world_product_export_share,Export share in top 20% world products,log_population,Population,0.06401018336502208,155
all_available,noncommodity_broad,Broad-primary-excluded non-commodity basket,2018,world_share_exposure,World-share percentile exposure,log_gdp_current_usd,"GDP, current USD",0.4028688030236018,153
all_available,noncommodity_broad,Broad-primary-excluded non-commodity basket,2018,world_share_exposure,World-share percentile exposure,log_population,Population,0.03215927519333092,153
all_available,noncommodity_broad,Broad-primary-excluded non-commodity basket,2018,spearman_product_alignment,Within-country product-rank alignment,log_gdp_current_usd,"GDP, current USD",0.7324594909734227,153
all_available,noncommodity_broad,Broad-primary-excluded non-commodity basket,2018,spearman_product_alignment,Within-country product-rank alignment,log_population,Population,0.33356787691153017,153
all_available,noncommodity_broad,Broad-primary-excluded non-commodity basket,2018,top_1pct_world_product_export_share,Export share in top 1% world products,log_gdp_current_usd,"GDP, current USD",0.5134896063688633,153
all_available,noncommodity_broad,Broad-primary-excluded non-commodity basket,2018,top_1pct_world_product_export_share,Export share in top 1% world products,log_population,Population,0.2118866685430153,153
all_available,noncommodity_broad,Broad-primary-excluded non-commodity basket,2018,top_5pct_world_product_export_share,Export share in top 5% world products,log_gdp_current_usd,"GDP, current USD",0.4455925911034269,153
all_available,noncommodity_broad,Broad-primary-excluded non-commodity basket,2018,top_5pct_world_product_export_share,Export share in top 5% world products,log_population,Population,0.17535483092758633,153
all_available,noncommodity_broad,Broad-primary-excluded non-commodity basket,2018,top_10pct_world_product_export_share,Export share in top 10% world products,log_gdp_current_usd,"GDP, current USD",0.38126733947167385,153
all_available,noncommodity_broad,Broad-primary-excluded non-commodity basket,2018,top_10pct_world_product_export_share,Export share in top 10% world products,log_population,Population,0.08444574001849543,153
all_available,noncommodity_broad,Broad-primary-excluded non-commodity basket,2018,top_20pct_world_product_export_share,Export share in top 20% world products,log_gdp_current_usd,"GDP, current USD",0.3621989465642716,153
all_available,noncommodity_broad,Broad-primary-excluded non-commodity basket,2018,top_20pct_world_product_export_share,Export share in top 20% world products,log_population,Population,0.035978984895393556,153
all_available,noncommodity_broad,Broad-primary-excluded non-commodity basket,2019,world_share_exposure,World-share percentile exposure,log_gdp_current_usd,"GDP, current USD",0.37746773350488516,153
all_available,noncommodity_broad,Broad-primary-excluded non-commodity basket,2019,world_share_exposure,World-share percentile exposure,log_population,Population,0.008862396633294465,153
all_available,noncommodity_broad,Broad-primary-excluded non-commodity basket,2019,spearman_product_alignment,Within-country product-rank alignment,log_gdp_current_usd,"GDP, current USD",0.7138668864675056,153
all_available,noncommodity_broad,Broad-primary-excluded non-commodity basket,2019,spearman_product_alignment,Within-country product-rank alignment,log_population,Population,0.3129313926527548,153
all_available,noncommodity_broad,Broad-primary-excluded non-commodity basket,2019,top_1pct_world_product_export_share,Export share in top 1% world products,log_gdp_current_usd,"GDP, current USD",0.48322343291383535,153
all_available,noncommodity_broad,Broad-primary-excluded non-commodity basket,2019,top_1pct_world_product_export_share,Export share in top 1% world products,log_population,Population,0.16949459209521126,153
all_available,noncommodity_broad,Broad-primary-excluded non-commodity basket,2019,top_5pct_world_product_export_share,Export share in top 5% world products,log_gdp_current_usd,"GDP, current USD",0.4069599131518636,153
all_available,noncommodity_broad,Broad-primary-excluded non-commodity basket,2019,top_5pct_world_product_export_share,Export share in top 5% world products,log_population,Population,0.11406859394475491,153
all_available,noncommodity_broad,Broad-primary-excluded non-commodity basket,2019,top_10pct_world_product_export_share,Export share in top 10% world products,log_gdp_current_usd,"GDP, current USD",0.312170801334888,153
all_available,noncommodity_broad,Broad-primary-excluded non-commodity basket,2019,top_10pct_world_product_export_share,Export share in top 10% world products,log_population,Population,0.005451462881803438,153
all_available,noncommodity_broad,Broad-primary-excluded non-commodity basket,2019,top_20pct_world_product_export_share,Export share in top 20% world products,log_gdp_current_usd,"GDP, current USD",0.3446617881602402,153
all_available,noncommodity_broad,Broad-primary-excluded non-commodity basket,2019,top_20pct_world_product_export_share,Export share in top 20% world products,log_population,Population,0.03292991837883478,153
all_available,noncommodity_broad,Broad-primary-excluded non-commodity basket,2020,world_share_exposure,World-share percentile exposure,log_gdp_current_usd,"GDP, current USD",0.39343325200418255,151
all_available,noncommodity_broad,Broad-primary-excluded non-commodity basket,2020,world_share_exposure,World-share percentile exposure,log_population,Population,0.04805507145346811,151
all_available,noncommodity_broad,Broad-primary-excluded non-commodity basket,2020,spearman_product_alignment,Within-country product-rank alignment,log_gdp_current_usd,"GDP, current USD",0.7418264203555244,151
all_available,noncommodity_broad,Broad-primary-excluded non-commodity basket,2020,spearman_product_alignment,Within-country product-rank alignment,log_population,Population,0.33575113279888463,151
all_available,noncommodity_broad,Broad-primary-excluded non-commodity basket,2020,top_1pct_world_product_export_share,Export share in top 1% world products,log_gdp_current_usd,"GDP, current USD",0.4736005576856046,151
all_available,noncommodity_broad,Broad-primary-excluded non-commodity basket,2020,top_1pct_world_product_export_share,Export share in top 1% world products,log_population,Population,0.17469850121993724,151
all_available,noncommodity_broad,Broad-primary-excluded non-commodity basket,2020,top_5pct_world_product_export_share,Export share in top 5% world products,log_gdp_current_usd,"GDP, current USD",0.4091007319623562,151
all_available,noncommodity_broad,Broad-primary-excluded non-commodity basket,2020,top_5pct_world_product_export_share,Export share in top 5% world products,log_population,Population,0.14692575810386893,151
all_available,noncommodity_broad,Broad-primary-excluded non-commodity basket,2020,top_10pct_world_product_export_share,Export share in top 10% world products,log_gdp_current_usd,"GDP, current USD",0.3431509236667828,151
all_available,noncommodity_broad,Broad-primary-excluded non-commodity basket,2020,top_10pct_world_product_export_share,Export share in top 10% world products,log_population,Population,0.06329383060299755,151
all_available,noncommodity_broad,Broad-primary-excluded non-commodity basket,2020,top_20pct_world_product_export_share,Export share in top 20% world products,log_gdp_current_usd,"GDP, current USD",0.3596549320320669,151
all_available,noncommodity_broad,Broad-primary-excluded non-commodity basket,2020,top_20pct_world_product_export_share,Export share in top 20% world products,log_population,Population,0.061237364935517596,151
all_available,noncommodity_broad,Broad-primary-excluded non-commodity basket,2021,world_share_exposure,World-share percentile exposure,log_gdp_current_usd,"GDP, current USD",0.3470226013026333,152
all_available,noncommodity_broad,Broad-primary-excluded non-commodity basket,2021,world_share_exposure,World-share percentile exposure,log_population,Population,0.019590757181227318,152
all_available,noncommodity_broad,Broad-primary-excluded non-commodity basket,2021,spearman_product_alignment,Within-country product-rank alignment,log_gdp_current_usd,"GDP, current USD",0.7300077228521245,152
all_available,noncommodity_broad,Broad-primary-excluded non-commodity basket,2021,spearman_product_alignment,Within-country product-rank alignment,log_population,Population,0.32786582740450654,152
all_available,noncommodity_broad,Broad-primary-excluded non-commodity basket,2021,top_1pct_world_product_export_share,Export share in top 1% world products,log_gdp_current_usd,"GDP, current USD",0.4190194028116649,152
all_available,noncommodity_broad,Broad-primary-excluded non-commodity basket,2021,top_1pct_world_product_export_share,Export share in top 1% world products,log_population,Population,0.13207785728442648,152
all_available,noncommodity_broad,Broad-primary-excluded non-commodity basket,2021,top_5pct_world_product_export_share,Export share in top 5% world products,log_gdp_current_usd,"GDP, current USD",0.36405388227092855,152
all_available,noncommodity_broad,Broad-primary-excluded non-commodity basket,2021,top_5pct_world_product_export_share,Export share in top 5% world products,log_population,Population,0.1144143959431106,152
all_available,noncommodity_broad,Broad-primary-excluded non-commodity basket,2021,top_10pct_world_product_export_share,Export share in top 10% world products,log_gdp_current_usd,"GDP, current USD",0.32389846841490166,152
all_available,noncommodity_broad,Broad-primary-excluded non-commodity basket,2021,top_10pct_world_product_export_share,Export share in top 10% world products,log_population,Population,0.04729392628435131,152
all_available,noncommodity_broad,Broad-primary-excluded non-commodity basket,2021,top_20pct_world_product_export_share,Export share in top 20% world products,log_gdp_current_usd,"GDP, current USD",0.29612012110525626,152
all_available,noncommodity_broad,Broad-primary-excluded non-commodity basket,2021,top_20pct_world_product_export_share,Export share in top 20% world products,log_population,Population,0.016183817549327153,152
all_available,noncommodity_broad,Broad-primary-excluded non-commodity basket,2022,world_share_exposure,World-share percentile exposure,log_gdp_current_usd,"GDP, current USD",0.4023399238164339,149
all_available,noncommodity_broad,Broad-primary-excluded non-commodity basket,2022,world_share_exposure,World-share percentile exposure,log_population,Population,0.050172319970977694,149
all_available,noncommodity_broad,Broad-primary-excluded non-commodity basket,2022,spearman_product_alignment,Within-country product-rank alignment,log_gdp_current_usd,"GDP, current USD",0.7076764012334482,149
all_available,noncommodity_broad,Broad-primary-excluded non-commodity basket,2022,spearman_product_alignment,Within-country product-rank alignment,log_population,Population,0.31593324868492656,149
all_available,noncommodity_broad,Broad-primary-excluded non-commodity basket,2022,top_1pct_world_product_export_share,Export share in top 1% world products,log_gdp_current_usd,"GDP, current USD",0.5002938508978778,149
all_available,noncommodity_broad,Broad-primary-excluded non-commodity basket,2022,top_1pct_world_product_export_share,Export share in top 1% world products,log_population,Population,0.17142753491746782,149
all_available,noncommodity_broad,Broad-primary-excluded non-commodity basket,2022,top_5pct_world_product_export_share,Export share in top 5% world products,log_gdp_current_usd,"GDP, current USD",0.39103573372029743,149
all_available,noncommodity_broad,Broad-primary-excluded non-commodity basket,2022,top_5pct_world_product_export_share,Export share in top 5% world products,log_population,Population,0.11086522764375112,149
all_available,noncommodity_broad,Broad-primary-excluded non-commodity basket,2022,top_10pct_world_product_export_share,Export share in top 10% world products,log_gdp_current_usd,"GDP, current USD",0.35254852167603845,149
all_available,noncommodity_broad,Broad-primary-excluded non-commodity basket,2022,top_10pct_world_product_export_share,Export share in top 10% world products,log_population,Population,0.09351714130237619,149
all_available,noncommodity_broad,Broad-primary-excluded non-commodity basket,2022,top_20pct_world_product_export_share,Export share in top 20% world products,log_gdp_current_usd,"GDP, current USD",0.30948666787592966,149
all_available,noncommodity_broad,Broad-primary-excluded non-commodity basket,2022,top_20pct_world_product_export_share,Export share in top 20% world products,log_population,Population,-0.0028333031017594777,149
all_available,noncommodity_broad,Broad-primary-excluded non-commodity basket,2023,world_share_exposure,World-share percentile exposure,log_gdp_current_usd,"GDP, current USD",0.3312837560200935,148
all_available,noncommodity_broad,Broad-primary-excluded non-commodity basket,2023,world_share_exposure,World-share percentile exposure,log_population,Population,0.014574086482044297,148
all_available,noncommodity_broad,Broad-primary-excluded non-commodity basket,2023,spearman_product_alignment,Within-country product-rank alignment,log_gdp_current_usd,"GDP, current USD",0.7501045765667052,148
all_available,noncommodity_broad,Broad-primary-excluded non-commodity basket,2023,spearman_product_alignment,Within-country product-rank alignment,log_population,Population,0.3600913610501339,148
all_available,noncommodity_broad,Broad-primary-excluded non-commodity basket,2023,top_1pct_world_product_export_share,Export share in top 1% world products,log_gdp_current_usd,"GDP, current USD",0.48582385974524045,148
all_available,noncommodity_broad,Broad-primary-excluded non-commodity basket,2023,top_1pct_world_product_export_share,Export share in top 1% world products,log_population,Population,0.15703513402458752,148
all_available,noncommodity_broad,Broad-primary-excluded non-commodity basket,2023,top_5pct_world_product_export_share,Export share in top 5% world products,log_gdp_current_usd,"GDP, current USD",0.3735586017465213,148
all_available,noncommodity_broad,Broad-primary-excluded non-commodity basket,2023,top_5pct_world_product_export_share,Export share in top 5% world products,log_population,Population,0.1095629254785535,148
all_available,noncommodity_broad,Broad-primary-excluded non-commodity basket,2023,top_10pct_world_product_export_share,Export share in top 10% world products,log_gdp_current_usd,"GDP, current USD",0.30370145518755304,148
all_available,noncommodity_broad,Broad-primary-excluded non-commodity basket,2023,top_10pct_world_product_export_share,Export share in top 10% world products,log_population,Population,0.06617383031572868,148
all_available,noncommodity_broad,Broad-primary-excluded non-commodity basket,2023,top_20pct_world_product_export_share,Export share in top 20% world products,log_gdp_current_usd,"GDP, current USD",0.22235754450519551,148
all_available,noncommodity_broad,Broad-primary-excluded non-commodity basket,2023,top_20pct_world_product_export_share,Export share in top 20% world products,log_population,Population,-0.042248932948837074,148
all_available,noncommodity_broad,Broad-primary-excluded non-commodity basket,2024,world_share_exposure,World-share percentile exposure,log_gdp_current_usd,"GDP, current USD",0.34594218137623073,130
all_available,noncommodity_broad,Broad-primary-excluded non-commodity basket,2024,world_share_exposure,World-share percentile exposure,log_population,Population,-0.04491538995355789,131
all_available,noncommodity_broad,Broad-primary-excluded non-commodity basket,2024,spearman_product_alignment,Within-country product-rank alignment,log_gdp_current_usd,"GDP, current USD",0.7569705990795996,130
all_available,noncommodity_broad,Broad-primary-excluded non-commodity basket,2024,spearman_product_alignment,Within-country product-rank alignment,log_population,Population,0.34624993327283404,131
all_available,noncommodity_broad,Broad-primary-excluded non-commodity basket,2024,top_1pct_world_product_export_share,Export share in top 1% world products,log_gdp_current_usd,"GDP, current USD",0.5122478799382758,130
all_available,noncommodity_broad,Broad-primary-excluded non-commodity basket,2024,top_1pct_world_product_export_share,Export share in top 1% world products,log_population,Population,0.11053755404900444,131
all_available,noncommodity_broad,Broad-primary-excluded non-commodity basket,2024,top_5pct_world_product_export_share,Export share in top 5% world products,log_gdp_current_usd,"GDP, current USD",0.38881044394980135,130
all_available,noncommodity_broad,Broad-primary-excluded non-commodity basket,2024,top_5pct_world_product_export_share,Export share in top 5% world products,log_population,Population,0.05044039929536112,131
all_available,noncommodity_broad,Broad-primary-excluded non-commodity basket,2024,top_10pct_world_product_export_share,Export share in top 10% world products,log_gdp_current_usd,"GDP, current USD",0.2939518496770405,130
all_available,noncommodity_broad,Broad-primary-excluded non-commodity basket,2024,top_10pct_world_product_export_share,Export share in top 10% world products,log_population,Population,-0.014567874873218386,131
all_available,noncommodity_broad,Broad-primary-excluded non-commodity basket,2024,top_20pct_world_product_export_share,Export share in top 20% world products,log_gdp_current_usd,"GDP, current USD",0.22997173251034425,130
all_available,noncommodity_broad,Broad-primary-excluded non-commodity basket,2024,top_20pct_world_product_export_share,Export share in top 20% world products,log_population,Population,-0.05763625687289809,131
