country,iso3,reporter_code,year,flow,baseline_total_exports,noncommodity_total_exports,broad_primary_exports_removed,broad_primary_share_removed,baseline_active_products,noncommodity_active_products,baseline_world_active_products,noncommodity_world_active_products,delta_world_share_exposure,delta_spearman_product_alignment
Albania,ALB,8,2000,Exports,261475785.0,219490902.4639,41984882.5361,0.1605689128578388,1055,846,5035,4076,-0.0004898475989469,-0.0076524391058736
Albania,ALB,8,2001,Exports,304930706.0,259543323.6618,45387382.3382,0.1488449062201036,1087,862,5033,4073,-0.0055667011247512,0.0004689009033556
Albania,ALB,8,2002,Exports,330240762.0,275463605.8354,54777156.164600015,0.1658703663135322,1104,909,5032,4073,0.007858778437794,-0.003019905361839
Albania,ALB,8,2003,Exports,447220559.0,374976805.4842773,72243753.51572269,0.1615394285031576,1268,1044,5035,4074,0.0041491539698365,-0.0007869345359361
Albania,ALB,8,2004,Exports,602653366.0,500201603.68239427,102451762.31760572,0.1700011450987328,1338,1089,5027,4074,-0.0054202596165221,-0.0246958661210736
Albania,ALB,8,2005,Exports,658233185.0,527244917.26514435,130988267.73485564,0.1989997932645338,1294,1074,5034,4074,-0.0094382021591185,-0.0088512245816354
Albania,ALB,8,2006,Exports,792629679.0,617246189.6301006,175383489.3698994,0.2212678808484275,1316,1080,5031,4074,-0.0143413212279058,-0.0030133079569978
Albania,ALB,8,2007,Exports,1077690369.0,786985001.3899375,290705367.6100625,0.2697485065954621,1308,1072,5019,4074,-0.0190842192094287,-0.0227288794206893
Albania,ALB,8,2008,Exports,1352097369.0,933927250.2954744,418170118.7045255,0.3092751515475551,1465,1221,5015,4072,-0.0254433205842603,0.0037914890439954
Albania,ALB,8,2009,Exports,1087456294.0,781718803.6074963,305737490.39250374,0.2811492214256325,1669,1415,5011,4070,-0.0237978452770472,-0.0030917950852882
Albania,ALB,8,2010,Exports,1546730210.0,930181449.6770688,616548760.3229312,0.3986142873118972,1713,1431,5010,4069,-0.039680457803816,-0.0095891694686878
Albania,ALB,8,2011,Exports,1946286755.0,1124904471.0053926,821382283.9946074,0.4220253166109675,1781,1497,5011,4071,-0.0490468113571274,-0.013466587355753
Albania,ALB,8,2012,Exports,1963457113.0,1033464823.2437018,929992289.7562982,0.4736504217987969,1895,1579,5007,4067,-0.0548732482092876,0.0145695506540721
Albania,ALB,8,2013,Exports,2329999005.0,1187998259.0684028,1142000745.9315972,0.4901292848112599,1884,1593,5006,4066,-0.0556880937153735,0.0211516318029214
Albania,ALB,8,2014,Exports,1015683813.0,795153634.0922,220530178.90779996,0.2171248336196532,489,411,5003,4063,0.0037131565921826,0.0090943971983051
Albania,ALB,8,2015,Exports,1485188930.0,986297833.1738552,498891096.82614493,0.3359108640987143,774,649,5002,4062,-0.0185959260292335,-0.0139996714369602
Albania,ALB,8,2016,Exports,1902722400.0,1281463609.528019,621258790.471981,0.3265104728214589,1055,877,5003,4064,-0.0154995526929524,-0.0082111587495862
Albania,ALB,8,2017,Exports,1216683064.395,962809435.0238605,253873629.37113953,0.2086604447785086,461,383,4994,4055,0.0020889268067812,-0.0424707601390962
Albania,ALB,8,2018,Exports,1198296679.925,949087504.4629116,249209175.46208835,0.2079695117553743,486,402,4990,4051,-0.0063190789446379,-0.0367890000892745
Albania,ALB,8,2019,Exports,1269102231.7510002,1028071533.1606162,241030698.590384,0.1899222084400798,485,405,4987,4048,0.0014734289754545,-0.0426135339996224
Albania,ALB,8,2020,Exports,1357593880.691,1011567080.158409,346026800.532591,0.2548824103099723,543,452,4982,4043,-0.0073640327950005,-0.0112921590735864
Albania,ALB,8,2021,Exports,1471902623.922,1152356776.0734084,319545847.84859157,0.2170971385302219,558,474,4982,4043,-0.0037418848521291,0.0087521584962675
Albania,ALB,8,2022,Exports,334527647.412,68093725.191,266433922.221,0.7964481389870398,113,75,4988,4049,-0.0315379928485785,0.0071162419322642
Albania,ALB,8,2023,Exports,3089514279.6709995,2105942918.2997572,983571361.3712424,0.3183579269541302,966,836,4982,4043,-0.0202155359182406,-0.0145922057538144
Albania,ALB,8,2024,Exports,2401785065.95,1648912896.6088035,752872169.3411961,0.3134635900666681,761,654,4982,4043,-0.0196009829331375,-0.0071751579662558
Algeria,DZA,12,2000,Exports,22031287644.000004,320806631.236,21710481012.764004,0.9854385891365106,1140,1010,5035,4076,-0.278244378900507,0.033913135828918
Algeria,DZA,12,2001,Exports,19147619208.0,360725582.0,18786893626.0,0.9811608128362356,793,658,5033,4073,-0.2844081598731059,0.0354516695736883
Algeria,DZA,12,2002,Exports,18832409258.0,471960249.22626615,18360449008.773735,0.9749389341129692,1188,949,5032,4073,-0.3309345700891456,-0.0007231452820624
Algeria,DZA,12,2003,Exports,24653655270.0,339191330.33382916,24314463939.666172,0.9862417427915212,1071,835,5035,4074,-0.3803392980768451,-0.0131376802108402
Algeria,DZA,12,2004,Exports,32076790876.0,385943208.8340296,31690847667.16597,0.9879681477387816,834,652,5027,4074,-0.3697325159151419,-0.0020092541855733
Algeria,DZA,12,2005,Exports,46001730756.0,444753304.64441544,45556977451.35558,0.9903318136658064,1003,819,5034,4074,-0.3651485520430011,-0.0115844920274626
Algeria,DZA,12,2006,Exports,54612679010.0,579756737.1432477,54032922272.85675,0.9893842099004684,1084,826,5031,4074,-0.3021102209545472,-0.0089868536342005
Algeria,DZA,12,2007,Exports,60162962333.00001,573710973.4400859,59589251359.55992,0.990464050452426,1193,921,5019,4074,-0.3062357307293911,0.0180703423364301
Algeria,DZA,12,2008,Exports,79297591513.00002,794753017.2410741,78502838495.75894,0.9899775894566636,1079,855,5015,4072,-0.2927562618351901,0.0276556905303597
Algeria,DZA,12,2009,Exports,45193920241.0,420333151.46194816,44773587089.538055,0.9906993429819656,1028,811,5011,4070,-0.3318257746962592,0.0224584222172781
Algeria,DZA,12,2010,Exports,57050973573.0,479636795.915542,56571336777.08446,0.9915928376699512,914,710,5010,4069,-0.3884901772878054,-0.0221185323286169
Algeria,DZA,12,2011,Exports,73436306089.0,675730662.3280001,72760575426.672,0.9907984115989024,802,611,5011,4071,-0.3047867086290688,-0.0286416497620031
Algeria,DZA,12,2012,Exports,71865748994.00002,678383533.4572,71187365460.54282,0.9905604054371736,926,731,5007,4067,-0.279406741667197,0.0147186875727603
Algeria,DZA,12,2013,Exports,65998137597.0,615013717.0335,65383123879.9665,0.99068134739212,946,751,5006,4066,-0.1447736084068858,0.0003813762028622
Algeria,DZA,12,2014,Exports,60387689314.00001,1247933611.1109502,59139755702.88906,0.9793346354979404,997,796,5003,4063,-0.1337334233323642,-0.0030332112386309
Algeria,DZA,12,2015,Exports,34795951483.00001,1109896799.6647,33686054683.335308,0.9681027029766106,1025,811,5002,4062,-0.181843689393667,0.0501519070249342
Algeria,DZA,12,2016,Exports,29992101479.0,1007328313.7633,28984773165.2367,0.96641354676435,1008,754,5003,4064,-0.1804983252834677,-0.0006483958673094
Algeria,DZA,12,2017,Exports,35191117416.1,956605262.064322,34234512154.035675,0.9728168545842572,1333,1053,4994,4055,-0.1780512712260105,0.0037393200486322
Algeria,DZA,12,2024,Exports,51857390719.05601,2750455318.722474,49106935400.333534,0.94696117022888,1424,1102,4982,4043,-0.133890157009118,-0.008222856730539
Andorra,AND,20,2000,Exports,44161497.0,40506946.0,3654551.0,0.0827542372487961,1010,928,5035,4076,-0.0059490063739412,-0.0067446412168611
Andorra,AND,20,2001,Exports,51089372.0,48403091.0,2686281.0,0.0525800356285452,1019,946,5033,4073,-0.0039510336965583,-0.0029922404262859
Andorra,AND,20,2002,Exports,62349824.0,59759513.4653054,2590310.534694597,0.0415447930485673,983,911,5032,4073,-0.0027981297504349,0.0115751415354903
Andorra,AND,20,2003,Exports,88734104.0,85364117.00572574,3369986.9942742586,0.037978486763942,1022,955,5035,4074,-0.0037183577231523,0.011086636125691
Andorra,AND,20,2004,Exports,121413928.0,116461674.2016542,4952253.798345804,0.0407881853418481,999,923,5027,4074,-0.0021804262865089,0.0143675210572242
Andorra,AND,20,2005,Exports,141296940.0,132279956.80749576,9016983.192504227,0.0638158419602308,1007,928,5034,4074,-0.0118751012626435,0.0155076220842281
Andorra,AND,20,2006,Exports,164017431.655,134513851.74749392,29503579.90750608,0.1798807578548415,1169,1101,5031,4074,-0.0312874955162426,0.0077609408307655
Andorra,AND,20,2007,Exports,149156019.34600002,140532092.8597177,8623926.486282319,0.0578181592945118,1264,1174,5019,4074,0.0003190620545309,-0.0153595586329628
Andorra,AND,20,2008,Exports,137045870.252,126952417.70260587,10093452.54939413,0.0736501766221359,1213,1127,5015,4072,-0.0023817728752301,-0.0159240880015859
Andorra,AND,20,2009,Exports,99831178.116,94872976.01750338,4958202.098496616,0.0496658678387565,1180,1096,5011,4070,-0.01006958895227,-0.0148804390488669
Andorra,AND,20,2010,Exports,91704972.043,82676470.11671545,9028501.926284568,0.0984516076407628,1210,1131,5010,4069,-0.0130720543339661,-0.0128924188287669
Andorra,AND,20,2011,Exports,112985157.87,102752747.11889347,10232410.751106516,0.0905642028033439,1243,1170,5011,4071,-0.0087505654511748,-0.0018394549393558
Andorra,AND,20,2012,Exports,105232424.48600002,95672057.5013861,9560366.98461391,0.0908500115939627,1200,1125,5007,4067,-0.0079713559963821,-0.0035140649690071
Andorra,AND,20,2013,Exports,98346838.952,91574557.57222994,6772281.379770055,0.0688612003388883,1112,1046,5006,4066,-0.0059262260993094,-0.0097797033699807
Andorra,AND,20,2014,Exports,94552312.143,87357540.51924004,7194771.62375997,0.0760930268196791,1158,1088,5003,4063,-0.0064861365445628,-0.006769242563027
Andorra,AND,20,2015,Exports,88937133.695,81384986.53444052,7552147.160559475,0.084915567286649,1276,1195,5002,4062,-0.0092648219553197,-0.0080014452125389
Andorra,AND,20,2016,Exports,95639221.343,89080916.98699205,6558304.356007963,0.0685733767372205,1326,1236,5003,4064,-0.0080922314711842,-0.0129457033887101
Andorra,AND,20,2017,Exports,116884793.67100002,104544495.59878422,12340298.072215796,0.1055765911428178,1330,1251,4994,4055,-0.0109494807431801,-0.0112367023393756
Andorra,AND,20,2018,Exports,128906293.819,120112992.40225638,8793301.416743621,0.0682146787114248,1285,1213,4990,4051,-0.0073967533724274,-0.0149827861283545
Andorra,AND,20,2019,Exports,124819766.526,116140553.9617672,8679212.564232796,0.0695339592902131,1336,1264,4987,4048,-0.0036015598048164,0.0008228357521962
Andorra,AND,20,2020,Exports,166407484.946,159394294.93443218,7013190.011567831,0.0421446788516973,1334,1253,4982,4043,-0.0020210684465296,-0.0072218252399976
Andorra,AND,20,2021,Exports,163160648.611,149106488.22221777,14054160.388782231,0.0861369485131767,1371,1282,4982,4043,-0.0037941365510432,-0.0065149956140017
Andorra,AND,20,2022,Exports,385513671.64,373475675.03080696,12037996.609193029,0.0312258617391767,1968,1888,4988,4049,0.0017836320347915,0.0031265738514519
Andorra,AND,20,2023,Exports,251993099.6670001,241589773.60849327,10403326.058506789,0.0412841703691665,1958,1874,4982,4043,0.0003640605097035,0.005576774785699
Angola,AGO,24,2004,Exports,13253672995.381,66975063.8365049,13186697931.544497,0.9949466790179714,1111,972,5027,4074,-0.0965485875748477,0.0124744542134814
Angola,AGO,24,2005,Exports,23666232730.317,80698765.647701,23585533964.669296,0.9965901304796888,1016,889,5034,4074,-0.1106837500623048,-0.0112633791521691
Angola,AGO,24,2006,Exports,31842783505.455,129306998.4072492,31713476507.04775,0.995939205553902,811,737,5031,4074,-0.1117017446672228,-0.0119097710007021
Angola,AGO,24,2007,Exports,44177783074.0,0.0,44177783074.0,1.0,6,0,5019,4074,,
Angola,AGO,24,2008,Exports,65720046872.263,783451538.2093707,64936595334.05363,0.988078956490519,1536,1391,5015,4072,-0.1081498344495863,-0.0060484043384311
Angola,AGO,24,2009,Exports,40639411730.0,0.0,40639411730.0,1.0,6,0,5011,4070,,
Angola,AGO,24,2010,Exports,52612114758.0,0.0,52612114758.0,1.0,6,0,5010,4069,,
Angola,AGO,24,2011,Exports,66427390219.0,0.0,66427390219.0,1.0,5,0,5011,4071,,
Angola,AGO,24,2012,Exports,70863076414.0,0.0,70863076414.0,1.0,5,0,5007,4067,,
Angola,AGO,24,2013,Exports,67712526547.0,0.0,67712526547.0,1.0,6,0,5006,4066,,
Angola,AGO,24,2014,Exports,58672369194.0,0.0,58672369194.0,1.0,7,0,5003,4063,,
Angola,AGO,24,2015,Exports,33887998850.78,798577531.2686597,33089421319.511337,0.9764347982073224,2461,2148,5002,4062,-0.0853705002384203,0.0004890189917485
Angola,AGO,24,2016,Exports,28018028631.61,790832724.3548992,27227195907.2551,0.9717741481831924,2515,2217,5003,4064,-0.1061662312754768,0.0064710228540541
Angola,AGO,24,2017,Exports,34903597359.57,523103247.5811864,34380494111.988815,0.9850129130762002,2455,2137,4994,4055,-0.11541556993208,0.0051829295158059
Angola,AGO,24,2018,Exports,40625391753.373,274569374.82174826,40350822378.551254,0.993241434409086,2458,2155,4990,4051,-0.1428224530355329,0.0136562169566948
Angola,AGO,24,2019,Exports,35409824065.688,697183668.1357439,34712640397.55226,0.9803110101071836,2607,2287,4987,4048,-0.1196158735003585,0.0226668752835241
Angola,AGO,24,2020,Exports,22111090503.581,1184191681.9554386,20926898821.625565,0.9464435423588152,2542,2214,4982,4043,-0.0711126743127081,0.0099309092621578
Angola,AGO,24,2021,Exports,34450919725.172005,1490539268.4772716,32960380456.694733,0.9567344128874392,2522,2189,4982,4043,-0.0968741984456847,0.0030514619629447
Angola,AGO,24,2022,Exports,51241440694.56601,1516738437.6079593,49724702256.95805,0.970400160162382,2578,2215,4988,4049,-0.1139705526121145,0.0155328937130659
Angola,AGO,24,2023,Exports,39460656961.63198,2597553467.0195913,36863103494.61239,0.9341735878967948,2703,2342,4982,4043,-0.0642840852960894,0.0258289937569689
Angola,AGO,24,2024,Exports,39249519520.62001,3323135763.4234314,35926383757.19658,0.9153330842259711,3064,2610,4982,4043,-0.0628888884649853,0.0317947092248697
Antigua and Barbuda,ATG,28,2000,Exports,22516168.0,21168094.346,1348073.6539999992,0.0598713623916822,1312,1135,5035,4076,-0.0048693359222122,-0.0020611406495812
Antigua and Barbuda,ATG,28,2005,Exports,120636144.0,35762978.133,84873165.867,0.7035467402456099,993,928,5034,4074,-0.2004541621430895,0.0063933749082278
Antigua and Barbuda,ATG,28,2007,Exports,98628054.0,40872187.9735,57755866.0265,0.5855926755535499,957,878,5019,4074,-0.1529022909885764,0.0027345375256248
Antigua and Barbuda,ATG,28,2009,Exports,205701569.00000003,36253157.357,169448411.64300004,0.8237584791732921,910,848,5011,4070,-0.1258825438831297,-0.010186017470314
Antigua and Barbuda,ATG,28,2010,Exports,34818635.0,32494277.8774,2324357.1226000004,0.0667561242018821,916,834,5010,4069,-0.0256086621467881,-0.0315497078381439
Antigua and Barbuda,ATG,28,2011,Exports,29025056.0,26927288.853,2097767.147,0.0722743531313083,1068,974,5011,4071,-0.0235627432892525,0.0023732105875962
Antigua and Barbuda,ATG,28,2012,Exports,29004997.0,26799067.355,2205929.6449999996,0.0760534346892019,1062,965,5007,4067,-0.0215574506623804,-0.0051105263328109
Antigua and Barbuda,ATG,28,2013,Exports,32922556.0,26353755.3335,6568800.666499998,0.1995228033479538,1123,1016,5006,4066,-0.0711591686150872,-0.009876791719349
Antigua and Barbuda,ATG,28,2014,Exports,21024261.0,18486032.194700003,2538228.8052999973,0.1207285623642133,931,823,5003,4063,-0.0357363483662912,-0.0128143215276689
Antigua and Barbuda,ATG,28,2015,Exports,26045544.0,25134807.413,910736.5870000012,0.0349670787064382,1043,956,5002,4062,-0.0138211796395877,-0.0202126298665337
Antigua and Barbuda,ATG,28,2016,Exports,61033571.0,60058960.14699999,974610.8530000076,0.0159684389596015,854,777,5003,4064,-0.0152222003752324,-0.0145273976994781
Antigua and Barbuda,ATG,28,2017,Exports,62365094.069000006,61436212.0338949,928882.0351051092,0.014894261749648,1163,1040,4994,4055,-0.0063376848397779,0.0101015692816427
Antigua and Barbuda,ATG,28,2018,Exports,25841081.539000005,14494624.385305,11346457.153695006,0.4390860009698375,883,776,4990,4051,-0.0301890140276387,-0.0150252407613401
Antigua and Barbuda,ATG,28,2019,Exports,37400118.400000006,10984059.6727578,26416058.727242205,0.7063094946577014,793,698,4987,4048,-0.0814055796762588,0.016912775429263
Antigua and Barbuda,ATG,28,2020,Exports,22198836.323,10237285.0842744,11961551.2387256,0.5388368590443794,746,669,4982,4043,-0.01915723200444,0.011024903090293
Antigua and Barbuda,ATG,28,2021,Exports,19147287.128,11122954.205147002,8024332.922852997,0.4190845872425775,861,776,4982,4043,0.0140911755148498,0.0085303860106096
Antigua and Barbuda,ATG,28,2022,Exports,21876396.043,12378225.9370818,9498170.1059182,0.4341743533646356,925,839,4988,4049,-0.0474170959215777,-0.0013226981585815
Antigua and Barbuda,ATG,28,2023,Exports,30496874.279,18578121.5445048,11918752.7344952,0.3908188303318152,1016,944,4982,4043,-0.0211415051107117,0.0132195690409077
Antigua and Barbuda,ATG,28,2024,Exports,33361871.438,22137442.783784,11224428.654216,0.3364448147063805,1128,1038,4982,4043,-0.0123215607995177,0.0043215169618034
Argentina,ARG,32,2000,Exports,26002143750.0,9657236986.6294,16344906763.3706,0.628598430980161,4034,3426,5035,4076,-0.0360704332826231,0.0464409960817737
Argentina,ARG,32,2001,Exports,26290375883.0,9690865971.7838,16599509911.2162,0.6313911214160254,4008,3397,5033,4073,-0.0379729770416118,0.0427102095761441
Argentina,ARG,32,2002,Exports,25453436420.0,8789794427.901533,16663641992.098469,0.6546716017883163,4134,3504,5032,4073,-0.0463348049805648,0.0445606984717473
Argentina,ARG,32,2003,Exports,29240398636.000004,9139522336.824314,20100876299.17569,0.6874350979069083,4101,3477,5035,4074,-0.0522892304152361,0.0395726708654121
Argentina,ARG,32,2004,Exports,33955291299.0,11259789916.318533,22695501382.681465,0.6683936586740418,4134,3504,5027,4074,-0.0482627021503915,0.0379535571651723
Argentina,ARG,32,2005,Exports,39477053258.0,13913601232.048914,25563452025.951088,0.6475521832615678,4191,3559,5034,4074,-0.0418353794358413,0.0464147047889741
Argentina,ARG,32,2006,Exports,45757411794.0,16732887633.47416,29024524160.52584,0.6343130658524642,4167,3534,5031,4074,-0.0334452698396616,0.0433170994560653
Argentina,ARG,32,2007,Exports,54859584336.0,19542149870.12162,35317434465.87838,0.6437787470201874,4222,3591,5019,4074,-0.0291838671088809,0.0503650314909138
Argentina,ARG,32,2008,Exports,68614450278.0,24547277996.91653,44067172281.083466,0.6422433190463499,4202,3563,5015,4072,-0.0264276465778777,0.050162511124887
Argentina,ARG,32,2009,Exports,54775104220.0,20277623814.3121,34497480405.6879,0.629802186539553,4147,3531,5011,4070,-0.0213431848579942,0.0436052365465715
Argentina,ARG,32,2010,Exports,66924172198.0,24755439957.11111,42168732240.888885,0.6300971809726633,4075,3474,5010,4069,-0.0211006771545018,0.0432732798128958
Argentina,ARG,32,2011,Exports,81164548922.0,29825365709.3108,51339183212.6892,0.6325321078544612,4045,3457,5011,4071,-0.0177379812318971,0.0442647232397857
Argentina,ARG,32,2012,Exports,77880359297.0,28452594472.468403,49427764824.5316,0.6346627733962649,3979,3389,5007,4067,-0.0162236405129655,0.0487277794667484
Argentina,ARG,32,2013,Exports,73843266430.0,27344559350.55645,46498707079.44356,0.6296946130290997,3918,3341,5006,4066,-0.0140843903631622,0.0436184245723753
Argentina,ARG,32,2014,Exports,66537272047.990005,24340146137.911476,42197125910.07853,0.634187795971615,3814,3257,5003,4063,-0.0142882263940397,0.0440698507120107
Argentina,ARG,32,2015,Exports,55853981855.990005,18798300449.440613,37055681406.54939,0.6634384904211693,3745,3187,5002,4062,-0.020526989171136,0.0486159512376349
Argentina,ARG,32,2016,Exports,57186982764.11,17593552430.927414,39593430333.18259,0.6923503989798014,3695,3141,5003,4064,-0.0213585151793385,0.05137417869219
Argentina,ARG,32,2017,Exports,57483882405.84,18863633457.0317,38620248948.808304,0.6718448255834009,3683,3129,4994,4055,-0.0189203198559745,0.0504762256430397
Argentina,ARG,32,2018,Exports,49486736613.09,13679686826.268642,35807049786.821365,0.723568621361665,1971,1677,4990,4051,-0.0096947722163498,0.0830216240751633
Argentina,ARG,32,2019,Exports,52570371167.37,12357718229.99952,40212652937.37048,0.7649299794620843,1948,1653,4987,4048,-0.014631553931818,0.0814663207672151
Argentina,ARG,32,2020,Exports,37704337846.73,9346739825.46057,28357598021.269424,0.7521043901246712,1760,1588,4982,4043,-0.0337276810475263,0.0462516725222432
Argentina,ARG,32,2021,Exports,44729625446.52,11484887124.379335,33244738322.140667,0.7432375744323861,1290,1140,4982,4043,-0.0110317677035008,0.0498463564772388
Argentina,ARG,32,2022,Exports,72226925545.97,15407262564.34495,56819662981.62505,0.7866825640454715,1919,1607,4988,4049,-0.0114819500090305,0.0601897957844947
Argentina,ARG,32,2023,Exports,54420038763.93001,14016200213.51162,40403838550.41839,0.7424441339648281,1730,1440,4982,4043,-0.0025912846397356,0.0587786563338706
Argentina,ARG,32,2024,Exports,54871851873.14001,11626681530.29469,43245170342.84532,0.7881120987646857,1289,1032,4982,4043,-0.0081932105613189,0.0751611480838143
Armenia,ARM,51,2000,Exports,294102956.0,103061465.4411,191041490.5589,0.6495735138374468,924,828,5035,4076,-0.0719110128275445,-0.0038359929190609
Armenia,ARM,51,2001,Exports,335794614.0,150942992.3491,184851621.6509,0.5504901327896224,1160,1037,5033,4073,-0.0631121003452716,-0.0133182020075504
Armenia,ARM,51,2002,Exports,487247324.0,164241026.676,323006297.324,0.6629206183675213,1182,1053,5032,4073,-0.1071280193692275,0.0007172461725582
Armenia,ARM,51,2003,Exports,670002492.0,224780407.3177365,445222084.6822635,0.6645081025792118,1255,1123,5035,4074,-0.1270771893473635,-0.0140211689257083
Armenia,ARM,51,2004,Exports,712242884.0,210155309.0983089,502087574.90169114,0.7049387030473879,1266,1123,5027,4074,-0.1030617887851979,-0.0432500722324822
Armenia,ARM,51,2005,Exports,936977366.0,249555563.3301,687421802.6699,0.7336589202837798,1390,1243,5034,4074,-0.116999095408972,-0.0153893252755254
Armenia,ARM,51,2006,Exports,984698706.0,270443108.3316,714255597.6684,0.725354459507536,1492,1315,5031,4074,-0.1132880316850082,-0.0019835502658616
Armenia,ARM,51,2007,Exports,1121222159.0,395805897.5544325,725416261.4455675,0.6469870895992232,1563,1377,5019,4074,-0.0697627883281446,-0.0228912847625017
Armenia,ARM,51,2008,Exports,1054976300.0,392831296.5091,662145003.4909,0.6276396953096482,1503,1335,5015,4072,-0.0441637407509265,-0.0232219812622439
Armenia,ARM,51,2009,Exports,683988525.0,259936817.826652,424051707.173348,0.6199690370146898,1482,1297,5011,4070,-0.0142667603329483,-0.0003966576057514
Armenia,ARM,51,2010,Exports,991785817.0,318120851.53987896,673664965.460121,0.6792444032904748,1348,1154,5010,4069,-0.0298774974799995,-0.0205417773006993
Armenia,ARM,51,2011,Exports,1306297101.0,406886887.54560065,899410213.4543993,0.6885188773410585,1451,1252,5011,4071,-0.0299613803038754,-9.124667234794436e-05
Armenia,ARM,51,2012,Exports,1415159993.9999998,536148866.11710006,879011127.8828998,0.621139045485835,1512,1312,5007,4067,-0.013237125187746,0.0135096064111948
Armenia,ARM,51,2013,Exports,1467711337.0,583813543.6641281,883897793.3358719,0.602228633828337,1496,1291,5006,4066,-0.0070087105719895,0.0082243722267809
Armenia,ARM,51,2014,Exports,1490088062.0,608858422.4241447,881229639.5758553,0.5913943357099758,1436,1217,5003,4063,-0.0074636058446694,-0.0121055269580825
Armenia,ARM,51,2015,Exports,1474023578.9999998,605022907.5023892,869000671.4976106,0.5895432636750315,1800,1554,5002,4062,-0.0225841029908395,0.0140107488126958
Armenia,ARM,51,2016,Exports,1792515338.0,818829715.9901474,973685622.0098526,0.5431951411340463,1932,1689,5003,4064,-0.0231011876821479,0.0158575012346976
Armenia,ARM,51,2017,Exports,2073847409.58,961466113.7097734,1112381295.8702264,0.536385314913554,2218,2016,4994,4055,-0.02543510877216,0.0020724609154899
Armenia,ARM,51,2018,Exports,2375558537.648,1147919076.7898178,1227639460.858182,0.5167792927021058,2403,2118,4990,4051,-0.0234478990058745,0.0142486001746798
Armenia,ARM,51,2019,Exports,2616775995.94,1214274081.4201927,1402501914.519807,0.5359655991555363,2169,1908,4987,4048,-0.0170628132919521,0.0175084921083958
Armenia,ARM,51,2020,Exports,2331805660.2949996,965059009.826821,1366746650.4681787,0.5861323152870596,2248,1937,4982,4043,-0.0134582781706408,0.0182178083858567
Armenia,ARM,51,2021,Exports,2964087977.93,1254068095.9278731,1710019882.0021267,0.5769126607356425,2249,1927,4982,4043,-0.0024677771374502,0.0191150673058301
Armenia,ARM,51,2022,Exports,5288676032.49,2792869939.057248,2495806093.4327517,0.4719151027781301,3080,2727,4988,4049,0.0051173132262649,0.0225014515383057
Armenia,ARM,51,2023,Exports,8411632905.09,4301990149.40741,4109642755.6825905,0.4885665841641504,3332,2997,4982,4043,-0.0073241009544379,0.0185135070736028
Armenia,ARM,51,2024,Exports,13070809687.663998,4329514700.706875,8741294986.957123,0.6687646133511533,3202,2806,4982,4043,-0.0256964912280776,0.0203784582036936
Aruba,ABW,533,2005,Exports,19166175.0,16965952.0,2200223.0,0.1147971882756992,118,95,5034,4074,0.011489273250122,-0.0573464062402621
Aruba,ABW,533,2009,Exports,130561600.0,124221917.0,6339683.0,0.0485570259555642,1264,1133,5011,4070,5.291255263939476e-07,0.0064272918592389
Aruba,ABW,533,2010,Exports,120165720.0,118859436.0,1306284.0,0.0108706875804513,1147,1024,5010,4069,0.0015998653069926,0.0014759562673651
Aruba,ABW,533,2011,Exports,146786947.00000003,143340459.31871444,3446487.68128559,0.0234795242473814,1181,1050,5011,4071,0.0035400296144121,-0.0117160379322622
Aruba,ABW,533,2012,Exports,169186902.00000003,161786892.0,7400010.00000003,0.0437386695572924,1265,1165,5007,4067,0.0005024514195186,-0.0103963345548406
Aruba,ABW,533,2013,Exports,163827864.99999997,157116645.0163,6711219.983699977,0.0409650701588522,1247,1142,5006,4066,0.0032434034911263,-0.0068663366940857
Aruba,ABW,533,2014,Exports,113265096.00000004,107617040.6248,5648055.375200033,0.0498658066311975,1202,1067,5003,4063,0.0076855157935582,0.0038724095984751
Aruba,ABW,533,2015,Exports,76363346.0,71341572.3728,5021773.627200007,0.0657615713591178,1223,1095,5002,4062,0.0042350415841709,-0.0001290403961837
Aruba,ABW,533,2016,Exports,91644441.09000002,74833633.00621599,16810808.08378403,0.1834351094713411,1313,1163,5003,4064,0.0316204485322781,0.0180565659663068
Aruba,ABW,533,2017,Exports,85054883.338,67635665.061902,17419218.276097998,0.2047997433242684,1127,998,4994,4055,0.0282718810091727,-0.0060856730919519
Aruba,ABW,533,2018,Exports,63535091.253,57637633.17709361,5897458.075906388,0.0928220603701096,1078,951,4990,4051,0.0142267000946108,0.0137426727200332
Aruba,ABW,533,2019,Exports,73937188.146,68611582.70490481,5325605.441095188,0.0720287797607205,1017,917,4987,4048,0.0082786229579162,0.0147395390218958
Aruba,ABW,533,2020,Exports,62437038.794,58390239.870832,4046798.923167996,0.0648140751280613,949,839,4982,4043,0.0094884531610615,0.0024424038182226
Aruba,ABW,533,2021,Exports,84667133.461,80316004.98335278,4351128.477647215,0.0513909978970938,1013,903,4982,4043,0.0063858188332116,0.0107686490561321
Aruba,ABW,533,2022,Exports,101220682.923,92550529.8462264,8670153.076773614,0.0856559432953946,1120,960,4988,4049,0.0085536439182831,0.009416270096233
Aruba,ABW,533,2023,Exports,106686886.766,97283162.3452768,9403724.4207232,0.088143207715384,1178,1035,4982,4043,0.0073923351916591,0.0172231135662249
Australia,AUS,36,2000,Exports,60320486768.0,19640408557.639397,40680078210.3606,0.674399037375497,4658,3837,5035,4076,-0.0298115095433613,0.0395177135845179
Australia,AUS,36,2001,Exports,59713975934.0,18981602750.5436,40732373183.4564,0.6821246206830478,4660,3844,5033,4073,-0.0278229981116617,0.0451512300961152
Australia,AUS,36,2002,Exports,60989030527.0,19993473500.29184,40995557026.70816,0.6721791881666216,4717,3888,5032,4073,-0.0257023416192243,0.0375147719199679
Australia,AUS,36,2003,Exports,64433219446.00001,22538690857.455307,41894528588.5447,0.6502007652070767,4679,3871,5035,4074,-0.0238492434169739,0.0406378857559723
Australia,AUS,36,2004,Exports,80301330804.0,26221447925.345062,54079882878.65494,0.6734618509704834,4680,3866,5027,4074,-0.0263817389964302,0.0430302131326151
Australia,AUS,36,2005,Exports,98880093784.0,29215984323.922585,69664109460.07742,0.7045311831141277,4687,3874,5034,4074,-0.03271998561441,0.0398744905567449
Australia,AUS,36,2006,Exports,114712202513.0,31280932526.91471,83431269986.0853,0.7273094593108372,4656,3852,5031,4074,-0.0375337914596143,0.0427766343412409
Australia,AUS,36,2007,Exports,131937503966.0,37037174624.921005,94900329341.079,0.7192824366719458,4674,3853,5019,4074,-0.0375125849072318,0.043148194672042
Australia,AUS,36,2008,Exports,179125416199.0,39041241774.9675,140084174424.0325,0.7820452138874894,4656,3841,5015,4072,-0.0492291643604806,0.0525136498580068
Australia,AUS,36,2009,Exports,146409790497.99997,30700721446.029236,115709069051.97072,0.7903096415779065,4638,3832,5011,4070,-0.0549375817118138,0.0519404849086483
Australia,AUS,36,2010,Exports,201899028949.0,36884254352.81702,165014774596.18298,0.8173133642850059,4652,3830,5010,4069,-0.0608146525437982,0.0462424045638761
Australia,AUS,36,2011,Exports,258672490201.0,42010524853.21907,216661965347.78094,0.8375918335166797,4629,3830,5011,4071,-0.0685466062361658,0.0411659656708017
Australia,AUS,36,2012,Exports,246460368161.0,41819847612.465,204640520548.535,0.8303181646424134,4621,3822,5007,4067,-0.0635287286487205,0.0434526503468207
Australia,AUS,36,2013,Exports,243507023808.0,39421283572.014435,204085740235.98557,0.8381102813564127,4609,3820,5006,4066,-0.0643122618443747,0.0381198230898175
Australia,AUS,36,2014,Exports,232496818873.00003,38108234946.30459,194388583926.69543,0.836091370492596,4578,3799,5003,4063,-0.0628192236377059,0.0418795793143176
Australia,AUS,36,2015,Exports,180696783121.00003,34389248608.692375,146307534512.30765,0.8096853302271336,4602,3802,5002,4062,-0.0460585307334376,0.0517895976534737
Australia,AUS,36,2016,Exports,182301972384.00003,34362015266.375404,147939957117.62463,0.8115104580766938,4577,3781,5003,4064,-0.0483452097945464,0.0475888792915311
Australia,AUS,36,2017,Exports,222153450799.90503,37510137074.357056,184643313725.54797,0.8311521295784747,4596,3796,4994,4055,-0.04963780725219,0.0445687697321188
Australia,AUS,36,2018,Exports,248436073180.013,41414041678.63875,207022031501.37427,0.8333010132202873,4608,3806,4990,4051,-0.0551468200969228,0.0406694797781324
Australia,AUS,36,2019,Exports,262504748500.11304,40362134874.413185,222142613625.69983,0.8462422675969391,4605,3814,4987,4048,-0.0616674337655455,0.0410676235186517
Australia,AUS,36,2020,Exports,228413140071.548,33260267598.605663,195152872472.94235,0.8543854894329318,4578,3795,4982,4043,-0.0650233088594629,0.0477126486062416
Australia,AUS,36,2021,Exports,330670776190.784,38099214645.99625,292571561544.7877,0.8847820327974356,4570,3789,4982,4043,-0.0747952578441271,0.0446819097927099
Australia,AUS,36,2022,Exports,397919744831.488,40353337303.29283,357566407528.1952,0.8985892561818419,4594,3817,4988,4049,-0.0844675563554758,0.0334626749062747
Australia,AUS,36,2023,Exports,358678150837.61005,39953269797.86624,318724881039.7438,0.8886096917122924,4609,3816,4982,4043,-0.0775764956020687,0.0321353726539989
Australia,AUS,36,2024,Exports,332797921577.225,43953320330.98491,288844601246.24005,0.867927900142292,4603,3812,4982,4043,-0.0609859919362888,0.0348023479154616
Austria,AUT,40,2000,Exports,57166925270.0,52839158420.452805,4327766849.547195,0.0757040339165891,4487,3777,5035,4076,-0.0094714406028968,0.0324086992960553
Austria,AUT,40,2001,Exports,60584259800.0,55320883384.45901,5263376415.540993,0.0868769616549972,4556,3768,5033,4073,-0.0072278251058552,0.0272254937682019
Austria,AUT,40,2002,Exports,67129422132.0,60918528485.59044,6210893646.409561,0.0925211844397642,4577,3795,5032,4073,-0.0074934969928558,0.0273088591980592
Austria,AUT,40,2003,Exports,85336892245.0,77539018868.39682,7797873376.60318,0.0913775176416746,4690,3882,5035,4074,-0.0077921286535495,0.0203755723067924
Austria,AUT,40,2004,Exports,106313173942.99998,96198803119.57724,10114370823.422745,0.0951375116393908,4656,3864,5027,4074,-0.0067410990270608,0.0241387918768849
Austria,AUT,40,2005,Exports,113109770604.0,100678366689.20589,12431403914.794128,0.1099056593290845,4658,3870,5034,4074,-0.0088864997178356,0.0266566797524361
Austria,AUT,40,2006,Exports,129778268594.0,114335008314.70354,15443260279.296465,0.1189972747102163,4687,3879,5031,4074,-0.0093281467264493,0.0275674026778142
Austria,AUT,40,2007,Exports,151415400593.0,136767927595.86284,14647472997.137146,0.0967370091798595,4714,3882,5019,4074,-0.0061951923184015,0.0231210456575493
Austria,AUT,40,2008,Exports,165952142522.0,148120077759.42303,17832064762.576965,0.1074530553904297,4708,3884,5015,4072,-0.0058541941575126,0.0256991379089202
Austria,AUT,40,2009,Exports,126482565184.0,112448117763.08954,14034447420.91046,0.1109595413446423,4723,3892,5011,4070,-0.0064316427916962,0.0300117891431471
Austria,AUT,40,2010,Exports,139436329619.0,122998906097.09662,16437423521.90338,0.1178847977913467,4758,3905,5010,4069,-0.0062083083995604,0.0283421594113465
Austria,AUT,40,2011,Exports,162871703882.0,143515384845.84473,19356319036.155273,0.1188439647575545,4756,3906,5011,4071,-0.0051546140405912,0.0205728322135011
Austria,AUT,40,2012,Exports,152592064201.10797,134323519575.25516,18268544625.852818,0.1197214594448101,4747,3899,5007,4067,-0.0059621953586664,0.0279403866383637
Austria,AUT,40,2013,Exports,159885624242.47,142671786232.9424,17213838009.527588,0.1076634506140616,4742,3897,5006,4066,-0.004072195442727,0.0273486062950809
Austria,AUT,40,2014,Exports,164061891407.058,147380446694.8897,16681444712.168304,0.1016777544687666,4747,3916,5003,4063,-0.0036650681800929,0.025413371522599
Austria,AUT,40,2015,Exports,140637580975.60202,127281710487.15546,13355870488.446564,0.094966582870645,4745,3910,5002,4062,-0.0031272786246044,0.0277735093288462
Austria,AUT,40,2016,Exports,140079284173.26898,126962718152.47504,13116566020.793943,0.0936367293579941,4731,3887,5003,4064,-0.0024640719119324,0.0285374503225703
Austria,AUT,40,2017,Exports,154711605020.463,140026875294.1708,14684729726.292206,0.0949167951838514,4728,3889,4994,4055,-0.0025066481275329,0.0281708503401293
Austria,AUT,40,2018,Exports,167613103419.698,151096593006.3106,16516510413.38739,0.098539494087348,4684,3848,4990,4051,-0.0024757070776767,0.0302204313204046
Austria,AUT,40,2019,Exports,162968414586.445,146940569099.6175,16027845486.827517,0.0983493981180365,4681,3851,4987,4048,-0.0026404723405432,0.0322870457944615
Austria,AUT,40,2020,Exports,154699017685.92603,138255001330.74054,16444016355.185486,0.1062968375699098,4653,3838,4982,4043,-0.0023149829135218,0.0301522836468328
Austria,AUT,40,2021,Exports,185368289406.414,163599029341.37616,21769260065.03784,0.1174378861387097,4675,3848,4982,4043,-0.0031512199164815,0.031611761112573
Austria,AUT,40,2022,Exports,192712470812.498,167277879216.57138,25434591595.926605,0.1319820740644932,4709,3875,4988,4049,-0.0051145561430302,0.0308432395370484
Austria,AUT,40,2023,Exports,206546071694.664,182095056498.10065,24451015196.56335,0.1183804416900708,4710,3882,4982,4043,-0.0029464839921956,0.0319870321155314
Austria,AUT,40,2024,Exports,196833236914.601,174021656075.34747,22811580839.25354,0.1158929314826574,4712,3878,4982,4043,-0.0018935713081599,0.0331315050298962
Azerbaijan,AZE,31,2000,Exports,1745251969.0,148484080.0,1596767889.0,0.9149211216274524,1142,992,5035,4076,-0.1341035900164708,0.0301649254415143
Azerbaijan,AZE,31,2001,Exports,2303852379.0,122258834.0,2181593545.0,0.946932869868569,1070,920,5033,4073,-0.1547458053387302,0.0334876565252227
Azerbaijan,AZE,31,2002,Exports,2149841197.0,149936833.0,1999904364.0,0.9302567867760514,972,845,5032,4073,-0.1323214416032706,0.0462537420336668
Azerbaijan,AZE,31,2003,Exports,2588603120.9999995,189544538.0,2399058582.9999995,0.9267772890860236,992,849,5035,4074,-0.1378816039957286,0.0348372373498262
Azerbaijan,AZE,31,2004,Exports,3598710128.0,410500705.1044,3188209422.8956,0.8859311557464792,1092,931,5027,4074,-0.1015057870435877,0.0361127447689842
Azerbaijan,AZE,31,2005,Exports,4345233135.0,635737942.923372,3709495192.076628,0.8536930187237531,1180,1018,5034,4074,-0.0904704391731245,0.025565079644135
Azerbaijan,AZE,31,2006,Exports,6359725471.0,582574131.3610001,5777151339.639,0.9083963397449298,1240,1085,5031,4074,-0.0894511831745822,0.0217368242888955
Azerbaijan,AZE,31,2007,Exports,6036969401.999999,525936489.4987,5511032912.501299,0.9128807097606852,1273,1085,5019,4074,-0.0899004068890823,0.0585428764764809
Azerbaijan,AZE,31,2008,Exports,47752588281.00001,761882936.3120999,46990705344.687904,0.9840452012395892,1117,945,5015,4072,-0.1098364560102863,0.058990048005113
Azerbaijan,AZE,31,2009,Exports,14672649400.0,505272449.4998089,14167376950.50019,0.9655636527715432,1159,974,5011,4070,-0.1005908460130833,0.0397040192996159
Azerbaijan,AZE,31,2010,Exports,21265764451.999996,582889260.8856474,20682875191.11435,0.97259025123685,1099,911,5010,4069,-0.1071479058652182,0.0413727334424648
Azerbaijan,AZE,31,2011,Exports,26465414148.0,657667328.7408608,25807746819.25914,0.9751499324717516,1197,1003,5011,4071,-0.1200176045455004,0.0303007449632302
Azerbaijan,AZE,31,2012,Exports,23805381701.000004,645569686.0627,23159812014.937305,0.9728813553938696,1128,960,5007,4067,-0.1052479571004967,0.0231073714229755
Azerbaijan,AZE,31,2013,Exports,23772566717.0,621216322.924,23151350394.076,0.9738683529498832,1152,968,5006,4066,-0.1173976589664477,0.0285028917085063
Azerbaijan,AZE,31,2014,Exports,21576413935.0,523760824.9,21052653110.1,0.9757253069727964,1158,979,5003,4063,-0.1128100459287619,0.0359951304718863
Azerbaijan,AZE,31,2015,Exports,12432791395.52,425958501.3292558,12006832894.190744,0.965739109763979,1295,1098,5002,4062,-0.1087833986019327,0.0137734970088765
Azerbaijan,AZE,31,2016,Exports,13376226469.32,501767299.3529528,12874459169.967049,0.9624881276865476,1749,1501,5003,4064,-0.1458138974017425,0.03098890862763
Azerbaijan,AZE,31,2017,Exports,15303819276.69,541010552.9024999,14762808723.7875,0.964648657755222,1901,1630,4994,4055,-0.1371064639983251,0.0405909215214267
Azerbaijan,AZE,31,2018,Exports,19477011678.519993,568554575.4024127,18908457103.11758,0.9708089421115133,1863,1607,4990,4051,-0.1446206970048694,0.0540896582442759
Azerbaijan,AZE,31,2019,Exports,19307141429.21,652010774.3433214,18655130654.866676,0.9662295541401644,1903,1668,4987,4048,-0.1374118903936003,0.0385733492273545
Azerbaijan,AZE,31,2020,Exports,13730039785.680006,559386218.5396984,13170653567.140308,0.9592582230443992,1924,1685,4982,4043,-0.11919648540797,0.0436328556931022
Azerbaijan,AZE,31,2021,Exports,21937342123.2,1189156202.3859503,20748185920.81405,0.9457930593547909,2061,1782,4982,4043,-0.1054453243988406,0.0427965945014364
Azerbaijan,AZE,31,2022,Exports,38140718174.50001,1395178333.8954463,36745539840.60456,0.9634202395583564,2478,2203,4988,4049,-0.1006880041989464,0.0360654704999694
Azerbaijan,AZE,31,2023,Exports,33896036711.35,1539759344.74955,32356277366.600452,0.9545740595615426,2551,2279,4982,4043,-0.0969850139081744,0.0336250150375415
Azerbaijan,AZE,31,2024,Exports,26404676883.3,1510159982.7222114,24894516900.57779,0.9428071023403688,2472,2204,4982,4043,-0.0875792240910143,0.0355486603625299
Bahamas,BHS,44,2000,Exports,554884022.0,362244085.46,192639936.53999996,0.3471715329730651,1343,1243,5035,4076,-0.0298592227752153,0.0079712861750716
Bahamas,BHS,44,2001,Exports,375881195.00000006,202210604.0,173670591.00000006,0.4620358594954452,1450,1339,5033,4073,-0.0321318239832141,0.0186943745989462
Bahamas,BHS,44,2002,Exports,388767972.0,180100351.9488,208667620.0512,0.5367407684787368,1188,1092,5032,4073,-0.0280404993467449,0.0344536804405274
Bahamas,BHS,44,2003,Exports,364764197.0,196732183.0759,168032013.9241,0.460659284288529,1159,1055,5035,4074,0.0436195946078599,0.0092561656669163
Bahamas,BHS,44,2004,Exports,401293341.0,214553835.8397,186739505.1603,0.4653441412582522,1201,1094,5027,4074,0.0460830078478106,-6.221977716308613e-05
Bahamas,BHS,44,2005,Exports,270849123.0,176798833.0,94050290.0,0.3472423648940521,68,45,5034,4074,0.0613612840458943,0.1063013776332355
Bahamas,BHS,44,2006,Exports,509415669.0,306246629.9096,203169039.0904,0.3988276204562525,1212,1132,5031,4074,0.0219369681099083,-0.0065431510277819
Bahamas,BHS,44,2007,Exports,669969880.0,372347668.0072,297622211.9928,0.4442322272649033,1154,1063,5019,4074,0.0112512323131447,0.014076931398265
Bahamas,BHS,44,2008,Exports,701256064.9999999,423094335.355,278161729.6449999,0.3966621374533138,1287,1167,5015,4072,0.0124242469202566,0.0207609875278643
Bahamas,BHS,44,2009,Exports,584873016.0,370008453.7925,214864562.2075,0.3673695936204723,1365,1270,5011,4070,0.0201283634102843,0.0193458212177786
Bahamas,BHS,44,2010,Exports,620132290.0000001,344031337.1118,276100952.8882001,0.4452291185937118,1319,1215,5010,4069,0.0260226712558582,0.0299669255193726
Bahamas,BHS,44,2011,Exports,726930815.0,392812387.7175,334118427.28249997,0.4596289225715379,1265,1180,5011,4071,0.0057987258831639,0.0088387459188924
Bahamas,BHS,44,2012,Exports,828672970.0,392542204.00000006,436130765.99999994,0.5263002194943078,1305,1214,5007,4067,-0.0187261930883411,-0.0006776066705723
Bahamas,BHS,44,2013,Exports,810613899.0,452596950.946,358016948.054,0.4416614969169188,1374,1290,5006,4066,-0.0028749199598602,0.0079115599172656
Bahamas,BHS,44,2014,Exports,689179467.9999999,416050940.412,273128527.5879999,0.3963097281185979,1308,1226,5003,4063,0.0014770857364169,0.0045406832607599
Bahamas,BHS,44,2015,Exports,442772622.99999994,283497615.8289,159275007.17109996,0.3597218953871499,1287,1206,5002,4062,0.0144290116838212,0.0060876040527029
Bahamas,BHS,44,2016,Exports,402699728.0,275410925.0763,127288802.92369998,0.3160886240372627,1320,1228,5003,4064,0.0286910531328463,0.0258484937596669
Bahamas,BHS,44,2017,Exports,473309493.09,303536796.993832,169772696.09616798,0.3586927762378213,1355,1278,4994,4055,0.0410270876169384,0.0121292533729451
Bahamas,BHS,44,2018,Exports,524188817.41,320927038.759736,203261778.65026397,0.3877644312493613,1493,1398,4990,4051,0.016253598201699,0.0091739612562543
Bahamas,BHS,44,2019,Exports,537268559.8,358268172.747923,179000387.05207694,0.3331674332827337,1399,1309,4987,4048,0.0256541899756651,-0.0068172763551609
Bahamas,BHS,44,2020,Exports,339259546.0,190621807.4764,148637738.52359998,0.4381239681420784,1017,956,4982,4043,-0.0621164745241349,0.0112179735271964
Bahamas,BHS,44,2021,Exports,543423784.0,226915325.5946,316508458.4054,0.5824339451535673,1186,1114,4982,4043,0.0036493270669666,0.0311663319835677
Bahamas,BHS,44,2022,Exports,574230752.0,286731917.2706399,287498834.7293601,0.5006677781153736,1395,1299,4988,4049,-0.0023997959522334,0.0155209725921059
Bahamas,BHS,44,2023,Exports,665430667.0,375971604.8480938,289459062.1519062,0.4349950738773303,1807,1708,4982,4043,-0.023874368187742,0.0119851173149767
Bahamas,BHS,44,2024,Exports,944235435.0,453731592.8172343,490503842.1827657,0.5194719706560956,1663,1565,4982,4043,-0.0703096490057686,-0.0007565970769518
Bahrain,BHR,48,2000,Exports,1716067405.0,1378281777.0,337785628.0,0.1968370397432028,1280,1071,5035,4076,-0.0226935031974836,-0.0054777707728459
Bahrain,BHR,48,2001,Exports,5550853865.0,1578027944.0,3972825921.0,0.7157143779356188,1054,875,5033,4073,-0.0936729327859621,0.006243111313419
Bahrain,BHR,48,2002,Exports,5794126950.0,1576847453.740646,4217279496.259354,0.7278541759012295,1405,1147,5032,4073,-0.0879651542446282,-0.0154860751447612
Bahrain,BHR,48,2003,Exports,6630884247.0,1657140330.1465304,4973743916.85347,0.7500875798131649,1354,1130,5035,4074,-0.1007822350025392,-0.0301680558943495
Bahrain,BHR,48,2004,Exports,7515956520.0,1703515391.196346,5812441128.803654,0.7733468272916052,1284,1058,5027,4074,-0.1048142134598928,0.0023813257008791
Bahrain,BHR,48,2005,Exports,10237678485.000002,2026653244.643854,8211025240.356148,0.8020397644238138,1678,1409,5034,4074,-0.1036507832090791,0.0038083695113378
Bahrain,BHR,48,2006,Exports,11660864099.0,2056602126.368461,9604261972.631538,0.8236320988815203,1409,1198,5031,4074,-0.0998462056942826,0.013510825069207
Bahrain,BHR,48,2007,Exports,13663060541.0,2566688042.9853067,11096372498.014694,0.8121439896073643,1378,1165,5019,4074,-0.1092273918594622,0.0086148225050824
Bahrain,BHR,48,2008,Exports,13080974766.0,3505487309.2342215,9575487456.765778,0.7320163541370276,1685,1425,5015,4072,-0.1020210109992152,0.0230332668793601
Bahrain,BHR,48,2009,Exports,8381853092.999999,2462368125.007358,5919484967.992641,0.7062262846071862,1714,1464,5011,4070,-0.1139484598547759,0.0266112026923118
Bahrain,BHR,48,2010,Exports,16050718838.0,3073215997.055629,12977502840.94437,0.8085309431886748,1891,1596,5010,4069,-0.1275063729120257,0.021739416800921
Bahrain,BHR,48,2011,Exports,22561253456.0,3894656674.334195,18666596781.66581,0.8273741003827765,2115,1765,5011,4071,-0.113279960146276,0.0029105717141911
Bahrain,BHR,48,2012,Exports,16619862995.0,4889564561.105783,11730298433.894217,0.705799947774733,2519,2164,5007,4067,-0.0952134295379296,0.0063098935495602
Bahrain,BHR,48,2013,Exports,20026743901.0,8486136371.688799,11540607529.3112,0.5762598047071916,2815,2428,5006,4066,-0.0726772230430649,0.0098019204452378
Bahrain,BHR,48,2014,Exports,23444777309.0,7192445802.420962,16252331506.579037,0.6932175679203435,3105,2686,5003,4063,-0.0974991582648133,0.0006838785676955
Bahrain,BHR,48,2015,Exports,13781259053.712,7685216321.546819,6096042732.165181,0.4423429462000574,3261,2807,5002,4062,-0.0607895928407341,0.0077119220058951
Bahrain,BHR,48,2016,Exports,10538177840.936,5381789863.916403,5156387977.019598,0.4893054619926216,3235,2770,5003,4064,-0.0652819820654921,0.0247400856885434
Bahrain,BHR,48,2017,Exports,12448289572.996002,5196379186.123739,7251910386.872263,0.5825627966274007,2993,2547,4994,4055,-0.0832431682487007,0.0195507064549889
Bahrain,BHR,48,2018,Exports,14338063469.122002,5086683391.290741,9251380077.83126,0.6452321889741065,3054,2615,4990,4051,-0.0935312429499227,0.0201968732369546
Bahrain,BHR,48,2019,Exports,14160392001.813,5045054593.113421,9115337408.699575,0.64372069696464,3094,2639,4987,4048,-0.0906457311823326,0.0189190970627237
Bahrain,BHR,48,2020,Exports,11550516058.710005,4590689811.686011,6959826247.023992,0.6025554366270702,3012,2537,4982,4043,-0.085905568420373,0.013018318203212
Bahrain,BHR,48,2021,Exports,12411731729.697998,5955445368.384718,6456286361.31328,0.5201761125617218,3056,2592,4982,4043,-0.0663065059504891,0.0146072772437326
Bahrain,BHR,48,2022,Exports,14980255115.528,6594739189.777477,8385515925.750523,0.5597712362761028,3301,2839,4988,4049,-0.0820364960959368,0.018470278121245
Bahrain,BHR,48,2023,Exports,12348065738.037,6227704561.835888,6120361176.201111,0.4956534331808699,3360,2901,4982,4043,-0.0593305940544398,0.0216074238313788
Bahrain,BHR,48,2024,Exports,12405558616.224998,6163032621.038837,6242525995.186161,0.503203941741219,3342,2903,4982,4043,-0.0531407560950725,0.0226244441634529
Barbados,BRB,52,2000,Exports,270046355.0,160827616.1774,109218738.8226,0.4044444103776183,1744,1509,5035,4076,0.0240436752244238,0.0023446040662416
Barbados,BRB,52,2001,Exports,256647608.0,161199644.80040002,95447963.19959998,0.3719027967702702,1694,1467,5033,4073,0.0375378815888676,0.0054422056669398
Barbados,BRB,52,2002,Exports,211168524.0,141098399.1286,70070124.8714,0.3318208772032711,1616,1412,5032,4073,0.0062165338065696,0.0111733400694314
Barbados,BRB,52,2003,Exports,246958571.00000003,133763451.895,113195119.10500003,0.4583567140295771,1608,1387,5035,4074,0.0456443880040804,0.0052262686772829
Barbados,BRB,52,2004,Exports,193066191.0,123345054.9834,69721136.0166,0.3611255583148682,1555,1342,5027,4074,-0.0571458949140225,0.0065767019405849
Barbados,BRB,52,2005,Exports,358438227.0,185932400.1302,172505826.8698,0.4812707291675114,1847,1619,5034,4074,-0.0749868863836664,0.0107458653268713
Barbados,BRB,52,2006,Exports,438965369.0,239161014.7304,199804354.2696,0.455171110023488,2074,1833,5031,4074,-0.0696793861722993,0.0035251859483373
Barbados,BRB,52,2007,Exports,311701853.0,181767691.329861,129934161.670139,0.4168539917859872,1689,1464,5019,4074,-0.0615559385782029,0.0111936914548607
Barbados,BRB,52,2008,Exports,451605346.00000006,266816726.1748,184788619.82520005,0.4091816482287613,1961,1714,5015,4072,-0.0443300029084096,0.0108032587820783
Barbados,BRB,52,2009,Exports,319917636.0,247705962.9644,72211673.03559998,0.2257195756335233,1951,1702,5011,4070,0.0022662868412137,-0.0115389048619817
Barbados,BRB,52,2010,Exports,310456711.0,263513900.33439997,46942810.66560003,0.1512056560619816,1822,1605,5010,4069,-0.0030091790850111,-0.0043324268256099
Barbados,BRB,52,2011,Exports,504779194.0,257640747.315225,247138446.684775,0.4895971339990986,1708,1488,5011,4071,-0.0699978167439064,-0.0145925502855068
Barbados,BRB,52,2012,Exports,563364354.0000001,348225503.87415,215138850.12585017,0.3818822554148502,1815,1606,5007,4067,-0.0462025607457952,-0.0167173443298189
Barbados,BRB,52,2013,Exports,464276337.0,257011978.233445,207264358.766555,0.4464245584985629,1744,1544,5006,4066,-0.0611174559551517,-0.0112339071220551
Barbados,BRB,52,2014,Exports,476374102.0,277565201.5643513,198808900.43564868,0.4173377595485841,1718,1521,5003,4063,-0.0584143589431851,-0.0167850073928791
Barbados,BRB,52,2015,Exports,478811355.00000006,340675094.48529005,138136260.51471,0.288498297027041,1821,1620,5002,4062,-0.0374566986752188,-0.0073195594208929
Barbados,BRB,52,2016,Exports,513206846.0,387631672.0911063,125575173.9088937,0.2446872540529081,1860,1630,5003,4064,-0.0217752477555701,-0.0148312615084314
Barbados,BRB,52,2017,Exports,482655101.0,326623958.5281691,156031142.4718309,0.3232766879466398,1825,1616,4994,4055,-0.0413219625622068,-0.0015968157331611
Barbados,BRB,52,2018,Exports,454580366.0,287108313.54605,167472052.45395,0.3684102195780932,1753,1576,4990,4051,-0.0500927776179765,-0.0044308327356417
Barbados,BRB,52,2019,Exports,433198604.0,252175234.3192,181023369.6808,0.4178761612094206,1754,1568,4987,4048,-0.0615723840246394,-0.0195363472736537
Barbados,BRB,52,2020,Exports,342296417.0,207857435.0028,134438981.9972,0.392756030505572,1504,1353,4982,4043,-0.050130848480925,-0.0129819065958048
Barbados,BRB,52,2021,Exports,347748446.0,221711083.6478608,126037362.3521392,0.3624383194285768,1617,1460,4982,4043,-0.0410311921489364,-0.0155151232353556
Barbados,BRB,52,2022,Exports,495351492.50000006,246102354.65595,249249137.84405008,0.5031763134216256,1583,1431,4988,4049,-0.0623146459095426,-0.0044697316743714
Barbados,BRB,52,2023,Exports,473491133.0,236611052.65415,236880080.34585,0.5002840894717452,1515,1370,4982,4043,-0.0521020015727232,-0.0022746122371845
Barbados,BRB,52,2024,Exports,488641831.0,245051176.7885509,243590654.2114491,0.4985055285032465,1630,1497,4982,4043,-0.0490550753256094,-0.0054828063450954
Belarus,BLR,112,2000,Exports,7040806500.0,5043345689.3,1997460810.7,0.2836977284775543,3526,3042,5035,4076,-0.0418925992294045,0.0018598186591367
Belarus,BLR,112,2001,Exports,7273065600.0,5314842472.6,1958223127.3999996,0.2692431548259374,3628,3169,5033,4073,-0.0333771023342325,0.0050739060600271
Belarus,BLR,112,2002,Exports,7706202100.0,5403886181.82,2302315918.1800003,0.2987614246685796,3667,3209,5032,4073,-0.0383472435632489,-0.0004369289367319
Belarus,BLR,112,2003,Exports,9615828900.0,6521534377.18,3094294522.8199997,0.3217917617918513,3633,3157,5035,4074,-0.0411772795960929,0.0018584585854308
Belarus,BLR,112,2004,Exports,13332225800.0,8421868322.48,4910357477.52,0.3683074042685356,3694,3190,5027,4074,-0.0449017104852693,0.0008062495055374
Belarus,BLR,112,2005,Exports,15657787100.000002,8729752198.77,6928034901.230001,0.4424657748239533,3240,2831,5034,4074,-0.0501845267504852,-0.0002700619086418
Belarus,BLR,112,2006,Exports,19425833900.0,10357395175.94,9068438724.06,0.4668236519854111,3137,2783,5031,4074,-0.0491358274575305,0.0049582750261422
Belarus,BLR,112,2007,Exports,23808405200.000004,13409338527.12,10399066672.880005,0.4367813209462683,3119,2762,5019,4074,-0.044942446260255,-0.0061250789060423
Belarus,BLR,112,2008,Exports,32039939800.0,17721000764.51941,14318939035.48059,0.4469090492947989,3188,2797,5015,4072,-0.0400458191785311,-0.0028076716734616
Belarus,BLR,112,2009,Exports,20862278400.0,10612090855.042788,10250187544.957212,0.4913263713783635,3072,2698,5011,4070,-0.051830992821561,-0.0039222775473449
Belarus,BLR,112,2010,Exports,24255935700.0,14000853149.086102,10255082550.913898,0.422786516164532,3246,2825,5010,4069,-0.0326740496310082,0.0044585259804451
Belarus,BLR,112,2011,Exports,39275636200.0,20934944780.627083,18340691419.372917,0.4669737576236363,3601,3098,5011,4071,-0.0440948708762403,0.0099107065870969
Belarus,BLR,112,2012,Exports,44203101500.0,23481316491.443497,20721785008.556503,0.468785770802904,3720,3172,5007,4067,-0.0420908042313058,0.0076987023679563
Belarus,BLR,112,2013,Exports,35674678000.0,18418396559.8981,17256281440.1019,0.4837123250307094,3758,3213,5006,4066,-0.0418328239771768,0.0082538683860442
Belarus,BLR,112,2014,Exports,35011831000.0,17688509570.092186,17323321429.907814,0.4947847894589636,3813,3237,5003,4063,-0.040223644137637,0.0173372173630552
Belarus,BLR,112,2015,Exports,25624270500.0,13650429020.588572,11973841479.411428,0.4672851654220332,3873,3318,5002,4062,-0.0269703986785861,0.0334272204885474
Belarus,BLR,112,2016,Exports,22566872100.0,13580841650.15284,8986030449.84716,0.3981956564484256,4058,3482,5003,4064,-0.0165342912539647,0.0307498648675914
Belarus,BLR,112,2017,Exports,28060404600.0,16409243823.553946,11651160776.446054,0.4152171339840928,4101,3525,4994,4055,-0.0259638181468804,0.0284295512659737
Belarus,BLR,112,2018,Exports,32206315400.0,18502754735.48481,13703560664.515194,0.4254929660322209,4145,3570,4990,4051,-0.0309600769407498,0.0214138532060121
Belarus,BLR,112,2019,Exports,31100878900.0,18627902466.690273,12472976433.309729,0.4010490016508738,4168,3582,4987,4048,-0.0263909448291347,0.0244475560395934
Belarus,BLR,112,2020,Exports,27252767800.0,17631578850.82022,9621188949.17978,0.3530352960765981,4178,3601,4982,4043,-0.0165869805028688,0.0261444889464
Belarus,BLR,112,2021,Exports,23476064600.0,16455874024.501486,7020190575.498514,0.2990360903802639,3851,3257,4982,4043,-0.0034191496930232,0.0343456885818383
Belgium,BEL,56,2000,Exports,180110550187.0,142087924798.6181,38022625388.3819,0.2111071525177445,4862,3957,5035,4076,-0.0121284776099456,0.0103344238236644
Belgium,BEL,56,2001,Exports,182747903102.0,147112343692.49353,35635559409.50647,0.194998458557506,4865,3967,5033,4073,-0.0090933207816512,0.0119459861856402
Belgium,BEL,56,2002,Exports,208848371939.0,169303616168.5196,39544755770.48041,0.1893467275006125,4862,3959,5032,4073,-0.0085059779681134,0.0127090482658883
Belgium,BEL,56,2003,Exports,248173845230.0,202795523493.68823,45378321736.31177,0.1828489287187234,4870,3961,5035,4074,-0.0063802953602152,0.011485259172997
Belgium,BEL,56,2004,Exports,299674676470.0,242952684717.0478,56721991752.95221,0.1892785617427055,4877,3962,5027,4074,-0.0062109206707295,0.0089076183392731
Belgium,BEL,56,2005,Exports,327749971228.0,260674025905.2807,67075945322.7193,0.2046558389353992,4886,3978,5034,4074,-0.0090076435265239,0.0121366545683803
Belgium,BEL,56,2006,Exports,357966580599.0,282113257467.726,75853323131.27399,0.2119005718476443,4878,3978,5031,4074,-0.009576064293011,0.0098651526031894
Belgium,BEL,56,2007,Exports,421734489636.0,335459458869.28564,86275030766.71436,0.2045719116811587,4877,3973,5019,4074,-0.0081217224952306,0.0110061051775809
Belgium,BEL,56,2008,Exports,460698013221.0,358801591628.7318,101896421592.2682,0.221178339537114,4886,3976,5015,4072,-0.0093455662432292,0.0120766305319963
Belgium,BEL,56,2009,Exports,362427551988.0,290014653898.66565,72412898089.33435,0.1997996501428565,4899,3986,5011,4070,-0.005234926403158,0.0139547299613375
Belgium,BEL,56,2010,Exports,266672514179.611,192609996229.04584,74062517950.56516,0.2777283522391141,4870,3968,5010,4069,-0.0155531033640459,0.0198256942586637
Belgium,BEL,56,2011,Exports,319752099224.27405,224444728834.38483,95307370389.88922,0.2980664415373881,4868,3965,5011,4071,-0.0200301833855426,0.0158138283589417
Belgium,BEL,56,2012,Exports,298273831776.757,206403955444.08353,91869876332.6735,0.3080051501180079,4862,3962,5007,4067,-0.0192335751570384,0.018982436178062
Belgium,BEL,56,2013,Exports,308790992842.971,214879660854.45667,93911331988.51434,0.3041258785558908,4867,3961,5006,4066,-0.0190069324309924,0.016239365668885
Belgium,BEL,56,2014,Exports,308225273983.135,220605609405.60236,87619664577.53265,0.2842715116941607,4857,3959,5003,4063,-0.0148892407768809,0.0205763493344601
Belgium,BEL,56,2015,Exports,244883141553.16,182705305817.9179,62177835735.242096,0.2539081920498163,4842,3945,5002,4062,-0.0086127220612888,0.0254030978498519
Belgium,BEL,56,2016,Exports,262934860745.414,204469383229.34818,58465477516.06586,0.2223572688319747,4870,3965,5003,4064,-0.0041624232840016,0.0272551463354177
Belgium,BEL,56,2017,Exports,286769151099.026,222122331887.5537,64646819211.47229,0.2254315673904153,4871,3969,4994,4055,-0.0045703992821026,0.0245914633026871
Belgium,BEL,56,2018,Exports,320131983515.35706,246019137966.00433,74112845549.35272,0.2315071575652092,4914,4006,4990,4051,-0.0059752074306653,0.0224903964548828
Belgium,BEL,56,2019,Exports,309774394127.249,242440540053.14313,67333854074.105896,0.2173641700238352,4908,4000,4987,4048,-0.0025860593097543,0.0226958961306626
Belgium,BEL,56,2020,Exports,293077915893.5491,236203985747.98764,56873930145.56143,0.1940573719864277,4890,3993,4982,4043,0.0013533512852081,0.024244239840615
Belgium,BEL,56,2021,Exports,383443183527.35205,295192392679.15717,88250790848.19489,0.2301535002822646,4906,3996,4982,4043,-0.0027263717742991,0.0291375945723671
Belgium,BEL,56,2022,Exports,452339438604.86096,301400720070.87305,150938718533.9879,0.3336846307267046,4909,4007,4988,4049,-0.0151122833474278,0.0270838360403434
Belgium,BEL,56,2023,Exports,394621317700.87195,291651880245.5208,102969437455.35114,0.2609322731353385,4918,4010,4982,4043,-0.0048251529070637,0.0238795818533574
Belgium,BEL,56,2024,Exports,361569942857.322,273086864145.4061,88483078711.91592,0.2447191213204134,4911,4000,4982,4043,-0.0023735540353377,0.0254490443646451
Belize,BLZ,84,2000,Exports,199679585.0,90090121.76,109589463.24,0.5488265775392112,453,371,5035,4076,-0.0331031395181546,0.0356773988114342
Belize,BLZ,84,2001,Exports,65518574.0,3688293.414,61830280.586,0.9437061402771068,135,63,5033,4073,-0.1298954668800528,-0.0609485788220343
Belize,BLZ,84,2002,Exports,38075022.0,5357451.0,32717571.0,0.8592922415120338,121,90,5032,4073,-0.1796071848596723,-0.0021954401246622
Belize,BLZ,84,2003,Exports,198751260.0,66664392.0,132086868.0,0.664583801883822,358,283,5035,4074,-0.1638728561544924,0.0933354925784444
Belize,BLZ,84,2004,Exports,212198172.5,72709344.0,139488828.5,0.6573516956183966,561,478,5027,4074,-0.2130915810633969,0.0846884566418173
Belize,BLZ,84,2005,Exports,185612427.0,62033525.13424999,123578901.86575,0.6657900220535882,440,336,5034,4074,-0.1259288834861808,0.0481198858509928
Belize,BLZ,84,2006,Exports,254700635.0,68758267.7015,185942367.2985,0.7300428100562057,448,353,5031,4074,-0.1474534327157107,0.0412753676086154
Belize,BLZ,84,2007,Exports,260876594.0,82670261.60090001,178206332.3991,0.6831058688197225,422,336,5019,4074,-0.1527285954653952,0.0354746934980629
Belize,BLZ,84,2008,Exports,294183162.0,64060944.0244,230122217.9756,0.7822412962425089,168,93,5015,4072,-0.1915969778518571,0.0266543135121683
Belize,BLZ,84,2009,Exports,255634272.631,62633551.45099999,193000721.18,0.7549876594934922,382,287,5011,4070,-0.1554410270303868,-0.0250091908524561
Belize,BLZ,84,2010,Exports,289909906.338,61762822.00000001,228147084.338,0.7869585666107181,550,452,5010,4069,-0.1716326136364704,0.0498680825778952
Belize,BLZ,84,2011,Exports,357143265.42,76112614.64249998,281030650.77750003,0.7868849226290417,680,577,5011,4071,-0.1402485758394585,0.0317735589256853
Belize,BLZ,84,2012,Exports,367646875.0,103329107.7544,264317767.2456,0.7189446863803752,606,479,5007,4067,-0.1430198241996698,0.0246534477780269
Belize,BLZ,84,2013,Exports,366715817.0,81558983.53995726,285156833.4600427,0.7775962209452305,564,456,5006,4066,-0.1333715533473958,0.0828339854943884
Belize,BLZ,84,2014,Exports,305939208.0,95954159.2637,209985048.7363,0.6863620067170337,931,787,5003,4063,-0.0995418648673138,-0.0171376254001233
Belize,BLZ,84,2015,Exports,264501173.0,92487490.08086435,172013682.91913563,0.6503324010556869,784,665,5002,4062,-0.0738648908801947,0.0537744741926241
Belize,BLZ,84,2016,Exports,210633132.0,94054734.0,116578398.0,0.5534665742899364,881,769,5003,4064,-0.0443699953382519,0.0550319032099405
Belize,BLZ,84,2017,Exports,236027375.205,97891922.985176,138135452.21982402,0.5852518255556051,911,798,4994,4055,-0.0649876093231944,0.0328371300019071
Belize,BLZ,84,2018,Exports,232264680.78,78038409.001487,154226271.778513,0.6640108657958005,924,802,4990,4051,-0.0782154376673566,0.0256622118875043
Belize,BLZ,84,2019,Exports,245367092.03000003,68578488.923852,176788603.10614803,0.7205065750403596,897,779,4987,4048,-0.0936101170139479,0.0127368033700512
Belize,BLZ,84,2020,Exports,212410410.691,64313756.410885006,148096654.280115,0.697219377328712,558,458,4982,4043,-0.0756893545534075,0.0207407225854711
Belize,BLZ,84,2021,Exports,262766832.551,76049729.965125,186717102.585875,0.7105809389000242,761,661,4982,4043,-0.0338950785859695,0.0730767993281236
Belize,BLZ,84,2022,Exports,293657597.507,72719589.040192,220938008.466808,0.7523660560545907,693,578,4988,4049,-0.0594585106473204,0.0036695802365173
Belize,BLZ,84,2023,Exports,252929729.48300004,61905512.37240049,191024217.11059955,0.7552462002037554,820,709,4982,4043,-0.0662371091029495,0.0420330816820311
Belize,BLZ,84,2024,Exports,282037866.724,77970835.81803301,204067030.90596697,0.7235447965774942,651,568,4982,4043,-0.1206109114221006,0.025407465319206
Benin,BEN,204,2000,Exports,189717914.00000003,14776899.932999998,174941014.06700003,0.9221112038318112,305,234,5035,4076,-0.3098854908393481,-0.0124965081870635
Benin,BEN,204,2001,Exports,181658253.0,13750205.925,167908047.075,0.9243072874591608,346,264,5033,4073,-0.1720803679052902,0.0252156442751665
Benin,BEN,204,2002,Exports,241717713.0,24211904.0769,217505808.9231,0.8998339684071891,364,281,5032,4073,-0.0520119155022719,-0.0158311872898472
Benin,BEN,204,2003,Exports,271525795.0,29294367.115,242231427.885,0.8921120289326471,383,304,5035,4074,-0.052813798475235,0.0262795603614826
Benin,BEN,204,2004,Exports,298301243.0,42694442.588,255606800.412,0.8568747412561066,302,230,5027,4074,-0.0275389713322317,0.0485592906242298
Benin,BEN,204,2005,Exports,288170209.0,44903179.554000005,243267029.446,0.8441782732857024,373,300,5034,4074,-0.0162288112465462,-0.0089667413323422
Benin,BEN,204,2006,Exports,224591919.0,56924936.492400005,167666982.5076,0.7465405846040258,331,252,5031,4074,0.0444225287965444,-0.0265234544669499
Benin,BEN,204,2007,Exports,274387407.0,48860408.9725,225526998.0275,0.8219291129038586,380,297,5019,4074,0.0108055687509744,0.0499851772091756
Benin,BEN,204,2008,Exports,421063787.0,136693815.8323,284369971.1677,0.6753607884301387,421,334,5015,4072,-0.0455384700140952,-0.0018437829446488
Benin,BEN,204,2009,Exports,425347716.0,97634142.315,327713573.685,0.7704604053522177,554,451,5011,4070,-0.085660538641044,0.0268554247893158
Benin,BEN,204,2010,Exports,533902344.0,80312939.01840001,453589404.9816,0.8495737283775626,470,376,5010,4069,-0.0815561721871623,0.0026309859973785
Benin,BEN,204,2011,Exports,388591884.0,108527616.546,280064267.454,0.7207156890955551,525,428,5011,4071,-0.1064463893440947,0.0362987056349185
Benin,BEN,204,2012,Exports,460338234.0,108533804.2237,351804429.7763,0.7642303067450618,503,401,5007,4067,-0.1322706110025688,-0.0055336975882903
Benin,BEN,204,2013,Exports,601973116.0,111002408.995,490970707.005,0.81560238149406,566,453,5006,4066,-0.0858663695699774,0.0148699781535918
Benin,BEN,204,2014,Exports,968313454.0,330849540.822,637463913.178,0.658323924494392,811,663,5003,4063,-0.0391073889511855,0.001285891619532
Benin,BEN,204,2015,Exports,625002384.4679999,127724322.49828142,497278061.9697185,0.7956418636594483,706,557,5002,4062,-0.0181989101049458,0.02446781086986
Benin,BEN,204,2016,Exports,408742573.12099993,63751066.87336902,344991506.2476309,0.8440312532492258,829,647,5003,4064,-0.0780676525440827,0.0294657557094381
Benin,BEN,204,2017,Exports,741989094.0849999,101886248.01606695,640102846.068933,0.8626849790269355,873,682,4994,4055,-0.0743196676839127,0.0089288434777582
Benin,BEN,204,2018,Exports,950824343.647,138134929.6856884,812689413.9613117,0.85472087393571,827,641,4990,4051,-0.0495225105106708,0.0309115616679034
Benin,BEN,204,2019,Exports,845136324.1470002,88717931.03242585,756418393.1145743,0.8950253012471459,736,570,4987,4048,-0.065146700309526,0.0294100295900466
Benin,BEN,204,2020,Exports,837400127.9060001,117813210.1254549,719586917.7805452,0.8593107330660933,709,540,4982,4043,-0.0685350225342258,-0.029472046004136
Benin,BEN,204,2021,Exports,1005171243.024,138463708.36328807,866707534.6607119,0.8622486374095543,823,659,4982,4043,-0.0706799769769317,-0.0131663867139048
Benin,BEN,204,2022,Exports,881161845.3590002,102467627.6553144,778694217.7036858,0.8837130452311318,989,789,4988,4049,-0.0853153105757942,-0.0071824799813172
Benin,BEN,204,2023,Exports,1042322379.166,144631008.55731583,897691370.6086842,0.8612415779914077,1687,1468,4982,4043,-0.0827185202496948,0.0593293387297953
Benin,BEN,204,2024,Exports,1105094844.3560002,158204116.89500907,946890727.4609911,0.8568411410993385,1727,1519,4982,4043,-0.0979102489840434,0.0587172774899413
Bermuda,BMU,60,2012,Exports,9600254.0,8892082.0,708172.0,0.0737659649421775,417,367,5007,4067,-0.0231422929397125,-0.0257415158627777
Bermuda,BMU,60,2013,Exports,21690354.0,21398677.0,291677.0,0.0134473139534744,450,395,5006,4066,-0.0124574745748758,-0.0077917634808998
Bermuda,BMU,60,2014,Exports,11816150.0,11644993.0,171157.0,0.014485005691363,484,440,5003,4063,-0.0071320547350087,-0.0120590767888164
Bermuda,BMU,60,2015,Exports,7662469.0,7469371.3799,193097.6200999999,0.0252004438908659,505,451,5002,4062,-0.0090404773189533,0.0016789935592121
Bermuda,BMU,60,2016,Exports,8146536.0,7932513.019099999,214022.9809000008,0.0262716547131198,494,411,5003,4064,-0.0086035094758283,-0.0050525728607793
Bermuda,BMU,60,2017,Exports,10849387.78,10634191.86,215195.9200000018,0.0198348445427214,625,572,4994,4055,-0.0055871011019,-0.0057013864073154
Bermuda,BMU,60,2018,Exports,21678351.38,21378470.682023,299880.697976999,0.0138331874375679,928,772,4990,4051,-0.0057533711457935,-0.0168768186720428
Bermuda,BMU,60,2019,Exports,26520826.42,26225403.589999996,295422.83000000566,0.0111392769335883,794,703,4987,4048,-0.0045600690905948,-0.0046698636712168
Bermuda,BMU,60,2020,Exports,19052697.819999997,18979651.41,73046.40999999642,0.0038339142671605,435,382,4982,4043,-0.0092003104754418,-0.0038424646022362
Bermuda,BMU,60,2021,Exports,25590324.449999996,25493047.7,97276.74999999627,0.0038013097563519,552,490,4982,4043,-0.0027832773102018,-0.0177461501573722
Bermuda,BMU,60,2022,Exports,12672597.59,12408504.25475108,264093.33524892107,0.0208397160387479,1014,948,4988,4049,-0.0061805802833605,0.0014076279000884
Bermuda,BMU,60,2023,Exports,16217778.27,16027089.015338786,190689.2546612136,0.0117580380916882,580,549,4982,4043,-0.0036167339834559,0.0090276503253852
Bermuda,BMU,60,2024,Exports,42187407.150000006,41890492.06973329,296915.0802667141,0.0070380025776652,806,749,4982,4043,0.0010631345509388,-0.0042991642445047
Bolivia (Plurinational State of),BOL,68,2000,Exports,1472403785.0,416023322.55,1056380462.45,0.717452965831652,1432,1229,5035,4076,0.0057116364899674,0.0060648789263048
Bolivia (Plurinational State of),BOL,68,2001,Exports,1349864878.4699998,286378745.52,1063486132.9499998,0.787846361448714,1402,1190,5033,4073,-0.036906907280326,0.0224289635296729
Bolivia (Plurinational State of),BOL,68,2002,Exports,1372218621.03,217983781.05417007,1154234839.9758298,0.8411450058223597,1436,1229,5032,4073,-0.0155053311106118,0.0075602267697611
Bolivia (Plurinational State of),BOL,68,2003,Exports,1674001460.36,277970922.404045,1396030537.955955,0.8339482198872955,1532,1307,5035,4074,-0.030511304323684,0.0138950418767545
Bolivia (Plurinational State of),BOL,68,2004,Exports,2262672926.87,312745121.85848796,1949927805.011512,0.8617806762327268,1526,1269,5027,4074,-0.0400741420646512,0.0162157215162564
Bolivia (Plurinational State of),BOL,68,2005,Exports,2945537489.73,339968322.4676682,2605569167.262332,0.8845819061366519,1767,1492,5034,4074,-0.0524642086453021,0.0101564585049456
Bolivia (Plurinational State of),BOL,68,2006,Exports,4229618678.21,444228900.5534029,3785389777.6565967,0.8949718794174129,1670,1409,5031,4074,-0.0553986463678373,0.0336488122053327
Bolivia (Plurinational State of),BOL,68,2007,Exports,4885997416.429999,409451369.6261374,4476546046.803862,0.9161990204396572,1739,1470,5019,4074,-0.1057221147837945,0.0148703320366044
Bolivia (Plurinational State of),BOL,68,2008,Exports,7053621894.410001,532595869.80086166,6521026024.609139,0.9244932776701648,1764,1501,5015,4072,-0.1289377687704824,0.0396282909655233
Bolivia (Plurinational State of),BOL,68,2009,Exports,5483902779.1,398436111.4539543,5085466667.646046,0.9273444246727977,1609,1340,5011,4070,-0.0760485380321577,0.0425963895093994
Bolivia (Plurinational State of),BOL,68,2010,Exports,7049058006.679999,544294894.5540571,6504763112.125942,0.9227847332170824,1698,1434,5010,4069,-0.1084378971528117,0.0308449694110678
Bolivia (Plurinational State of),BOL,68,2011,Exports,9211887740.16,455487620.5044567,8756400119.655542,0.9505543669926936,1671,1412,5011,4071,-0.1350319918668731,0.0343815484910527
Bolivia (Plurinational State of),BOL,68,2012,Exports,11986168864.19,773885247.9570097,11212283616.23299,0.9354351455643948,1737,1483,5007,4067,-0.1628097544049053,0.0245148495644041
Bolivia (Plurinational State of),BOL,68,2013,Exports,12370282600.64,623136623.9553988,11747145976.684605,0.9496263226902222,1617,1374,5006,4066,-0.1168922310737736,0.0509346960313578
Bolivia (Plurinational State of),BOL,68,2014,Exports,13033016046.13,580361249.5425272,12452654796.587477,0.9554699198183788,1650,1411,5003,4063,-0.1254446775372837,0.0351518229662935
Bolivia (Plurinational State of),BOL,68,2015,Exports,8921648274.050001,610923146.6222025,8310725127.427798,0.9315235113673818,1652,1409,5002,4062,-0.1011844952772266,0.0585790638935005
Bolivia (Plurinational State of),BOL,68,2016,Exports,7257534384.059999,519264122.9546336,6738270261.105366,0.928451717143068,1630,1406,5003,4064,-0.0676697576069447,0.0597604841698306
Bolivia (Plurinational State of),BOL,68,2017,Exports,8365760427.329999,504280303.8705393,7861480123.459459,0.9397209245649548,1620,1387,4994,4055,-0.1041219562411008,0.0393938776859049
Bolivia (Plurinational State of),BOL,68,2018,Exports,9108785751.520002,515581286.422441,8593204465.09756,0.9433973637664708,1668,1439,4990,4051,-0.0871865140805711,0.0592876632372214
Bolivia (Plurinational State of),BOL,68,2019,Exports,8931123340.3,571782975.0488157,8359340365.251184,0.9359786050127924,1536,1331,4987,4048,-0.0728879620266494,0.0501471238947284
Bolivia (Plurinational State of),BOL,68,2020,Exports,7031587080.91,461565549.1910074,6570021531.718992,0.934358268783429,1494,1289,4982,4043,-0.0649806635699492,0.0371387638153128
Bolivia (Plurinational State of),BOL,68,2021,Exports,11078507905.66,615325643.0272837,10463182262.632715,0.9444577150400448,1673,1441,4982,4043,-0.0736933663562724,0.0375762264860263
Bolivia (Plurinational State of),BOL,68,2022,Exports,13651525476.239998,741030660.1556625,12910494816.084335,0.945718105903593,1549,1324,4988,4049,-0.0748413667564096,0.0573067192183118
Bolivia (Plurinational State of),BOL,68,2023,Exports,10917670630.85,487209727.54022336,10430460903.309776,0.9553742053580992,1506,1279,4982,4043,-0.1122359594720703,0.0666538007704676
Bolivia (Plurinational State of),BOL,68,2024,Exports,9058056656.2,754826111.6871085,8303230544.512892,0.9166679851609836,1671,1429,4982,4043,-0.0267447966147523,0.0583621380264051
Bosnia Herzegovina,BIH,70,2003,Exports,1027160491.0,603862850.6356,423297640.3644,0.4121046750467352,2704,2363,5035,4074,-0.0120392433792407,0.0219731895472945
Bosnia Herzegovina,BIH,70,2004,Exports,1610231482.0,948779576.055702,661451905.9442981,0.4107806320633707,3130,2736,5027,4074,-0.0134292448127055,0.0161717547078535
Bosnia Herzegovina,BIH,70,2005,Exports,2385515705.0,1448532018.922321,936983686.0776788,0.3927803468716542,3059,2663,5034,4074,-0.0128865505718795,0.0211619670596348
Bosnia Herzegovina,BIH,70,2006,Exports,3427272158.0,2218101491.1818933,1209170666.818107,0.352808475975752,3019,2644,5031,4074,-0.0133091836693939,0.0266257907436994
Bosnia Herzegovina,BIH,70,2007,Exports,4149303681.0,2760507481.9790783,1388796199.0209217,0.3347058460387782,3111,2727,5019,4074,-0.0124423870984805,0.0275256217229724
Bosnia Herzegovina,BIH,70,2008,Exports,4988187936.0,3395472052.0710855,1592715883.9289143,0.3192974892614219,3185,2766,5015,4072,-0.0111822491296897,0.0292495329448597
Bosnia Herzegovina,BIH,70,2009,Exports,3842643876.0,2552712090.9060493,1289931785.0939507,0.3356886109458327,3150,2748,5011,4070,-0.0079095650885095,0.0346768954435373
Bosnia Herzegovina,BIH,70,2010,Exports,4677368475.0,2884041587.2203627,1793326887.779637,0.383405091423685,3206,2783,5010,4069,-0.0144442557615799,0.02769900947154
Bosnia Herzegovina,BIH,70,2011,Exports,5700235589.0,3544837388.716507,2155398200.283493,0.378124406725024,3189,2747,5011,4071,-0.0164449509795098,0.0242790337729702
Bosnia Herzegovina,BIH,70,2012,Exports,4992368058.0,3325890862.146946,1666477195.853054,0.3338049551820632,3220,2778,5007,4067,-0.0110452377246473,0.0176017172651218
Bosnia Herzegovina,BIH,70,2013,Exports,5536238779.0,3667665387.222965,1868573391.7770352,0.3375167629808323,3293,2838,5006,4066,-0.0109051100479459,0.0105121779954432
Bosnia Herzegovina,BIH,70,2014,Exports,5746809202.0,3997560892.995695,1749248309.004305,0.3043860075249293,3229,2771,5003,4063,-0.0065974545206936,0.0197278988799388
Bosnia Herzegovina,BIH,70,2015,Exports,4941691992.0,3563093916.261406,1378598075.738594,0.2789728857991103,3240,2798,5002,4062,-0.0007749168444664,0.0178916432053767
Bosnia Herzegovina,BIH,70,2016,Exports,5146081479.0,3769610696.1062,1376470782.8938005,0.2674793993275986,3279,2812,5003,4064,9.348296552524892e-05,0.0124709755383007
Bosnia Herzegovina,BIH,70,2017,Exports,6367922271.559999,4595243258.256393,1772679013.303606,0.2783763585213076,3344,2857,4994,4055,-0.0061511053801627,0.012087386728216
Bosnia Herzegovina,BIH,70,2018,Exports,7182096317.77,5233375627.776408,1948720689.9935925,0.2713303475438016,3334,2870,4990,4051,-0.0085395878260167,0.0144476423769386
Bosnia Herzegovina,BIH,70,2019,Exports,6576529829.616,5067400433.324693,1509129396.2913074,0.2294719913677369,3359,2896,4987,4048,-0.0024483821589135,0.017433472287444
Bosnia Herzegovina,BIH,70,2020,Exports,6152481381.796,4839985455.334257,1312495926.4617424,0.2133278989425573,3315,2858,4982,4043,0.0009929591164308,0.0185587949647697
Bosnia Herzegovina,BIH,70,2021,Exports,8468449522.796,6406643440.24357,2061806082.5524292,0.2434691352888515,3343,2917,4982,4043,-0.0120230546731541,0.0099901429607669
Bosnia Herzegovina,BIH,70,2022,Exports,9652795426.401,7001749233.696356,2651046192.704645,0.2746402545167245,3620,3141,4988,4049,-0.0114834066714253,0.0215430020696462
Bosnia Herzegovina,BIH,70,2023,Exports,9228086662.352,7143922776.88559,2084163885.4664116,0.2258500555666879,3586,3103,4982,4043,-0.0047339269895909,0.0167194262551669
Bosnia Herzegovina,BIH,70,2024,Exports,8893798188.846,7047788628.02965,1846009560.816351,0.2075614401877806,3607,3128,4982,4043,-0.0014490509347507,0.0124710494503721
Botswana,BWA,72,2000,Exports,2771859889.9999995,227716183.596,2544143706.4039993,0.917847152225288,2745,2358,5035,4076,-0.077984802151714,-0.0056166065399086
Botswana,BWA,72,2001,Exports,2527616455.0,181891745.9766,2345724709.0234,0.9280382331675396,2730,2334,5033,4073,-0.0733665764224426,-0.0008160099039176
Botswana,BWA,72,2002,Exports,2737565698.9999995,325403358.28400004,2412162340.7159996,0.8811340460603865,2602,2271,5032,4073,-0.0618172052103188,0.0168448242535257
Botswana,BWA,72,2003,Exports,3787687463.999999,349684634.6186,3438002829.3813996,0.9076785933522312,2305,2005,5035,4074,-0.0615780362695458,0.0189146424793397
Botswana,BWA,72,2004,Exports,3498826073.0,392999605.1909,3105826467.8091,0.8876767244237637,2569,2179,5027,4074,-0.0865628816944255,0.0014092226064754
Botswana,BWA,72,2005,Exports,4417838916.0,489665303.7494,3928173612.2506,0.8891618021707426,2782,2340,5034,4074,-0.0773890363265191,0.0168844001313867
Botswana,BWA,72,2006,Exports,4492871175.0,340469608.36230004,4152401566.6377,0.9242200376772878,2780,2377,5031,4074,-0.1284955365940575,0.009905780264272
Botswana,BWA,72,2007,Exports,5063613855.0,558025875.2453,4505587979.7547,0.8897969135829177,2611,2209,5019,4074,-0.136648017083327,-0.0191358090978856
Botswana,BWA,72,2008,Exports,4908925777.999999,611616089.8561001,4297309688.143899,0.8754073462269203,2799,2360,5015,4072,-0.1255503090145298,-0.0053717884737115
Botswana,BWA,72,2009,Exports,3443982354.0,511251527.3831,2932730826.6169,0.8515522221566237,2750,2319,5011,4070,-0.1147679150928738,-0.004845351213749
Botswana,BWA,72,2010,Exports,4664729032.178,517297053.4719974,4147431978.706003,0.889104586803734,2710,2303,5010,4069,-0.1498567624987006,-0.0055768462628503
Botswana,BWA,72,2011,Exports,5896696469.677,747700102.3665835,5148996367.310416,0.8732001712803881,2800,2363,5011,4071,-0.1540962990827024,-0.0053247443183225
Botswana,BWA,72,2012,Exports,6694759291.674999,589835426.3297365,6104923865.345263,0.9118959471682272,2772,2337,5007,4067,-0.1568660876586036,0.0044882793184188
Botswana,BWA,72,2013,Exports,7917524140.813999,432821983.350212,7484702157.463787,0.9453336705196692,2688,2278,5006,4066,-0.1565384294692935,-0.0040384660281345
Botswana,BWA,72,2014,Exports,8495519973.435,460198725.7278382,8035321247.707162,0.945830422720816,2773,2304,5003,4063,-0.1442485672199511,-0.0094916106223596
Botswana,BWA,72,2015,Exports,6318005807.563001,468983150.5973259,5849022656.965674,0.9257703831110874,2753,2263,5002,4062,-0.1093705419284756,-0.0139603470082015
Botswana,BWA,72,2016,Exports,7309693871.0,409196856.68685794,6900497014.313142,0.9440199734888652,2792,2334,5003,4064,-0.1126834108337361,0.0164139761731942
Botswana,BWA,72,2017,Exports,5958789709.910999,377297384.7323258,5581492325.178674,0.936682211808082,2813,2295,4994,4055,-0.133887263359378,0.0021586742548186
Botswana,BWA,72,2018,Exports,6712788125.104001,441254173.51236296,6271533951.591639,0.9342666317945904,2823,2332,4990,4051,-0.120747998526841,0.0114499912239851
Botswana,BWA,72,2019,Exports,5310313461.186001,323128497.4117409,4987184963.77426,0.939150767695063,2536,2129,4987,4048,-0.1085452550574204,0.0157078841580611
Botswana,BWA,72,2020,Exports,4373795866.367,304212631.5054867,4069583234.861513,0.9304465409909096,2272,1902,4982,4043,-0.109541323981155,0.0214257067057137
Botswana,BWA,72,2021,Exports,7472201587.029999,377957414.9424037,7094244172.087595,0.9494181988346716,2542,2145,4982,4043,-0.1222115369605112,0.0144783312451328
Botswana,BWA,72,2022,Exports,8412000785.42,457235632.6723572,7954765152.747643,0.9456448418948252,3029,2553,4988,4049,-0.1089705703984615,0.0334170703206856
Botswana,BWA,72,2023,Exports,5500293424.782001,452845634.6423983,5047447790.139603,0.9176688224300786,3111,2601,4982,4043,-0.0960032038925574,0.0204048723540488
Brazil,BRA,76,2000,Exports,53919704538.0,33619419396.686302,20300285141.313698,0.3764910307883278,4312,3633,5035,4076,-0.0165411330069623,0.0202460573975689
Brazil,BRA,76,2001,Exports,56846599835.0,32755112138.228,24091487696.772,0.4237982177772937,4341,3650,5033,4073,-0.0197037127771243,0.0119395266695637
Brazil,BRA,76,2002,Exports,58786774220.0,32766410486.798298,26020363733.201702,0.4426227510940589,4400,3694,5032,4073,-0.0208492565883902,0.0157314591541054
Brazil,BRA,76,2003,Exports,70941347943.0,39298542123.2801,31642805819.719906,0.4460417899747871,4417,3710,5035,4074,-0.0245447019037212,0.015495634828117
Brazil,BRA,76,2004,Exports,93642905203.0,51523646585.9291,42119258617.0709,0.44978590236777,4412,3701,5027,4074,-0.0230124671012237,0.0163761689502837
Brazil,BRA,76,2005,Exports,116410078155.0,64328174296.2241,52081903858.7759,0.4474002997354649,4563,3811,5034,4074,-0.0228808055190048,0.026630694735771
Brazil,BRA,76,2006,Exports,134958533863.99998,72336070309.40616,62622463554.59383,0.4640126249274429,4487,3766,5031,4074,-0.0249758777147364,0.0216093845898174
Brazil,BRA,76,2007,Exports,156407606865.0,79861945494.68071,76545661370.31929,0.4893985842797793,4539,3779,5019,4074,-0.0262748229823427,0.0253157622657582
Brazil,BRA,76,2008,Exports,184892285700.0,87981846922.35541,96910438777.6446,0.5241453877361233,4528,3795,5015,4072,-0.0313663336620582,0.0319426868009269
Brazil,BRA,76,2009,Exports,144213568245.0,61776405275.964645,82437162969.03535,0.5716325029069761,4456,3753,5011,4070,-0.0429517118652751,0.0319486426544466
Brazil,BRA,76,2010,Exports,180598581944.0,74841201615.54187,105757380328.45811,0.5855936363955027,4402,3731,5010,4069,-0.0526373165802113,0.0239961307259044
Brazil,BRA,76,2011,Exports,235053675142.0,87285043714.51802,147768631427.482,0.6286590981324262,4460,3746,5011,4071,-0.0513980633196312,0.030256083881189
Brazil,BRA,76,2012,Exports,234316569011.0,84312791481.63422,150003777529.36578,0.6401757168197689,4466,3731,5007,4067,-0.0500224622646442,0.030440170465956
Brazil,BRA,76,2013,Exports,227706585897.0,80752273390.58281,146954312506.41718,0.6453669836887809,4438,3729,5006,4066,-0.0503736775984828,0.0293892467534454
Brazil,BRA,76,2014,Exports,216122920649.0,75961803280.59221,140161117368.40778,0.6485250011776402,4433,3721,5003,4063,-0.0524191527862814,0.0327318548509996
Brazil,BRA,76,2015,Exports,183772096641.0,70400462218.10605,113371634422.89397,0.6169143003486878,4433,3721,5002,4062,-0.0467293412374539,0.0344374914272979
Brazil,BRA,76,2016,Exports,177398153872.0,70164907310.7591,107233246561.2409,0.6044778044230047,4466,3740,5003,4064,-0.0447903980245,0.0328738979375969
Brazil,BRA,76,2017,Exports,212294193586.0,80165992186.16301,132128201399.837,0.622382549272654,4447,3731,4994,4055,-0.0464671140920177,0.0364154023675677
Brazil,BRA,76,2018,Exports,229624721478.0001,79712051779.27457,149912669698.7255,0.6528594514292676,4553,3744,4990,4051,-0.0520785100189639,0.0471573147535192
Brazil,BRA,76,2019,Exports,218670441352.0,70850766687.26067,147819674664.73932,0.6759929405675357,4596,3773,4987,4048,-0.0619885647155791,0.0444880149292526
Brazil,BRA,76,2020,Exports,208704510056.0,56046045526.03496,152658464529.96503,0.7314574298801853,4582,3750,4982,4043,-0.0761307251606562,0.0427034471564223
Brazil,BRA,76,2021,Exports,271992790539.0,74277673312.75488,197715117226.24512,0.7269130804329004,4597,3773,4982,4043,-0.0758304938072059,0.0432379832864817
Brazil,BRA,76,2022,Exports,306864492976.0,87775257587.3472,219089235388.6528,0.7139608537433096,4521,3836,4988,4049,-0.0781702199923949,0.0514524882765333
Brazil,BRA,76,2023,Exports,339687314653.0,86399771608.03859,253287543044.96143,0.7456491076321224,4695,3864,4982,4043,-0.0732655565797301,0.0447068191252146
Brazil,BRA,76,2024,Exports,309859621309.0,85272279230.04433,224587342078.9557,0.7248035130559699,4495,3849,4982,4043,-0.0726348384763978,0.0389163100334544
Brunei Darussalam,BRN,96,2001,Exports,3503935979.0,367214583.0,3136721396.0,0.8951994028427424,1384,1283,5033,4073,-0.1798661618248356,0.0046456811534849
Brunei Darussalam,BRN,96,2002,Exports,3560348021.9999995,418871095.0,3141476926.9999995,0.8823510812955015,1491,1385,5032,4073,-0.1844563649872819,-0.0069018801386105
Brunei Darussalam,BRN,96,2003,Exports,4137310927.0,500165670.1433,3637145256.8567,0.8791085130007441,1527,1426,5035,4074,-0.1697672635637948,-0.0053002445613591
Brunei Darussalam,BRN,96,2004,Exports,5059439695.000001,418316845.0689,4641122849.931101,0.9173195313539754,1909,1772,5027,4074,-0.1891248926345019,-0.0023177711083207
Brunei Darussalam,BRN,96,2006,Exports,7612886781.257999,253965688.17664635,7358921093.081353,0.9666400282213734,1659,1542,5031,4074,-0.1465692060828264,-0.0017972697389189
Brunei Darussalam,BRN,96,2007,Exports,7683426583.000001,275342995.4842,7408083587.5158,0.9641640363827498,1772,1652,5019,4074,-0.1149680524583196,-0.0054949647345627
Brunei Darussalam,BRN,96,2008,Exports,10563746405.0,212703400.8752,10351043004.1248,0.9798647759307698,1779,1608,5015,4072,-0.1463437533791208,-0.0055465228340428
Brunei Darussalam,BRN,96,2009,Exports,7162416626.000001,267805773.08849996,6894610852.911501,0.9626095789909304,2067,1841,5011,4070,-0.1107904072984717,-0.0167551781342009
Brunei Darussalam,BRN,96,2010,Exports,8894348766.985998,404192494.1453682,8490156272.84063,0.9545562576041936,2158,1945,5010,4069,-0.1102699775634643,0.0028364255122811
Brunei Darussalam,BRN,96,2011,Exports,12450026310.046,539039726.475268,11910986583.570732,0.9567037279238269,2175,1950,5011,4071,-0.1057818804032132,-0.0107072529121519
Brunei Darussalam,BRN,96,2012,Exports,12982313974.0,514660180.7016,12467653793.2984,0.9603568222327452,2103,1870,5007,4067,-0.1038107257057087,-0.0097991734673182
Brunei Darussalam,BRN,96,2013,Exports,11429485402.0,358215376.21529996,11071270025.7847,0.9686586610318768,2026,1809,5006,4066,-0.1323043222973404,-0.0024058277752399
Brunei Darussalam,BRN,96,2014,Exports,10494249379.0,739537203.1661999,9754712175.8338,0.929529290141886,1990,1773,5003,4063,-0.1892936976622973,-0.0045234698467441
Brunei Darussalam,BRN,96,2015,Exports,6344411313.0,423593900.9917999,5920817412.0082,0.9332335373458784,2131,1897,5002,4062,-0.1518873314826345,-0.0057045721317386
Brunei Darussalam,BRN,96,2016,Exports,4866606410.000001,558875875.0409827,4307730534.959019,0.8851610695509312,2157,1922,5003,4064,-0.0944595939470295,0.0088128177261725
Brunei Darussalam,BRN,96,2017,Exports,5559347992.207999,536255720.62821066,5023092271.579788,0.9035398177304552,2207,1975,4994,4055,-0.0919942725812168,0.0040163018143659
Brunei Darussalam,BRN,96,2018,Exports,6564506063.247001,551671396.4996213,6012834666.747379,0.9159614765856812,2194,1917,4990,4051,-0.1202453704347608,0.0103389910880949
Brunei Darussalam,BRN,96,2019,Exports,7032900348.79,588231247.6259173,6444669101.164083,0.9163600764331714,2187,1930,4987,4048,-0.1238799282159002,-0.0010824045268651
Brunei Darussalam,BRN,96,2020,Exports,6607093863.289999,1195168361.85407,5411925501.435929,0.8191083119774333,1595,1416,4982,4043,-0.0560267423005726,-0.019243613111362
Brunei Darussalam,BRN,96,2021,Exports,11053016446.08,2276173234.054793,8776843212.025208,0.7940676877521478,2095,1834,4982,4043,-0.0518684806618271,-0.0062021298691337
Brunei Darussalam,BRN,96,2022,Exports,14224301556.183,2724322931.2175117,11499978624.965488,0.8084740456002701,2226,1959,4988,4049,-0.0421559286594813,0.0033556973612488
Brunei Darussalam,BRN,96,2023,Exports,11199122108.092,2459925191.7608547,8739196916.331146,0.7803466050268869,2029,1829,4982,4043,-0.051131877799754,0.0025325629211737
Brunei Darussalam,BRN,96,2024,Exports,11252209657.197998,2721500585.3157597,8530709071.882238,0.7581363422627995,1248,1130,4982,4043,-0.0559595526035057,-0.0141212602812291
Bulgaria,BGR,100,2000,Exports,4515544882.0,2911781934.4396,1603762947.5604,0.3551648780977391,3963,3327,5035,4076,-0.0292773879327972,0.014348274346669
Bulgaria,BGR,100,2001,Exports,4724631063.0,3316007747.6511,1408623315.3488998,0.2981446162813115,3991,3350,5033,4073,-0.0235119345113318,0.0079125184851434
Bulgaria,BGR,100,2002,Exports,5312571800.0,3796002230.812402,1516569569.1875982,0.285468060721099,3941,3334,5032,4073,-0.0163830308390563,0.014137528820658
Bulgaria,BGR,100,2003,Exports,7113973497.0,5286522342.67346,1827451154.32654,0.2568819176930004,3943,3343,5035,4074,-0.0117545644414596,0.0196716706024333
Bulgaria,BGR,100,2004,Exports,9458885237.0,6638956222.528919,2819929014.471081,0.2981248787584884,3960,3333,5027,4074,-0.0184099520018967,0.0201872776382704
Bulgaria,BGR,100,2005,Exports,11285137103.0,7584282221.769849,3700854881.230151,0.3279406220280947,3931,3322,5034,4074,-0.0240070076176586,0.0205310801070326
Bulgaria,BGR,100,2006,Exports,14650442542.0,8979829721.432951,5670612820.567049,0.3870608552820498,3965,3350,5031,4074,-0.0379641772449769,0.0191622398272612
Bulgaria,BGR,100,2007,Exports,18241283608.0,11435259893.355972,6806023714.644028,0.3731110080246293,4109,3400,5019,4074,-0.0349926690642657,0.0128500840064986
Bulgaria,BGR,100,2008,Exports,21955624170.0,12787962815.44514,9167661354.55486,0.4175541211477597,4106,3428,5015,4072,-0.0410237415262851,0.0204567201906132
Bulgaria,BGR,100,2009,Exports,16169229011.0,9690128582.967594,6479100428.032406,0.4007055885982346,4050,3378,5011,4070,-0.0340463461329538,0.0107417885780931
Bulgaria,BGR,100,2010,Exports,19973748560.0,11510165152.320744,8463583407.679255,0.4237353535444352,4002,3338,5010,4069,-0.0391998851102042,0.0254148690369369
Bulgaria,BGR,100,2011,Exports,27351875366.0,15292411378.121174,12059463987.878826,0.4409008094146792,4062,3393,5011,4071,-0.0408711461203211,0.0191310991417356
Bulgaria,BGR,100,2012,Exports,26088274112.0,14326333597.640787,11761940514.359213,0.4508516149387204,4108,3420,5007,4067,-0.0454815037805629,0.0143172302414683
Bulgaria,BGR,100,2013,Exports,28831992547.0,15920999119.468117,12910993427.531883,0.4478009421820306,4090,3422,5006,4066,-0.0419522833448363,0.0214760144596284
Bulgaria,BGR,100,2014,Exports,28471238720.0,17052126270.69891,11419112449.30109,0.4010753645671055,4141,3446,5003,4063,-0.029285905861403,0.0155172126365826
Bulgaria,BGR,100,2015,Exports,24780642505.0,15644306644.69005,9136335860.30995,0.3686884171169697,4194,3489,5002,4062,-0.0224897071105226,0.0138806485237725
Bulgaria,BGR,100,2016,Exports,24711587508.949997,16702521366.51199,8009066142.438007,0.324101644199803,4077,3468,5003,4064,-0.0273266485425078,0.0118703747655077
Bulgaria,BGR,100,2017,Exports,29884409228.894997,19226840255.00158,10657568973.893415,0.3566263897761345,4189,3470,4994,4055,-0.0258777907097402,0.0149449760954646
Bulgaria,BGR,100,2018,Exports,31563170307.060005,21391146833.237045,10172023473.82296,0.3222750875423846,3929,3479,4990,4051,-0.0280575051661304,0.0042005984031473
Bulgaria,BGR,100,2019,Exports,31516012104.912003,21324833235.09308,10191178869.81892,0.3233651147199093,3968,3525,4987,4048,-0.0284091899942885,0.0069018974180616
Bulgaria,BGR,100,2020,Exports,30627339293.006996,21106888303.91387,9520450989.093124,0.3108481248734162,4190,3514,4982,4043,-0.0199333067645979,0.0174245816162119
Bulgaria,BGR,100,2021,Exports,39294482987.332,26669328069.938145,12625154917.393856,0.3212958654135755,4109,3544,4982,4043,-0.025917925672341,0.0230018288896634
Bulgaria,BGR,100,2022,Exports,47378524012.873,28953993160.50252,18424530852.37048,0.3888793759671456,4418,3700,4988,4049,-0.0289514475985079,0.0185788286246513
Bulgaria,BGR,100,2023,Exports,44800717001.107,29532479467.270416,15268237533.836586,0.3408034191385668,4411,3687,4982,4043,-0.0217585706503889,0.0171106721884501
Bulgaria,BGR,100,2024,Exports,42917240308.347,28112761471.74748,14804478836.599522,0.3449541193756624,4413,3707,4982,4043,-0.0226487260187204,0.0160704957591066
Burkina Faso,BFA,854,2000,Exports,183912889.0,36358190.24,147554698.76,0.8023075465907122,739,605,5035,4076,-0.1774386886784378,0.0463144342170781
Burkina Faso,BFA,854,2001,Exports,188240922.0,40006625.195,148234296.805,0.7874711578654507,645,525,5033,4073,-0.1462695275232397,0.0178791234974478
Burkina Faso,BFA,854,2002,Exports,170550655.0,32960258.129,137590396.871,0.8067421193486475,554,443,5032,4073,-0.1483817058111544,0.0631143940137817
Burkina Faso,BFA,854,2003,Exports,313984877.0,41258476.893,272726400.107,0.8685972480993089,480,372,5035,4074,-0.111236960578157,0.0487906354901386
Burkina Faso,BFA,854,2004,Exports,392069639.0,33396152.4629,358673486.5371,0.91482086562969,568,459,5027,4074,-0.0405185080558253,0.0841199493689558
Burkina Faso,BFA,854,2005,Exports,349268918.123,44638152.8215428,304630765.3014572,0.8721954617048894,673,540,5034,4074,-0.0997898140743529,0.056239829207751
Burkina Faso,BFA,854,2006,Exports,507092746.91100013,57723283.1630455,449369463.7479546,0.8861681940539045,678,546,5031,4074,-0.1807499863895908,0.0465187992046988
Burkina Faso,BFA,854,2007,Exports,559518767.9319999,84623756.0779298,474895011.8540701,0.84875617954568,784,643,5019,4074,-0.1057998418711151,0.0125669702145609
Burkina Faso,BFA,854,2008,Exports,591958322.013,89652392.75448179,502305929.2585182,0.8485494849542584,631,514,5015,4072,-0.1242442907136905,0.059037387888888
Burkina Faso,BFA,854,2009,Exports,983301741.202,115715015.1005802,867586726.1014197,0.8823199326799434,808,674,5011,4070,-0.1274931938620873,0.0552563529141576
Burkina Faso,BFA,854,2010,Exports,1357916723.6539998,80465191.6887047,1277451531.965295,0.9407436477605328,755,601,5010,4069,-0.2039971236896016,0.0435415134370983
Burkina Faso,BFA,854,2011,Exports,2426984396.335,88308934.84054321,2338675461.494457,0.9636137195715396,786,634,5011,4071,-0.169726072888619,0.0667626929809382
Burkina Faso,BFA,854,2012,Exports,2269841056.065,135057871.73133048,2134783184.3336697,0.9404989739830212,900,734,5007,4067,-0.1179773345123317,0.04454406165148
Burkina Faso,BFA,854,2013,Exports,2501358681.836,106789869.2911288,2394568812.5448713,0.9573072546266156,838,669,5006,4066,-0.134158187517313,0.021143195280866
Burkina Faso,BFA,854,2014,Exports,2603577417.258,130515923.5578518,2473061493.700148,0.9498705424725542,870,712,5003,4063,-0.1230833826293706,0.0538091403645118
Burkina Faso,BFA,854,2015,Exports,2214697057.0510006,116175011.03436644,2098522046.0166345,0.9475436106872964,853,677,5002,4062,-0.137560236798845,0.030303190171276
Burkina Faso,BFA,854,2016,Exports,2520012315.0,116499245.75562106,2403513069.244379,0.9537703664929824,821,657,5003,4064,-0.1285739600276183,0.0390152220365675
Burkina Faso,BFA,854,2017,Exports,2909328070.9119997,96414303.7379103,2812913767.1740894,0.9668602847846972,913,731,4994,4055,-0.1240416562474761,0.0210497515745242
Burkina Faso,BFA,854,2018,Exports,3267574544.535,115902387.2834524,3151672157.2515473,0.9645295353774564,958,789,4990,4051,-0.1988466016675152,0.0145803986439059
Burkina Faso,BFA,854,2019,Exports,3261104826.8259993,136875368.57647476,3124229458.2495246,0.9580279151254104,924,759,4987,4048,-0.1445742053510325,0.0237284565170356
Burkina Faso,BFA,854,2020,Exports,4374627837.002,100298325.94711158,4274329511.054888,0.9770727180267184,921,763,4982,4043,-0.2316644207607573,0.053004988224669
Burkina Faso,BFA,854,2021,Exports,5060027958.9609995,146456817.87496048,4913571141.086039,0.9710561247758336,959,774,4982,4043,-0.190799964391818,-0.013755727669199
Burkina Faso,BFA,854,2022,Exports,4553373661.375001,175137767.44705915,4378235893.927942,0.9615367021308392,1722,1552,4988,4049,-0.1692066425089757,0.0494831963517214
Burkina Faso,BFA,854,2023,Exports,4458540223.993,197881288.6729217,4260658935.3200784,0.9556174714746204,1791,1607,4982,4043,-0.1361283952390251,0.0245401792113356
Burkina Faso,BFA,854,2024,Exports,5642107004.335999,168646392.2683604,5473460612.067638,0.9701093240275744,1780,1599,4982,4043,-0.129734367453479,0.041271744974086
Burundi,BDI,108,2000,Exports,42792009.0,270148.0,42521861.0,0.9936869521596896,91,39,5035,4076,-0.1057928552453013,-0.0696520534983594
Burundi,BDI,108,2001,Exports,42080554.0,2179741.0,39900813.0,0.9482007532505394,82,37,5033,4073,0.0510628298154455,-0.0880587188109156
Burundi,BDI,108,2002,Exports,26544543.0,2083147.0,24461396.0,0.921522589407548,74,45,5032,4073,0.0260544028562216,0.0307464618702201
Burundi,BDI,108,2003,Exports,65903168.0,4063542.0,61839626.0,0.9383407183096266,247,195,5035,4074,-0.0429272445449688,0.0218988377131161
Burundi,BDI,108,2004,Exports,82724709.0,4686115.0,78038594.0,0.9433528983462488,246,185,5027,4074,-0.0471537070855747,0.0693799188899076
Burundi,BDI,108,2005,Exports,113690986.0,5904125.0,107786861.0,0.9480686621892784,298,242,5034,4074,-0.0473173324022851,0.0775435597060918
Burundi,BDI,108,2006,Exports,228522400.0,96289189.424492,132233210.575508,0.5786444154949713,325,268,5031,4074,-0.0800469956709367,0.028922630150877
Burundi,BDI,108,2007,Exports,155809856.0,37245227.8565288,118564628.1434712,0.7609571768262927,434,365,5019,4074,-0.0943713616562114,0.0259190531949051
Burundi,BDI,108,2008,Exports,141245095.0,19537782.190537803,121707312.8094622,0.8616746146792722,281,201,5015,4072,-0.0709785671006079,-0.1209769332683595
Burundi,BDI,108,2009,Exports,112620298.0,21030103.48208074,91590194.51791926,0.8132654250117439,297,217,5011,4070,-0.0013417303827722,-0.0014626750685018
Burundi,BDI,108,2010,Exports,117919257.64,10903059.977982718,107016197.66201729,0.9075379187743102,300,224,5010,4069,-0.0924710546466948,0.0510299557886207
Burundi,BDI,108,2011,Exports,197471279.0,32941857.378871467,164529421.62112853,0.8331815262164202,324,237,5011,4071,-0.082358670780214,0.0146760443216354
Burundi,BDI,108,2012,Exports,242028646.0,33419871.97795328,208608774.02204672,0.861917700527262,435,334,5007,4067,-0.0510317719754145,-0.0230667153511534
Burundi,BDI,108,2013,Exports,204394819.0,24501851.040056348,179892967.95994365,0.8801248918151083,365,232,5006,4066,-0.0895875138386506,-0.0427136983520504
Burundi,BDI,108,2014,Exports,141462231.0,40843524.07496172,100618706.92503828,0.7112761209388694,587,438,5003,4063,-0.0366558382606907,-0.0299641221866321
Burundi,BDI,108,2015,Exports,113790693.0,35670052.4542984,78120640.5457016,0.6865292625092071,551,406,5002,4062,-0.0248080987231043,0.054443212323645
Burundi,BDI,108,2016,Exports,123055815.0,33193368.45332948,89862446.54667053,0.730257619655524,563,412,5003,4064,-0.0252946245978354,0.0128715173067719
Burundi,BDI,108,2017,Exports,149406437.508,29005087.2974202,120401350.21057978,0.80586454117235,719,588,4994,4055,0.0132937254587705,-0.001650811528341
Burundi,BDI,108,2018,Exports,180169251.704,23261433.440000005,156907818.264,0.8708912135672506,818,681,4990,4051,-0.0353949319414147,0.0218222205652016
Burundi,BDI,108,2019,Exports,180815543.765,23213883.58488588,157601660.1801141,0.8716156636674101,825,691,4987,4048,-0.0590341624482666,0.0164410091695959
Burundi,BDI,108,2020,Exports,161423665.972,39299398.5928811,122124267.3791189,0.756545000039227,740,606,4982,4043,-0.0415022022348338,-0.0164753047679886
Burundi,BDI,108,2021,Exports,115946306.889,42013302.13233268,73933004.75666732,0.6376486387569577,990,864,4982,4043,0.019447244719016,0.0071730037399773
Burundi,BDI,108,2022,Exports,207787788.0,50746774.89995485,157041013.10004514,0.7557759510873909,885,768,4988,4049,-0.0512822351565194,-0.012519687205525
Burundi,BDI,108,2023,Exports,217452779.393,61222892.61164367,156229886.78135633,0.7184543109426244,1758,1617,4982,4043,-0.045940494115617,0.0101448147842677
Cabo Verde,CPV,132,2000,Exports,49282559.00000001,23906145.1808,25376413.81920001,0.5149167237683417,847,709,5035,4076,-0.0651878191901929,-0.0026379764348117
Cabo Verde,CPV,132,2001,Exports,9671531.0,9615016.0,56515.0,0.0058434388516151,62,55,5033,4073,-0.007774890681709,-0.0395825750135638
Cabo Verde,CPV,132,2002,Exports,10614631.0,10138648.0,475983.0,0.0448421617294091,70,59,5032,4073,0.0070748911605428,-0.0262021497521197
Cabo Verde,CPV,132,2003,Exports,12462609.0,11275936.0,1186673.0,0.0952186656903061,56,47,5035,4074,0.0041910141252188,0.0704719724682778
Cabo Verde,CPV,132,2004,Exports,15197103.0,14038938.0,1158165.0,0.0762095907358132,59,48,5027,4074,0.0133402725759002,0.0914338728764072
Cabo Verde,CPV,132,2005,Exports,89420825.0,36177310.3208,53243514.6792,0.5954263414501041,1015,854,5034,4074,-0.0115121834411514,0.0039423490641258
Cabo Verde,CPV,132,2006,Exports,110285912.0,43557418.116,66728493.884,0.605050025646068,981,845,5031,4074,0.0019064306074573,-0.0103647468312466
Cabo Verde,CPV,132,2007,Exports,114567173.0,46995400.603999995,67571772.396,0.5898004692495991,1011,860,5019,4074,-0.0185765580724248,-0.0140409795447156
Cabo Verde,CPV,132,2009,Exports,171304154.0,81123808.0,90180346.0,0.5264340875236452,1110,924,5011,4070,-0.0492466112779528,-0.0183417485908386
Cabo Verde,CPV,132,2010,Exports,220179501.0,121624285.0,98555216.0,0.4476130409615198,1275,1095,5010,4069,-0.0097905567861458,-0.0005957528508361
Cabo Verde,CPV,132,2011,Exports,305754890.0,133696363.2362,172058526.7638,0.5627335241107673,1493,1259,5011,4071,-0.0347780074862748,-0.0044380402785943
Cabo Verde,CPV,132,2012,Exports,336084470.0,138436205.1061,197648264.8939,0.588091038225896,1489,1259,5007,4067,-0.0846537331146556,-0.0003068151699896
Cabo Verde,CPV,132,2013,Exports,69214771.67699999,37677913.44736099,31536858.229638994,0.4556376834819303,65,44,5006,4066,0.0880750792804725,-0.0243779476337615
Cabo Verde,CPV,132,2014,Exports,80408529.39300002,44411914.44569041,35996614.94730961,0.4476715992575198,61,35,5003,4063,0.0044729193814068,-0.2624975743867087
Cabo Verde,CPV,132,2015,Exports,66829277.22400001,36921536.44801621,29907740.775983803,0.4475245284448956,64,46,5002,4062,0.1510118716490628,0.0049994832487894
Cabo Verde,CPV,132,2016,Exports,60361083.0,36849181.0,23511902.0,0.3895208772181904,41,29,5003,4064,0.121551808027247,0.0101662482847702
Cabo Verde,CPV,132,2017,Exports,49935302.53500001,39526790.2313764,10408512.30362361,0.2084399568086767,60,35,4994,4055,0.0455405553173028,-0.2291813085334162
Cabo Verde,CPV,132,2018,Exports,75270566.06,59540505.01145401,15730061.048545994,0.2089802411743148,66,48,4990,4051,0.046104198813859,-0.1053256977564014
Cabo Verde,CPV,132,2019,Exports,344550663.725,136547608.7477599,208003054.97724012,0.603693670847942,1624,1359,4987,4048,-0.0498157288133377,0.0029316223616212
Cabo Verde,CPV,132,2020,Exports,53090793.389,42568388.074,10522405.314999998,0.1981964224550496,123,114,4982,4043,0.0607028913863102,0.0229705941343949
Cabo Verde,CPV,132,2021,Exports,234911992.81900004,112495676.1309496,122416316.68805043,0.5211156536498005,1317,1137,4982,4043,-0.0494574147171452,0.0250200082539403
Cabo Verde,CPV,132,2022,Exports,309805725.6330001,101796410.857187,208009314.77581307,0.6714185619094194,1405,1206,4988,4049,-0.0940876208754114,0.0056373848167826
Cabo Verde,CPV,132,2023,Exports,281683597.705,90258523.11566412,191425074.58933583,0.6795748000556654,1410,1192,4982,4043,-0.1199100436107821,0.0023300521384291
Cabo Verde,CPV,132,2024,Exports,68245098.95,67041754.998,1203343.952000007,0.0176326794233479,39,36,4982,4043,-0.0038355238919856,0.0510759747601853
Cambodia,KHM,116,2000,Exports,1388252075.0,1339389407.0,48862668.0,0.0351972591144875,710,600,5035,4076,-0.0165953856149463,-0.0327392928143648
Cambodia,KHM,116,2001,Exports,1498325962.0,1436389157.0,61936805.0,0.0413373368484687,693,599,5033,4073,-0.0187920371909613,-0.0251976551559105
Cambodia,KHM,116,2002,Exports,1922140217.0,1852072932.146,70067284.85400009,0.0364527437875257,716,618,5032,4073,-0.0185751032341763,-0.051405273241742
Cambodia,KHM,116,2003,Exports,2117334190.0,2041944837.3345,75389352.66549993,0.0356057881753186,856,751,5035,4074,-0.0219711692165195,-0.0180277565690369
Cambodia,KHM,116,2004,Exports,2795647372.0,2719063084.9509,76584287.04909992,0.0273941155154742,789,685,5027,4074,-0.0179153945187074,-0.0289610258019325
Cambodia,KHM,116,2005,Exports,3017539135.0,2934482607.7199,83056527.28009987,0.0275245899271824,761,649,5034,4074,-0.0182965843051513,-0.024636970811382
Cambodia,KHM,116,2006,Exports,3565299733.0,3477031814.6028004,88267918.39719963,0.0247575028770237,791,692,5031,4074,-0.0166406596885725,-0.0304226119357457
Cambodia,KHM,116,2007,Exports,3528740091.0,3438522232.4857,90217858.51429988,0.0255665920945549,971,844,5019,4074,-0.0151124503025559,-0.0432613600228285
Cambodia,KHM,116,2008,Exports,4354293708.0,4166187608.6933,188106099.30670023,0.0432001403490763,779,675,5015,4072,-0.0100338441577753,-0.0902930659241353
Cambodia,KHM,116,2009,Exports,4980270478.0,4776740876.5398,203529601.4602003,0.0408671782705935,841,747,5011,4070,-0.0100912045946228,-0.0693609189220901
Cambodia,KHM,116,2010,Exports,5586404359.0,5388466461.3877,197937897.61229992,0.0354320748897117,935,820,5010,4069,-0.009314594642394,-0.0588971249121218
Cambodia,KHM,116,2011,Exports,6700875260.0,6287079465.8626,413795794.1373997,0.0617524992007386,961,832,5011,4071,-0.0111499375188213,-0.0514716265647087
Cambodia,KHM,116,2012,Exports,5778775106.999999,5371582273.7164,407192833.2835989,0.0704635196462922,1043,919,5007,4067,-0.0203731549512338,-0.0650323246554029
Cambodia,KHM,116,2013,Exports,6662797897.000001,6060063042.4519005,602734854.5481005,0.0904627250992392,1162,1047,5006,4066,-0.0197118463367341,-0.0517090912533302
Cambodia,KHM,116,2014,Exports,6846019341.000002,6207403214.3296,638616126.6704016,0.0932828399776502,924,820,5003,4063,-0.0238594604140945,-0.0641686527949414
Cambodia,KHM,116,2015,Exports,8538522412.0,7919033976.999957,619488435.0000429,0.0725521823459076,1333,1199,5002,4062,-0.0174222946755354,-0.0406292625295673
Cambodia,KHM,116,2016,Exports,10065660503.0,9221473382.397589,844187120.6024132,0.0838680303543725,1395,1255,5003,4064,-0.0205541765427036,-0.0455866152326941
Cambodia,KHM,116,2017,Exports,11274803996.87,10181149216.844105,1093654780.025898,0.096999892887673,1465,1303,4994,4055,-0.0194896627618768,-0.0258128253115079
Cambodia,KHM,116,2018,Exports,12696562418.95,11673960675.16132,1022601743.7886792,0.0805416230035947,1417,1259,4990,4051,-0.0143160649386843,-0.0408004207343065
Cambodia,KHM,116,2019,Exports,14821919714.84,13435589785.532503,1386329929.307497,0.0935324138828977,1504,1332,4987,4048,-0.0137336603653862,-0.0457345083171471
Cambodia,KHM,116,2020,Exports,17714781091.67,13537103612.042356,4177677479.627643,0.2358300369623031,1486,1310,4982,4043,-0.0353385150826084,-0.0476927198984065
Cambodia,KHM,116,2021,Exports,16946270875.490002,15333300951.223202,1612969924.2668,0.0951814081173278,1568,1390,4982,4043,-0.002490723869465,-0.0363733911280294
Cambodia,KHM,116,2022,Exports,20574384990.58,18806147744.810875,1768237245.769123,0.0859436258521803,1609,1436,4988,4049,0.0010501847199951,-0.0349823041296903
Cambodia,KHM,116,2023,Exports,21673942382.612,18276776700.722218,3397165681.889782,0.156739628717255,2097,1882,4982,4043,0.0075508283021867,-0.0153186130934964
Cambodia,KHM,116,2024,Exports,26662107525.473,21095894254.314735,5566213271.158264,0.2087686903910465,2344,2046,4982,4043,0.0122518569656637,-0.0076981538954172
Cameroon,CMR,120,2000,Exports,1586494960.0,66554531.9844,1519940428.0156,0.9580493265579616,1120,921,5035,4076,-0.1357948027775302,0.0018295111965113
Cameroon,CMR,120,2001,Exports,1729012429.0,77491976.3219,1651520452.6781,0.9551813653724176,1224,1013,5033,4073,-0.1052901328536266,-0.0021421766494386
Cameroon,CMR,120,2002,Exports,1616658194.0,113326019.3965,1503332174.6035,0.9299010639248954,1423,1212,5032,4073,-0.1166804872619025,-0.0041184095584955
Cameroon,CMR,120,2003,Exports,1997163809.0,155531461.6133,1841632347.3867,0.922123833351869,1546,1311,5035,4074,-0.124700087269879,0.0090278289942415
Cameroon,CMR,120,2004,Exports,2131683666.0,125301115.6516,2006382550.3484,0.9412196482760872,1348,1154,5027,4074,-0.1300336937907478,-0.0131446059144793
Cameroon,CMR,120,2005,Exports,2803318574.0,108327655.13000378,2694990918.869996,0.9613573511998554,1310,1103,5034,4074,-0.0952683413880677,0.0120138907571548
Cameroon,CMR,120,2006,Exports,3518812457.0,98047635.35090828,3420764821.6490917,0.9721361577097236,1145,981,5031,4074,-0.1255054618916984,-0.0053716756143673
Cameroon,CMR,120,2007,Exports,4168099064.0,430237999.336,3737861064.664,0.8967783652140183,1383,1170,5019,4074,-0.0602045955041737,-0.0198716064706307
Cameroon,CMR,120,2008,Exports,2079968618.0,529192773.4233,1550775844.5767,0.7455765587789748,1511,1292,5015,4072,0.0176572156277423,0.0104032163070575
Cameroon,CMR,120,2009,Exports,1707392034.0,358756621.00450003,1348635412.9955,0.7898803474185004,1626,1366,5011,4070,0.012405689479782,-0.0056450496249966
Cameroon,CMR,120,2010,Exports,3850275244.0,338615444.4221,3511659799.5779,0.9120542239285944,1570,1330,5010,4069,-0.0678562202497152,-0.0041554568039123
Cameroon,CMR,120,2011,Exports,2118129705.0,513283898.2391,1604845806.7609,0.7576711676213899,1593,1342,5011,4071,0.0212516682222462,0.0170610303793356
Cameroon,CMR,120,2012,Exports,4245157473.0,435123380.5801,3810034092.4199,0.8975012391536553,1563,1334,5007,4067,-0.0682156436507271,0.0090444387630229
Cameroon,CMR,120,2013,Exports,4520094821.0,460671427.0345661,4059423393.965434,0.898083680701935,1627,1371,5006,4066,-0.0712747543757728,0.0038184122851084
Cameroon,CMR,120,2014,Exports,5156095091.0,485487601.61357266,4670607489.386427,0.905841999993174,1682,1397,5003,4063,-0.0840530437722502,0.0229248761579486
Cameroon,CMR,120,2015,Exports,4052377629.0,369491561.9249617,3682886067.0750384,0.9088210439025296,1569,1316,5002,4062,-0.0850448901428719,-0.009731477033698
Cameroon,CMR,120,2016,Exports,2129590497.0,268835093.7617222,1860755403.238278,0.8737620710928059,1507,1250,5003,4064,-0.025609988688484,0.0123805882756296
Cameroon,CMR,120,2017,Exports,3259387063.3149996,306489999.29029477,2952897064.024705,0.9059669829521336,1559,1279,4994,4055,-0.0910281835840809,-0.0087551201662468
Cameroon,CMR,120,2018,Exports,3804337442.503,253610107.89130828,3550727334.611692,0.9333365896889394,1368,1072,4990,4051,-0.0966035046996635,0.0212450795463389
Cameroon,CMR,120,2019,Exports,4071589419.134,292690878.35200006,3778898540.782,0.9281138523013812,1479,1189,4987,4048,-0.1152767023116658,0.0055691839036998
Cameroon,CMR,120,2020,Exports,3149636823.7299995,242655236.1220691,2906981587.6079307,0.9229577091892452,1589,1241,4982,4043,-0.0898031663070489,-0.0047273934078264
Cameroon,CMR,120,2021,Exports,4292176194.557,298098574.0899662,3994077620.4670334,0.93054838371547,1702,1392,4982,4043,-0.0880863071879966,0.0241959525636848
Cameroon,CMR,120,2022,Exports,5618037496.0580015,328667375.0554266,5289370121.002575,0.941497831709731,2121,1836,4988,4049,-0.102678048101115,0.0387509491535368
Cameroon,CMR,120,2023,Exports,4967480339.223001,394458930.1548292,4573021409.0681715,0.9205917480860066,2134,1841,4982,4043,-0.08487077259409,0.0234297166201456
Canada,CAN,124,2000,Exports,261607675173.0,182176972905.23068,79430702267.76932,0.3036252748136772,4725,3878,5035,4076,-0.0072896411511085,0.0303167877955305
Canada,CAN,124,2001,Exports,245217574496.0,167250758570.6352,77966815925.3648,0.3179495437291205,4730,3883,5033,4073,-0.0081626030067147,0.0312595975135667
Canada,CAN,124,2002,Exports,236489045636.0,165061669030.25568,71427376605.74432,0.3020324954741631,4768,3910,5032,4073,-0.0065906822250962,0.0296248014861155
Canada,CAN,124,2003,Exports,257370724671.0,171898247130.93762,85472477540.06238,0.3320986784698331,4813,3939,5035,4074,-0.0092288036334046,0.0337289747112595
Canada,CAN,124,2004,Exports,301760659227.0,196639157508.61053,105121501718.38948,0.3483605251515295,4831,3950,5027,4074,-0.0110251183030084,0.0332116420923007
Canada,CAN,124,2005,Exports,344329136031.0,215048040405.38824,129281095625.61176,0.375457903783003,4849,3956,5034,4074,-0.0141606557341905,0.0378803135284365
Canada,CAN,124,2006,Exports,371886140258.0,226228919066.50476,145657221191.49524,0.3916715505730974,4844,3963,5031,4074,-0.0142952601019643,0.0381338022741095
Canada,CAN,124,2007,Exports,403530317235.0,234960642935.9002,168569674299.0998,0.417737322573787,4850,3958,5019,4074,-0.0150044778695673,0.0388281652685238
Canada,CAN,124,2008,Exports,438909830073.0,223862854872.4219,215046975200.5781,0.4899570719680879,4862,3960,5015,4072,-0.0227914180943857,0.0437242167935899
Canada,CAN,124,2009,Exports,302163149678.0,165154518210.46173,137008631467.53828,0.4534260104633588,4840,3952,5011,4070,-0.0189090537622601,0.0454692856850287
Canada,CAN,124,2010,Exports,374645484918.0,195181233734.661,179464251183.339,0.4790241932920103,4839,3946,5010,4069,-0.0200825909871933,0.0423292034765379
Canada,CAN,124,2011,Exports,437377633360.0,214389035788.4083,222988597571.5917,0.5098308202423616,4853,3955,5011,4071,-0.0238963113054573,0.0419931325991373
Canada,CAN,124,2012,Exports,440516112924.0,221968976197.7097,218547136726.2903,0.4961161018053275,4851,3953,5007,4067,-0.0216782378344175,0.0440327925004671
Canada,CAN,124,2013,Exports,441978572736.0,217731675242.75632,224246897493.24368,0.5073705182246233,4812,3924,5006,4066,-0.0224827100906721,0.0432861165601188
Canada,CAN,124,2014,Exports,458183072309.0,223704430408.90857,234478641900.09143,0.5117575398812603,4815,3923,5003,4063,-0.0224796843513278,0.0443582315157334
Canada,CAN,124,2015,Exports,385590087327.87195,219451190349.0252,166138896978.84674,0.4308692117325537,4808,3917,5002,4062,-0.0138671260091344,0.044388267641657
Canada,CAN,124,2016,Exports,351522675382.23303,216485445778.69513,135037229603.5379,0.3841494135668583,4498,3904,5003,4064,-0.0167700075812156,0.030868066201353
Canada,CAN,124,2017,Exports,387680267990.20605,218126533516.12323,169553734474.08282,0.4373545637312814,4629,3920,4994,4055,-0.0157226982509556,0.0328591604803728
Canada,CAN,124,2018,Exports,429752267211.418,228626309337.47632,201125957873.94165,0.4680044137498339,4792,3916,4990,4051,-0.0174823186058774,0.0445558841021573
Canada,CAN,124,2019,Exports,423682078349.12805,227431385930.4378,196250692418.69025,0.4632027230969472,4771,3901,4987,4048,-0.0169476699978412,0.0436033248181465
Canada,CAN,124,2020,Exports,368149065783.256,196773746184.7843,171375319598.47168,0.4655052410193189,4786,3912,4982,4043,-0.0156926838290814,0.0428910930885457
Canada,CAN,124,2021,Exports,480170113135.73706,232184426247.45605,247985686888.281,0.5164538152298102,4799,3919,4982,4043,-0.0251240786955925,0.0420504231039403
Canada,CAN,124,2022,Exports,578346048362.6641,262427807863.31165,315918240499.3524,0.5462443140983463,4800,3929,4988,4049,-0.0312071902613106,0.0407514474357512
Canada,CAN,124,2023,Exports,545304170415.758,273732182726.72403,271571987689.03397,0.498019275154229,4812,3936,4982,4043,-0.0230436618961831,0.0446508410362433
Canada,CAN,124,2024,Exports,529357830205.096,260338462980.3025,269019367224.79352,0.5081994671176656,4795,3934,4982,4043,-0.0246251166487968,0.0421858128635943
Central African Rep.,CAF,140,2000,Exports,80096693.0,3188388.0,76908305.0,0.9601932629103676,177,140,5035,4076,-0.1707950907660927,-0.0411048042814258
Central African Rep.,CAF,140,2001,Exports,74406876.0,3139310.0,71267566.0,0.9578088723950728,184,154,5033,4073,0.0041303319980366,-0.0442007301267419
Central African Rep.,CAF,140,2002,Exports,56875146.0,1492846.0,55382300.0,0.9737522256206604,125,104,5032,4073,-0.0078373488938632,0.1095070465888601
Central African Rep.,CAF,140,2003,Exports,65497386.0,936925.0,64560461.0,0.985695230646304,84,61,5035,4074,0.0663238255588016,0.0638926515233264
Central African Rep.,CAF,140,2004,Exports,106609183.0,2272138.0,104337045.0,0.9786872205933704,89,71,5027,4074,0.1985203722644596,0.155168065971097
Central African Rep.,CAF,140,2005,Exports,110732397.0,2673327.0,108059070.0,0.97585776997133,115,88,5034,4074,0.0723590970611086,-0.053815239785781
Central African Rep.,CAF,140,2006,Exports,100379396.0,494559.0,99884837.0,0.9950731024522204,54,36,5031,4074,0.0461792713988908,0.1050527122541601
Central African Rep.,CAF,140,2007,Exports,131016707.0,992371.4628,130024335.5372,0.9924256113168834,80,50,5019,4074,0.1975534244478907,0.169086550730367
Central African Rep.,CAF,140,2008,Exports,114027158.0,4263849.3396000005,109763308.6604,0.9626067209392344,73,46,5015,4072,0.1063766569745953,0.1566783016521412
Central African Rep.,CAF,140,2009,Exports,80414078.0,2236487.4812000003,78177590.5188,0.972187861418992,66,44,5011,4070,-0.0525601383736171,0.0360539297993849
Central African Rep.,CAF,140,2010,Exports,89613620.0,3116286.0,86497334.0,0.9652253083850424,63,47,5010,4069,0.1674182092290823,0.153350276952415
Central African Rep.,CAF,140,2011,Exports,103611480.0,4774480.0,98837000.0,0.953919391943827,57,37,5011,4071,0.0975187463043555,0.1189133131056905
Central African Rep.,CAF,140,2012,Exports,113834525.0,9485267.0,104349258.0,0.9166749542812254,105,82,5007,4067,0.0976137846782667,0.0948026951348104
Central African Rep.,CAF,140,2013,Exports,48226752.0,3462738.0,44764014.0,0.9281988138035918,71,51,5006,4066,0.2423176333782029,0.2628246736553848
Central African Rep.,CAF,140,2014,Exports,20701224.0,137360.8432,20563863.1568,0.9933646028273498,38,14,5003,4063,0.1858025685418564,0.0027011395432448
Central African Rep.,CAF,140,2015,Exports,96853682.0,77657091.0,19196591.0,0.1982019743968019,52,31,5002,4062,0.0784962032954178,-0.1457715166220053
Central African Rep.,CAF,140,2016,Exports,88451247.99999999,56482807.007,31968440.992999986,0.3614244198453819,64,40,5003,4064,0.1343413712073881,-0.0632906727418922
Central African Rep.,CAF,140,2017,Exports,196990937.218,164003648.77831557,32987288.43968442,0.167455868303114,161,117,4994,4055,0.0447351025237882,-0.0482753125056157
Central African Rep.,CAF,140,2018,Exports,54264098.0,28319684.334,25944413.666,0.4781137920324411,177,136,4990,4051,0.0870545611607137,0.0358463225576992
Central African Rep.,CAF,140,2019,Exports,123969756.256,93372971.3263828,30596784.92961721,0.2468084624320325,80,45,4987,4048,0.0824645270128295,-0.0564090967086653
Central African Rep.,CAF,140,2020,Exports,40531648.064,16004051.198763998,24527596.865236007,0.6051467935995746,123,84,4982,4043,0.1144215198807029,-0.0466762001891252
Central African Rep.,CAF,140,2021,Exports,57720637.06600001,11469052.265,46251584.80100001,0.8013006638875825,122,98,4982,4043,0.0389113033086463,0.0936730568547895
Central African Rep.,CAF,140,2022,Exports,115541406.351,44049925.642000005,71491480.70899999,0.6187520384840914,92,67,4988,4049,-0.0514253982354572,-0.0295258722180655
Central African Rep.,CAF,140,2023,Exports,113259264.413,12783627.268264197,100475637.14473578,0.8871295223881316,122,94,4982,4043,-0.0487158627307519,0.1259442236869768
Central African Rep.,CAF,140,2024,Exports,204503822.28,147103239.60193,57400582.67807001,0.2806821996680286,87,52,4982,4043,-0.0246670223625876,0.0356612641700278
Chile,CHL,152,2000,Exports,17805392834.0,4153814898.6507,13651577935.3493,0.7667102917988504,3341,2799,5035,4076,-0.0821762461900122,0.0531828454266392
Chile,CHL,152,2001,Exports,18301072616.0,4761756429.586599,13539316186.4134,0.7398099811142458,3444,2884,5033,4073,-0.0710115024238686,0.059772588455628
Chile,CHL,152,2002,Exports,16909785661.0,4216013866.3828,12693771794.6172,0.7506760907025314,3420,2868,5032,4073,-0.0719359235134965,0.0591131625527944
Chile,CHL,152,2003,Exports,21746916260.125,5638402524.898059,16108513735.22694,0.7407263421878072,3525,2942,5035,4074,-0.0669714464353421,0.0316644882751019
Chile,CHL,152,2004,Exports,33117189709.183,6747883416.331953,26369306292.851044,0.7962422694803464,3532,2961,5027,4074,-0.0942435675652247,0.0360461305084759
Chile,CHL,152,2005,Exports,42081063484.599,7985155562.274792,34095907922.324207,0.8102434943166958,3578,2998,5034,4074,-0.1008660308635585,0.029062431567057
Chile,CHL,152,2006,Exports,59515580670.412994,9707518360.005138,49808062310.40785,0.8368911426108114,3524,2973,5031,4074,-0.1081790023107456,0.0355143913462797
Chile,CHL,152,2007,Exports,68715323371.81199,10856150243.486126,57859173128.32587,0.8420126732905768,3685,3079,5019,4074,-0.106263497582311,0.046507702225113
Chile,CHL,152,2008,Exports,64692345179.41301,12957924839.63476,51734420339.77825,0.7996992564777455,3631,3055,5015,4072,-0.099101280672311,0.0541469306080993
Chile,CHL,152,2009,Exports,55620204938.735,10262422495.080826,45357782443.654175,0.8154911060398867,3534,2973,5011,4070,-0.091529942204211,0.0513907348291024
Chile,CHL,152,2010,Exports,71419914497.553,12060161680.37606,59359752817.17693,0.8311372708127609,3482,2920,5010,4069,-0.100462052696331,0.0486375152531293
Chile,CHL,152,2011,Exports,81857173311.59,14656330416.136751,67200842895.45325,0.8209524000988,3576,3013,5011,4071,-0.0960100485300715,0.0421427292915666
Chile,CHL,152,2012,Exports,78283509593.211,14738984530.161495,63544525063.0495,0.8117229975156899,3620,3048,5007,4067,-0.098491418152663,0.0383977826672575
Chile,CHL,152,2013,Exports,75173192948.592,12821093055.96354,62352099892.628456,0.8294459427214781,3476,2934,5006,4066,-0.0948659243963543,0.0568563759244581
Chile,CHL,152,2014,Exports,73621419525.113,12852688597.408278,60768730927.70473,0.8254218856371807,3501,2960,5003,4063,-0.0864369675536946,0.0579864141043298
Chile,CHL,152,2015,Exports,60803148771.935,11392118534.05931,49411030237.87569,0.8126393325978936,3550,2998,5002,4062,-0.0790366362034987,0.0586521992820224
Chile,CHL,152,2016,Exports,59702538328.26601,11369713984.794577,48332824343.47144,0.8095606266808992,3620,3075,5003,4064,-0.0842270470797442,0.0524816436203712
Chile,CHL,152,2017,Exports,68187670462.965,12245138062.884792,55942532400.0802,0.8204200557117501,3712,3173,4994,4055,-0.099594310423835,0.0383861542321902
Chile,CHL,152,2018,Exports,74769981114.73502,13466976356.920128,61303004757.81489,0.819887926195207,3738,3188,4990,4051,-0.1036960864896308,0.035701063442966
Chile,CHL,152,2019,Exports,68765071277.348,12333929137.782965,56431142139.56505,0.820636714124284,3706,3155,4987,4048,-0.1030030404092475,0.0398736636420909
Chile,CHL,152,2020,Exports,74007435550.589,12033272454.800964,61974163095.78804,0.8374045477285127,3631,3109,4982,4043,-0.098409404321143,0.0361371682235206
Chile,CHL,152,2021,Exports,94667499234.251,13802231166.111511,80865268068.1395,0.8542030657009495,3625,3114,4982,4043,-0.1175995278017388,0.0267768218033375
Chile,CHL,152,2022,Exports,98516773830.201,24006407557.60911,74510366272.59187,0.756321622965593,3811,3268,4988,4049,-0.0666291826573632,0.0225727835352332
Chile,CHL,152,2023,Exports,92930468925.737,19061482953.19703,73868985972.53998,0.7948844639057022,3858,3302,4982,4043,-0.0945203484969049,0.0245967501812907
Chile,CHL,152,2024,Exports,98849400484.644,16064599818.969011,82784800665.675,0.8374840945902894,3849,3302,4982,4043,-0.1195195282204921,0.0217286474928202
China,CHN,156,2000,Exports,248689015456.0,223444339532.22168,25244675923.77832,0.1015110212145449,4867,4015,5035,4076,-0.0048953817750027,0.0214727390166268
China,CHN,156,2001,Exports,265524291049.0,240224508369.16385,25299782679.83618,0.0952823659932768,4860,4024,5033,4073,-0.00416672506263,0.0249383675697104
China,CHN,156,2002,Exports,324950329912.0,297777617794.33405,27172712117.665955,0.0836211248809152,4878,4032,5032,4073,-0.0042633691920371,0.0199681008447806
China,CHN,156,2003,Exports,437271032807.0,402889461832.7542,34381570974.24579,0.0786275979763354,4882,4028,5035,4074,-0.0039935929737414,0.0259183341450174
China,CHN,156,2004,Exports,592217353262.0,548953323653.661,43264029608.33899,0.0730543091485513,4868,4029,5027,4074,-0.0032344164921372,0.0305001072094741
China,CHN,156,2005,Exports,760348733521.0,709315504708.0433,51033228812.956665,0.0671181874356961,4880,4027,5034,4074,-0.0032449279129327,0.0426087748984056
China,CHN,156,2006,Exports,966623615691.0,910154141151.4504,56469474539.54956,0.058419299531785,4885,4039,5031,4074,-0.003071198133501,0.0455000522280126
China,CHN,156,2007,Exports,1204318303898.0,1154045462892.0508,50272841005.94922,0.0417438154375233,4690,4018,5019,4074,-0.0053569028325797,0.0538818188018517
China,CHN,156,2008,Exports,1413558013922.0,1349280038917.6943,64277975004.305664,0.0454724704407162,4639,4013,5015,4072,-0.0051168654337123,0.0529715705721999
China,CHN,156,2009,Exports,1182456882921.0,1142720401217.2412,39736481703.75879,0.0336050153521019,4639,4015,5011,4070,-0.0052124523788547,0.0553278028255816
China,CHN,156,2010,Exports,1553223886798.0,1500483573016.9402,52740313781.059814,0.0339553841718111,4686,4011,5010,4069,-0.0036838764289631,0.0665390740634512
China,CHN,156,2011,Exports,1867944405833.0,1802990559532.77,64953846300.22998,0.034772901215582,4720,4007,5011,4071,-0.0023033618573955,0.0817421531612661
China,CHN,156,2012,Exports,2024326817421.0,1958709356718.3464,65617460702.653564,0.0324144600259015,4775,4012,5007,4067,-0.0024821122346792,0.0763179192552689
China,CHN,156,2013,Exports,2189015848513.0,2112672199906.505,76343648606.49512,0.0348757861476221,4812,4013,5006,4066,-0.0015480292987869,0.0811078453721618
China,CHN,156,2014,Exports,2329325993735.0,2239336327278.671,89989666456.3291,0.0386333500327421,4831,4012,5003,4063,-0.0014106199841809,0.0822694334057617
China,CHN,156,2015,Exports,2239867990043.0,2182542745423.1724,57325244619.82764,0.0255931353430909,4676,4015,5002,4062,-0.004230528097055,0.07667817717072
China,CHN,156,2016,Exports,2063674856430.0,2003799555300.0315,59875301129.96826,0.0290139219089716,4753,4008,5003,4064,-0.0035084209342755,0.0859222499581995
China,CHN,156,2017,Exports,2258085450175.0,2157981078056.837,100104372118.16331,0.044331525235418,4837,4009,4994,4055,-0.0010979318761208,0.0810748100098269
China,CHN,156,2018,Exports,2480902989218.0,2366261247303.2334,114641741914.7666,0.046209683495485,4837,4015,4990,4051,-0.0014020115736698,0.0861615093577783
China,CHN,156,2019,Exports,2445444634751.0,2366544444313.2017,78900190437.79834,0.0322641491516867,4568,4016,4987,4048,-0.0037272181546883,0.0708067303002076
China,CHN,156,2020,Exports,2563140987870.9995,2465541973073.514,97599014797.48537,0.038077895542747,4823,4015,4982,4043,-0.0002683369233321,0.0894100673849387
China,CHN,156,2021,Exports,3278791330991.0,3155039899401.3955,123751431589.60448,0.0377430031670241,4824,4010,4982,4043,-0.0001559367005269,0.091793519697701
China,CHN,156,2022,Exports,3547664990805.0,3394790927327.3086,152874063477.6914,0.0430914598401814,4830,4013,4988,4049,0.0001768682461149,0.0965260410934957
China,CHN,156,2023,Exports,3307679213785.0,3166707243474.0435,140971970310.95654,0.0426196015996488,4845,4016,4982,4043,-0.0002180795817016,0.1030572761811785
China,CHN,156,2024,Exports,3479639306679.0,3328277852915.3984,151361453763.60156,0.0434991792031635,4863,4019,4982,4043,-0.0002423629939215,0.1015320707338989
"China, Hong Kong SAR",HKG,344,2000,Exports,202181244508.0,193232260322.66968,8948984185.330322,0.0442621876579468,4561,3856,5035,4076,-0.0047435091958848,0.0112022366445189
"China, Hong Kong SAR",HKG,344,2001,Exports,190658981240.0,182407796974.00677,8251184265.993225,0.043277186379207,4512,3821,5033,4073,-0.0050722516059689,0.0106914417727139
"China, Hong Kong SAR",HKG,344,2002,Exports,200452790083.0,192225821262.33105,8226968820.668945,0.0410419272151934,4449,3775,5032,4073,-0.0061725294004619,0.016955716923682
"China, Hong Kong SAR",HKG,344,2003,Exports,227314698217.00003,215319704408.8203,11994993808.179718,0.0527682279336332,4406,3754,5035,4074,-0.0070093782536668,0.0175494546713819
"China, Hong Kong SAR",HKG,344,2004,Exports,264492102073.0,249737941073.8441,14754160999.155914,0.0557829927000381,4433,3771,5027,4074,-0.0064787018215018,0.0213099829731118
"China, Hong Kong SAR",HKG,344,2005,Exports,290972671287.0,278439689692.8256,12532981594.174376,0.0430727103639657,4409,3794,5034,4074,-0.0049066494975922,0.0302276666735046
"China, Hong Kong SAR",HKG,344,2006,Exports,321236329384.0,303290943434.98596,17945385949.014038,0.0558635008170649,4420,3794,5031,4074,-0.0054925923438216,0.0346653261533649
"China, Hong Kong SAR",HKG,344,2007,Exports,347495763491.0,328567620085.8699,18928143405.130127,0.054470141491726,4389,3793,5019,4074,-0.0052283933865466,0.0209225066633491
"China, Hong Kong SAR",HKG,344,2008,Exports,367452964436.99994,342472067322.94543,24980897114.054504,0.0679839313647379,4420,3803,5015,4072,-0.005851648545217,0.0270295186303636
"China, Hong Kong SAR",HKG,344,2009,Exports,327437451942.0,300369800197.08044,27067651744.919556,0.0826651062191692,4418,3793,5011,4070,-0.0050468694179427,0.0232030535950574
"China, Hong Kong SAR",HKG,344,2010,Exports,400252594532.0,366355020361.19495,33897574170.805058,0.0846904545626748,4405,3736,5010,4069,-0.0030526235579489,0.021118407734023
"China, Hong Kong SAR",HKG,344,2011,Exports,455167784412.0,398042377291.5531,57125407120.4469,0.1255040648235755,4442,3749,5011,4071,-0.0052540246171802,0.0241471315471417
"China, Hong Kong SAR",HKG,344,2012,Exports,492373048378.0,413986712030.78827,78386336347.21173,0.1592011110385427,4474,3767,5007,4067,-0.0078611924881127,0.0246663599262421
"China, Hong Kong SAR",HKG,344,2013,Exports,534667398945.0,429232189364.38416,105435209580.61584,0.1971977528247644,4451,3757,5006,4066,-0.0104452632859732,0.0250734812376525
"China, Hong Kong SAR",HKG,344,2014,Exports,523448845637.0,441163882976.2883,82284962660.71167,0.1571977153958124,4446,3759,5003,4063,-0.0065432289105358,0.0274692107728561
"China, Hong Kong SAR",HKG,344,2015,Exports,509940800445.506,435692065739.9523,74248734705.55371,0.1456026555252822,4411,3736,5002,4062,-0.0057226613948871,0.0209871358033556
"China, Hong Kong SAR",HKG,344,2016,Exports,514023164754.259,430772975540.488,83250189213.77094,0.1619580496018514,4349,3712,5003,4064,-0.005994779413155,0.0333230427759958
"China, Hong Kong SAR",HKG,344,2017,Exports,549214176778.458,460633713732.9105,88580463045.54749,0.1612858276258208,4357,3716,4994,4055,-0.0041300930982199,0.0298966606594953
"China, Hong Kong SAR",HKG,344,2018,Exports,568518718864.649,497810349257.7012,70708369606.94788,0.1243729841440487,4347,3704,4990,4051,-0.0018919433824838,0.0265410958591092
"China, Hong Kong SAR",HKG,344,2019,Exports,535054789415.078,480040802150.20935,55013987264.86865,0.1028193529956249,4294,3658,4987,4048,-0.0010394505541607,0.0306907330836773
"China, Hong Kong SAR",HKG,344,2020,Exports,550736682239.507,480262342369.3541,70474339870.15283,0.1279637658845913,4214,3615,4982,4043,-0.0015771668829968,0.036217428522696
"China, Hong Kong SAR",HKG,344,2021,Exports,669814024164.4819,599171243189.8932,70642780974.58875,0.105466261418918,4193,3601,4982,4043,-3.509060141348997e-07,0.0353345514254858
"China, Hong Kong SAR",HKG,344,2022,Exports,609072715352.566,541497101839.0341,67575613513.53192,0.1109483511741538,4279,3692,4988,4049,0.0011675450112829,0.037584415564759
"China, Hong Kong SAR",HKG,344,2023,Exports,574284768979.229,496744661891.20496,77540107088.02405,0.1350203092201955,4266,3676,4982,4043,0.000372536237977,0.0381310237058277
"China, Hong Kong SAR",HKG,344,2024,Exports,638725748320.286,548760606816.54816,89965141503.73785,0.140850970452228,4275,3700,4982,4043,-0.0002794097465157,0.0413994158818173
"China, Macao SAR",MAC,446,2000,Exports,1451627656.4659998,1440944266.42,10683390.045999764,0.0073595939002764,605,577,5035,4076,-0.0029107951065493,-0.0229274393849358
"China, Macao SAR",MAC,446,2001,Exports,1347975291.939,1336379520.7734623,11595771.165537834,0.0086023618050579,613,588,5033,4073,-0.0022135346623618,-0.0104008942235527
"China, Macao SAR",MAC,446,2002,Exports,1648447392.147,1646699940.1482637,1747451.99873662,0.0010600593061454,661,636,5032,4073,-0.0060246787452319,-0.0066187825364277
"China, Macao SAR",MAC,446,2003,Exports,1889634999.196,1888058154.2074256,1576844.9885742664,0.0008344706725082,709,679,5035,4074,-0.0059607412578845,-0.0148059613178758
"China, Macao SAR",MAC,446,2004,Exports,2085874499.296,2083753058.8100953,2121440.485904455,0.0010170508756017,747,707,5027,4074,-0.0055628470078243,-0.0091337777171564
"China, Macao SAR",MAC,446,2005,Exports,1977103713.5039997,1969544551.034,7559162.469999552,0.0038233515107826,756,722,5034,4074,-0.004864738020785,-0.0039968882049522
"China, Macao SAR",MAC,446,2006,Exports,2019977451.26,2005491968.614,14485482.64599967,0.0071711110621378,769,729,5031,4074,-0.0047619121370119,-0.0121972688327902
"China, Macao SAR",MAC,446,2007,Exports,1917846869.559,1909120157.0338788,8726712.525121212,0.0045502655418614,948,910,5019,4074,-0.0034589643478302,-0.0101285512123715
"China, Macao SAR",MAC,446,2008,Exports,1457931832.718,1443190583.0594556,14741249.658544302,0.0101110692062072,1066,1005,5015,4072,-0.0030862659459798,-0.0019686716773535
"China, Macao SAR",MAC,446,2009,Exports,640639745.1880001,628102623.603,12537121.585000038,0.019569690577535,1027,979,5011,4070,-0.0045110123414344,0.0076171153495538
"China, Macao SAR",MAC,446,2010,Exports,426513758.90699995,413167586.834,13346172.072999954,0.0312913048976458,900,861,5010,4069,-0.0048827863352498,-0.0001335514690624
"China, Macao SAR",MAC,446,2011,Exports,485931639.56499994,472275201.9824119,13656437.582588015,0.0281036188440273,951,905,5011,4071,-0.0015852990315607,-0.0047447249475036
"China, Macao SAR",MAC,446,2012,Exports,483395158.04699993,465107577.58800006,18287580.458999872,0.0378315342108201,742,707,5007,4067,3.215706132564389e-05,0.0178553138640163
"China, Macao SAR",MAC,446,2013,Exports,604007885.493,586881025.1040001,17126860.38899994,0.0283553589288337,735,694,5006,4066,0.0003444268584212,0.0173660920496495
"China, Macao SAR",MAC,446,2014,Exports,673037015.7419999,645569924.257,27467091.484999895,0.040810669907536,782,732,5003,4063,-0.0029349363955943,-5.1437262996389954e-05
"China, Macao SAR",MAC,446,2015,Exports,756710585.0000001,743863518.0,12847067.00000012,0.0169775172366593,862,807,5002,4062,-0.0012912941410163,0.0224389013845613
"China, Macao SAR",MAC,446,2016,Exports,478747242.0,469965305.0,8781937.0,0.0183435772148009,250,236,5003,4064,-0.0027149777313369,-0.0080213910986563
"China, Macao SAR",MAC,446,2017,Exports,776593607.26,753020175.007,23573432.25300002,0.0303549141180449,648,593,4994,4055,-0.0008935880303069,0.0022677775121563
"China, Macao SAR",MAC,446,2018,Exports,781752001.499,756003884.29,25748117.20899999,0.0329364263342188,677,626,4990,4051,-0.0019459065887678,0.0171161822092656
"China, Macao SAR",MAC,446,2019,Exports,782272483.92,770224851.912,12047632.008000016,0.0154008127035592,373,352,4987,4048,-0.0005750071284854,0.0307015322127317
"China, Macao SAR",MAC,446,2020,Exports,832879587.364,815849021.7889999,17030565.575000048,0.0204478124249634,397,378,4982,4043,-0.0012916569084493,0.0156317077913042
"China, Macao SAR",MAC,446,2021,Exports,1266319477.694,1228036808.0295649,38282669.66443515,0.0302314465968326,865,802,4982,4043,0.0002391689567509,-0.0311038944767574
"China, Macao SAR",MAC,446,2022,Exports,1278399645.1010003,1232511360.8454647,45888284.2555356,0.0358951009032157,1224,1167,4988,4049,0.0008098874769979,-0.0007497635273878
"China, Macao SAR",MAC,446,2023,Exports,1102493396.1030002,1067534241.4706496,34959154.632350564,0.0317091737292225,1240,1180,4982,4043,0.0013402636315383,0.0021396718520058
"China, Macao SAR",MAC,446,2024,Exports,959915111.8460002,941578728.9760524,18336382.86994791,0.0191020879280517,940,902,4982,4043,0.0014235636215437,0.0020902391000482
Colombia,COL,170,2000,Exports,13158398527.0,4289187900.7171,8869210626.2829,0.6740342001409956,3361,2930,5035,4076,-0.0913433900408882,-0.0021971630760463
Colombia,COL,170,2001,Exports,12301486481.0,4886110343.3194,7415376137.6806,0.6028032587064874,3459,2992,5033,4073,-0.0730130211035317,0.0038994417466671
Colombia,COL,170,2002,Exports,11897470145.0,4525095890.3654995,7372374254.6345005,0.6196589833623407,3537,3032,5032,4073,-0.0742091271073611,0.0055856307307313
Colombia,COL,170,2003,Exports,13092014633.0,4401920679.1528,8690093953.8472,0.663770565298848,3608,3092,5035,4074,-0.0796652889590239,0.0007738262494162
Colombia,COL,170,2004,Exports,16728169914.0,6043894381.504887,10684275532.495111,0.638699605959485,3708,3180,5027,4074,-0.0756695153028214,0.0058409672772774
Colombia,COL,170,2005,Exports,21184372528.0,7214130334.209801,13970242193.7902,0.6594598058226802,3722,3173,5034,4074,-0.0785236981912412,0.0055084598969433
Colombia,COL,170,2006,Exports,24385721686.0,8233192826.797999,16152528859.202,0.6623764950321429,3705,3178,5031,4074,-0.0767932886640482,0.0067303388176571
Colombia,COL,170,2007,Exports,29985871520.999996,10784571870.636007,19201299650.36399,0.6403448916572844,3795,3235,5019,4074,-0.0722717412691181,0.0007079450660286
Colombia,COL,170,2008,Exports,37620289317.0,11772034058.994278,25848255258.00572,0.6870828408628243,3832,3273,5015,4072,-0.0955019289653932,0.0029152358748515
Colombia,COL,170,2009,Exports,32845385888.0,9057033940.32072,23788351947.67928,0.7242524727459606,3780,3230,5011,4070,-0.1020063818236898,0.0050153797650854
Colombia,COL,170,2010,Exports,39812195250.99999,8533361226.819964,31278834024.180027,0.7856596157780165,3723,3189,5010,4069,-0.1025438967932738,0.0077297746380182
Colombia,COL,170,2011,Exports,56944261595.0,9946002318.39144,46998259276.60856,0.8253379350297037,3803,3253,5011,4071,-0.1106772374450264,0.0068409319319144
Colombia,COL,170,2012,Exports,60264628143.00001,9937921675.103989,50326706467.89602,0.8350952792486729,3782,3232,5007,4067,-0.1167928631151797,0.0092726508613196
Colombia,COL,170,2013,Exports,58812767697.0,10141254985.065592,48671512711.93441,0.8275671188046658,3742,3207,5006,4066,-0.1047672316281945,0.0166943455176844
Colombia,COL,170,2014,Exports,54785298797.0,9769862009.835957,45015436787.16405,0.8216700059255505,3786,3245,5003,4063,-0.1066779957296504,0.0201298268414602
Colombia,COL,170,2015,Exports,35680549918.0,8680399973.44143,27000149944.55857,0.7567189969495853,3812,3262,5002,4062,-0.0951664164352648,0.026023045913371
Colombia,COL,170,2016,Exports,31033473974.0,7931261782.382166,23102212191.617836,0.7444288129319001,3822,3272,5003,4064,-0.0845231167344476,0.0231327860167831
Colombia,COL,170,2017,Exports,33214251761.24,8023144197.725884,25191107563.51411,0.7584427234609981,3684,3281,4994,4055,-0.0977297832224191,0.0117731795162399
Colombia,COL,170,2018,Exports,37876400779.31,8532486723.90244,29343914055.40756,0.7747281539864972,3716,3253,4990,4051,-0.0980796257234773,0.0234115637551927
Colombia,COL,170,2019,Exports,39476839485.75,8514868216.445988,30961971269.304012,0.7843072462900783,3743,3216,4987,4048,-0.0898768556081964,0.0265279091024174
Colombia,COL,170,2020,Exports,30010375727.56,7404681876.889491,22605693850.670506,0.7532626067693844,3804,3254,4982,4043,-0.0804722784778354,0.0178591424131636
Colombia,COL,170,2021,Exports,41379203028.4,9360110204.360584,32019092824.039417,0.7737967500742725,3803,3248,4982,4043,-0.0870798411209465,0.0230137246842608
Colombia,COL,170,2022,Exports,56899749247.95,10874795867.031387,46024953380.91861,0.8088779650039813,4012,3456,4988,4049,-0.097255706685629,0.0231169903818281
Colombia,COL,170,2023,Exports,48195550277.700005,10810236260.915236,37385314016.78477,0.775700532546526,3993,3451,4982,4043,-0.0911220240632929,0.0282067752441932
Colombia,COL,170,2024,Exports,49546391713.549995,11405198915.981333,38141192797.568665,0.7698076787928388,4091,3521,4982,4043,-0.084586304449421,0.0296339776021499
Comoros,COM,174,2000,Exports,6965503.0,614598.0,6350905.0,0.9117654532630308,75,64,5035,4076,0.3814700681304384,0.1415105733892401
Comoros,COM,174,2001,Exports,7666941.0,295955.0,7370986.0,0.9613985551734388,71,63,5033,4073,0.2459802256535974,0.0442682873818054
Comoros,COM,174,2002,Exports,9325258.0,246911.0,9078347.0,0.973522341151312,66,54,5032,4073,0.2025172776078938,-0.0175528363833344
Comoros,COM,174,2003,Exports,6472011.0,174716.0,6297295.0,0.9730043722113576,54,47,5035,4074,0.2297547668479659,0.1503152089846381
Comoros,COM,174,2004,Exports,7905027.0,294671.0,7610356.0,0.9627235934804524,38,33,5027,4074,0.2873051871610942,0.1290436317774514
Comoros,COM,174,2005,Exports,3740682.0,484306.0,3256376.0,0.8705300263427899,45,37,5034,4074,0.5306444989921913,0.1406951421470156
Comoros,COM,174,2006,Exports,2580190.0,347517.0,2232673.0,0.8653134071521865,42,39,5031,4074,0.3983161526800939,0.1373400948841961
Comoros,COM,174,2007,Exports,1716166.0,539884.0,1176282.0,0.6854127164854682,3,1,5019,4074,0.1849412142544261,
Comoros,COM,174,2008,Exports,4289705.0,1324811.3124,2964893.6876,0.6911649373558322,137,113,5015,4072,0.2346210540322823,0.0501975334838159
Comoros,COM,174,2009,Exports,12670148.312999995,3376782.9078402,9293365.405159798,0.7334851317900117,209,180,5011,4070,0.24648995664378,0.0312616237047491
Comoros,COM,174,2010,Exports,14441846.003,4785936.2635269,9655909.7394731,0.6686063358844349,128,105,5010,4069,0.1835455335105758,0.0260478904596099
Comoros,COM,174,2011,Exports,26742833.23300001,5826161.2069999995,20916672.02600001,0.7821412130779526,126,109,5011,4071,0.0966568353142217,0.0699700258864613
Comoros,COM,174,2012,Exports,20611330.386,3131579.769000001,17479750.617,0.8480651316361855,150,138,5007,4067,0.1771305652879374,0.0799338520025327
Comoros,COM,174,2013,Exports,15825383.118,4695699.1386048,11129683.9793952,0.7032805396500101,168,150,5006,4066,0.2332449084549031,0.075772753199241
Comoros,COM,174,2014,Exports,25676665.985,9173287.393,16503378.592,0.6427383758327921,182,167,5003,4063,0.2116010829971378,0.1016428360620111
Comoros,COM,174,2015,Exports,15610192.938,4420519.638,11189673.3,0.7168183855537686,126,109,5002,4062,0.1654415313756686,0.1299458032407441
Comoros,COM,174,2016,Exports,33462750.671999995,8589322.819,24873427.852999993,0.7433168927685574,191,177,5003,4064,-0.0273870371583632,0.0484117428407618
Comoros,COM,174,2017,Exports,38724548.873,7620308.497,31104240.375999995,0.8032176301913455,242,229,4994,4055,0.1647294447131758,0.0330237838860696
Comoros,COM,174,2018,Exports,45971237.58800001,16551289.504000004,29419948.084000006,0.6399642391110996,205,193,4990,4051,0.0565548166913124,0.0186187016379011
Comoros,COM,174,2019,Exports,48962230.363000005,27575393.8992728,21386836.46372721,0.436802741729039,210,184,4987,4048,0.0995736444766816,-0.0232438973866777
Comoros,COM,174,2020,Exports,20683101.312999997,6870906.0765962005,13812195.236403797,0.6678009756555409,176,159,4982,4043,0.0966114945329431,0.035418614223978
Comoros,COM,174,2021,Exports,34222278.691,13814108.15752354,20408170.533476457,0.5963416614581989,342,316,4982,4043,0.1147307171502809,0.0413559749899774
Comoros,COM,174,2022,Exports,54635671.10699999,13345563.367,41290107.739999995,0.7557353447555594,351,334,4988,4049,0.2186880892489062,-0.0018724546763218
Comoros,COM,174,2023,Exports,28529700.73,3016501.780999999,25513198.949,0.8942680188079211,275,245,4982,4043,0.1176347493844746,-0.0915651561080875
Costa Rica,CRI,188,2000,Exports,5486807674.0,3905548153.8611007,1581259520.138899,0.288192992007341,2604,2195,5035,4076,0.0141062517187637,0.0063951115745886
Costa Rica,CRI,188,2001,Exports,4715686965.0,3262568430.1489,1453118534.8511,0.308145673289215,2638,2234,5033,4073,0.0155134540463715,0.014942894087155
Costa Rica,CRI,188,2002,Exports,4949700640.0,3494859398.2102003,1454841241.7897997,0.2939250972135154,2577,2190,5032,4073,0.0155489366678401,0.023725811174012
Costa Rica,CRI,188,2003,Exports,5797653958.0,4173880522.4151783,1623773435.5848217,0.2800742243928215,2728,2291,5035,4074,0.0185503487033678,0.014335381855171
Costa Rica,CRI,188,2004,Exports,5860189482.0,4095598504.3537,1764590977.6463003,0.3011150037155574,2798,2367,5027,4074,0.0204302454891301,0.0151444227016686
Costa Rica,CRI,188,2005,Exports,7150688311.0,5209799442.064658,1940888868.9353416,0.2714268591388113,2822,2398,5034,4074,0.0170751926818357,0.0198747872455288
Costa Rica,CRI,188,2006,Exports,7254765615.0,5063272117.497569,2191493497.502431,0.3020764024369423,2843,2395,5031,4074,0.0193955534338716,0.0172113776115638
Costa Rica,CRI,188,2007,Exports,8674854345.0,6252080039.5082035,2422774305.4917965,0.2792870299762706,2919,2442,5019,4074,0.0264161406006071,0.0250753217582525
Costa Rica,CRI,188,2008,Exports,9744527664.0,6962771322.060772,2781756341.939228,0.285468566343764,3052,2568,5015,4072,0.026803876716016,0.0239530962494962
Costa Rica,CRI,188,2009,Exports,6543245412.0,4642926348.825748,1900319063.1742516,0.2904245437117729,3095,2611,5011,4070,0.0288239613329505,0.0230200898081953
Costa Rica,CRI,188,2010,Exports,9044781019.0,6244835869.710181,2799945149.289819,0.3095647250506219,3220,2749,5010,4069,0.0316287441935531,0.0226282098619484
Costa Rica,CRI,188,2011,Exports,10222241143.0,7029479833.624618,3192761309.3753824,0.3123347673676946,3294,2803,5011,4071,0.0242550685830416,0.024074259835721
Costa Rica,CRI,188,2012,Exports,11250804023.0,7806020624.38818,3444783398.61182,0.3061810863978836,3357,2859,5007,4067,0.0284891781744497,0.0298570943475601
Costa Rica,CRI,188,2013,Exports,11472063626.0,8183221977.016948,3288841648.9830523,0.2866826541590392,3338,2850,5006,4066,0.0283288876765769,0.0220720947140886
Costa Rica,CRI,188,2014,Exports,11242661393.0,7767679005.231391,3474982387.768609,0.3090889484523861,3301,2821,5003,4063,0.0295783397948009,0.0248552258493935
Costa Rica,CRI,188,2015,Exports,9578312856.0,6311504166.458532,3266808689.5414677,0.3410630597115116,3299,2835,5002,4062,0.0315381270811202,0.0385930615528853
Costa Rica,CRI,188,2016,Exports,9907873817.54,6456406647.388826,3451467170.1511745,0.3483559877439103,3246,2794,5003,4064,0.0264638181992682,0.0348547600312003
Costa Rica,CRI,188,2017,Exports,11121399397.346,7155444738.347847,3965954658.9981537,0.356605721753378,3227,2762,4994,4055,0.0262067302052199,0.0202944061975384
Costa Rica,CRI,188,2018,Exports,11251781448.190002,7460874864.121071,3790906584.068931,0.3369161231512143,3192,2742,4990,4051,0.0356775973223091,0.038752220387238
Costa Rica,CRI,188,2019,Exports,11451993076.87,7823252341.79734,3628740735.0726585,0.3168654321317881,3356,2888,4987,4048,0.0276373532975081,0.0279955865565882
Costa Rica,CRI,188,2020,Exports,11622755153.42,7919782638.676613,3702972514.743387,0.3185967927452886,3259,2812,4982,4043,0.0265724662015903,0.0306798620977579
Costa Rica,CRI,188,2021,Exports,14345395565.22,10136154968.933022,4209240596.28698,0.2934210198073703,3312,2853,4982,4043,0.0305518536990773,0.0391207288287825
Costa Rica,CRI,188,2022,Exports,15317492570.396002,11128179273.698145,4189313296.697857,0.2734986341559917,3442,2993,4988,4049,0.0247928472229989,0.0320310835066507
Costa Rica,CRI,188,2023,Exports,18105856668.663,13540978599.378565,4564878069.284439,0.2521216285327815,3496,3028,4982,4043,0.0235679737301406,0.0359368173215356
Costa Rica,CRI,188,2024,Exports,19880341333.983,15031007541.464165,4849333792.518835,0.2439260831115356,3446,3005,4982,4043,0.0231469234665451,0.0339477280444509
Croatia,HRV,191,2000,Exports,4431597348.0,3454209335.9186997,977388012.0813004,0.2205498233097372,3563,3061,5035,4076,-0.0069400693684981,0.0046561269492904
Croatia,HRV,191,2001,Exports,4665904226.0,3656253663.8829,1009650562.1170998,0.2163890455554112,3622,3119,5033,4073,-0.0030161202192393,0.0080858192070518
Croatia,HRV,191,2002,Exports,4903584487.0,3838396085.062228,1065188401.9377724,0.2172264809063077,3795,3239,5032,4073,-0.0026822260669566,0.0101360911956577
Croatia,HRV,191,2003,Exports,6186630195.0,4745913402.443531,1440716792.556469,0.2328758544063048,3779,3242,5035,4074,-0.0008245322694577,0.0103323364529641
Croatia,HRV,191,2004,Exports,8024156751.0,6260003775.656198,1764152975.3438025,0.2198552483566509,3851,3274,5027,4074,-0.0005780436637173,0.0137815127299314
Croatia,HRV,191,2005,Exports,8772552653.0,6527972259.424797,2244580393.575203,0.2558639978989024,3845,3300,5034,4074,-0.007761025366426,0.01735016993662
Croatia,HRV,191,2006,Exports,10376964369.0,7485408496.4485,2891555872.5515003,0.2786514215264817,3829,3277,5031,4074,-0.008892772773708,0.0275108783854349
Croatia,HRV,191,2007,Exports,12360221564.0,9071525561.4787,3288696002.5212994,0.2660709588005974,4013,3407,5019,4074,-0.0046172804079905,0.0174337089896476
Croatia,HRV,191,2008,Exports,14123674785.0,10536084972.962055,3587589812.037945,0.2540124908460885,4043,3444,5015,4072,-0.0028242101817061,0.0158019864776121
Croatia,HRV,191,2009,Exports,10491835496.0,7672798782.711798,2819036713.2882023,0.2686886116698033,3950,3352,5011,4070,-0.0021528362187309,0.0254530554056687
Croatia,HRV,191,2010,Exports,11810676241.0,8701521699.285233,3109154541.7147675,0.2632494937860999,3935,3343,5010,4069,-0.0047718926009457,0.0160021327220937
Croatia,HRV,191,2011,Exports,13364022440.0,9689729353.591171,3674293086.4088287,0.274939158693064,3917,3323,5011,4071,-0.0094316192239205,0.0136696104538813
Croatia,HRV,191,2012,Exports,12368983411.0,8489440104.9916,3879543306.0084,0.3136509426116813,4076,3454,5007,4067,-0.0132923834274949,0.0238608038968231
Croatia,HRV,191,2013,Exports,12669295872.000002,8759572912.13929,3909722959.860712,0.3085982835479802,4171,3508,5006,4066,-0.011945665099086,0.0267579700971752
Croatia,HRV,191,2014,Exports,13757715234.999998,9578495763.563875,4179219471.436121,0.3037727849464476,4225,3541,5003,4063,-0.0124782710373474,0.0234594754610475
Croatia,HRV,191,2015,Exports,12797762709.0,9242993519.9411,3554769189.058899,0.2777648929651598,4294,3595,5002,4062,-0.006834275160284,0.0242022207650879
Croatia,HRV,191,2016,Exports,13617352110.0,10061769289.215311,3555582820.784687,0.2611067696614542,4324,3603,5003,4064,-0.0058367583643559,0.0274600208999599
Croatia,HRV,191,2017,Exports,15741606020.0,11585793166.641224,4155812853.358776,0.2640018336171505,4316,3594,4994,4055,-0.005066079581944,0.0233903921658817
Croatia,HRV,191,2018,Exports,17142380091.0,12577347685.374374,4565032405.625626,0.2663009676248127,4365,3639,4990,4051,-0.0065608017781995,0.0214431826081333
Croatia,HRV,191,2019,Exports,17001581239.0,12740523271.532276,4261057967.467724,0.2506271568254642,4333,3613,4987,4048,-0.0037291064735818,0.0270207595730049
Croatia,HRV,191,2020,Exports,16927961364.0,12449599370.366816,4478361993.633183,0.2645541242288708,4297,3590,4982,4043,-0.0038862616103454,0.0250408574556891
Croatia,HRV,191,2021,Exports,21807213646.0,15370425023.659107,6436788622.340893,0.2951678617374194,4318,3595,4982,4043,-0.0075813041973638,0.032052409137625
Croatia,HRV,191,2022,Exports,25327276976.0,16026987788.201176,9300289187.798824,0.3672044648389059,4414,3679,4988,4049,-0.0212300481923373,0.0235932820723083
Croatia,HRV,191,2023,Exports,24620051032.0,17689139950.008057,6930911081.991943,0.2815148950334614,4407,3665,4982,4043,-0.0065408330155766,0.0270687028027696
Croatia,HRV,191,2024,Exports,25955346807.0,18472691957.033512,7482654849.966488,0.2882895345458632,4335,3603,4982,4043,-0.0085567571301226,0.0238988659059707
Cyprus,CYP,196,2000,Exports,953485396.0,715740694.3755,237744701.62450004,0.249342782408489,2158,1864,5035,4076,0.0123168800546936,0.0189519626894895
Cyprus,CYP,196,2001,Exports,974418927.0,740739314.1448,233679612.85520017,0.2398143204942078,2125,1855,5033,4073,0.0163890504137012,0.0251950782880556
Cyprus,CYP,196,2002,Exports,837006958.0,623206639.7090337,213800318.29096627,0.2554343380870273,2171,1871,5032,4073,0.0157430587072565,0.0134265840666988
Cyprus,CYP,196,2003,Exports,923135058.0,659454191.2043337,263680866.7956663,0.2856362831316784,2061,1774,5035,4074,0.022233295062348,0.0190319240547084
Cyprus,CYP,196,2004,Exports,1171482797.0,861044367.6092943,310438429.3907057,0.2649961486294926,2150,1852,5027,4074,0.0237132004555969,0.028008437318539
Cyprus,CYP,196,2005,Exports,1533046640.0,1074428202.3498168,458618437.6501832,0.2991549152413152,1892,1638,5034,4074,0.0143627157383831,0.0331913961520643
Cyprus,CYP,196,2006,Exports,1414656455.0,884903359.4107902,529753095.5892098,0.3744747311029728,1746,1516,5031,4074,0.0043986376740905,0.0253913083391647
Cyprus,CYP,196,2007,Exports,1486310251.0,919847734.1282756,566462516.8717245,0.3811199690580109,1870,1614,5019,4074,0.0139818540450545,0.0231328155328052
Cyprus,CYP,196,2008,Exports,1713084767.0000002,979256476.637674,733828290.3623263,0.4283665960368242,1764,1481,5015,4072,0.0031466548811965,0.0159916158575257
Cyprus,CYP,196,2009,Exports,1350581946.0,873572215.7341874,477009730.26581264,0.3531882916683181,1763,1518,5011,4070,0.0130474769262921,0.0264931963093735
Cyprus,CYP,196,2010,Exports,1505864682.0,949326003.9374024,556538678.0625976,0.3695808027872969,1676,1432,5010,4069,-0.0030521334854894,0.0084070918817069
Cyprus,CYP,196,2011,Exports,1954770453.0,1123863514.613543,830906938.386457,0.4250662460706106,1771,1512,5011,4071,-0.0179357141124107,0.018272318972082
Cyprus,CYP,196,2012,Exports,1570888411.0,1008834808.3425148,562053602.6574852,0.3577934617900019,1924,1663,5007,4067,0.0002776654316535,0.0155875979686546
Cyprus,CYP,196,2013,Exports,1896536241.157,1272832185.9069314,623704055.2500687,0.3288648229941401,1921,1634,5006,4066,0.0055591013608122,0.0235463968726295
Cyprus,CYP,196,2014,Exports,3028991489.231,2422648868.399082,606342620.8319178,0.2001797043628722,1926,1670,5003,4063,0.006650170094495,0.0249344781282882
Cyprus,CYP,196,2015,Exports,3240675455.02,2516542364.8296127,724133090.1903872,0.2234512836108478,1972,1683,5002,4062,0.0069383221413704,0.0355763629039415
Cyprus,CYP,196,2016,Exports,2878616041.827,2060185419.5605152,818430622.2664847,0.2843139239045729,1899,1627,5003,4064,0.0026432993544801,0.0311129732119906
Cyprus,CYP,196,2017,Exports,3058577013.7439995,2121349224.1886635,937227789.555336,0.3064260881265425,1894,1641,4994,4055,-0.0105662676685964,0.0318143651004004
Cyprus,CYP,196,2018,Exports,4566690285.2369995,3315359083.0920987,1251331202.1449008,0.2740127146765679,1948,1740,4990,4051,-0.0136116391571228,0.0363668950624381
Cyprus,CYP,196,2019,Exports,3287165373.005,2211373939.294184,1075791433.710816,0.3272702500900856,2055,1801,4987,4048,-0.0127474967037177,0.0293190964226932
Cyprus,CYP,196,2020,Exports,3028653828.491,2033625246.5893712,995028581.901629,0.3285382345586168,2068,1826,4982,4043,-0.0014648790724126,0.0260141746648447
Cyprus,CYP,196,2021,Exports,3764211410.088,2592349894.9488587,1171861515.1391416,0.3113166045877709,2138,1906,4982,4043,-0.0044704400080213,0.0284491094100697
Cyprus,CYP,196,2022,Exports,4175075232.867,2669888523.200508,1505186709.666492,0.3605172663278905,2542,2262,4988,4049,-0.0074902266609829,0.0236969650242964
Cyprus,CYP,196,2023,Exports,5040610621.769,2744241416.9059668,2296369204.8630333,0.4555736154158885,2456,2212,4982,4043,-0.0188597802421777,0.0140173836250578
Cyprus,CYP,196,2024,Exports,5558763576.276001,3171270634.240019,2387492942.035982,0.4295007170705113,2433,2185,4982,4043,-0.017192946095015,0.014678952063883
Czechia,CZE,203,2000,Exports,29052867457.0,26302850413.3804,2750017043.6195984,0.0946556152396932,4721,3946,5035,4076,-0.0057840331229793,0.0218060972509418
Czechia,CZE,203,2001,Exports,33384211016.000004,30563258005.4914,2820953010.508602,0.0844996159758458,4722,3947,5033,4073,-0.0048219306253209,0.0186047235835041
Czechia,CZE,203,2002,Exports,44228645049.0,40301946833.1649,3926698215.8350983,0.0887817886232958,4688,3921,5032,4073,-0.0045598206796081,0.0236437283640226
Czechia,CZE,203,2003,Exports,48720350334.0,44896684822.46825,3823665511.5317535,0.0784818968935732,4720,3929,5035,4074,-0.00443033496388,0.0203728161636275
Czechia,CZE,203,2004,Exports,65748527548.0,60564284366.71855,5184243181.281448,0.0788495708515551,4742,3940,5027,4074,-0.0030942195422908,0.021460110233903
Czechia,CZE,203,2005,Exports,76773849308.0,70460288332.4152,6313560975.584793,0.0822358268146248,4714,3914,5034,4074,-0.0027554153402999,0.0169918865183938
Czechia,CZE,203,2006,Exports,93452159315.0,86092288379.13924,7359870935.860764,0.0787554936109371,4737,3927,5031,4074,-0.002241611230513,0.0202303424355886
Czechia,CZE,203,2007,Exports,120829518140.0,111455885577.47395,9373632562.526031,0.0775773396006198,4762,3933,5019,4074,-0.0019502995629512,0.0184504930037746
Czechia,CZE,203,2008,Exports,142485187697.0,130532320100.16994,11952867596.830065,0.0838884924813958,4781,3945,5015,4072,-0.0012730466578775,0.0172177128992606
Czechia,CZE,203,2009,Exports,110566391425.0,100465535256.7819,10100856168.218094,0.0913555741309488,4787,3947,5011,4070,-0.0019042246427062,0.0213511679044083
Czechia,CZE,203,2010,Exports,128907044367.0,116801863760.52954,12105180606.47046,0.0939062769293418,4776,3941,5010,4069,-0.0012185737770405,0.0182284283194809
Czechia,CZE,203,2011,Exports,162272772874.0,146926432356.1016,15346340517.898409,0.0945712595286356,4781,3951,5011,4071,-0.0008231196265725,0.024441488748518
Czechia,CZE,203,2012,Exports,156303113821.0,140536452152.17688,15766661668.82312,0.1008723453000384,4811,3960,5007,4067,-0.0011234826478376,0.0260317301385376
Czechia,CZE,203,2013,Exports,161375056403.0,146359558154.02814,15015498248.971865,0.0930472068215662,4827,3968,5006,4066,0.0001443785375947,0.022833633764242
Czechia,CZE,203,2014,Exports,174116045879.0,159104938443.2846,15011107435.715391,0.0862132341676722,4782,3930,5003,4063,9.5137218160124e-06,0.0221878649878457
Czechia,CZE,203,2015,Exports,157020602597.0,143686658068.53085,13333944528.469149,0.0849184394145479,4801,3960,5002,4062,-0.0009442296888341,0.0231073882288327
Czechia,CZE,203,2016,Exports,161889377880.0,150668607681.4736,11220770198.526398,0.0693113430014152,4809,3952,5003,4064,-3.803753081388361e-05,0.0251182485054418
Czechia,CZE,203,2017,Exports,180249072787.0,169727432378.86575,10521640408.134249,0.0583727851991097,4756,3954,4994,4055,-0.0003319307770626,0.0489678772223909
Czechia,CZE,203,2018,Exports,202207872441.0,188735823964.08173,13472048476.918274,0.0666247476633192,4805,3945,4990,4051,0.0002223751230037,0.0270341298060018
Czechia,CZE,203,2019,Exports,196948179636.0,186500923426.72272,10447256209.277285,0.0530457109509004,4483,3957,4987,4048,-0.0009230795102985,0.0235356830074244
Czechia,CZE,203,2020,Exports,190286519031.0,180393952717.46048,9892566313.53952,0.0519877412436553,4648,3948,4982,4043,-5.910846760837085e-05,0.0500601207106747
Czechia,CZE,203,2021,Exports,224249261144.0,208993186273.8621,15256074870.13794,0.0680317731809219,4587,3959,4982,4043,-0.0014003828656112,0.040620951468238
Czechia,CZE,203,2022,Exports,240515385007.00003,219148908090.62335,21366476916.37668,0.0888362169253947,4812,3963,4988,4049,-0.0002480553969949,0.0374745870475069
Czechia,CZE,203,2023,Exports,252803463236.0,235605559858.48505,17197903377.514984,0.0680287491214477,4831,3971,4982,4043,0.0012693986206293,0.0340598026611582
Czechia,CZE,203,2024,Exports,258705155452.0,241940390073.7009,16764765378.299105,0.0648025948652176,4812,3955,4982,4043,0.0016616433129531,0.0383507521883118
Côte d'Ivoire,CIV,384,2000,Exports,3592021272.0,666752137.797,2925269134.203,0.8143796800441109,2036,1718,5035,4076,-0.0901006917851725,0.0065626674710949
Côte d'Ivoire,CIV,384,2001,Exports,3630277734.0,835918357.0102,2794359376.9898,0.7697370784661293,2099,1748,5033,4073,-0.0470907347877519,0.0125648152515246
Côte d'Ivoire,CIV,384,2002,Exports,4966338077.0,1255555178.3545,3710782898.6455,0.7471869295066318,2010,1705,5032,4073,-0.054471781002595,0.0111336484861227
Côte d'Ivoire,CIV,384,2003,Exports,5070546147.999999,1432850942.838375,3637695205.161624,0.7174168420883928,1869,1558,5035,4074,-0.0318324521908722,0.0149860555613574
Côte d'Ivoire,CIV,384,2004,Exports,6522579218.0,1965871695.7946,4556707522.2054,0.6986051636798074,1877,1550,5027,4074,-0.0435872557531734,0.0258546541019416
Côte d'Ivoire,CIV,384,2005,Exports,7221162167.0,2019578963.524415,5201583203.475585,0.7203249398339658,1885,1551,5034,4074,-0.0513722544137595,0.0111616930175998
Côte d'Ivoire,CIV,384,2006,Exports,8133741926.0,1848283453.0695136,6285458472.930487,0.7727634500965216,1726,1405,5031,4074,-0.0758571189345111,0.0286649161426435
Côte d'Ivoire,CIV,384,2007,Exports,8046633305.0,1741381110.669272,6305252194.330729,0.7835888570208344,1702,1357,5019,4074,-0.0648715652576927,0.016861162788694
Côte d'Ivoire,CIV,384,2008,Exports,9706197893.757002,1618515079.7615724,8087682813.99543,0.833249321981927,1831,1463,5015,4072,-0.0617708303805756,0.0240104741414619
Côte d'Ivoire,CIV,384,2009,Exports,10295742357.483002,2002782586.6926897,8292959770.790312,0.8054746790320509,2098,1680,5011,4070,-0.0510782060302499,0.0164123080576326
Côte d'Ivoire,CIV,384,2010,Exports,10283198007.151,1942768638.2068155,8340429368.944185,0.8110734970914882,2056,1631,5010,4069,-0.0290263796054162,0.0291458728101962
Côte d'Ivoire,CIV,384,2011,Exports,11106422702.693,1341076406.1019669,9765346296.591034,0.8792521730892888,1802,1410,5011,4071,-0.0829647926010722,0.0223070418730564
Côte d'Ivoire,CIV,384,2012,Exports,10854169529.775,1349215494.883968,9504954034.891031,0.8756961100356117,1986,1553,5007,4067,-0.0769161120534956,0.0133881903224032
Côte d'Ivoire,CIV,384,2013,Exports,13733149556.574,4009020213.5426726,9724129343.031328,0.708077145957857,2203,1774,5006,4066,-0.0039140066586264,0.020897728479874
Côte d'Ivoire,CIV,384,2014,Exports,12676392866.045002,2398170306.639908,10278222559.405094,0.8108160316596333,2326,1851,5003,4063,-0.0454966780062807,0.0298348234403738
Côte d'Ivoire,CIV,384,2015,Exports,12559700104.216,2943700253.7557106,9615999850.460287,0.7656233644649223,2742,2232,5002,4062,-0.0192858795043606,0.0159977623274794
Côte d'Ivoire,CIV,384,2016,Exports,10776851158.243,1790429255.5499337,8986421902.693066,0.8338634143443217,2715,2222,5003,4064,-0.0580046868329788,0.0164567497866416
Côte d'Ivoire,CIV,384,2017,Exports,12445558550.304998,2307233835.4796968,10138324714.825302,0.814613878022923,2625,2161,4994,4055,-0.0284611559176082,0.0327933955377983
Côte d'Ivoire,CIV,384,2018,Exports,11359658985.328,1548887262.4256337,9810771722.902369,0.8636501972087227,2542,2138,4990,4051,-0.0585573324978927,0.042382891714879
Côte d'Ivoire,CIV,384,2019,Exports,12385437881.674002,1623154891.609282,10762282990.06472,0.8689465074132771,2627,2207,4987,4048,-0.0548812155067311,0.0414123825132107
Côte d'Ivoire,CIV,384,2020,Exports,12454042069.068998,1517778470.9669852,10936263598.102013,0.8781296495909101,2671,2207,4982,4043,-0.0417583285497022,0.0385417431364549
Côte d'Ivoire,CIV,384,2021,Exports,15333663013.394,1918744253.6262145,13414918759.767784,0.8748671956628898,2717,2234,4982,4043,-0.0403313565862203,0.0432363192138267
Côte d'Ivoire,CIV,384,2022,Exports,16428707004.974,2145623110.9736311,14283083894.000368,0.8693979319051697,2651,2147,4988,4049,-0.0378798931070434,0.0400644589762705
Côte d'Ivoire,CIV,384,2023,Exports,18343606673.181,2938649336.207693,15404957336.973309,0.8397998066266814,2815,2310,4982,4043,-0.0116514775795041,0.045421897603929
Côte d'Ivoire,CIV,384,2024,Exports,20548862153.446003,2234075501.126848,18314786652.319153,0.8912798438938284,3030,2542,4982,4043,-0.0536831659575822,0.038646182799915
Denmark,DNK,208,2000,Exports,46368294680.0,34142364747.4003,12225929932.5997,0.2636700361092447,4429,3685,5035,4076,-0.0068014899581363,0.0325567335088631
Denmark,DNK,208,2001,Exports,48208804622.0,35957609034.0857,12251195587.9143,0.254127761183348,4456,3706,5033,4073,-0.0031016677879567,0.0309414924940777
Denmark,DNK,208,2002,Exports,53470980997.0,40304254904.124016,13166726092.875984,0.2462405934466529,4639,3836,5032,4073,-0.0002323008578917,0.0337285284077236
Denmark,DNK,208,2003,Exports,62198988404.0,46729232677.03772,15469755726.96228,0.2487139441317252,4654,3843,5035,4074,-0.0015711669143053,0.0330468865820184
Denmark,DNK,208,2004,Exports,72000107729.0,53435339633.23509,18564768095.764908,0.2578436155351395,4658,3851,5027,4074,-0.0036827287458959,0.0354013055485561
Denmark,DNK,208,2005,Exports,77467262261.0,56323387731.043816,21143874529.956184,0.2729394832454383,4630,3815,5034,4074,-0.0061648098088589,0.0346305018952204
Denmark,DNK,208,2006,Exports,85647455199.0,61675378527.68052,23972076671.31948,0.2798924569985282,4659,3841,5031,4074,-0.005346871120938,0.0353524634270701
Denmark,DNK,208,2007,Exports,96511559509.0,71949190942.45602,24562368566.543976,0.254501830573502,4702,3869,5019,4074,-0.0012166291363668,0.0362184577131533
Denmark,DNK,208,2008,Exports,109321773308.0,80056716716.49002,29265056591.50998,0.2676965046026051,4685,3848,5015,4072,-0.0027074406185896,0.0421153321522466
Denmark,DNK,208,2009,Exports,87429698555.0,65006826691.7791,22422871863.2209,0.2564674502350616,4640,3815,5011,4070,0.004527722989814,0.0429596287666236
Denmark,DNK,208,2010,Exports,88053416664.0,63645604510.90469,24407812153.095303,0.2771932433494573,4626,3805,5010,4069,0.0009652478123732,0.0449154467663671
Denmark,DNK,208,2011,Exports,103324360721.0,74176386277.37741,29147974443.62259,0.2821016674115115,4639,3815,5011,4071,-0.0036293678209157,0.0395728210067266
Denmark,DNK,208,2012,Exports,96014629212.0,67664964013.90502,28349665198.09498,0.2952640178977206,4628,3819,5007,4067,-0.0016982871562544,0.0436196752676952
Denmark,DNK,208,2013,Exports,99853421529.0,71006007985.30348,28847413543.69652,0.2888975971175758,4630,3808,5006,4066,-0.0013643581162225,0.0415009611510632
Denmark,DNK,208,2014,Exports,100104291601.0,74439534540.00885,25664757060.99115,0.2563801876076087,4651,3831,5003,4063,0.00443508321836,0.0406186547059541
Denmark,DNK,208,2015,Exports,84823736057.0,64500919432.284615,20322816624.715385,0.2395887940028817,4618,3801,5002,4062,0.0115338856032702,0.0453660564563629
Denmark,DNK,208,2016,Exports,84436576604.91899,65573139732.14147,18863436872.77752,0.2234036199861589,4646,3827,5003,4064,0.0142632661355583,0.0418740034586743
Denmark,DNK,208,2017,Exports,90976207933.997,69548397952.11282,21427809981.884186,0.2355320195081114,4673,3843,4994,4055,0.0085506347637241,0.042014491153802
Denmark,DNK,208,2018,Exports,96520053226.23,74565999011.33609,21954054214.89392,0.2274558859125012,4677,3851,4990,4051,0.0080292967977521,0.045956506205761
Denmark,DNK,208,2019,Exports,95648651395.23,74173987260.41208,21474664134.817917,0.2245161204216295,4671,3830,4987,4048,0.0098359883565689,0.0425969222034023
Denmark,DNK,208,2020,Exports,91546331490.022,72092244006.26071,19454087483.76129,0.2125053747880838,4630,3800,4982,4043,0.0142124192602908,0.0395483161940022
Denmark,DNK,208,2021,Exports,109480562631.536,84931691320.06346,24548871311.47255,0.2242304087721341,4702,3859,4982,4043,0.0113027952566223,0.0455747720469398
Denmark,DNK,208,2022,Exports,104877510214.471,79286544150.72498,25590966063.746017,0.2440081387459842,4709,3865,4988,4049,0.0046766513671243,0.0449927356578573
Denmark,DNK,208,2023,Exports,108720231394.701,83272185007.47525,25448046387.22574,0.2340690969911426,4713,3860,4982,4043,0.0070032073028262,0.0440934023260515
Denmark,DNK,208,2024,Exports,113813249913.648,88283545761.4878,25529704152.160217,0.2243122322886836,4690,3850,4982,4043,0.0061864507556991,0.041472806713821
Dominica,DMA,212,2000,Exports,53582543.0,33595759.832,19986783.168,0.3730092311594841,412,307,5035,4076,-0.029157782314458,0.10289101402434
Dominica,DMA,212,2001,Exports,43396107.0,27385921.8822,16010185.1178,0.3689313679174033,433,343,5033,4073,-0.0170847987585114,0.0810392382270665
Dominica,DMA,212,2002,Exports,41901780.0,26559806.4052,15341973.5948,0.3661413332512365,417,331,5032,4073,-0.0165492801715242,0.0892548900880161
Dominica,DMA,212,2003,Exports,39306222.0,26195808.6618,13110413.3382,0.3335454966442717,328,238,5035,4074,-0.0074044723957282,0.0607320888710096
Dominica,DMA,212,2004,Exports,41309286.0,26056140.001,15253145.998999998,0.369242547523092,363,283,5027,4074,-0.0088934642025552,0.0677017308565639
Dominica,DMA,212,2005,Exports,41782568.0,26857437.3188,14925130.681199998,0.357209510942458,343,260,5034,4074,-0.017596246748613,0.0624848255947481
Dominica,DMA,212,2006,Exports,41472627.0,26250946.4943,15221680.5057,0.3670295712326108,322,244,5031,4074,-0.0246033783441281,0.0726723728695446
Dominica,DMA,212,2007,Exports,36833105.0,22263783.6695,14569321.3305,0.3955496374932278,391,311,5019,4074,-0.0146584345749719,0.1538862354013099
Dominica,DMA,212,2008,Exports,39993794.0,21304349.2613,18689444.7387,0.4673086214001102,348,254,5015,4072,-0.0005637538952014,0.1165368971104872
Dominica,DMA,212,2009,Exports,33398882.000000004,16728233.4202,16670648.579800002,0.4991379226346558,371,289,5011,4070,0.0160109934950133,0.0889530607549154
Dominica,DMA,212,2010,Exports,34084619.0,25914105.345,8170513.655000001,0.239712629764176,553,451,5010,4069,0.0241176071196721,0.0619202699115758
Dominica,DMA,212,2012,Exports,37011119.0,30458593.7742,6552525.2258,0.1770420728376248,778,661,5007,4067,0.0225797621087899,0.0633189208526266
Dominica,DMA,212,2013,Exports,48011585.60299999,40822113.48766351,7189472.115336485,0.1497445257231257,761,636,5006,4066,0.0129897921731193,0.039437655570552
Dominica,DMA,212,2016,Exports,17723195.991,6187327.9493312,11535868.0416688,0.6508909593691126,567,449,5003,4064,0.0658879366088326,0.1389011469662333
Dominica,DMA,212,2017,Exports,11726391.129,5219173.997500599,6507217.131499401,0.554920696394537,514,418,4994,4055,0.066215974525197,0.1362771246686457
Dominica,DMA,212,2018,Exports,10315059.788,6476901.2959278,3838158.4920722,0.3720927043522629,575,485,4990,4051,0.0447049527509381,0.0892049025806604
Dominica,DMA,212,2019,Exports,13212431.864,7947675.407146,5264756.456854,0.3984699040302275,531,444,4987,4048,0.0541888188840988,0.0426049364152762
Dominica,DMA,212,2020,Exports,13138970.572,9196738.782516,3942231.7894840017,0.3000411461370614,495,415,4982,4043,0.0424104532626379,0.0579299719937597
Dominica,DMA,212,2021,Exports,14145191.794,9348813.6099126,4796378.184087399,0.3390818770037385,612,514,4982,4043,0.0473228850238514,0.0725668470525131
Dominica,DMA,212,2022,Exports,22404284.26,12383520.293902498,10020763.9660975,0.4472699886239303,602,491,4988,4049,0.0161596019545572,0.0233454639531259
Dominica,DMA,212,2023,Exports,22042230.189,13510021.509144,8532208.679855999,0.3870846373845569,645,525,4982,4043,0.0218767951681303,0.0251942781756772
Dominican Rep.,DOM,214,2001,Exports,767207000.0,240441173.4,526765826.6,0.6866019556651595,845,642,5033,4073,0.0368501220577646,-0.0046780031397095
Dominican Rep.,DOM,214,2002,Exports,5232426964.923,4533750060.7456,698676904.1774006,0.1335282668752324,1230,972,5032,4073,-0.0129514622041828,-0.0365040813804233
Dominican Rep.,DOM,214,2003,Exports,5498419597.447,4659374862.924589,839044734.5224104,0.1525974363455258,1332,1045,5035,4074,-0.0138576090685493,-0.0348660676739085
Dominican Rep.,DOM,214,2004,Exports,5839746323.323999,4885973485.333715,953772837.990284,0.1633243612279709,1240,1083,5027,4074,-0.0151788212241771,-0.0075363578807657
Dominican Rep.,DOM,214,2005,Exports,6187995817.002999,4988525565.994898,1199470251.0081017,0.1938382452865061,1325,1040,5034,4074,-0.0171024636219476,-0.0057431482396447
Dominican Rep.,DOM,214,2006,Exports,6530286848.329,4968463969.796222,1561822878.5327787,0.2391660450463099,1319,1143,5031,4074,-0.0228577624775846,-0.0035602970657486
Dominican Rep.,DOM,214,2007,Exports,7201213804.296,4935948778.79992,2265265025.496079,0.3145671114701107,1796,1442,5019,4074,-0.0387863771313654,-0.0083841764055521
Dominican Rep.,DOM,214,2008,Exports,6813185108.944,4905397071.304796,1907788037.639204,0.2800141207281683,1812,1469,5015,4072,-0.0248768175808312,-0.0243325717933918
Dominican Rep.,DOM,214,2009,Exports,5244950155.768,4249281997.2213016,995668158.546698,0.1898336741011232,1704,1488,5011,4070,-0.0257211046432463,-0.0055366977646215
Dominican Rep.,DOM,214,2010,Exports,4766733811.0,3750412380.620585,1016321430.3794156,0.2132112827517432,1631,1314,5010,4069,-0.0171327650693362,-0.0180964587520341
Dominican Rep.,DOM,214,2011,Exports,6112524314.0,4398782364.68639,1713741949.31361,0.2803656658491306,1847,1493,5011,4071,-0.0242721002465144,-0.0298385530508775
Dominican Rep.,DOM,214,2012,Exports,7168389290.0,5004302982.277,2164086307.7229996,0.3018929664913607,2900,2461,5007,4067,-0.0194807807094203,-0.0089677261211997
Dominican Rep.,DOM,214,2013,Exports,7960844013.0,5128542271.596527,2832301741.403473,0.3557790777935536,3085,2598,5006,4066,-0.0362930225936078,-0.0035938911869546
Dominican Rep.,DOM,214,2014,Exports,9330901753.16,6164698771.90626,3166202981.2537403,0.3393244366956789,2895,2616,5003,4063,-0.043778561357331,-0.0079838925451176
Dominican Rep.,DOM,214,2015,Exports,9388656854.615995,6308296647.6319065,3080360206.984091,0.3280938109341604,3159,2644,5002,4062,-0.0270468944232846,0.0092306669185847
Dominican Rep.,DOM,214,2016,Exports,9125435165.639,6224723385.955807,2900711779.683193,0.3178710633554836,2916,2641,5003,4064,-0.0327667335355033,-0.0110297548045658
Dominican Rep.,DOM,214,2017,Exports,9681750172.974,6787797986.894236,2893952186.0797634,0.2989079592404739,3038,2751,4994,4055,-0.0341431865316338,-0.0101466849428975
Dominican Rep.,DOM,214,2018,Exports,10398448989.015,7064122071.700258,3334326917.314741,0.3206561787086852,3201,2725,4990,4051,-0.0314023496534363,0.0044814819343965
Dominican Rep.,DOM,214,2019,Exports,10842887787.241,7252412891.814589,3590474895.4264116,0.3311364062672843,3244,2771,4987,4048,-0.0368717729778932,0.0074337318476602
Dominican Rep.,DOM,214,2020,Exports,9844071155.724,6493661727.662741,3350409428.06126,0.3403479490406881,3190,2687,4982,4043,-0.0373981848259531,0.0096386968566398
Dominican Rep.,DOM,214,2021,Exports,11643220004.226995,7849116690.85718,3794103313.3698177,0.3258637483438767,3205,2708,4982,4043,-0.0282808568273228,0.0266632857916792
Dominican Rep.,DOM,214,2022,Exports,9836347238.671,6807138348.885653,3029208889.785347,0.3079607517185034,2993,2567,4988,4049,-0.0211549004647251,0.0335356668447141
Dominican Rep.,DOM,214,2023,Exports,11931953786.039,8840676548.142912,3091277237.8960896,0.2590755288972911,3146,2717,4982,4043,-0.0138840132976694,0.0232476378520355
Dominican Rep.,DOM,214,2024,Exports,12767215664.732,9188593393.326632,3578622271.405367,0.2802977849971556,3078,2697,4982,4043,-0.0147921457795212,0.0224569580514876
Ecuador,ECU,218,2000,Exports,4821869284.0,774845365.9829,4047023918.0171,0.8393060200627993,1471,1163,5035,4076,-0.1501613876280281,0.0034138124579539
Ecuador,ECU,218,2001,Exports,4647491551.0,941801586.1988,3705689964.8012,0.7973527061074156,1537,1227,5033,4073,-0.1292846845527185,-0.006661844273284
Ecuador,ECU,218,2002,Exports,5026931989.0,977809217.4259572,4049122771.574043,0.8054858869056489,1579,1258,5032,4073,-0.1307702136352037,-0.0142043597693289
Ecuador,ECU,218,2003,Exports,6038498683.000001,1205920063.3890643,4832578619.610937,0.8002947211392041,1886,1528,5035,4074,-0.1197562573166569,0.0032663481371356
Ecuador,ECU,218,2004,Exports,7606121135.999999,1124367905.4083,6481753230.5917,0.8521759139377058,2025,1670,5027,4074,-0.1435589044636263,0.0036530712822481
Ecuador,ECU,218,2005,Exports,9869356845.0,1429854636.8548002,8439502208.1452,0.8551218018244835,2187,1823,5034,4074,-0.132309343361032,0.0216514290468494
Ecuador,ECU,218,2006,Exports,12727783410.0,2049533330.012575,10678250079.987425,0.8389716996282093,2324,1937,5031,4074,-0.1147819881593088,0.011864942053252
Ecuador,ECU,218,2007,Exports,13782178519.0,2046085189.606,11736093329.394,0.8515412358949435,2373,1985,5019,4074,-0.1280313319805693,0.0202031226484991
Ecuador,ECU,218,2008,Exports,18817977589.999996,2777719605.0062146,16040257984.993782,0.8523901098446247,2647,2214,5015,4072,-0.117481203523465,0.0339568397589118
Ecuador,ECU,218,2009,Exports,13862513984.000002,2211562267.1198454,11650951716.880156,0.8404645600594227,2740,2301,5011,4070,-0.1179026853729726,0.0412895817890752
Ecuador,ECU,218,2010,Exports,17488645704.0,2725669406.019311,14762976297.98069,0.844146342023734,2671,2247,5010,4069,-0.1299345445895093,0.0339261566600659
Ecuador,ECU,218,2011,Exports,22340047164.0,3045888217.160226,19294158946.839775,0.8636579325549258,2671,2256,5011,4071,-0.129405131582574,0.0313018298872596
Ecuador,ECU,218,2012,Exports,23843751366.0,3513468570.949502,20330282795.0505,0.8526461496340072,2640,2223,5007,4067,-0.1029507844125098,0.0313748621586195
Ecuador,ECU,218,2013,Exports,24896713746.0,3384956304.9957633,21511757441.00424,0.8640400359850865,2656,2226,5006,4066,-0.1034587863875381,0.0485724290707341
Ecuador,ECU,218,2014,Exports,25721668950.0,3257594800.3525114,22464074149.647488,0.8733521216416825,2679,2246,5003,4063,-0.1093036522811927,0.0625611796672337
Ecuador,ECU,218,2015,Exports,18328335746.0,2786936072.4643507,15541399673.535648,0.8479438552912489,2636,2238,5002,4062,-0.0959268330373904,0.0575507568933674
Ecuador,ECU,218,2016,Exports,16794716645.000004,2591126807.8140473,14203589837.185955,0.8457177419194234,2684,2271,5003,4064,-0.0884102314116748,0.0610201064077621
Ecuador,ECU,218,2017,Exports,19015760393.251995,2743930140.3650417,16271830252.886951,0.8557023183075675,2598,2212,4994,4055,-0.0857254656976801,0.052409109603026
Ecuador,ECU,218,2018,Exports,13684578672.265,2988461060.1616917,10696117612.103308,0.7816183361042377,2396,2174,4990,4051,-0.0968323303712247,0.0272665211936432
Ecuador,ECU,218,2019,Exports,22327174765.872,2842524386.2965145,19484650379.575485,0.8726876814418352,2564,2153,4987,4048,-0.0832672476580987,0.0670011271162563
Ecuador,ECU,218,2020,Exports,20351568736.593,2834823152.236005,17516745584.356995,0.8607073887557931,2441,2038,4982,4043,-0.0656939802691292,0.0550438083841465
Ecuador,ECU,218,2021,Exports,26676988634.823997,3397137977.4248285,23279850657.39917,0.8726566171344309,2814,2366,4982,4043,-0.0835810082193506,0.040810876495842
Ecuador,ECU,218,2022,Exports,35353369842.99999,4096238388.656365,31257131454.343628,0.8841344288579205,2826,2376,4988,4049,-0.0968770028685107,0.0487941639439966
Ecuador,ECU,218,2023,Exports,31041512254.3,3489454290.8630033,27552057963.436996,0.8875874905102399,2800,2350,4982,4043,-0.0951764349353844,0.0501094159980928
Ecuador,ECU,218,2024,Exports,31530010385.667004,3737017928.561372,27792992457.105633,0.8814774279218076,3134,2708,4982,4043,-0.0799819790858766,0.0453521220528885
Egypt,EGY,818,2000,Exports,4578889524.882,1874042368.98,2704847155.902,0.590721208975162,1797,1432,5035,4076,-0.1283874518614481,-0.0052740605818583
Egypt,EGY,818,2001,Exports,3866625747.365,1411038468.321,2455587279.0439997,0.6350723963180082,1950,1554,5033,4073,-0.1268748572612775,0.0079232773015383
Egypt,EGY,818,2002,Exports,4249161906.699,1654261687.531,2594900219.168,0.6106851836069178,2126,1689,5032,4073,-0.1191600564373914,-0.0035582203343702
Egypt,EGY,818,2003,Exports,5952154524.815001,1776803148.052,4175351376.763001,0.7014857156943141,2241,1781,5035,4074,-0.1308407531547041,0.0155991603432758
Egypt,EGY,818,2004,Exports,7238895121.394,2110144627.266,5128750494.128,0.7084990745300855,2348,1893,5027,4074,-0.1342750077731829,0.0301643759969979
Egypt,EGY,818,2005,Exports,9472858015.469002,2344087100.578,7128770914.891002,0.7525470035811632,2228,1753,5034,4074,-0.1293491994588891,-0.0065612071125695
Egypt,EGY,818,2006,Exports,12147858465.65,2699746071.567,9448112394.083,0.7777595055786203,2139,1667,5031,4074,-0.1436077852925003,-0.0090613757313457
Egypt,EGY,818,2007,Exports,13548485426.585,3046217369.0299997,10502268057.555,0.7751617783746754,2269,1814,5019,4074,-0.1213196275216906,0.0233797238442222
Egypt,EGY,818,2008,Exports,26276701671.228996,11056531693.805674,15220169977.423325,0.5792268058547188,3139,2479,5015,4072,-0.0956727288286848,-0.0162661573612601
Egypt,EGY,818,2009,Exports,24138574000.268,11438996761.922958,12699577238.345043,0.5261113286229768,3202,2562,5011,4070,-0.0559139459176182,0.0030910956356396
Egypt,EGY,818,2010,Exports,26262680602.0,12733558009.099457,13529122592.900543,0.5151462943912227,3216,2560,5010,4069,-0.0689656541650647,-0.0041503414735463
Egypt,EGY,818,2011,Exports,31534610405.0,15227197435.166924,16307412969.833076,0.5171274596513626,3081,2413,5011,4071,-0.0662193746563407,-0.0168663066269787
Egypt,EGY,818,2012,Exports,29377007955.0,14418370020.609253,14958637934.390747,0.509195421034863,3043,2393,5007,4067,-0.0663981781408065,-0.025460489889471
Egypt,EGY,818,2013,Exports,28581940150.0,15214852506.727549,13367087643.272451,0.4676760070562408,3011,2375,5006,4066,-0.055353478186748,-0.0094259616950198
Egypt,EGY,818,2014,Exports,26529832697.0,15028594918.18613,11501237778.81387,0.4335209313292968,2952,2340,5003,4063,-0.0386950538694278,-0.0172097708785873
Egypt,EGY,818,2015,Exports,20924749675.069,12720154214.545624,8204595460.523376,0.3921000531871988,2854,2258,5002,4062,-0.0169303582493948,-0.0059924250429392
Egypt,EGY,818,2016,Exports,22078991313.251,12561260569.252716,9517730743.998283,0.4310763389940776,2840,2246,5003,4064,-0.0257687592497386,0.0075399943884938
Egypt,EGY,818,2017,Exports,25412357265.338997,14563327618.675858,10849029646.66314,0.4269194523508685,2968,2343,4994,4055,-0.0303719068897286,-0.0126912049420899
Egypt,EGY,818,2018,Exports,29235901485.749996,16006951981.192371,13228949504.557625,0.4524898782753666,2865,2267,4990,4051,-0.0426913346730727,-0.0083983624054148
Egypt,EGY,818,2019,Exports,30368749814.447,15362194097.028324,15006555717.418674,0.4941446654573764,2762,2193,4987,4048,-0.051210484711148,-0.0020570978539554
Egypt,EGY,818,2020,Exports,29248755199.717,15086273081.49302,14162482118.223978,0.4842080294193515,3205,2614,4982,4043,-0.0457841185777485,0.0004208967844508
Egypt,EGY,818,2021,Exports,43526320705.768005,22186699776.90222,21339620928.865784,0.4902693492776178,3391,2800,4982,4043,-0.0474988535551383,0.0118898290320857
Egypt,EGY,818,2022,Exports,51837021952.297,24057099379.851,27779922572.446,0.535908922353033,3358,2764,4988,4049,-0.0526162834027146,0.0082095348821845
Egypt,EGY,818,2023,Exports,40879607882.128006,24266428129.03608,16613179753.091928,0.4063928352980845,3664,3081,4982,4043,-0.0186945323587952,0.0097441028678929
Egypt,EGY,818,2024,Exports,44768217053.403,26201682913.49279,18566534139.91021,0.4147257890070227,3440,2860,4982,4043,-0.0194017868219469,0.0078721712812725
El Salvador,SLV,222,2000,Exports,2139603337.34,1748807822.4123683,390795514.92763186,0.1826485816821902,2123,1831,5035,4076,-0.0154877183141934,0.0018320207673866
El Salvador,SLV,222,2001,Exports,2488853390.83,2296289887.556696,192563503.273304,0.0773703682116392,2169,1909,5033,4073,-0.0049446470158613,0.0015521967036394
El Salvador,SLV,222,2002,Exports,2676110816.9700003,2424964420.0060472,251146396.96395305,0.0938475325354093,2256,1986,5032,4073,-0.0080597362745088,-0.0065618557216058
El Salvador,SLV,222,2003,Exports,2787254093.3999996,2527372403.363224,259881690.0367756,0.0932393249155701,2308,2051,5035,4074,-0.0071767159969965,-0.0012935373452742
El Salvador,SLV,222,2004,Exports,3045722846.36,2754720628.5860023,291002217.7739978,0.0955445496696391,2384,2123,5027,4074,-0.0072769248262322,-0.0073294673387938
El Salvador,SLV,222,2005,Exports,3125636077.21,2786417147.6349397,339218929.57506037,0.1085279671707185,2441,2153,5034,4074,-0.0070149293430121,-0.0066180060792184
El Salvador,SLV,222,2006,Exports,3396709517.3900003,2978583422.125976,418126095.26402426,0.1230973956187188,2477,2204,5031,4074,-0.006149880258406,-0.0060350298382727
El Salvador,SLV,222,2007,Exports,3784366116.17,3277472158.737395,506893957.43260527,0.1339442173067577,2684,2411,5019,4074,-0.0051626125784343,0.0019359764356526
El Salvador,SLV,222,2008,Exports,4413833020.650001,3737754990.597816,676078030.0521846,0.1531725434308845,2680,2410,5015,4072,-0.0061550343802141,0.0055891524416384
El Salvador,SLV,222,2009,Exports,3642115826.1100006,3071225232.2551303,570890593.8548703,0.1567469627852598,2692,2398,5011,4070,-0.0084211178847871,0.0016914655522785
El Salvador,SLV,222,2010,Exports,4234960745.64,3589047473.8253636,645913271.8146367,0.1525193055164964,2740,2450,5010,4069,-0.0070333548661525,-0.0016669734004111
El Salvador,SLV,222,2011,Exports,5003320551.040001,4012476635.8554983,990843915.1845026,0.1980372644680028,2724,2437,5011,4071,-0.0109396439119009,-0.0031607830234833
El Salvador,SLV,222,2012,Exports,5004022359.34,4216126506.022958,787895853.3170424,0.1574525045529494,2796,2483,5007,4067,-0.0067295936628712,-0.0124716479099656
El Salvador,SLV,222,2013,Exports,5429520262.67,4547699619.189112,881820643.4808884,0.1624122575881589,2907,2556,5006,4066,-0.0075024109749634,-0.0024324007334363
El Salvador,SLV,222,2014,Exports,5221080793.310001,4494946816.299708,726133977.010293,0.1390773301077279,2883,2506,5003,4063,-0.0058904896454949,-0.0105637962390956
El Salvador,SLV,222,2015,Exports,5400286871.42,4670269743.484349,730017127.9356508,0.1351811756147861,2883,2508,5002,4062,-0.0063326996047963,-0.0185377859804314
El Salvador,SLV,222,2016,Exports,5317408011.130001,4640320848.035963,677087163.094038,0.1273340623245027,2911,2546,5003,4064,-0.0038340460427925,-0.0143561863938279
El Salvador,SLV,222,2017,Exports,5759073294.609999,4963361913.527232,795711381.0827665,0.1381665661083849,2950,2576,4994,4055,-0.0045615096748596,-0.003286364238472
El Salvador,SLV,222,2018,Exports,5904641742.719999,5141980466.006504,762661276.7134953,0.1291630059781022,2964,2603,4990,4051,-0.0034817689644854,0.0025783655537914
El Salvador,SLV,222,2019,Exports,5904293791.309999,5128476770.589511,775817020.7204885,0.1313987833502364,2889,2567,4987,4048,-0.0027014144698808,0.0076744273741216
El Salvador,SLV,222,2020,Exports,4759267079.43,4073508691.617614,685758387.812387,0.1440890742980782,2741,2449,4982,4043,-0.0025942865003275,0.0002992438270235
El Salvador,SLV,222,2021,Exports,6339727472.44,5438616913.01237,901110559.4276296,0.1421371128877271,2792,2507,4982,4043,-0.0052422603365148,0.0021620477896373
El Salvador,SLV,222,2022,Exports,7114720351.96,5997733751.365999,1116986600.5940008,0.1569965571853133,3137,2836,4988,4049,-0.0066841377103724,-0.0002480712965982
El Salvador,SLV,222,2023,Exports,6497669760.999999,5394799683.492971,1102870077.5070276,0.1697331686701933,3105,2809,4982,4043,-0.0086857492326808,-0.0017118648845993
El Salvador,SLV,222,2024,Exports,6311202862.089999,5224418151.035253,1086784711.0547466,0.1721992993733131,2914,2625,4982,4043,-0.0079258425810715,-0.0022982807853861
Estonia,EST,233,2000,Exports,3828946872.0,2833781022.9785,995165849.0215,0.2599058911730703,3724,3141,5035,4076,-0.007908115991188,0.0186976225164283
Estonia,EST,233,2001,Exports,3996831539.0,3097051571.8587,899779967.1413002,0.2251233153965812,3748,3175,5033,4073,-0.0035054986410759,0.0112997625786672
Estonia,EST,233,2002,Exports,4341041380.0,3255081329.3968,1085960050.6032,0.250161183813272,3784,3198,5032,4073,-0.011464693114523,0.0187779285217325
Estonia,EST,233,2003,Exports,5629179434.0,4331696057.431601,1297483376.5683994,0.2304924530796897,3836,3250,5035,4074,-0.0064952924811635,0.0185268161475232
Estonia,EST,233,2004,Exports,6123621936.57,4919513486.472262,1204108450.0977373,0.1966333752426574,3680,3180,5027,4074,-0.0062369078184757,0.012700199393154
Estonia,EST,233,2005,Exports,7556399484.230001,5924255729.289426,1632143754.9405756,0.2159949005272702,3604,3121,5034,4074,-0.0086600650468784,0.0225572331578693
Estonia,EST,233,2006,Exports,9321693049.51,6602667239.5780525,2719025809.9319477,0.2916879793713948,3586,3098,5031,4074,-0.0163232702621067,0.0124559983080014
Estonia,EST,233,2007,Exports,10843230077.57,7955888990.739153,2887341086.830847,0.2662805332152381,3616,3202,5019,4074,-0.0127775528199345,0.0116509664966507
Estonia,EST,233,2008,Exports,12662502576.57,9439641272.824608,3222861303.745392,0.2545200906579713,3582,3239,5015,4072,-0.0139077704276481,0.00696604542112
Estonia,EST,233,2009,Exports,9816291523.850002,6827822211.893612,2988469311.9563904,0.3044397474031309,3766,3240,5011,4070,-0.0170220911489027,0.0141075451458423
Estonia,EST,233,2010,Exports,12320647807.0,8344904305.928507,3975743501.071493,0.3226894854353897,3878,3279,5010,4069,-0.0152989096501933,0.0145603651543178
Estonia,EST,233,2011,Exports,17458854402.0,11938003167.724651,5520851234.275349,0.3162207042429374,3992,3353,5011,4071,-0.0137631061333299,0.0181505341307042
Estonia,EST,233,2012,Exports,17442995909.0,12019423524.37426,5423572384.62574,0.3109312421398527,4050,3399,5007,4067,-0.0156918810838437,0.0168694394766472
Estonia,EST,233,2013,Exports,17472958288.0,12892839876.154625,4580118411.845377,0.2621261000199886,4036,3397,5006,4066,-0.0078182133623699,0.0218470012670161
Estonia,EST,233,2014,Exports,16562288987.0,12014140508.278692,4548148478.721308,0.2746086897947029,4073,3434,5003,4063,-0.0042643694896247,0.0267562067416911
Estonia,EST,233,2015,Exports,13091368014.0,9463653000.85382,3627715013.146179,0.2771074046094094,4027,3374,5002,4062,-0.003614188511733,0.033297198956657
Estonia,EST,233,2016,Exports,12796427266.345,9894246350.12222,2902180916.22278,0.2267961873901793,3981,3375,5003,4064,-0.0050931391234498,0.0299865063231432
Estonia,EST,233,2017,Exports,14604888189.362,10604853940.059048,4000034249.302952,0.2738832504186182,4084,3410,4994,4055,-0.0057226254361923,0.0302234990978425
Estonia,EST,233,2018,Exports,17215582728.432,11824160938.876324,5391421789.5556755,0.3131710308389153,4078,3397,4990,4051,-0.0097848485739885,0.0283713842087787
Estonia,EST,233,2019,Exports,16252153158.890003,11547408475.420391,4704744683.469612,0.2894843924662434,4104,3424,4987,4048,-0.0053124636720697,0.0326475203071521
Estonia,EST,233,2020,Exports,16346758871.570002,11777756293.8872,4569002577.682802,0.2795051063993568,4062,3395,4982,4043,-0.002906941120379,0.0277038636212269
Estonia,EST,233,2021,Exports,21392551723.32,14345182703.988537,7047369019.331465,0.3294309678657518,4036,3385,4982,4043,-0.0105770072340475,0.0389668493881268
Estonia,EST,233,2022,Exports,22855707691.96,14139475739.027851,8716231952.932148,0.3813590928973193,4228,3542,4988,4049,-0.0174089444887082,0.0298677003844577
Estonia,EST,233,2023,Exports,18908458040.949997,13486018477.144962,5422439563.805035,0.2867732287879673,4158,3489,4982,4043,-0.0004579953319394,0.026244269620401
Estonia,EST,233,2024,Exports,18551126688.43,12997255901.022268,5553870787.407732,0.2993818586162521,4103,3440,4982,4043,0.0026478285747784,0.0266958320176136
Eswatini,SWZ,748,2000,Exports,887339051.0,659557141.0687001,227781909.93129992,0.2567022263638658,2912,2370,5035,4076,0.0103806073444742,-0.0067343871041568
Eswatini,SWZ,748,2001,Exports,779496401.0,573554071.0121,205942329.9879,0.2641992056970382,3100,2562,5033,4073,0.0196990764299581,0.0017911544902881
Eswatini,SWZ,748,2002,Exports,1084404270.0,899035645.0008,185368624.9992,0.1709405155691613,3262,2695,5032,4073,0.0189907051375052,0.0077376140111205
Eswatini,SWZ,748,2003,Exports,1649240645.0,1341740687.6243002,307499957.37569976,0.1864494173775954,3121,2617,5035,4074,0.0104719617552671,-0.0047836964663299
Eswatini,SWZ,748,2004,Exports,1558415600.0,1209731466.8234,348684133.1766,0.2237427122627622,3034,2542,5027,4074,0.0213700309699038,-0.0024029917711501
Eswatini,SWZ,748,2005,Exports,1275727449.0,971633441.0212,304094007.97880006,0.2383691032259039,3016,2546,5034,4074,0.0253018671387272,-0.0162835143333063
Eswatini,SWZ,748,2006,Exports,1460969654.0,1014643643.339,446326010.661,0.3054998503487054,2969,2518,5031,4074,0.0094869162588079,-0.0039853365630782
Eswatini,SWZ,748,2007,Exports,1111554531.0,820641322.0838001,290913208.9161999,0.2617174423772826,2448,2066,5019,4074,0.022010435586889,0.0012389396660059
Eswatini,SWZ,748,2008,Exports,1119561138.296,954032564.833885,165528573.46211505,0.1478513033366392,2977,2492,5015,4072,0.0130270442311725,-0.0087573358222189
Eswatini,SWZ,748,2009,Exports,1281677166.746,1058185951.075099,223491215.67090103,0.1743740322988776,2658,2256,5011,4070,-0.01096512437063,-0.0049510059234057
Eswatini,SWZ,748,2010,Exports,1526863477.062,1366554652.1296291,160308824.9323709,0.1049922454369254,2678,2255,5010,4069,-0.0066376183336916,0.0063047774174736
Eswatini,SWZ,748,2011,Exports,1667915573.4020002,1504369082.2873323,163546491.11466765,0.0980544181748279,2762,2332,5011,4071,-0.0039632604429532,-0.012936557489389
Eswatini,SWZ,748,2012,Exports,1610251042.275,918435254.3043044,691815787.9706955,0.4296322559700269,2633,2209,5007,4067,-0.0329040328235654,0.0093487370782778
Eswatini,SWZ,748,2013,Exports,1739698457.726,1015516255.3877507,724182202.3382492,0.4162688074603713,2417,2046,5006,4066,-0.0345916876484259,-0.001643442149339
Eswatini,SWZ,748,2014,Exports,1656366409.458,1077353042.1921487,579013367.2658513,0.3495684070623705,2336,1979,5003,4063,-0.021311788831126,-0.0024798026125379
Eswatini,SWZ,748,2015,Exports,1485536103.544,1000451033.0484188,485085070.4955811,0.3265387285696577,2368,2041,5002,4062,-0.0125629475814594,0.0004405164397138
Eswatini,SWZ,748,2016,Exports,1429038572.1380002,979929949.8303024,449108622.3076979,0.3142732681006514,2295,1961,5003,4064,-0.0080810469940441,0.0004598575817466
Eswatini,SWZ,748,2017,Exports,1800480274.248,1344462110.026332,456018164.221668,0.2532758457529513,2091,1844,4994,4055,0.004543561631025,0.0090740917553643
Eswatini,SWZ,748,2018,Exports,1841500301.284,1364614762.3428323,476885538.9411676,0.2589657675367501,2074,1831,4990,4051,0.0039262165811855,0.0267951389289375
Eswatini,SWZ,748,2019,Exports,2000983486.99,1409456852.162289,591526634.8277111,0.2956179492103261,2127,1873,4987,4048,-0.0016591634332272,0.0095069291559657
Eswatini,SWZ,748,2020,Exports,1751534543.1799998,1204341653.832785,547192889.3472149,0.3124077064182579,2045,1819,4982,4043,-0.0117218869989824,0.0083475526993864
Eswatini,SWZ,748,2021,Exports,2067750713.59,1454110228.7998877,613640484.7901125,0.2967671493265831,2055,1831,4982,4043,-0.0046456453495634,-0.0049701009686568
Eswatini,SWZ,748,2022,Exports,1990055931.73,1421909941.441163,568145990.288837,0.2854924734677859,2141,1905,4988,4049,-0.0054977191784394,0.007966854454838
Eswatini,SWZ,748,2023,Exports,2095026995.8,1438193210.8829494,656833784.9170506,0.3135204397049949,2287,2047,4982,4043,-0.0090849905948029,-0.012079608841402
Ethiopia,ETH,231,2000,Exports,482293687.849,45176126.09499999,437117561.754,0.9063306710554668,166,67,5035,4076,-0.2913083915584512,-0.0163353541247403
Ethiopia,ETH,231,2001,Exports,386373524.20899993,52338583.85476182,334034940.3542381,0.8645388967530537,440,231,5033,4073,-0.1722586521789533,0.0713119508595694
Ethiopia,ETH,231,2002,Exports,417009825.5289999,59818402.64084901,357191422.88815093,0.8565539731228969,517,279,5032,4073,-0.2851513799429678,0.0473585894138613
Ethiopia,ETH,231,2003,Exports,509193880.778,56055590.9229204,453138289.8550796,0.8899130703666887,539,297,5035,4074,-0.2998742226668531,0.1670968362817826
Ethiopia,ETH,231,2004,Exports,590253217.77,52384420.61641464,537868797.1535853,0.9112509359723188,554,315,5027,4074,-0.2548037610297444,0.0095591222748291
Ethiopia,ETH,231,2005,Exports,1010014624.351,106603758.74682216,903410865.604178,0.8944532522830331,1268,936,5034,4074,-0.1121349150437124,0.1035225656511797
Ethiopia,ETH,231,2006,Exports,948500962.787,71168352.97759774,877332609.8094023,0.9249675479838394,504,291,5031,4074,-0.0542581756824203,-0.0083229699997574
Ethiopia,ETH,231,2007,Exports,739377028.6040001,181725519.99621803,557651508.6077821,0.7542180606566455,1256,964,5019,4074,-0.0644495098368538,0.1225910927204529
Ethiopia,ETH,231,2008,Exports,859285398.0949999,150998437.9411611,708286960.1538389,0.8242744048997943,1460,1168,5015,4072,-0.0923489886292527,0.1219657432719661
Ethiopia,ETH,231,2009,Exports,906914850.427,134347966.7290921,772566883.6979078,0.8518626454668402,1325,1045,5011,4070,-0.0156030165781655,0.1065401117478743
Ethiopia,ETH,231,2010,Exports,1331044726.554,195076395.8341164,1135968330.7198834,0.8534411414264356,1623,1323,5010,4069,-0.0521761039113918,0.0821710377186079
Ethiopia,ETH,231,2011,Exports,1746526624.908,261594498.33671248,1484932126.5712876,0.8502201486046672,1603,1320,5011,4071,-0.0917610512751154,0.0879526485074914
Ethiopia,ETH,231,2012,Exports,1983609605.454,259397407.6826322,1724212197.7713678,0.8692296069905033,1747,1484,5007,4067,-0.0748413981445293,0.0669552584725564
Ethiopia,ETH,231,2013,Exports,1866982171.624,332142006.93678945,1534840164.6872103,0.8220968512795841,1690,1414,5006,4066,-0.0555505741707731,0.0557843301724594
Ethiopia,ETH,231,2014,Exports,2307934292.343,369500605.70947105,1938433686.633529,0.839899858962468,1941,1645,5003,4063,-0.0775655547030754,0.0856724719138516
Ethiopia,ETH,231,2015,Exports,2023152788.3630004,379445514.1294128,1643707274.2335875,0.8124484140239183,1874,1581,5002,4062,-0.0944572051501421,0.0683036699804384
Ethiopia,ETH,231,2016,Exports,1987961770.487,344977131.7295397,1642984638.7574604,0.8264669186042601,1924,1623,5003,4064,-0.0535991960245201,0.0705579831237369
Ethiopia,ETH,231,2017,Exports,2305631368.908,482404324.955955,1823227043.952045,0.7907712692231313,2026,1729,4994,4055,-0.05928569443266,0.0571609746533679
Ethiopia,ETH,231,2018,Exports,1536526938.726,321653369.18034756,1214873569.5456524,0.7906620697148049,1752,1451,4990,4051,-0.0186945855903122,0.0754762900083692
Ethiopia,ETH,231,2019,Exports,2609417952.3900003,486219167.5060322,2123198784.883968,0.8136675778363915,1913,1617,4987,4048,-0.0448612668613359,0.0709246333637353
Ethiopia,ETH,231,2020,Exports,2533276778.91,371601414.6554192,2161675364.2545805,0.8533119563763936,1851,1527,4982,4043,-0.0446763527883652,0.0666711542886775
Ethiopia,ETH,231,2021,Exports,3057628826.59,347981595.8557839,2709647230.734216,0.8861923354366501,1866,1549,4982,4043,-0.0353796794065119,0.089749873927091
Ethiopia,ETH,231,2022,Exports,3085069653.8770003,321398197.8671199,2763671456.0098805,0.8958214128283232,1790,1461,4988,4049,-0.0832693217688969,0.0547454683129288
Ethiopia,ETH,231,2023,Exports,2859456865.997,291357335.5700333,2568099530.4269667,0.898107455637927,2288,1975,4982,4043,-0.0919441019253941,0.0708399934543479
Fiji,FJI,242,2002,Exports,520462097.00000006,214989625.7812,305472471.21880007,0.5869254898283208,2145,1827,5032,4073,-0.1300468273719028,0.0132111344010306
Fiji,FJI,242,2003,Exports,499305549.0,249368532.27909997,249937016.72090003,0.5005692751091377,1706,1379,5035,4074,-0.0936063847022423,0.0372229666569933
Fiji,FJI,242,2004,Exports,549452126.0,287103029.2321,262349096.7679,0.4774739860919202,1740,1413,5027,4074,-0.0748422290508484,0.0241345989596176
Fiji,FJI,242,2005,Exports,698080004.0,248431183.4167,449648820.5833,0.6441221894436329,2066,1724,5034,4074,-0.1050021838723432,0.013087571324735
Fiji,FJI,242,2006,Exports,673740361.0000001,236868788.5015,436871572.4985001,0.6484271950845766,2086,1731,5031,4074,-0.0904625827676258,0.0457450493697133
Fiji,FJI,242,2007,Exports,739614390.0,293461644.2031,446152745.7969,0.6032234524221466,2053,1694,5019,4074,-0.0533304233055997,0.0300818836903258
Fiji,FJI,242,2008,Exports,917675047.0,299499997.56856203,618175049.431438,0.6736317517320899,2066,1711,5015,4072,-0.0853250003986447,0.0201703563152496
Fiji,FJI,242,2009,Exports,625707452.0,227205504.0318229,398501947.96817714,0.636882214994264,2088,1708,5011,4070,-0.0339930476886851,0.0330738376206974
Fiji,FJI,242,2010,Exports,839070389.0,282744981.9373583,556325407.0626416,0.6630259086197375,2238,1834,5010,4069,-0.0246965877317685,0.0305792495322345
Fiji,FJI,242,2011,Exports,1066999038.0,352375354.68050003,714623683.3195,0.669751009953113,2324,1906,5011,4071,-0.0292695513068353,0.0335737703032488
Fiji,FJI,242,2012,Exports,1212324361.0,415585625.62107915,796738735.3789208,0.6571993115124086,2337,1926,5007,4067,-0.009669045114208,0.0342631065839248
Fiji,FJI,242,2013,Exports,1094078283.0,436128406.85289747,657949876.1471026,0.6013736735025775,2510,2079,5006,4066,-0.0252979450328665,0.0197685112415787
Fiji,FJI,242,2014,Exports,1361430722.0,530285526.2693,831145195.7307,0.6104939328162892,2419,1975,5003,4063,-0.0041746179841628,0.0184207684573228
Fiji,FJI,242,2015,Exports,977289272.179,388559384.1389845,588729888.0400155,0.6024110821633821,2529,2098,5002,4062,0.0139533198715782,0.0281677933911898
Fiji,FJI,242,2016,Exports,917148112.739,403389250.1914267,513758862.5475733,0.5601700046171034,2422,2023,5003,4064,0.0089071088049125,0.0209516470832019
Fiji,FJI,242,2017,Exports,1030453238.022,484926130.9190643,545527107.1029358,0.5294050103138099,2446,2035,4994,4055,0.012310447099477,0.0165868593571228
Fiji,FJI,242,2018,Exports,1001559815.099,469689652.0448517,531870163.05414826,0.5310418359801857,2324,1946,4990,4051,0.0018185563550426,0.0195091488746527
Fiji,FJI,242,2019,Exports,959840717.279,468738209.7772603,491102507.5017395,0.5116500046944656,2316,1955,4987,4048,0.0082724624644688,0.0210603342651544
Fiji,FJI,242,2020,Exports,769612624.612,360446853.74269855,409165770.86930144,0.531651583906361,2233,1882,4982,4043,0.0139694396967693,0.0180378094041064
Fiji,FJI,242,2021,Exports,810646391.7780001,409982099.1062216,400664292.67177856,0.4942528539391841,2189,1839,4982,4043,0.019252487147449,0.0304422304164515
Fiji,FJI,242,2022,Exports,1047218932.649,456526285.84260654,590692646.8063934,0.5640584107013829,2386,2015,4988,4049,-0.0084348619754989,0.026764754882511
Fiji,FJI,242,2023,Exports,1056836805.216,462577374.57706827,594259430.6389318,0.5623000899533158,2444,2075,4982,4043,-0.0121667196185715,0.0178427295730634
Fiji,FJI,242,2024,Exports,923874691.2560002,285615308.64091295,638259382.6150873,0.6908505976577611,2314,1960,4982,4043,0.005663972161178,0.0242448579524049
Finland,FIN,246,2000,Exports,45244921468.0,39275114055.905,5969807412.095001,0.1319442540378198,4396,3737,5035,4076,-0.0092116844592083,0.0275635367827711
Finland,FIN,246,2001,Exports,44040298431.0,38511643439.136795,5528654991.863205,0.1255362744765503,4431,3768,5033,4073,-0.008459544751217,0.0330852204628364
Finland,FIN,246,2002,Exports,44264659003.0,38509417751.69475,5755241251.305252,0.1300188769310342,4429,3768,5032,4073,-0.0087656800350015,0.0323344033008278
Finland,FIN,246,2003,Exports,52167038964.0,44999940891.443886,7167098072.556114,0.1373874809628751,4392,3744,5035,4074,-0.0111146164912454,0.0289696161080664
Finland,FIN,246,2004,Exports,60435209774.99999,51813948439.2121,8621261335.787895,0.142652956246612,4405,3748,5027,4074,-0.0109349940219289,0.0293192370987489
Finland,FIN,246,2005,Exports,64781019732.99999,56052876288.01947,8728143444.980522,0.1347330357094446,4330,3688,5034,4074,-0.0090334476119074,0.0364896120994343
Finland,FIN,246,2006,Exports,76412562641.0,64146115052.850784,12266447588.149216,0.1605292004899665,4324,3683,5031,4074,-0.0112335309190872,0.0359362874484888
Finland,FIN,246,2007,Exports,88770466784.0,74070354883.09274,14700111900.907255,0.1655968751034753,4281,3624,5019,4074,-0.0130645009096022,0.032415820014461
Finland,FIN,246,2008,Exports,95924611529.0,80232614364.99048,15691997164.00952,0.1635867679199879,4190,3587,5015,4072,-0.0111965298196309,0.0332959267874115
Finland,FIN,246,2009,Exports,58967489740.0,49446617358.15618,9520872381.84382,0.1614596860714834,4085,3483,5011,4070,-0.0121990661118878,0.0314195490268339
Finland,FIN,246,2010,Exports,69148190413.0,54752524033.97049,14395666379.02951,0.2081857282605489,4210,3578,5010,4069,-0.0163381538198117,0.0297827660578482
Finland,FIN,246,2011,Exports,77087748673.0,59329810122.79922,17757938550.200783,0.2303600618242014,4208,3583,5011,4071,-0.0175499297106787,0.0348490749073611
Finland,FIN,246,2012,Exports,71458873998.0,53433268691.81373,18025605306.18627,0.2522514601432255,4310,3629,5007,4067,-0.0216123656705149,0.0334499586458851
Finland,FIN,246,2013,Exports,72936769194.0,53054087284.07749,19882681909.922516,0.2726016264449252,4376,3675,5006,4066,-0.0245841704073783,0.0429073297974966
Finland,FIN,246,2014,Exports,70115359760.0,51813376300.264435,18301983459.735565,0.2610267354026561,4262,3583,5003,4063,-0.0230808382834489,0.045121678627527
Finland,FIN,246,2015,Exports,54853566858.0,42477133937.64352,12376432920.356476,0.2256267664853131,4201,3549,5002,4062,-0.0171089791276776,0.043610534050987
Finland,FIN,246,2016,Exports,52730256150.0,40230315595.34582,12499940554.654182,0.2370544250552475,4181,3521,5003,4064,-0.0182596827035131,0.0405274600660982
Finland,FIN,246,2017,Exports,60863774332.715,46063019694.42708,14800754638.287918,0.2431783897820536,4182,3537,4994,4055,-0.0170927525413608,0.0441079485422835
Finland,FIN,246,2018,Exports,68071265048.631,50530262726.02286,17541002322.60814,0.2576858577562297,4219,3555,4990,4051,-0.0193700229574632,0.0347927410072415
Finland,FIN,246,2019,Exports,66573714752.739,50011044013.387566,16562670739.351433,0.248786939422965,4214,3551,4987,4048,-0.0177426452819631,0.032923317627497
Finland,FIN,246,2020,Exports,59375833525.092995,44817358999.76157,14558474525.33142,0.2451919183446717,4208,3516,4982,4043,-0.0158076031172623,0.0397456939888518
Finland,FIN,246,2021,Exports,73340645304.85501,54160622558.74429,19180022746.11072,0.2615196889308122,4270,3553,4982,4043,-0.0174365755130605,0.0409126963807469
Finland,FIN,246,2022,Exports,78446452423.01001,56176653249.50125,22269799173.50876,0.2838853572806888,4304,3623,4988,4049,-0.0201187597496886,0.0447424675988266
Finland,FIN,246,2023,Exports,75680206009.29999,55287260707.04985,20392945302.250137,0.2694620743995351,4341,3621,4982,4043,-0.0171004383746905,0.0428305744856124
Finland,FIN,246,2024,Exports,69501886898.84,51375599115.90071,18126287782.939285,0.260802815459127,4242,3541,4982,4043,-0.0153620496295859,0.0423509962006027
France,FRA,251,2000,Exports,287770494380.0,255040762644.6413,32729731735.358704,0.1137355370844211,4816,3916,5035,4076,-0.0010185841496505,0.0284221543708076
France,FRA,251,2001,Exports,281888183766.0,252100062901.6046,29788120864.395386,0.1056735350394218,4806,3904,5033,4073,-0.0006555144832716,0.0302390320479396
France,FRA,251,2002,Exports,296138738337.0,265301902540.63257,30836835796.367462,0.1041296926215568,4815,3913,5032,4073,-0.0007872219943362,0.0295080407990561
France,FRA,251,2003,Exports,350683562649.0,310181651380.9444,40501911268.0556,0.1154941821684241,4796,3906,5035,4074,0.0002069114900703,0.0275892513846931
France,FRA,251,2004,Exports,401582061416.0,358093296623.04126,43488764792.95874,0.108293594189977,4806,3908,5027,4074,-0.0005407762742646,0.0273795599362627
France,FRA,251,2005,Exports,423914781968.0,372307273558.15955,51607508409.840454,0.1217402898060208,4814,3915,5034,4074,-0.0012008115885998,0.0280865755289499
France,FRA,251,2006,Exports,465169156957.0,408570151939.7259,56599005017.27405,0.1216740279762487,4803,3911,5031,4074,-0.0015896282407845,0.0307303197276288
France,FRA,251,2007,Exports,520478182515.0,459198353117.5892,61279829397.41083,0.1177375564549139,4800,3904,5019,4074,-0.0014589348084669,0.0327893030644482
France,FRA,251,2008,Exports,559210696357.0,495130139442.1271,64080556914.872925,0.1145910786977578,4465,3898,5015,4072,-0.0072537081360722,0.0247619491730742
France,FRA,251,2009,Exports,435790465054.0,392321328059.57947,43469136994.42053,0.0997477927586923,4740,3884,5011,4070,-0.0043687099561657,0.0355236847780698
France,FRA,251,2010,Exports,482549156505.0,430535817400.1728,52013339104.82721,0.1077886851601786,4734,3879,5010,4069,-0.00307448219561,0.0356132473439483
France,FRA,251,2011,Exports,570836276719.0,481767635640.4913,89068641078.50873,0.1560318513575367,4781,3876,5011,4071,-3.9229696136566794e-05,0.0332523770311268
France,FRA,251,2012,Exports,544414610935.0,462639958314.1768,81774652620.82324,0.1502065723041123,4783,3872,5007,4067,0.0013531662691417,0.0341970718265333
France,FRA,251,2013,Exports,554114974625.0,473138790536.2007,80976184088.79932,0.1461360688611607,4774,3862,5006,4066,0.0019227309071347,0.0313361740121523
France,FRA,251,2014,Exports,552495543379.0,474869323351.0174,77626220027.9826,0.1405010790733794,4778,3867,5003,4063,0.002039691758372,0.0330726486159277
France,FRA,251,2015,Exports,466456470721.0,419811417540.1376,46645053180.86243,0.099998726802446,4726,3870,5002,4062,-0.0023698602464345,0.0501276220701548
France,FRA,251,2016,Exports,461882638792.0,420733757193.1144,41148881598.88562,0.0890894745611259,4738,3870,5003,4064,-0.0010204970051497,0.0515023572599339
France,FRA,251,2017,Exports,494433632563.29504,447756748501.7747,46676884061.520325,0.0944047511888159,4756,3858,4994,4055,-0.0001436084574037,0.0427817018734181
France,FRA,251,2018,Exports,551938841693.032,484895696486.3567,67043145206.67529,0.1214684311780366,4767,3862,4990,4051,0.002303931057853,0.0321569780553081
France,FRA,251,2019,Exports,544183974993.141,479282004250.9998,64901970742.141174,0.1192647592075073,4771,3863,4987,4048,0.0039332223206692,0.0321731540364552
France,FRA,251,2020,Exports,509371338484.5661,445062456740.91296,64308881743.65307,0.1262514729136092,4771,3863,4982,4043,0.0044400955821767,0.0310604025973534
France,FRA,251,2021,Exports,556739301257.603,478734043019.4782,78005258238.12482,0.1401109245600605,4931,4006,4982,4043,0.0024267805243921,0.0301814275649853
France,FRA,251,2022,Exports,630741026540.763,526848285082.0397,103892741458.72328,0.1647153698380978,4931,4008,4988,4049,-0.0007389072827351,0.0277424952437221
France,FRA,251,2023,Exports,658713717813.387,560702171224.7562,98011546588.63074,0.1487923265268893,4934,4011,4982,4043,0.0008562486010819,0.0289927404767184
France,FRA,251,2024,Exports,644263935532.759,549393652220.2163,94870283312.54272,0.1472537543702364,4931,4008,4982,4043,0.0013165607202393,0.0259108657900554
French Polynesia,PYF,258,2000,Exports,221600685.0,50593493.4426,171007191.5574,0.771690717280048,693,618,5035,4076,0.1239544335588022,0.0396769191102454
French Polynesia,PYF,258,2001,Exports,175563324.0,49498070.3126,126065253.6874,0.7180614425334075,583,506,5033,4073,0.1952964785352549,0.0683175688110462
French Polynesia,PYF,258,2002,Exports,166790508.0,33725540.8658,133064967.1342,0.7977970013389492,660,585,5032,4073,0.1681028782742002,0.0701044510950821
French Polynesia,PYF,258,2003,Exports,149899623.0,37548529.1026,112351093.8974,0.7495088489808943,702,635,5035,4074,0.2526732437100701,0.0807779126265115
French Polynesia,PYF,258,2004,Exports,183852138.0,54899118.8819,128953019.1181,0.7013952653523127,687,609,5027,4074,0.2776176254523893,0.0572155367544934
French Polynesia,PYF,258,2005,Exports,210283390.0,66817919.6358,143465470.3642,0.6822482287554904,646,579,5034,4074,0.2500706591331004,0.06004060791992
French Polynesia,PYF,258,2006,Exports,186315630.0,60914943.4551,125400686.5449,0.6730551083926776,811,710,5031,4074,0.2490718087063024,0.0679911735960858
French Polynesia,PYF,258,2007,Exports,167046651.0,44066027.2404,122980623.7596,0.7362052637595231,799,706,5019,4074,0.2302121659232062,0.076704668385197
French Polynesia,PYF,258,2008,Exports,195473478.0,75052146.8677,120421331.1323,0.6160494628959331,730,646,5015,4072,0.2556665757795737,0.0633122865532467
French Polynesia,PYF,258,2009,Exports,148270978.0,42086781.40801056,106184196.59198944,0.7161495663162716,943,852,5011,4070,0.3069836465170769,0.0622374277147901
French Polynesia,PYF,258,2010,Exports,153190924.0,50795741.15688228,102395182.84311771,0.6684154659392074,898,799,5010,4069,0.2929442222236363,0.0515335519683868
French Polynesia,PYF,258,2011,Exports,149817856.0,49122568.189825594,100695287.8101744,0.6721180672227375,920,823,5011,4071,0.2453378595566399,0.0263772618834525
French Polynesia,PYF,258,2012,Exports,139032363.0,24580156.5456,114452206.4544,0.823205503990463,920,817,5007,4067,0.3241919692963516,0.0436273816178652
French Polynesia,PYF,258,2013,Exports,151488082.99999997,32354658.836999994,119133424.16299996,0.7864210953346079,1084,988,5006,4066,0.3709084147683773,0.0402240508056993
French Polynesia,PYF,258,2014,Exports,170097218.99999997,43972079.573631085,126125139.42636888,0.7414885450088923,1023,904,5003,4063,0.3864121335267579,0.0397046314822712
French Polynesia,PYF,258,2015,Exports,130193770.0,31060598.698,99133171.302,0.7614279185709116,1010,904,5002,4062,0.3945427997008688,0.0468860552795383
French Polynesia,PYF,258,2016,Exports,199386278.154,109981323.4580156,89404954.69598438,0.4484007401298231,1037,950,5003,4064,0.2072447404716332,0.0398696731820609
French Polynesia,PYF,258,2017,Exports,156571352.947,48467286.521836415,108104066.42516358,0.6904460132100744,1050,950,4994,4055,0.3419484919347876,0.0284246510130702
French Polynesia,PYF,258,2018,Exports,152876204.082,46881470.92711456,105994733.15488544,0.6933370290776699,1064,959,4990,4051,0.3353754868628695,0.0305041049222141
French Polynesia,PYF,258,2019,Exports,140558023.886,60716271.0489571,79841752.8370429,0.5680341159448768,1145,1035,4987,4048,0.2939063060061635,0.0353978010822118
French Polynesia,PYF,258,2020,Exports,75288528.85300002,32041830.56615588,43246698.286844134,0.5744128480884892,956,863,4982,4043,0.2880490321435403,0.0381122495102359
French Polynesia,PYF,258,2021,Exports,139157954.652,57051635.06696024,82106319.58503976,0.5900224661275568,986,877,4982,4043,0.3064240256541118,0.0358955735929325
French Polynesia,PYF,258,2022,Exports,140967809.362,48077003.98452249,92890805.3774775,0.6589504781119031,982,885,4988,4049,0.3605282903058059,0.0286004144590749
French Polynesia,PYF,258,2023,Exports,193661801.973,6272557.049087606,187389244.9239124,0.967610767920242,113,95,4982,4043,0.4415586654281929,0.1739489115369859
French Polynesia,PYF,258,2024,Exports,95570841.147,5693589.5599185005,89877251.58708152,0.9404254530818554,80,65,4982,4043,0.526599393864767,0.1939279807159554
Gabon,GAB,266,2000,Exports,2579222056.9999995,43199059.709800005,2536022997.2901993,0.9832511281482886,792,695,5035,4076,-0.1397812591642396,-0.01141056026148
Gabon,GAB,266,2001,Exports,2483315749.0,57682737.0,2425633012.0,0.9767718877379052,823,737,5033,4073,-0.1135142150786209,0.0060449904616931
Gabon,GAB,266,2002,Exports,2364095734.0,56038740.604,2308056993.396,0.9762959089185514,735,638,5032,4073,-0.1177078764369151,0.0027632997392379
Gabon,GAB,266,2003,Exports,2789425753.9999995,91631615.0,2697794138.9999995,0.9671503660319328,690,610,5035,4074,-0.1852622802133235,0.0075916693549533
Gabon,GAB,266,2004,Exports,2779849802.7420006,105358410.1902997,2674491392.551701,0.9620992436043216,641,549,5027,4074,-0.1113578823180269,-0.000793726476574
Gabon,GAB,266,2005,Exports,5068409472.0,106329240.1544,4962080231.8456,0.9790211819424206,780,685,5034,4074,-0.0880560205337291,0.0105606750705974
Gabon,GAB,266,2006,Exports,6015405146.0,134611819.67360002,5880793326.3264,0.9776221523893348,642,563,5031,4074,-0.1044297850656077,-0.0059529781590778
Gabon,GAB,266,2007,Exports,6301967089.0,120492183.5574,6181474905.4426,0.9808802264664764,689,609,5019,4074,-0.0982803786004888,-0.0124262600331203
Gabon,GAB,266,2008,Exports,9565895717.0,142944882.6738,9422950834.3262,0.985056821974364,795,694,5015,4072,-0.1139907615164514,-0.0129127156690996
Gabon,GAB,266,2009,Exports,5355820476.0,159872238.12440002,5195948237.8756,0.9701498138631036,721,648,5011,4070,-0.0735658409663736,0.0024429012353893
Gabon,GAB,266,2010,Exports,8681202648.37,195716960.57715625,8485485687.792845,0.9774550867541488,930,828,5010,4069,-0.1536126341207063,0.0043095811296032
Gabon,GAB,266,2011,Exports,5201767571.009,162666842.627928,5039100728.381072,0.9687285445942416,895,776,5011,4071,-0.1546443328630492,-0.0140901811359271
Gabon,GAB,266,2012,Exports,12121324876.716003,2985357408.4421067,9135967468.273895,0.753710304871317,1392,1230,5007,4067,-0.0309437122016119,-0.0192392099946775
Gabon,GAB,266,2013,Exports,13037061300.255,3929461173.454126,9107600126.800877,0.6985930277571628,1460,1284,5006,4066,-0.0235539713722826,-0.0031531009453034
Gabon,GAB,266,2014,Exports,13911499892.353,5408432595.502432,8503067296.850569,0.6112257745496308,1387,1217,5003,4063,-0.0166264598714396,-0.00139609757451
Gabon,GAB,266,2015,Exports,10649755572.571,5574675951.306765,5075079621.264235,0.4765442349057631,1311,1173,5002,4062,-0.0057445147476749,0.0100265994687077
Gabon,GAB,266,2016,Exports,9499373191.61,5857895750.364786,3641477441.245213,0.3833387074908715,1372,1244,5003,4064,-0.0057922804780567,-0.0055958761572428
Gabon,GAB,266,2017,Exports,5767872446.351,1480492619.9445305,4287379826.40647,0.7433208459938894,1273,1147,4994,4055,-0.0648920061687093,0.0001234116049581
Gabon,GAB,266,2018,Exports,8583128258.079,3091418564.809111,5491709693.269888,0.6398261249446824,1449,1305,4990,4051,-0.0485883249073108,0.0074296115418905
Gabon,GAB,266,2019,Exports,7712929059.251999,2484256484.9534345,5228672574.298565,0.6779101083558575,1435,1284,4987,4048,-0.0427211004332713,0.0048388277268311
Gabon,GAB,266,2020,Exports,7327368320.194,2223620643.793127,5103747676.400873,0.6965321590747803,1321,1189,4982,4043,-0.0377336817124561,0.0092372979677277
Gabon,GAB,266,2021,Exports,8029938562.759001,2339416963.255411,5690521599.50359,0.7086631553938549,1541,1368,4982,4043,-0.0346636067666756,0.0237767839891567
Gabon,GAB,266,2022,Exports,10468076624.031,1564113327.1083045,8903963296.922695,0.8505825488975067,1571,1345,4988,4049,-0.0831353769990378,0.0119939727352241
Gabon,GAB,266,2023,Exports,12693949147.874,1942217737.6712265,10751731410.202774,0.8469965717487917,1798,1572,4982,4043,-0.0408137018020969,0.0213517974013978
Gambia,GMB,270,2000,Exports,16025793.023,3499625.154,12526167.869,0.7816254615932337,253,169,5035,4076,0.2949681924493965,0.0744184156360312
Gambia,GMB,270,2001,Exports,8892736.792,998775.256,7893961.535999999,0.8876864030319093,213,155,5033,4073,0.3897125808481115,0.050361943803042
Gambia,GMB,270,2002,Exports,17316009.807,914817.113872,16401192.693128,0.9471692887640788,186,122,5032,4073,0.193082127309498,0.010983585225168
Gambia,GMB,270,2003,Exports,2689160.527,842723.2590000001,1846437.2679999997,0.6866221817036212,164,97,5035,4074,0.0023657104352502,-0.1274158094881525
Gambia,GMB,270,2004,Exports,17152318.024,6853639.757713099,10298678.266286902,0.6004248668825232,151,94,5027,4074,0.2331059740294331,0.011376067206981
Gambia,GMB,270,2005,Exports,4563437.875,675815.51,3887622.365,0.8519064949470798,134,74,5034,4074,0.0716541580974783,0.0281873918228554
Gambia,GMB,270,2006,Exports,10225965.222,632020.4220000001,9593944.8,0.9381945461108864,143,85,5031,4074,0.1917258864478296,0.0632057753214337
Gambia,GMB,270,2007,Exports,12163635.930999998,839214.8487241,11324421.082275895,0.9310062506404608,196,122,5019,4074,0.3160604097200888,0.1414226088869887
Gambia,GMB,270,2008,Exports,11843986.301,2182448.4792250004,9661537.821775,0.8157336201038383,221,139,5015,4072,0.1234679939689026,0.0821683021188256
Gambia,GMB,270,2009,Exports,34804467.830000006,6060374.5943493,28744093.235650707,0.825873660130338,254,157,5011,4070,0.0263911981281644,0.045639160258126
Gambia,GMB,270,2010,Exports,64898192.072,28572472.441,36325719.631,0.5597339227986375,325,212,5010,4069,-0.0621755631639834,0.0224506439791553
Gambia,GMB,270,2011,Exports,95533564.441,69309047.1403284,26224517.300671607,0.2745057975604735,415,302,5011,4071,-0.0629703818689557,0.0340828785498138
Gambia,GMB,270,2012,Exports,118765052.65700002,81093351.6568049,37671701.00019512,0.3171951694324849,365,274,5007,4067,-0.1107506051931339,0.0719383449553669
Gambia,GMB,270,2013,Exports,106997406.308,82723546.70546517,24273859.60253483,0.2268640001670762,392,294,5006,4066,-0.104614024246644,0.0217713233466005
Gambia,GMB,270,2014,Exports,104566721.94,82973190.03359249,21593531.906407505,0.2065048182231226,375,287,5003,4063,-0.0818422627089866,0.0498365883366106
Gambia,GMB,270,2015,Exports,83324015.244,62124385.258,21199629.986,0.2544240087797083,270,190,5002,4062,-0.0986140920779138,0.0928177282970013
Gambia,GMB,270,2016,Exports,34290937.098,10223412.8037886,24067524.2942114,0.7018625424388045,208,124,5003,4064,-0.1923035035434399,-0.0815950087239812
Gambia,GMB,270,2017,Exports,13807872.001000002,6469224.149,7338647.852000002,0.5314828998609284,194,148,4994,4055,0.0182950883404254,0.125102375582378
Gambia,GMB,270,2018,Exports,11428464.871,5150449.728999999,6278015.142,0.5493314467746768,168,128,4990,4051,-0.2438044473971563,0.0219875174267534
Gambia,GMB,270,2019,Exports,24602270.898,4860897.038,19741373.86,0.8024207985452613,158,112,4987,4048,-0.1312475244372645,0.0064712918811473
Gambia,GMB,270,2020,Exports,25860014.198,15022080.472,10837933.725999998,0.4191000686626923,169,114,4982,4043,-0.0194806527367868,0.0115063403511073
Gambia,GMB,270,2021,Exports,26401288.140000004,2970420.064213,23430868.075787004,0.8874895782182467,153,104,4982,4043,-0.1402264932104859,0.0570468967811256
Gambia,GMB,270,2022,Exports,54874283.639,17763131.920392998,37111151.718607,0.6762940535633988,170,107,4988,4049,-0.140446253941285,-0.0221903103523534
Gambia,GMB,270,2023,Exports,83449801.60000001,4317665.1061985,79132136.4938015,0.9482603310803016,165,114,4982,4043,-0.0866658668065321,-0.0156438737482811
Gambia,GMB,270,2024,Exports,49641899.477000006,4541296.027607437,45100603.44939257,0.9085188907867738,1249,1166,4982,4043,0.0370553871641219,0.0389900551446988
Georgia,GEO,268,2000,Exports,321104649.0,142204422.8815,178900226.1185,0.5571399438645313,1232,1031,5035,4076,-0.0036038837983255,0.0197072566228893
Georgia,GEO,268,2001,Exports,317429739.0,142453510.9832,174976228.0168,0.5512282137396081,1185,1017,5033,4073,0.0048368297656972,0.0094349623467278
Georgia,GEO,268,2002,Exports,345435483.0,162186477.4551,183249005.5449,0.5304869203170423,1198,1025,5032,4073,-0.0045533019199526,0.0042407368590196
Georgia,GEO,268,2003,Exports,460895136.0,193569686.233,267325449.767,0.5800136058866979,1249,1068,5035,4074,-0.0064502998622333,-0.0210296075131051
Georgia,GEO,268,2004,Exports,646465732.0,294784239.264,351681492.736,0.5440063955872606,1348,1112,5027,4074,-0.0116287551807973,-0.0140243900165632
Georgia,GEO,268,2005,Exports,864299678.0,408979091.7801001,455320586.2198999,0.5268086958837209,1512,1233,5034,4074,-0.0039272936303165,-0.0083859050623826
Georgia,GEO,268,2006,Exports,934555653.0,409682033.4345,524873619.5655,0.5616290671193447,1694,1425,5031,4074,0.0073758999553806,-0.0042013985843977
Georgia,GEO,268,2007,Exports,1228170318.0,485125615.7568,743044702.2432001,0.6050013514845423,1692,1490,5019,4074,0.005831663559227,0.0377084328239554
Georgia,GEO,268,2008,Exports,1494867855.0,586616299.4785,908251555.5215,0.6075798288682179,1753,1533,5015,4072,-0.0172034465824508,0.0455630013900039
Georgia,GEO,268,2009,Exports,1098587417.0,456027490.3037568,642559926.6962432,0.5848964923073056,1829,1615,5011,4070,0.0413974805747805,0.0293761162426774
Georgia,GEO,268,2010,Exports,1630689337.0,761133808.9314785,869555528.0685215,0.5332441369048588,1921,1708,5010,4069,0.0088756970090069,0.0227302386171397
Georgia,GEO,268,2011,Exports,2134541563.0,1194184019.5442612,940357543.4557388,0.4405430935409425,2033,1787,5011,4071,0.0146842919181792,0.0212847862329202
Georgia,GEO,268,2012,Exports,2340070186.0,1464425933.7740922,875644252.2259078,0.374195721762812,2178,1876,5007,4067,0.0161156190937111,0.025526407777573
Georgia,GEO,268,2013,Exports,2905939483.0,1848575373.3184896,1057364109.6815104,0.3638630865739575,2274,1981,5006,4066,0.0217678176818563,0.0215151939794225
Georgia,GEO,268,2014,Exports,2853830415.5499997,1758536981.501535,1095293434.0484648,0.3837976594826417,2341,2025,5003,4063,0.0195052649771914,0.027460510614978
Georgia,GEO,268,2015,Exports,2173821770.98,1141569609.719134,1032252161.2608662,0.4748559311720884,2380,2074,5002,4062,0.0079093614228862,0.0405852735351333
Georgia,GEO,268,2016,Exports,2069417837.23,1017030431.6908135,1052387405.5391864,0.5085427343894212,2365,2027,5003,4064,0.0167957283780508,0.0424347923405351
Georgia,GEO,268,2017,Exports,2738536311.68,1463176299.4496968,1275360012.230303,0.4657086366869872,2526,2178,4994,4055,0.014350312426743,0.0370298088611776
Georgia,GEO,268,2018,Exports,3368526330.0200005,1985344553.7065208,1383181776.31348,0.4106192562565682,2636,2255,4990,4051,0.0141451398322635,0.0334469344870154
Georgia,GEO,268,2019,Exports,3788919508.07,2363452836.97229,1425466671.0977097,0.3762198347211166,2828,2409,4987,4048,0.0133697070228552,0.0304869196628368
Georgia,GEO,268,2020,Exports,3330570516.3,1704469339.38858,1626101176.91142,0.488235024285836,2723,2343,4982,4043,0.0040356945746743,0.0301058475262249
Georgia,GEO,268,2021,Exports,4230339829.27,2179400818.8659286,2050939010.404071,0.4848166088722918,2798,2418,4982,4043,0.0066939414211677,0.0361198772638006
Georgia,GEO,268,2022,Exports,5516991918.922999,3118508630.163005,2398483288.7599945,0.4347447529392457,2947,2546,4988,4049,0.0009575814333792,0.029673468502952
Georgia,GEO,268,2023,Exports,6054177934.831,4453301741.065954,1600876193.765046,0.264425031936187,2893,2511,4982,4043,0.0138742975514183,0.0227653544521041
Georgia,GEO,268,2024,Exports,6404012465.124,4981908223.250655,1422104241.8733444,0.2220645649298886,2911,2558,4982,4043,0.0182028007420986,0.02073413996761
Germany,DEU,276,2000,Exports,507702682000.0,476619547529.8,31083134470.200012,0.0612231047268724,4801,3940,5035,4076,-0.0032227095749453,0.0330245806395997
Germany,DEU,276,2001,Exports,546135674000.0,513482193791.5,32653480208.5,0.0597900517454569,4811,3941,5033,4073,-0.0024484999357367,0.032165053275588
Germany,DEU,276,2002,Exports,591060836000.0,557220370777.2595,33840465222.74048,0.0572537768730467,4809,3949,5032,4073,-0.0026158289979312,0.0333021313757395
Germany,DEU,276,2003,Exports,693057612000.0,652647745442.0391,40409866557.96094,0.0583066484781079,4822,3947,5035,4074,-0.0031666097175395,0.0326763827410861
Germany,DEU,276,2004,Exports,842693336000.0,790513305342.8352,52180030657.164795,0.0619205450286897,4805,3950,5027,4074,-0.0028173184774802,0.0335353964876379
Germany,DEU,276,2005,Exports,935255851000.0,873407083169.4056,61848767830.59436,0.0661303190613178,4757,3915,5034,4074,-0.0026022257957223,0.031314658979259
Germany,DEU,276,2006,Exports,1059683804000.0,994103105891.2535,65580698108.74646,0.0618870439098892,4712,3908,5031,4074,-0.0043792132198844,0.0568393731425023
Germany,DEU,276,2007,Exports,1240364389000.0,1145839771963.6702,94524617036.32983,0.0762071354793868,4797,3906,5019,4074,-0.0024511251168078,0.0238291968772548
Germany,DEU,276,2008,Exports,1361125391830.679,1265354880532.889,95770511297.79004,0.0703612700729806,4747,3865,5015,4072,-0.004114215663012,0.0389983352627263
Germany,DEU,276,2009,Exports,1050990155213.472,987110287608.4884,63879867604.98352,0.0607806526903275,4823,3939,5011,4070,-0.0042292659572635,0.0473270893969415
Germany,DEU,276,2010,Exports,1193222441670.286,1108468175621.6685,84754266048.61768,0.071029728480448,4583,3929,5010,4069,-0.0030750558691585,0.022881316322539
Germany,DEU,276,2011,Exports,1421776105032.37,1291674776898.9766,130101328133.39333,0.0915061996561204,4835,3930,5011,4071,-0.0012899387305277,0.0282627115917012
Germany,DEU,276,2012,Exports,1331527671816.091,1226746879646.5327,104780792169.55836,0.0786921626845698,4562,3931,5007,4067,-0.00323135160258,0.0248669572287731
Germany,DEU,276,2013,Exports,1365525048985.812,1263093049387.6135,102431999598.19849,0.0750129041384306,4554,3926,5006,4066,-0.0027361600467795,0.0221365257392756
Germany,DEU,276,2014,Exports,1397018235020.502,1307759447749.0369,89258787271.46509,0.0638923566163437,4501,3919,5003,4063,-0.0028944378157744,0.0236219805481151
Germany,DEU,276,2015,Exports,1238277664711.677,1166521563490.5864,71756101221.09058,0.0579483126167816,4470,3913,5002,4062,-0.0039461286836306,0.020775635898613
Germany,DEU,276,2016,Exports,1246983519994.0725,1182035337191.5627,64948182802.50952,0.052084235085014,4479,3917,5003,4064,-0.0030842216887917,0.0232214382877016
Germany,DEU,276,2017,Exports,1392502006834.6492,1289256955205.724,103245051628.92503,0.0741435567935843,4836,3922,4994,4055,0.0004125525801245,0.03168858254497
Germany,DEU,276,2018,Exports,1497405053472.578,1385464498039.1035,111940555433.47437,0.074756362798347,4835,3923,4990,4051,-3.525283450156458e-06,0.031921780003554
Germany,DEU,276,2019,Exports,1420265332485.458,1321509747432.625,98755585052.833,0.0695331941109983,4835,3922,4987,4048,-0.0013937993312848,0.0421537179645775
Germany,DEU,276,2020,Exports,1311525666954.5098,1226247547958.1772,85278118996.33252,0.0650220740203709,4776,3915,4982,4043,-0.0020437116934763,0.0914704739739757
Germany,DEU,276,2021,Exports,1561182991800.753,1436487034548.2588,124695957252.49414,0.0798727361926119,4577,3921,4982,4043,-0.0023507923311865,0.0287986790278829
Germany,DEU,276,2022,Exports,1632852134328.954,1465639852799.507,167212281529.44678,0.1024050359576283,4864,3948,4988,4049,-0.0009455728940276,0.0327831917442353
Germany,DEU,276,2023,Exports,1664829556635.516,1525450780749.5583,139378775885.95752,0.0837195467430495,4857,3944,4982,4043,0.0008300221640612,0.0389401304529611
Germany,DEU,276,2024,Exports,1572581059596.584,1434457929476.5889,138123130119.99512,0.0878321211343013,4848,3941,4982,4043,0.0004220311372644,0.0395896863071019
Ghana,GHA,288,2000,Exports,1564272620.0,224173738.0,1340098882.0,0.8566913879755819,1192,933,5035,4076,-0.0877299497306041,0.0094984361660834
Ghana,GHA,288,2001,Exports,1034537473.0,142566821.0,891970652.0,0.862192695073115,867,656,5033,4073,-0.061434533473978,0.0172696969850576
Ghana,GHA,288,2003,Exports,1247200452.0,223161340.06539997,1024039111.9346,0.8210701898740171,1312,987,5035,4074,-0.0289751434938668,0.0030894402223529
Ghana,GHA,288,2005,Exports,3057237313.0,752813484.2908,2304423828.7092,0.7537602066121322,1333,1008,5034,4074,-0.067479000428516,0.0284556585118928
Ghana,GHA,288,2006,Exports,3608271949.0,769761546.9470723,2838510402.052928,0.7866675356439238,1266,945,5031,4074,-0.103156755931846,0.0156311902901699
Ghana,GHA,288,2007,Exports,3530816375.0,451831749.0044999,3078984625.9955,0.8720319322738782,1497,1169,5019,4074,-0.0934712836744326,0.0346750079930163
Ghana,GHA,288,2008,Exports,3807105538.0,390505062.7366,3416600475.2634,0.897427308269015,1594,1268,5015,4072,-0.1328295370194809,0.0147956505598071
Ghana,GHA,288,2009,Exports,5064974232.0,522250329.5231999,4542723902.4768,0.8968898348537147,1479,1182,5011,4070,-0.1358167881312761,0.0089179032963464
Ghana,GHA,288,2010,Exports,5233143629.355999,487748792.9819243,4745394836.374075,0.906796215138099,1674,1362,5010,4069,-0.1446969946796773,-0.004613342436186
Ghana,GHA,288,2011,Exports,18144616659.0,1771503707.7633762,16373112951.236624,0.9023675318660048,2087,1667,5011,4071,-0.1685170005483574,0.0536812280134693
Ghana,GHA,288,2012,Exports,15761146447.0,929796929.6657,14831349517.3343,0.9410070242800976,2186,1812,5007,4067,-0.1468329224268895,0.0187963167438747
Ghana,GHA,288,2013,Exports,12637541925.0,1150874423.4417927,11486667501.558208,0.9089320984830844,2565,2108,5006,4066,-0.1308299644514104,0.0230711926454433
Ghana,GHA,288,2014,Exports,15384733659.426006,1655821045.239443,13728912614.186563,0.8923724594851894,2352,1992,5003,4063,-0.1236959750052441,0.0286827837555214
Ghana,GHA,288,2015,Exports,13153939832.155,1496188450.7001202,11657751381.454878,0.8862554892456885,2234,1950,5002,4062,-0.1017626158389662,0.0180608767401516
Ghana,GHA,288,2016,Exports,10655796305.0,970141014.811072,9685655290.188929,0.9089564977555122,2051,1667,5003,4064,-0.1525017619529003,0.0255641752763993
Ghana,GHA,288,2017,Exports,14356308821.304,1111872413.2036314,13244436408.100368,0.9225516511908916,2252,1812,4994,4055,-0.1152983749720384,0.0494352712025583
Ghana,GHA,288,2018,Exports,17062301867.461002,889510269.8340445,16172791597.626957,0.9478669245953032,2298,1861,4990,4051,-0.0907529814069982,0.0589631986426473
Ghana,GHA,288,2019,Exports,16470228575.147,1113189305.783707,15357039269.363293,0.932412030549262,2437,1993,4987,4048,-0.1451542717541309,0.0392752348916312
Ghana,GHA,288,2021,Exports,14481093829.506,1755410363.4949129,12725683466.011087,0.8787791596296288,2741,2260,4982,4043,-0.1246161029790472,0.035881587745969
Ghana,GHA,288,2022,Exports,17378757386.834,1683785470.0475185,15694971916.786482,0.9031124359142536,2877,2392,4988,4049,-0.1016340901226301,0.0335616318334445
Ghana,GHA,288,2023,Exports,16581003178.795,1667179270.0614398,14913823908.73356,0.8994524485591107,2712,2301,4982,4043,-0.1125845304720196,0.0341126683159868
Greece,GRC,300,2000,Exports,10511089058.0,6657502598.1475,3853586459.8525,0.3666210455061772,3973,3325,5035,4076,-0.0264381961478348,0.0251846629677623
Greece,GRC,300,2001,Exports,10206965126.0,6780503498.8427,3426461627.1573,0.3356983770258157,3997,3331,5033,4073,-0.0189990214753842,0.0256858954310277
Greece,GRC,300,2002,Exports,10173566749.0,7129511471.277398,3044055277.722602,0.2992121989096709,3994,3321,5032,4073,-0.0155307021467875,0.0257082613272515
Greece,GRC,300,2003,Exports,13398871228.0,9659082925.64221,3739788302.35779,0.2791121907748952,4011,3350,5035,4074,-0.0106858863732091,0.0236682353250654
Greece,GRC,300,2004,Exports,14886677762.0,11006404938.30746,3880272823.692539,0.2606540482522832,4101,3404,5027,4074,-0.0084578145065183,0.0211243064087741
Greece,GRC,300,2005,Exports,16987890263.999998,11789018232.02903,5198872031.970968,0.3060340013490782,4120,3413,5034,4074,-0.0124052235172098,0.0176338525615911
Greece,GRC,300,2006,Exports,20377156178.0,13327201164.536703,7049955013.463295,0.3459734494784268,4162,3448,5031,4074,-0.0138564181733532,0.0306179337877803
Greece,GRC,300,2007,Exports,22735280257.0,15570321453.13466,7164958803.865339,0.3151471511620935,4310,3585,5019,4074,-0.0120983886101312,0.0390977560848455
Greece,GRC,300,2008,Exports,30300677690.0,18149300237.27349,12151377452.72651,0.4010265901325624,4326,3582,5015,4072,-0.0288426316821742,0.0372076255400195
Greece,GRC,300,2009,Exports,23760697030.0,13977479764.511164,9783217265.488836,0.4117394895081003,4334,3585,5011,4070,-0.0244693612835097,0.0361275377484054
Greece,GRC,300,2010,Exports,26881666513.0,14515801697.666067,12365864815.333933,0.4600110937822172,4338,3586,5010,4069,-0.0361674614144253,0.0331115558735222
Greece,GRC,300,2011,Exports,32454893685.0,16504556806.94745,15950336878.05255,0.4914616893483917,4338,3574,5011,4071,-0.0450629336911551,0.0240886062423867
Greece,GRC,300,2012,Exports,34437289303.0,14868057206.781103,19569232096.218895,0.5682570403273327,4345,3575,5007,4067,-0.0541293419486244,0.0362737276278796
Greece,GRC,300,2013,Exports,35562261225.0,14940848485.216366,20621412739.78363,0.5798678719925419,4353,3578,5006,4066,-0.0566314909319702,0.0342270054217214
Greece,GRC,300,2014,Exports,35031356973.0,15555801686.201904,19475555286.798096,0.5559463569112851,4349,3585,5003,4063,-0.0509320150671872,0.0354320400000136
Greece,GRC,300,2015,Exports,27657700677.999996,13958064783.161505,13699635894.838491,0.495328084367321,4356,3593,5002,4062,-0.0359307065379583,0.0432063233636983
Greece,GRC,300,2016,Exports,27237748039.0,14034159905.885756,13203588133.114244,0.4847532958381458,4418,3628,5003,4064,-0.028822237678975,0.0413465506656559
Greece,GRC,300,2017,Exports,29477926882.192997,15639031791.228828,13838895090.96417,0.469466361941618,4376,3616,4994,4055,-0.0462258208097946,0.0311441755150668
Greece,GRC,300,2018,Exports,35457213583.843,18420017539.26379,17037196044.579212,0.4805001386894838,4114,3618,4990,4051,-0.0524046091503196,0.028818510923613
Greece,GRC,300,2019,Exports,33885998263.075005,18924143013.356316,14961855249.718687,0.441535029706425,4155,3636,4987,4048,-0.0459848931304737,0.0321682227230466
Greece,GRC,300,2020,Exports,30774219488.989,20120559113.41633,10653660375.572674,0.3461878335983321,4141,3601,4982,4043,-0.0263286473262033,0.0364157655250547
Greece,GRC,300,2021,Exports,42157191543.97499,24551090400.76156,17606101143.21343,0.4176298396170001,4112,3650,4982,4043,-0.0373684865065736,0.0237342139761641
Greece,GRC,300,2022,Exports,56259679561.306,26659876981.81209,29599802579.493908,0.5261281758144231,4502,3716,4988,4049,-0.0454553323799546,0.0310436875242213
Greece,GRC,300,2023,Exports,53868258802.66901,26863708672.446136,27004550130.22287,0.5013072768723847,4507,3713,4982,4043,-0.04060048726578,0.0266792362748894
Greece,GRC,300,2024,Exports,51352691923.705,27213908065.59336,24138783858.11164,0.4700587827795819,4490,3716,4982,4043,-0.0407701771698619,0.021686449001761
Greenland,GRL,304,2000,Exports,263922152.0,74247764.0,189674388.0,0.7186755130732642,299,249,5035,4076,0.0202703359947939,0.0624108683353754
Greenland,GRL,304,2001,Exports,249986199.0,72737386.0,177248813.0,0.7090343935346607,341,280,5033,4073,0.0144465602083098,0.0474328722357597
Greenland,GRL,304,2002,Exports,294308882.00000006,81389832.01859875,212919049.98140132,0.7234543807665352,384,327,5032,4073,0.0252198574715217,0.0706985856104678
Greenland,GRL,304,2003,Exports,335868647.0,79149600.8216,256719046.1784,0.7643435863139675,352,295,5035,4074,0.0489775117905186,0.0854755705286811
Greenland,GRL,304,2004,Exports,364786634.0,107736534.6432,257050099.3568,0.7046587659700273,327,268,5027,4074,0.0555110121309432,0.1196348669869431
Greenland,GRL,304,2005,Exports,387817129.99999994,128843981.0,258973148.9999999,0.6677712998391793,333,268,5034,4074,0.0516317648880721,0.1457624480765751
Greenland,GRL,304,2006,Exports,403748290.0,140707446.5189,263040843.4811,0.6514971084610661,371,295,5031,4074,0.0541344888305465,0.0969185009763904
Greenland,GRL,304,2007,Exports,380711633.0,122769316.29124366,257942316.70875633,0.6775267534542511,428,349,5019,4074,0.0963148945041764,0.0605856511950245
Greenland,GRL,304,2008,Exports,436768625.0,150677295.9371,286091329.0629,0.6550180408743874,392,312,5015,4072,0.0948651995055414,0.0655903117616508
Greenland,GRL,304,2009,Exports,340616713.99,126325043.954277,214291670.03572303,0.6291284638545785,384,305,5011,4070,0.0722108351617789,0.0301147587639055
Greenland,GRL,304,2010,Exports,357481260.0,136241768.42978978,221239491.57021025,0.6188841663202436,369,289,5010,4069,0.0809148803061924,-0.0507354763444835
Greenland,GRL,304,2011,Exports,458730842.6099999,150832248.707998,307898593.902002,0.6711966262180646,384,303,5011,4071,0.0755124164451984,0.0565013025898368
Greenland,GRL,304,2012,Exports,436747678.4,138013346.56999996,298734331.83000004,0.6839975267284674,321,241,5007,4067,0.1050863459669635,-0.0273972943912373
Greenland,GRL,304,2013,Exports,501922352.4200001,183462522.15208405,318459830.267916,0.634480271166394,333,258,5006,4066,0.0518001842374804,-0.0082916774948068
Greenland,GRL,304,2014,Exports,521757379.87,137037195.76089403,384720184.10910594,0.7373545616258692,333,271,5003,4063,0.0892338612783395,0.0471293288953458
Greenland,GRL,304,2015,Exports,373686674.29,88566900.31000002,285119773.97999996,0.7629915477230329,338,271,5002,4062,0.1128511521333203,0.1033700334159168
Greenland,GRL,304,2016,Exports,538693045.77,142239600.97,396453444.7999999,0.7359542654450183,356,297,5003,4064,0.0614761738218919,0.0768223719964819
Greenland,GRL,304,2017,Exports,576871025.99,134668253.90126482,442202772.0887352,0.7665539646922755,629,559,4994,4055,0.1093552674651953,0.0529116193979953
Greenland,GRL,304,2018,Exports,621098653.4499999,154605614.05703104,466493039.3929689,0.751077202956008,327,262,4990,4051,0.1152082114498482,0.0267358242208207
Grenada,GRD,308,2000,Exports,75844023.0,51098788.0,24745235.0,0.3262648000620958,409,342,5035,4076,0.1173205252964896,0.0483889716214548
Grenada,GRD,308,2001,Exports,58638825.0,32400389.0968,26238435.9032,0.4474584186023509,368,314,5033,4073,0.1804963423709553,0.0525611412106508
Grenada,GRD,308,2002,Exports,38261830.0,13671682.5696,24590147.4304,0.6426809023614396,381,332,5032,4073,0.2132477955908818,0.0468802865500949
Grenada,GRD,308,2003,Exports,40192378.0,18170222.0,22022156.0,0.5479187123488937,462,406,5035,4074,0.1534552138111471,0.05921702209149
Grenada,GRD,308,2004,Exports,31574490.999999996,11913071.0,19661419.999999996,0.6226995076500204,573,503,5027,4074,0.2361217972077228,0.0457345674954143
Grenada,GRD,308,2005,Exports,27644850.0,10719327.0,16925523.0,0.6122486828468955,591,537,5034,4074,0.2133678459770924,0.0328205253403255
Grenada,GRD,308,2006,Exports,25370547.0,12281751.0,13088796.0,0.5159051556909672,521,476,5031,4074,0.1144769806782501,0.0443700826078539
Grenada,GRD,308,2007,Exports,33410870.0,19197485.349,14213384.651,0.4254119887030778,491,429,5019,4074,0.058892077524622,0.0486565891187801
Grenada,GRD,308,2008,Exports,30538173.0,13042335.845,17495837.155,0.5729169572456086,513,430,5015,4072,0.0405449159024614,0.0256843259970067
Grenada,GRD,308,2010,Exports,24914821.723,6499929.388547299,18414892.334452704,0.7391139514939046,582,519,5010,4069,0.1148824138855434,0.0272658699117128
Grenada,GRD,308,2011,Exports,31326420.131000005,7622309.324370999,23704110.80662901,0.7566811243513869,572,504,5011,4071,0.118701563377863,0.0133777860612607
Grenada,GRD,308,2012,Exports,37433956.60800001,11574184.9576352,25859771.65036481,0.6908105365714485,704,616,5007,4067,0.1093593820280577,0.0078178538518706
Grenada,GRD,308,2013,Exports,37353138.561,13358067.178077802,23995071.382922195,0.6423843432523548,797,650,5006,4066,0.0968209904103104,0.0253436446056989
Grenada,GRD,308,2014,Exports,36316389.956,12831756.675710212,23484633.280289788,0.6466676150559888,652,550,5003,4063,0.0882977492853487,0.0398939222276073
Grenada,GRD,308,2015,Exports,33106877.239,9090179.1611362,24016698.0778638,0.7254292787714831,722,616,5002,4062,0.1416243940500781,0.0276280158050478
Grenada,GRD,308,2016,Exports,35093120.081,12322577.321125705,22770542.7598743,0.6488605945358119,723,622,5003,4064,0.1568475967700977,0.0353068753172041
Grenada,GRD,308,2017,Exports,29969378.518000003,9014820.1536264,20954558.3643736,0.6991989624271995,671,581,4994,4055,0.1362132954559338,0.0343133325998873
Grenada,GRD,308,2018,Exports,37745682.96699999,15483507.887957,22262175.079042993,0.58979394010452,692,594,4990,4051,0.1279966405411488,0.0262454389094382
Grenada,GRD,308,2019,Exports,34059431.609000005,13434157.5820137,20625274.026986305,0.6055671822055949,736,628,4987,4048,0.1311420151123162,0.0375644439171444
Grenada,GRD,308,2020,Exports,24160753.032,8867997.7701247,15292755.261875302,0.6329585523108748,678,593,4982,4043,0.165451536172172,0.0510341289993473
Grenada,GRD,308,2021,Exports,34764828.485,14431960.5681581,20332867.916841894,0.5848689265248334,793,682,4982,4043,0.153403219278788,0.0132645234495313
Grenada,GRD,308,2022,Exports,37230205.513,11664794.155089298,25565411.357910708,0.686684669226008,569,476,4988,4049,0.1275698628185841,0.0463519907519568
Grenada,GRD,308,2023,Exports,45736185.87099999,24521702.788608,21214483.082391992,0.4638446052809902,652,569,4982,4043,0.0771821405993263,0.0147424747524343
Grenada,GRD,308,2024,Exports,43127763.067,23482550.328,19645212.739,0.4555119798001277,748,661,4982,4043,0.0587974415987123,0.0144373971883979
Guatemala,GTM,320,2000,Exports,2653424137.0,1011149675.6265,1642274461.3735,0.6189264801179806,3022,2544,5035,4076,-0.0516694604692756,0.0157874190071324
Guatemala,GTM,320,2001,Exports,2368146298.0,1086698843.5151,1281447454.4849,0.5411183656884445,3175,2665,5033,4073,-0.0334929231796901,0.029024468918993
Guatemala,GTM,320,2002,Exports,2438724495.0,1164574228.317385,1274150266.682615,0.5224658501995384,3365,2857,5032,4073,-0.0206219042101719,0.0196970413075354
Guatemala,GTM,320,2003,Exports,2634520456.0,1267906183.4378183,1366614272.5621817,0.5187335970194423,3401,2926,5035,4074,-0.0209420118490722,0.0203557088117549
Guatemala,GTM,320,2004,Exports,2928354419.0,1476925359.7939987,1451429059.2060013,0.4956466504835326,3503,3009,5027,4074,-0.0207722639825032,0.0195323129906667
Guatemala,GTM,320,2005,Exports,5380815602.0,3428718526.591976,1952097075.408024,0.3627883242611858,3523,3025,5034,4074,-0.013021838436614,0.0059726931684645
Guatemala,GTM,320,2006,Exports,3198083858.0,1378363341.4988985,1819720516.5011015,0.5690033774283543,3448,2955,5031,4074,-0.048106014433629,0.0213536458078937
Guatemala,GTM,320,2007,Exports,6892724033.0,3953675248.680663,2939048784.319337,0.4263987315099485,3634,3099,5019,4074,-5.455961760292283e-05,0.024620145200348
Guatemala,GTM,320,2008,Exports,7736549931.0,4198077746.572392,3538472184.427608,0.4573708198080791,3675,3174,5015,4072,-0.0063092869742402,0.0320592010949294
Guatemala,GTM,320,2009,Exports,7208582515.0,3703060271.6216574,3505522243.3783426,0.4862984138814901,3649,3155,5011,4070,-0.0035095861557586,0.0298424391284078
Guatemala,GTM,320,2010,Exports,8460148007.0,4248860620.015046,4211287386.984954,0.4977793985992323,3618,3119,5010,4069,-0.0111768423421451,0.0295837747434081
Guatemala,GTM,320,2011,Exports,10153383973.000002,4716376876.5119915,5437007096.48801,0.5354871943133603,3631,3119,5011,4071,-0.0275574691742406,0.0290015148716925
Guatemala,GTM,320,2012,Exports,10071179135.0,4862519775.597868,5208659359.402132,0.5171846602649206,3621,3123,5007,4067,-0.0201883973914769,0.0368272647895524
Guatemala,GTM,320,2013,Exports,10011055872.999998,4882469069.567871,5128586803.432127,0.5122922964863297,3621,3138,5006,4066,-0.0206151541879715,0.0304585255868177
Guatemala,GTM,320,2014,Exports,10843103299.0,5019164923.767301,5823938375.232699,0.5371099227441474,3639,3130,5003,4063,-0.0227134444570069,0.0238614177639805
Guatemala,GTM,320,2015,Exports,10648621088.0,5290758448.190124,5357862639.809876,0.503150839487348,3596,3108,5002,4062,-0.0136733131615516,0.0329890023297406
Guatemala,GTM,320,2016,Exports,10555328223.0,5264975056.644292,5290353166.355708,0.5012021468766892,3591,3116,5003,4064,-0.0136493585473319,0.0282835345796355
Guatemala,GTM,320,2017,Exports,11002386475.000002,5444968721.482352,5557417753.51765,0.5051102109660849,3623,3142,4994,4055,-0.0126436925764694,0.0248402298476809
Guatemala,GTM,320,2018,Exports,10863414386.0,5602976419.525156,5260437966.474844,0.4842343097262426,3722,3238,4990,4051,-0.003140299410877,0.0228129287608244
Guatemala,GTM,320,2019,Exports,11289176124.0,5655385097.551021,5633791026.448979,0.4990435940202875,3706,3210,4987,4048,-0.0066320051046644,0.0255363677721637
Guatemala,GTM,320,2020,Exports,11658352401.0,5674378499.311909,5983973901.688091,0.5132778368558162,3699,3202,4982,4043,-0.0051319726325353,0.0230481122560531
Guatemala,GTM,320,2021,Exports,13735599195.0,7214669724.433173,6520929470.566827,0.474746633036625,3779,3258,4982,4043,-0.0051444484848103,0.0250649608885709
Guatemala,GTM,320,2022,Exports,15759524055.999998,8321720690.275471,7437803365.724527,0.4719560907610526,3951,3422,4988,4049,-0.0126748719847623,0.0221226082182705
Guatemala,GTM,320,2023,Exports,14211448252.999998,7913600030.62058,6297848222.379418,0.4431531614696595,3910,3402,4982,4043,-0.0073408473534457,0.0179838027568305
Guatemala,GTM,320,2024,Exports,14695977371.0,8292632501.054953,6403344869.945047,0.4357209260937591,3961,3438,4982,4043,-0.0072550535805591,0.0130401936164619
Guyana,GUY,328,2000,Exports,520268632.0,65163432.3937,455105199.6063,0.8747504108729354,1101,871,5035,4076,-0.0917736100567647,0.0029377188264807
Guyana,GUY,328,2001,Exports,480719066.0,63245455.5746,417473610.4254,0.8684357246304851,1216,972,5033,4073,-0.1111826398930241,0.0134680642944309
Guyana,GUY,328,2002,Exports,446129613.0,74094060.26699999,372035552.733,0.8339180854443752,1251,992,5032,4073,-0.107754139968735,0.0404956586361797
Guyana,GUY,328,2003,Exports,448704338.0,87609657.6397,361094680.3603,0.8047496976958133,1327,1063,5035,4074,-0.1101611683992964,0.0497352590930383
Guyana,GUY,328,2004,Exports,517174676.0,59681748.4948,457492927.5052,0.8846004043423039,992,672,5027,4074,-0.1507285242992793,0.0022706797475901
Guyana,GUY,328,2005,Exports,530800451.0,66047189.200399995,464753261.7996,0.8755705857521964,1332,1020,5034,4074,-0.1127436038891782,0.0297563217326326
Guyana,GUY,328,2006,Exports,563625657.0,93295501.0048,470330155.9952,0.8344725797236019,1444,1141,5031,4074,-0.103592447562542,0.0563426257466103
Guyana,GUY,328,2007,Exports,784713544.0,134281514.05493444,650432029.9450655,0.828878302048353,1783,1433,5019,4074,-0.0651597361532538,0.0484085178920407
Guyana,GUY,328,2008,Exports,830193617.0,70220039.55362177,759973577.4463782,0.9154172736145936,1568,1258,5015,4072,-0.1906287501144715,0.0793142464947074
Guyana,GUY,328,2009,Exports,788320464.0000001,72945500.16722551,715374963.8327746,0.9074671995737694,1619,1301,5011,4070,-0.2156872406368827,0.0524452991127247
Guyana,GUY,328,2010,Exports,900740846.0,72824276.88692847,827916569.1130716,0.9191506888908996,1544,1216,5010,4069,-0.2216941806697685,0.0654034611685048
Guyana,GUY,328,2011,Exports,1178649058.0,103429484.06805304,1075219573.931947,0.912247429914755,1531,1238,5011,4071,-0.2521289590145792,0.0805360017694124
Guyana,GUY,328,2012,Exports,1371180732.0,92703170.0001228,1278477561.9998772,0.9323917206268598,1399,1110,5007,4067,-0.21093688673402,0.0707130639689351
Guyana,GUY,328,2013,Exports,1375940110.0,91171052.09372072,1284769057.906279,0.9337390839680364,1321,1071,5006,4066,-0.1954808328405614,0.0444456892900229
Guyana,GUY,328,2014,Exports,1174049882.0,85565212.62469077,1088484669.3753092,0.9271196105578324,1285,1026,5003,4063,-0.1727545842026763,0.0571202979961376
Guyana,GUY,328,2015,Exports,1169367266.595,104208799.29456,1065158467.30044,0.91088445668742,1265,1015,5002,4062,-0.2301042283604127,0.0654413069983714
Guyana,GUY,328,2016,Exports,1452631573.0,249625282.5581,1203006290.4419,0.8281565076803545,1339,1088,5003,4064,-0.165073946108301,0.0762323531250016
Guyana,GUY,328,2017,Exports,1789689907.6689997,463690572.303269,1325999335.3657308,0.7409101038586022,1444,1155,4994,4055,-0.0348328811523104,0.0598517172746516
Guyana,GUY,328,2018,Exports,1379502042.0370002,86619766.0431445,1292882275.9938557,0.9372093962867644,1362,1080,4990,4051,-0.1713240692776333,0.0573678677949358
Guyana,GUY,328,2019,Exports,1486517190.8760002,129349048.964933,1357168141.9110672,0.9129851644105724,1537,1274,4987,4048,-0.1652775621126114,0.0612264851726379
Guyana,GUY,328,2020,Exports,5195921811.127001,207948950.8937252,4987972860.233275,0.959978429535178,1320,1084,4982,4043,-0.1483891560696574,0.0620381578216641
Guyana,GUY,328,2021,Exports,8700394721.142,262491677.17614517,8437903043.965855,0.969829911677652,1380,1157,4982,4043,-0.1694605947707124,0.0360600602849593
Guyana,GUY,328,2022,Exports,22538975099.975,303943066.69100904,22235032033.28399,0.9865147787180728,1348,1145,4988,4049,-0.1624530913493664,0.0242864669046091
Guyana,GUY,328,2023,Exports,10795256699.744,2454060593.5701413,8341196106.173859,0.7726723262052363,1842,1585,4982,4043,-0.0546486044601155,0.0273292703914195
Guyana,GUY,328,2024,Exports,22409479415.308,2757187932.9797006,19652291482.3283,0.8769633206607979,2091,1810,4982,4043,-0.0492741781179513,0.0262495314562062
Honduras,HND,340,2000,Exports,1305347379.0,379525987.8036,925821391.1964,0.7092528824822499,1474,1211,5035,4076,-0.1860147812107309,-0.0134312162250566
Honduras,HND,340,2001,Exports,1112992180.0,335018714.0248,777973465.9751999,0.6989927512116032,1627,1305,5033,4073,-0.1262686764392734,-0.0130968551245499
Honduras,HND,340,2002,Exports,964959520.0,309589091.8685,655370428.1315,0.6791688299334049,1833,1492,5032,4073,-0.1068793674565632,-0.0078534461387449
Honduras,HND,340,2003,Exports,990574448.0,323128835.4413345,667445612.5586655,0.6737965166639,1755,1436,5035,4074,-0.0789606332455078,0.0101959914487742
Honduras,HND,340,2004,Exports,1193868170.0,380180819.562,813687350.438,0.6815554437957752,1856,1540,5027,4074,-0.0830488062248793,0.0087210397525675
Honduras,HND,340,2005,Exports,1294398845.0,391549777.75,902849067.25,0.6975045371351517,1900,1600,5034,4074,-0.0839232404822702,-0.0065696353295166
Honduras,HND,340,2006,Exports,1878788938.0,648617708.3427,1230171229.6573,0.6547681885794134,2135,1830,5031,4074,-0.0258169564696247,0.0099712042232038
Honduras,HND,340,2007,Exports,2343662946.0,835137221.5478154,1508525724.452185,0.6436615499796294,2273,1904,5019,4074,-0.0473232825979716,0.0170138961804144
Honduras,HND,340,2009,Exports,2550759140.0,846395435.4794158,1704363704.520584,0.66817900514142,2332,2026,5011,4070,-0.0645854520109946,0.0151170629188386
Honduras,HND,340,2010,Exports,3068870500.0,907834537.2362778,2161035962.7637224,0.7041795874943966,2206,1906,5010,4069,-0.0695180465113001,0.0065588329406817
Honduras,HND,340,2011,Exports,3531341401.9999995,864258014.7743971,2667083387.225602,0.7552607022688549,2151,1837,5011,4071,-0.0886819127052722,0.009141732905444
Honduras,HND,340,2012,Exports,4563798791.0,1635683399.063476,2928115391.936524,0.6415960751185807,2342,2013,5007,4067,-0.0465183295192707,-0.0008360954624497
Honduras,HND,340,2014,Exports,4531102778.0,2015097800.159816,2516004977.840184,0.5552743120408169,2520,2175,5003,4063,-0.0388275394447359,0.0213744337404114
Honduras,HND,340,2015,Exports,4201473380.999999,1655303982.2529693,2546169398.7470303,0.6060182150055684,2310,1981,5002,4062,-0.031810147010889,0.0358982387560394
Honduras,HND,340,2016,Exports,4084639477.000001,1554406903.696082,2530232573.3039184,0.6194506485948841,2341,2021,5003,4064,-0.0340789806872432,0.0441218200193338
Honduras,HND,340,2017,Exports,4970144395.98,1701024679.850963,3269119716.1290364,0.6577514566323661,2488,2136,4994,4055,-0.0498778928726062,0.0347519269037903
Honduras,HND,340,2018,Exports,4486630182.17,1716938439.1147003,2769691743.0553,0.617321158775719,2467,2123,4990,4051,-0.0325038198558202,0.0155342961105015
Honduras,HND,340,2019,Exports,3091163099.2299995,814099274.0315194,2277063825.19848,0.7366365837395286,2220,1920,4987,4048,-0.0542094766783524,0.0283394237583306
Honduras,HND,340,2020,Exports,4666296436.429999,1806522778.2853389,2859773658.1446605,0.6128572620929675,2426,2103,4982,4043,-0.0260750304649001,0.0257262712417767
Honduras,HND,340,2021,Exports,4975948988.14,1739654926.174047,3236294061.965954,0.6503873069598476,2333,2009,4982,4043,-0.0049115675283476,0.0366126133512133
Honduras,HND,340,2023,Exports,7170970774.390001,3200012220.983803,3970958553.4061985,0.5537546698123293,2810,2488,4982,4043,-0.0153515113300384,0.0246901456716335
Honduras,HND,340,2024,Exports,6970519872.369999,3346684050.2411995,3623835822.128799,0.5198802798759806,2883,2550,4982,4043,-0.007871043832881,0.015280102953369
Hungary,HUN,348,2000,Exports,27641212000.0,25225898019.2,2415313980.799999,0.0873808999692198,3345,2929,5035,4076,0.0064631287829157,0.0221125973370193
Hungary,HUN,348,2001,Exports,29716842000.0,27031945509.4,2684896490.5999985,0.0903493207858358,3416,3016,5033,4073,0.005807821418714,0.0256802380834438
Hungary,HUN,348,2002,Exports,33623018000.0,30793427596.5,2829590403.5,0.0841563479964826,3500,3061,5032,4073,0.0057385835318406,0.0280901763481796
Hungary,HUN,348,2003,Exports,42308615000.0,38812915218.9,3495699781.0999985,0.0826238292390331,3491,3059,5035,4074,0.005192319438584,0.0235335330832193
Hungary,HUN,348,2004,Exports,55124228000.0,50581902148.3,4542325851.699997,0.0824016229615042,4129,3542,5027,4074,0.0051963203757413,0.0311303747989287
Hungary,HUN,348,2005,Exports,60039300000.0,54807887541.4,5231412458.599998,0.0871331354396203,3994,3449,5034,4074,0.0035100890582661,0.0351994557650927
Hungary,HUN,348,2006,Exports,69966703000.0,64279990289.8,5686712710.199997,0.0812774143466499,3340,2928,5031,4074,0.0029634978935387,0.0246949831275793
Hungary,HUN,348,2007,Exports,87656235000.0,79351111307.41508,8305123692.584915,0.0947465253622279,3345,2919,5019,4074,0.0034391603755444,0.0158131298807802
Hungary,HUN,348,2008,Exports,100285781000.0,89932089456.01836,10353691543.981644,0.1032418697919064,3357,2925,5015,4072,0.0038928813936882,0.0238375075834477
Hungary,HUN,348,2009,Exports,77795605000.0,70138806752.49272,7656798247.507278,0.0984219898734289,3384,2924,5011,4070,0.0051147819114173,0.0305469875571189
Hungary,HUN,348,2010,Exports,90071476000.0,80880465745.19733,9191010254.802671,0.1020412972337954,4170,3501,5010,4069,0.0054445426689642,0.0345977857661568
Hungary,HUN,348,2011,Exports,106674404000.0,94229876504.21022,12444527495.78978,0.1166589831220409,4207,3524,5011,4071,0.0042956597540854,0.0359935598108922
Hungary,HUN,348,2012,Exports,99252325189.0,86193507492.04599,13058817696.95401,0.1315719069763546,4440,3688,5007,4067,0.0034655006922174,0.031728780057362
Hungary,HUN,348,2013,Exports,104799325944.0,92210717831.12392,12588608112.876083,0.1201210790191805,4401,3660,5006,4066,0.0034432565982642,0.0370971073401271
Hungary,HUN,348,2014,Exports,109613011737.0,97597928758.78262,12015082978.217377,0.1096136561510212,4394,3639,5003,4063,0.0035973357151698,0.0338634529206142
Hungary,HUN,348,2015,Exports,98112414100.0,88856308609.4984,9256105490.501602,0.0943418381395387,4411,3652,5002,4062,0.0045962690894182,0.0338839174195877
Hungary,HUN,348,2016,Exports,98770357976.0,91934609109.34515,6835748866.654831,0.0692085055347864,4372,3659,5003,4064,8.521518049509069e-05,0.026972147784968
Hungary,HUN,348,2017,Exports,110665745463.99998,100030731077.7388,10635014386.261185,0.0961003275374022,4407,3670,4994,4055,0.003637888663601,0.033525272215265
Hungary,HUN,348,2018,Exports,117351260817.99998,108288770591.81451,9062490226.18547,0.0772253332688132,4236,3672,4990,4051,-0.0005693095916702,0.0374443788670638
Hungary,HUN,348,2019,Exports,115838632969.0,107387628632.22163,8451004336.778351,0.0729549729669199,4174,3689,4987,4048,-0.0010351319195989,0.0312084670904838
Hungary,HUN,348,2020,Exports,113717901462.0,105488012435.07413,8229889026.925873,0.0723710947979107,4171,3678,4982,4043,-0.0008394074834834,0.0269006674104609
Hungary,HUN,348,2021,Exports,134183424062.99998,121614108905.31276,12569315157.68721,0.093672636880885,4392,3667,4982,4043,0.0007653795358346,0.0402956211280574
Hungary,HUN,348,2022,Exports,141128209048.0,124097617289.3978,17030591758.602203,0.1206746112168816,4490,3750,4988,4049,0.0031411335956846,0.0326265036834955
Hungary,HUN,348,2023,Exports,150849286487.26398,135710633926.1742,15138652561.089767,0.1003561429663633,4474,3736,4982,4043,0.0041768401447507,0.0340691513095744
Hungary,HUN,348,2024,Exports,148025178761.34302,132173627261.82191,15851551499.521105,0.1070868593584212,4500,3759,4982,4043,0.0041134265280502,0.0397928457144955
Iceland,ISL,352,2000,Exports,1883267232.0,340396055.9542,1542871176.0458,0.8192523874624501,1374,1155,5035,4076,-0.0289305016623938,0.0795867157044227
Iceland,ISL,352,2001,Exports,1993957069.0,356504693.4015,1637452375.5985,0.821207437740727,1379,1163,5033,4073,-0.0482454989638612,0.083653332613125
Iceland,ISL,352,2002,Exports,2208481898.0,401506674.0176,1806975223.9824,0.8181978877068432,1342,1113,5032,4073,-0.0191506694036897,0.0844656884220526
Iceland,ISL,352,2003,Exports,2361472437.0,437930753.4946,1923541683.5054,0.8145518251100383,1310,1082,5035,4074,-0.0074157266963702,0.0984099515169291
Iceland,ISL,352,2004,Exports,2860103953.0,570875515.701,2289228437.299,0.8004004312143265,1325,1100,5027,4074,0.0082545320627251,0.0807613834032825
Iceland,ISL,352,2005,Exports,3061469757.0,641789591.6171,2419680165.3829,0.7903655294488346,1279,1072,5034,4074,0.0286821642947405,0.0878427514451161
Iceland,ISL,352,2006,Exports,3427465683.0,697061182.585,2730404500.415,0.7966248980865435,1341,1117,5031,4074,0.0337038574458998,0.0725137370190192
Iceland,ISL,352,2007,Exports,4720687765.0,1274750967.871537,3445936797.128463,0.7299649899909156,1614,1352,5019,4074,0.0586399192470662,0.0561018677664236
Iceland,ISL,352,2008,Exports,5313055255.0,919868883.5474384,4393186371.452561,0.8268663058450653,1865,1546,5015,4072,0.0291484531361131,0.0548001094353153
Iceland,ISL,352,2009,Exports,4036041735.0,692731149.5285177,3343310585.4714823,0.8283637298590725,1741,1450,5011,4070,0.0148907309004288,0.0561746669204449
Iceland,ISL,352,2010,Exports,4584305874.0,721326891.5363057,3862978982.4636946,0.8426529748751435,1723,1402,5010,4069,0.0062178917186386,0.0511695675468827
Iceland,ISL,352,2011,Exports,5322908697.0,848136435.8813927,4474772261.1186075,0.8406629750460677,1771,1473,5011,4071,-0.0015247638842588,0.0629812603972493
Iceland,ISL,352,2012,Exports,5032443194.0,812501928.1084939,4219941265.891506,0.8385472231306633,1803,1479,5007,4067,-0.0205523436374188,0.0506253600898295
Iceland,ISL,352,2013,Exports,4975441249.999999,762298218.2330302,4213143031.7669687,0.8467878164106489,1759,1466,5006,4066,-0.0312944222435045,0.0696507133317778
Iceland,ISL,352,2014,Exports,5020661030.0,1118638260.6212611,3902022769.378739,0.7771930321650771,1700,1392,5003,4063,-0.0098795380327492,0.0832430906608788
Iceland,ISL,352,2015,Exports,4686796593.0,949071828.6153332,3737724764.384667,0.797500956189815,1693,1397,5002,4062,0.0178162534085696,0.0812969589446704
Iceland,ISL,352,2016,Exports,4406147761.0,932258080.9423244,3473889680.0576754,0.7884187885858046,1851,1525,5003,4064,0.008660767410999,0.0714098774042827
Iceland,ISL,352,2017,Exports,4841983110.19,992312647.2248914,3849670462.965108,0.7950606962802989,1614,1341,4994,4055,-0.0309433596082244,0.0638375811714787
Iceland,ISL,352,2018,Exports,5503928488.445001,1076408106.0932426,4427520382.351758,0.804429125786597,1738,1435,4990,4051,-0.0191192109855802,0.0618754760790528
Iceland,ISL,352,2019,Exports,5181170302.09,1181452358.3143127,3999717943.775687,0.7719719118598101,1684,1396,4987,4048,-0.0003379944381374,0.0615022542162104
Iceland,ISL,352,2020,Exports,4545432326.702001,787499380.580883,3757932946.1211176,0.826749289400979,1833,1499,4982,4043,-0.0196474259205191,0.0549491987468201
Iceland,ISL,352,2021,Exports,5931442263.924999,1032691336.4516052,4898750927.473394,0.8258954078112792,2022,1659,4982,4043,-0.0235364983986744,0.0424604707506831
Iceland,ISL,352,2022,Exports,7364632291.838001,1183211477.3761935,6181420814.461807,0.8393386892258679,2503,2135,4988,4049,-0.0414958916020333,0.0587820658504621
Iceland,ISL,352,2023,Exports,6752368566.473999,1310717214.6947412,5441651351.779258,0.8058877856279132,2592,2204,4982,4043,-0.0255682444345882,0.0489274960711892
Iceland,ISL,352,2024,Exports,6872368527.741,1497618242.167373,5374750285.573627,0.7820812088114764,2555,2200,4982,4043,0.0077498964359042,0.0565111645232508
India,IND,699,2000,Exports,41516380663.0,26289767068.5294,15226613594.4706,0.3667615854587435,4574,3858,5035,4076,-0.0650036933244481,-0.001185495548076
India,IND,699,2001,Exports,42590804755.0,27306875037.198097,15283929717.801905,0.3588551520855597,4649,3905,5033,4073,-0.0581525651126305,-0.0018495227959683
India,IND,699,2002,Exports,48909868648.0,30713035844.8345,18196832803.1655,0.3720482860857079,4718,3930,5032,4073,-0.0626994212451192,-0.0064277813034399
India,IND,699,2003,Exports,58455224018.0,37138676304.744194,21316547713.25581,0.3646645457502967,4801,3969,5035,4074,-0.061271532414012,-0.0006849909213039
India,IND,699,2004,Exports,75012142153.0,47478449580.49696,27533692572.503044,0.367056476221455,4832,3981,5027,4074,-0.0566262113377531,0.0107579210596308
India,IND,699,2005,Exports,99229986721.0,59656844726.6485,39573141994.3515,0.3988022502272154,4832,3983,5034,4074,-0.0608511614956593,0.0085897761356923
India,IND,699,2006,Exports,119928633003.0,70998617309.72641,48930015693.27359,0.4079927742697576,4829,3984,5031,4074,-0.0594107296136153,0.0104508568208863
India,IND,699,2007,Exports,144212093610.0,80834928928.41185,63377164681.58815,0.439471913173816,4802,3959,5019,4074,-0.0626612316793324,0.0158096427778847
India,IND,699,2008,Exports,178998682332.0,98885963398.71892,80112718933.28107,0.4475603836272438,4829,3973,5015,4072,-0.0628072524108784,0.0129685252216615
India,IND,699,2009,Exports,169045656554.0,101477458218.5674,67568198335.43259,0.3997038416296048,4846,3990,5011,4070,-0.0437979423403624,0.0265383057974509
India,IND,699,2010,Exports,216179031480.0,117304552963.68211,98874478516.31789,0.4573731218953368,4836,3977,5010,4069,-0.0579518913295753,0.0270854345520362
India,IND,699,2011,Exports,287617699120.0,152611441238.20862,135006257881.79138,0.4693948192161289,4859,3994,5011,4071,-0.0561594256177604,0.0317063215923794
India,IND,699,2012,Exports,287037544356.0,158439665058.36804,128597879297.63196,0.4480176263567029,4838,3980,5007,4067,-0.0515886485591565,0.0311407236715893
India,IND,699,2013,Exports,331597764576.0,173467173866.83136,158130590709.16864,0.4768747187164048,4854,3996,5006,4066,-0.0588666213742617,0.0358073463847203
India,IND,699,2014,Exports,316584843905.00006,176287048849.08374,140297795055.91632,0.4431601757221723,4837,3990,5003,4063,-0.053409113659261,0.0369258240308276
India,IND,699,2015,Exports,262070991911.0,161949564145.10245,100121427765.89755,0.3820393361196536,4825,3982,5002,4062,-0.0432946796832696,0.0347904894514927
India,IND,699,2016,Exports,259505853437.0,164477697348.3087,95028156088.69131,0.3661888733148025,4821,3980,5003,4064,-0.0392956674824933,0.0352003183102695
India,IND,699,2017,Exports,293234817248.447,181309531488.0573,111925285760.38972,0.3816916654394405,4842,3990,4994,4055,-0.0414440546651494,0.040059505863406
India,IND,699,2018,Exports,322313404854.80505,199802490941.9795,122510913912.82556,0.3800987239981966,4874,4009,4990,4051,-0.0408118859056795,0.0453825040593429
India,IND,699,2019,Exports,306835870470.045,209901688993.79733,96934181476.24763,0.3159154153904926,4665,4003,4987,4048,-0.037835580738359,0.0434309578550662
India,IND,699,2020,Exports,275389162765.53906,182723681851.2962,92665480914.24286,0.3364892067054085,4844,3991,4982,4043,-0.0294848861270331,0.0447719570810865
India,IND,699,2021,Exports,376851181995.5501,244655535483.8849,132195646511.66516,0.3507900540782333,4610,4001,4982,4043,-0.040791633488377,0.0352137646894984
India,IND,699,2022,Exports,450255045125.411,257570298093.0324,192684747032.37863,0.427945781215421,4852,4004,4988,4049,-0.0466204231534002,0.0449408055907405
India,IND,699,2023,Exports,426828482912.38104,259081318695.78156,167747164216.5995,0.3930083650275852,4834,4005,4982,4043,-0.0393451307697028,0.0505603480377568
India,IND,699,2024,Exports,432326269537.486,281691499176.8265,150634770360.65955,0.3484284462330095,4849,4004,4982,4043,-0.0266850159149952,0.0511813059665872
Indonesia,IDN,360,2000,Exports,62116217273.0,35748234163.7834,26367983109.2166,0.4244943473188272,4313,3577,5035,4076,-0.0464977865782222,0.0052477888549123
Indonesia,IDN,360,2001,Exports,56312555841.0,32125676804.5516,24186879036.4484,0.4295112994824936,4363,3613,5033,4073,-0.0484320839416168,0.0101055804342495
Indonesia,IDN,360,2002,Exports,57138124949.0,31663448744.6799,25474676204.3201,0.4458437554095121,4391,3611,5032,4073,-0.0471685806815009,0.0144465866862176
Indonesia,IDN,360,2003,Exports,61029850438.0,32494431805.2381,28535418632.7619,0.467564944497954,4385,3604,5035,4074,-0.0517852526752609,0.014055410241672
Indonesia,IDN,360,2004,Exports,71578098440.0,37041868518.1036,34536229921.8964,0.4824971698688843,4461,3682,5027,4074,-0.0538164744749469,0.0202939449477924
Indonesia,IDN,360,2005,Exports,85658617608.0,41805994500.8967,43852623107.1033,0.5119464256099288,4299,3578,5034,4074,-0.0590652810333365,0.0308227907352852
Indonesia,IDN,360,2006,Exports,100798431877.0,46373114610.636795,54425317266.363205,0.5399421027975523,4343,3618,5031,4074,-0.0651542069348212,0.0330863100352941
Indonesia,IDN,360,2007,Exports,114100863615.0,50467840310.0725,63633023304.9275,0.5576909875076715,4219,3521,5019,4074,-0.0689415708426109,0.0243558356041818
Indonesia,IDN,360,2008,Exports,137020424402.0,55299751489.1052,81720672912.8948,0.5964123470610267,4165,3490,5015,4072,-0.0773872804978359,0.0301173572516863
Indonesia,IDN,360,2009,Exports,116509991781.0,49093350508.0612,67416641272.9388,0.5786339887454429,4145,3474,5011,4070,-0.0696334345385912,0.0236284862318021
Indonesia,IDN,360,2010,Exports,157774584189.0,61567083773.877686,96207500415.12231,0.6097781902557528,4299,3628,5010,4069,-0.0650384285023205,0.0257660348377716
Indonesia,IDN,360,2011,Exports,203495608787.0,72379544029.48624,131116064757.51376,0.6443188899213727,4292,3641,5011,4071,-0.0711296034842097,0.0340918178413825
Indonesia,IDN,360,2012,Exports,190029976650.0,72214111314.82713,117815865335.17288,0.6199856854803906,4355,3681,5007,4067,-0.0649366500175075,0.0296540505915404
Indonesia,IDN,360,2013,Exports,182551489745.0,72546540254.38141,110004949490.6186,0.6025968325116425,4327,3675,5006,4066,-0.0598731971950612,0.0277054610892606
Indonesia,IDN,360,2014,Exports,176035806168.0,75913932113.49405,100121874054.50597,0.568758573803755,4328,3684,5003,4063,-0.0518139431098626,0.0230122635377613
Indonesia,IDN,360,2015,Exports,150342274260.0,70793668015.1399,79548606244.8601,0.5291166881464742,4266,3642,5002,4062,-0.0418399435468501,0.0262017955529817
Indonesia,IDN,360,2016,Exports,144427970343.0,71524560651.03134,72903409691.96866,0.5047734834106673,4265,3645,5003,4064,-0.0328085346011899,0.0240875647636705
Indonesia,IDN,360,2017,Exports,168785772082.94403,75762634117.23654,93023137965.70747,0.5511313946533031,4302,3658,4994,4055,-0.0420147007016152,0.0206464112872238
Indonesia,IDN,360,2018,Exports,180164680692.023,83060068170.8201,97104612521.20293,0.5389769634548706,4322,3678,4990,4051,-0.0383403567790682,0.0326030926815694
Indonesia,IDN,360,2019,Exports,167608563648.674,81948968380.60764,85659595268.06638,0.5110693236869347,4401,3721,4987,4048,-0.0320589329685848,0.030607046063851
Indonesia,IDN,360,2020,Exports,163141936721.651,77767333197.81993,85374603523.83107,0.5233148829751558,4339,3680,4982,4043,-0.0310544819570629,0.0268342114379356
Indonesia,IDN,360,2021,Exports,231695854642.951,104414008989.18832,127281845653.76268,0.5493488256400061,4352,3705,4982,4043,-0.0372411427621974,0.0268680342851229
Indonesia,IDN,360,2022,Exports,292164771803.475,119020762376.77107,173144009426.7039,0.5926245260779401,4478,3783,4988,4049,-0.038241762826422,0.0331850676172554
Indonesia,IDN,360,2023,Exports,259512688259.375,109599760182.99232,149912928076.3827,0.5776708995690774,4498,3805,4982,4043,-0.0338701998319117,0.0428153746363302
Indonesia,IDN,360,2024,Exports,266304975038.585,116414535007.91476,149890440030.67023,0.5628525716012349,4477,3800,4982,4043,-0.0305946967382694,0.0422424214724939
Iran,IRN,364,2000,Exports,28345000000.0,2195710952.1096,26149289047.8904,0.9225362161894656,2385,2020,5035,4076,-0.2447881373482713,0.0043755080045845
Iran,IRN,364,2001,Exports,23903999999.0,2345897500.109,21558102498.891,0.9018617176954844,2442,2048,5033,4073,-0.2381578764577081,0.0020526674281751
Iran,IRN,364,2002,Exports,23655226069.0,2509833657.4084,21145392411.5916,0.8938994009151525,2622,2173,5032,4073,-0.2491993103150765,0.0077604937073308
Iran,IRN,364,2003,Exports,31699801402.0,3103385181.7848,28596416220.2152,0.9021008004930592,2752,2299,5035,4074,-0.2503631379750488,-0.0014392831880563
Iran,IRN,364,2004,Exports,40832018419.0,3811678362.900629,37020340056.09937,0.9066497687234836,2723,2289,5027,4074,-0.2490956729845511,-0.0063816390300297
Iran,IRN,364,2005,Exports,57840630120.999985,5220010475.6755,52620619645.324486,0.9097518394119244,2996,2453,5034,4074,-0.2304353657964736,0.0007479562104657
Iran,IRN,364,2006,Exports,63187690125.0,6582077846.5195,56605612278.4805,0.8958329093293549,2996,2449,5031,4074,-0.2051009159333162,0.0023887900493945
Iran,IRN,364,2010,Exports,80458754819.99998,13597798740.872406,66860956079.12758,0.8309966544810069,2668,2205,5010,4069,-0.1168006877147649,0.0039548705778694
Iran,IRN,364,2011,Exports,115788441984.99998,16321234627.68616,99467207357.31384,0.8590426268124368,2726,2255,5011,4071,-0.1117032749679768,0.0003414847559034
Iran,IRN,364,2013,Exports,78356605361.30002,17660805610.8574,60695799750.44262,0.7746098681863011,2911,2433,5006,4066,-0.1016095909719334,0.0084739925054266
Iran,IRN,364,2014,Exports,75366481407.32999,19878278376.38299,55488203030.94699,0.7362451051821337,3013,2486,5003,4063,-0.0928015818412842,0.0039737096716121
Iran,IRN,364,2015,Exports,59851933657.70001,18045391584.772583,41806542072.92743,0.6984994388322319,2866,2327,5002,4062,-0.0839084842513758,0.0220299240692313
Iran,IRN,364,2016,Exports,71653530178.42001,18747552343.137287,52905977835.28273,0.7383582874918352,3028,2486,5003,4064,-0.1021644997220531,0.0263280526826976
Iran,IRN,364,2017,Exports,87802095524.0,21410335999.99816,66391759524.00185,0.7561523347225145,3129,2561,4994,4055,-0.1084519780405414,0.0150038325519169
Iran,IRN,364,2018,Exports,96607939743.16,22454776767.691826,74153162975.46817,0.7675679987857141,3407,2815,4990,4051,-0.1070456108612506,0.0086846630876215
Iran,IRN,364,2019,Exports,41901508919.948,17825142011.40213,24076366908.545868,0.5745942694938097,3137,2643,4987,4048,-0.057839918067939,0.0135181973629043
Iran,IRN,364,2020,Exports,34405502619.600006,16859918417.04418,17545584202.555824,0.5099644785471181,3040,2565,4982,4043,-0.0312120488366048,0.0106780621827833
Iran,IRN,364,2021,Exports,67265451258.41,26108197060.635544,41157254197.77445,0.6118631991282254,3064,2581,4982,4043,-0.0544636238706128,0.0190184420685162
Iran,IRN,364,2022,Exports,71804209649.0,26233208986.071945,45571000662.928055,0.6346563925108633,3108,2601,4988,4049,-0.0675699460137562,0.0084710121454367
Ireland,IRL,372,2000,Exports,74358733358.026,70142175435.44049,4216557922.5855103,0.0567056179169086,3850,3221,5035,4076,0.0031501309579777,0.0250596776448953
Ireland,IRL,372,2001,Exports,79636176554.478,75865511320.94708,3770665233.5309143,0.0473486472690141,3820,3184,5033,4073,0.0031805615856668,0.0269212180307404
Ireland,IRL,372,2002,Exports,85808792799.531,81834903919.22325,3973888880.3077545,0.0463109752585806,3865,3227,5032,4073,0.0026596785345204,0.0212409884610035
Ireland,IRL,372,2003,Exports,89391946251.782,84645688498.95496,4746257752.827042,0.0530949146073931,3859,3214,5035,4074,0.0033189365737126,0.0206674649478164
Ireland,IRL,372,2004,Exports,100968243874.548,95020033761.03915,5948210113.50885,0.0589116922831641,3856,3215,5027,4074,0.0035656928786462,0.0247703596446966
Ireland,IRL,372,2005,Exports,103963961002.37,97396799013.58572,6567161988.784271,0.0631676777747489,3800,3173,5034,4074,0.0031084726026392,0.025904777130185
Ireland,IRL,372,2006,Exports,106026130993.352,98705648036.9666,7320482956.385391,0.0690441392871762,3797,3160,5031,4074,0.0041923477386943,0.0302564968482637
Ireland,IRL,372,2007,Exports,120332729864.123,111518490363.37029,8814239500.752716,0.0732488950487997,3901,3241,5019,4074,0.0046452059464688,0.0311059010808693
Ireland,IRL,372,2008,Exports,126100139971.47404,117138938537.244,8961201434.230042,0.0710641672265963,3855,3205,5015,4072,0.0053724633667151,0.0340759275454762
Ireland,IRL,372,2009,Exports,117548346469.979,110223332223.45584,7325014246.523163,0.0623149067298357,3877,3231,5011,4070,0.005749683111619,0.0458555977993443
Ireland,IRL,372,2010,Exports,116077818586.201,107299452752.51315,8778365833.68785,0.0756248346204827,3922,3260,5010,4069,0.0062718780676597,0.0382567961921379
Ireland,IRL,372,2011,Exports,128660699959.751,117578905044.4893,11081794915.261703,0.0861319339839471,3939,3275,5011,4071,0.0060606368638003,0.0339090442874323
Ireland,IRL,372,2012,Exports,118789868916.957,108122307117.2086,10667561799.748411,0.0898019494171328,4043,3363,5007,4067,0.0068508352120837,0.041906796213973
Ireland,IRL,372,2013,Exports,116863127583.564,106600438122.75198,10262689460.812012,0.0878180284322237,4042,3357,5006,4066,0.0069897370317381,0.0396570545334832
Ireland,IRL,372,2014,Exports,121350642944.892,110674816577.59904,10675826367.292969,0.0879750292888114,4021,3340,5003,4063,0.0067953931572083,0.0407746889942287
Ireland,IRL,372,2015,Exports,123400551823.563,114388088765.4743,9012463058.088684,0.0730342200655198,4047,3354,5002,4062,0.0080224508988481,0.043943627838037
Ireland,IRL,372,2016,Exports,131005684214.17,122217279027.84747,8788405186.322525,0.0670841516460851,4013,3332,5003,4064,0.0074446377298154,0.0477590973124649
Ireland,IRL,372,2017,Exports,137654934237.99802,126997954876.73502,10656979361.263,0.0774180701930935,4045,3343,4994,4055,0.0080957185384807,0.049255775495998
Ireland,IRL,372,2018,Exports,164811145122.912,153367644196.67755,11443500926.234436,0.0694340235164324,4092,3375,4990,4051,0.0068892495148119,0.0432717834832286
Ireland,IRL,372,2019,Exports,169666016129.238,158479081259.097,11186934870.141022,0.0659350359332991,4085,3373,4987,4048,0.006592297330637,0.0437184436796314
Ireland,IRL,372,2020,Exports,184158134905.189,173009362352.1888,11148772553.000183,0.0605391261088735,4011,3316,4982,4043,0.0068201293154703,0.0424764442674159
Ireland,IRL,372,2021,Exports,195244040768.523,182200147780.74103,13043892987.781952,0.0668081491063099,4474,3680,4982,4043,0.007401938969375,0.0331937556096051
Ireland,IRL,372,2022,Exports,215628848895.77496,204359087770.16937,11269761125.60562,0.0522646259223546,4520,3737,4988,4049,0.0050153708621181,0.0346725758657526
Ireland,IRL,372,2023,Exports,212185501260.482,198645251068.4961,13540250191.985931,0.063813267690537,4499,3712,4982,4043,0.0058545077681566,0.0362274843370193
Ireland,IRL,372,2024,Exports,241995087870.668,228140116080.5819,13854971790.08609,0.0572531116726251,4504,3704,4982,4043,0.0053049670845547,0.0390246400882412
Israel,ISR,376,2000,Exports,27104357999.999996,16418738251.3,10685619748.699997,0.394239913326853,2589,2291,5035,4076,-0.0490246153797707,0.0159183891031415
Israel,ISR,376,2001,Exports,25134482000.0,15363185041.9,9771296958.1,0.3887606260634295,2520,2241,5033,4073,-0.0486544853943791,0.0175531385179431
Israel,ISR,376,2002,Exports,25532798000.0,14224846545.663366,11307951454.336634,0.4428794468329179,2532,2263,5032,4073,-0.0578942380482034,0.0157023756164684
Israel,ISR,376,2003,Exports,28310269000.0,15672453433.326012,12637815566.673988,0.4464039379729662,2601,2309,5035,4074,-0.0568443289851187,0.0051268544733134
Israel,ISR,376,2004,Exports,33292651000.0,18669778810.4,14622872189.599998,0.4392222232347913,2550,2372,5027,4074,-0.0617203953999635,0.0020452397691995
Israel,ISR,376,2005,Exports,37260939000.0,19782990091.3,17477948908.7,0.4690689332520579,2658,2357,5034,4074,-0.0627737470864463,0.0034794203603146
Israel,ISR,376,2006,Exports,40605225000.0,22877578295.4,17727646704.6,0.4365853582783988,2679,2374,5031,4074,-0.0544232069146306,0.0120840082392167
Israel,ISR,376,2007,Exports,43558007000.0,23057117350.975697,20500889649.024303,0.4706572008453992,2871,2523,5019,4074,-0.0577568043920329,0.0084673670511903
Israel,ISR,376,2008,Exports,60224862000.0,37992838953.89476,22232023046.10524,0.3691502530318,3393,2951,5015,4072,-0.0376134881494137,0.003941490758263
Israel,ISR,376,2009,Exports,47748966000.0,34077658570.28889,13671307429.71111,0.2863163032621713,3361,2911,5011,4070,-0.0208123473344173,0.0112879025898087
Israel,ISR,376,2010,Exports,58386878000.0,38962079565.73093,19424798434.269073,0.3326911645159221,3403,2938,5010,4069,-0.0273279787895803,0.013896575617219
Israel,ISR,376,2011,Exports,67730820000.0,43745431419.52728,23985388580.472717,0.3541281292692561,3412,2959,5011,4071,-0.0308212077728852,0.0081037611338289
Israel,ISR,376,2012,Exports,62663477000.0,41531527590.915634,21131949409.08437,0.3372291232592211,3386,2944,5007,4067,-0.027740169735384,0.0161720166929703
Israel,ISR,376,2013,Exports,66173807000.0,43483276447.519005,22690530552.480995,0.3428929297128242,3349,2895,5006,4066,-0.0268110243305138,0.0099573120951709
Israel,ISR,376,2014,Exports,68069513000.0,44144386239.58423,23925126760.41577,0.3514807981719477,3340,2901,5003,4063,-0.0267567309978324,0.019179050012639
Israel,ISR,376,2015,Exports,63462762000.0,43124487394.65076,20338274605.349243,0.3204757241002092,3362,2911,5002,4062,-0.0217678248897239,0.0139053333215702
Israel,ISR,376,2016,Exports,59554452000.0,40825635780.4386,18728816219.5614,0.3144822190549483,3334,2914,5003,4064,-0.0223769786809909,0.0155088302593313
Israel,ISR,376,2017,Exports,58854017000.0,40934656001.013016,17919360998.986984,0.3044713328401523,3385,2964,4994,4055,-0.0223256193187832,0.0130528572662523
Israel,ISR,376,2018,Exports,59122864000.0,41244982035.70788,17877881964.29212,0.3023852492039648,3388,2951,4990,4051,-0.0233353196423417,0.0177333283655711
Israel,ISR,376,2019,Exports,55600556000.0,40840415699.91293,14760140300.087069,0.2654674946071954,3395,2953,4987,4048,-0.0184208653670232,0.0249927124329956
Israel,ISR,376,2020,Exports,46439416000.0,38864978818.055824,7574437181.944176,0.1631036269264061,3327,2928,4982,4043,-0.006250827240555,0.0195280268756456
Israel,ISR,376,2021,Exports,54241321000.0,42711685625.55803,11529635374.44197,0.2125618469808648,3488,3031,4982,4043,-0.0126263762570998,0.0201809476579161
Israel,ISR,376,2022,Exports,67102889000.0,49479472358.39775,17623416641.60225,0.2626327555226758,3582,3139,4988,4049,-0.0192472180571579,0.0227819412838784
Israel,ISR,376,2023,Exports,55192939000.0,45161247155.42883,10031691844.571169,0.1817567976325951,3578,3195,4982,4043,-0.0074587601265387,0.0175001100933236
Israel,ISR,376,2024,Exports,52071885000.0,43948812257.794136,8123072742.205864,0.155997286101816,3529,3138,4982,4043,-0.0040634872745983,0.0124333722555894
Italy,ITA,380,2000,Exports,237667248778.27203,222792975844.5442,14874272933.727844,0.0625844453124652,4875,3971,5035,4076,-0.0072507934884805,0.0314311118694013
Italy,ITA,380,2001,Exports,234760952313.567,225691035316.7321,9069916996.83493,0.0386346916190745,4524,3965,5033,4073,-0.0093393959121093,0.0258110375750979
Italy,ITA,380,2002,Exports,243996487592.329,234703367534.54468,9293120057.784332,0.0380871058820786,4536,3969,5032,4073,-0.0092279291461386,0.0231197009774442
Italy,ITA,380,2003,Exports,284010291045.801,272148290601.49023,11862000444.31076,0.0417660937588977,4533,3965,5035,4074,-0.0100298541104875,0.0241982409465082
Italy,ITA,380,2004,Exports,335953530672.777,321039343499.0891,14914187173.687866,0.0443936015312024,4533,3966,5027,4074,-0.0093085740560071,0.0246944032904882
Italy,ITA,380,2005,Exports,354059964448.06604,333851669494.28235,20208294953.78369,0.0570759108143893,4547,3973,5034,4074,-0.0106771950707972,0.0270352603220317
Italy,ITA,380,2006,Exports,402365449232.303,372522346117.0918,29843103115.21118,0.0741691493942897,4871,3982,5031,4074,-0.0097087613137573,0.0349730521510096
Italy,ITA,380,2007,Exports,476630530509.451,445751663335.42664,30878867174.024353,0.0647857516408342,4797,3960,5019,4074,-0.0111171077879015,0.0542789328147974
Italy,ITA,380,2008,Exports,514813991481.934,477368240854.1687,37445750627.76532,0.0727364664662175,4542,3963,5015,4072,-0.01207691538315,0.0272713475604564
Italy,ITA,380,2009,Exports,384624400235.316,358338526234.28076,26285874001.03528,0.0683416704321238,4545,3962,5011,4070,-0.0116243645759295,0.0249151860990346
Italy,ITA,380,2010,Exports,437708913187.0,389554698516.9481,48154214670.05188,0.1100142428433464,4878,3962,5010,4069,-0.0090090487748095,0.0333483942210717
Italy,ITA,380,2011,Exports,512170884900.0,451672174362.86224,60498710537.13776,0.118122119629955,4881,3965,5011,4071,-0.0097922787006636,0.0367326753543999
Italy,ITA,380,2012,Exports,484528083938.0,426156101979.16754,58371981958.83246,0.1204718238092917,4875,3962,5007,4067,-0.0128575154343872,0.0388577095195191
Italy,ITA,380,2013,Exports,506665111588.0,450088688946.3822,56576422641.6178,0.111664334779821,4868,3959,5006,4066,-0.0084865994683331,0.0367340223383594
Italy,ITA,380,2014,Exports,518353219208.0,466761772963.33496,51591446244.66504,0.0995295183533198,4878,3965,5003,4063,-0.006872766682184,0.0396581307399357
Italy,ITA,380,2015,Exports,444738209918.124,405128398853.6612,39609811064.46283,0.0890632065811367,4863,3960,5002,4062,-0.0067874722537254,0.0342064662961723
Italy,ITA,380,2016,Exports,439415332522.634,411546333725.8523,27868998796.781616,0.0634229093390729,4553,3963,5003,4064,-0.008731466714815,0.028590506982095
Italy,ITA,380,2017,Exports,497215578652.16895,450146464874.61145,47069113777.557495,0.094665404300385,4871,3958,4994,4055,-0.0051021881371694,0.0383477418009089
Italy,ITA,380,2018,Exports,538760278853.782,487788107860.9303,50972170992.851685,0.0946101132423784,4852,3952,4990,4051,-0.005527862781026,0.0351752410804866
Italy,ITA,380,2019,Exports,509663023145.079,472392229715.281,37270793429.79797,0.0731283058358907,4823,3948,4987,4048,-0.0073859318712202,0.0624783641344203
Italy,ITA,380,2020,Exports,470541764322.726,436420767800.7692,34120996521.95685,0.0725142784531972,4538,3943,4982,4043,-0.0070026961822573,0.031377339336618
Italy,ITA,380,2021,Exports,578281438607.364,533817127719.8032,44464310887.56079,0.0768904341710174,4506,3938,4982,4043,-0.0077925439000086,0.0260325427383645
Italy,ITA,380,2022,Exports,632910175817.646,559882887153.3491,73027288664.29688,0.1153833378803779,4851,3949,4988,4049,-0.0069819214137987,0.041488198869247
Italy,ITA,380,2023,Exports,653589465853.0281,584476969958.42,69112495894.60803,0.105742977060388,4856,3945,4982,4043,-0.0044598611641287,0.0362173840644368
Italy,ITA,380,2024,Exports,628773462492.4741,562850224790.2415,65923237702.232666,0.1048441793979524,4848,3945,4982,4043,-0.004066585768082,0.0344885334365949
Jamaica,JAM,388,2000,Exports,1307598954.0,1063131850.923,244467103.0769999,0.1869587784000322,1194,1030,5035,4076,0.0136385126234911,0.0216234336530066
Jamaica,JAM,388,2001,Exports,1222940644.0,930795258.006,292145385.9940001,0.2388876250268775,1091,928,5033,4073,0.0237967524579336,0.0249983466399748
Jamaica,JAM,388,2002,Exports,1103899965.0,814528793.658,289371171.342,0.2621353206963821,1197,999,5032,4073,0.029863561504551,0.0262959100975364
Jamaica,JAM,388,2003,Exports,1194471314.0,904709449.9642,289761864.0358,0.2425858709536158,1206,1015,5035,4074,0.0422425726886352,0.0470616364123213
Jamaica,JAM,388,2004,Exports,1405493539.0,1067094157.9698126,338399381.03018737,0.2407690762285228,1220,1032,5027,4074,0.0192705959732414,0.0161270830925649
Jamaica,JAM,388,2005,Exports,1514467057.0,1146599390.530024,367867666.46997595,0.2429023891735771,1421,1222,5034,4074,0.0178886774899061,0.0178372865976427
Jamaica,JAM,388,2006,Exports,1988807950.0,1317678735.0441,671129214.9559,0.3374530029186076,1461,1252,5031,4074,0.0100158435664564,0.0244586412683983
Jamaica,JAM,388,2007,Exports,2222168958.0,1420992667.2527995,801176290.7472003,0.36053797253485,1496,1286,5019,4074,0.010707940880787,0.0317938835656013
Jamaica,JAM,388,2008,Exports,2438809735.0,1668751751.7277634,770057983.2722366,0.3157515620103249,1783,1503,5015,4072,0.0051472928857823,0.0346756026794687
Jamaica,JAM,388,2009,Exports,1312301306.0,820305549.2489058,491995756.7510942,0.3749106660959874,1956,1618,5011,4070,0.008555426093014,0.0444226860193416
Jamaica,JAM,388,2010,Exports,1321074345.9999998,733769181.354213,587305164.6457868,0.4445663231778379,1883,1535,5010,4069,0.0125895288958469,0.0213516723632705
Jamaica,JAM,388,2011,Exports,1615826558.0,900505127.5242132,715321430.4757868,0.4426969138081135,1846,1525,5011,4071,0.004084984951217,0.0388194768669283
Jamaica,JAM,388,2012,Exports,1705954683.0,972211952.1808964,733742730.8191037,0.4301068124088638,1744,1418,5007,4067,0.0014691122236987,0.0347773451716298
Jamaica,JAM,388,2013,Exports,1563039996.0,888102076.898929,674937919.101071,0.4318110354362749,1687,1370,5006,4066,0.003361521624245,0.0287990005400157
Jamaica,JAM,388,2014,Exports,1388711870.803,784935272.6364632,603776598.1665368,0.434774564011909,1632,1335,5003,4063,0.0156054007333649,0.0302803310010686
Jamaica,JAM,388,2015,Exports,1209499819.0000002,745391357.3554902,464108461.64451,0.38371933120935,1462,1177,5002,4062,0.0180875692691203,0.0265495782029693
Jamaica,JAM,388,2016,Exports,1188781723.0000002,766239127.5930401,422542595.4069601,0.3554416990367541,1821,1502,5003,4064,0.0136481764984458,0.040958732801453
Jamaica,JAM,388,2017,Exports,1291106398.236,818628214.6123339,472478183.62366617,0.3659482938580422,1845,1503,4994,4055,0.0213852475064354,0.0322830165365889
Jamaica,JAM,388,2018,Exports,1955845203.03,1428643049.2376945,527202153.7923057,0.2695520857047188,1779,1470,4990,4051,0.0170966739366794,0.0377226293168685
Jamaica,JAM,388,2019,Exports,1646358472.9090002,1038634472.3531344,607724000.5558656,0.3691322458359022,1876,1552,4987,4048,0.005489124167691,0.038380339414576
Jamaica,JAM,388,2020,Exports,1246546683.4500003,757321112.6459486,489225570.8040517,0.3924647005197176,1793,1476,4982,4043,0.0016998270240732,0.0390963280604504
Jamaica,JAM,388,2021,Exports,1475218363.1900003,745291881.4740379,729926481.7159626,0.4947921608958116,1685,1398,4982,4043,-0.0148266940456002,0.0403064746767062
Jamaica,JAM,388,2022,Exports,1893283421.2300005,630236961.7585626,1263046459.4714377,0.6671195898662021,1612,1313,4988,4049,-0.0653481964994494,0.0211443652677669
Jamaica,JAM,388,2023,Exports,1999196435.3,883514701.7207037,1115681733.5792966,0.5580650874919537,2220,1942,4982,4043,-0.0259996152563277,0.0369383585955216
Jamaica,JAM,388,2024,Exports,1903859734.0,1180480323.8559332,723379410.1440668,0.3799541516770514,2203,1963,4982,4043,0.0001173989655964,0.0168698508226219
Japan,JPN,392,2000,Exports,462442649241.0,455607176197.2027,6835473043.797241,0.01478123407306,4660,3972,5035,4076,-0.0030480408954951,0.0454196214876775
Japan,JPN,392,2001,Exports,387245058537.0,379399546264.1665,7845512272.833496,0.0202598124879207,4631,3966,5033,4073,-0.0030539223521185,0.0430560522937434
Japan,JPN,392,2002,Exports,399698844978.0,392842648731.6737,6856196246.326355,0.0171534052011176,4676,3984,5032,4073,-0.0031568395859892,0.0399554595407097
Japan,JPN,392,2003,Exports,452761274303.0,444646414995.4536,8114859307.546387,0.0179230419386877,4677,3969,5035,4074,-0.0031935551995558,0.0443990000553575
Japan,JPN,392,2004,Exports,542117425582.0,531254897935.4589,10862527646.541077,0.020037222811791,4694,3987,5027,4074,-0.0026198146985166,0.0451617197481942
Japan,JPN,392,2005,Exports,568782680566.0,553776748732.3887,15005931833.611328,0.0263825400215752,4696,3982,5034,4074,-0.0027103019809231,0.0432564968539244
Japan,JPN,392,2006,Exports,616436947807.0,595167285800.4468,21269662006.553223,0.0345041971968437,4694,3984,5031,4074,-0.0028114759543045,0.0405823024997303
Japan,JPN,392,2007,Exports,678729869891.0,650771583163.0531,27958286727.9469,0.0411920676666798,4686,3978,5019,4074,-0.0031412282109768,0.0397758584374818
Japan,JPN,392,2008,Exports,744538834964.0,704028166810.0432,40510668153.95679,0.0544104165579429,4698,3958,5015,4072,-0.0038346813500949,0.0404399207727587
Japan,JPN,392,2009,Exports,546460213659.0,516670557655.8188,29789656003.181213,0.0545138607689569,4636,3934,5011,4070,-0.0041804350987534,0.0361009802068919
Japan,JPN,392,2010,Exports,729735156771.0,692253072183.883,37482084587.11694,0.0513639561412542,4635,3936,5010,4069,-0.0030127398005732,0.0388688367653508
Japan,JPN,392,2011,Exports,783800286665.0,737825645561.4237,45974641103.576294,0.0586560656914202,4630,3943,5011,4071,-0.0026123646924822,0.0448524437015086
Japan,JPN,392,2012,Exports,763109924127.0,721339772982.2799,41770151144.72009,0.0547367421443316,4609,3932,5007,4067,-0.0026766546332386,0.0382048095415235
Japan,JPN,392,2013,Exports,679305847268.0,637482180032.3528,41823667235.64722,0.0615682426463008,4613,3936,5006,4066,-0.0028205607377913,0.0384982809359759
Japan,JPN,392,2014,Exports,654373110150.0,615840729150.5156,38532380999.484375,0.0588844199155,4612,3941,5003,4063,-0.0027529834342276,0.0411472438778312
Japan,JPN,392,2015,Exports,587837229985.0,555345771672.6802,32491458312.319824,0.0552728827895928,4601,3924,5002,4062,-0.003324127536613,0.0370018533332953
Japan,JPN,392,2016,Exports,606749625853.0,573397012377.8873,33352613475.11267,0.054969318568963,4619,3935,5003,4064,-0.0031628648482159,0.0385239272793159
Japan,JPN,392,2017,Exports,654063942768.368,615261955918.8429,38801986849.52515,0.0593244548618491,4606,3917,4994,4055,-0.002366384573209,0.0442302329228212
Japan,JPN,392,2018,Exports,692544662693.2369,653157971137.3344,39386691555.90259,0.0568724209103448,4634,3924,4990,4051,-0.0019937308315031,0.0416367856815532
Japan,JPN,392,2019,Exports,660671386478.215,622549050446.9431,38122336031.27185,0.0577024172856756,4613,3930,4987,4048,-0.001940150895512,0.0446121046774936
Japan,JPN,392,2020,Exports,600218860752.166,564105063643.865,36113797108.301025,0.0601677145950477,4580,3888,4982,4043,-0.00192424371758,0.0458705681997295
Japan,JPN,392,2021,Exports,706683313979.8511,663072002104.6031,43611311875.247925,0.0617126667808819,4609,3911,4982,4043,-0.0016438025606724,0.046172457323108
Japan,JPN,392,2022,Exports,689794132937.484,635709986152.1298,54084146785.35425,0.0784062145542427,4642,3939,4988,4049,-0.001422412370775,0.0493541409811199
Japan,JPN,392,2023,Exports,661319372800.633,612574186875.9572,48745185924.6759,0.0737089943671906,4622,3922,4982,4043,-0.0010879208202538,0.0594092839517573
Japan,JPN,392,2024,Exports,646956314614.5521,595942831945.6941,51013482668.85803,0.0788515105525342,4618,3941,4982,4043,-0.0020234259256333,0.0525818549588045
Jordan,JOR,400,2000,Exports,1894613454.0,1456546490.2842,438066963.7158001,0.2312170658299358,2649,2307,5035,4076,-0.0245461468731943,-0.0041514509120047
Jordan,JOR,400,2001,Exports,2293958768.0,1833251112.0048,460707655.9951999,0.2008351947828906,1888,1654,5033,4073,-0.0202189544626136,0.0204321096006095
Jordan,JOR,400,2002,Exports,2769181278.0,2034916874.174,734264403.8260002,0.2651557735347365,1968,1755,5032,4073,-0.036676607809338,0.0043711585908216
Jordan,JOR,400,2003,Exports,3079729508.0,2333727237.329893,746002270.6701069,0.2422298025629421,2453,2170,5035,4074,-0.0355831890827073,0.0044601230249257
Jordan,JOR,400,2004,Exports,3888158788.0,3103478996.6848717,784679791.3151283,0.201812691841928,2639,2311,5027,4074,-0.0244805031167746,-0.0128795103841584
Jordan,JOR,400,2005,Exports,4275590052.000001,3521191199.268215,754398852.7317853,0.1764432145169995,2617,2294,5034,4074,-0.017467722988972,-0.0099577296294967
Jordan,JOR,400,2006,Exports,5157050297.0,4055028976.107035,1102021320.8929644,0.2136921801080825,2599,2278,5031,4074,-0.025534861503474,-0.007178741741927
Jordan,JOR,400,2007,Exports,5675791988.0,4746559639.842763,929232348.157237,0.1637185348092142,2681,2358,5019,4074,-0.0063020185588078,-0.0145804509527687
Jordan,JOR,400,2008,Exports,7752439406.0,6220430581.353364,1532008824.646636,0.1976163558867597,2753,2408,5015,4072,-0.0251294813241763,-0.0040235288384167
Jordan,JOR,400,2009,Exports,6360234002.0,4859542738.986176,1500691263.0138245,0.2359490645378655,2688,2334,5011,4070,-0.0150384975405342,-0.0016851995605338
Jordan,JOR,400,2010,Exports,7016067981.0,5444501696.396677,1571566284.603323,0.2239953046149543,2710,2325,5010,4069,-0.0219120359166309,-0.0091067613203969
Jordan,JOR,400,2011,Exports,7956362468.0,5912217441.158628,2044145026.8413715,0.2569195452146376,2637,2258,5011,4071,-0.0277101569017079,-0.014380189008035
Jordan,JOR,400,2012,Exports,7860379021.000001,5850809043.7378235,2009569977.2621777,0.2556581523477883,2716,2313,5007,4067,-0.0199180672781134,0.0030170928300419
Jordan,JOR,400,2013,Exports,7898602320.0,6163977823.301369,1734624496.6986313,0.219611575114549,2654,2249,5006,4066,-0.0111127193543792,0.0026279918308937
Jordan,JOR,400,2014,Exports,8363671579.0,6533719602.381065,1829951976.6189344,0.2187976846453041,2570,2195,5003,4063,-0.0099997855414254,-0.0029121997555409
Jordan,JOR,400,2015,Exports,7776331100.0,5932660439.12776,1843670660.87224,0.2370874692915583,2432,2076,5002,4062,-0.0023859926190858,0.0155126658212773
Jordan,JOR,400,2016,Exports,7499456724.0,5925403703.654522,1574053020.345478,0.2098889397292131,2425,2075,5003,4064,-0.0012813577853864,0.0167427569285997
Jordan,JOR,400,2017,Exports,7451072803.275,5918720046.623486,1532352756.651514,0.2056553193223388,2480,2102,4994,4055,-0.0050979802428102,0.0046962144237087
Jordan,JOR,400,2018,Exports,7746195421.056,6147030052.661919,1599165368.394081,0.2064452652520448,2389,2020,4990,4051,-0.0133272275123631,0.0126797239670778
Jordan,JOR,400,2019,Exports,8293148461.251,6589383272.148876,1703765189.1021242,0.205442504383325,2433,2039,4987,4048,-0.0156199300552786,0.0090984521345814
Jordan,JOR,400,2020,Exports,7900527730.868,6075781122.951988,1824746607.916012,0.2309651544904499,2351,1952,4982,4043,-0.0242499400189285,-6.491699385530181e-05
Jordan,JOR,400,2021,Exports,9340873233.507,7491986825.641371,1848886407.8656292,0.1979350711273351,2279,1927,4982,4043,-0.0130152197576932,0.0058754893046246
Jordan,JOR,400,2022,Exports,12769463937.387,10330815118.940727,2438648818.446274,0.1909750346924345,2779,2424,4988,4049,-0.0136907701562002,0.0154669139828924
Jordan,JOR,400,2023,Exports,12569172688.516998,9893196070.20364,2675976618.3133583,0.2128999803430252,2878,2525,4982,4043,-0.0151905118795638,0.0139827342157896
Jordan,JOR,400,2024,Exports,13250440376.033998,10590553836.014488,2659886540.0195103,0.2007394822009412,2878,2507,4982,4043,-0.0073923099840016,0.0117732731634256
Kazakhstan,KAZ,398,2000,Exports,4728911499.999999,14171000.0,4714740499.999999,0.9970033272984704,153,103,5035,4076,-0.2757296283005503,-0.1439773645975565
Kazakhstan,KAZ,398,2001,Exports,8485441499.999999,1300921216.95,7184520283.049999,0.8466878574379424,2166,1773,5033,4073,-0.1434564760133991,0.0293782302100339
Kazakhstan,KAZ,398,2002,Exports,9642683000.0,1563342665.69,8079340334.309999,0.8378726475100342,2078,1710,5032,4073,-0.143322942463916,0.0262480850130853
Kazakhstan,KAZ,398,2003,Exports,12915946499.999998,1995745675.26,10920200824.739998,0.8454820422754151,2149,1796,5035,4074,-0.1286175713257137,0.0278777928361244
Kazakhstan,KAZ,398,2004,Exports,20079042646.0,2579199455.4904256,17499843190.509575,0.8715476877577012,2454,2059,5027,4074,-0.1215612123652305,0.0457284720019105
Kazakhstan,KAZ,398,2005,Exports,27846084845.0,2844139004.911912,25001945840.08809,0.8978621583341688,2450,2089,5034,4074,-0.1400564534614923,0.0342368146030253
Kazakhstan,KAZ,398,2006,Exports,38244423104.0,4069960065.056037,34174463038.94396,0.8935802991722901,2469,2095,5031,4074,-0.1142168181775569,0.0324062841439533
Kazakhstan,KAZ,398,2007,Exports,47747902411.0,5760228719.463083,41987673691.53692,0.8793616383421262,2443,2061,5019,4074,-0.0982254714776925,0.0377197569918279
Kazakhstan,KAZ,398,2008,Exports,71123799664.0,7782332858.096003,63341466805.904,0.8905804682137208,2465,2098,5015,4072,-0.1017209125565437,0.0364434570157995
Kazakhstan,KAZ,398,2009,Exports,43187417437.0,4959036271.177807,38228381165.82219,0.8851740491680975,2745,2347,5011,4070,-0.1141615718560187,0.0504780117199582
Kazakhstan,KAZ,398,2010,Exports,57239704626.0,5381113549.307143,51858591076.692856,0.9059898442092436,2528,2154,5010,4069,-0.1149438259272179,0.0487979470768881
Kazakhstan,KAZ,398,2011,Exports,88100124488.0,7582902603.650747,80517221884.34926,0.9139285824200668,2888,2465,5011,4071,-0.1173304645100674,0.0410312781045691
Kazakhstan,KAZ,398,2012,Exports,92278789329.99998,8374299106.879157,83904490223.12083,0.9092500111056762,2770,2321,5007,4067,-0.1300589193183692,0.0307208575456473
Kazakhstan,KAZ,398,2013,Exports,84694108095.0,7068145599.652214,77625962495.34778,0.9165450140672832,2967,2505,5006,4066,-0.1444702055083999,0.0449223239158335
Kazakhstan,KAZ,398,2014,Exports,79454475748.0,7464289942.942127,71990185805.05788,0.9060557649814962,2957,2451,5003,4063,-0.1289503833572717,0.0539445119138213
Kazakhstan,KAZ,398,2015,Exports,45945756279.0,5901082039.149366,40044674239.85063,0.8715641548412922,3014,2485,5002,4062,-0.1191649715998138,0.052295143009458
Kazakhstan,KAZ,398,2016,Exports,36757350236.0,5682451632.055342,31074898603.944656,0.8454063855100749,3185,2630,5003,4064,-0.1284882206888531,0.0640323091439363
Kazakhstan,KAZ,398,2017,Exports,48483803867.85999,5812485800.506324,42671318067.35367,0.8801148974130012,3309,2743,4994,4055,-0.1794880541167609,0.0596346783374953
Kazakhstan,KAZ,398,2018,Exports,60945326178.539986,5933421654.369217,55011904524.17077,0.9026435327134488,3437,2846,4990,4051,-0.1916902118469967,0.0549578876751577
Kazakhstan,KAZ,398,2019,Exports,58065230022.87999,6227688228.093948,51837541794.78604,0.8927466880671963,3469,2837,4987,4048,-0.1733989782736065,0.0411655493318823
Kazakhstan,KAZ,398,2020,Exports,41873136777.902,4764864014.060295,37108272763.841705,0.8862071394523543,3181,2593,4982,4043,-0.1758474894019254,0.0509299098827508
Kazakhstan,KAZ,398,2021,Exports,53066683670.281,6060278662.2810955,47006405007.9999,0.8857988055191954,3222,2609,4982,4043,-0.1980430416310473,0.0470992872276135
Kazakhstan,KAZ,398,2022,Exports,76137627349.086,9359194757.744164,66778432591.341835,0.8770753031896716,3700,3100,4988,4049,-0.1376424109992176,0.0379488245916466
Kazakhstan,KAZ,398,2023,Exports,78723377892.78,13704344608.105738,65019033284.67426,0.8259177264119582,4004,3401,4982,4043,-0.1144902373783777,0.0315614482577254
Kazakhstan,KAZ,398,2024,Exports,81605584036.53,15913543572.61864,65692040463.91136,0.8049944282551169,4062,3442,4982,4043,-0.0903628384737409,0.0346436186856359
Kenya,KEN,404,2000,Exports,1570776516.0000002,417819057.2897,1152957458.7103002,0.7340047721405456,2784,2297,5035,4076,-0.1045924497955512,0.0076221200714838
Kenya,KEN,404,2001,Exports,1518930307.0000002,461606136.5334,1057324170.4666002,0.6960978825650623,2922,2425,5033,4073,-0.0674741993471523,0.0144004758805493
Kenya,KEN,404,2002,Exports,1196066610.0,409605836.4194319,786460773.5805681,0.6575392766633358,3110,2591,5032,4073,-0.0623662182594464,0.0127333535227632
Kenya,KEN,404,2003,Exports,2550927073.0,757627250.4696834,1793299822.5303166,0.7029992513354444,3419,2845,5035,4074,-0.0840822711933394,0.0156557648042696
Kenya,KEN,404,2004,Exports,2683280969.0,721612223.4272768,1961668745.5727232,0.7310709419684045,3199,2637,5027,4074,-0.0972138766819314,0.0044686454649079
Kenya,KEN,404,2005,Exports,3419878263.0,1278661745.3231535,2141216517.6768465,0.6261089878089752,3518,2935,5034,4074,-0.0778510614501535,0.002218196617848
Kenya,KEN,404,2006,Exports,3501635245.0000005,1472728677.2052758,2028906567.7947247,0.5794168797826127,3615,3020,5031,4074,-0.0451698133908213,0.010385737159009
Kenya,KEN,404,2007,Exports,4075072249.0,1779908468.9798,2295163780.0202,0.563220389671231,3626,3035,5019,4074,-0.023245698576206,0.0073848868550645
Kenya,KEN,404,2008,Exports,5000908754.0,2191424139.1671786,2809484614.8328214,0.5617948163092642,3716,3105,5015,4072,-0.0082129014382131,0.0178469607678998
Kenya,KEN,404,2009,Exports,4463388040.0,1858556901.4212935,2604831138.5787067,0.5835995246737962,3665,3077,5011,4070,-0.0224936853528776,0.0216276155308677
Kenya,KEN,404,2010,Exports,5162748600.0,2081039157.406953,3081709442.5930467,0.5969125520837963,3739,3136,5010,4069,-0.0254669005373583,0.01333695885145
Kenya,KEN,404,2013,Exports,5460390582.0,2348142722.690104,3112247859.309896,0.5699679926870652,3616,3010,5006,4066,-0.0417237110108573,0.0320971379559014
Kenya,KEN,404,2015,Exports,5883324231.380001,2236879517.361188,3646444714.018813,0.6197932615322643,3767,3139,5002,4062,-0.0319537998352348,0.0365769801630759
Kenya,KEN,404,2016,Exports,5684137794.71,2165498750.9970455,3518639043.7129545,0.6190277524566015,3759,3125,5003,4064,-0.0071034042985004,0.0421987299562805
Kenya,KEN,404,2017,Exports,5734029934.073999,2034656756.730576,3699373177.343424,0.6451611205166901,3674,3059,4994,4055,-0.0189673653418718,0.0354995839055987
Kenya,KEN,404,2018,Exports,6034852253.437,2180129423.457336,3854722829.979664,0.6387435297664997,3613,3023,4990,4051,-0.0141393485124817,0.0365688014274484
Kenya,KEN,404,2019,Exports,5789026063.3,2188414861.7665277,3600611201.5334725,0.6219718415779537,3637,3043,4987,4048,-0.0079448367505189,0.048671948022356
Kenya,KEN,404,2020,Exports,6019108136.964001,2174182371.884777,3844925765.079224,0.6387866237968237,3611,3022,4982,4043,-0.0023129133978286,0.0267531101486385
Kenya,KEN,404,2021,Exports,6749229200.802,2555548429.771229,4193680771.0307713,0.6213569944450017,3665,3057,4982,4043,0.0101432158593978,0.0392945847326074
Kenya,KEN,404,2022,Exports,7353883001.015,2721834938.2515793,4632048062.763421,0.6298778566539738,3702,3100,4988,4049,-0.0023840386252061,0.0397870881926973
Kenya,KEN,404,2023,Exports,7157240856.472,2760231176.876313,4397009679.595687,0.6143442379223064,3825,3250,4982,4043,0.0061645251730133,0.0354500280235901
Kenya,KEN,404,2024,Exports,8255120905.655001,2788472578.869697,5466648326.785303,0.6622129935178162,3841,3240,4982,4043,-0.0144493278152371,0.0335607793088125
Kuwait,KWT,414,2000,Exports,19136768537.0,997622747.0,18139145790.0,0.947868797959742,908,769,5035,4076,-0.0848221082568563,-0.0033140337329407
Kuwait,KWT,414,2001,Exports,15858204954.0,948504203.0,14909700751.0,0.9401884257549116,851,712,5033,4073,-0.0643143276712437,-0.0059617016735589
Kuwait,KWT,414,2002,Exports,15078908405.0,979660810.0,14099247595.0,0.935031052401966,829,693,5032,4073,-0.0796800734295429,-0.0212114113110274
Kuwait,KWT,414,2003,Exports,20100998668.0,1125651577.0,18975347091.0,0.9440002163279582,863,726,5035,4074,-0.0933211437355335,-0.0018158181964282
Kuwait,KWT,414,2004,Exports,28113883873.0,1389881375.0,26724002498.0,0.950562455857093,927,761,5027,4074,-0.0870669657457026,-0.0202116952557515
Kuwait,KWT,414,2006,Exports,56003107454.0,2668803427.2317,53334304026.7683,0.9523454403057222,2784,2437,5031,4074,-0.0999156783912564,-0.0053955548623903
Kuwait,KWT,414,2007,Exports,62690008168.0,3283051396.0860004,59406956771.914,0.9476303881267985,2448,2178,5019,4074,-0.071374568315695,-0.0133370787579045
Kuwait,KWT,414,2008,Exports,87455969764.0,4497851878.3786,82958117885.6214,0.9485700988678524,2396,2074,5015,4072,-0.0728762501823021,-0.0024761448877594
Kuwait,KWT,414,2009,Exports,51934753034.00001,4823249176.965799,47111503857.03421,0.9071286779045976,2347,2048,5011,4070,-0.0513844443418012,-0.0049869909429173
Kuwait,KWT,414,2010,Exports,62695368296.0,4293561859.669921,58401806436.33008,0.931517080505868,2041,1809,5010,4069,-0.1095056925111245,-0.0033167654614293
Kuwait,KWT,414,2011,Exports,102695762396.0,4955281120.222287,97740481275.77773,0.9517479494322806,2371,2043,5011,4071,-0.0667260124113893,-0.0089842333323404
Kuwait,KWT,414,2013,Exports,114404079475.99998,6193165181.851126,108210914294.14886,0.9458658711278706,2898,2447,5006,4066,-0.0908057232444593,0.0108735639199365
Kuwait,KWT,414,2014,Exports,101131954650.0,6164544562.399401,94967410087.6006,0.9390445425114762,3005,2544,5003,4063,-0.0799197376637348,0.0097635533524793
Kuwait,KWT,414,2015,Exports,53966642479.043,5091818183.231674,48874824295.811325,0.9056487869296485,2842,2422,5002,4062,-0.0691363860263102,0.0201766074359756
Kuwait,KWT,414,2016,Exports,46127657537.378,4283135258.839015,41844522278.53899,0.9071460488673564,2783,2367,5003,4064,-0.1043716741079948,0.0151580621353367
Kuwait,KWT,414,2017,Exports,54795510818.72399,4729968095.446451,50065542723.27754,0.913679642277736,2980,2516,4994,4055,-0.0839983516862825,0.0180860190737742
Kuwait,KWT,414,2018,Exports,71807743223.00002,5874107924.9061,65933635298.09392,0.918196733927928,3038,2603,4990,4051,-0.1303996913789885,0.0148569301277856
Kuwait,KWT,414,2019,Exports,64184979914.99999,5236507043.006643,58948472871.99335,0.9184153823847676,2915,2556,4987,4048,-0.1339960978919613,0.01472027666572
Kuwait,KWT,414,2020,Exports,40117237108.0,3909001226.2747126,36208235881.72529,0.9025605573048,2672,2322,4982,4043,-0.1451726259685142,0.0108383119210236
Kuwait,KWT,414,2021,Exports,63063903503.0,4859530875.171126,58204372627.82887,0.9229427516338256,2667,2325,4982,4043,-0.1565392183449868,0.0120636506772617
Kuwait,KWT,414,2022,Exports,99717826004.638,5170300055.63497,94547525949.00304,0.9481506941858672,2989,2647,4988,4049,-0.1511446326310596,0.0202016399546945
Kuwait,KWT,414,2023,Exports,83931709068.115,5239373969.247953,78692335098.86705,0.93757575024481,3030,2672,4982,4043,-0.1390091259071093,0.0227807823216688
Kuwait,KWT,414,2024,Exports,75946817071.0,6397389342.064238,69549427728.93576,0.9157648787824308,3103,2738,4982,4043,-0.111212795437402,0.0087201280901432
Kyrgyzstan,KGZ,417,2000,Exports,500845030.0,96146078.7966,404698951.2034,0.8080322793727234,1630,1350,5035,4076,-0.1943538148173363,0.0140382972107434
Kyrgyzstan,KGZ,417,2001,Exports,469591348.0,97074976.9001,372516371.0999,0.7932777566845205,1637,1348,5033,4073,-0.1612781646990223,0.0364963959178978
Kyrgyzstan,KGZ,417,2002,Exports,453073953.0,95599938.3039,357474014.6961,0.7889970551807466,1620,1348,5032,4073,-0.1799901533319742,0.0409103865650423
Kyrgyzstan,KGZ,417,2003,Exports,530332386.99999994,127796042.1636134,402536344.83638656,0.7590265175269912,1539,1289,5035,4074,-0.1885557118216667,0.0319195258240803
Kyrgyzstan,KGZ,417,2004,Exports,656660383.0,183003712.0992173,473656670.9007827,0.7213114772309672,1476,1222,5027,4074,-0.1553950287637512,0.0162272292876893
Kyrgyzstan,KGZ,417,2005,Exports,650258589.0,188714240.5565432,461544348.4434568,0.7097858548139174,1485,1240,5034,4074,-0.1358505043677617,0.0221154726216794
Kyrgyzstan,KGZ,417,2006,Exports,786255863.0,249988737.50276345,536267125.49723655,0.6820516713873287,1521,1250,5031,4074,-0.115922845406666,0.0220662299745909
Kyrgyzstan,KGZ,417,2007,Exports,1112619435.0,350209244.0101208,762410190.9898791,0.6852389658193226,1497,1235,5019,4074,-0.0874960608182612,0.0468635452834105
Kyrgyzstan,KGZ,417,2008,Exports,1158587570.0,345263726.7933372,813323843.2066628,0.7019960029492314,1647,1336,5015,4072,-0.0837378434752244,0.0530216579844491
Kyrgyzstan,KGZ,417,2009,Exports,991183470.0,240559710.6119184,750623759.3880816,0.7573005221607273,1565,1282,5011,4070,-0.094053832071593,0.0486317856675427
Kyrgyzstan,KGZ,417,2010,Exports,1317464161.0000002,303504760.9505534,1013959400.0494468,0.7696295884662373,1707,1436,5010,4069,-0.1075381566116373,0.0322476598770001
Kyrgyzstan,KGZ,417,2011,Exports,1918840205.0,434490740.7588563,1484349464.2411437,0.773565959465157,1776,1513,5011,4071,-0.1096292005805544,0.0237810376877928
Kyrgyzstan,KGZ,417,2012,Exports,1631872147.0000002,557049688.4866703,1074822458.51333,0.6586437917267361,1752,1489,5007,4067,-0.0681800249078806,-4.594444327032931e-05
Kyrgyzstan,KGZ,417,2013,Exports,1726962793.0,521587553.1473213,1205375239.8526788,0.6979740644896909,1811,1545,5006,4066,-0.0789833256783387,0.0074918070401714
Kyrgyzstan,KGZ,417,2014,Exports,1819460143.0,442348850.011068,1377111292.988932,0.7568790656322347,1825,1556,5003,4063,-0.0654440142041929,0.0297650298359714
Kyrgyzstan,KGZ,417,2015,Exports,1309960445.0,390922756.18126297,919037688.818737,0.7015766715144877,1757,1501,5002,4062,-0.0753378470930418,0.0343377809147129
Kyrgyzstan,KGZ,417,2016,Exports,1354934012.0,365922420.4607964,989011591.5392036,0.7299334010217493,1564,1317,5003,4064,-0.0783601350560754,0.0543735877654624
Kyrgyzstan,KGZ,417,2017,Exports,1756150159.0,547467036.5292001,1208683122.4708,0.6882572747418462,1864,1567,4994,4055,-0.0680332908998532,0.0365212556631222
Kyrgyzstan,KGZ,417,2018,Exports,1827788248.0,517429142.3343165,1310359105.6656833,0.7169096896752142,1911,1608,4990,4051,-0.0999947800798081,0.0171556589300224
Kyrgyzstan,KGZ,417,2019,Exports,1977837823.0,465818576.4574423,1512019246.5425577,0.7644809038231026,1909,1592,4987,4048,-0.0795272906302495,0.0159907243650601
Kyrgyzstan,KGZ,417,2020,Exports,1858639250.0,339783454.96819234,1518855795.0318077,0.817186979685169,1638,1355,4982,4043,-0.0851355688451943,0.0260653136408471
Kyrgyzstan,KGZ,417,2021,Exports,2742508553.0,576723575.9595788,2165784977.0404215,0.7897094704303813,1945,1633,4982,4043,-0.0756780288657917,0.0246632133956706
Kyrgyzstan,KGZ,417,2022,Exports,2242475260.0,1321532634.9533138,920942625.0466862,0.4106812866451361,2622,2275,4988,4049,-0.0134776625956428,0.0241525390390177
Kyrgyzstan,KGZ,417,2023,Exports,3331777884.9999995,1122329352.69686,2209448532.3031397,0.6631440055624056,2684,2365,4982,4043,-0.0532207321502391,0.0159280886879062
Kyrgyzstan,KGZ,417,2024,Exports,3685343515.0,1328881897.8719263,2356461617.1280737,0.6394143741382202,2552,2256,4982,4043,-0.1100232803712131,0.0130532813247662
Latvia,LVA,428,2000,Exports,1482350825.529,864710349.8247737,617640475.7042264,0.4166628203440381,3241,2770,5035,4076,-0.0397182607294274,-0.0017703897377683
Latvia,LVA,428,2001,Exports,1596603087.7599998,1014143723.2041744,582459364.5558254,0.36481162351565,3295,2816,5033,4073,-0.0302423776270249,0.0148293888974725
Latvia,LVA,428,2002,Exports,1853334868.149,1212777148.237032,640557719.9119682,0.3456243827925813,3211,2931,5032,4073,-0.0303746746668085,0.0029518121499656
Latvia,LVA,428,2003,Exports,2648911141.093,1678365744.1228976,970545396.9701024,0.366394093751908,3439,2924,5035,4074,-0.0224610889655859,-0.0034714221202001
Latvia,LVA,428,2004,Exports,3603916139.151999,2377210039.080083,1226706100.0719166,0.3403814219607674,3334,3027,5027,4074,-0.0245248724518633,-0.0009770036007678
Latvia,LVA,428,2005,Exports,4797705487.574,3111906875.525641,1685798612.0483594,0.3513760101395464,3310,2977,5034,4074,-0.0289517165874663,0.0004819062875298
Latvia,LVA,428,2006,Exports,5661694897.0789995,3858887956.362428,1802806940.716571,0.3184217753674225,3606,3032,5031,4074,-0.0154648899721963,-0.0054447646138843
Latvia,LVA,428,2007,Exports,7274012071.841,5263618422.252205,2010393649.5887947,0.2763803015080752,3523,3146,5019,4074,-0.0104537950376122,0.0010765915149845
Latvia,LVA,428,2008,Exports,8520511334.325,6342161886.117923,2178349448.207077,0.2556594742655368,3542,3172,5015,4072,-0.005189306388714,0.0113614069177616
Latvia,LVA,428,2009,Exports,6851782189.3029995,4728072908.964722,2123709280.3382776,0.3099499110835444,3844,3230,5011,4070,0.0018067761319474,0.0178767968067808
Latvia,LVA,428,2010,Exports,8551680556.0,5608743552.28208,2942937003.7179203,0.344135516340482,3876,3234,5010,4069,-0.0006128564733233,0.0138381272910121
Latvia,LVA,428,2011,Exports,11390506645.0,7321880514.644447,4068626130.3555527,0.3571944828408072,3959,3306,5011,4071,-0.0070604303021356,0.0111419082877504
Latvia,LVA,428,2012,Exports,11936207558.0,7650600136.497773,4285607421.502227,0.3590426356677993,3940,3273,5007,4067,-0.0069260722884403,0.0180999603862422
Latvia,LVA,428,2013,Exports,12393193001.0,8017134861.643862,4376058139.356138,0.353101750211026,3986,3294,5006,4066,-0.0088646079035901,0.0196420443981848
Latvia,LVA,428,2014,Exports,12966670245.844002,8438858197.732485,4527812048.111517,0.349188493442466,4002,3313,5003,4063,-0.0094440703538046,0.0221453574653318
Latvia,LVA,428,2015,Exports,11000137208.303,7341736145.189559,3658401063.113441,0.3325777664256812,3991,3300,5002,4062,-0.0038463230453698,0.0294938569007808
Latvia,LVA,428,2016,Exports,11189545962.632,7668283167.218135,3521262795.413865,0.3146921963744805,4099,3397,5003,4064,0.001807638934001,0.0357432918070944
Latvia,LVA,428,2017,Exports,12611859681.887,8708927826.193151,3902931855.6938496,0.3094652140238439,4141,3445,4994,4055,0.0030311283196184,0.0295393865867887
Latvia,LVA,428,2018,Exports,14322515918.111,9758544347.930294,4563971570.180706,0.3186571127778959,4132,3421,4990,4051,0.0047930862363603,0.0343723718314745
Latvia,LVA,428,2019,Exports,14158831241.601,9709030314.56704,4449800927.03396,0.3142774181783949,4127,3442,4987,4048,0.0062890313909774,0.0344599333789565
Latvia,LVA,428,2020,Exports,14825705557.324,10251816653.169394,4573888904.154608,0.3085107070600815,4077,3390,4982,4043,0.0066013533637502,0.0275747757560057
Latvia,LVA,428,2021,Exports,18993066833.033,12522421281.90734,6470645551.12566,0.3406846091791677,4118,3416,4982,4043,0.0025862178900031,0.0392650800619903
Latvia,LVA,428,2022,Exports,21769940607.988,12867334349.5256,8902606258.462399,0.4089403098874686,4291,3592,4988,4049,-0.0043529157892798,0.0265826639951045
Latvia,LVA,428,2023,Exports,19209163467.039,12966357858.13271,6242805608.906292,0.3249910189799946,4259,3607,4982,4043,0.0079858220719715,0.034891111385419
Latvia,LVA,428,2024,Exports,19068065105.308,12365340411.73924,6702724693.56876,0.3515157230978257,4287,3576,4982,4043,0.0103512117136325,0.0304508221313166
Lebanon,LBN,422,2000,Exports,714340424.0,510413154.2527,203927269.74730003,0.2854763119877702,2519,2132,5035,4076,0.0042167642990329,0.0048403410412782
Lebanon,LBN,422,2001,Exports,889296930.0,640241888.8474001,249055041.15259993,0.2800583615560215,2672,2262,5033,4073,-0.0065757950178174,-0.0102796665228363
Lebanon,LBN,422,2002,Exports,1045493207.0,713255139.837077,332238067.162923,0.3177811820664684,2883,2432,5032,4073,-0.0235620963455212,0.0007580524904893
Lebanon,LBN,422,2003,Exports,1517601261.0,852159295.2065535,665441965.7934465,0.4384827443771125,3032,2544,5035,4074,-0.0482981556992778,0.001545401753112
Lebanon,LBN,422,2004,Exports,1733194000.0,1117696636.7226822,615497363.2773178,0.3551231791001571,2854,2430,5027,4074,-0.0290317948314516,-0.0029078654854949
Lebanon,LBN,422,2005,Exports,1870372000.0,1276264545.0046806,594107454.9953194,0.317641332844653,2829,2410,5034,4074,-0.0219152330828593,0.0082610186599567
Lebanon,LBN,422,2006,Exports,2273868580.0,1374886357.13214,898982222.8678601,0.3953536412679839,3082,2603,5031,4074,-0.0471307017810279,0.0097782348303258
Lebanon,LBN,422,2007,Exports,2790150716.0,1792148119.852799,998002596.1472012,0.3576877013934042,3270,2756,5019,4074,-0.0321878581717028,0.0106048927271303
Lebanon,LBN,422,2008,Exports,3461002858.0,2329312385.710326,1131690472.2896738,0.3269833972178921,3260,2768,5015,4072,-0.0247331243237295,0.0010365810055248
Lebanon,LBN,422,2009,Exports,3475268513.0,2026162718.6164432,1449105794.3835566,0.4169766419379855,3206,2708,5011,4070,-0.052002546041948,-0.0006745036785033
Lebanon,LBN,422,2010,Exports,4247386323.999999,2609586404.402876,1637799919.5971236,0.385601825372625,3205,2723,5010,4069,-0.0377443644601774,0.0106230201106036
Lebanon,LBN,422,2011,Exports,4263891589.0,2179417628.8956738,2084473960.1043265,0.488866547517732,3258,2773,5011,4071,-0.0637559320212844,0.0117743286506331
Lebanon,LBN,422,2012,Exports,4442765612.0,2111921119.7729633,2330844492.2270365,0.5246381861630013,3173,2677,5007,4067,-0.0689340921948423,0.0166322045087116
Lebanon,LBN,422,2013,Exports,3933030958.0,2179329563.1891913,1753701394.810809,0.4458905646912552,3219,2731,5006,4066,-0.0453293683280572,0.0048796233726935
Lebanon,LBN,422,2014,Exports,3307184925.0,2217018689.6389,1090166235.3611002,0.3296357053154807,3264,2770,5003,4063,-0.0220533554734608,0.0114340022078953
Lebanon,LBN,422,2015,Exports,2949880833.392,2018275746.0281231,931605087.363877,0.3158110920340622,3171,2687,5002,4062,-0.0180966871479829,0.0143086019243748
Lebanon,LBN,422,2016,Exports,2970475024.0,1699919056.1858404,1270555967.8141596,0.4277282109927478,3051,2593,5003,4064,-0.0358585811053777,0.0168669204068286
Lebanon,LBN,422,2017,Exports,3562762702.0,2438227238.0065126,1124535463.9934874,0.3156358023401939,3119,2648,4994,4055,-0.005635440609397,0.0131316543484738
Lebanon,LBN,422,2018,Exports,3252739057.0,2062563498.609984,1190175558.390016,0.3658994888719154,3099,2632,4990,4051,-0.0125076615792607,0.0114013356221214
Lebanon,LBN,422,2019,Exports,3725927310.18,1767213593.3133776,1958713716.8666227,0.5256983171719464,3098,2616,4987,4048,-0.0480852740312107,0.007113305336995
Lebanon,LBN,422,2020,Exports,3790755364.0,1812427205.5872672,1978328158.4127328,0.5218823079960516,3017,2554,4982,4043,-0.0328328691435689,0.0130673038621628
Lebanon,LBN,422,2021,Exports,4202760169.0,2279239125.7261853,1923521043.273815,0.4576804209438139,3085,2610,4982,4043,-0.0081406210436224,0.0206273875663008
Lebanon,LBN,422,2022,Exports,3839448096.0,2418481507.2560477,1420966588.7439525,0.3700965746155908,3116,2653,4988,4049,-0.006756624848191,0.0266588326320529
Lebanon,LBN,422,2023,Exports,4519857216.0,2876656019.606742,1643201196.393258,0.3635515720665761,3166,2678,4982,4043,-0.008322201189838,0.0218123743154864
Lebanon,LBN,422,2024,Exports,4264251067.0,2850463363.7989388,1413787703.2010612,0.3315441987321103,3101,2633,4982,4043,-0.0006896538223395,0.009815618155884
Lesotho,LSO,426,2001,Exports,235706212.496,216774021.121,18932191.375,0.080321138651877,473,333,5033,4073,-0.0223264342938724,-0.0629546633499753
Lesotho,LSO,426,2002,Exports,331314743.2479999,304724771.754,26589971.4939999,0.0802559259311211,776,548,5032,4073,-1.3401911355681584e-05,0.0048437856463386
Lesotho,LSO,426,2003,Exports,416375552.3730001,396005653.42,20369898.95300007,0.0489219379882135,645,493,5035,4074,-0.0243734651848647,0.0272140683236331
Lesotho,LSO,426,2004,Exports,928582894.817,769935878.943,158647015.87400007,0.17084852279695,1294,998,5027,4074,0.0101472944075374,0.0063236501288574
Lesotho,LSO,426,2005,Exports,400266867.117,379196194.1770203,21070672.939979732,0.0526415615955059,1342,1046,5034,4074,0.0254484456542135,-0.0001948317516561
Lesotho,LSO,426,2006,Exports,691318755.235,663018733.7711842,28300021.46381581,0.0409362848172631,1442,1121,5031,4074,0.0212381404635065,0.0231453278808231
Lesotho,LSO,426,2007,Exports,535622753.266,493306984.5283246,42315768.73767537,0.0790029334632477,1390,1102,5019,4074,0.0368176165995008,-0.0294600547988206
Lesotho,LSO,426,2008,Exports,709258661.682,621711152.8720903,87547508.8099097,0.1234352339135226,1458,1172,5015,4072,0.0266131097548631,0.0118674504734477
Lesotho,LSO,426,2009,Exports,580691961.544,525592865.6514362,55099095.89256382,0.0948852395787622,1367,1111,5011,4070,0.0377731140554745,0.0116187855612205
Lesotho,LSO,426,2010,Exports,415222022.23,360630047.2735023,54591974.95649761,0.1314765885087328,1416,1159,5010,4069,0.0420277744108767,0.0019793035528462
Lesotho,LSO,426,2011,Exports,718715059.534,642686041.4754231,76029018.05857694,0.105784645876034,1509,1260,5011,4071,0.0346974116708317,0.0083740534767059
Lesotho,LSO,426,2012,Exports,663991582.287,579677120.0720714,84314462.21492851,0.126981221545795,1393,1164,5007,4067,0.0421868846832209,-0.0044044781328111
Lesotho,LSO,426,2013,Exports,358388116.905,316835168.70655036,41552948.19844961,0.1159439898769419,1306,1097,5006,4066,0.0341703314430528,-0.0043600069541399
Lesotho,LSO,426,2014,Exports,816287355.9169998,406573264.864438,409714091.0525618,0.5019238483637882,1305,1066,5003,4063,0.1381174285979897,-0.005142524397093
Lesotho,LSO,426,2015,Exports,603784312.949,369878791.9281732,233905521.0208268,0.3873991357582425,1653,1427,5002,4062,0.1216374955974467,0.0079673666230433
Lesotho,LSO,426,2016,Exports,663929144.4790001,605932605.4821072,57996538.99689293,0.0873535067396447,2024,1791,5003,4064,0.0268742873536113,0.0076753005385824
Lesotho,LSO,426,2017,Exports,718433032.249,655098503.2840123,63334528.964987636,0.0881564824027143,1859,1616,4994,4055,0.0290253051770262,-0.0085359865454765
Lesotho,LSO,426,2018,Exports,882208415.3210001,707439711.6113005,174768703.70969963,0.1981036461164433,1827,1598,4990,4051,-0.0103580874788729,0.0011900042574965
Lesotho,LSO,426,2019,Exports,894672276.606,669968217.2949026,224704059.31109735,0.2511579549145386,1792,1600,4987,4048,-0.0143170544152331,0.0110341520805169
Lesotho,LSO,426,2020,Exports,837116313.217,503169554.7912629,333946758.4257371,0.3989251590885797,1651,1465,4982,4043,-0.0052340847231648,0.012216621524243
Lesotho,LSO,426,2021,Exports,948171988.457,695040000.1377723,253131988.3192277,0.2669684312559792,1802,1605,4982,4043,0.011868860100236,0.0057070595297252
Lesotho,LSO,426,2022,Exports,899383732.0550001,635685632.6508849,263698099.4041152,0.2931986537065685,1497,1323,4988,4049,0.0083940844761046,-0.0004421281372019
Lesotho,LSO,426,2023,Exports,829414920.3610001,542014693.3745141,287400226.98648596,0.3465095936077397,1743,1559,4982,4043,0.0017007143321139,0.0041289778038762
Lesotho,LSO,426,2024,Exports,1004368215.3760002,673682225.3174499,330685990.05855024,0.3292477649093595,1801,1625,4982,4043,0.0162554738172224,0.002894559681331
Lithuania,LTU,440,2000,Exports,3801522653.000001,2378273071.0488997,1423249581.9511008,0.3743893465498443,3772,3253,5035,4076,-0.0516240716370868,0.0037708016846123
Lithuania,LTU,440,2001,Exports,4571835605.0,2799591052.3597,1772244552.6402998,0.387643980615156,3791,3272,5033,4073,-0.0466696564107453,0.0095178353407282
Lithuania,LTU,440,2002,Exports,5463025074.0,3602293785.059544,1860731288.940456,0.3406045668353555,3820,3271,5032,4073,-0.0320411606703057,0.0090604087796009
Lithuania,LTU,440,2003,Exports,7146356436.0,4696743178.540473,2449613257.459527,0.3427779287805351,3852,3300,5035,4074,-0.0336138277815909,0.0142331119268547
Lithuania,LTU,440,2004,Exports,9269688229.0,5604690212.8028,3664998016.1972,0.3953744641304483,3984,3377,5027,4074,-0.0438164008596579,0.0093308013660117
Lithuania,LTU,440,2005,Exports,11710609615.0,6885047531.2306,4825562083.7694,0.4120675389595761,4034,3421,5034,4074,-0.0449025085971842,0.0108849261428374
Lithuania,LTU,440,2006,Exports,14034534322.0,8736302846.1844,5298231475.815599,0.3775138778570154,4118,3481,5031,4074,-0.0355365823155375,0.0153434885398964
Lithuania,LTU,440,2007,Exports,16993731322.0,11747339625.007256,5246391696.992744,0.3087251173731805,4236,3573,5019,4074,-0.0155305237031257,0.0197250479771582
Lithuania,LTU,440,2008,Exports,23510587599.0,13915817929.23989,9594769669.76011,0.4081042053652549,4194,3539,5015,4072,-0.0273989554669753,0.0230800307657892
Lithuania,LTU,440,2009,Exports,16214747063.0,9878934936.64762,6335812126.352379,0.3907438149812339,4199,3547,5011,4070,-0.0230031872732151,0.031438578911905
Lithuania,LTU,440,2010,Exports,20491277525.0,12213259137.140505,8278018387.859497,0.4039776620935447,4280,3601,5010,4069,-0.0266635085834018,0.0280675095552366
Lithuania,LTU,440,2011,Exports,27627057079.0,16096596948.85252,11530460130.14748,0.417361143359423,4364,3654,5011,4071,-0.0288919077090388,0.0320824863734421
Lithuania,LTU,440,2012,Exports,29093074748.0,16817082960.609316,12275991787.390684,0.4219558054184216,4401,3690,5007,4067,-0.0282860965381943,0.0319558793785222
Lithuania,LTU,440,2013,Exports,32016212745.0,18936149427.666325,13080063317.333675,0.4085449900496554,4425,3709,5006,4066,-0.0260069945720016,0.0325267476763697
Lithuania,LTU,440,2014,Exports,31594892685.0,20524181768.58764,11070710916.41236,0.3503955853494098,4490,3761,5003,4063,-0.0187196123915198,0.0337663856283678
Lithuania,LTU,440,2015,Exports,24878176961.0,16371714649.895493,8506462311.104507,0.3419246645137853,4500,3764,5002,4062,-0.0124512456425823,0.0384434339090498
Lithuania,LTU,440,2016,Exports,24508111573.800003,16939617136.55157,7568494437.248432,0.308815896094557,4532,3783,5003,4064,-0.0094378807252092,0.0342834327500707
Lithuania,LTU,440,2017,Exports,29234135927.81,20206237044.84214,9027898882.967855,0.3088136042488518,4577,3810,4994,4055,-0.0128696847259855,0.0316058078811005
Lithuania,LTU,440,2018,Exports,32604383464.84,22891238247.4215,9713145217.4185,0.2979091823003795,4607,3845,4990,4051,-0.0108191752584925,0.0368929190689716
Lithuania,LTU,440,2019,Exports,32610863073.840004,23077165067.69329,9533698006.146711,0.2923473072319425,4630,3861,4987,4048,-0.0093981704539961,0.0382633993452961
Lithuania,LTU,440,2020,Exports,32246843116.0,24288318089.30735,7958525026.69265,0.2468001285603007,4624,3852,4982,4043,-0.0016302569735201,0.0376406201433897
Lithuania,LTU,440,2021,Exports,40079696798.81,29485673267.607742,10594023531.202255,0.2643239439754644,4622,3847,4982,4043,-0.0052663240847337,0.0339755806569411
Lithuania,LTU,440,2022,Exports,45539470491.0,30443206488.49909,15096264002.500912,0.33149845265514,4649,3873,4988,4049,-0.0136748331037773,0.0306304878302274
Lithuania,LTU,440,2023,Exports,41561585697.0,29026793282.521584,12534792414.478416,0.3015956250048275,4592,3847,4982,4043,-0.0101220168757343,0.0302463672922154
Lithuania,LTU,440,2024,Exports,38693005306.0,26881498396.690643,11811506909.309357,0.3052620703897039,4499,3765,4982,4043,-0.0094776316099696,0.0276282557896186
Luxembourg,LUX,442,2000,Exports,7499705711.0,6976092825.2917,523612885.7082997,0.0698177909754917,3356,2774,5035,4076,-0.0052299641026329,0.0220665480117219
Luxembourg,LUX,442,2001,Exports,7974815203.0,7411727343.0119,563087859.9881,0.0706082643490316,3434,2845,5033,4073,-0.0053990229493277,0.0189295977368205
Luxembourg,LUX,442,2002,Exports,8228625389.0,7564542332.834069,664083056.1659307,0.0807040088437705,3561,2939,5032,4073,-0.0078631870883468,0.0187295591179321
Luxembourg,LUX,442,2003,Exports,9631671251.0,8823705758.649986,807965492.3500137,0.083886323701728,3542,2919,5035,4074,-0.0085304998734263,0.011692013880984
Luxembourg,LUX,442,2004,Exports,11699844582.0,10700862863.9246,998981718.0753994,0.0853841870354683,3525,2886,5027,4074,-0.0075260526461337,0.0046156426272927
Luxembourg,LUX,442,2005,Exports,12154143043.0,11047205655.1682,1106937387.8317986,0.091074902106679,3545,2908,5034,4074,-0.0079548076396595,0.0088753113955112
Luxembourg,LUX,442,2006,Exports,13568553773.0,12162434325.1455,1406119447.8544998,0.1036307532386045,3634,3003,5031,4074,-0.0091553363007806,0.0077939104909733
Luxembourg,LUX,442,2007,Exports,15540614476.0,13961974245.21144,1578640230.7885609,0.1015815837415257,3723,3066,5019,4074,-0.0069272508886987,0.0158078809316515
Luxembourg,LUX,442,2008,Exports,16896837945.000002,15199514896.485767,1697323048.5142343,0.10045211145654,3771,3106,5015,4072,-0.0052482551223268,0.0244588402463267
Luxembourg,LUX,442,2009,Exports,12186455000.0,10900959925.97441,1285495074.025591,0.1054855636052971,3714,3048,5011,4070,-0.0050832760852711,0.0201130183222573
Luxembourg,LUX,442,2010,Exports,13541040005.0,11803548609.089235,1737491395.9107647,0.1283129948120085,3671,3011,5010,4069,-0.0079546488239787,0.0171491318070771
Luxembourg,LUX,442,2011,Exports,15845995220.999998,13501497931.47688,2344497289.523119,0.1479551935252422,3706,3040,5011,4071,-0.0108871255636237,0.0133554769418405
Luxembourg,LUX,442,2012,Exports,13339671287.0,11573408433.66734,1766262853.332661,0.1324067748996145,3674,3009,5007,4067,-0.0102387050322936,0.0236444056267867
Luxembourg,LUX,442,2013,Exports,13409398629.0,11731821042.855028,1677577586.1449718,0.1251046100245642,3737,3066,5006,4066,-0.0086201946546351,0.026115233841724
Luxembourg,LUX,442,2014,Exports,14342293840.0,12374025294.97066,1968268545.0293388,0.1372352684296516,3738,3054,5003,4063,-0.0097033626797825,0.0287361622734328
Luxembourg,LUX,442,2015,Exports,12259762989.0,10783446884.535507,1476316104.4644928,0.1204196284862202,3796,3097,5002,4062,-0.0054846104750034,0.0327024688316452
Luxembourg,LUX,442,2016,Exports,12386791959.0,11058400261.453108,1328391697.5468922,0.1072425937194907,3760,3069,5003,4064,-0.0048672228547065,0.0358112552433179
Luxembourg,LUX,442,2017,Exports,11100259990.144,9713922292.26536,1386337697.8786392,0.1248923628013738,3678,3000,4994,4055,-0.0044597986427307,0.0321530764047494
Luxembourg,LUX,442,2018,Exports,14446130492.547,13184246128.316956,1261884364.2300453,0.0873510290441494,3841,3136,4990,4051,-0.0041301989834493,0.0323474722918188
Luxembourg,LUX,442,2019,Exports,14250067848.282,12861243428.05554,1388824420.2264595,0.097460898783994,3899,3181,4987,4048,-0.0027842463167643,0.0359847418031387
Luxembourg,LUX,442,2020,Exports,12587566118.67,11824432171.455095,763133947.2149029,0.0606260130052477,3689,3136,4982,4043,-0.0029130062677795,0.0321209754850176
Luxembourg,LUX,442,2021,Exports,15736621036.917,14148313398.85807,1588307638.0589294,0.1009306657593693,3847,3158,4982,4043,0.0007501004398822,0.0378543500985233
Luxembourg,LUX,442,2022,Exports,16352889255.035,14497698827.35704,1855190427.6779592,0.1134472568574848,4037,3329,4988,4049,-0.0010793158518285,0.0372164940198298
Luxembourg,LUX,442,2023,Exports,16035672787.947,14177237064.926762,1858435723.0202389,0.115893841661393,4033,3330,4982,4043,-0.0013360318981561,0.0324947906828583
Luxembourg,LUX,442,2024,Exports,15301244097.161,13487943793.594915,1813300303.566084,0.118506723509007,3962,3275,4982,4043,-0.0020657614138075,0.0333798628213322
Madagascar,MDG,450,2000,Exports,856982506.2310001,505996805.00454,350985701.22646004,0.4095599369584466,1720,1491,5035,4076,0.0612517856372717,0.0118102087170739
Madagascar,MDG,450,2001,Exports,916842587.594,378467409.46691805,538375178.1270819,0.587205683300444,1839,1544,5033,4073,0.0970572599078166,0.023938045464202
Madagascar,MDG,450,2002,Exports,656386790.357,223834873.2587186,432551917.0982814,0.6589893694585508,1871,1602,5032,4073,0.0424466844761729,0.0165185265976251
Madagascar,MDG,450,2003,Exports,909072181.886,395075878.1401057,513996303.7458942,0.5654075814744827,1936,1661,5035,4074,0.0997692573118568,0.0372554616814399
Madagascar,MDG,450,2004,Exports,767330230.133,483064485.5926368,284265744.5403632,0.3704607656225037,1991,1745,5027,4074,0.0279994440550513,0.0236534475574624
Madagascar,MDG,450,2005,Exports,784130245.854,408654677.1281784,375475568.7258216,0.4788433690845446,2096,1784,5034,4074,0.0693370282362422,0.029748492468758
Madagascar,MDG,450,2006,Exports,887437457.117,438052580.0813596,449384877.0356403,0.5063848425956099,2035,1717,5031,4074,0.0436686507148086,0.0253306271574213
Madagascar,MDG,450,2007,Exports,1160132624.563,812757515.0690114,347375109.4939885,0.2994270673362351,2039,1732,5019,4074,0.056371442234377,0.0504084630925917
Madagascar,MDG,450,2008,Exports,1666469464.578,1185664375.7764442,480805088.8015559,0.2885171909965419,2186,1857,5015,4072,0.0350966781119664,0.049499274770555
Madagascar,MDG,450,2009,Exports,1071696744.072,680049192.5381725,391647551.53382754,0.3654462455915751,2071,1738,5011,4070,0.0524161192971491,0.055448419557326
Madagascar,MDG,450,2010,Exports,1000301542.494,610105881.5900544,390195660.9039457,0.3900780358001758,2149,1830,5010,4069,0.022875009003995,0.0429961979590176
Madagascar,MDG,450,2011,Exports,1473968351.561,757074786.5646919,716893564.996308,0.4863697135946541,2274,1924,5011,4071,0.0398607363772769,0.0377326127786562
Madagascar,MDG,450,2012,Exports,1198129149.9,497237665.32048726,700891484.5795128,0.5849882582674928,2187,1849,5007,4067,0.0440515750174678,0.0375297449984908
Madagascar,MDG,450,2013,Exports,1623632633.835,673750573.2542121,949882060.580788,0.5850350878555443,2157,1820,5006,4066,0.0064838658200943,0.0480473480430977
Madagascar,MDG,450,2014,Exports,2210632806.727,783014567.0495713,1427618239.6774285,0.645796188011486,2083,1731,5003,4063,-0.0034453984616134,0.0711509215456387
Madagascar,MDG,450,2015,Exports,2112116969.517,685568604.8899435,1426548364.6270566,0.6754116297608651,2175,1835,5002,4062,0.0397799275853443,0.0510885869621265
Madagascar,MDG,450,2016,Exports,2244784594.4370003,745491665.2566636,1499292929.1803367,0.6679005784768246,2259,1907,5003,4064,0.0563133022958152,0.0507961894721742
Madagascar,MDG,450,2017,Exports,2923766434.7479997,823790248.3862122,2099976186.3617873,0.7182434825861133,2091,1745,4994,4055,0.04149577705545,0.0301377896199941
Madagascar,MDG,450,2018,Exports,3122704470.6749997,835175298.7216772,2287529171.9533224,0.732547441948246,2050,1713,4990,4051,0.0286162397010173,0.0474060327270023
Madagascar,MDG,450,2019,Exports,2676922017.092,798517116.3693688,1878404900.7226312,0.7017032579690851,2027,1698,4987,4048,0.0252901243320908,0.0429424619542906
Madagascar,MDG,450,2020,Exports,2015705185.664,675854139.5498538,1339851046.1141462,0.66470585859647,1907,1580,4982,4043,0.04528003674711,0.0357341864504986
Madagascar,MDG,450,2021,Exports,2772019577.85,814122157.3284276,1957897420.5215724,0.7063072123177907,1974,1646,4982,4043,0.045743583953961,0.038949151804778
Madagascar,MDG,450,2022,Exports,3307038282.6290007,969495827.6296008,2337542454.9994,0.7068386438941133,2645,2318,4988,4049,0.0090263301672621,0.0421147205914786
Madagascar,MDG,450,2023,Exports,3279315069.8599997,857145644.154454,2422169425.7055454,0.7386205271849504,2268,1939,4982,4043,0.0121410573365096,0.0445969673192914
Madagascar,MDG,450,2024,Exports,2550850031.788,808288554.0262792,1742561477.761721,0.6831297238357383,2486,2141,4982,4043,0.0392999730216578,0.0566580762477684
Malawi,MWI,454,2000,Exports,379292343.00000006,38653978.1513,340638364.84870005,0.8980892209803982,1090,926,5035,4076,-0.1268851837737118,0.0203162144146081
Malawi,MWI,454,2001,Exports,444615141.94,56664683.44123,387950458.49877,0.8725534105878994,1147,985,5033,4073,-0.1293947706039232,0.0289737836158743
Malawi,MWI,454,2002,Exports,411392307.9870001,76172732.6972449,335219575.28975517,0.8148416214440939,1229,1076,5032,4073,-0.0905776911226049,0.0169809170430432
Malawi,MWI,454,2003,Exports,534385549.5300001,74540834.12211365,459844715.4078865,0.8605111343529529,1261,1085,5035,4074,-0.0692759286124948,0.0224442676555706
Malawi,MWI,454,2004,Exports,485142246.22199994,81477532.51245424,403664713.70954573,0.8320543445825366,1213,1034,5027,4074,-0.0738735915082826,0.022687937536704
Malawi,MWI,454,2005,Exports,507883708.096,87191869.53033319,420691838.5656668,0.8283231611086603,1216,1049,5034,4074,-0.0720808502196915,0.0082801499644764
Malawi,MWI,454,2006,Exports,690600147.525,101725276.39350995,588874871.13149,0.8527001814898577,1248,1065,5031,4074,-0.0660101135879441,0.0346562862417609
Malawi,MWI,454,2007,Exports,877074646.5620002,103078781.06421971,773995865.4977804,0.8824743350314903,1118,938,5019,4074,-0.0340820594227625,0.0715511891393988
Malawi,MWI,454,2008,Exports,878342081.6,95703184.38829972,782638897.2117003,0.891041103013116,1178,979,5015,4072,-0.0534114604507082,0.0463299960678804
Malawi,MWI,454,2009,Exports,1192437517.5530002,110329558.62720196,1082107958.9257982,0.9074756060564002,1404,1214,5011,4070,-0.0829493917256527,0.0307188161049294
Malawi,MWI,454,2010,Exports,1108529151.1969998,97667563.0718874,1010861588.1251124,0.9118944567525128,1449,1239,5010,4069,-0.1037036678730689,0.0326254184216689
Malawi,MWI,454,2011,Exports,1433783070.104,162060126.29245913,1271722943.811541,0.8869702609330546,1387,1177,5011,4071,-0.0503990013966133,0.0481625229295269
Malawi,MWI,454,2012,Exports,1202988592.726,92025042.57731804,1110963550.148682,0.9235029798838016,1422,1203,5007,4067,0.0184721417129678,0.0482849705026107
Malawi,MWI,454,2013,Exports,1200066413.1550002,105241637.09328292,1094824776.0617173,0.9123034892572316,1416,1182,5006,4066,-0.0470416853964081,0.0561645357934693
Malawi,MWI,454,2014,Exports,1351422871.7510002,266290395.4844771,1085132476.2665231,0.8029555359386125,1389,1178,5003,4063,-0.0694795825805739,0.0412524313631913
Malawi,MWI,454,2015,Exports,1040112965.783,173687634.60419697,866425331.1788032,0.8330107975594321,1351,1144,5002,4062,-0.0711294674562312,0.0494119474044212
Malawi,MWI,454,2016,Exports,1019088869.906,200408355.5621517,818680514.3438482,0.8033455555444962,1302,1118,5003,4064,-0.0251561913874066,0.0582196338679338
Malawi,MWI,454,2017,Exports,838652222.6310002,75208944.18046337,763443278.4505367,0.9103216540170612,1320,1112,4994,4055,-0.0595730630565569,0.021417443364643
Malawi,MWI,454,2018,Exports,837388201.7799999,60905562.45916823,776482639.3208317,0.927267231219996,1431,1187,4990,4051,-0.1455591288323553,0.0335569910430535
Malawi,MWI,454,2019,Exports,898136145.8779999,65506897.97225866,832629247.9057412,0.9270635100559054,1397,1156,4987,4048,-0.0797452625995371,0.0297454615636875
Malawi,MWI,454,2020,Exports,770026102.4350001,53294430.39712382,716731672.0378762,0.9307888002385964,1207,967,4982,4043,-0.0596183884605705,0.0356409372957474
Malawi,MWI,454,2021,Exports,1008718762.61,91372696.55906856,917346066.0509312,0.9094170744651888,1497,1226,4982,4043,-0.0832414275106077,0.0378300833213073
Malawi,MWI,454,2022,Exports,898810625.437,108984991.57871088,789825633.8582891,0.8787453235483029,1536,1268,4988,4049,-0.0739096588339009,0.0342700081945445
Malawi,MWI,454,2023,Exports,963761158.511,83599519.61728755,880161638.8937124,0.9132570151027378,1665,1413,4982,4043,-0.1273034598040672,0.0378161456437537
Malawi,MWI,454,2024,Exports,958116143.4270002,80098657.8039594,878017485.6230408,0.9163998453074158,1715,1465,4982,4043,-0.1055391343561418,0.0350943650700752
Malaysia,MYS,458,2000,Exports,97498823450.0,79897072047.7417,17601751402.2583,0.1805329621365631,4244,3606,5035,4076,0.002601723462788,0.0246686222344434
Malaysia,MYS,458,2001,Exports,87160574033.0,71449240089.3497,15711333943.6503,0.1802573482100038,4347,3658,5033,4073,0.0019895075294118,0.0334587793235018
Malaysia,MYS,458,2002,Exports,90957847880.0,74083847009.44794,16874000870.552065,0.18551451319312,4390,3682,5032,4073,0.0019857101152717,0.0200309549485635
Malaysia,MYS,458,2003,Exports,103782026195.0,81736129813.43675,22045896381.563248,0.2124249948651067,4406,3705,5035,4074,7.617492831291095e-05,0.0269917590542804
Malaysia,MYS,458,2004,Exports,125123795350.0,97156224148.5573,27967571201.442703,0.223519204506313,4405,3719,5027,4074,-0.0007795939049195,0.0195595233929379
Malaysia,MYS,458,2005,Exports,139695736467.0,107384691024.91698,32311045442.083023,0.2312958595534215,4360,3659,5034,4074,-0.0030206950269766,0.0275184258477344
Malaysia,MYS,458,2006,Exports,158300001266.0,120422932505.5311,37877068760.4689,0.2392739637242455,4471,3748,5031,4074,-0.0043434109512293,0.0307687386945503
Malaysia,MYS,458,2007,Exports,173793753769.0,127753068939.35944,46040684829.64056,0.2649156476062775,4429,3719,5019,4074,-0.005725888799322,0.0286968785626455
Malaysia,MYS,458,2008,Exports,176090472584.0,111114872578.08282,64975600005.917175,0.3689898667000398,4431,3701,5015,4072,-0.0198736559121102,0.024404382464207
Malaysia,MYS,458,2009,Exports,156538362745.0,112304930215.25232,44233432529.747665,0.2825724745939987,4532,3768,5011,4070,-0.0073443612167836,0.0300670458094904
Malaysia,MYS,458,2010,Exports,197927774716.0,137303697606.0308,60624077109.96921,0.3062939357397247,4497,3741,5010,4069,-0.0092334173253761,0.0308807950869142
Malaysia,MYS,458,2011,Exports,226040308746.0,145619087904.05585,80421220841.94415,0.3557826534926253,4510,3762,5011,4071,-0.0144577931095525,0.0260977979825379
Malaysia,MYS,458,2012,Exports,226207990442.0,144923965101.81683,81284025340.18317,0.3593331304582032,4545,3774,5007,4067,-0.015959910644577,0.0273975108634738
Malaysia,MYS,458,2013,Exports,227173805058.0,144195457887.624,82978347170.376,0.3652637114089395,4549,3790,5006,4066,-0.0155260288056569,0.0280499291594327
Malaysia,MYS,458,2014,Exports,233148357746.0,150055162358.17526,83093195387.82474,0.3563962285265135,4499,3747,5003,4063,-0.0144686030763493,0.0217910196213113
Malaysia,MYS,458,2015,Exports,199505163809.0,138826054817.79526,60679108991.20474,0.3041480622992647,4524,3779,5002,4062,-0.0080033156635472,0.0288057941240698
Malaysia,MYS,458,2016,Exports,188832042446.0,134839368372.28809,53992674073.711914,0.2859296196467933,4514,3753,5003,4064,-0.0057360090634678,0.0267050757406155
Malaysia,MYS,458,2017,Exports,215920013140.643,151715617586.99243,64204395553.65057,0.2973526845417057,4495,3762,4994,4055,-0.006724778522536,0.0221462637085854
Malaysia,MYS,458,2018,Exports,247833415958.984,177256166560.8657,70577249398.11829,0.2847769705510523,4545,3771,4990,4051,-0.0050950278607844,0.031482692133563
Malaysia,MYS,458,2019,Exports,238573246087.287,176225946715.3363,62347299371.95068,0.2613339944628142,4470,3735,4987,4048,-0.0058085533687401,0.023996698417671
Malaysia,MYS,458,2020,Exports,231506182715.24197,177735724135.305,53770458579.93698,0.2322635963726113,4302,3700,4982,4043,-0.0020214211135216,0.0320942144642432
Malaysia,MYS,458,2021,Exports,296232773025.52795,218747447598.25543,77485325427.27249,0.2615690513776987,4292,3729,4982,4043,-0.0049603144620212,0.0295816865813147
Malaysia,MYS,458,2022,Exports,347703049016.277,239775229826.53055,107927819189.7464,0.3104022800349214,4532,3776,4988,4049,-0.0071032289068596,0.0269723085180593
Malaysia,MYS,458,2023,Exports,311861094860.271,222019024734.1539,89842070126.1171,0.2880836103213539,4694,3896,4982,4043,-0.0048227116787287,0.0333903651805377
Malaysia,MYS,458,2024,Exports,328729274734.5,238613061639.5355,90116213094.96452,0.2741350406584487,4703,3912,4982,4043,-0.0031859445935618,0.0411764563754359
Maldives,MDV,462,2000,Exports,76195781.0,46037554.0,30158227.0,0.3957991716103021,58,40,5035,4076,0.1123449659595483,0.0666652681026936
Maldives,MDV,462,2001,Exports,76688389.0,42285145.0,34403244.0,0.4486108581574193,57,35,5033,4073,0.1337882946137081,0.1160190028824597
Maldives,MDV,462,2002,Exports,90756516.0,44741549.0,46014967.0,0.5070155734052197,54,32,5032,4073,0.1982035592084182,0.0694445981421027
Maldives,MDV,462,2003,Exports,112962648.0,49003382.0,63959266.0,0.5661983596560166,40,16,5035,4074,0.2115537415540016,0.4824246771879483
Maldives,MDV,462,2004,Exports,169740927.0,59884441.6864,109856485.3136,0.6472009270551469,501,465,5027,4074,0.1274086308760361,0.0357393329872702
Maldives,MDV,462,2005,Exports,154174629.0,30236901.0,123937728.0,0.8038788794490953,811,763,5034,4074,0.1788262805374589,0.0223135408235115
Maldives,MDV,462,2006,Exports,135603308.0,16052727.0,119550581.0,0.8816199454367293,38,13,5031,4074,0.3674076245710348,-0.1027815544818399
Maldives,MDV,462,2007,Exports,108169833.0,12331778.2576,95838054.7424,0.8859961422183208,34,5,5019,4074,0.3544949748415705,-0.751272060950309
Maldives,MDV,462,2008,Exports,126363404.0,9923257.603387848,116440146.39661217,0.921470478878617,36,9,5015,4072,0.3051161589390129,0.5094594594594595
Maldives,MDV,462,2009,Exports,76665464.0,7633765.0,69031699.0,0.9004275901858495,33,2,5011,4070,0.2718888630030658,0.6400401069518715
Maldives,MDV,462,2010,Exports,74202945.0,5864079.0,68338866.0,0.920972422320974,35,7,5010,4069,0.2866050821648296,-0.3518207282913166
Maldives,MDV,462,2011,Exports,121993060.0,8736716.0,113256344.0,0.92838349984827,55,25,5011,4071,0.3207776097085136,0.3848459838828177
Maldives,MDV,462,2012,Exports,161606758.0,13873763.999999998,147732994.0,0.914151090141911,53,24,5007,4067,0.3188712383904543,0.2554655280003925
Maldives,MDV,462,2013,Exports,166504971.99999997,16621793.000000002,149883178.99999997,0.9001723924496381,52,22,5006,4066,0.3489598010376601,0.3695421501723679
Maldives,MDV,462,2014,Exports,144839923.0,16115951.000000002,128723972.0,0.8887326735184746,54,24,5003,4063,0.3382659526315051,0.388231121717586
Maldives,MDV,462,2015,Exports,144172353.0,14660874.0,129511479.0,0.898310087232883,63,30,5002,4062,0.3331268186952568,0.2323974389533344
Maldives,MDV,462,2016,Exports,139592785.0,15930213.999999998,123662571.0,0.8858808211326968,91,58,5003,4064,0.338454151875868,0.0679067299926807
Maldives,MDV,462,2017,Exports,199345279.35499993,24871821.939,174473457.41599992,0.8752324508537394,102,64,4994,4055,0.2846887138471229,0.0840822460943353
Maldives,MDV,462,2018,Exports,48093828.74800001,40892957.197,7200871.5510000065,0.1497254790990092,86,66,4990,4051,0.0166433825523145,0.0962577223654028
Maldives,MDV,462,2019,Exports,158015478.22,35218206.900000006,122797271.32,0.7771217902402776,102,64,4987,4048,0.2396983930084483,0.2393794918791242
Maldives,MDV,462,2020,Exports,162814788.90199998,35152803.96400001,127661984.93799996,0.7840932988884758,142,83,4982,4043,0.2182823358490088,0.0938453508260053
Maldives,MDV,462,2021,Exports,151293266.49,32491148.6422326,118802117.8477674,0.7852439213189957,497,370,4982,4043,0.2590264182486489,0.0458125381207553
Maldives,MDV,462,2022,Exports,158399891.645,33488027.004438862,124911864.64056116,0.7885855434832557,1252,1186,4988,4049,0.2859563055185854,0.0165495680491671
Maldives,MDV,462,2023,Exports,162055101.627,38847056.130218536,123208045.49678148,0.7602848923594379,570,523,4982,4043,0.2548514178246156,0.09943365943624
Maldives,MDV,462,2024,Exports,92418497.347,31587626.55777088,60830870.78922911,0.6582109916895739,97,46,4982,4043,0.2119078322862685,0.1430934210757651
Mali,MLI,466,2000,Exports,471356627.0,24345382.0766,447011244.9234,0.9483503982291522,577,442,5035,4076,-0.2530928646737718,0.0085110602901411
Mali,MLI,466,2001,Exports,711232507.0,49842345.2092,661390161.7908,0.9299211654154608,578,446,5033,4073,-0.1767777590424688,0.027612502739127
Mali,MLI,466,2002,Exports,850612132.0,36415196.335,814196935.665,0.9571894228108656,480,371,5032,4073,-0.2020831164778647,0.0481322313142899
Mali,MLI,466,2003,Exports,1005141524.0,33005766.407,972135757.593,0.9671630654799216,605,485,5035,4074,-0.1828670193546773,0.0309434854964935
Mali,MLI,466,2004,Exports,981483554.0,53180868.4830919,928302685.516908,0.9458158333205328,649,516,5027,4074,-0.1836131405034228,0.0060170841254792
Mali,MLI,466,2005,Exports,1072875268.0,48280458.234933935,1024594809.765066,0.9549990015848384,520,391,5034,4074,-0.1835523032646625,0.008163089806583
Mali,MLI,466,2006,Exports,1522610736.9999998,42716252.01347831,1479894484.9865215,0.9719453889458036,627,495,5031,4074,-0.1870661920707556,-0.0134800718505925
Mali,MLI,466,2007,Exports,1437891810.0000002,50537556.34295067,1387354253.6570497,0.9648530188492064,701,556,5019,4074,-0.1795429841716733,-0.0104586775889983
Mali,MLI,466,2008,Exports,1913798401.9999995,109546338.40109724,1804252063.5989025,0.9427597294016878,831,681,5015,4072,-0.1607419390489565,0.0009517463174208
Mali,MLI,466,2010,Exports,1991971875.0,115523886.07928257,1876447988.9207177,0.9420052624591988,920,772,5010,4069,-0.1750532429251295,-0.0019567533318932
Mali,MLI,466,2011,Exports,2370664524.0,277034520.5305117,2093630003.4694884,0.8831405634471325,977,798,5011,4071,-0.1148280496093847,0.0323434022734266
Mali,MLI,466,2012,Exports,2607868332.0,325198579.516837,2282669752.483163,0.8753009975517287,1028,851,5007,4067,-0.0873802220738163,0.00906522808573
Mali,MLI,466,2016,Exports,2847593562.0,251953185.3792,2595640376.6208,0.911520664767116,1080,900,5003,4064,-0.0872990086043403,0.0043163840689266
Mali,MLI,466,2017,Exports,1902730073.415,258423186.625661,1644306886.789339,0.8641829494175989,1036,875,4994,4055,-0.0420290662058017,0.0570153140546703
Mali,MLI,466,2018,Exports,3633800926.177999,206209994.11896,3427590932.0590396,0.94325225891341,1232,1027,4990,4051,-0.0977620084445901,0.0551921572250556
Mali,MLI,466,2019,Exports,3643181693.586,226786191.9997624,3416395501.5862374,0.937750512855554,1181,961,4987,4048,-0.1218335709632276,0.0525705812315089
Mali,MLI,466,2020,Exports,3989356278.555,211701772.54752415,3777654506.007476,0.9469333502035056,1152,938,4982,4043,-0.1277561382770325,0.0529190703304651
Mali,MLI,466,2021,Exports,4173796024.699,218472907.2594215,3955323117.439579,0.9476560651343338,1166,940,4982,4043,-0.1121584568027466,0.053747267937592
Mali,MLI,466,2022,Exports,3904338544.024001,214408209.4506895,3689930334.573312,0.9450846264909932,1074,890,4988,4049,-0.0854679943046986,0.0154436500877795
Mali,MLI,466,2023,Exports,4006273816.875,278301967.598209,3727971849.276791,0.93053346318318,1791,1587,4982,4043,-0.070977904866164,0.0443955241359647
Malta,MLT,470,2000,Exports,2440455025.0,2316102832.8952,124352192.10480022,0.0509545108723321,1646,1501,5035,4076,-0.0026368590714311,-0.002757755532765
Malta,MLT,470,2001,Exports,1756753233.0000002,1735504194.9497,21249038.05030036,0.0120956305365742,681,627,5033,4073,0.0001406406265729,0.007288925820855
Malta,MLT,470,2002,Exports,2123803870.0,1951283090.3544,172520779.64559984,0.0812319734804889,1694,1549,5032,4073,-0.0001299208049282,-0.0017960612187976
Malta,MLT,470,2003,Exports,2463464100.0,2278981398.3863,184482701.6136999,0.0748875137306445,1616,1462,5035,4074,-0.0021265065139186,-0.0060482456098299
Malta,MLT,470,2004,Exports,2615539906.0,2456923979.5613003,158615926.43869972,0.060643665223703,1551,1443,5027,4074,0.0020665527441163,0.007601850066812
Malta,MLT,470,2005,Exports,2410027043.0,2299762134.2407,110264908.75929976,0.0457525607770948,1547,1423,5034,4074,0.0055589857853636,0.0019892490257823
Malta,MLT,470,2006,Exports,2827888397.0,2679745276.2317,148143120.76830006,0.0523864806423971,1571,1430,5031,4074,0.0082346411973648,-0.0068298138924687
Malta,MLT,470,2007,Exports,3135830547.9999995,2886837261.2429333,248993286.75706625,0.0794026599797848,1615,1477,5019,4074,0.0143095254423388,0.0022302798041959
Malta,MLT,470,2008,Exports,3003617500.0,2744819909.4144616,258797590.5855384,0.0861619665571726,1636,1443,5015,4072,0.0141643578828289,0.0070736929549575
Malta,MLT,470,2009,Exports,2254430117.0,2178715547.466389,75714569.53361082,0.0335847933199034,1600,1485,5011,4070,-0.000448281297382,0.0062376547282893
Malta,MLT,470,2010,Exports,3690086140.0,2605178859.266017,1084907280.733983,0.2940059498811545,1582,1433,5010,4069,-0.0082210377581574,0.0013523096181226
Malta,MLT,470,2011,Exports,5252206262.0,2879717525.3831306,2372488736.6168694,0.4517127885441125,1598,1486,5011,4071,-0.0281463872526684,-0.0152003297445048
Malta,MLT,470,2012,Exports,5616658090.0,2902888986.537459,2713769103.462541,0.4831643763921084,1754,1587,5007,4067,-0.0184527622618001,-0.0092064681211524
Malta,MLT,470,2013,Exports,5171631440.0,2772675642.7802753,2398955797.2197247,0.4638682831620586,1672,1539,5006,4066,-0.0213740521471818,-0.0013459811787575
Malta,MLT,470,2014,Exports,4934223247.0,2631322650.9560757,2302900596.0439243,0.4667199842334017,1718,1593,5003,4063,-0.0280954366539352,0.0083077509582934
Malta,MLT,470,2015,Exports,3883848488.0,2203837920.4723406,1680010567.5276594,0.4325633640752001,1803,1677,5002,4062,-0.0177911659771474,0.0076673288707035
Malta,MLT,470,2016,Exports,4007600111.000001,2778933802.78506,1228666308.2149403,0.3065840588342424,1894,1748,5003,4064,0.0058546448560539,0.0126122890923051
Malta,MLT,470,2017,Exports,4041613569.868,2265540904.3464336,1776072665.5215664,0.4394464326730705,1963,1796,4994,4055,-0.00779944605554,-0.0043678763160419
Malta,MLT,470,2018,Exports,3831883770.239,2428723647.147017,1403160123.0919833,0.3661802411622903,2006,1819,4990,4051,-0.0165003954179614,0.0069824097341091
Malta,MLT,470,2019,Exports,4103680484.657001,2682591898.426817,1421088586.2301836,0.3462961094420982,2082,1932,4987,4048,-0.0080179710761874,0.010759073913656
Malta,MLT,470,2020,Exports,2682381500.74,2495876666.281654,186504834.4583459,0.0695295707962845,2026,1909,4982,4043,0.0005957080256964,0.002414381042769
Malta,MLT,470,2021,Exports,3049398276.313,2586502564.2597923,462895712.0532079,0.1517990338123004,2102,1904,4982,4043,0.0017370758171525,-0.0012652714109434
Malta,MLT,470,2022,Exports,3226489866.254,2735328948.281732,491160917.9722681,0.1522276338473403,2190,1979,4988,4049,0.0088413644402857,0.013128650745259
Malta,MLT,470,2023,Exports,3423580865.688,2983331482.919737,440249382.76826334,0.1285932478419174,2431,2278,4982,4043,0.0064936630618213,0.0084574886888947
Malta,MLT,470,2024,Exports,3728337137.952,3041039157.788473,687297980.1635265,0.1843443751819782,2523,2330,4982,4043,0.0077188152919441,0.0115132261834177
Mauritania,MRT,478,2000,Exports,227959366.0,856387.0,227102979.0,0.9962432471408084,11,3,5035,4076,0.0094582871772392,0.709090909090909
Mauritania,MRT,478,2001,Exports,286948059.0,904915.0,286043144.0,0.9968464153298212,10,1,5033,4073,-0.0141610250701642,
Mauritania,MRT,478,2002,Exports,272366671.0,605721.0,271760950.0,0.997776082522226,9,1,5032,4073,-0.0171699636427703,
Mauritania,MRT,478,2003,Exports,281322620.0,1170078.0,280152542.0,0.995840796591472,9,1,5035,4074,0.0433015188718844,
Mauritania,MRT,478,2004,Exports,403528943.0,1138806.0,402390137.0,0.9971778827274852,15,3,5027,4074,0.0353307827165347,0.4892857142857142
Mauritania,MRT,478,2005,Exports,519318813.0,5919169.0,513399644.0,0.9886020516649374,15,4,5034,4074,-0.2174180717635023,-0.1878464462024147
Mauritania,MRT,478,2007,Exports,1280987411.0,7370451.0,1273616960.0,0.9942462736661508,13,2,5019,4074,-0.1093027965824,-1.7087912087912085
Mauritania,MRT,478,2008,Exports,1538098687.0,4022290.0,1534076397.0,0.9973848947183972,32,5,5015,4072,-0.1321934959160691,0.0655425219941349
Mauritania,MRT,478,2009,Exports,779374777.0,2800306.3811,776574470.6189,0.9964069835671624,34,7,5011,4070,-0.0015981615606275,0.0235912374513853
Mauritania,MRT,478,2010,Exports,1412365808.0,4966669.379900001,1407399138.6201,0.9964834398059148,83,10,5010,4069,-0.1323357271272779,-0.2564363666952371
Mauritania,MRT,478,2011,Exports,1059688974.0,7313699.046632038,1052375274.953368,0.9930982588041612,86,10,5011,4071,-0.1581733831695574,-0.1794389958359957
Mauritania,MRT,478,2012,Exports,2623807382.0,5712182.464191673,2618095199.5358086,0.99782294138534,96,14,5007,4067,-0.1589634670417332,-0.2823379821480743
Mauritania,MRT,478,2013,Exports,2462517243.0000005,6074353.483488125,2456442889.5165124,0.9975332747412206,76,18,5006,4066,-0.149427190260312,-0.6414343563963351
Mauritania,MRT,478,2014,Exports,2139810562.0,8273659.707810503,2131536902.2921896,0.9961334615994804,80,24,5003,4063,-0.1212289856412989,-0.2572869402148433
Mauritania,MRT,478,2015,Exports,1831727139.2,3379040.4870016677,1828348098.7129984,0.998155270828996,77,15,5002,4062,-0.0830609978863126,-0.2221922814028077
Mauritania,MRT,478,2016,Exports,1547214199.0000002,8893718.099207485,1538320480.9007928,0.9942517861425032,122,66,5003,4064,-0.0587262796098067,0.0459323704194601
Mauritania,MRT,478,2017,Exports,1989430771.147,17459750.80105695,1971971020.345943,0.9912237454782152,98,44,4994,4055,-0.1805421417595526,0.087018761267567
Mauritania,MRT,478,2018,Exports,2051854542.97,24520877.37928085,2027333665.590719,0.9880494075648328,115,64,4990,4051,-0.1381925443122372,-0.0356907550300143
Mauritania,MRT,478,2019,Exports,2264863618.99,41575641.92624912,2223287977.063751,0.9816432028941374,115,58,4987,4048,-0.2026052505999293,-0.021434737807396
Mauritania,MRT,478,2020,Exports,2828725411.2590003,75520029.86111453,2753205381.397886,0.9733024529137656,310,239,4982,4043,-0.1586426191706667,0.0314852082053175
Mauritania,MRT,478,2021,Exports,3266988807.7699995,43969834.33267144,3223018973.437328,0.9865411738699268,349,271,4982,4043,-0.1343936128467017,0.044227638060142
Mauritania,MRT,478,2022,Exports,3778018558.8849993,51655773.06169495,3726362785.823304,0.9863272844596772,341,249,4988,4049,-0.1234839251542578,0.0021814969654934
Mauritania,MRT,478,2023,Exports,4065189554.416,174194749.23997557,3890994805.176024,0.9571496613114268,355,274,4982,4043,-0.0949907381638206,-0.0263150108293957
Mauritania,MRT,478,2024,Exports,4149547480.407,40080103.93428877,4109467376.472711,0.990341090414428,333,251,4982,4043,-0.1459848002786459,-0.0068226187617738
Mauritius,MUS,480,2000,Exports,1490666284.0,1209457393.1191,281208890.88090014,0.1886464421307728,2313,2029,5035,4076,-0.0092059325531173,-0.013627123274312
Mauritius,MUS,480,2001,Exports,1588613434.0,1234807372.8930998,353806061.1069002,0.222713753726761,2366,2119,5033,4073,-0.0169612599355898,-0.0070011535330694
Mauritius,MUS,480,2002,Exports,1755596065.0,1317431494.0215397,438164570.9784603,0.2495816547518066,2535,2237,5032,4073,-0.0080090526292976,-0.0160013015534629
Mauritius,MUS,480,2003,Exports,1880800566.0,1411387256.332168,469413309.6678319,0.2495816505766789,2535,2237,5035,4074,-0.0068318740147671,-0.0155989687758512
Mauritius,MUS,480,2004,Exports,1924734903.0,1418894972.1112752,505839930.8887248,0.2628101823790353,2630,2332,5027,4074,-0.0078920888642097,-0.0139539606267508
Mauritius,MUS,480,2005,Exports,1996259307.0,1480545769.267199,515713537.73280096,0.2583399540953529,2640,2351,5034,4074,-0.005654759741799,-0.0168584128810867
Mauritius,MUS,480,2006,Exports,2173731292.0,1628042009.7571762,545689282.2428238,0.2510380580392472,2666,2356,5031,4074,-0.0058973989767002,-0.010741915090186
Mauritius,MUS,480,2007,Exports,2050469911.0,1556446235.6982076,494023675.3017924,0.2409319310912787,2633,2322,5019,4074,-0.0038322739933086,-0.0216517942877843
Mauritius,MUS,480,2008,Exports,2087134561.0,1587328385.8904889,499806175.10951114,0.2394700296036692,2769,2438,5015,4072,-0.00278244264144,-0.0158432378675498
Mauritius,MUS,480,2009,Exports,1765792113.0,1353502108.7220912,412290004.2779088,0.2334872838328895,2760,2429,5011,4070,-0.0066809525901448,-0.0117484995057407
Mauritius,MUS,480,2010,Exports,1849522355.0,1357871738.0457716,491650616.9542284,0.2658257228549305,2743,2375,5010,4069,-0.0081890424237349,-0.0064627319841334
Mauritius,MUS,480,2011,Exports,2255420883.0,1713210387.8306007,542210495.1693993,0.2404032432510731,2809,2423,5011,4071,-0.0108484935797659,-0.0200547440590405
Mauritius,MUS,480,2012,Exports,2257596400.0,1730791092.498067,526805307.5019331,0.2333478683355151,2838,2464,5007,4067,-0.0105249921397833,-0.013155121836673
Mauritius,MUS,480,2013,Exports,2341187846.0,1721883194.9311342,619304651.0688658,0.2645258269758102,2881,2500,5006,4066,-0.0124995065759643,-0.0238606698497053
Mauritius,MUS,480,2014,Exports,2662981209.0,2023340892.969522,639640316.030478,0.24019708207805,2769,2439,5003,4063,-0.0059666503774297,-0.0138609001608834
Mauritius,MUS,480,2015,Exports,2481092769.0,1871085940.65236,610006828.3476398,0.2458621604034185,2754,2422,5002,4062,0.0017632990371975,-0.0124044946015219
Mauritius,MUS,480,2016,Exports,2197276402.0360003,1554861792.8807783,642414609.1552219,0.2923685925721313,2667,2349,5003,4064,0.0002603307671353,-0.0111249633918215
Mauritius,MUS,480,2017,Exports,2102621814.366,1456563468.7293675,646058345.6366324,0.3072632183412581,2660,2356,4994,4055,-0.0023886208876765,0.0034612859276916
Mauritius,MUS,480,2018,Exports,1987672862.825,1440246301.3666162,547426561.4583838,0.2754107940480448,2526,2257,4990,4051,0.0015419100911981,-0.004355670423482
Mauritius,MUS,480,2019,Exports,1876368427.091,1311932817.9055882,564435609.1854119,0.3008127833724405,2599,2319,4987,4048,-0.0004481348405579,-0.012229667297479
Mauritius,MUS,480,2020,Exports,1543610037.469,1071202963.7403466,472407073.7286533,0.3060404261838318,2494,2225,4982,4043,-0.0010471455553682,-0.011139394177469
Mauritius,MUS,480,2021,Exports,1671760288.2600002,1189734641.2598436,482025647.00015664,0.2883341890492314,2447,2163,4982,4043,0.0012482368916796,-0.0148023241173105
Mauritius,MUS,480,2022,Exports,1880596453.986,1295612194.5356233,584984259.4503767,0.3110631513797013,2651,2394,4988,4049,-0.0004835022818758,-0.0075854620674353
Mauritius,MUS,480,2023,Exports,1853492650.429,1201686641.1267302,651806009.3022697,0.3516636600373926,2687,2413,4982,4043,0.0034618437732031,-0.007169661077455
Mauritius,MUS,480,2024,Exports,1719829164.413,1127445774.7271516,592383389.6858482,0.3444431586250233,2617,2324,4982,4043,0.0055429337970634,-0.0031855004574709
Mexico,MEX,484,2000,Exports,166208326274.0,142508986863.5772,23699339410.42279,0.1425881599418409,4449,3768,5035,4076,-0.0048465840484626,0.024928993522829
Mexico,MEX,484,2001,Exports,158280574207.0,138560322090.2201,19720252116.779907,0.1245904762197139,4466,3785,5033,4073,-0.0027304556191561,0.0322725666200697
Mexico,MEX,484,2002,Exports,160206047840.0,139061665294.17783,21144382545.822178,0.1319824240776438,4424,3761,5032,4073,-0.0036842787139681,0.0309139029163607
Mexico,MEX,484,2003,Exports,164827061070.0,138537267905.8214,26289793164.17859,0.1594992532992725,4383,3709,5035,4074,-0.0048044498149921,0.0315863885084433
Mexico,MEX,484,2004,Exports,187809391666.0,155057158042.4572,32752233623.542786,0.1743908189734692,4355,3691,5027,4074,-0.0059003246693053,0.0252045054701532
Mexico,MEX,484,2005,Exports,213695368674.0,170845374658.1752,42849994015.8248,0.2005190579548497,4615,3875,5034,4074,-0.0086056535131899,0.0266243862339792
Mexico,MEX,484,2006,Exports,249263652753.0,195924421879.6568,53339230873.3432,0.2139871990329775,4587,3847,5031,4074,-0.0085815810536518,0.030305665963539
Mexico,MEX,484,2007,Exports,262049631417.0,202329928117.271,59719703299.72901,0.2278946281160645,4559,3827,5019,4074,-0.0069906592261868,0.0305680311098649
Mexico,MEX,484,2008,Exports,289945100020.0,220061117768.75485,69883982251.24515,0.241024877628298,4620,3867,5015,4072,-0.0080913481903364,0.0344404953443073
Mexico,MEX,484,2009,Exports,228425664794.0,178789019922.04773,49636644871.95227,0.2172988964121691,4595,3843,5011,4070,-0.0031861616830584,0.0400340903387748
Mexico,MEX,484,2010,Exports,296814798851.0,230623781842.70227,66191017008.29773,0.2230044366538657,4617,3852,5010,4069,-0.0036216797337095,0.0402439835358223
Mexico,MEX,484,2011,Exports,347011228338.0,256482369394.79807,90528858943.20192,0.2608816417174373,4595,3844,5011,4071,-0.006732117674133,0.039660463333967
Mexico,MEX,484,2012,Exports,366362774799.0,278989089197.9154,87373685601.0846,0.2384895289894585,4664,3901,5007,4067,-0.0049018676785757,0.0426377333916422
Mexico,MEX,484,2013,Exports,376568191037.0,295499268838.96875,81068922198.03125,0.2152835107362155,4655,3893,5006,4066,-0.0038707922421938,0.0442826196228924
Mexico,MEX,484,2014,Exports,351493733390.0,297384823046.7477,54108910343.25232,0.1539399004966491,3266,3005,5003,4063,-0.0081005098310874,0.0167877929945886
Mexico,MEX,484,2015,Exports,351028354316.0,304069344733.1233,46959009582.87671,0.1337755454951187,3428,2996,5002,4062,0.0027943992435589,0.0296184199513179
Mexico,MEX,484,2016,Exports,343184523192.0,298924405008.12305,44260118183.87695,0.1289688642489129,3397,2965,5003,4064,0.0047442401691366,0.0326328432049737
Mexico,MEX,484,2017,Exports,377312513535.0,326067847997.32666,51244665537.67334,0.1358149112457671,3386,2949,4994,4055,0.0034335206269033,0.0317011613652825
Mexico,MEX,484,2018,Exports,415063958317.0,356052002720.31824,59011955596.68176,0.1421755717744399,3356,2946,4990,4051,0.0031936826717254,0.0289721238234094
Mexico,MEX,484,2019,Exports,424805809909.99994,368785245340.4815,56020564569.51843,0.1318733483927327,3368,2951,4987,4048,0.0032429812468873,0.0237342639263069
Mexico,MEX,484,2020,Exports,383701820488.0,332972913508.0142,50728906979.98578,0.1322091902390968,3339,2921,4982,4043,0.0047235331209851,0.0308811151696607
Mexico,MEX,484,2021,Exports,425507885684.00006,363410589978.7936,62097295705.20648,0.1459368857650796,3049,2640,4982,4043,0.0035099351081177,0.0363470976272179
Mexico,MEX,484,2022,Exports,485470164760.0,410403590617.411,75066574142.58899,0.154626544722268,3432,3004,4988,4049,0.0019793341375546,0.0282653435718289
Mexico,MEX,484,2023,Exports,521426061713.0,449833336231.5912,71592725481.40881,0.1373017782160923,3440,3010,4982,4043,0.002125333008891,0.0265301439514957
Mexico,MEX,484,2024,Exports,547592557142.99994,478519104243.3518,69073452899.64813,0.1261402332786091,3455,3025,4982,4043,0.0022355342001808,0.0319306193034291
Mongolia,MNG,496,2000,Exports,535600168.0,120443539.31,415156628.69,0.7751241569625498,642,494,5035,4076,0.0372149749263243,-0.0250345704370665
Mongolia,MNG,496,2001,Exports,523109184.0,154407637.4085,368701546.5915,0.7048271333571159,682,516,5033,4073,-0.0316768138818451,-0.0037390887899164
Mongolia,MNG,496,2002,Exports,480352369.0,147268447.14478776,333083921.8552122,0.6934157992155384,645,495,5032,4073,-0.0455289680282476,0.0024584379622794
Mongolia,MNG,496,2003,Exports,615866776.0,183136995.2086611,432729780.7913389,0.7026353712435673,747,604,5035,4074,-0.0711052515901388,0.044110768084095
Mongolia,MNG,496,2004,Exports,856003289.0,177878681.2838497,678124607.7161503,0.7921986006716737,855,692,5027,4074,-0.0542160095851238,0.0106295989624635
Mongolia,MNG,496,2005,Exports,1064384766.0,158432991.1521559,905951774.847844,0.8511506400570225,914,744,5034,4074,-0.0775622114610902,0.0260039726132053
Mongolia,MNG,496,2006,Exports,1542317123.0,164881758.45534888,1377435364.544651,0.8930947753892317,1316,1148,5031,4074,-0.1293892894572653,0.0154432362642006
Mongolia,MNG,496,2007,Exports,1886552014.9999995,101107786.52413674,1785444228.4758627,0.94640604355447,1078,900,5019,4074,-0.2156717045319994,0.0215286082354893
Mongolia,MNG,496,2013,Exports,4269055863.0,151520970.94939584,4117534892.050604,0.9645071472915988,1131,1001,5006,4066,-0.2022432088080358,0.0450417382990526
Mongolia,MNG,496,2014,Exports,5774330660.999998,177032411.96816975,5597298249.031828,0.969341483478968,1295,1161,5003,4063,-0.1928256476475734,0.0361573850669291
Mongolia,MNG,496,2015,Exports,4669258341.000001,161701772.8550695,4507556568.144932,0.9653688528143342,1194,1044,5002,4062,-0.21459423726784,0.0275414713722806
Mongolia,MNG,496,2016,Exports,4916326497.0,241586725.751866,4674739771.248134,0.950860316966482,1326,1156,5003,4064,-0.0995480016119005,0.0268870469910204
Mongolia,MNG,496,2017,Exports,6200592951.84,144875350.66917235,6055717601.170828,0.9766352425010932,1324,1166,4994,4055,-0.2490439959226371,0.0299847009263235
Mongolia,MNG,496,2018,Exports,7011757684.815,221774274.591137,6789983410.223863,0.9683710868857572,1375,1211,4990,4051,-0.2837625161143328,0.0251561698686337
Mongolia,MNG,496,2019,Exports,7619753899.961,265183191.0152872,7354570708.945712,0.9651979323089892,1317,1183,4987,4048,-0.1708285969072925,0.0124572597268474
Mongolia,MNG,496,2020,Exports,7576310834.790001,169724588.4699267,7406586246.320074,0.9775979903450422,1171,1048,4982,4043,-0.3105327721119573,0.0356883711630078
Mongolia,MNG,496,2021,Exports,9241123149.94,155821535.88089734,9085301614.0591,0.9831382470125496,1030,911,4982,4043,-0.2729176005882607,0.0295723892167972
Mongolia,MNG,496,2022,Exports,12555893511.545,187222425.40957215,12368671086.135427,0.9850888807524988,1343,1181,4988,4049,-0.1749347273273849,0.0236290800851977
Mongolia,MNG,496,2023,Exports,15184462711.084003,405605673.37127537,14778857037.712729,0.9732881115987594,1414,1270,4982,4043,-0.2103388988271634,0.0096416687199968
Montenegro,MNE,499,2006,Exports,555837306.0,176452317.9468,379384988.0532,0.6825468243277647,1435,1237,5031,4074,-0.060766103002134,0.0515118683231619
Montenegro,MNE,499,2007,Exports,623472453.0,200705223.9001,422767229.0999,0.678084856942188,1525,1335,5019,4074,-0.0763264900770921,0.054495580727674
Montenegro,MNE,499,2008,Exports,611467722.0,262257283.46999,349210438.53001,0.5711019992810185,1630,1432,5015,4072,-0.0575374831141967,0.0341229253603461
Montenegro,MNE,499,2009,Exports,387540302.0,164674551.8153394,222865750.1846606,0.5750776087919254,1766,1574,5011,4070,-0.0586555828189332,0.0388280394912651
Montenegro,MNE,499,2010,Exports,436575412.0,143117823.4530894,293457588.54691064,0.6721807515511448,1721,1522,5010,4069,-0.0717755488055736,0.0378350635478766
Montenegro,MNE,499,2011,Exports,627531819.0,176078116.8855,451453702.1145,0.7194116512432973,1756,1560,5011,4071,-0.0623763674576531,0.0351342214443295
Montenegro,MNE,499,2012,Exports,468788350.0,141619604.0953,327168745.90470004,0.6979028935012997,1877,1627,5007,4067,-0.0520397191809346,0.0367555765628588
Montenegro,MNE,499,2013,Exports,494375716.0,133737572.36495352,360638143.6350465,0.729481914186591,1839,1583,5006,4066,-0.0589560306176972,0.0228031387067125
Montenegro,MNE,499,2014,Exports,440658732.0,121679938.87817426,318978793.12182575,0.7238680864761027,1891,1644,5003,4063,-0.0432720774170433,0.0349812473846345
Montenegro,MNE,499,2015,Exports,353079501.0,133821831.894,219257669.106,0.6209866856756434,1795,1570,5002,4062,-0.0341140704995254,0.0474537355452197
Montenegro,MNE,499,2016,Exports,337215075.297,128469010.6669118,208746064.63008815,0.6190294560414786,1641,1528,5003,4064,-0.0488978715375744,0.019339818395864
Montenegro,MNE,499,2017,Exports,420739719.3,151636947.7772922,269102771.5227078,0.6395944076076865,1856,1612,4994,4055,-0.0216187940590211,0.0319323637705661
Montenegro,MNE,499,2018,Exports,453023913.5910001,163735643.65650046,289288269.9344996,0.6385717425850402,1881,1707,4990,4051,-0.0630818067060248,0.0225529682536843
Montenegro,MNE,499,2019,Exports,463202279.041,171394073.42952007,291808205.61147994,0.6299800731024701,1932,1690,4987,4048,-0.0455377074340161,0.0309291261851578
Montenegro,MNE,499,2020,Exports,409505430.897,160675853.57373083,248829577.32326913,0.6076343768584976,1968,1702,4982,4043,-0.0382962379466201,0.0341068440726653
Montenegro,MNE,499,2021,Exports,515916303.75,175720757.35171133,340195546.39828867,0.6594006506976737,1961,1720,4982,4043,-0.062739745502914,0.0390395295088075
Montenegro,MNE,499,2022,Exports,736364127.1509999,203382229.93748173,532981897.21351814,0.7238020940477239,2144,1891,4988,4049,-0.0605527181949659,0.025090672416585
Montenegro,MNE,499,2023,Exports,722519250.68,247155273.3804595,475363977.29954046,0.657925691048579,2045,1795,4982,4043,-0.0278921883905435,0.0358546143738041
Montenegro,MNE,499,2024,Exports,660673118.52,293416266.1422032,367256852.3777968,0.555882844454915,2061,1784,4982,4043,-0.0179223330329644,0.0240143062096022
Montserrat,MSR,500,2000,Exports,1011514.0,1004931.0,6583.0,0.0065080661266181,146,138,5035,4076,-0.0045953073815416,0.0153742392632252
Montserrat,MSR,500,2001,Exports,551896.0,363992.0,187904.0,0.3404699436125646,200,193,5033,4073,-0.1000250405899146,-0.0155916473671866
Montserrat,MSR,500,2002,Exports,1089958.0,554578.0,535380.0,0.491193238638553,166,160,5032,4073,-0.1377501812323579,-0.0573859080393688
Montserrat,MSR,500,2003,Exports,1628623.0,903802.0,724821.0,0.4450514330204105,263,247,5035,4074,-0.1086522651344159,-0.006097661197579
Montserrat,MSR,500,2004,Exports,4097899.0,3560088.0,537811.0,0.1312406674737469,186,177,5027,4074,-0.0598628692563015,-0.0386636728046654
Montserrat,MSR,500,2005,Exports,1230237.0,764731.0,465506.0,0.3783872538380816,112,102,5034,4074,-0.059009539512049,-0.047744572043352
Montserrat,MSR,500,2006,Exports,1178840.0,409633.0,769207.0,0.6525117912524176,127,109,5031,4074,0.015610628776599,-0.0185693672205079
Montserrat,MSR,500,2007,Exports,2506130.0,588849.0,1917281.0,0.7650365304273921,119,113,5019,4074,0.1860797480260334,0.034242480371534
Montserrat,MSR,500,2008,Exports,3179105.0,1676954.0,1502151.0,0.472507513907216,143,135,5015,4072,0.0448254276524153,0.0204516439946812
Montserrat,MSR,500,2009,Exports,2765396.0,1678099.0,1087297.0,0.3931794940037521,105,97,5011,4070,0.0866200503097142,0.0555597717369212
Montserrat,MSR,500,2010,Exports,987656.0,363696.0,623960.0000000001,0.6317584260106758,57,54,5010,4069,0.2966409947859111,0.0241435834766126
Montserrat,MSR,500,2012,Exports,1728314.0,562424.0000000001,1165890.0,0.6745822807661108,175,167,5007,4067,0.2820539891206819,-0.0039299062983253
Montserrat,MSR,500,2013,Exports,5938841.0,4817473.0,1121368.0,0.1888193336039809,160,143,5006,4066,0.0416516223683264,-0.0358800338342456
Montserrat,MSR,500,2014,Exports,3321115.0,1306907.0,2014208.0,0.6064854724994467,179,161,5003,4063,0.1156262720102652,0.033451900808173
Montserrat,MSR,500,2015,Exports,3278810.8180000004,538387.998,2740422.8200000003,0.8357977852688663,350,333,5002,4062,0.2817050942329471,0.0351817790487246
Montserrat,MSR,500,2016,Exports,3973886.18,1255144.8839999998,2718741.296,0.6841517780964729,298,286,5003,4064,0.1554907994285962,0.0008055117784109
Montserrat,MSR,500,2017,Exports,5870073.151,2253148.9450000003,3616924.2059999993,0.6161633957464118,227,209,4994,4055,0.0946596627562467,-0.0216977671703655
Montserrat,MSR,500,2018,Exports,5727222.489999999,1117273.832,4609948.658,0.8049187308593629,258,249,4990,4051,0.256756560010007,-0.0170701806376699
Montserrat,MSR,500,2019,Exports,5568883.416999999,582936.2779999999,4985947.1389999995,0.8953225926367063,213,205,4987,4048,0.2423721511694918,0.0103577878001775
Montserrat,MSR,500,2020,Exports,5702988.499,941561.6198926,4761426.8791074,0.8349003123436599,237,210,4982,4043,0.2732355302313866,-0.0476954740252066
Montserrat,MSR,500,2021,Exports,8427212.589000002,3156943.7029999997,5270268.886000002,0.6253869628113164,316,293,4982,4043,0.1617705422664292,-0.0023183877034501
Montserrat,MSR,500,2022,Exports,6539644.144000001,357058.4419999999,6182585.702000001,0.9454009370941698,244,227,4988,4049,0.3138066164415783,-0.0199842929238132
Montserrat,MSR,500,2023,Exports,5711700.193,267428.07562909997,5444272.1173709,0.9531789017993544,167,159,4982,4043,0.3264596507993974,0.0538761073441881
Montserrat,MSR,500,2024,Exports,6145994.407000001,500278.291,5645716.116,0.9186009199048072,142,132,4982,4043,0.1058754044952917,0.0829360270662043
Morocco,MAR,504,2000,Exports,7421502210.422,5103389525.346006,2318112685.0759935,0.3123508717440887,2582,2199,5035,4076,0.0186479728484506,0.0275713133888495
Morocco,MAR,504,2001,Exports,7133185731.616999,4991658789.203417,2141526942.4135816,0.3002202694542942,2725,2317,5033,4073,0.018636536526718,0.0331162390589201
Morocco,MAR,504,2002,Exports,7790653657.787999,5464300428.248232,2326353229.5397673,0.2986082210462798,2792,2395,5032,4073,0.0184026201519845,0.0205819329671426
Morocco,MAR,504,2003,Exports,8738073608.149,6349906299.46653,2388167308.6824703,0.2733059271159378,2769,2337,5035,4074,0.024772660132796,0.0245630605115945
Morocco,MAR,504,2004,Exports,9869830573.327,7127052348.249463,2742778225.0775366,0.2778951679768277,2812,2400,5027,4074,0.0134317955702982,0.0244587800005008
Morocco,MAR,504,2005,Exports,11197098130.372002,7699215672.357578,3497882458.0144234,0.3123918730806205,2841,2423,5034,4074,0.0132165283415093,0.0168362856085237
Morocco,MAR,504,2006,Exports,12730236464.92,8988129052.54895,3742107412.37105,0.293954273566164,2924,2501,5031,4074,0.013330099169461,0.0248517673026016
Morocco,MAR,504,2007,Exports,15320731954.021,10660100624.488792,4660631329.5322075,0.3042042210201975,3010,2567,5019,4074,0.0248481495645567,0.0268298157834118
Morocco,MAR,504,2008,Exports,20090932752.61,13400681390.88516,6690251361.724842,0.3329985443734918,3041,2594,5015,4072,0.0178613574480261,0.0368886048796246
Morocco,MAR,504,2009,Exports,14026342099.073,9869305246.314535,4157036852.758463,0.2963735536603803,3035,2593,5011,4070,0.0244125858557685,0.0405975703469602
Morocco,MAR,504,2010,Exports,17738234353.0,12257030619.6154,5481203733.3846,0.3090050353550315,3068,2608,5010,4069,0.0176364832870723,0.0386909899878727
Morocco,MAR,504,2011,Exports,21649564082.0,14752306052.4253,6897258029.574699,0.3185864622239325,3021,2581,5011,4071,0.0142975720279304,0.031849354834071
Morocco,MAR,504,2012,Exports,21394007798.0,14631882511.5294,6762125286.4706,0.31607566708949,3042,2598,5007,4067,0.0142875176824119,0.0406690430469694
Morocco,MAR,504,2013,Exports,21956016178.0,15081393893.29617,6874622284.703831,0.3131088185110842,3009,2572,5006,4066,0.0172504890728135,0.0348495590662507
Morocco,MAR,504,2014,Exports,23812982993.0,17200454912.58633,6612528080.41367,0.2776858355947035,3178,2728,5003,4063,0.0209517778187543,0.0355342461078476
Morocco,MAR,504,2015,Exports,22333749342.948997,16293537935.119308,6040211407.829691,0.2704521894232081,3335,2834,5002,4062,0.0311313846321855,0.0437690070530303
Morocco,MAR,504,2016,Exports,22856461162.0,17204421449.91288,5652039712.08712,0.2472841124453647,3389,2888,5003,4064,0.0303101816152865,0.0409798621436203
Morocco,MAR,504,2017,Exports,25605585052.877,19052343361.0578,6553241691.819199,0.2559301682928306,3458,2959,4994,4055,0.0253866545034322,0.0387270507514019
Morocco,MAR,504,2018,Exports,29277400798.258,22177965582.723934,7099435215.534061,0.2424885755553982,3490,2960,4990,4051,0.0268622948907356,0.0439640215075129
Morocco,MAR,504,2019,Exports,29582399076.022003,22352173930.62756,7230225145.3944435,0.2444096953331583,3491,2980,4987,4048,0.0281906869281773,0.0488912424468671
Morocco,MAR,504,2020,Exports,27702724584.428997,20635979142.81089,7066745441.618107,0.2550920729865735,3363,2857,4982,4043,0.025177512002166,0.0462153260595645
Morocco,MAR,504,2021,Exports,36585224951.184006,27665686507.049725,8919538444.134281,0.2438016564346864,3425,2895,4982,4043,0.0279516279821466,0.0389195190973885
Morocco,MAR,504,2022,Exports,42121975437.759,32380763595.68671,9741211842.072289,0.2312619895158114,3667,3134,4988,4049,0.0234559381855927,0.0421873814181575
Morocco,MAR,504,2023,Exports,42437361401.799,33180857015.605415,9256504386.193588,0.2181215815599974,3749,3186,4982,4043,0.0162491839319658,0.0396620572595752
Morocco,MAR,504,2024,Exports,80525530850.75201,69201745794.35423,11323785056.39778,0.1406235381097401,3733,3181,4982,4043,0.0105820483280656,0.0336221823827445
Mozambique,MOZ,508,2000,Exports,356888833.0,24313007.0,332575826.0,0.9318751253839316,868,732,5035,4076,-0.0711086857599818,0.1022257145725141
Mozambique,MOZ,508,2001,Exports,679660654.0,46418211.0,633242443.0,0.9317038426061368,1087,922,5033,4073,-0.1281623009580418,0.0805981815813793
Mozambique,MOZ,508,2002,Exports,778111728.0,58292220.32225571,719819507.6777443,0.9250850254216246,1391,1187,5032,4073,-0.1760677383712144,0.0589600083185398
Mozambique,MOZ,508,2003,Exports,1035462765.0000002,96980545.681,938482219.3190002,0.9063408661720443,1716,1451,5035,4074,-0.1206677200563237,0.0512669774262636
Mozambique,MOZ,508,2004,Exports,1492655888.0,995640001.6474,497015886.3526,0.332974190734978,1363,1144,5027,4074,0.0150280696300183,0.067353214755266
Mozambique,MOZ,508,2005,Exports,1745248133.0,114686752.56045537,1630561380.439545,0.9342862768955872,1293,1084,5034,4074,-0.1318429567672766,0.0577048992357862
Mozambique,MOZ,508,2006,Exports,2343531048.0,132514284.2949,2211016763.7051,0.943455289654477,1689,1404,5031,4074,-0.1816008179442101,0.0382598680563942
Mozambique,MOZ,508,2007,Exports,2394347694.0,138754085.8824,2255593608.1176,0.9420493163001749,1427,1165,5019,4074,-0.1498823661741182,0.0659150819529596
Mozambique,MOZ,508,2008,Exports,2454300247.0,161868747.08020002,2292431499.9198,0.9340468847370816,1541,1265,5015,4072,-0.1045910362782672,0.0663327348666039
Mozambique,MOZ,508,2009,Exports,1279420907.0,258009919.6011,1021410987.3989,0.7983385153474751,1450,1187,5011,4070,-0.0243411386731366,0.0527735595893426
Mozambique,MOZ,508,2010,Exports,2159414274.0,83440740.05579999,2075973533.9442,0.961359549642488,1072,855,5010,4069,-0.1461158416666728,0.0761868576336969
Mozambique,MOZ,508,2011,Exports,3604118000.0,1627457980.4,1976660019.6,0.5484448676763635,996,771,5011,4071,-0.0349717206384768,0.036271040104465
Mozambique,MOZ,508,2012,Exports,3469830716.0,1519080133.9545002,1950750582.0455,0.5622033873440124,914,705,5007,4067,-0.0535730763795476,0.0616121374139978
Mozambique,MOZ,508,2013,Exports,4022606987.0,1679982303.6321342,2342624683.3678656,0.5823647925185353,1328,1062,5006,4066,-0.0473877941998367,0.0420916950830884
Mozambique,MOZ,508,2014,Exports,4725256363.0,1763342361.1350002,2961914001.865,0.6268260966870635,1419,1152,5003,4063,-0.092622486496214,0.0428616354671306
Mozambique,MOZ,508,2015,Exports,3230725281.51,1136161493.8099802,2094563787.7000196,0.6483261822624075,1355,1103,5002,4062,-0.0801907971531717,0.0783587341203116
Mozambique,MOZ,508,2016,Exports,3352109244.8500004,1066281397.664505,2285827847.1854954,0.6819073246784298,1466,1122,5003,4064,-0.1396135286122529,0.0701226969872345
Mozambique,MOZ,508,2017,Exports,4648066193.176001,717087999.7371771,3930978193.438824,0.845723367539395,1569,1239,4994,4055,-0.1565958049293667,0.0723650729873253
Mozambique,MOZ,508,2018,Exports,5878654169.897,1981795282.0454257,3896858887.851575,0.6628828257675603,1817,1482,4990,4051,-0.0944050401276681,0.0584053092827466
Mozambique,MOZ,508,2019,Exports,4752618569.736,445556185.64400005,4307062384.092,0.9062503798471776,1933,1521,4987,4048,-0.1464764984592542,0.0685676005053231
Mozambique,MOZ,508,2020,Exports,3693817004.5549994,438411168.48734045,3255405836.067659,0.8813121581424533,1863,1403,4982,4043,-0.1376098615843279,0.0274715986614027
Mozambique,MOZ,508,2021,Exports,5670290474.224,580470042.3776977,5089820431.846302,0.8976295755893992,2061,1597,4982,4043,-0.1408514452419056,0.0574007274475488
Mozambique,MOZ,508,2022,Exports,8272462457.012001,550517982.2263696,7721944474.785631,0.9334517400245518,2106,1647,4988,4049,-0.1367643290241141,0.0542479784446374
Mozambique,MOZ,508,2023,Exports,8220792999.999999,558872508.4328823,7661920491.567117,0.9320172021807528,1541,1218,4982,4043,-0.1482919054423676,0.0765122460535833
Mozambique,MOZ,508,2024,Exports,8191933249.9,499863601.6280755,7692069648.271924,0.9389809967465034,2344,1875,4982,4043,-0.1418900941916632,0.0768889549542483
Namibia,NAM,516,2000,Exports,1310065019.0,293343817.6596,1016721201.3404,0.7760845351908446,3038,2463,5035,4076,-0.0510183566664786,0.0220260855794474
Namibia,NAM,516,2001,Exports,1356210095.0,340049454.3679,1016160640.6321,0.749264914321479,3226,2620,5033,4073,-0.0072356301182709,0.0391434584899224
Namibia,NAM,516,2002,Exports,1264623795.0,289642980.6904,974980814.3096,0.7709651029534835,3420,2775,5032,4073,-0.0125194177464039,0.0173743763602361
Namibia,NAM,516,2003,Exports,1278728856.0,563525964.7638,715202891.2362,0.5593076967649192,3376,2755,5035,4074,0.0034215407553969,0.0232086168130626
Namibia,NAM,516,2004,Exports,2525071279.0,768258308.5667216,1756812970.4332786,0.6957478725626417,3667,2963,5027,4074,-0.0848949041099687,0.0374774071738704
Namibia,NAM,516,2005,Exports,2712606345.0,978300654.4270228,1734305690.5729773,0.6393503037290055,3616,2941,5034,4074,-0.0605398953414684,0.0333850205640572
Namibia,NAM,516,2006,Exports,3364160906.0,789600733.7807972,2574560172.219203,0.7652904376920439,3521,2872,5031,4074,-0.0135068397793403,0.0261118834199012
Namibia,NAM,516,2007,Exports,4020694197.0,1052146544.0080472,2968547652.991953,0.738317192888458,3547,2920,5019,4074,0.0295421152747988,0.0360355191872209
Namibia,NAM,516,2008,Exports,4706235132.0,1502694512.3078637,3203540619.6921363,0.6807013525333006,3671,2983,5015,4072,0.0511550428652161,0.0359184804167415
Namibia,NAM,516,2009,Exports,5830951346.0,2265850087.685627,3565101258.314373,0.6114098792403769,3746,3051,5011,4070,0.0229576153127142,0.0253769962995644
Namibia,NAM,516,2010,Exports,5831842900.0,1663691913.2995417,4168150986.7004585,0.7147227828617363,3763,3038,5010,4069,0.0318743700073289,0.0259498116360407
Namibia,NAM,516,2011,Exports,5894859705.0,1640501882.3479471,4254357822.652053,0.7217063739521267,3668,3012,5011,4071,0.0306045474035288,0.0395683006836788
Namibia,NAM,516,2012,Exports,5368938594.0,1313530168.466271,4055408425.533729,0.7553463975292635,3636,2988,5007,4067,-0.0154767997375981,0.0259120846355669
Namibia,NAM,516,2013,Exports,6330060209.0,2153970309.777106,4176089899.222894,0.6597235668130584,3623,2986,5006,4066,0.0246800671239327,0.0320812005007604
Namibia,NAM,516,2014,Exports,5974928288.0,1922707146.649797,4052221141.350203,0.6782041467323805,3620,2989,5003,4063,0.0105697041330617,0.0363607289803976
Namibia,NAM,516,2015,Exports,4622207509.0,805929489.2799468,3816278019.720053,0.8256396997082662,3432,2839,5002,4062,-0.0538354241540378,0.0399018228124339
Namibia,NAM,516,2016,Exports,4808953091.0,941211370.0252078,3867741720.974793,0.8042793613880964,3255,2713,5003,4064,-0.1002096762118009,0.0402913025754852
Namibia,NAM,516,2017,Exports,5174518446.055,803410145.3116452,4371108300.743355,0.8447372149336607,3325,2745,4994,4055,-0.0761895625784666,0.0459034444524504
Namibia,NAM,516,2018,Exports,7401898694.611,1574744200.761326,5827154493.849674,0.7872513167590596,3257,2724,4990,4051,-0.0080371921012436,0.0563072122879749
Namibia,NAM,516,2019,Exports,4723612507.721,491321959.06072897,4232290548.66027,0.8959859729692822,3178,2635,4987,4048,-0.0575655793724617,0.0440032841963706
Namibia,NAM,516,2020,Exports,3845088636.1830006,405054923.49850297,3440033712.684498,0.8946565445366174,2921,2386,4982,4043,-0.1279889310818245,0.0405160402257123
Namibia,NAM,516,2021,Exports,4389900746.657,483896603.505706,3906004143.1512938,0.8897704910813296,3052,2507,4982,4043,-0.0790703284037825,0.0444836682374303
Namibia,NAM,516,2022,Exports,5783133309.676001,681712804.6331027,5101420505.042898,0.8821205100887956,3308,2758,4988,4049,-0.0794528412565405,0.0410322677577523
Namibia,NAM,516,2023,Exports,5484158173.948,682230671.123539,4801927502.824461,0.8755997457614526,3476,2921,4982,4043,-0.0021458018578822,0.0544915893334609
Namibia,NAM,516,2024,Exports,6533083288.871,1064255484.4661008,5468827804.4049,0.8370975177556603,3315,2762,4982,4043,-0.0333113966256767,0.0613908002553747
Netherlands,NLD,528,2000,Exports,179751088906.0,135073942533.2607,44677146372.7393,0.2485500735748144,4716,3839,5035,4076,0.0007654275825272,0.0327968562414228
Netherlands,NLD,528,2001,Exports,169145032892.0,129355502118.7628,39789530773.23721,0.2352391323169569,4753,3881,5033,4073,0.00129235040342,0.0339149175670917
Netherlands,NLD,528,2002,Exports,174926621710.0,134144167500.57307,40782454209.426926,0.2331403522846147,4766,3887,5032,4073,0.0018945635877729,0.0324005005821561
Netherlands,NLD,528,2003,Exports,226628049159.0,174971485249.26147,51656563909.738525,0.2279354391542981,4835,3957,5035,4074,0.0019191892459479,0.0267294616322039
Netherlands,NLD,528,2004,Exports,274790214231.0,213227675491.30765,61562538739.69235,0.2240346837385567,4862,3970,5027,4074,0.0026872073519993,0.0272520266083617
Netherlands,NLD,528,2005,Exports,300960561989.0,229091192086.6337,71869369902.3663,0.2387999591288412,4864,3985,5034,4074,0.0005034807975334,0.0250468676424876
Netherlands,NLD,528,2006,Exports,344943389955.0,257455100765.60196,87488289189.39804,0.253630861576479,4866,3976,5031,4074,-0.0015949695122935,0.0254379954595056
Netherlands,NLD,528,2007,Exports,388425074681.0,310455605294.98865,77969469386.01135,0.2007323277212341,4528,3962,5019,4074,-0.010261920366318,0.0136578879143629
Netherlands,NLD,528,2008,Exports,423236167614.0,324385764848.51904,98850402765.48096,0.2335584960112259,4517,3958,5015,4072,-0.0128862950039456,0.0142011775270289
Netherlands,NLD,528,2009,Exports,326676839514.0,264416672132.9872,62260167381.01282,0.1905864140036306,4536,3960,5011,4070,-0.0099363209189916,0.0177666663287943
Netherlands,NLD,528,2010,Exports,386384332357.0,300527567047.69836,85856765309.30164,0.2222056075244123,4534,3968,5010,4069,-0.0106111111739306,0.0152848065998507
Netherlands,NLD,528,2011,Exports,530318190438.726,365778237766.14246,164539952672.58356,0.3102664695255155,4882,3980,5011,4071,-0.004212497070956,0.0270064085989063
Netherlands,NLD,528,2012,Exports,478248211112.5,344156986342.99646,134091224769.50354,0.2803799818876077,4855,3983,5007,4067,-0.0137734831847154,0.0245093539844769
Netherlands,NLD,528,2013,Exports,528428530346.635,355660245188.6992,172768285157.9358,0.3269473074146932,4894,3998,5006,4066,-0.0064353885533909,0.0275754548657227
Netherlands,NLD,528,2014,Exports,534744261395.541,371984618657.2344,162759642738.30664,0.3043691246233238,4892,3999,5003,4063,-0.0028435755223832,0.0294117672999931
Netherlands,NLD,528,2015,Exports,401148089567.25,313521806285.2711,87626283281.97888,0.2184387401084428,4796,3989,5002,4062,-0.0110973272291111,0.0436175749836174
Netherlands,NLD,528,2016,Exports,408964711683.808,321204553382.61017,87760158301.19781,0.2145910289909066,4853,3999,5003,4064,-0.0076358625282321,0.0419539759613735
Netherlands,NLD,528,2017,Exports,466641983826.169,362664708203.3401,103977275622.82892,0.2228202331266489,4862,3988,4994,4055,-0.0065601270039606,0.0486239814381352
Netherlands,NLD,528,2018,Exports,515319820101.44104,400939820635.2013,114379999466.23976,0.221959247450882,4856,3986,4990,4051,-0.0075280418751566,0.0544358328872787
Netherlands,NLD,528,2019,Exports,509717060702.229,399645741560.9564,110071319141.27258,0.2159459190744549,4861,3989,4987,4048,-0.0075517412208182,0.0576941828738044
Netherlands,NLD,528,2020,Exports,489489513058.78406,398450503185.16425,91039009873.6198,0.1859876615225599,4851,3979,4982,4043,-0.0032219002290629,0.0609528123030582
Netherlands,NLD,528,2021,Exports,618394360596.206,488680899075.6216,129713461520.58447,0.2097584806490234,4873,4008,4982,4043,-0.0055206795126937,0.0554396099750879
Netherlands,NLD,528,2022,Exports,689260509875.88,475791938220.00574,213468571655.87427,0.3097066618459181,4928,4011,4988,4049,-0.0063116026249144,0.0241373771349459
Netherlands,NLD,528,2023,Exports,685472541454.567,476159893123.1128,209312648331.45425,0.3053552632280419,4924,4008,4982,4043,-0.0063552779411039,0.0246830638950561
Netherlands,NLD,528,2024,Exports,678012277815.2141,477326697754.4571,200685580060.75696,0.2959910707036664,4921,4009,4982,4043,-0.0047261836404366,0.0226943036589787
New Zealand,NZL,554,2000,Exports,13152180333.0,4992984186.9674,8159196146.0326,0.6203683297711822,3891,3313,5035,4076,-0.0039719781713303,0.0422571024774137
New Zealand,NZL,554,2001,Exports,13603413254.0,5027042151.171499,8576371102.828501,0.6304572935257018,3943,3344,5033,4073,-0.0069091905163961,0.0476193240312338
New Zealand,NZL,554,2002,Exports,14239457510.0,5454614045.085582,8784843464.914417,0.6169366676184855,3996,3369,5032,4073,-0.0076557893636923,0.0455880296795278
New Zealand,NZL,554,2003,Exports,16376002861.0,6478179539.230977,9897823321.769024,0.6044102096086599,3984,3365,5035,4074,-0.0004902755263043,0.0450931454236486
New Zealand,NZL,554,2004,Exports,20151508538.0,7915237205.823824,12236271332.176176,0.607213663885364,4082,3434,5027,4074,0.0060307374884499,0.0506196706614153
New Zealand,NZL,554,2005,Exports,21424660661.0,8429213946.14662,12995446714.85338,0.6065648796253473,4128,3466,5034,4074,0.0052193402102167,0.0505528124463617
New Zealand,NZL,554,2006,Exports,22051537728.0,8662661947.515612,13388875780.484388,0.6071629083482839,4103,3447,5031,4074,0.0048141326368582,0.0453884181647876
New Zealand,NZL,554,2007,Exports,26478193834.0,9951779091.15327,16526414742.84673,0.6241518906635378,4206,3525,5019,4074,0.0036541046086293,0.0628722765198893
New Zealand,NZL,554,2008,Exports,29723700981.0,10380606491.510689,19343094489.48931,0.6507633252620127,4229,3557,5015,4072,0.0055482785293421,0.0686019470751863
New Zealand,NZL,554,2009,Exports,24164629044.999996,8671001355.345476,15493627689.65452,0.6411696890029591,4229,3551,5011,4070,0.0105546153331644,0.0606959849600682
New Zealand,NZL,554,2010,Exports,23245300176.671,10068403736.95805,13176896439.712952,0.5668628212827853,4108,3555,5010,4069,-0.0151183978483232,0.0473273349873683
New Zealand,NZL,554,2011,Exports,33509342062.345997,11579373797.044191,21929968265.301804,0.6544434153466778,4184,3524,5011,4071,-0.0072601693550637,0.0565819747418633
New Zealand,NZL,554,2012,Exports,19960586521.145,11956989593.383812,8003596927.7611885,0.4009700275732217,4014,3552,5007,4067,-0.0173270557649471,0.0378778073676857
New Zealand,NZL,554,2013,Exports,20016422321.677,11815278725.320032,8201143596.356966,0.4097207515188891,4012,3576,5006,4066,-0.0200648897044561,0.0366545116210716
New Zealand,NZL,554,2014,Exports,19811154611.340996,11773449085.50118,8037705525.839815,0.4057161575650209,3990,3551,5003,4063,-0.0176236893023198,0.0340008732394706
New Zealand,NZL,554,2015,Exports,17391876026.457,11103355971.964066,6288520054.492935,0.3615780175138475,4040,3573,5002,4062,-0.0075501341343946,0.0415115478668807
New Zealand,NZL,554,2016,Exports,17081267902.195,10798677110.261942,6282590791.933058,0.3678058811504106,4014,3563,5003,4064,-0.0046219736082152,0.0449466120313619
New Zealand,NZL,554,2017,Exports,18178527369.916,11224283460.227625,6954243909.688377,0.3825526550185298,3952,3545,4994,4055,-0.0075705462992917,0.0385065625952419
New Zealand,NZL,554,2018,Exports,38489883293.317,11507490715.911516,26982392577.405487,0.7010255752604592,4264,3560,4990,4051,-0.0036134193062152,0.0559466866327528
New Zealand,NZL,554,2019,Exports,38324678488.454,11444675288.8725,26880003199.5815,0.7013758303981489,4230,3520,4987,4048,0.0006715266546613,0.0581546163186829
New Zealand,NZL,554,2020,Exports,38073025412.022,12033711886.119688,26039313525.902313,0.6839307684143245,4153,3468,4982,4043,0.0144353236896165,0.0670593811662062
New Zealand,NZL,554,2021,Exports,44105707099.79199,12775782770.667835,31329924329.124157,0.7103371964593651,4104,3434,4982,4043,0.0048642704202743,0.0651572494442913
New Zealand,NZL,554,2022,Exports,44404530271.775,12875073104.191904,31529457167.5831,0.7100504604960155,4218,3546,4988,4049,-0.01276035113709,0.0577230924710227
New Zealand,NZL,554,2023,Exports,41014155192.102005,12635077379.000076,28379077813.10193,0.6919337404410763,4237,3562,4982,4043,-0.0100141392618294,0.0517112989651831
New Zealand,NZL,554,2024,Exports,42045166653.341,12797098100.327637,29248068553.013367,0.6956345016815209,4252,3565,4982,4043,-0.0093530204774056,0.057684259416073
Nicaragua,NIC,558,2000,Exports,629213301.0,73022132.9584,556191168.0416,0.8839469336672525,1141,875,5035,4076,-0.1153688682145317,0.0293803263181779
Nicaragua,NIC,558,2001,Exports,524316685.0,81140523.0838,443176161.9162,0.8452452012207088,1519,1238,5033,4073,-0.1074445547901381,0.0239452145008264
Nicaragua,NIC,558,2002,Exports,557547926.0,85387441.1722,472160484.8278,0.8468518360658381,1561,1269,5032,4073,-0.0448162477953058,0.0367415802585688
Nicaragua,NIC,558,2003,Exports,604565720.0,100782062.752,503783657.248,0.8332984166684145,1695,1387,5035,4074,-0.0369463939690287,0.018804506092435
Nicaragua,NIC,558,2004,Exports,759263480.0000001,115444633.899694,643818846.1003062,0.8479518152253366,1657,1357,5027,4074,-0.0476127477388087,0.0454786647240497
Nicaragua,NIC,558,2005,Exports,865505610.0,140405549.14200002,725100060.858,0.8377762691312886,1651,1378,5034,4074,-0.0383231703785623,0.0583448082309637
Nicaragua,NIC,558,2006,Exports,758183273.0,106678850.9801,651504422.0199,0.8592967495075561,1698,1405,5031,4074,-0.0990376005018268,0.0455166205458892
Nicaragua,NIC,558,2007,Exports,1193958471.0,221652199.7281416,972306271.2718585,0.8143551847808436,2016,1708,5019,4074,-0.0699362041315828,0.0758487031534754
Nicaragua,NIC,558,2008,Exports,2227127402.0,1023558538.1179096,1203568863.8820903,0.5404131181724333,2174,1820,5015,4072,0.0062362063757891,0.042066573065202
Nicaragua,NIC,558,2009,Exports,1392256742.0000002,261092359.3150568,1131164382.6849434,0.8124682384802151,2145,1812,5011,4070,-0.0578998493818516,0.0564031999820927
Nicaragua,NIC,558,2010,Exports,1846998363.0,236504766.93414864,1610493596.0658517,0.8719518264488313,2211,1859,5010,4069,-0.0821228791178857,0.0533949144622443
Nicaragua,NIC,558,2011,Exports,2280118349.0,231843766.82857507,2048274582.1714249,0.8983194153363768,2176,1817,5011,4071,-0.1016133573919964,0.0604171114110062
Nicaragua,NIC,558,2012,Exports,4549842109.0,2010810412.3368456,2539031696.6631546,0.5580483093337942,502,284,5007,4067,-0.0384362403156351,-0.0701184362258497
Nicaragua,NIC,558,2013,Exports,4594148553.0,2292471388.0542173,2301677164.9457827,0.5010019023966426,489,277,5006,4066,-0.0259773550567915,-0.1022575447898067
Nicaragua,NIC,558,2014,Exports,4972802433.0,2432473749.6708665,2540328683.3291335,0.51084448207137,2291,1959,5003,4063,-0.0083092539662203,0.041889893531625
Nicaragua,NIC,558,2015,Exports,4666648229.0,2339315856.5410004,2327332372.4589996,0.4987160502041345,2189,1874,5002,4062,0.0045040040361679,0.0490779707906685
Nicaragua,NIC,558,2016,Exports,4591374610.599999,2440965656.4301715,2150408954.169828,0.4683584191116161,2239,1915,5003,4064,0.0018748421916179,0.0601181678539095
Nicaragua,NIC,558,2017,Exports,4925071802.85,2432056053.6864767,2493015749.1635237,0.506188711344449,2318,1983,4994,4055,-0.0016792495502528,0.0508981310121686
Nicaragua,NIC,558,2018,Exports,5013406621.25,2575098564.753935,2438308056.496065,0.486357529062368,2447,2105,4990,4051,-0.0051252977202709,0.0461392174415982
Nicaragua,NIC,558,2019,Exports,5272298402.6,2637243711.1574264,2635054691.442574,0.4997924036589267,2446,2092,4987,4048,-0.012814026833649,0.0446798756312675
Nicaragua,NIC,558,2020,Exports,5087083406.27,2251248928.652935,2835834477.6170654,0.5574578301825767,2252,1912,4982,4043,-0.0278955068759806,0.038953454768279
Nicaragua,NIC,558,2021,Exports,6494984866.92,3005212126.53419,3489772740.38581,0.5373026745850914,2220,1895,4982,4043,-0.0237119946421761,0.0508844455299781
Nicaragua,NIC,558,2022,Exports,7359828800.95,3551532338.50924,3808296462.44076,0.5174436206925341,2728,2385,4988,4049,-0.0247080719325279,0.0471761180640782
Nicaragua,NIC,558,2023,Exports,7378486427.039999,3447681141.8725486,3930805285.1674504,0.5327387024474554,2668,2354,4982,4043,-0.0158642865644468,0.0454217070518523
Nicaragua,NIC,558,2024,Exports,7521851616.500001,3392867487.5301094,4128984128.969891,0.5489318773468643,2650,2310,4982,4043,-0.0173421125202677,0.0413706796898167
Niger,NER,562,2000,Exports,224038009.99999997,36650528.899,187387481.10099995,0.8364093267075527,1033,818,5035,4076,0.1887116906122674,0.0787260152467473
Niger,NER,562,2001,Exports,211268922.0,47588964.0845,163679957.9155,0.7747469735065907,780,584,5033,4073,0.2017163501994762,0.0439130167636762
Niger,NER,562,2002,Exports,192500577.0,34506275.66588578,157994301.33411422,0.820747157210413,877,696,5032,4073,0.1451318394915425,0.0797754278659831
Niger,NER,562,2003,Exports,222771513.0,29351508.540124305,193420004.4598757,0.8682438874483728,778,621,5035,4074,0.1523677619409875,0.1083515724856986
Niger,NER,562,2004,Exports,392230376.0,73199238.73344716,319031137.2665528,0.8133769253673326,699,548,5027,4074,0.1531738923175378,0.0842706637674226
Niger,NER,562,2005,Exports,478133464.0,114432306.23517552,363701157.7648245,0.7606686943058738,763,606,5034,4074,0.1873435262260251,0.0485045969409646
Niger,NER,562,2006,Exports,468345700.0,114165261.68449251,354180438.3155075,0.7562371946950884,1010,832,5031,4074,0.1441371320915121,0.0690361768133771
Niger,NER,562,2007,Exports,625802067.0,96759531.97876616,529042535.02123386,0.8453831697255066,671,542,5019,4074,0.1214529758649699,0.0652054404927607
Niger,NER,562,2008,Exports,1024360302.0,91057473.4066,933302828.5934,0.9111079634491732,651,516,5015,4072,0.0997789208531763,0.046263315882821
Niger,NER,562,2009,Exports,628011877.0,45728396.05410526,582283480.9458947,0.9271854598155868,694,542,5011,4070,0.099498963409724,0.0242350250035321
Niger,NER,562,2010,Exports,478624848.0,77072276.83159447,401552571.16840553,0.8389714258387302,669,525,5010,4069,0.1479372818263767,0.0230031653380871
Niger,NER,562,2011,Exports,990325549.0000002,165820819.18229723,824504729.817703,0.8325592838135522,575,456,5011,4071,0.0968879309957287,0.0445279057650338
Niger,NER,562,2012,Exports,630734798.0000001,157113995.8453426,473620802.1546575,0.7509032380272403,634,486,5007,4067,-0.0268000473983455,0.0567588271498599
Niger,NER,562,2013,Exports,1337151358.0,124915676.8200113,1212235681.1799886,0.9065807501352352,532,390,5006,4066,0.0408573921230703,0.0046250788223016
Niger,NER,562,2014,Exports,1022624773.0,164108733.52535063,858516039.4746494,0.8395220438050638,660,523,5003,4063,0.0993504316584942,0.0378304476523956
Niger,NER,562,2015,Exports,789633029.0,107642516.69954014,681990512.3004599,0.8636803264981712,843,691,5002,4062,0.1607751012473078,0.0144821331756809
Niger,NER,562,2016,Exports,664403846.648,84000275.51930574,580403571.1286943,0.8735704557655746,1098,899,5003,4064,0.0760700809047972,-0.0172928217825775
Niger,NER,562,2017,Exports,870777712.462,118548437.02978846,752229275.4322115,0.8638591280722957,944,754,4994,4055,0.0517031981393244,-0.0227436485222554
Niger,NER,562,2018,Exports,888562905.8470001,91846983.57316622,796715922.2738339,0.8966342360582614,878,688,4990,4051,-0.0235680252315629,0.003306976561978
Niger,NER,562,2019,Exports,695923142.195,45622612.29122767,650300529.9037724,0.9344430303792886,657,506,4987,4048,0.0081068715456612,-0.0157134049549068
Niger,NER,562,2020,Exports,706390476.3379999,84864974.65017557,621525501.6878244,0.8798611002088756,689,526,4982,4043,0.023633652633485,-0.0219887298780063
Niger,NER,562,2021,Exports,737116422.267,50989421.4352466,686127000.8317534,0.9308258235809904,584,464,4982,4043,0.0218452537158324,-0.0093870413493105
Niger,NER,562,2022,Exports,423111547.095,50713639.64984986,372397907.44515014,0.8801412062657243,650,517,4988,4049,0.0140867746256106,-0.0133302054202303
Niger,NER,562,2023,Exports,467426222.437,33291086.19790452,434135136.23909545,0.9287778806581792,450,329,4982,4043,0.0706302750670434,-0.0134405586180368
Niger,NER,562,2024,Exports,1007786657.4239998,70099247.22331318,937687410.2006866,0.9304423741801724,516,400,4982,4043,-0.1221728526159477,-0.018529981425285
Nigeria,NGA,566,2000,Exports,27078711326.0,57535965.0,27021175361.0,0.9978752325283384,296,211,5035,4076,-0.3742280063127913,-0.0850673052212049
Nigeria,NGA,566,2001,Exports,18046388927.0,55589759.0,17990799168.0,0.9969196186990724,206,156,5033,4073,-0.4991627831950082,-0.017712957515091
Nigeria,NGA,566,2002,Exports,18607363075.0,1048619747.0,17558743328.0,0.9436449032152828,242,197,5032,4073,-0.1639278838213846,-0.0790236669316145
Nigeria,NGA,566,2003,Exports,24077145677.0,495694116.0,23581451561.0,0.9794122558109736,326,269,5035,4074,-0.2380003499662033,-0.0562014686889049
Nigeria,NGA,566,2006,Exports,59214988078.0,801076635.3816,58413911442.6184,0.98647172512597,381,291,5031,4074,-0.2358595524524607,-0.1036807510733947
Nigeria,NGA,566,2007,Exports,53259854031.00001,1379051578.980402,51880802452.01961,0.9741071093026706,848,590,5019,4074,-0.2627443093026889,-0.0537046181550043
Nigeria,NGA,566,2008,Exports,81619293688.0,4742468426.8938,76876825261.1062,0.9418952527937514,975,743,5015,4072,-0.1442762169086179,-0.0497003036186815
Nigeria,NGA,566,2009,Exports,49846692934.99999,2020225149.0764,47826467785.92359,0.959471230083192,910,724,5011,4070,-0.2568761051938107,-0.0305301578584623
Nigeria,NGA,566,2010,Exports,86455231592.99998,6264404636.3725,80190826956.62749,0.9275416360473931,989,774,5010,4069,-0.1677049058412072,-0.0117374692076765
Nigeria,NGA,566,2011,Exports,125536710136.0,3611180336.877,121925529799.123,0.9712340690387312,1672,1396,5011,4071,-0.2359989715977208,0.0358439130160692
Nigeria,NGA,566,2012,Exports,143103496292.0,4629713311.891306,138473782980.1087,0.9676477973504962,1078,824,5007,4067,-0.2315076613499658,-0.007834303756809
Nigeria,NGA,566,2013,Exports,90460480604.0,3590780286.494883,86869700317.50511,0.9603055360471288,1363,973,5006,4066,-0.1973516301442471,0.0294916217419822
Nigeria,NGA,566,2014,Exports,102874964178.99998,6983508065.875704,95891456113.12428,0.932116544373959,1107,838,5003,4063,-0.1852172603786347,0.0254890818064293
Nigeria,NGA,566,2015,Exports,48352584755.04001,4378420842.019198,43974163913.02081,0.9094480498984532,1125,846,5002,4062,-0.1382916790112647,-0.0186859469235526
Nigeria,NGA,566,2016,Exports,32794399588.000004,461040050.5544126,32333359537.44559,0.9859415004895192,332,195,5003,4064,-0.1368610318194254,-0.0680533760955257
Nigeria,NGA,566,2017,Exports,44311031458.27901,890204280.6921517,43420827177.58685,0.9799100979734512,390,241,4994,4055,-0.2128781413887006,-0.1465199556782963
Nigeria,NGA,566,2018,Exports,62363892624.97601,2282623145.823396,60081269479.15262,0.9633983215327834,562,343,4990,4051,-0.2091468848687877,-0.0568936438375094
Nigeria,NGA,566,2019,Exports,53607509217.68999,5892450293.927575,47715058923.76241,0.8900816251320418,514,297,4987,4048,-0.16541952493868,-0.036898338304828
Nigeria,NGA,566,2020,Exports,34874406604.08,2818494423.3190517,32055912180.76095,0.9191815804834564,418,227,4982,4043,-0.1929583810552295,0.0255755774449582
Nigeria,NGA,566,2021,Exports,47177649799.245,3113082739.725319,44064567059.51968,0.9340136112550664,730,459,4982,4043,-0.1083433738493261,-0.0396743620717458
Nigeria,NGA,566,2022,Exports,63406638500.55601,3349545237.2671824,60057093263.288826,0.9471735875536468,739,485,4988,4049,-0.068176389224231,0.007794174015235
Nigeria,NGA,566,2023,Exports,65122276922.944,1970032918.42438,63152244004.51962,0.9697487094814664,831,630,4982,4043,-0.1511163537676489,0.0204446523012917
Nigeria,NGA,566,2024,Exports,52351681082.402,1950066215.425573,50401614866.976425,0.962750647637157,880,664,4982,4043,-0.1055658717378198,0.0802769086349919
North Macedonia,MKD,807,2000,Exports,1318110270.97,1001180173.077384,316930097.89261603,0.2404427799954752,2513,2178,5035,4076,-0.010531844935845,0.0050345430417785
North Macedonia,MKD,807,2001,Exports,1155317241.14,875736509.2148468,279580731.925153,0.241994771625912,2413,2063,5033,4073,-0.0053325089834835,0.0080932947489233
North Macedonia,MKD,807,2002,Exports,1111560885.48,849638330.619921,261922554.86007905,0.2356349150833733,2394,2060,5032,4073,0.0009792831448856,0.0039997809552644
North Macedonia,MKD,807,2003,Exports,1364384569.13,1009263764.6444094,355120804.4855907,0.26027911229752,2463,2094,5035,4074,-0.0018217567129131,0.0033368331538163
North Macedonia,MKD,807,2004,Exports,1672392311.25,1273156369.4447896,399235941.8052103,0.2387214645269497,2528,2150,5027,4074,-0.0037679504239257,0.0123162700892036
North Macedonia,MKD,807,2005,Exports,2038906395.79,1425641106.4503512,613265289.3396487,0.3007814829586776,2605,2234,5034,4074,-0.0103370703383567,0.0092376060283594
North Macedonia,MKD,807,2006,Exports,2413296161.69,1574590631.1472917,838705530.5427084,0.3475352689225569,2643,2267,5031,4074,-0.0150478607198318,0.0069481008365531
North Macedonia,MKD,807,2007,Exports,3396885648.54,2164700629.857938,1232185018.682062,0.3627396227516996,2876,2483,5019,4074,-0.0131657465030408,0.0147884581782253
North Macedonia,MKD,807,2008,Exports,3989640597.38,2574270385.3902435,1415370211.9897566,0.3547613318651387,2991,2576,5015,4072,-0.0073326377410024,0.0103456544617174
North Macedonia,MKD,807,2009,Exports,2707653247.5299997,1864596708.5896935,843056538.9403062,0.3113605997035872,2997,2562,5011,4070,-0.006835945962941,0.0272538306497251
North Macedonia,MKD,807,2010,Exports,3349831545.7699995,2163789202.7125373,1186042343.0574622,0.354060294331856,2952,2541,5010,4069,-0.0092755698239236,0.0265842218317237
North Macedonia,MKD,807,2011,Exports,4477205700.0,2906707824.3449397,1570497875.6550603,0.3507763504489106,3077,2659,5011,4071,-0.003219525067265,0.0235168018798481
North Macedonia,MKD,807,2012,Exports,4013952288.0,2681637154.6758537,1332315133.3241465,0.3319210189187346,3057,2648,5007,4067,-0.0017480075503636,0.0199043457305709
North Macedonia,MKD,807,2013,Exports,4296580932.0,3089098883.4161816,1207482048.5838184,0.2810332372865957,3034,2610,5006,4066,0.0086608443020805,0.0155727510118838
North Macedonia,MKD,807,2014,Exports,4960799185.0,3855118476.802621,1105680708.197379,0.2228835852780803,3045,2616,5003,4063,0.0113049325002051,0.016459909652231
North Macedonia,MKD,807,2015,Exports,4528853604.799999,3633904884.875284,894948719.9247155,0.1976104325775038,3143,2683,5002,4062,0.0147380597633824,0.0284139504108462
North Macedonia,MKD,807,2016,Exports,4850276510.289999,4110770115.902355,739506394.3876438,0.1524668527286558,3143,2694,5003,4064,0.0146600968903964,0.0190167882522163
North Macedonia,MKD,807,2017,Exports,5679278262.950001,4863143122.219364,816135140.7306366,0.1437040241635756,3293,2821,4994,4055,0.010260650346112,0.0196379204954366
North Macedonia,MKD,807,2018,Exports,6901774856.389999,5937305451.240477,964469405.1495228,0.1397422293856152,3278,2802,4990,4051,0.0100931374453068,0.0166667507768043
North Macedonia,MKD,807,2019,Exports,7189840814.657,6070581092.468702,1119259722.1882973,0.1556723926219071,3289,2825,4987,4048,0.0122015304683337,0.0217965724465236
North Macedonia,MKD,807,2020,Exports,6629676552.616001,5626866137.808391,1002810414.8076104,0.1512608355549279,3275,2829,4982,4043,0.0110551504950486,0.0190717209138463
North Macedonia,MKD,807,2021,Exports,8180692890.268001,6886560027.066278,1294132863.201722,0.1581935516417272,3261,2805,4982,4043,0.0110301444806021,0.0208801590366303
North Macedonia,MKD,807,2022,Exports,8722476648.05,7331945984.778219,1390530663.27178,0.1594192474659875,3600,3136,4988,4049,0.0072702755037914,0.0196204637866028
North Macedonia,MKD,807,2023,Exports,8985678107.393,7773056584.090731,1212621523.302269,0.134950474389304,3566,3101,4982,4043,0.0073275318579162,0.0172356427157565
North Macedonia,MKD,807,2024,Exports,8413033233.21,7276549802.811995,1136483430.3980055,0.1350860502858585,3568,3110,4982,4043,0.0083052993904563,0.0211646613065514
Norway,NOR,579,2000,Exports,57697484697.608,11645110508.277546,46052374189.33046,0.7981695290650977,3965,3383,5035,4076,-0.091966645123984,0.0315487344236659
Norway,NOR,579,2001,Exports,56572163038.59601,12797521764.845724,43774641273.75028,0.7737841178864825,3931,3356,5033,4073,-0.0840405376481121,0.0337465715515818
Norway,NOR,579,2002,Exports,57194414166.278,13599435100.829262,43594979065.44874,0.7622244182571324,3874,3308,5032,4073,-0.0847630573273571,0.0295226754733222
Norway,NOR,579,2003,Exports,65123585154.20101,15158916502.023998,49964668652.177,0.7672284708200509,3920,3344,5035,4074,-0.0867063273521447,0.031576496721827
Norway,NOR,579,2004,Exports,78889494859.976,16159180743.48708,62730314116.48892,0.7951668879086039,3921,3325,5027,4074,-0.0918667627106798,0.0352799433634102
Norway,NOR,579,2005,Exports,100214587568.922,18434658282.170506,81779929286.7515,0.8160481549705308,3914,3317,5034,4074,-0.1024201509186933,0.0341244318781269
Norway,NOR,579,2006,Exports,117926031383.827,20766869867.859375,97159161515.96762,0.8238991881252483,3896,3287,5031,4074,-0.0996521011936146,0.026769268736798
Norway,NOR,579,2007,Exports,130849108671.674,25788622730.43428,105060485941.23972,0.8029132716895843,3897,3299,5019,4074,-0.0870611880058037,0.0238307326196207
Norway,NOR,579,2008,Exports,162690953102.949,29537109808.503143,133153843294.44586,0.8184465131886443,3885,3286,5015,4072,-0.087989800911348,0.0342367938510735
Norway,NOR,579,2009,Exports,112871819803.022,25197796478.219604,87674023324.8024,0.7767574180854576,3815,3264,5011,4070,-0.0714237929227776,0.0300589942400262
Norway,NOR,579,2010,Exports,126056249777.0,24822683432.691093,101233566344.3089,0.8030824851873374,3912,3303,5010,4069,-0.0801613676875213,0.0296985539145658
Norway,NOR,579,2011,Exports,154964918315.0,25607396260.113194,129357522054.8868,0.83475359108014,3917,3310,5011,4071,-0.0893708413391567,0.0318944604042372
Norway,NOR,579,2012,Exports,156054344652.0,24953186453.86624,131101158198.13376,0.8400993800620441,3996,3391,5007,4067,-0.0938532637838953,0.0364819769653984
Norway,NOR,579,2013,Exports,150354614066.0,26089168509.819656,124265445556.18034,0.8264824217608148,4009,3395,5006,4066,-0.0870934869260983,0.0347124502242003
Norway,NOR,579,2014,Exports,139912322833.0,26068431409.945023,113843891423.05498,0.8136802328622589,4011,3378,5003,4063,-0.0830327549723946,0.0359021461820524
Norway,NOR,579,2015,Exports,99617752854.89198,23123176502.63643,76494576352.25555,0.7678809665951936,4030,3389,5002,4062,-0.0703050719130337,0.0328305527261498
Norway,NOR,579,2016,Exports,86132779885.0,21165403903.114952,64967375981.88505,0.7542700475780081,4037,3400,5003,4064,-0.0626260986494827,0.0410151889757659
Norway,NOR,579,2017,Exports,97793429402.133,20285874544.03464,77507554858.09836,0.7925640335137671,4047,3372,4994,4055,-0.0782360884750605,0.0437867979164396
Norway,NOR,579,2018,Exports,118424689258.843,20997448196.00868,97427241062.83432,0.8226936601867354,4013,3373,4990,4051,-0.0887482067253174,0.0440215631340304
Norway,NOR,579,2019,Exports,99644282105.17902,21163931633.52275,78480350471.65627,0.7876051572012605,4023,3398,4987,4048,-0.0760117291995987,0.0431505983779572
Norway,NOR,579,2020,Exports,79012204005.022,19018857918.96398,59993346086.05802,0.7592921478591441,3998,3368,4982,4043,-0.0693176070583635,0.042368021848778
Norway,NOR,579,2021,Exports,168713355166.65198,23747939784.11448,144965415382.5375,0.8592409014647555,4021,3390,4982,4043,-0.0985174002731832,0.0494863094896806
Norway,NOR,579,2022,Exports,263996376800.901,22212062494.534836,241784314306.36615,0.9158622449152528,4132,3487,4988,4049,-0.1191036018619167,0.0498843484581039
Norway,NOR,579,2023,Exports,172013893769.70798,23950100010.515285,148063793759.1927,0.8607664794648526,4258,3541,4982,4043,-0.0991198191261792,0.0520256980058689
Norway,NOR,579,2024,Exports,163003956947.217,26195238012.052567,136808718935.16444,0.8392969195187393,4216,3526,4982,4043,-0.0868912623736037,0.0534604177574631
Oman,OMN,512,2000,Exports,10843253025.999998,1147440850.7046,9695812175.2954,0.8941792792298343,1187,921,5035,4076,-0.0825953669428849,0.0092688671818332
Oman,OMN,512,2001,Exports,11035900669.000002,1754839667.0222,9281061001.977802,0.8409880879091665,998,761,5033,4073,-0.0788885528825671,0.0173786277257696
Oman,OMN,512,2002,Exports,11156001019.0,2092724527.0051072,9063276491.994892,0.8124126626162055,1250,1006,5032,4073,-0.0917923019053961,0.0107331739586304
Oman,OMN,512,2003,Exports,9810527653.0,392754861.67194456,9417772791.328056,0.959965979857175,706,608,5035,4074,-0.1493207233731598,-0.0021779128205921
Oman,OMN,512,2004,Exports,12412507728.000002,998112028.6603909,11414395699.339611,0.9195882048549416,1054,825,5027,4074,-0.1845925314662359,0.0155712093030213
Oman,OMN,512,2005,Exports,17585518854.0,1294143705.4866176,16291375148.513382,0.9264085571639388,1020,815,5034,4074,-0.1586097957002695,0.0353166940085687
Oman,OMN,512,2006,Exports,20080103046.0,1612557870.3440251,18467545175.655975,0.9196937452636604,1092,892,5031,4074,-0.1186202086553143,0.007312233078452
Oman,OMN,512,2007,Exports,22645774761.0,2314166250.8798,20331608510.1202,0.89781024163213,1141,917,5019,4074,-0.0894526090438729,0.014356076649185
Oman,OMN,512,2008,Exports,33779031017.999996,3383139981.988,30395891036.011997,0.8998449665360381,1406,1148,5015,4072,-0.0994849481838138,0.0107787020747843
Oman,OMN,512,2009,Exports,22887084869.0,3662177125.3685,19224907743.6315,0.8399893587877227,1729,1421,5011,4070,-0.0805490970178438,0.0196575531108902
Oman,OMN,512,2010,Exports,30835599881.0,4476170514.7054,26359429366.2946,0.8548375730655564,2040,1709,5010,4069,-0.0743274114644721,0.0100741187550401
Oman,OMN,512,2011,Exports,40171398796.0,5910490157.4651,34260908638.5349,0.8528682013917418,2219,1851,5011,4071,-0.0658410732576475,0.0148255223548637
Oman,OMN,512,2012,Exports,48127091886.000015,5716122412.229511,42410969473.77051,0.8812285931223635,2515,2101,5007,4067,-0.0835962223136257,0.0224190173917882
Oman,OMN,512,2013,Exports,50953514967.00001,5502468071.653526,45451046895.34648,0.8920100394405137,2456,2029,5006,4066,-0.0989998147603611,0.0260241262467434
Oman,OMN,512,2014,Exports,48481588614.478,6801801829.731843,41679786784.746155,0.8597034044445353,2661,2219,5003,4063,-0.0928821068993061,0.017367978798651
Oman,OMN,512,2015,Exports,35184488755.326,9662044920.677526,25522443834.648468,0.7253890773326939,2761,2296,5002,4062,-0.0431573363863005,0.0411235824309108
Oman,OMN,512,2016,Exports,29503993042.892,5045667173.713428,24458325869.17857,0.8289835831245557,2613,2173,5003,4064,-0.1094294812920844,0.0211710612347248
Oman,OMN,512,2017,Exports,31468257664.48901,6952177498.591192,24516080165.89781,0.7790733261207365,3456,2905,4994,4055,-0.0795959114592449,0.030807776254643
Oman,OMN,512,2018,Exports,41712122360.15599,9783304583.776575,31928817776.379417,0.7654565620204037,3545,2991,4990,4051,-0.0638090811787416,0.0279145787877952
Oman,OMN,512,2019,Exports,38685943004.41,9222014134.581057,29463928869.82895,0.7616184738335112,3524,2942,4987,4048,-0.0692626728918738,0.0286033990584345
Oman,OMN,512,2020,Exports,33443822347.49601,11842754717.693497,21601067629.80251,0.6458911127250326,3607,3021,4982,4043,-0.0516663444940035,0.024337955921169
Oman,OMN,512,2021,Exports,44551638559.622,13900562458.944933,30651076100.67707,0.6879898717901866,3622,3022,4982,4043,-0.0525644219417685,0.0247895820747672
Oman,OMN,512,2022,Exports,65968082679.559006,14106920448.34322,51861162231.21579,0.7861553667268487,3617,3015,4988,4049,-0.0765257163207132,0.0250708029461644
Oman,OMN,512,2023,Exports,58986194261.36,12717938971.064926,46268255290.295074,0.7843912608649843,3631,3034,4982,4043,-0.0736854079615826,0.0279640238973869
Oman,OMN,512,2024,Exports,65132170813.50201,12576161337.907204,52556009475.5948,0.8069132169121539,3631,3054,4982,4043,-0.0737875125391841,0.030921389872133
Pakistan,PAK,586,2003,Exports,11925095954.0,10292182702.4299,1632913251.5700989,0.1369308270448235,2388,2062,5035,4074,-0.0300871009392537,-0.0012763345479044
Pakistan,PAK,586,2004,Exports,12579334678.0,10928282571.8996,1651052106.100399,0.1312511470887188,2476,2136,5027,4074,-0.0312842369069882,-0.0101062264508594
Pakistan,PAK,586,2005,Exports,16040414954.0,13223960706.655,2816454247.3449993,0.1755848745448234,2847,2440,5034,4074,-0.0419366807704854,-0.0117961352479665
Pakistan,PAK,586,2006,Exports,16921684321.0,13860715505.2042,3060968815.7957993,0.1808903155105607,2981,2523,5031,4074,-0.0465225321149342,-0.0266854629937025
Pakistan,PAK,586,2007,Exports,17799937294.0,14237506895.2808,3562430398.7192,0.2001372442991708,3265,2741,5019,4074,-0.0471363614473295,-0.0193585685910165
Pakistan,PAK,586,2008,Exports,20275344612.0,14587350338.14784,5687994273.852161,0.2805374893843092,3312,2776,5015,4072,-0.069332830799738,-0.0062294881911013
Pakistan,PAK,586,2009,Exports,17553111031.0,13172702535.825514,4380408495.174486,0.2495516884407774,3279,2747,5011,4070,-0.0494259927560654,-0.0056744261849411
Pakistan,PAK,586,2010,Exports,21412079629.0,15715146861.34079,5696932767.65921,0.2660616281261827,3367,2810,5010,4069,-0.0494822362315683,-0.0033717224360192
Pakistan,PAK,586,2011,Exports,25343437036.0,17931015033.365517,7412422002.634483,0.2924789558774227,3276,2707,5011,4071,-0.0566118265656867,-0.0113846371890939
Pakistan,PAK,586,2012,Exports,24315153054.0,18227918920.96232,6087234133.037678,0.2503473500462416,3267,2702,5007,4067,-0.0381207495874087,-0.0024837100655562
Pakistan,PAK,586,2013,Exports,25120653031.0,18351227044.45104,6769425986.548958,0.2694765131382208,3175,2620,5006,4066,-0.0403364250120543,-0.0031620938160727
Pakistan,PAK,586,2014,Exports,24720758433.0,18308443868.93175,6412314564.068249,0.2593898800252173,3201,2684,5003,4063,-0.0411884270848403,0.0027918824586932
Pakistan,PAK,586,2015,Exports,22084220347.0,16769508792.93637,5314711554.063629,0.2406565172125534,3165,2641,5002,4062,-0.0296565392566723,0.0041475365837549
Pakistan,PAK,586,2016,Exports,20532978474.0,16074150853.80892,4458827620.19108,0.2171544486756802,3093,2559,5003,4064,-0.027874902049909,-0.0020996251499792
Pakistan,PAK,586,2017,Exports,21876652512.287003,17089079456.611382,4787573055.675621,0.2188439503249724,3143,2624,4994,4055,-0.0324826628899658,-0.0020503040162777
Pakistan,PAK,586,2018,Exports,23630144489.804,17589961755.684917,6040182734.119083,0.2556134490301283,3062,2543,4990,4051,-0.0395347536206253,-0.0080113386532044
Pakistan,PAK,586,2019,Exports,23746054374.43,17791892270.453724,5954162103.976276,0.250743218645527,3146,2620,4987,4048,-0.0345471230389454,-0.0021383298373409
Pakistan,PAK,586,2020,Exports,22188159305.410004,16978941366.600737,5209217938.809269,0.2347746772098908,3139,2595,4982,4043,-0.0306736044761806,-0.0072428093927306
Pakistan,PAK,586,2021,Exports,28792798922.267,22348657307.53894,6444141614.728058,0.2238108782729164,3056,2535,4982,4043,-0.0280769625055145,-0.0027165971733648
Pakistan,PAK,586,2022,Exports,30734957349.578,23882689248.222626,6852268101.355373,0.2229470509237409,3221,2684,4988,4049,-0.0315123044264036,-0.0131561782467001
Pakistan,PAK,586,2023,Exports,28746317246.17,21057767568.67506,7688549677.494938,0.2674620756340299,3544,3011,4982,4043,-0.0377038363299273,-0.0002082020175857
Pakistan,PAK,586,2024,Exports,32228585233.922997,22674350068.13411,9554235165.788889,0.2964522052842809,3545,3052,4982,4043,-0.0486644677104473,-0.0008002095461907
Panama,PAN,591,2000,Exports,779075431.0000001,186426957.031,592648473.9690001,0.7607074365165034,531,417,5035,4076,-0.0374021006216428,0.0101465297703548
Panama,PAN,591,2001,Exports,809002777.0,166403562.893,642599214.107,0.7943102698484309,495,370,5033,4073,-0.0040649397264648,0.0386273890781722
Panama,PAN,591,2002,Exports,759613136.0,139019508.17900002,620593627.821,0.816986434817262,527,400,5032,4073,0.0315367346476908,0.0599467559941353
Panama,PAN,591,2003,Exports,801050838.0,135395044.84710002,665655793.1529,0.8309782120880822,510,385,5035,4074,0.0597464799369478,0.0572771349746106
Panama,PAN,591,2004,Exports,891105142.0,139693541.5787,751411600.4212999,0.8432356239521059,514,380,5027,4074,0.0528352465859209,0.0732710705461095
Panama,PAN,591,2005,Exports,963215608.0,119739804.8607,843475803.1393,0.8756874329421165,491,359,5034,4074,0.0371127014409863,0.051069325094547
Panama,PAN,591,2006,Exports,8033926729.0,7134137336.4653,899789392.5347004,0.1119987053512372,3018,2694,5031,4074,0.0035281815022472,-0.0009854677456101
Panama,PAN,591,2007,Exports,8559363541.999999,7577151818.3842,982211723.615799,0.1147528924079667,2989,2678,5019,4074,0.0037926956669454,-0.0018850367345842
Panama,PAN,591,2008,Exports,9816558279.0,8795504804.81953,1021053474.1804696,0.104013386887821,3024,2682,5015,4072,0.0046863233148514,-0.0046980980148567
Panama,PAN,591,2009,Exports,10716632950.0,9987339337.95984,729293612.0401611,0.068052495167352,2984,2681,5011,4070,0.0040115235011325,0.0014633369826145
Panama,PAN,591,2010,Exports,10986511946.0,10362310956.308275,624200989.6917229,0.056815210574543,3282,2921,5010,4069,-0.0003747809088946,-0.0010432728514188
Panama,PAN,591,2011,Exports,15895615039.0,15213884852.805954,681730186.194046,0.0428879401345224,3444,3055,5011,4071,-0.0018438144698282,-0.0007946380957995
Panama,PAN,591,2012,Exports,16761427112.0,16058559204.391754,702867907.6082458,0.0419336553451968,3486,3143,5007,4067,-0.0029527521494642,-0.0018447973348506
Panama,PAN,591,2013,Exports,15574925429.999998,14844208888.5022,730716541.497797,0.0469162144487902,3557,3145,5006,4066,-0.0012563726930709,0.002780081974324
Panama,PAN,591,2014,Exports,13776299709.000002,13052490683.345709,723809025.654295,0.0525401625213941,3594,3175,5003,4063,-0.0013812536100439,0.0081529159636603
Panama,PAN,591,2015,Exports,12042760998.0,11420629710.20341,622131287.7965908,0.0516601872195181,3365,3019,5002,4062,-0.0001350729396285,0.0037399548814193
Panama,PAN,591,2016,Exports,10842217254.0,10250424490.975586,591792763.0244141,0.05458226386361,3217,2904,5003,4064,0.0005072545253386,0.008382848270016
Panama,PAN,591,2017,Exports,11089526431.0,10416532103.172298,672994327.8277016,0.0606873821001402,3272,2947,4994,4055,1.5272648160036262e-05,0.0022172656306494
Panama,PAN,591,2018,Exports,11478703477.0,10813173428.558432,665530048.4415684,0.0579795488031464,3260,2925,4990,4051,0.0008633826864453,-0.0001806363595761
Panama,PAN,591,2019,Exports,10476801467.0,9838811792.8894,637989674.1105995,0.0608954628108731,3260,2876,4987,4048,5.364517854600237e-05,0.0020377706437532
Panama,PAN,591,2020,Exports,8657931326.0,7806062310.151835,851869015.8481655,0.0983917501505215,3223,2880,4982,4043,-0.0002659842506884,-0.0021375346257733
Panama,PAN,591,2021,Exports,3781922651.0,145254516.35605043,3636668134.6439495,0.9615924148216932,454,301,4982,4043,-0.1710532164229614,0.0292994285173338
Panama,PAN,591,2022,Exports,3652153568.0,165161843.6085437,3486991724.391456,0.954776862327016,473,318,4988,4049,-0.1470932372846275,0.064833614662193
Panama,PAN,591,2023,Exports,3366813480.0,164095375.35013703,3202718104.649863,0.9512609248106796,565,387,4982,4043,-0.1214083555831886,0.0564904180974991
Panama,PAN,591,2024,Exports,1158357714.0,261055557.02630985,897302156.9736902,0.774633039629147,2171,1887,4982,4043,0.0016233434468765,0.0344682447321141
Paraguay,PRY,600,2000,Exports,2197853731.0,181628309.4768,2016225421.5232,0.917361056873352,571,434,5035,4076,-0.1485237530081808,-0.0066070489894351
Paraguay,PRY,600,2001,Exports,2356190422.0,180500366.888,2175690055.112,0.9233931327440054,576,449,5033,4073,-0.1435450286225783,-0.0059688124803891
Paraguay,PRY,600,2002,Exports,2327027376.0,155518962.4456,2171508413.5544,0.9331684001445112,606,473,5032,4073,-0.1494195867569216,0.0108894371282529
Paraguay,PRY,600,2003,Exports,2584532112.0,180003786.44399998,2404528325.556,0.9303534339510656,1176,980,5035,4074,-0.1409263293920714,0.0468538521867432
Paraguay,PRY,600,2004,Exports,2874456410.0,212921061.84063917,2661535348.159361,0.9259264947974496,1093,901,5027,4074,-0.133946112715973,0.043898614248824
Paraguay,PRY,600,2005,Exports,3152567667.0,240146600.6809,2912421066.3191,0.92382507655754,1233,1040,5034,4074,-0.1523307987055067,0.0303193855248211
Paraguay,PRY,600,2006,Exports,3472353969.0,310613076.5104,3161740892.4896,0.9105468280931472,1274,1077,5031,4074,-0.1397481203629422,0.0361439821028447
Paraguay,PRY,600,2007,Exports,4721379325.0,386471694.90049994,4334907630.0995,0.9181443242964809,1423,1200,5019,4074,-0.1496115610489756,0.0431034884157036
Paraguay,PRY,600,2008,Exports,6407111559.0,440764432.7478,5966347126.2522,0.9312069988653994,1371,1172,5015,4072,-0.1311886452127271,0.0507597243792938
Paraguay,PRY,600,2009,Exports,5079610331.0,374302909.2071,4705307421.7929,0.926312672662548,1336,1144,5011,4070,-0.1320639500960001,0.0302687882943685
Paraguay,PRY,600,2010,Exports,6516534823.0,521228902.5155,5995305920.4845,0.9200144069397388,1303,1114,5010,4069,-0.1232256024688015,0.029604232135198
Paraguay,PRY,600,2011,Exports,7776312112.0,669111699.7712,7107200412.2288,0.9139551383568232,1300,1114,5011,4071,-0.1176483788472889,0.0208027150568336
Paraguay,PRY,600,2012,Exports,7270120791.0,718806118.5089,6551314672.4911,0.9011287241061054,1371,1170,5007,4067,-0.1281251090870249,0.0265485447403192
Paraguay,PRY,600,2013,Exports,9456253392.0,803164051.4189,8653089340.5811,0.9150652993183984,1352,1170,5006,4066,-0.1174892424589614,0.0236519082648332
Paraguay,PRY,600,2014,Exports,9635735187.000002,942633980.124,8693101206.876001,0.9021731127069836,1405,1226,5003,4063,-0.0852306122856667,0.0325822715148895
Paraguay,PRY,600,2015,Exports,8327546291.0,861648055.5178142,7465898235.482185,0.8965303793688855,1555,1358,5002,4062,-0.086140253187661,0.0351784276618478
Paraguay,PRY,600,2016,Exports,8501157586.050001,822969282.124,7678188303.926002,0.9031932682350868,1554,1345,5003,4064,-0.0856329669589855,0.0437545966061614
Paraguay,PRY,600,2017,Exports,8678880563.0,996083439.8449044,7682797123.155095,0.8852290416241664,1554,1353,4994,4055,-0.0833127136545491,0.048203930540516
Paraguay,PRY,600,2018,Exports,9042140680.0,1081579596.324466,7960561083.675534,0.8803845643856466,1701,1490,4990,4051,-0.0745749012293598,0.0490441396121142
Paraguay,PRY,600,2019,Exports,7967805030.000001,1095234213.748597,6872570816.251404,0.862542543445168,1628,1442,4987,4048,-0.0711854912812645,0.0363765432730671
Paraguay,PRY,600,2020,Exports,8517891384.000001,1105654072.5479665,7412237311.452034,0.8701962700974532,1700,1498,4982,4043,-0.0701300987839371,0.0388385308472138
Paraguay,PRY,600,2021,Exports,10570969868.0,1412191535.4590845,9158778332.540916,0.8664085175633685,1762,1556,4982,4043,-0.0708713419641398,0.0370184092820761
Paraguay,PRY,600,2022,Exports,9948007572.004,1707378051.1720836,8240629520.831916,0.8283698480510769,2355,2141,4988,4049,-0.0619121885057101,0.0330701942446237
Paraguay,PRY,600,2023,Exports,11869066163.86,1654041562.828286,10215024601.031712,0.8606426537696235,2317,2078,4982,4043,-0.0715912516244345,0.0347718447500384
Paraguay,PRY,600,2024,Exports,10130746003.815,1791500867.5861585,8339245136.22884,0.8231619994310861,2359,2141,4982,4043,-0.0593000478667405,0.0250539156728074
Peru,PER,604,2000,Exports,6322416298.0,1485817138.0664,4836599159.933599,0.7649922010772343,2773,2494,5035,4076,-0.105039012636391,0.0103679154767245
Peru,PER,604,2001,Exports,6825606292.0,1567102840.0618,5258503451.9382,0.7704082578131508,2877,2421,5033,4073,-0.0910792284922994,0.0224602408746185
Peru,PER,604,2002,Exports,7663181700.0,1588259989.6638436,6074921710.336157,0.7927414418917089,3114,2624,5032,4073,-0.0888961450387348,0.0417187270684675
Peru,PER,604,2003,Exports,9026620847.0,1859510650.861598,7167110196.138402,0.7939970358365493,3196,2685,5035,4074,-0.0933937206923313,0.0250052312888842
Peru,PER,604,2004,Exports,12726489052.0,2474181613.394318,10252307438.605682,0.8055880452743175,3257,2735,5027,4074,-0.0922741944662046,0.0210259182841659
Peru,PER,604,2005,Exports,17114272392.0,3021199695.61662,14093072696.38338,0.8234689955601696,3389,2814,5034,4074,-0.1026684646559519,0.0107613653054214
Peru,PER,604,2006,Exports,23764892045.0,3719163721.890929,20045728323.10907,0.8435017623960375,3427,2839,5031,4074,-0.1246476457022031,0.0194436420592954
Peru,PER,604,2007,Exports,28068892162.0,4458579143.9925995,23610313018.0074,0.8411558561606262,3330,2770,5019,4074,-0.1239963651893145,0.016990426137355
Peru,PER,604,2008,Exports,31288146400.000004,5409353158.034269,25878793241.965736,0.8271117410127476,3499,2915,5015,4072,-0.1170469661712791,0.0254043450795847
Peru,PER,604,2009,Exports,26738220915.999996,4198973937.0506,22539246978.94939,0.8429598607086846,3528,2947,5011,4070,-0.1270175117408707,0.023462287846444
Peru,PER,604,2010,Exports,38402049782.61,6443454111.997896,31958595670.612103,0.8322106723866665,3604,3016,5010,4069,-0.1334333621046463,0.013931569207762
Peru,PER,604,2011,Exports,46380984381.670006,6605245211.721,39775739169.949005,0.8575872138166298,3621,3028,5011,4071,-0.1489368401535614,0.02820929673458
Peru,PER,604,2012,Exports,52326688912.35,9452611151.039848,42874077761.31015,0.8193539215356531,3659,3064,5007,4067,-0.1188272969708597,0.0214297340449077
Peru,PER,604,2013,Exports,48114276785.34,8958004594.964626,39156272190.37538,0.8138181597339514,3669,3089,5006,4066,-0.1087150271007454,0.0333886236835777
Peru,PER,604,2014,Exports,35577631985.229996,6557749707.799105,29019882277.430893,0.8156777350858668,3595,3098,5003,4063,-0.1237031366142545,0.0206868735629961
Peru,PER,604,2015,Exports,37277753335.200005,7583840488.316155,29693912846.88385,0.7965585420311525,3586,3029,5002,4062,-0.0960868145591138,0.0488762117635549
Peru,PER,604,2016,Exports,31855136024.429996,5243867999.778355,26611268024.65164,0.835383908084499,3419,3069,5003,4064,-0.1377423827730812,0.0194006031786639
Peru,PER,604,2017,Exports,39406282040.920006,5625727462.247789,33780554578.67222,0.8572378014143542,3455,3101,4994,4055,-0.1430603333832133,0.0214989770444251
Peru,PER,604,2018,Exports,42385010078.10999,6186067853.3531,36198942224.7569,0.8540505749095497,3474,3117,4990,4051,-0.1403645764716966,0.0291846623590391
Peru,PER,604,2019,Exports,39928137777.54999,6075760683.726919,33852377093.823067,0.8478326057284074,3476,3124,4987,4048,-0.1350897456816026,0.0186298403478866
Peru,PER,604,2020,Exports,38757093937.57001,5205721151.065544,33551372786.504463,0.8656833982586277,3556,2995,4982,4043,-0.1153530919778611,0.0356237880183007
Peru,PER,604,2021,Exports,56259982453.62599,7003977792.949461,49256004660.67653,0.8755069325035303,3715,3148,4982,4043,-0.1202379509437641,0.0413594069757127
Peru,PER,604,2022,Exports,58172194621.028,8027342774.734798,50144851846.2932,0.8620072213704468,3867,3263,4988,4049,-0.1207260840785438,0.0345544107063773
Peru,PER,604,2023,Exports,64354953947.3,7564446455.520279,56790507491.77973,0.8824574334756766,3979,3377,4982,4043,-0.1351092580499926,0.036736503101314
Peru,PER,604,2024,Exports,74053783276.54001,7949673281.158659,66104109995.38135,0.8926500047746097,3878,3293,4982,4043,-0.1331741963850539,0.0361553469990885
Philippines,PHL,608,2000,Exports,38069228757.0,35176789179.308395,2892439577.6916046,0.0759784128056378,2583,2260,5035,4076,0.0087880613068538,0.0108699695322458
Philippines,PHL,608,2001,Exports,32140268953.999996,29685730497.0149,2454538456.985096,0.0763695680486711,2618,2274,5033,4073,0.0109291701642851,0.0098749565598592
Philippines,PHL,608,2002,Exports,35203509295.0,32654501318.4112,2549007976.5888023,0.0724077805774562,2775,2419,5032,4073,0.0090662511537601,0.0115929098690326
Philippines,PHL,608,2003,Exports,36221506513.0,33108562081.764896,3112944431.2351036,0.0859418817966022,2763,2383,5035,4074,0.0111385985762344,0.0225095252283757
Philippines,PHL,608,2004,Exports,39669658489.0,36277774916.0766,3391883572.923401,0.0855032209027949,2768,2397,5027,4074,0.0118390399514961,0.0151525116392759
Philippines,PHL,608,2005,Exports,41241795790.0,37450869533.3644,3790926256.635597,0.0919195244537531,2801,2442,5034,4074,0.0099477486468597,0.0108796723263239
Philippines,PHL,608,2006,Exports,47172969589.0,41624198116.9428,5548771472.057198,0.1176260795197231,2888,2519,5031,4074,0.0082694013895907,0.0171848560735356
Philippines,PHL,608,2007,Exports,50465711125.0,43758140745.59982,6707570379.400177,0.1329134223985469,2726,2356,5019,4074,0.0105040125402395,-0.0021470515671007
Philippines,PHL,608,2008,Exports,49077539968.99999,41667345913.37454,7410194055.62545,0.1509895170032183,2565,2215,5015,4072,0.0116827057480237,0.0047746554649239
Philippines,PHL,608,2009,Exports,38435801947.0,33956734774.142887,4479067172.857113,0.1165337249638605,2592,2180,5011,4070,0.0111579028360984,-0.0059381941974339
Philippines,PHL,608,2010,Exports,36524717593.0,30259147034.089306,6265570558.910698,0.1715432992180479,2431,2052,5010,4069,0.0178747406659502,0.0006826884044309
Philippines,PHL,608,2011,Exports,37839736028.0,29252164603.95819,8587571424.041809,0.2269458597091513,2415,2048,5011,4071,0.0144000614627869,0.0046395637329044
Philippines,PHL,608,2012,Exports,51995223994.0,44288811804.87462,7706412189.125381,0.1482138472951797,2924,2469,5007,4067,0.0122397047856944,0.0038220642336709
Philippines,PHL,608,2013,Exports,56697802975.0,46422673913.75395,10275129061.246048,0.1812262296261585,2927,2459,5006,4066,0.0089990789191645,0.0015145126895326
Philippines,PHL,608,2014,Exports,61809755230.0,50398090411.44885,11411664818.551147,0.1846256270727372,2931,2463,5003,4063,0.0125924105130671,0.0183968154680662
Philippines,PHL,608,2015,Exports,58648083080.0,51451388613.76842,7196694466.231583,0.1227097986547113,2888,2462,5002,4062,0.0129059794507793,0.0177667437032883
Philippines,PHL,608,2016,Exports,56312747948.0,49266175025.44416,7046572922.55584,0.1251328194650125,2886,2464,5003,4064,0.0140804643658696,0.0104427549902114
Philippines,PHL,608,2017,Exports,68712564185.00001,57830748378.79088,10881815806.20913,0.1583671914340323,3212,2713,4994,4055,0.0128069388486251,0.0126971379028504
Philippines,PHL,608,2018,Exports,67487668298.0,57200632229.56049,10287036068.439508,0.1524283817751096,3196,2714,4990,4051,0.0148032303311914,0.0153924630589981
Philippines,PHL,608,2019,Exports,70926674490.0,59645633280.49084,11281041209.509165,0.1590521660662334,3349,2874,4987,4048,0.0126842627277826,0.018454939250221
Philippines,PHL,608,2020,Exports,65214435072.0,54217318825.99768,10997116246.00232,0.1686300929213134,3132,2687,4982,4043,0.0138257357179704,0.0141832395202646
Philippines,PHL,608,2021,Exports,74619528755.0,62090554430.59107,12528974324.408928,0.1679047634506724,3188,2716,4982,4043,0.0152528936085793,0.0219588795846267
Philippines,PHL,608,2022,Exports,78928494122.0,65172123077.991135,13756371044.008863,0.1742890346133501,3168,2720,4988,4049,0.0152359979694233,0.0089623994695007
Philippines,PHL,608,2023,Exports,72923281790.0,60454754332.03438,12468527457.965622,0.1709814362698558,3171,2727,4982,4043,0.0126427728956971,0.0149381630435992
Philippines,PHL,608,2024,Exports,72694507295.0,59008062809.511665,13686444485.488337,0.1882734335064363,3371,2915,4982,4043,0.0135865805106756,0.0224888190633821
Poland,POL,616,2000,Exports,30953185000.0,26218577616.3,4734607383.700001,0.152960265113267,3135,2693,5035,4076,0.0015757066989408,0.0118722303255935
Poland,POL,616,2001,Exports,35364030000.0,30093777190.6,5270252809.400002,0.1490286262453685,3167,2734,5033,4073,0.0001264311797428,0.0158431483827012
Poland,POL,616,2002,Exports,40250506000.0,34693168790.9281,5557337209.071899,0.1380687539449044,3250,2782,5032,4073,0.0001761709271478,0.0070653289571963
Poland,POL,616,2003,Exports,52751314000.0,45646988547.63775,7104325452.362251,0.1346758007272056,3346,2862,5035,4074,0.0013007716817672,0.0102007369386498
Poland,POL,616,2004,Exports,73774835531.0,62657184604.35945,11117650926.640549,0.1506970614928574,4781,3948,5027,4074,-0.0005292458391491,0.0249032985712905
Poland,POL,616,2005,Exports,89362448025.0,75513592651.14265,13848855373.857346,0.1549739927668834,4690,3887,5034,4074,-0.0006744264265226,0.0237436061174506
Poland,POL,616,2006,Exports,109563691884.99998,93006619368.41183,16557072516.58815,0.1511182421085878,4715,3903,5031,4074,-0.0005649550609431,0.0148931991552196
Poland,POL,616,2007,Exports,138743891452.0,119574800813.0557,19169090638.944305,0.1381616908559615,4771,3928,5019,4074,0.0022387747909208,0.0279658989505883
Poland,POL,616,2008,Exports,171796711466.0,147785835249.83115,24010876216.168858,0.1397633051952848,4770,3942,5015,4072,0.0031981221061703,0.0286167378218937
Poland,POL,616,2009,Exports,136594502134.0,118305733630.62398,18288768503.376022,0.133890956207261,4753,3929,5011,4070,0.0053707668970054,0.0345518882352614
Poland,POL,616,2010,Exports,157002677937.0,133481197626.344,23521480310.65599,0.1498157905312569,4764,3931,5010,4069,0.0031226856161564,0.029888243768204
Poland,POL,616,2011,Exports,187988980499.0,157739398655.649,30249581843.351013,0.1609114628051931,4800,3955,5011,4071,0.0004117910635402,0.0274092365668873
Poland,POL,616,2012,Exports,179470234647.0,148655875274.30368,30814359372.69632,0.1716962115378356,4801,3956,5007,4067,0.0010853548622928,0.03153542495958
Poland,POL,616,2013,Exports,203606661977.0,169279768743.94836,34326893233.051636,0.168594155514073,4814,3955,5006,4066,0.0014965770202863,0.0292523323935762
Poland,POL,616,2014,Exports,214386793119.0,180485534600.47055,33901258518.52942,0.1581312823673415,4812,3965,5003,4063,0.0023711846079534,0.0261314852757968
Poland,POL,616,2015,Exports,194346797856.0,166312340643.33325,28034457212.666748,0.1442496481647137,4825,3968,5002,4062,0.0043824562043702,0.0355428502751606
Poland,POL,616,2016,Exports,196290245058.0,170976682103.28394,25313562954.716064,0.1289598622042394,4810,3966,5003,4064,0.0047500810509498,0.0326924574624832
Poland,POL,616,2017,Exports,221029824156.0,192261511368.7693,28768312787.230743,0.1301557963821499,4816,3953,4994,4055,0.0036831462844306,0.0305702929289501
Poland,POL,616,2018,Exports,261517388022.0,227719456616.38245,33797931405.617554,0.1292377981489105,4828,3962,4990,4051,0.0035464138478543,0.0278603122220292
Poland,POL,616,2019,Exports,251443835740.0,219536759218.92792,31907076521.072083,0.1268954413901993,4754,3903,4987,4048,0.004107956754038,0.0297320672665244
Poland,POL,616,2020,Exports,253981738333.0,222306724293.01703,31675014039.98297,0.1247137461452181,4728,3881,4982,4043,0.0051796672108488,0.0277915983999526
Poland,POL,616,2021,Exports,317624470208.0,275773795789.70654,41850674418.29346,0.1317614930325962,4754,3903,4982,4043,0.0041039443931546,0.030206992650314
Poland,POL,616,2022,Exports,364673740993.0,310062773495.65106,54610967497.34894,0.1497529472471592,4880,3994,4988,4049,0.0016606807861946,0.035151084387283
Poland,POL,616,2023,Exports,381338949927.0,328055303950.24194,53283645976.75806,0.1397277828214458,4879,4005,4982,4043,0.0021565593630555,0.0348720238008781
Poland,POL,616,2024,Exports,378603002971.99994,327874486542.14526,50728516429.854675,0.1339886795182297,4863,3987,4982,4043,0.0019522186773243,0.0375910528343441
Portugal,PRT,620,2000,Exports,24291532240.0,21653284525.3391,2638247714.6609,0.1086077110572955,4208,3532,5035,4076,-0.0033664786162813,0.0117871838949941
Portugal,PRT,620,2001,Exports,24023146064.0,21679412118.7318,2343733945.2682,0.0975614908648627,4226,3552,5033,4073,-0.0014634091169843,0.0102680982399737
Portugal,PRT,620,2002,Exports,25759501553.0,23264776936.94211,2494724616.057892,0.0968467736429221,4287,3575,5032,4073,-0.0013150834123369,0.0117755877906229
Portugal,PRT,620,2003,Exports,31750437519.0,28607943140.62176,3142494378.3782425,0.0989748370080796,4313,3602,5035,4074,-0.0013404829764722,0.0126528936402108
Portugal,PRT,620,2004,Exports,36630886060.0,32487159909.753338,4143726150.246666,0.1131211006869831,4373,3629,5027,4074,-0.0016806373892495,0.015597756320557
Portugal,PRT,620,2005,Exports,37823465599.0,32722282564.428383,5101183034.571617,0.1348682082349028,4405,3661,5034,4074,-0.0026311583615191,0.0111412444953781
Portugal,PRT,620,2006,Exports,43827696110.0,36943177504.13099,6884518605.869011,0.1570814625662743,4461,3690,5031,4074,-0.004583414559815,0.0153393164371206
Portugal,PRT,620,2007,Exports,51394643174.0,43580262329.91905,7814380844.080948,0.1520466017756916,4482,3706,5019,4074,-0.0022553282424087,0.0233799670225278
Portugal,PRT,620,2008,Exports,56051430257.0,46613104967.045,9438325289.955002,0.1683868769571012,4461,3695,5015,4072,-0.0022446343484939,0.0161245451401006
Portugal,PRT,620,2009,Exports,43984204614.0,36782375025.94623,7201829588.053772,0.1637367243822219,4490,3714,5011,4070,-0.0021946262010663,0.0230473111564497
Portugal,PRT,620,2010,Exports,49142533757.0,39812523225.52289,9330010531.477112,0.1898561148192347,4519,3733,5010,4069,-0.0040527327647329,0.0256569040718597
Portugal,PRT,620,2011,Exports,59543182007.0,47904546103.57547,11638635903.42453,0.1954654674326318,4536,3752,5011,4071,-0.0053229717309803,0.0214391635206796
Portugal,PRT,620,2012,Exports,58106921592.0,46125696794.79529,11981224797.204712,0.2061927300387954,4593,3784,5007,4067,-0.0076422132278933,0.027300420797961
Portugal,PRT,620,2013,Exports,62754440123.0,49098689089.69757,13655751033.30243,0.2176061328335791,4619,3808,5006,4066,-0.0093450945683191,0.0276041221020109
Portugal,PRT,620,2014,Exports,63799882105.0,51338402244.567215,12461479860.432783,0.1953213618784442,4615,3815,5003,4063,-0.0049690291783036,0.0249078452135261
Portugal,PRT,620,2015,Exports,54938051907.84601,44564652249.7919,10373399658.054108,0.1888199398743628,4616,3805,5002,4062,-0.0039002516104962,0.0297461829387135
Portugal,PRT,620,2016,Exports,52585410383.515,45652906281.48219,6932504102.032806,0.1318332223990036,4304,3787,5003,4064,-0.011016285092232,0.022304829328942
Portugal,PRT,620,2017,Exports,59905043612.52199,50572211570.05864,9332832042.463348,0.1557937609198652,4569,3806,4994,4055,-0.0087784146436175,0.0257834821895418
Portugal,PRT,620,2018,Exports,71904225136.44301,60448117805.87714,11456107330.565872,0.1593245363374287,4611,3814,4990,4051,-0.0066425321313234,0.0204855604914456
Portugal,PRT,620,2019,Exports,65208527751.314,55440949266.57486,9767578484.739143,0.149789894382983,4450,3816,4987,4048,-0.0030421362553986,0.0210483265831998
Portugal,PRT,620,2020,Exports,59578864532.862,51202600731.87626,8376263800.985741,0.1405911956641206,4576,3783,4982,4043,-0.0015638374981465,0.021592888841221
Portugal,PRT,620,2021,Exports,75161680068.87201,61471537293.035934,13690142775.836077,0.1821425859998279,4634,3830,4982,4043,0.0002485335485066,0.0241353118155507
Portugal,PRT,620,2022,Exports,82868912452.64099,65763596342.93888,17105316109.70211,0.2064141498113382,4663,3854,4988,4049,-0.0036795293648462,0.0242167243496673
Portugal,PRT,620,2023,Exports,83483576978.119,67605284045.55806,15878292932.560944,0.1901966052164084,4674,3864,4982,4043,-0.0012336485885268,0.0189937775504225
Portugal,PRT,620,2024,Exports,82538522791.82,65801781679.4324,16736741112.387604,0.2027749049325886,4671,3858,4982,4043,-0.0028618379119865,0.0228856996363187
Qatar,QAT,634,2000,Exports,8844224100.0,899267097.5098,7944957002.4902,0.8983215387419005,964,783,5035,4076,-0.1441104612778879,0.0365926322560995
Qatar,QAT,634,2001,Exports,10705850653.0,790597403.0,9915253250.0,0.926152771169243,210,139,5033,4073,-0.1816153928380737,0.0177708200843796
Qatar,QAT,634,2002,Exports,8230923925.0,1042008947.167,7188914977.833,0.8734031614601516,1126,949,5032,4073,-0.1505862834001641,0.0459551786031631
Qatar,QAT,634,2003,Exports,12799053775.585005,600641808.273,12198411967.312002,0.9530713895882864,637,526,5035,4074,-0.2159259226023782,-0.0131980077071698
Qatar,QAT,634,2004,Exports,17123859099.975998,925859697.4377202,16197999402.53828,0.9459315980099944,888,722,5027,4074,-0.2149783923947799,0.0241789156354254
Qatar,QAT,634,2005,Exports,23444447479.0,1814080742.355965,21630366736.644035,0.922622158445794,1708,1465,5034,4074,-0.0673039460387322,-0.0088612128789151
Qatar,QAT,634,2006,Exports,33377774749.999996,2770064669.610917,30607710080.38908,0.9170087074300568,1692,1449,5031,4074,-0.0881151955643433,-0.0028282722778115
Qatar,QAT,634,2007,Exports,41750063634.00001,4052169952.186942,37697893681.813065,0.90294218500575,1872,1594,5019,4074,-0.0787075806972811,-0.0151041061691203
Qatar,QAT,634,2008,Exports,62960185828.99999,1493654285.0,61466531543.99999,0.9762762090782774,132,98,5015,4072,-0.0265276921107449,-0.1228243358050444
Qatar,QAT,634,2009,Exports,39379069657.99999,4475828124.462727,34903241533.53726,0.8863399221125721,1968,1708,5011,4070,-0.1280853968311008,-0.0071193005142468
Qatar,QAT,634,2010,Exports,69252498922.0,1519466137.0,67733032785.0,0.978059042480021,154,115,5010,4069,-0.0288326175632569,-0.0212609912235852
Qatar,QAT,634,2011,Exports,107557117298.0,2136813549.0,105420303749.0,0.9801332203513812,182,149,5011,4071,-0.0231026033553104,-0.0163713451029078
Qatar,QAT,634,2012,Exports,117680690799.137,241321722.428,117439369076.709,0.9979493515819016,113,94,5007,4067,-0.3046025143722218,-0.085812782087324
Qatar,QAT,634,2013,Exports,120437465247.35002,181235376.68700004,120256229870.66302,0.9984951910411368,113,95,5006,4066,-0.2203357987741165,-0.0966496334037881
Qatar,QAT,634,2014,Exports,114454271060.00002,196389860.0,114257881200.00002,0.9982841194288236,193,161,5003,4063,-0.3562170083461684,-0.0488171130339131
Qatar,QAT,634,2015,Exports,11174018865.462996,259192163.90200004,10914826701.560995,0.97680403380174,118,100,5002,4062,-0.2649243984777097,-0.0499496565413666
Qatar,QAT,634,2016,Exports,47227527131.974014,225882496.27099997,47001644635.70301,0.9952171432639318,129,104,5003,4064,-0.2998890872200487,-0.1704212092378156
Qatar,QAT,634,2017,Exports,57605984777.71001,466104649.75,57139880127.96001,0.9919087460869108,178,151,4994,4055,-0.2192356712168789,-0.0648540073479687
Qatar,QAT,634,2018,Exports,14942171742.134005,999251796.1550002,13942919945.979004,0.9331253974723565,101,84,4990,4051,-0.2163258817275051,-0.0473753905713544
Qatar,QAT,634,2019,Exports,63313612473.13802,379141614.9989999,62934470858.13902,0.994011688795046,92,74,4987,4048,-0.2297461101188165,-0.1051498975032568
Qatar,QAT,634,2020,Exports,7875804806.070997,560860815.575,7314943990.495997,0.9287868567866658,86,71,4982,4043,-0.2434644617941547,-0.0038715713309054
Qatar,QAT,634,2021,Exports,74556590062.13,358247757.56,74198342304.57,0.995194955170811,101,85,4982,4043,-0.2471827344724431,-0.0838990203495627
Qatar,QAT,634,2022,Exports,30388835616.297,531233210.8309188,29857602405.466084,0.9825188033678386,109,92,4988,4049,-0.2515578578555635,-0.0999031283833837
Qatar,QAT,634,2023,Exports,85294416812.39197,345934402.46575046,84948482409.92622,0.9959442315758296,110,87,4982,4043,-0.2607482660560306,-0.1143805747368058
Qatar,QAT,634,2024,Exports,15848464218.882,537547588.3539197,15310916630.52808,0.9660820391850032,139,113,4982,4043,-0.2099332508398319,0.0315217615040284
Rep. of Korea,KOR,410,2000,Exports,172233906741.0,158673952228.2141,13559954512.785889,0.0787298782763891,4444,3825,5035,4076,-0.0059172270270381,0.0341209925679611
Rep. of Korea,KOR,410,2001,Exports,150391806819.0,138966913882.04608,11424892936.953918,0.0759675222913176,4425,3821,5033,4073,-0.0063358793609261,0.0425764339104882
Rep. of Korea,KOR,410,2002,Exports,162427287820.0,152612030482.82318,9815257337.17682,0.0604286229790032,4502,3871,5032,4073,-0.005095399033744,0.0366700230379429
Rep. of Korea,KOR,410,2003,Exports,193776411108.0,182231250514.39224,11545160593.607758,0.0595798039998436,4481,3845,5035,4074,-0.0044820226955115,0.0377044497791347
Rep. of Korea,KOR,410,2004,Exports,253804279993.0,236771562349.41608,17032717643.583923,0.0671096549043762,4495,3859,5027,4074,-0.0040786437967779,0.0358361713362727
Rep. of Korea,KOR,410,2005,Exports,284374929150.0,264483696040.0356,19891233109.964417,0.0699472107805689,4517,3855,5034,4074,-0.0043061075209555,0.0473287195179347
Rep. of Korea,KOR,410,2006,Exports,325407367780.0,297672106057.8863,27735261722.11371,0.0852324331539562,4488,3871,5031,4074,-0.0048773991910542,0.046779518634194
Rep. of Korea,KOR,410,2007,Exports,371422286882.0,338831632030.7934,32590654851.206604,0.0877455554021737,4552,3886,5019,4074,-0.0044185360546151,0.0377417536740206
Rep. of Korea,KOR,410,2008,Exports,421954786641.0,374063743143.7189,47891043497.28113,0.1134980453202606,4592,3894,5015,4072,-0.0056538990283255,0.0406511600936558
Rep. of Korea,KOR,410,2009,Exports,363486168262.0,330639070987.3857,32847097274.61432,0.0903668423799229,4598,3903,5011,4070,-0.0041776382800331,0.0368580557280442
Rep. of Korea,KOR,410,2010,Exports,466325209927.0,422284251898.27014,44040958028.72986,0.0944425844693752,4603,3904,5010,4069,-0.0034831527352003,0.0431584087687746
Rep. of Korea,KOR,410,2011,Exports,555142647456.0,486694135590.05066,68448511865.94934,0.1232989614104084,4627,3925,5011,4071,-0.0044932021081506,0.0462526443563031
Rep. of Korea,KOR,410,2012,Exports,547786800231.99994,475402935580.8601,72383864651.13983,0.1321387529244655,4632,3922,5007,4067,-0.0063108397741175,0.0478553959630676
Rep. of Korea,KOR,410,2013,Exports,559554446902.0,493197877564.42017,66356569337.579834,0.1185882262306486,4672,3952,5006,4066,-0.0052708294198943,0.0527687587569153
Rep. of Korea,KOR,410,2014,Exports,573017060970.0,508107336292.0872,64909724677.91284,0.1132771240144822,4674,3949,5003,4063,-0.0053918259758897,0.046725453190536
Rep. of Korea,KOR,410,2015,Exports,526696435465.0,482317130574.5013,44379304890.49872,0.0842597403404067,4686,3947,5002,4062,-0.0039093273672041,0.0488993735522156
Rep. of Korea,KOR,410,2016,Exports,495359002338.9999,456356814822.2782,39002187516.72168,0.078735194742722,4722,3967,5003,4064,-0.003392010333812,0.0538686295431399
Rep. of Korea,KOR,410,2017,Exports,573577574949.0,525381274815.98346,48196300133.01654,0.0840275182259382,4706,3945,4994,4055,-0.0033593352296698,0.057071412389234
Rep. of Korea,KOR,410,2018,Exports,604757985058.0,543749903942.43463,61008081115.56537,0.1008801580515126,4731,3963,4990,4051,-0.0044487330531625,0.0567344865595546
Rep. of Korea,KOR,410,2019,Exports,542124932008.0,487144889532.4432,54980042475.55676,0.1014158162250789,4724,3959,4987,4048,-0.0046337487306109,0.058003421117823
Rep. of Korea,KOR,410,2020,Exports,511518299843.0,471671508452.6737,39846791390.326355,0.0778990534699472,4710,3949,4982,4043,-0.0027181254512296,0.0588732699880742
Rep. of Korea,KOR,410,2021,Exports,643336155466.0,583954815640.9939,59381339825.0061,0.0923021958590113,4706,3946,4982,4043,-0.0033025320750404,0.052147559411111
Rep. of Korea,KOR,410,2022,Exports,682212934626.0,597242239288.4834,84970695337.5166,0.1245515747720305,4705,3952,4988,4049,-0.0050432455803789,0.0644479726668815
Rep. of Korea,KOR,410,2023,Exports,631759846501.0,559534043231.1969,72225803269.8031,0.1143247765267537,4717,3958,4982,4043,-0.0044452401419221,0.0679621057585574
Rep. of Korea,KOR,410,2024,Exports,683089471519.0,613821713802.684,69267757716.31604,0.1014036383290814,4723,3960,4982,4043,-0.003286071545717,0.0722853596256132
Rep. of Moldova,MDA,498,2000,Exports,470172247.0,330859299.7704,139312947.2296,0.2963019364041706,1639,1434,5035,4076,0.0078834650708744,0.0108906292601266
Rep. of Moldova,MDA,498,2001,Exports,568126635.0,415888983.5414,152237651.45860004,0.2679642919022799,1610,1406,5033,4073,0.0133886164596956,0.0137769121179595
Rep. of Moldova,MDA,498,2002,Exports,643905065.0,446434805.5711999,197470259.42880005,0.3066760461478899,1602,1406,5032,4073,0.0061636370765867,0.012628568275692
Rep. of Moldova,MDA,498,2003,Exports,789026665.0,552013518.2867999,237013146.7132001,0.3003867387842971,1724,1525,5035,4074,0.0116617650554443,0.013934266307761
Rep. of Moldova,MDA,498,2004,Exports,953527321.0,683543148.6830844,269984172.31691563,0.2831425658928924,1804,1585,5027,4074,0.0183511560978045,0.0095620542495489
Rep. of Moldova,MDA,498,2005,Exports,1091254570.0,815370762.4667,275883807.53330004,0.2528134269653506,1893,1676,5034,4074,0.0196491695756597,-0.0053285059812001
Rep. of Moldova,MDA,498,2006,Exports,1051594566.0,784231349.7885001,267363216.21149993,0.2542455285105571,2044,1797,5031,4074,0.0091575249981618,0.0171567447841709
Rep. of Moldova,MDA,498,2007,Exports,1341797788.0,973164672.7344,368633115.2656,0.2747307519526183,2006,1789,5019,4074,0.017406155864069,0.0126271794151078
Rep. of Moldova,MDA,498,2008,Exports,1580305315.0,1168722095.7045,411583219.2955,0.2604453806418413,2111,1911,5015,4072,0.0131872086225371,0.0127719622193563
Rep. of Moldova,MDA,498,2009,Exports,1282953174.0,882176577.4446447,400776596.5553553,0.3123859893543981,2207,1943,5011,4070,0.0103854656881154,0.0084583235942153
Rep. of Moldova,MDA,498,2010,Exports,1541486673.0,1010233786.5866792,531252886.4133208,0.344636704110721,2213,1977,5010,4069,0.0144202339489333,0.014320049187973
Rep. of Moldova,MDA,498,2011,Exports,2216000596.0,1460378159.0393777,755622436.9606223,0.3409847625152093,2436,2172,5011,4071,0.0062878700146743,0.015430477734507
Rep. of Moldova,MDA,498,2012,Exports,2161869938.0,1530633706.4656656,631236231.5343344,0.2919862200953249,2358,2117,5007,4067,0.0192880636494892,0.0135147964647741
Rep. of Moldova,MDA,498,2013,Exports,2428293923.0,1688032481.7122347,740261441.2877653,0.304848368756456,2306,2045,5006,4066,0.0098630758740136,0.0101735433993778
Rep. of Moldova,MDA,498,2014,Exports,2339428069.0,1504368124.0435848,835059944.9564152,0.3569504683738216,2202,1913,5003,4063,0.0157078418772625,0.0406859106908538
Rep. of Moldova,MDA,498,2015,Exports,1966735052.0,1250946950.7490375,715788101.2509623,0.3639473962306552,2321,2012,5002,4062,0.0241727304120251,0.0329802928693016
Rep. of Moldova,MDA,498,2016,Exports,2044469239.0,1324098653.6433158,720370585.3566842,0.3523509043887767,2429,2116,5003,4064,0.0130384778749885,0.026796282202133
Rep. of Moldova,MDA,498,2017,Exports,2182643357.0,1566963653.283544,615679703.7164559,0.2820798467793178,2353,2150,4994,4055,-0.0002288024152709,0.0097308774917637
Rep. of Moldova,MDA,498,2018,Exports,2706795129.0,1811399057.8043027,895396071.1956973,0.3307956563105287,2394,2082,4990,4051,0.0154289530452361,0.035750977649198
Rep. of Moldova,MDA,498,2019,Exports,2778978785.0,1870657922.2258503,908320862.7741494,0.3268541910708215,2397,2119,4987,4048,0.0098302879634659,0.031507979215061
Rep. of Moldova,MDA,498,2020,Exports,2467066270.0,1661693280.229866,805372989.770134,0.3264496781313191,2351,2065,4982,4043,0.0124299747924372,0.0269773482580449
Rep. of Moldova,MDA,498,2021,Exports,2955404649.0,1944822856.8027303,1010581792.1972694,0.3419436294583934,2392,2097,4982,4043,-0.0036624943753001,0.0348578167268076
Rep. of Moldova,MDA,498,2022,Exports,4240803888.999999,2114021096.4146965,2126782792.585303,0.5015046317283981,2641,2322,4988,4049,-0.0221245512798387,0.0226588003743912
Rep. of Moldova,MDA,498,2023,Exports,4043394157.0,2200866461.0527105,1842527695.9472897,0.4556883708103181,2905,2582,4982,4043,-0.0101844661931631,0.0327861313987115
Rep. of Moldova,MDA,498,2024,Exports,3553923851.0,2118519706.4348445,1435404144.5651555,0.4038927688789006,2868,2575,4982,4043,-0.0011329493954587,0.0276718773779883
Romania,ROU,642,2000,Exports,10300136441.88,8208603496.231173,2091532945.6488256,0.2030587611582235,3778,3212,5035,4076,-0.0192797548483149,-0.0091545590973314
Romania,ROU,642,2001,Exports,11330305495.87,9410679305.125387,1919626190.7446136,0.1694240452249354,3712,3235,5033,4073,-0.0140538511440764,0.0027440243781489
Romania,ROU,642,2002,Exports,13813609024.97,11411712812.845388,2401896212.124613,0.1738789774477368,3830,3330,5032,4073,-0.0177943648472742,0.0013078267095014
Romania,ROU,642,2003,Exports,17521982857.010002,14732599634.861547,2789383222.1484547,0.1591933541375717,3849,3326,5035,4074,-0.0142350285089272,-0.0037297503427055
Romania,ROU,642,2004,Exports,23389421721.6,19537086499.620056,3852335221.9799423,0.1647041670304457,3932,3394,5027,4074,-0.0141386300871253,0.0087709918525397
Romania,ROU,642,2005,Exports,27559739783.03,22411291620.73941,5148448162.290588,0.1868104779951791,3963,3416,5034,4074,-0.0171123546722653,0.010979995768218
Romania,ROU,642,2006,Exports,32490295085.23,26470421023.455875,6019874061.774124,0.1852822218444775,4027,3448,5031,4074,-0.0156360198551178,0.008762383516204
Romania,ROU,642,2007,Exports,39767651414.28,33303556346.96759,6464095067.312408,0.1625465632851339,4112,3515,5019,4074,-0.0110920113567017,0.0074376642787168
Romania,ROU,642,2008,Exports,48654024735.55,39273876484.43753,9380148251.112473,0.1927928532551323,4186,3535,5015,4072,-0.0125393531233464,0.0079889583519203
Romania,ROU,642,2009,Exports,39809466887.759995,33296048091.608017,6513418796.151978,0.1636148209298081,4244,3574,5011,4070,-0.0072439147202614,0.0093674267655115
Romania,ROU,642,2010,Exports,48472380001.0,40132952492.43335,8339427508.56665,0.1720449358664585,4284,3577,5010,4069,-0.0055660403665662,0.000202716126737
Romania,ROU,642,2011,Exports,61509548332.0,50558938367.63304,10950609964.36696,0.1780310579629141,4290,3579,5011,4071,-0.0043671782941715,0.0053072484807739
Romania,ROU,642,2012,Exports,56266879587.0,46319580069.36478,9947299517.635223,0.1767878295481924,4344,3607,5007,4067,-0.0041136312484246,0.0034822031517035
Romania,ROU,642,2013,Exports,63467774320.0,51662102550.31769,11805671769.682312,0.1860104895148671,4324,3604,5006,4066,-0.0047673790265052,0.0001621723475958
Romania,ROU,642,2014,Exports,67741013779.0,55402534771.011475,12338479007.988523,0.1821419302675613,4380,3639,5003,4063,-0.00419961709719,0.0113790021991044
Romania,ROU,642,2015,Exports,58607127166.0,49366114877.16118,9241012288.83882,0.1576772781007401,4384,3644,5002,4062,-0.0022222764945938,0.0213928834285838
Romania,ROU,642,2016,Exports,61492179494.0,52693885072.765366,8798294421.234634,0.1430798923315624,4363,3623,5003,4064,-0.0028111911554373,0.0204741746427066
Romania,ROU,642,2017,Exports,68001779141.91,58666819640.087715,9334959501.82228,0.1372752245546628,4360,3638,4994,4055,-0.0031599685209728,0.0218013936004938
Romania,ROU,642,2018,Exports,78113412108.48001,68273445948.63521,9839966159.844805,0.1259702513849932,4331,3730,4990,4051,-0.0056861186185397,0.04159743625644
Romania,ROU,642,2019,Exports,75355762426.59,65839353429.35618,9516408997.233818,0.1262864138161232,4410,3775,4987,4048,-0.0057502164128065,0.0480994139493369
Romania,ROU,642,2020,Exports,69486909787.31,61690738717.65168,7796171069.658318,0.1121962552878137,4382,3742,4982,4043,-0.0043483916314408,0.0478914606741077
Romania,ROU,642,2021,Exports,86375872523.72,73477498547.90916,12898373975.810837,0.1493284362744789,4216,3746,4982,4043,-0.0074066627661527,0.0183808386371394
Romania,ROU,642,2022,Exports,95446836510.49,75850569834.08939,19596266676.40062,0.2053108032998758,4589,3805,4988,4049,-0.0086473141217968,0.0314728140259756
Romania,ROU,642,2023,Exports,98512844375.62,81079790450.8935,17433053924.7265,0.1769622432000434,4595,3816,4982,4043,-0.0042502476589982,0.0325144901634124
Romania,ROU,642,2024,Exports,99814813454.66,84727650609.82423,15087162844.83577,0.1511515407649284,4648,3841,4982,4043,-0.0021435393946629,0.0310310725213529
Russian Federation,RUS,643,2000,Exports,90947925149.0,25755047279.9398,65192877869.06019,0.7168154497450568,4482,3771,5035,4076,-0.1210084530917561,0.0140303174170444
Russian Federation,RUS,643,2001,Exports,87397323146.0,23128921312.0542,64268401833.9458,0.7353589277166235,4430,3725,5033,4073,-0.1285599785251669,0.0041331932602219
Russian Federation,RUS,643,2002,Exports,94340196953.0,25075040474.039757,69265156478.96024,0.7342061890486399,4420,3728,5032,4073,-0.114986384968299,0.0088344353965685
Russian Federation,RUS,643,2003,Exports,118370098711.0,29880436580.7731,88489662130.2269,0.7475676973648047,4404,3715,5035,4074,-0.1184300955282375,0.0126403906549011
Russian Federation,RUS,643,2004,Exports,162053320226.0,41086742969.88644,120966577256.11356,0.7464615787409554,4399,3686,5027,4074,-0.1081187578704127,0.0086690737511961
Russian Federation,RUS,643,2005,Exports,221099109497.0,45618969697.65915,175480139799.34085,0.7936718524039187,4314,3638,5034,4074,-0.1181865976708564,0.0151200192603981
Russian Federation,RUS,643,2006,Exports,276708685916.0,52330985824.31826,224377700091.68173,0.810880581319358,4361,3666,5031,4074,-0.1176352282984278,0.0144588606704241
Russian Federation,RUS,643,2007,Exports,323794549287.99994,62522077069.046646,261272472218.9533,0.8069081854326208,4377,3683,5019,4074,-0.110843009632946,0.0132305855019073
Russian Federation,RUS,643,2008,Exports,429663301132.0001,80196398100.88411,349466903031.116,0.8133505982717236,4319,3629,5015,4072,-0.0960233477540889,0.0112746846863589
Russian Federation,RUS,643,2009,Exports,271285719942.99997,49996076512.886185,221289643430.11377,0.8157069361284814,4298,3607,5011,4070,-0.1086146920173484,0.0128489958812286
Russian Federation,RUS,643,2010,Exports,354351182998.0,55887981445.48694,298463201552.51306,0.8422808103174799,4146,3482,5010,4069,-0.1085164913282759,0.017469409836452
Russian Federation,RUS,643,2011,Exports,460968857495.9999,69182681572.77457,391786175923.22534,0.849918968607603,4198,3541,5011,4071,-0.1062361971053656,0.0213532157188994
Russian Federation,RUS,643,2012,Exports,512055163811.0,86407067180.67487,425648096630.32513,0.8312543778729126,4637,3840,5007,4067,-0.1080930954749116,0.0215248758939845
Russian Federation,RUS,643,2013,Exports,514057754472.00006,87574888025.84898,426482866446.15106,0.8296399825428193,4701,3875,5006,4066,-0.1061884857635404,0.0268439498995299
Russian Federation,RUS,643,2014,Exports,486186538436.00006,85676805303.22218,400509733132.7779,0.8237779154091072,4721,3888,5003,4063,-0.1042389590081177,0.0226368426028206
Russian Federation,RUS,643,2015,Exports,333110788549.0,71345030711.95811,261765757837.04187,0.7858219152170648,4726,3892,5002,4062,-0.0980515479312845,0.0222758162708297
Russian Federation,RUS,643,2016,Exports,256504341622.72003,69924852774.72404,186579488847.99597,0.7273931024622843,4490,3926,5003,4064,-0.0902787133712222,0.0191376991825767
Russian Federation,RUS,643,2017,Exports,320943632935.74,83465283108.48227,237478349827.25772,0.7399378752430529,4520,3934,4994,4055,-0.0893295662994758,0.0246350822509762
Russian Federation,RUS,643,2018,Exports,387037097923.0,86860770435.79553,300176327487.20447,0.7755750781981208,4789,3927,4990,4051,-0.0960339398399955,0.0267785820718163
Russian Federation,RUS,643,2019,Exports,371077659453.5501,83545255470.05206,287532403983.498,0.7748577599818836,4812,3938,4987,4048,-0.0952419299225015,0.0275831806536599
Russian Federation,RUS,643,2020,Exports,297475968640.462,72429247930.73882,225046720709.7231,0.7565206753951984,4785,3910,4982,4043,-0.0924043791952481,0.0282855477048452
Russian Federation,RUS,643,2021,Exports,418969913919.419,109826960701.07906,309142953218.33997,0.7378643261668613,4784,3913,4982,4043,-0.0806851147785894,0.0260144458099887
Rwanda,RWA,646,2001,Exports,186706568.0,5791939.7516,180914628.2484,0.9689783824230545,257,219,5033,4073,-0.2169734891731801,0.0169384905724136
Rwanda,RWA,646,2002,Exports,37329699.0,16025594.324,21304104.676,0.5707012177087203,271,241,5032,4073,0.2143710499120638,0.0311909443635402
Rwanda,RWA,646,2003,Exports,51156377.0,6135924.0,45020453.0,0.8800555402897277,275,228,5035,4074,0.108967209547566,0.0348083265003536
Rwanda,RWA,646,2004,Exports,99163238.0,7650900.0,91512338.0,0.9228453996227916,387,312,5027,4074,0.0777556200176694,0.0202198486538786
Rwanda,RWA,646,2005,Exports,149908317.0,19954385.967219263,129953931.03278074,0.8668894003578249,533,445,5034,4074,0.1611223480354687,0.0426870490589708
Rwanda,RWA,646,2006,Exports,143309312.0,13614681.3386,129694630.6614,0.9049979296627982,484,403,5031,4074,0.1677256476466674,0.0351676266043216
Rwanda,RWA,646,2007,Exports,183512794.0,24919420.13566985,158593373.86433014,0.8642088129524644,685,562,5019,4074,0.2174590099202854,0.0415590949633437
Rwanda,RWA,646,2008,Exports,397722748.99999994,54487602.89695158,343235146.1030484,0.8630010402121817,719,515,5015,4072,0.206999887772448,0.0126466718710531
Rwanda,RWA,646,2009,Exports,252722960.0,64416778.2741944,188306181.7258056,0.745109117611655,828,658,5011,4070,0.0820946877771787,-0.0033334379181322
Rwanda,RWA,646,2010,Exports,240106360.006,30222596.5014194,209883763.5045806,0.8741282967237346,878,698,5010,4069,0.1698105244688961,0.008812871877024
Rwanda,RWA,646,2011,Exports,400075916.7800001,56851286.10241912,343224630.67758095,0.8578987544164489,1011,809,5011,4071,0.1486474898853281,0.0070889506910492
Rwanda,RWA,646,2012,Exports,387130823.818,43008164.43132037,344122659.3866796,0.888905347274699,582,471,5007,4067,0.1611228866133913,0.0115148459025587
Rwanda,RWA,646,2013,Exports,622448945.237,116791602.3004374,505657342.9365626,0.812367579390839,1164,891,5006,4066,0.1758729559419363,0.0288171552819164
Rwanda,RWA,646,2014,Exports,615823959.785,85147557.40561306,530676402.3793869,0.8617339321527206,1258,983,5003,4063,0.1132266555583664,-0.001671079635535
Rwanda,RWA,646,2015,Exports,593622990.663,93083844.0553271,500539146.60767287,0.8431936674970009,1327,1087,5002,4062,0.0473822617747203,0.0182186820617007
Rwanda,RWA,646,2016,Exports,613073671.517,78861981.916828,534211689.6001719,0.8713662230483807,1173,963,5003,4064,-0.0147750373395695,0.0177997628169177
Rwanda,RWA,646,2017,Exports,942567241.892,112913806.2684325,829653435.6235675,0.8802060996287305,1485,1239,4994,4055,0.0557157386129283,0.0433663317204858
Rwanda,RWA,646,2018,Exports,999954636.441,155734267.73972136,844220368.7012787,0.8442586672791431,2293,2003,4990,4051,0.0576771931445244,0.0233476440621821
Rwanda,RWA,646,2019,Exports,1131956067.38,177809125.18230265,954146942.1976974,0.8429187047922666,2512,2194,4987,4048,-0.0155117383764238,0.0294573169769222
Rwanda,RWA,646,2020,Exports,1431176312.56,204513586.56065112,1226662725.9993489,0.8571010540309811,2303,1990,4982,4043,-0.1065245564153862,0.0354654782280394
Rwanda,RWA,646,2021,Exports,1562504482.7,406061290.1257451,1156443192.574255,0.7401215198921713,2507,2145,4982,4043,0.0138637752788003,0.0319508138460866
Rwanda,RWA,646,2022,Exports,2019269801.94,397275450.4049742,1621994351.5350258,0.8032578657773743,2560,2199,4988,4049,-0.0392045662942751,0.0097638785359266
Saint Lucia,LCA,662,2000,Exports,39703065.0,17071652.402,22631412.598,0.5700167631390675,634,531,5035,4076,-0.059157832676797,0.0029963844095061
Saint Lucia,LCA,662,2001,Exports,41769306.0,19461532.1037,22307773.8963,0.5340709729843249,674,553,5033,4073,-0.0518772907308059,-0.0280923200793248
Saint Lucia,LCA,662,2002,Exports,61187639.0,33193898.8424,27993740.1576,0.4575064607019728,1102,969,5032,4073,-0.0610170939924195,-0.0018589220318851
Saint Lucia,LCA,662,2003,Exports,61716072.0,37713704.532900006,24002367.46709999,0.3889159936669332,1095,969,5035,4074,-0.0447543832420767,-0.0196789033658097
Saint Lucia,LCA,662,2004,Exports,78910990.0,38167805.384399995,40743184.615600005,0.5163182544738065,998,878,5027,4074,-0.0548290857554883,-0.0002834314278704
Saint Lucia,LCA,662,2005,Exports,63456770.00000001,36350177.3451,27106592.654900007,0.4271662843050474,972,858,5034,4074,-0.0350679636573405,-0.0289085849834305
Saint Lucia,LCA,662,2006,Exports,92855012.0,52796817.6754,40058194.3246,0.4314058386487527,1047,940,5031,4074,-0.0558348129763972,-0.0032112333401315
Saint Lucia,LCA,662,2007,Exports,52264172.0,36392312.051,15871859.949,0.3036852846152427,832,733,5019,4074,-0.0195598069704138,-0.0041436808850462
Saint Lucia,LCA,662,2008,Exports,162471923.0,102074806.0871,60397116.9129,0.3717387952187899,1463,1328,5015,4072,-0.0386142966157349,-0.0083622888337228
Saint Lucia,LCA,662,2009,Exports,252670301.0,204409533.051,48260767.949,0.1910029305304069,1490,1349,5011,4070,-0.0134177935632576,0.0058009290557216
Saint Lucia,LCA,662,2010,Exports,213996393.99999997,164587909.9382,49408484.06179997,0.2308846571582883,1515,1375,5010,4069,-0.0207598249545057,0.0078692036493459
Saint Lucia,LCA,662,2011,Exports,135458813.0,80209636.69659999,55249176.30340001,0.4078669750590536,1457,1347,5011,4071,-0.0387502470850548,0.0070738901407676
Saint Lucia,LCA,662,2012,Exports,75808553.0,46555795.174,29252757.826,0.3858767469944981,1422,1308,5007,4067,-0.0340825635257905,0.0107083048962833
Saint Lucia,LCA,662,2013,Exports,153519945.0,102271477.409,51248467.59099999,0.333822863153058,1662,1516,5006,4066,-0.0269445112332157,0.0005016797323616
Saint Lucia,LCA,662,2014,Exports,145524344.0,99065061.814,46459282.18599999,0.3192543660323937,1723,1570,5003,4063,-0.0243321105723569,0.0039980999548724
Saint Lucia,LCA,662,2015,Exports,179733144.0,118149522.3196,61583621.680400014,0.3426392056013888,1722,1555,5002,4062,-0.0229873156540207,0.001346005252448
Saint Lucia,LCA,662,2016,Exports,119137218.0,101255621.8819,17881596.118100002,0.1500924431364513,1799,1617,5003,4064,-0.00547046660429,0.0077524598195397
Saint Lucia,LCA,662,2017,Exports,140797140.728,116672335.5605242,24124805.16747579,0.1713444253394426,1617,1458,4994,4055,-0.0040113243270692,-0.0049454382294343
Saint Lucia,LCA,662,2018,Exports,115900067.44,94866894.315215,21033173.12478501,0.1814767979809297,1567,1413,4990,4051,-0.0071365862390257,0.0125043721976615
Saint Lucia,LCA,662,2019,Exports,96491642.84,76819864.533376,19671778.30662401,0.2038702806547014,1599,1438,4987,4048,-0.008139326523316,0.0081710780787127
Saint Lucia,LCA,662,2020,Exports,66831556.84,49078542.147195935,17753014.69280407,0.2656382034508964,1475,1294,4982,4043,-0.0008567472325724,-0.000230118238953
Saint Vincent and the Grenadines,VCT,670,2000,Exports,50590162.0,14663971.4527,35926190.547299996,0.7101418364167325,614,515,5035,4076,-0.0628594309467978,0.0305260645906721
Saint Vincent and the Grenadines,VCT,670,2001,Exports,44600739.0,11820307.034,32780431.966,0.734975085637034,583,492,5033,4073,-0.0366132487596383,0.0756833185714562
Saint Vincent and the Grenadines,VCT,670,2002,Exports,39295531.0,8436496.2399,30859034.7601,0.7853064706034892,585,489,5032,4073,-0.0554363967102471,0.0342377858707922
Saint Vincent and the Grenadines,VCT,670,2003,Exports,30683020.0,12636429.382,18046590.618,0.5881621371690271,631,538,5035,4074,-0.0192845553805628,0.048410158090842
Saint Vincent and the Grenadines,VCT,670,2004,Exports,36610695.0,9500361.8296,27110333.1704,0.7405031008124812,564,473,5027,4074,-0.0449795517550004,0.0649053142880595
Saint Vincent and the Grenadines,VCT,670,2005,Exports,39881287.0,12646707.505,27234579.495,0.6828911889177498,754,628,5034,4074,-0.0307040865697127,-0.0086726162973755
Saint Vincent and the Grenadines,VCT,670,2006,Exports,38106996.0,11535581.5251,26571414.4749,0.6972844166173582,620,502,5031,4074,-0.0314476000140088,-0.0325359793890123
Saint Vincent and the Grenadines,VCT,670,2007,Exports,47700970.0,19232815.297,28468154.703,0.5968045241637644,625,538,5019,4074,0.0325616124736941,0.0432494077672691
Saint Vincent and the Grenadines,VCT,670,2008,Exports,52103123.0,21990917.6813,30112205.3187,0.5779347491070737,619,520,5015,4072,-0.0049230013027756,0.0390184992230726
Saint Vincent and the Grenadines,VCT,670,2009,Exports,49063782.0,20006262.721100003,29057519.278899997,0.5922396948302925,779,671,5011,4070,0.0626977583808475,0.0391648987758641
Saint Vincent and the Grenadines,VCT,670,2010,Exports,41515792.0,15095270.0504,26420521.9496,0.6363969149281796,938,810,5010,4069,0.0383377810941172,0.0420264335705701
Saint Vincent and the Grenadines,VCT,670,2011,Exports,38431999.0,13916301.809,24515697.191,0.6378980492531757,831,723,5011,4071,0.0348430868482495,0.0395544534141125
Saint Vincent and the Grenadines,VCT,670,2012,Exports,43042484.00000001,15104653.726,27937830.274000008,0.6490756963283068,740,623,5007,4067,0.0573359683034545,0.0248260657314108
Saint Vincent and the Grenadines,VCT,670,2013,Exports,48802679.566999994,19691935.475417703,29110744.09158229,0.5964988879681672,783,676,5006,4066,0.0253299012218485,0.0533951663656649
Saint Vincent and the Grenadines,VCT,670,2014,Exports,49307191.595,20910209.3009788,28396982.294021197,0.5759196858597965,795,684,5003,4063,0.0467312239765169,0.040785590399128
Saint Vincent and the Grenadines,VCT,670,2015,Exports,46868923.742,18243326.5874828,28625597.1545172,0.610758576665701,690,585,5002,4062,0.0774715689022775,0.0585384380497801
Saint Vincent and the Grenadines,VCT,670,2016,Exports,43012868.726,17047915.5481272,25964953.177872796,0.6036554628168234,669,551,5003,4064,0.0525453616943337,0.0151106449728382
Saint Vincent and the Grenadines,VCT,670,2017,Exports,42299408.837000005,19646197.099209,22653211.73779101,0.5355444050077565,748,622,4994,4055,0.0062843942713591,0.0076012458464713
Saint Vincent and the Grenadines,VCT,670,2018,Exports,43665885.81299999,22411000.882377,21254884.930622995,0.4867617943592729,669,551,4990,4051,0.0116122560036798,0.0268188661867384
Saint Vincent and the Grenadines,VCT,670,2019,Exports,38157024.14,17155301.403945997,21001722.736054003,0.5504025329385659,775,645,4987,4048,0.0270641728903051,0.0283841929408253
Saint Vincent and the Grenadines,VCT,670,2020,Exports,55214771.47,30982188.420219,24232583.049781,0.438878626219568,754,614,4982,4043,0.0302086246718563,0.0509388706319055
Saint Vincent and the Grenadines,VCT,670,2021,Exports,34719205.283,11633483.530761098,23085721.7522389,0.6649265605034643,856,716,4982,4043,0.0297699771373473,0.0590130296153123
Saint Vincent and the Grenadines,VCT,670,2022,Exports,44930711.014,14534647.915957998,30396063.098042,0.6765097282473643,796,666,4988,4049,0.0275348878247406,0.0389245440186309
Saint Vincent and the Grenadines,VCT,670,2023,Exports,40785587.781,15253561.665536417,25532026.115463577,0.6260060846139797,1663,1498,4982,4043,-0.0559082442029964,0.0403075037667935
Samoa,WSM,882,2001,Exports,62670363.0,44609285.7421,18061077.2579,0.2881916809369685,844,645,5033,4073,0.0706284358364121,0.0129204046061337
Samoa,WSM,882,2002,Exports,68584109.0,52331361.06949999,16252747.930500008,0.2369754184675638,590,406,5032,4073,0.0709582258623006,0.0316878983303301
Samoa,WSM,882,2003,Exports,82974107.0,71613633.002,11360473.997999996,0.1369158935088026,523,363,5035,4074,0.0455142989304221,-0.0403063383829502
Samoa,WSM,882,2004,Exports,81782994.0,67677977.4078,14105016.592199996,0.1724688214789494,511,369,5027,4074,0.0878119872870081,0.0045440790026514
Samoa,WSM,882,2005,Exports,85935444.0,73000163.247,12935280.753000006,0.1505232317528959,522,366,5034,4074,0.069740316320113,0.0153724429097375
Samoa,WSM,882,2006,Exports,64141194.0,53114304.472,11026889.527999995,0.1719158755915893,511,357,5031,4074,0.0937631547726964,-0.005249895731159
Samoa,WSM,882,2007,Exports,96095004.0,84650352.2338,11444651.766200006,0.1190972609377278,489,353,5019,4074,0.0669002878880584,0.0132919550576668
Samoa,WSM,882,2008,Exports,70796713.0,62912371.6294,7884341.3706,0.111365924158089,371,272,5015,4072,0.0647993191009155,-0.0206939551205316
Samoa,WSM,882,2009,Exports,42130375.0,33753675.4942,8376699.505800001,0.1988280309823969,441,336,5011,4070,0.1279617897952447,0.0027983498325946
Samoa,WSM,882,2010,Exports,70241552.0,49664833.60773444,20576718.39226556,0.2929422515075629,545,423,5010,4069,0.0723633030171124,-0.0131592993636775
Samoa,WSM,882,2011,Exports,65138807.0,40203763.25700001,24935043.742999993,0.3827985941314521,503,407,5011,4071,0.0891062210352734,0.0459608313341061
Samoa,WSM,882,2012,Exports,74092487.0,43631227.95499999,30461259.04500001,0.4111248019654139,535,438,5007,4067,0.0993085247365694,-0.0334644255669933
Samoa,WSM,882,2013,Exports,61120584.0,38452691.8521,22667892.1479,0.3708716550859527,803,655,5006,4066,0.0621238838305919,-0.0054056479760575
Samoa,WSM,882,2014,Exports,33784176.99999999,27212811.259799995,6571365.740199998,0.1945101619672428,530,410,5003,4063,0.0915118994464592,0.0012589457837914
Samoa,WSM,882,2015,Exports,58888775.00000001,25344406.38,33544368.62000001,0.5696224555528622,795,651,5002,4062,0.1684813280443561,0.0248574379603138
Samoa,WSM,882,2016,Exports,55991173.99999999,22845704.011200003,33145469.98879999,0.5919766924122719,779,639,5003,4064,0.1836326473561116,0.0515018434851113
Samoa,WSM,882,2017,Exports,43937105.89700001,11392396.3217051,32544709.575294908,0.7407112715067798,800,593,4994,4055,0.2050051743666713,0.0617422365577091
Samoa,WSM,882,2018,Exports,45796583.99100001,13362903.882921891,32433680.10807812,0.7082117765476136,903,668,4990,4051,0.1232798690053103,0.0126415678333976
Samoa,WSM,882,2019,Exports,48027606.21,13199917.075251576,34827689.13474843,0.7251597962735197,857,624,4987,4048,0.0934168620950695,0.0172124770750582
Samoa,WSM,882,2021,Exports,28833480.684,11009656.3455167,17823824.3384833,0.6181641590144171,847,648,4982,4043,0.1699896415884042,0.0176952525281307
Samoa,WSM,882,2022,Exports,43292778.508,11572048.679178752,31720729.82882125,0.7327025643078009,1093,811,4988,4049,0.0978103336041217,0.0421471797840127
Samoa,WSM,882,2023,Exports,42911542.767000005,9742829.587660035,33168713.179339968,0.7729555042902698,994,760,4982,4043,0.0638234209124976,0.0618578075616213
Samoa,WSM,882,2024,Exports,41065343.626,18969430.72956342,22095912.896436583,0.5380671618792162,944,700,4982,4043,0.0099067926448537,-0.0153635697365199
Sao Tome and Principe,STP,678,2000,Exports,2753406.0000000005,95991.745,2657414.2550000004,0.9651370902075466,67,40,5035,4076,-0.0514636241555961,-0.0525446812167374
Sao Tome and Principe,STP,678,2001,Exports,2622546.0,56887.547999999995,2565658.452,0.9783082744783124,37,21,5033,4073,0.1000965357457908,0.3457425981095382
Sao Tome and Principe,STP,678,2002,Exports,4973913.0,201523.184,4772389.816,0.959483974890594,92,69,5032,4073,-0.0355419854962563,0.0803063715121232
Sao Tome and Principe,STP,678,2003,Exports,6628901.0,345563.11,6283337.89,0.9478702261506092,122,78,5035,4074,-0.1670117993096445,-0.0842061006856535
Sao Tome and Principe,STP,678,2004,Exports,3553082.0,214182.065,3338899.935,0.9397193577294304,80,48,5027,4074,-0.0772429989916246,-0.0046251274435359
Sao Tome and Principe,STP,678,2005,Exports,3414182.0,178838.137,3235343.863,0.9476190381766408,107,70,5034,4074,0.0284501482637086,0.162444872570478
Sao Tome and Principe,STP,678,2006,Exports,3873960.0,388097.0,3485863.0,0.8998190482090678,77,47,5031,4074,0.0031039653764394,-0.0874012911675238
Sao Tome and Principe,STP,678,2007,Exports,6729002.0,811213.071,5917788.929,0.8794452623137873,136,96,5019,4074,-0.0294340098691266,0.0745534723623684
Sao Tome and Principe,STP,678,2008,Exports,10631930.0,549008.9280000001,10082921.072,0.9483622514444696,134,94,5015,4072,-0.0600498310569862,-0.063808299893596
Sao Tome and Principe,STP,678,2009,Exports,7878144.000000001,331289.21770000004,7546854.782300001,0.9579483165451153,98,52,5011,4070,-0.093079057332297,-0.0580164340004495
Sao Tome and Principe,STP,678,2010,Exports,6379068.000000001,564014.884,5815053.116000001,0.9115834971503676,123,80,5010,4069,-0.0198015670601774,0.0875559266394978
Sao Tome and Principe,STP,678,2011,Exports,11036156.0,479350.0,10556806.0,0.9565654925501236,124,99,5011,4071,-0.1677043892158243,-0.0199178116493234
Sao Tome and Principe,STP,678,2012,Exports,6044711.0,943028.0,5101683.0,0.8439912181078633,164,128,5007,4067,-0.1555623759705723,-0.0091030112262982
Sao Tome and Principe,STP,678,2013,Exports,6938258.0,1168495.0,5769763.0,0.8315866893390242,204,179,5006,4066,-0.1053311304928915,0.0941960094582314
Sao Tome and Principe,STP,678,2014,Exports,10497199.0,559241.0,9937958.0,0.9467247405712704,273,228,5003,4063,-0.1546056056889586,0.0868645604621202
Sao Tome and Principe,STP,678,2015,Exports,9223187.0,745524.9447999999,8477662.0552,0.9191684018983892,244,167,5002,4062,-0.0275677003365999,0.0924067961082883
Sao Tome and Principe,STP,678,2016,Exports,10473945.000000002,1276879.0,9197066.000000002,0.8780899651468478,317,259,5003,4064,-0.0012539251499105,0.0592698730640018
Sao Tome and Principe,STP,678,2017,Exports,10562417.737000002,1394009.0650000002,9168408.672000002,0.86802178253973,358,312,4994,4055,-0.0821576357305685,0.0512271181822863
Sao Tome and Principe,STP,678,2018,Exports,12081534.979000002,3337786.348,8743748.631000001,0.7237282883506354,420,390,4990,4051,-0.0245124349946594,0.0578547422020352
Sao Tome and Principe,STP,678,2019,Exports,9858888.930000003,1541104.968,8317783.962000003,0.843683707267407,254,209,4987,4048,-0.0443916882728895,0.1015608890982473
Sao Tome and Principe,STP,678,2020,Exports,12439554.225,1785171.5259999998,10654382.699,0.8564923233010787,306,276,4982,4043,-0.108333617941264,0.084507116022856
Sao Tome and Principe,STP,678,2021,Exports,19170751.52300001,1198889.856,17971861.667000007,0.9374625530688436,322,282,4982,4043,-0.0101778606649597,0.0969197998877579
Sao Tome and Principe,STP,678,2022,Exports,22588961.029999997,624698.9180000001,21964262.111999996,0.9723449468450386,402,367,4988,4049,-0.1188450887221355,0.0411515041711142
Sao Tome and Principe,STP,678,2023,Exports,16373365.246,381525.417,15991839.829,0.976698411641846,312,267,4982,4043,-0.0789962217641085,0.0541845261981119
Saudi Arabia,SAU,682,2000,Exports,77204268329.0,5838724111.2734,71365544217.7266,0.9243730400190812,1660,1422,5035,4076,-0.154806169300097,-0.0053482846907018
Saudi Arabia,SAU,682,2001,Exports,67673745415.0,7367117433.8689,60306627981.1311,0.8911377316462824,1772,1496,5033,4073,-0.1270666484177135,-0.0078052228049624
Saudi Arabia,SAU,682,2002,Exports,72128934494.00002,7711738491.254896,64417196002.74512,0.893083981548398,1879,1583,5032,4073,-0.1325038197105137,-0.0106101624854025
Saudi Arabia,SAU,682,2003,Exports,92765581303.99998,9555531705.945942,83210049598.05405,0.8969927038495914,2118,1754,5035,4074,-0.1396946563036654,-0.0173711487081095
Saudi Arabia,SAU,682,2004,Exports,125551144365.99998,13638269531.572882,111912874834.42712,0.8913727979108234,2342,1950,5027,4074,-0.130729710567346,-0.0174182328047029
Saudi Arabia,SAU,682,2005,Exports,180277726948.99997,17242082121.196083,163035644827.8039,0.904358223209272,2432,2053,5034,4074,-0.1191719917654182,0.0049573648619514
Saudi Arabia,SAU,682,2006,Exports,210823971745.0,20348523038.121925,190475448706.87808,0.9034809805085436,2296,1909,5031,4074,-0.1172866039679179,-0.015393322560918
Saudi Arabia,SAU,682,2007,Exports,232830204352.0,25095648792.97372,207734555559.02628,0.8922148057945551,2516,2088,5019,4074,-0.1123352360599688,-0.0067839525386069
Saudi Arabia,SAU,682,2008,Exports,312931067900.99994,29177688487.480675,283753379413.5193,0.9067600136886652,2579,2176,5015,4072,-0.1087175766079235,0.0067753490933621
Saudi Arabia,SAU,682,2009,Exports,191769293928.99997,25957330879.246033,165811963049.75394,0.8646429240707515,2529,2157,5011,4070,-0.1028254111921415,0.0008829781049104
Saudi Arabia,SAU,682,2010,Exports,250530285917.00003,32473516139.440784,218056769777.55923,0.870380876225882,2552,2180,5010,4069,-0.0971171502663325,0.0004271430131143
Saudi Arabia,SAU,682,2011,Exports,364096808389.0,43084911346.90184,321011897042.09814,0.8816663306181194,2575,2185,5011,4071,-0.0936575993895074,-0.0041770442813126
Saudi Arabia,SAU,682,2012,Exports,387315807004.0,46438851397.809265,340876955606.19073,0.880100810351565,2588,2189,5007,4067,-0.1009991634425426,0.0079366524301755
Saudi Arabia,SAU,682,2013,Exports,375307319169.0,49447967327.84313,325859351841.15686,0.86824672794197,2547,2156,5006,4066,-0.0912392650025085,0.0003025281574892
Saudi Arabia,SAU,682,2014,Exports,341903040888.0,51952818636.41856,289950222251.5814,0.8480480942740805,2506,2145,5003,4063,-0.0859789531105126,-0.0095435397134577
Saudi Arabia,SAU,682,2015,Exports,202721293962.263,44583284094.56654,158138009867.69647,0.7800759692128554,2474,2101,5002,4062,-0.0829418458640564,0.0035366265498781
Saudi Arabia,SAU,682,2016,Exports,182860583255.96603,41035436273.12094,141825146982.8451,0.7755916800523378,2537,2176,5003,4064,-0.0896598516069347,0.0096438917340545
Saudi Arabia,SAU,682,2017,Exports,51245722497.046,45405562900.17311,5840159596.872887,0.1139638454157717,2697,2318,4994,4055,0.0002856210727906,-0.0040149466349237
Saudi Arabia,SAU,682,2018,Exports,294209800131.8251,56488748038.09595,237721052093.72913,0.8079984146932382,3713,3162,4990,4051,-0.0981972110309855,0.0067492045910375
Saudi Arabia,SAU,682,2019,Exports,261388518665.122,54959877014.108185,206428641651.0138,0.7897387486842142,3687,3159,4987,4048,-0.0972421258017731,0.0122355773724642
Saudi Arabia,SAU,682,2020,Exports,173560703199.046,47061056875.91599,126499646323.13,0.7288495839870816,3573,3062,4982,4043,-0.0914787137455451,0.0028265885495802
Saudi Arabia,SAU,682,2021,Exports,275283180301.651,65463221565.91379,209819958735.7372,0.7621967986050575,3720,3163,4982,4043,-0.0891421355715547,0.008797767256479
Saudi Arabia,SAU,682,2022,Exports,410798835728.582,74076035552.30634,336722800176.27563,0.8196780781500341,3812,3288,4988,4049,-0.0957433062608547,0.0088014854535432
Saudi Arabia,SAU,682,2023,Exports,318740109038.16907,63267293010.85846,255472816027.3106,0.8015082155748331,3884,3325,4982,4043,-0.1020954601325202,0.0123955708135476
Saudi Arabia,SAU,682,2024,Exports,295597570018.16504,71359796528.52563,224237773489.6394,0.7585913966608709,3886,3324,4982,4043,-0.0866623285379336,0.0149330163678425
Senegal,SEN,686,2000,Exports,692816303.0,208940170.1092,483876132.8908,0.698419091461247,1278,1048,5035,4076,0.0483101302507799,0.012411177210938
Senegal,SEN,686,2001,Exports,781521923.0,247997630.5966,533524292.4034,0.6826734819611708,1336,1110,5033,4073,0.0232579431039138,0.0154326089766642
Senegal,SEN,686,2002,Exports,689960746.0,366866774.384,323093971.616,0.4682787730883461,1385,1172,5032,4073,0.0290534237756391,0.0103640188098356
Senegal,SEN,686,2003,Exports,1154226208.0,499418073.0865188,654808134.9134812,0.5673135217126184,1589,1322,5035,4074,0.0117961929579836,0.0310680088702681
Senegal,SEN,686,2004,Exports,1315412322.0,569768152.6871763,745644169.3128237,0.5668520484733787,1778,1442,5027,4074,-0.000945489420852,0.0119613662573006
Senegal,SEN,686,2005,Exports,1470807208.0,701613994.3281789,769193213.6718211,0.5229735137875535,1897,1573,5034,4074,-0.0247186842498242,0.0222353334282813
Senegal,SEN,686,2006,Exports,1491548547.0,493366499.7785654,998182047.2214346,0.669225315682222,1904,1544,5031,4074,-0.0132870285141745,-0.0023497632432495
Senegal,SEN,686,2007,Exports,1546227244.0,582560720.8191874,963666523.1808126,0.6232373196890926,1899,1549,5019,4074,0.0072216922577516,0.0254158041992302
Senegal,SEN,686,2008,Exports,2168583987.0,853996235.9346144,1314587751.0653856,0.6061963746601186,2032,1676,5015,4072,-0.0219858353041511,0.0342922007461585
Senegal,SEN,686,2009,Exports,2017383962.0,772915216.7820982,1244468745.2179017,0.6168725283134286,1903,1548,5011,4070,-0.01117040365234,0.0134121252518461
Senegal,SEN,686,2010,Exports,2085655888.997,735341822.3588221,1350314066.638178,0.6474289808600925,1957,1615,5010,4069,-0.018895360115389,0.0272078408290017
Senegal,SEN,686,2011,Exports,2541461402.0,985354949.8034234,1556106452.1965766,0.6122880524457308,1962,1619,5011,4071,0.0022490771208949,0.038993892669129
Senegal,SEN,686,2012,Exports,2531076684.0,1010391464.444944,1520685219.555056,0.6008056686579062,1924,1585,5007,4067,-0.0305760113906921,0.0238834156539674
Senegal,SEN,686,2013,Exports,2659128456.0,962183268.9605014,1696945187.0394986,0.6381584098393397,1935,1554,5006,4066,-0.0538342976661722,0.0293598178325363
Senegal,SEN,686,2014,Exports,2748615446.0,949268678.150637,1799346767.8493629,0.6546375086656494,1947,1566,5003,4063,-0.0507011402989636,0.0350784830071708
Senegal,SEN,686,2015,Exports,2449072015.0,858526646.2334541,1590545368.7665458,0.6494481824237193,1972,1614,5002,4062,-0.0196006345421372,0.053109454876186
Senegal,SEN,686,2016,Exports,2537016035.0,908144906.0626632,1628871128.937337,0.6420421102846269,1963,1588,5003,4064,-0.0212601563934354,0.0533557587921136
Senegal,SEN,686,2017,Exports,2950066356.369,998172618.7762816,1951893737.5927184,0.661644011287647,1991,1625,4994,4055,-0.0382658988480822,0.0394960356521564
Senegal,SEN,686,2018,Exports,3570812625.573,1163832758.241399,2406979867.331601,0.6740706163335464,1957,1594,4990,4051,-0.0438532901782744,0.0457529744693206
Senegal,SEN,686,2019,Exports,4139401798.835,1223753418.2644532,2915648380.570547,0.7043646696465011,2009,1639,4987,4048,-0.0373555935205025,0.0512743531977251
Senegal,SEN,686,2020,Exports,3912808993.704001,1268575267.5206838,2644233726.1833167,0.6757891147863554,1919,1567,4982,4043,-0.0538387955025007,0.0188888409215215
Senegal,SEN,686,2021,Exports,5176517921.232,1632449811.7385232,3544068109.493477,0.6846432608601877,2067,1672,4982,4043,-0.0376712837582347,0.0325991319745777
Senegal,SEN,686,2022,Exports,5697088485.327,1956448787.2567556,3740639698.070244,0.6565879585167685,2037,1668,4988,4049,-0.0221824309088027,0.0447266726681645
Senegal,SEN,686,2023,Exports,5312176853.26,1669533089.570324,3642643763.689676,0.6857158306870454,2631,2253,4982,4043,-0.0437035425217747,0.0514939546772399
Senegal,SEN,686,2024,Exports,6305879310.251,1701530852.667453,4604348457.583548,0.7301675517478744,2690,2310,4982,4043,-0.059781292953797,0.0376149761233318
Serbia,SRB,688,2006,Exports,6425815970.0,5017860620.07527,1407955349.9247303,0.2191091927465719,4023,3427,5031,4074,-0.0034388853081002,0.012221528428445
Serbia,SRB,688,2007,Exports,8786797598.0,6913257948.30225,1873539649.69775,0.2132221243066068,4108,3488,5019,4074,0.0040739260731325,0.0263951920981709
Serbia,SRB,688,2008,Exports,10882575828.0,8692528602.82934,2190047225.17066,0.2012434610872035,4168,3525,5015,4072,0.0021064384010208,0.0247285957182157
Serbia,SRB,688,2009,Exports,8226943379.0,6199819798.263897,2027123580.736103,0.2464005752015402,4081,3450,5011,4070,5.3958410722865224e-06,0.0258935402491312
Serbia,SRB,688,2010,Exports,9654093045.0,7025291459.583847,2628801585.416153,0.2722991764387074,4117,3489,5010,4069,-0.0025408707419799,0.0240326414701088
Serbia,SRB,688,2011,Exports,11387720999.0,8474392181.570494,2913328817.4295063,0.2558307160568244,4071,3481,5011,4071,-7.503244281292787e-05,0.0265550222883736
Serbia,SRB,688,2012,Exports,11131033511.0,8101744717.942353,3029288793.0576468,0.272148025613616,4189,3545,5007,4067,-0.0029535565376445,0.0268062992065727
Serbia,SRB,688,2013,Exports,14511155641.0,11134066933.02795,3377088707.9720497,0.2327236225370212,4196,3534,5006,4066,0.0057711531454908,0.0224101837052418
Serbia,SRB,688,2014,Exports,14732256624.0,11424108220.22232,3308148403.777679,0.224551369705877,4176,3506,5003,4063,0.0079693865833531,0.0278310245035781
Serbia,SRB,688,2015,Exports,13184993851.0,10334454688.791576,2850539162.2084236,0.2161957141900546,4215,3552,5002,4062,0.0087276942146917,0.0320812292658635
Serbia,SRB,688,2016,Exports,14592886063.0,11453867760.153622,3139018302.8463783,0.2151060653317442,4245,3564,5003,4064,0.0062047330981233,0.0324598738573006
Serbia,SRB,688,2017,Exports,16232851318.0,13161671278.567093,3071180039.432907,0.189195353254261,4237,3578,4994,4055,0.0003321122763734,0.0267360520674703
Serbia,SRB,688,2018,Exports,17863693573.0,15157689266.583263,2706004306.4167347,0.151480671976299,4006,3587,4990,4051,-0.0082170613238229,0.0148342173147821
Serbia,SRB,688,2019,Exports,18295300405.0,15432117627.339607,2863182777.6603928,0.1564982653620654,4047,3596,4987,4048,-0.0096109361654304,0.0121220060759328
Serbia,SRB,688,2020,Exports,18075293688.0,15053447425.07583,3021846262.9241695,0.1671810325787592,4015,3598,4982,4043,-0.0101421141110302,0.0121173268849815
Serbia,SRB,688,2021,Exports,23825473095.0,19142932845.56764,4682540249.432358,0.196535037552519,4036,3599,4982,4043,-0.0137245585237277,0.0127814444594046
Serbia,SRB,688,2022,Exports,28869477817.0,21512770491.298573,7356707325.701427,0.2548264770265216,4400,3733,4988,4049,-0.0073781472276088,0.0312442918009691
Serbia,SRB,688,2023,Exports,30602400724.0,23393881608.977192,7208519115.022808,0.2355540396989021,4406,3735,4982,4043,-0.0065899706858411,0.031377174554343
Serbia,SRB,688,2024,Exports,32492155169.0,24503424234.183434,7988730934.816566,0.2458664527873,4342,3684,4982,4043,-0.0073729206399453,0.0314601563501383
Seychelles,SYC,690,2000,Exports,193594684.0,118327616.0,75267068.0,0.3887868532588426,424,280,5035,4076,-0.0493427611011636,0.0100979342241009
Seychelles,SYC,690,2001,Exports,162012257.0,151460311.9931,10551945.006900012,0.0651305351970994,348,222,5033,4073,-0.0073782505720066,0.0848479542108573
Seychelles,SYC,690,2002,Exports,226796303.00000003,169483488.0,57312815.00000003,0.2527061254609605,337,240,5032,4073,-0.0221058753205556,0.0575511050581319
Seychelles,SYC,690,2003,Exports,641508068.6999999,473202020.58799994,168306048.112,0.2623599862945886,284,192,5035,4074,-0.023208081117051,-0.0210350082531609
Seychelles,SYC,690,2004,Exports,808680117.7800001,565447140.519,243232977.26100004,0.300777738827964,305,227,5027,4074,-0.0350722922919327,-0.0275191268542144
Seychelles,SYC,690,2005,Exports,784948260.1110002,508587913.0980001,276360347.01300013,0.3520746029476131,322,217,5034,4074,-0.0252548619890142,0.0123734176695661
Seychelles,SYC,690,2006,Exports,1076224148.6720002,617005654.583,459218494.0890002,0.4266940996033678,324,233,5031,4074,-0.0423140295309601,0.0428965758779567
Seychelles,SYC,690,2007,Exports,1041515351.405,606098523.815,435416827.5899999,0.4180608831186447,571,396,5019,4074,-0.044938204033618,0.0591818067092111
Seychelles,SYC,690,2008,Exports,435310231.4630001,288012677.27447116,147297554.18852895,0.3383737471400296,506,340,5015,4072,0.174359811718853,0.0871016857330173
Seychelles,SYC,690,2009,Exports,318948976.426,57997064.101,260951912.325,0.8181619369000984,350,309,5011,4070,0.3417090550159473,0.1254022593894896
Seychelles,SYC,690,2010,Exports,770657504.1620001,650144857.6830001,120512646.47899996,0.1563764004478791,392,339,5010,4069,0.0635765961170711,0.0169853297759191
Seychelles,SYC,690,2011,Exports,1874365999.619,1745700961.699,128665037.92000008,0.0686445645867208,353,314,5011,4071,0.0071792003637385,0.0292733719460362
Seychelles,SYC,690,2012,Exports,1351562406.2170002,1280085752.374,71476653.84300017,0.0528844643164218,336,300,5007,4067,0.0077869760960471,-0.0103368728370018
Seychelles,SYC,690,2013,Exports,1322809320.0690005,1193624783.3479998,129184536.72100069,0.0976592277972929,371,331,5006,4066,0.0261857252908359,0.0411931572471318
Seychelles,SYC,690,2014,Exports,1070743547.0839998,1004623575.974,66119971.109999895,0.061751454202145,344,311,5003,4063,0.0059899490708538,0.0534967994509564
Seychelles,SYC,690,2015,Exports,283243892.791,261253022.64200005,21990870.14899996,0.0776393444261358,355,302,5002,4062,0.0074291549905037,0.0423354984417713
Seychelles,SYC,690,2016,Exports,349743694.335,314347116.661,35396577.673999965,0.1012071932885101,319,270,5003,4064,0.024303821665524,0.0162949658298657
Seychelles,SYC,690,2017,Exports,3006187957.768001,2940495229.4160004,65692728.35200071,0.021852501997505,426,374,4994,4055,0.0057903337541945,-0.0075996758092783
Seychelles,SYC,690,2018,Exports,690249188.8810002,561567797.9213178,128681390.95968236,0.186427442483916,410,352,4990,4051,0.0535106422721698,0.0765980334300351
Seychelles,SYC,690,2019,Exports,525932877.707,424858950.3861634,101073927.32083654,0.192180279281086,490,425,4987,4048,0.0455865035002329,0.0484216418400088
Seychelles,SYC,690,2020,Exports,960064006.899,748566305.5512207,211497701.34777927,0.2202954176262845,433,369,4982,4043,0.0078166260028165,0.0717787570012554
Seychelles,SYC,690,2021,Exports,630061907.644,385644513.72044134,244417393.9235587,0.3879259973635168,506,450,4982,4043,0.0440166867743886,0.0573768570549048
Seychelles,SYC,690,2022,Exports,602310624.2900001,381814299.5070535,220496324.7829466,0.3660840700641238,680,609,4988,4049,0.0151329842389636,0.0549748432186673
Seychelles,SYC,690,2023,Exports,548072008.898,271823788.97499996,276248219.92300004,0.5040363591609944,555,499,4982,4043,-0.0201932569007741,0.034253849259302
Seychelles,SYC,690,2024,Exports,593393777.056,285366688.3160826,308027088.7399174,0.5190938979308645,638,570,4982,4043,-0.0216133491194858,0.0498881805233479
Singapore,SGP,702,2000,Exports,133441390704.0,119560370973.75449,13881019730.245514,0.1040233443087866,4722,3929,5035,4076,-0.0024185433422774,0.0355770730676612
Singapore,SGP,702,2001,Exports,117088522633.0,104285410690.9342,12803111942.065796,0.109345575929723,4724,3933,5033,4073,-0.0028190486397908,0.0351443583389159
Singapore,SGP,702,2002,Exports,120590012895.0,107358429924.52287,13231582970.477112,0.1097237047482373,4751,3947,5032,4073,-0.0035118317389568,0.027982560142473
Singapore,SGP,702,2003,Exports,154587588083.0,136824649663.0018,17762938419.9982,0.1149053338645859,4603,3859,5035,4074,-0.0052900777867944,0.0276466718224653
Singapore,SGP,702,2004,Exports,192465579269.0,167487438557.692,24978140711.308018,0.1297797809155124,4606,3859,5027,4074,-0.0056068346886564,0.0331703340937201
Singapore,SGP,702,2005,Exports,148236661944.0,113346555686.67844,34890106257.32156,0.2353675926033881,4265,3597,5034,4074,-0.0205965423149295,0.0294018748679055
Singapore,SGP,702,2006,Exports,172989938745.0,128615319750.08424,44374618994.91576,0.2565156061493682,4248,3580,5031,4074,-0.0228787321976942,0.0315136373821198
Singapore,SGP,702,2007,Exports,281269019944.0,229080473904.12265,52188546039.87735,0.1855467269387434,4530,3829,5019,4074,-0.0106363413570322,0.0241043990142999
Singapore,SGP,702,2008,Exports,313073430153.0,238740099614.9084,74333330538.09161,0.2374309774603506,4537,3825,5015,4072,-0.0149706713642581,0.0292670208759645
Singapore,SGP,702,2009,Exports,250230917213.0,199442658725.90652,50788258487.093475,0.2029655609816664,4534,3827,5011,4070,-0.011570634954557,0.0231253356650712
Singapore,SGP,702,2010,Exports,305958034677.16504,255216895224.06665,50741139453.09842,0.1658434612009404,4502,3822,5010,4069,-0.0083662626933317,0.0249483410623659
Singapore,SGP,702,2011,Exports,355992273994.55396,282074408781.56146,73917865212.9925,0.2076389590806774,4660,3897,5011,4071,-0.0105641561236259,0.035348323690036
Singapore,SGP,702,2012,Exports,382189788607.3779,288394903339.9264,93794885267.45154,0.2454144199122145,4699,3906,5007,4067,-0.0136742516249914,0.0384225043003141
Singapore,SGP,702,2013,Exports,386797113392.923,291953991927.22363,94843121465.69934,0.2452012131986987,4690,3902,5006,4066,-0.0132811014629328,0.0358780378673007
Singapore,SGP,702,2014,Exports,383189518992.407,293181537367.91724,90007981624.48975,0.2348915540831201,4692,3906,5003,4063,-0.0128650984296917,0.0395075465480746
Singapore,SGP,702,2015,Exports,338102181293.469,273181534000.11777,64920647293.35126,0.1920148726783896,4693,3909,5002,4062,-0.010179194200517,0.0327868516609979
Singapore,SGP,702,2016,Exports,322134653328.426,265422285795.28293,56712367533.1431,0.1760517440367495,4685,3902,5003,4064,-0.0089780309294634,0.0301956270199015
Singapore,SGP,702,2017,Exports,351832543636.146,284082138706.947,67750404929.198975,0.1925643495880366,4679,3903,4994,4055,-0.0093860610798266,0.0307281057185176
Singapore,SGP,702,2018,Exports,385298317843.54895,311448345329.68536,73849972513.86359,0.1916695949444827,4692,3899,4990,4051,-0.0099288638047987,0.0382645107600492
Singapore,SGP,702,2019,Exports,368806245318.943,301450518029.7049,67355727289.2381,0.1826317426674512,4682,3898,4987,4048,-0.0092808450558641,0.0409841339253412
Singapore,SGP,702,2020,Exports,353398118394.42004,300874298425.6575,52523819968.76257,0.1486250696732399,4654,3871,4982,4043,-0.0056641752469388,0.0375083669220694
Singapore,SGP,702,2021,Exports,432540256889.688,362282855284.9859,70257401604.70203,0.1624297403203789,4638,3862,4982,4043,-0.0063683106993569,0.0295420426647389
Singapore,SGP,702,2022,Exports,479438490384.278,388397666686.1778,91040823698.10022,0.189890518854941,4686,3904,4988,4049,-0.0074356686708205,0.0379528062202909
Singapore,SGP,702,2023,Exports,443033453805.292,363436728325.73175,79596725479.56024,0.1796630136977016,4700,3904,4982,4043,-0.0067246607054863,0.0383869303203407
Singapore,SGP,702,2024,Exports,470216803889.96594,388508578945.3084,81708224944.65753,0.1737671309674799,4704,3907,4982,4043,-0.0059843793886615,0.0422133628222805
Slovakia,SVK,703,2000,Exports,11884547578.0,10029507014.5178,1855040563.4822009,0.1560884460520942,4160,3544,5035,4076,-0.0138882632710179,0.0117388606406799
Slovakia,SVK,703,2001,Exports,12635923084.0,10733055909.2222,1902867174.7777996,0.1505918611666186,4208,3597,5033,4073,-0.0127094578593958,0.0165841347285936
Slovakia,SVK,703,2002,Exports,14477417305.0,12440712155.710314,2036705149.2896864,0.1406815253288498,4265,3624,5032,4073,-0.0100716349122111,0.0135813170997085
Slovakia,SVK,703,2003,Exports,21916964525.0,19357612217.213707,2559352307.786293,0.1167749441245351,4246,3618,5035,4074,-0.0078415238702188,0.0089023543821199
Slovakia,SVK,703,2004,Exports,27842956275.0,23926059021.02162,3916897253.9783783,0.1406782101473662,4157,3525,5027,4074,-0.0073275999651545,0.0100236907889249
Slovakia,SVK,703,2005,Exports,31268414639.0,26876358721.744957,4392055917.255043,0.1404630189269968,3204,2780,5034,4074,-0.0066608862041412,0.004905641126595
Slovakia,SVK,703,2006,Exports,40544527406.0,34900950980.55823,5643576425.441772,0.1391945297309497,3120,2717,5031,4074,-0.0059690500767304,0.0046675517987062
Slovakia,SVK,703,2007,Exports,56945350843.00001,50331333721.89417,6614017121.105835,0.1161467446102996,3260,2831,5019,4074,-0.0034761798703804,-0.0013362797141123
Slovakia,SVK,703,2008,Exports,68693266637.0,60583659847.16928,8109606789.830719,0.1180553376895701,3223,2783,5015,4072,-0.0028037902643699,0.0005078470294439
Slovakia,SVK,703,2009,Exports,55502593700.0,48977270932.854774,6525322767.145226,0.1175678888524668,4224,3545,5011,4070,-0.0022408998123802,0.0041164813743006
Slovakia,SVK,703,2010,Exports,65234012244.11901,56727908119.77016,8506104124.348846,0.1303936984976068,4194,3516,5010,4069,-0.0016765556650787,0.0101390028543089
Slovakia,SVK,703,2011,Exports,78864074304.52301,67691276580.287186,11172797724.235825,0.141671576351655,4220,3533,5011,4071,-0.0024978641653123,0.0012359711159276
Slovakia,SVK,703,2012,Exports,79838936660.51001,68243357208.161194,11595579452.348816,0.1452371479051051,4282,3575,5007,4067,-0.0012335760590399,0.0105115006287848
Slovakia,SVK,703,2013,Exports,85141896808.908,74432704714.24286,10709192094.665146,0.1257805204727914,4269,3562,5006,4066,-0.0011764288010511,0.0069335727300589
Slovakia,SVK,703,2014,Exports,85684849786.845,76425016740.29787,9259833046.547134,0.1080684983352655,4290,3583,5003,4063,-0.0011339004634923,0.0060062974914055
Slovakia,SVK,703,2015,Exports,74939091833.233,67935299498.59591,7003792334.637093,0.0934597973274496,4294,3586,5002,4062,-0.000367725160935,0.0119358346381809
Slovakia,SVK,703,2016,Exports,76877796453.207,70744137290.86972,6133659162.33728,0.0797845339658068,4266,3568,5003,4064,0.0006413292779657,0.0177899162521292
Slovakia,SVK,703,2017,Exports,82900959819.78,75979621247.85327,6921338571.926727,0.0834892453232527,4220,3571,4994,4055,-0.0002198637341218,0.0336954052728168
Slovakia,SVK,703,2018,Exports,90007040436.35,82497913274.20917,7509127162.140839,0.0834282199007648,4302,3582,4990,4051,0.0008233365162236,0.0229880389958735
Slovakia,SVK,703,2019,Exports,89287127835.71199,82559173929.06287,6727953906.649124,0.0753518908014214,4311,3615,4987,4048,0.0003019245278376,0.0275490050814762
Slovakia,SVK,703,2020,Exports,86895514008.748,80349683122.60698,6545830886.141022,0.0753299058163351,4343,3621,4982,4043,0.00177652404099,0.0225275636801117
Slovakia,SVK,703,2021,Exports,104017725102.722,95316681718.35338,8701043384.368622,0.0836496219829453,4372,3686,4982,4043,0.0002753526883324,0.02798204042695
Slovakia,SVK,703,2022,Exports,108013508248.514,96043014724.44688,11970493524.067123,0.1108240415312295,4455,3728,4988,4049,-1.1075500867541166e-05,0.0264520093851198
Slovakia,SVK,703,2023,Exports,117058774304.46,107408580985.38635,9650193319.073624,0.0824388720658759,4524,3770,4982,4043,0.0016400952595779,0.0274088845309107
Slovakia,SVK,703,2024,Exports,115322054684.55202,104887205811.92628,10434848872.625748,0.0904844168894568,4498,3771,4982,4043,0.0014101098323178,0.0270459072788478
Slovenia,SVN,705,2000,Exports,8712694675.0,8192703316.3034,519991358.6966,0.0596820361659924,4081,3507,5035,4076,-0.007244246087847,0.0183601068865109
Slovenia,SVN,705,2001,Exports,9235234461.0,8666869412.9111,568365048.0888996,0.0615431097595931,4108,3531,5033,4073,-0.0079766297787291,0.0124574791879885
Slovenia,SVN,705,2002,Exports,10340065635.0,9722425879.1215,617639755.8785,0.0597326726619467,4181,3585,5032,4073,-0.0071901943784723,0.0154695986261217
Slovenia,SVN,705,2003,Exports,12742451091.0,11944888125.097198,797562965.9028015,0.0625910164541357,4158,3556,5035,4074,-0.0070579757620738,0.0161215589140287
Slovenia,SVN,705,2004,Exports,15845851643.0,14795398340.15126,1050453302.8487396,0.0662920066724708,4413,3730,5027,4074,-0.0062199446568194,0.0196422279664327
Slovenia,SVN,705,2005,Exports,17868527605.0,16518044815.307926,1350482789.6920738,0.0755788512375345,4215,3588,5034,4074,-0.0053306725187223,0.0187712039675749
Slovenia,SVN,705,2006,Exports,20948387905.0,19036917647.883698,1911470257.1163025,0.0912466518084701,4266,3624,5031,4074,-0.0062499828236555,0.0091479814887005
Slovenia,SVN,705,2007,Exports,26507294687.0,24172196203.789192,2335098483.210808,0.0880926745178568,4423,3740,5019,4074,-0.0046808813316607,0.0138113369249127
Slovenia,SVN,705,2008,Exports,29187137747.0,26416065958.89636,2771071788.1036377,0.0949415393905304,4432,3756,5015,4072,-0.0042017030301833,0.0161625735140772
Slovenia,SVN,705,2009,Exports,22360483517.0,20229794696.177032,2130688820.8229675,0.0952881371819651,4401,3720,5011,4070,-0.0048972243064836,0.021698789697034
Slovenia,SVN,705,2010,Exports,24393134491.0,21612299932.518875,2780834558.481125,0.114000706203097,4379,3706,5010,4069,-0.0053660528629904,0.0166682637169773
Slovenia,SVN,705,2011,Exports,28937068418.0,25106783014.983757,3830285403.016243,0.1323660485467026,4419,3725,5011,4071,-0.0073628075914902,0.0190953601331602
Slovenia,SVN,705,2012,Exports,27037035950.0,23312739119.925217,3724296830.0747833,0.1377479704861946,4414,3709,5007,4067,-0.008670213967134,0.0181635249797718
Slovenia,SVN,705,2013,Exports,28542871270.0,24493848999.82726,4049022270.172741,0.1418575668814534,4416,3721,5006,4066,-0.007432249782096,0.0177517241333808
Slovenia,SVN,705,2014,Exports,30425954403.000004,26289757110.591934,4136197292.408066,0.1359430582726514,4397,3699,5003,4063,-0.0065959077315285,0.0130156726490519
Slovenia,SVN,705,2015,Exports,26498652239.0,23147579653.47635,3351072585.523651,0.1264620009840211,4448,3727,5002,4062,-0.0055237745230682,0.0194567315208733
Slovenia,SVN,705,2016,Exports,27434598124.53,24320761824.01201,3113836300.51799,0.113500343120894,4456,3750,5003,4064,-0.004264744793666,0.0190673362956792
Slovenia,SVN,705,2017,Exports,31796902901.92001,27947000348.6024,3849902553.317604,0.1210779101723499,4452,3740,4994,4055,-0.0023675524192605,0.0216879983007843
Slovenia,SVN,705,2018,Exports,36359263325.86,31824665751.69352,4534597574.166481,0.1247164315054016,4490,3751,4990,4051,-0.0041169454442435,0.0275064203414641
Slovenia,SVN,705,2019,Exports,36940012717.810005,32978944773.751457,3961067944.058548,0.1072297395866565,4252,3762,4987,4048,-0.0041779977269148,0.0247324206684624
Slovenia,SVN,705,2020,Exports,37367134718.822,33847967592.785378,3519167126.036621,0.0941781368177528,4448,3729,4982,4043,-4.100368475323801e-05,0.0288692155162897
Slovenia,SVN,705,2021,Exports,46508825849.38901,41526689541.271126,4982136308.117882,0.1071223841309537,4507,3764,4982,4043,-0.0012806235910056,0.0290414280737153
Slovenia,SVN,705,2022,Exports,54963232601.99901,47586933317.6729,7376299284.326111,0.1342042477330169,4568,3829,4988,4049,-0.0035466714238346,0.0328400392927169
Slovenia,SVN,705,2023,Exports,59140180879.816,53117736485.77939,6022444394.036613,0.1018333779917811,4601,3855,4982,4043,-0.0005559877761674,0.0335605204585848
Slovenia,SVN,705,2024,Exports,66482043683.703995,60356526106.41212,6125517577.291878,0.0921379253386784,4580,3823,4982,4043,0.0009232667002652,0.029913370985709
South Africa,ZAF,710,2000,Exports,22760792217.0,12028761914.6805,10732030302.3195,0.4715139174419317,4761,3899,5035,4076,-0.0231173277838429,0.0183265752467177
South Africa,ZAF,710,2001,Exports,25920932076.0,12266255951.3028,13654676124.6972,0.5267818334873832,4815,3927,5033,4073,-0.0143216961759391,0.0183610335567075
South Africa,ZAF,710,2002,Exports,22868229121.0,12598780652.982777,10269448468.017223,0.4490705604565917,4816,3933,5032,4073,-0.0070525397953971,0.0143335984940096
South Africa,ZAF,710,2003,Exports,31593900984.0,16049169270.501925,15544731713.498075,0.4920168522833045,4824,3934,5035,4074,-0.0030254825067875,0.0186835482322236
South Africa,ZAF,710,2004,Exports,40246408188.0,20213591905.51059,20032816282.48941,0.4977541396715859,4822,3925,5027,4074,-0.0113971035431604,0.0129397057418597
South Africa,ZAF,710,2005,Exports,46979254863.0,22582797983.875,24396456879.125,0.519302763534021,4813,3917,5034,4074,-0.0086829010706822,0.0151566940254853
South Africa,ZAF,710,2006,Exports,52436662950.0,24539822168.274124,27896840781.725876,0.5320102236163728,4824,3926,5031,4074,-0.0069379681792958,0.0113053994874431
South Africa,ZAF,710,2007,Exports,63958365138.0,28343080992.539024,35615284145.460976,0.5568510712963899,4821,3921,5019,4074,-0.0079529783629469,0.0164125308293995
South Africa,ZAF,710,2008,Exports,73924116611.0,32511074567.914867,41413042043.08513,0.5602101714790436,4826,3915,5015,4072,-0.0078577186979879,0.0145387413367259
South Africa,ZAF,710,2009,Exports,53858348190.0,23409223774.794697,30449124415.205303,0.5653557050763555,4782,3887,5011,4070,-0.0155106369765603,0.0174318147546034
South Africa,ZAF,710,2010,Exports,82140570292.80899,36962120624.86872,45178449667.94027,0.5500138300341875,4944,4013,5010,4069,-0.024299332473413,0.0149856754403174
South Africa,ZAF,710,2011,Exports,103994820724.178,41405919462.96797,62588901261.21002,0.6018463306669135,4614,4005,5011,4071,-0.0441549079528834,0.0176999329808387
South Africa,ZAF,710,2012,Exports,98657054954.452,40925773129.54466,57731281824.90733,0.5851713478733044,4926,4001,5007,4067,-0.0344612202382712,0.0218259442201732
South Africa,ZAF,710,2013,Exports,95006729745.663,38503167387.46127,56503562358.20174,0.5947322101230528,4911,3987,5006,4066,-0.0331646935914176,0.0189855171699447
South Africa,ZAF,710,2014,Exports,88216583170.47101,39535597517.88374,48680985652.587265,0.5518348580619521,4606,3995,5003,4063,-0.0286464428397252,0.0187069740219529
South Africa,ZAF,710,2015,Exports,79810527985.433,36322031348.314255,43488496637.118744,0.5448967415057855,4912,3998,5002,4062,-0.0125737421008106,0.0226900653593008
South Africa,ZAF,710,2016,Exports,72092468300.349,34101901053.457985,37990567246.891014,0.5269699892728892,4907,3994,5003,4064,-0.0178261491616701,0.017301624241984
South Africa,ZAF,710,2017,Exports,82968343951.866,36835861575.847404,46132482376.01859,0.5560251076336091,4628,3988,4994,4055,-0.0278202285045644,0.0231941521996248
South Africa,ZAF,710,2018,Exports,89079139122.554,39647041516.0778,49432097606.47621,0.5549233871520483,4896,3987,4990,4051,-0.0218646442383554,0.0147798617648297
South Africa,ZAF,710,2019,Exports,84346541747.71,38134428685.39218,46212113062.317825,0.5478839096989115,4554,3980,4987,4048,-0.0195567126464079,0.0140529770099113
South Africa,ZAF,710,2020,Exports,79802482176.32999,31783243822.927773,48019238353.402214,0.6017261248503506,4679,3961,4982,4043,-0.0255062293933567,0.0499843602390105
South Africa,ZAF,710,2021,Exports,115471758803.057,41185248511.804504,74286510291.25249,0.6433305516542096,4802,3973,4982,4043,-0.0369814779199968,0.0222301998351754
South Africa,ZAF,710,2022,Exports,121437362431.181,42541650967.806335,78895711463.37466,0.6496823537985285,4888,3982,4988,4049,-0.031052604132565,0.0160332896757324
South Africa,ZAF,710,2023,Exports,110120690190.104,41869060488.35462,68251629701.74938,0.6197893382608205,4883,3976,4982,4043,-0.0213919560032808,0.0238538195342304
South Africa,ZAF,710,2024,Exports,109670728181.423,41348610163.067505,68322118018.35549,0.6229749647082994,4892,3984,4982,4043,-0.0186321656265414,0.0200881175134397
Spain,ESP,724,2000,Exports,106439924611.218,94085042755.50148,12354881855.716522,0.1160737561666255,4712,3996,5035,4076,-0.0006889501976019,0.0150355316488147
Spain,ESP,724,2001,Exports,107123598023.731,95950270273.95428,11173327749.776718,0.1043031410063495,4678,3997,5033,4073,0.0001830625193683,0.0220812101991958
Spain,ESP,724,2002,Exports,116126204939.252,103957238346.56998,12168966592.682035,0.1047908747129717,4872,4004,5032,4073,0.0010375349974343,0.0287751242448133
Spain,ESP,724,2003,Exports,143651415056.962,131821249575.77267,11830165481.189331,0.0823532819116214,4575,4005,5035,4074,-0.0028532652862556,0.0190270705402995
Spain,ESP,724,2004,Exports,177742920437.41898,148338756268.8104,29404164168.60858,0.165430859897238,4900,3998,5027,4074,0.0083241931005602,0.0352516784733156
Spain,ESP,724,2005,Exports,189814668031.531,156640920533.47623,33173747498.05478,0.1747691463577732,4905,4006,5034,4074,0.0074910506163103,0.0332042197965199
Spain,ESP,724,2006,Exports,210180356201.422,172829214534.91736,37351141666.50464,0.1777099551145015,4923,4029,5031,4074,0.0072808360668743,0.0318786672077928
Spain,ESP,724,2007,Exports,229016275646.802,204505057747.2248,24511217899.57721,0.107028279236273,4582,4017,5019,4074,-0.0054738597133462,0.0191639566468007
Spain,ESP,724,2008,Exports,272794577377.638,218590621109.1804,54203956268.45758,0.1986988040213914,4919,4012,5015,4072,0.008047902108989,0.0374345245531364
Spain,ESP,724,2009,Exports,196448418376.374,175301220539.86584,21147197836.50818,0.1076475851080278,4550,3988,5011,4070,-0.0061535819339678,0.0183478106700633
Spain,ESP,724,2010,Exports,219207843349.573,191152340643.53503,28055502706.037933,0.1279858525011695,4546,3981,5010,4069,-0.0063444181365742,0.0182440128014018
Spain,ESP,724,2011,Exports,265239074008.501,225255087708.80545,39983986299.69559,0.1507469683686728,4541,3977,5011,4071,-0.0072063365157551,0.0220264565447595
Spain,ESP,724,2012,Exports,252950241975.284,209277128927.66827,43673113047.61572,0.1726549565897749,4545,3977,5007,4067,-0.0109598179218491,0.0200809561380765
Spain,ESP,724,2013,Exports,273069360532.004,230597815285.16495,42471545246.83902,0.1555339096414711,4573,4009,5006,4066,-0.0083279934089705,0.0184558288060149
Spain,ESP,724,2014,Exports,279029303619.73804,235588615978.00507,43440687641.73297,0.1556850376580306,4567,4005,5003,4063,-0.0078004321733565,0.01791849485966
Spain,ESP,724,2015,Exports,242670650167.388,211898323053.29187,30772327114.09613,0.1268069587025467,4571,4008,5002,4062,-0.0057979003246564,0.0157150230169251
Spain,ESP,724,2016,Exports,248788262993.732,220026974376.4486,28761288617.283382,0.1156054882621532,4577,4011,5003,4064,-0.0037822207045861,0.0179241187307394
Spain,ESP,724,2017,Exports,304627440523.656,236379943880.49832,68247496643.15768,0.2240359454349874,4918,4009,4994,4055,0.0087627253495581,0.0331002990887101
Spain,ESP,724,2018,Exports,328998662939.396,253551429456.22055,75447233483.17545,0.229323830100408,4904,3999,4990,4051,0.0071901377358079,0.0321269950468783
Spain,ESP,724,2019,Exports,318095647927.541,245404216967.7943,72691430959.7467,0.2285206711671361,4917,4011,4987,4048,0.0086245821093191,0.0336629763177122
Spain,ESP,724,2020,Exports,292463650368.45605,225875806976.38156,66587843392.07449,0.2276790408250214,4905,4000,4982,4043,0.0117695117234841,0.0357353484044512
Spain,ESP,724,2021,Exports,367458373630.154,278355404124.94135,89102969505.21265,0.2424845258660361,4915,4010,4982,4043,0.0093378383126219,0.0363718770828144
Spain,ESP,724,2022,Exports,375905208054.54,296952971479.07306,78952236575.46692,0.2100323030480912,4911,4006,4988,4049,-0.0037763063771018,0.0278740689004572
Spain,ESP,724,2023,Exports,398314062248.369,304186985830.42395,94127076417.94508,0.2363137165849095,4911,4003,4982,4043,0.0048638941163554,0.0321292294282317
Spain,ESP,724,2024,Exports,383468213566.261,292141040124.656,91327173441.60498,0.2381610006009643,4915,4002,4982,4043,0.0044881711514015,0.0282927355430081
Sri Lanka,LKA,144,2000,Exports,5262924364.0,3934818529.1578,1328105834.8422005,0.2523513056594252,2933,2480,5035,4076,0.0074558344856517,0.0039057946151441
Sri Lanka,LKA,144,2001,Exports,4672008395.0,3448522416.7007,1223485978.2993002,0.2618758090436394,3011,2555,5033,4073,0.005890987316063,0.0065686135181284
Sri Lanka,LKA,144,2002,Exports,4650113312.0,3249911076.034493,1400202235.965507,0.3011114228877326,3111,2636,5032,4073,0.0094263497168372,0.0029511129616922
Sri Lanka,LKA,144,2003,Exports,4867830292.0,3478697036.4163,1389133255.5837002,0.2853701078829024,3041,2519,5035,4074,0.0149115019021941,-0.0018640248285018
Sri Lanka,LKA,144,2004,Exports,5466633657.0,3883653403.7652054,1582980253.2347946,0.2895713070525213,3149,2604,5027,4074,0.0195969975275697,-0.0026153815586409
Sri Lanka,LKA,144,2005,Exports,6040743352.0,4110310552.501107,1930432799.4988928,0.3195687495744634,3011,2501,5034,4074,0.015959961282536,0.0184380949061348
Sri Lanka,LKA,144,2006,Exports,6603759927.0,4504143904.394807,2099616022.6051931,0.3179425124194393,3078,2550,5031,4074,0.0173535762587508,0.0243310083258044
Sri Lanka,LKA,144,2007,Exports,7390097340.0,4913537295.245106,2476560044.7548943,0.3351187312987266,2960,2454,5019,4074,0.0262216137178477,0.0256554316481026
Sri Lanka,LKA,144,2008,Exports,7953737274.0,5120959682.467143,2832777591.532857,0.3561567969805759,2906,2387,5015,4072,0.0265221769617387,0.0288912164669936
Sri Lanka,LKA,144,2009,Exports,7007842933.0,4553351962.07975,2454490970.92025,0.3502491414814719,2628,2179,5011,4070,0.0246245571808637,0.0335070670882219
Sri Lanka,LKA,144,2010,Exports,8171574398.0,5234911880.4185,2936662517.5815,0.3593753632470446,2643,2189,5010,4069,0.0222749470824917,0.0255368606792734
Sri Lanka,LKA,144,2011,Exports,10011272946.0,6678097300.453208,3333175645.546792,0.3329422405647786,2735,2233,5011,4071,0.024846097963187,0.0257148876438221
Sri Lanka,LKA,144,2012,Exports,9355326649.0,6310869743.177324,3044456905.8226757,0.3254249712540075,3283,2758,5007,4067,0.0258562290951914,0.0316835313260722
Sri Lanka,LKA,144,2013,Exports,10004247602.0,6755390467.383966,3248857134.6160336,0.3247477735323681,2925,2434,5006,4066,0.0241615370484363,0.0345570174945361
Sri Lanka,LKA,144,2014,Exports,11295464373.0,7639585901.4419775,3655878471.5580225,0.3236589794658478,3320,2805,5003,4063,0.026042929499533,0.0390202252874011
Sri Lanka,LKA,144,2015,Exports,10439724670.0,7357347872.77603,3082376797.2239704,0.295254606290682,3290,2794,5002,4062,0.0284947456916178,0.0425783148757453
Sri Lanka,LKA,144,2016,Exports,10545873896.0,7680028351.431836,2865845544.568164,0.2717504090064234,3425,2931,5003,4064,0.0292664689161936,0.0445513652587207
Sri Lanka,LKA,144,2017,Exports,11702690440.54,8184435817.890776,3518254622.649225,0.3006363913089101,3485,2976,4994,4055,0.0234838243498716,0.0406076019760439
Sri Lanka,LKA,144,2019,Exports,11973991715.652,8580932669.311201,3393059046.3407993,0.2833690825011601,3472,2922,4987,4048,0.0266957130425741,0.0435632564633106
Sri Lanka,LKA,144,2020,Exports,8604257042.758999,7480377537.145307,1123879505.6136923,0.1306190063858569,3018,2725,4982,4043,0.0061810499854968,0.0174391046461323
Sri Lanka,LKA,144,2021,Exports,13331248583.385,9436588758.589493,3894659824.7955074,0.2921451655810769,3346,2826,4982,4043,0.0287355006097471,0.0375304267755209
Sri Lanka,LKA,144,2022,Exports,13435991906.999,9750926614.145971,3685065292.8530297,0.2742681983109432,3291,2782,4988,4049,0.0206445541736314,0.0307832627451218
Sri Lanka,LKA,144,2023,Exports,11268719964.048,8314206245.344842,2954513718.7031584,0.2621871630610496,3466,3007,4982,4043,0.0123091893387273,0.0312299213149529
Sri Lanka,LKA,144,2024,Exports,12109626421.002,8371665939.213911,3737960481.7880898,0.3086767792691985,3482,2995,4982,4043,0.028003607263358,0.0365722875561599
Suriname,SUR,740,2000,Exports,46663975.0,26359989.0,20303986.0,0.435110510838393,632,544,5035,4076,0.0218342994772068,0.0714574187440911
Suriname,SUR,740,2001,Exports,43358980.0,21628563.0,21730417.0,0.5011745433125964,721,620,5033,4073,0.0240536974521187,0.0747275063046205
Suriname,SUR,740,2002,Exports,58433146.0,23858139.0,34575007.0,0.5917019597062256,677,582,5032,4073,0.0641727938112073,0.0979992890629195
Suriname,SUR,740,2003,Exports,67700585.0,36738679.0,30961906.0,0.4573358708791069,762,658,5035,4074,0.0305323077715138,0.0581430388340439
Suriname,SUR,740,2004,Exports,81001499.0,40216625.0,40784874.0,0.5035076449634592,838,735,5027,4074,-0.0066048465971412,0.0588868460448194
Suriname,SUR,740,2005,Exports,119785589.0,74836042.0,44949547.0,0.3752500394684372,771,677,5034,4074,0.0132808439974726,0.0915314022357693
Suriname,SUR,740,2006,Exports,134172445.0,57873963.0,76298482.0,0.5686598466622562,782,693,5031,4074,-0.0435927274676956,0.0552900480748664
Suriname,SUR,740,2007,Exports,145943861.0,57683563.0,88260298.0,0.6047551256712332,786,696,5019,4074,-0.0644379647140235,0.0670943354243191
Suriname,SUR,740,2008,Exports,307727006.0,69722932.0,238004074.0,0.7734260216342533,772,672,5015,4072,-0.0759544259499233,0.0646905299588785
Suriname,SUR,740,2009,Exports,178989112.0,69155453.8071,109833658.1929,0.6136331811786406,897,759,5011,4070,-0.0165975173775893,0.0628804139968273
Suriname,SUR,740,2010,Exports,366288612.0,45815475.2583,320473136.7417,0.8749197388143205,881,753,5010,4069,-0.0743357549992091,0.0308453536226402
Suriname,SUR,740,2011,Exports,440456822.0,144314855.9984,296141966.0016,0.6723518656309971,1191,1012,5011,4071,-0.0364792914941715,0.0374711014235362
Suriname,SUR,740,2012,Exports,321588177.0,84468140.14693901,237120036.853061,0.7373406543271676,1167,991,5007,4067,-0.0431304003489783,0.0334211696025669
Suriname,SUR,740,2013,Exports,346731750.0,88309420.50819999,258422329.4918,0.7453091027625823,671,575,5006,4066,-0.0475631722552654,0.014671531505928
Suriname,SUR,740,2014,Exports,409643991.00000006,109339739.9835,300304251.01650006,0.7330859419746744,817,682,5003,4063,-0.0555250306227054,0.0219780961443918
Suriname,SUR,740,2015,Exports,704565900.9499999,49273918.029611,655291982.9203889,0.9300648555895586,186,144,5002,4062,-0.0328433296371524,0.1001713659012619
Suriname,SUR,740,2016,Exports,974955027.4889998,9781175.358838,965173852.130162,0.9899675625202636,172,129,5003,4064,-0.0761992383866265,0.2145556820983404
Suriname,SUR,740,2017,Exports,2005798453.984,81118312.8624028,1924680141.1215973,0.9595580938347608,820,699,4994,4055,-0.0931210380463274,0.0254364029511612
Suriname,SUR,740,2018,Exports,1825707459.816,8317975.521058999,1817389484.294941,0.9954439713348724,146,103,4990,4051,-0.094767628098852,0.0624144036805476
Suriname,SUR,740,2019,Exports,1600083539.469001,70223588.17782299,1529859951.291178,0.9561125488478388,230,180,4987,4048,-0.0201731248601878,0.1313532010775047
Suriname,SUR,740,2020,Exports,1884864013.195,173674743.95761248,1711189269.2373877,0.9078582100661896,233,182,4982,4043,-0.0321554644073281,0.0989590902070001
Suriname,SUR,740,2021,Exports,2289691458.8,196098406.372581,2093593052.4274192,0.91435596895865,811,655,4982,4043,-0.0648880427968366,0.0020788140940266
Suriname,SUR,740,2022,Exports,2826442594.6000004,323156845.15469,2503285749.4453106,0.8856665811037202,871,713,4988,4049,-0.0563866966342289,-0.0080385600944208
Suriname,SUR,740,2023,Exports,1540541175.196,203724248.39319497,1336816926.8028052,0.8677579985051191,322,264,4982,4043,-0.0161524500985836,0.0919977025684786
Suriname,SUR,740,2024,Exports,1474376618.15,196483145.11703655,1277893473.0329633,0.8667347659354655,957,795,4982,4043,-0.0448566716292907,0.058999602665665
Sweden,SWE,752,2000,Exports,82376983824.0,73007765759.5557,9369218064.444304,0.1137358717146262,4645,3889,5035,4076,-0.0088780456129468,0.0272165028288673
Sweden,SWE,752,2001,Exports,72628959294.0,64027647310.352295,8601311983.647705,0.1184281320737343,4630,3870,5033,4073,-0.0095185955221005,0.0281584776814951
Sweden,SWE,752,2002,Exports,78940650820.0,69934408077.43924,9006242742.56076,0.1140887825094923,4676,3891,5032,4073,-0.0092033814520213,0.0233348395711928
Sweden,SWE,752,2003,Exports,96649369356.0,85571320247.30066,11078049108.69934,0.1146210180419725,4682,3901,5035,4074,-0.009088599709831,0.0268610941819571
Sweden,SWE,752,2004,Exports,116688205746.0,102331443786.627,14356761959.372986,0.1230352448012092,4675,3892,5027,4074,-0.0088346282373181,0.0317265153187452
Sweden,SWE,752,2005,Exports,122644527320.99998,105341433827.16498,17303093493.835007,0.1410832906432691,4651,3881,5034,4074,-0.0102526274803327,0.0279035069876005
Sweden,SWE,752,2006,Exports,138987694573.0,117720350407.17451,21267344165.82547,0.1530160222540802,4616,3861,5031,4074,-0.0111476597793863,0.0239344852739149
Sweden,SWE,752,2007,Exports,158571878799.0,135241519974.8518,23330358824.148193,0.1471279712446424,4665,3884,5019,4074,-0.0109739991138275,0.0276541628432932
Sweden,SWE,752,2008,Exports,172751562816.0,142445983323.95157,30305579492.04843,0.1754286849741979,4659,3877,5015,4072,-0.0132644907877254,0.0272704436545726
Sweden,SWE,752,2009,Exports,124234386039.0,103026621807.18996,21207764231.810028,0.1707076833393971,4633,3861,5011,4070,-0.0126999266580212,0.0314846174485887
Sweden,SWE,752,2010,Exports,150844749614.0,122407404014.90948,28437345599.090515,0.1885206191919803,4704,3890,5010,4069,-0.0131560674345238,0.0360692844883064
Sweden,SWE,752,2011,Exports,176544941707.0,142853482392.8517,33691459314.148285,0.1908378625203761,4662,3860,5011,4071,-0.0123133637099653,0.0368692716085615
Sweden,SWE,752,2012,Exports,164351242886.922,127859514781.45876,36491728105.46323,0.2220349993371848,4711,3872,5007,4067,-0.0165807654220606,0.0338984548134094
Sweden,SWE,752,2013,Exports,154587728816.906,125991194796.2235,28596534020.68251,0.1849857957002026,4546,3855,5006,4066,-0.0162356385203404,0.0529199261762101
Sweden,SWE,752,2014,Exports,152716570834.89502,123479425111.53754,29237145723.357483,0.1914471073015799,4594,3862,5003,4063,-0.0170817698481535,0.0636533880141539
Sweden,SWE,752,2015,Exports,129347915237.283,108107049539.30032,21240865697.982662,0.1642149829706744,4530,3869,5002,4062,-0.0147262074256401,0.0383029881967603
Sweden,SWE,752,2016,Exports,128875347127.179,108647894823.61703,20227452303.56195,0.1569536203351658,4671,3853,5003,4064,-0.0127821036312455,0.0363676767550694
Sweden,SWE,752,2017,Exports,146529424851.565,117244393697.73737,29285031153.827637,0.1998576817147375,4709,3863,4994,4055,-0.0118506984581577,0.0332462173882698
Sweden,SWE,752,2018,Exports,158516393461.346,125653245393.38188,32863148067.964127,0.2073170310676905,4661,3883,4990,4051,-0.013230356233298,0.0325665383250338
Sweden,SWE,752,2019,Exports,154327526274.36902,124635745929.06471,29691780345.30429,0.1923945848293918,4734,3878,4987,4048,-0.0112383847028331,0.0361739779284722
Sweden,SWE,752,2020,Exports,149435787876.266,121760077311.26042,27675710565.00557,0.1852013561030057,4712,3867,4982,4043,-0.0093962513882636,0.0394438639837035
Sweden,SWE,752,2021,Exports,182589006478.982,141648892476.67316,40940114002.30884,0.2242200381709262,4783,3898,4982,4043,-0.0144245343160158,0.0336593356162019
Sweden,SWE,752,2022,Exports,189460109085.744,141996915996.9665,47463193088.7775,0.250518134491821,4769,3890,4988,4049,-0.0163770345314711,0.0389727647395196
Sweden,SWE,752,2023,Exports,188949598156.513,148439842751.92572,40509755404.58728,0.2143945041419551,4779,3899,4982,4043,-0.010481974490954,0.0435289685950218
Sweden,SWE,752,2024,Exports,187984660379.217,148300270013.69644,39684390365.52057,0.2111044075908437,4764,3880,4982,4043,-0.0097480481434699,0.0435838250933551
Switzerland,CHE,757,2000,Exports,78038577616.479,72045204243.80194,5993373372.677063,0.0768001359805855,4465,3970,5035,4076,-0.0116878361262627,0.016283924401009
Switzerland,CHE,757,2001,Exports,79639275165.399,75197997245.10437,4441277920.294632,0.0557674327280196,4456,3949,5033,4073,-0.0094584629261061,0.0239734207307709
Switzerland,CHE,757,2002,Exports,89532049121.81302,83251613497.86882,6280435623.944199,0.0701473459565226,4473,3957,5032,4073,-0.0101317198507504,0.025500535767937
Switzerland,CHE,757,2003,Exports,101977319613.258,95593180688.7859,6384138924.472107,0.062603517612382,4452,3960,5035,4074,-0.0098397436637578,0.0209768986113705
Switzerland,CHE,757,2004,Exports,119568702083.03,111970488240.43098,7598213842.599014,0.0635468455392509,4461,3967,5027,4074,-0.0088212405011104,0.0205136120957358
Switzerland,CHE,757,2005,Exports,127354616897.766,119332037499.97343,8022579397.792557,0.0629940208939004,4498,3943,5034,4074,-0.008411421318077,0.0205225875772187
Switzerland,CHE,757,2006,Exports,143501761115.936,133165516628.7656,10336244487.17041,0.0720286943295399,4465,3957,5031,4074,-0.009365178070676,0.0206932153291172
Switzerland,CHE,757,2007,Exports,166893459814.074,155216858740.40115,11676601073.672852,0.0699644017607463,4525,3937,5019,4074,-0.0092336855201666,0.029635212647096
Switzerland,CHE,757,2008,Exports,195466673208.364,178432777631.38275,17033895576.981262,0.0871447561744882,4690,3944,5015,4072,-0.0080939991965508,0.037348619451098
Switzerland,CHE,757,2009,Exports,167242180177.86902,155607752177.51245,11634428000.356567,0.0695663497568787,4445,3927,5011,4070,-0.0072834525598522,0.015181831183384
Switzerland,CHE,757,2010,Exports,191371620975.0,173559777123.71732,17811843851.282684,0.0930746354163429,4695,3913,5010,4069,-0.0064804795974815,0.0409206893312239
Switzerland,CHE,757,2011,Exports,230086369013.0,207559068318.8316,22527300694.168396,0.0979080194572308,4696,3915,5011,4071,-0.0060115107287678,0.0430402323126173
Switzerland,CHE,757,2012,Exports,305805275417.182,199518504192.544,106286771224.638,0.3475635633807845,4510,3935,5007,4067,-0.032972786443109,0.0350058965553022
Switzerland,CHE,757,2013,Exports,350908714038.928,206104038154.10437,144804675884.8236,0.4126562552925367,4528,3935,5006,4066,-0.0383955427801037,0.0397328004652054
Switzerland,CHE,757,2014,Exports,304456064020.536,217235290117.3023,87220773903.2337,0.2864806591513662,4553,3930,5003,4063,-0.0251120637334794,0.0424606677645651
Switzerland,CHE,757,2015,Exports,283500233969.849,201535063867.61444,81965170102.23456,0.2891185271859485,4597,3950,5002,4062,-0.0255710666591547,0.0454975343751523
Switzerland,CHE,757,2016,Exports,296611599944.06903,205827328797.2798,90784271146.78925,0.3060712095005998,4653,3951,5003,4064,-0.025209370650069,0.0520769721272443
Switzerland,CHE,757,2017,Exports,292708374000.924,215598482076.90088,77109891924.02313,0.2634358931042393,4607,3941,4994,4055,-0.0210203605932409,0.0567921118246802
Switzerland,CHE,757,2018,Exports,303157383731.573,228811587131.81985,74345796599.75317,0.2452382841038823,4601,3942,4990,4051,-0.0193315561772152,0.0595650249248717
Switzerland,CHE,757,2019,Exports,306986696388.38403,234325729394.7969,72660966993.58713,0.2366909310677755,4613,3934,4987,4048,-0.0171636713451381,0.0615117284694026
Switzerland,CHE,757,2020,Exports,313594479115.33997,231980875287.1691,81613603828.17087,0.2602520428880172,4617,3957,4982,4043,-0.018458329192015,0.059054358198914
Switzerland,CHE,757,2021,Exports,373570956903.472,272462923047.5941,101108033855.8779,0.270652822408792,4593,3957,4982,4043,-0.0196599390417573,0.0522565785334466
Switzerland,CHE,757,2022,Exports,398659531757.152,274821550540.22623,123837981216.92578,0.3106359470977433,4757,3970,4988,4049,-0.0212958685445898,0.0624414928322273
Switzerland,CHE,757,2023,Exports,418781854196.33704,292564399343.97675,126217454852.36028,0.3013918907603525,4748,3958,4982,4043,-0.0190250735236362,0.0676214774215736
Switzerland,CHE,757,2024,Exports,440834767933.728,306264747648.3168,134570020285.41124,0.3052618125293637,4786,3976,4982,4043,-0.0184032772009581,0.0703246639596794
Thailand,THA,764,2000,Exports,66924301635.0,54885284825.093506,12039016809.906494,0.1798900625899149,4344,3659,5035,4076,0.0027555214352188,0.0216250408973336
Thailand,THA,764,2001,Exports,62733349734.0,51356214184.0576,11377135549.942398,0.1813570548708681,4325,3647,5033,4073,0.0032287448778982,0.02123041099523
Thailand,THA,764,2002,Exports,66079022317.0,54232451560.99087,11846570756.009132,0.1792788443384912,4350,3656,5032,4073,0.0029044314417134,0.0193220486909634
Thailand,THA,764,2003,Exports,78522132193.0,64135231468.610466,14386900724.389534,0.1832209636007831,4381,3698,5035,4074,0.0013922788446518,0.0191251843638281
Thailand,THA,764,2004,Exports,94724744414.0,77562647974.59988,17162096439.400116,0.1811785985337915,4410,3708,5027,4074,0.0004458782455535,0.0195717705478749
Thailand,THA,764,2005,Exports,108535433099.0,89640867502.14563,18894565596.85437,0.174086609850442,4459,3756,5034,4074,-0.0002622127815421,0.0278096290283772
Thailand,THA,764,2006,Exports,128915523930.0,104503357121.58472,24412166808.415268,0.1893656098521607,4463,3752,5031,4074,-0.0008377558042083,0.024347457583937
Thailand,THA,764,2007,Exports,152551433759.0,123279077739.8076,29272356019.192413,0.1918851583226463,4677,3880,5019,4074,-0.0006816193005588,0.0271536560593194
Thailand,THA,764,2008,Exports,175907791636.0,135700873717.77332,40206917918.226685,0.2285681466653022,4612,3840,5015,4072,-0.00572168210092,0.0352553900075006
Thailand,THA,764,2009,Exports,152497202591.0,117715822314.48044,34781380276.51956,0.2280788085654514,4634,3849,5011,4070,-0.0056694365417567,0.035398061213685
Thailand,THA,764,2010,Exports,195311520256.0,151025774953.26416,44285745302.73584,0.2267441533642733,4666,3865,5010,4069,-0.0053703479772461,0.0360783621197134
Thailand,THA,764,2011,Exports,228823972691.0,170905986795.95544,57917985895.04456,0.2531115302908232,4773,3931,5011,4071,-0.007887629331622,0.0383774921209845
Thailand,THA,764,2012,Exports,229544513253.0,174376747676.88806,55167765576.11194,0.2403358058718092,4775,3936,5007,4067,-0.0066054866668873,0.0343596204161467
Thailand,THA,764,2013,Exports,228527440414.0,178841239916.96246,49686200497.03754,0.2174189690613349,4759,3918,5006,4066,-0.0040028771993104,0.0364009153158139
Thailand,THA,764,2014,Exports,227572764484.0,180722653641.61328,46850110842.38672,0.2058687073060564,4721,3899,5003,4063,-0.0018367909558423,0.0369680867105457
Thailand,THA,764,2015,Exports,209109630726.26,172994756570.66727,36114874155.59274,0.1727078472194797,4700,3915,5002,4062,-0.004695660074718,0.0362330575485929
Thailand,THA,764,2016,Exports,210257591533.24,173756666424.71997,36500925108.52002,0.1736009855451498,4682,3911,5003,4064,-0.0050498301725515,0.0413519442321704
Thailand,THA,764,2017,Exports,229727347816.67,189856119423.3792,39871228393.29083,0.1735589113452412,4700,3927,4994,4055,-0.0037476490093395,0.0613430388428404
Thailand,THA,764,2018,Exports,244506311983.56003,204248647515.5788,40257664467.98123,0.1646487738553271,4501,3953,4990,4051,-0.0040121177226175,0.0293006933901455
Thailand,THA,764,2019,Exports,246266050279.0,198079711284.97528,48186338994.02472,0.1956678110500144,4731,3918,4987,4048,-0.0005141668506797,0.0472216931100477
Thailand,THA,764,2020,Exports,231633852340.33096,183415460872.4699,48218391467.86105,0.208166427232819,4705,3898,4982,4043,-0.001604516371585,0.0423581094838096
Thailand,THA,764,2021,Exports,272005785496.93903,221214192525.64337,50791592971.295654,0.1867298259061009,4701,3887,4982,4043,0.002777683056507,0.0366003750037658
Thailand,THA,764,2022,Exports,287424163017.17004,227899274607.20416,59524888409.96588,0.2070977185255298,4740,3917,4988,4049,0.0007349489289782,0.0434946236691267
Thailand,THA,764,2023,Exports,285074082028.485,226282634777.5085,58791447250.97647,0.2062321724677235,4721,3914,4982,4043,0.0014082014585986,0.0421245932698919
Thailand,THA,764,2024,Exports,300759403353.17,237409519507.88464,63349883845.28534,0.2106330945566348,4727,3924,4982,4043,0.0022668306840771,0.0460265633277438
Togo,TGO,768,2000,Exports,191988859.0,33428034.904999997,158560824.095,0.8258855483640329,508,381,5035,4076,-0.0980570344134506,0.0040987036715308
Togo,TGO,768,2001,Exports,220245844.0,47112881.561,173132962.439,0.7860895774224008,526,388,5033,4073,-0.087632201947441,-0.0315513321605149
Togo,TGO,768,2002,Exports,250598282.0,48320117.595,202278164.405,0.8071809702390538,492,381,5032,4073,-0.0829355809868693,-0.0052744783676071
Togo,TGO,768,2003,Exports,494569945.0,203099147.3632,291470797.6368,0.589341913279425,547,411,5035,4074,-0.0867541014440738,-0.0188275371722412
Togo,TGO,768,2004,Exports,389608654.0,98880064.8428,290728589.1572,0.7462067029886866,510,390,5027,4074,-0.0366444085094518,-0.0064784164963346
Togo,TGO,768,2005,Exports,359904146.0,125575757.448,234328388.552,0.6510855491839763,533,426,5034,4074,-0.0249914794712955,-0.0253248078938326
Togo,TGO,768,2007,Exports,280027782.0,66860310.6308,213167471.3692,0.7612368667377438,438,338,5019,4074,-0.0450055767874896,-0.0356037936594389
Togo,TGO,768,2008,Exports,663560669.049,252293605.1872032,411267063.86179686,0.6197881867399034,826,690,5015,4072,-0.0531936747855477,-0.053091453944566
Togo,TGO,768,2009,Exports,737859596.5279999,322055621.71441364,415803974.81358624,0.5635272303432155,760,626,5011,4070,-0.0337060441764945,-0.0427388599066948
Togo,TGO,768,2010,Exports,741368662.114,355252717.854949,386115944.25905097,0.520815033047186,713,591,5010,4069,-0.0281898194678155,-0.0500754035134432
Togo,TGO,768,2011,Exports,990943083.272,437174214.24884975,553768869.0231502,0.5588301471308099,767,625,5011,4071,-0.0307097226539235,-0.0190937756146544
Togo,TGO,768,2012,Exports,1113293032.0690002,474457447.4117133,638835584.6572869,0.5738251891059108,716,577,5007,4067,-0.0283707614209403,-0.0099537189536047
Togo,TGO,768,2013,Exports,1290029959.755,610456776.9290985,679573182.8259014,0.5267886824542933,776,634,5006,4066,-0.0278836244338284,0.0097524091281282
Togo,TGO,768,2014,Exports,959895683.109,405376940.0823399,554518743.0266601,0.5776864640443354,724,587,5003,4063,-0.0305044977660636,0.0019796069196381
Togo,TGO,768,2015,Exports,792823173.9680002,385138512.191046,407684661.7769542,0.5142189017212166,929,778,5002,4062,-0.0245904930791548,-0.0055337162239672
Togo,TGO,768,2016,Exports,801989368.6700001,456702800.67195857,345286567.9980415,0.4305375875127328,888,729,5003,4064,-0.0036451648683567,-0.0354412319694035
Togo,TGO,768,2017,Exports,867057011.246,412193254.5305722,454863756.7154279,0.524606514699383,805,652,4994,4055,-0.0022472798119768,-0.0217186565536328
Togo,TGO,768,2018,Exports,1023218962.44,439975586.9397131,583243375.5002869,0.5700083725085259,787,654,4990,4051,-0.0128758955691115,-0.0379627223854016
Togo,TGO,768,2019,Exports,1010865429.941,441860934.05931616,569004495.881684,0.5628884706393553,843,698,4987,4048,-0.0190139989815314,-0.0383414174035219
Togo,TGO,768,2020,Exports,978690201.955,496465750.5578373,482224451.39716274,0.4927243068683907,774,634,4982,4043,0.002764954703798,-0.0069578470303137
Togo,TGO,768,2021,Exports,1059661549.3400002,560249932.4540955,499411616.88590467,0.4712935155540543,870,711,4982,4043,0.0030485818211331,-0.0144394909023087
Togo,TGO,768,2022,Exports,1348260705.7129998,563940524.0000296,784320181.7129703,0.5817273902514267,937,772,4988,4049,-0.00598404194636,-0.0082982423745002
Togo,TGO,768,2023,Exports,1455558435.284,543201630.8201509,912356804.4638492,0.6268087782307658,1036,850,4982,4043,-0.0232297009032225,0.0143115912182741
Togo,TGO,768,2024,Exports,1372307203.722,577305273.3007925,795001930.4212074,0.5793177564505869,1057,868,4982,4043,-0.0218847094269694,-0.0036823704142506
Tonga,TON,776,2000,Exports,4693679.0,237654.0,4456025.0,0.9493672234509432,52,28,5035,4076,0.1238302701577567,0.0780317672549649
Tonga,TON,776,2001,Exports,5195549.0,436752.0,4758797.0,0.9159372763109346,45,27,5033,4073,0.088163575599591,0.1820162541118233
Tonga,TON,776,2002,Exports,7974281.0,278011.0,7696270.0,0.9651365433447856,38,20,5032,4073,0.0160643754208508,0.2208764925868798
Tonga,TON,776,2003,Exports,11231947.0,228063.0,11003884.0,0.979695149914792,26,12,5035,4074,-0.0084415498419198,0.418026418026418
Tonga,TON,776,2004,Exports,10470713.0,825430.0,9645283.0,0.9211677370967956,37,14,5027,4074,0.0158289945353334,0.0931976510923879
Tonga,TON,776,2005,Exports,6762148.0,532174.0,6229974.0,0.921301042213214,29,13,5034,4074,-0.0377816145655,0.3365668813944675
Tonga,TON,776,2006,Exports,5295418.0,789034.0,4506384.0,0.8509968429310019,36,17,5031,4074,0.0759628034990296,-0.2021617067759438
Tonga,TON,776,2007,Exports,4478264.0,576780.0,3901484.0,0.8712045560511841,25,10,5019,4074,0.3026125160691371,-0.1456643356643356
Tonga,TON,776,2008,Exports,9201737.999999998,1388080.8244,7813657.175599998,0.8491501470265725,218,150,5015,4072,0.0940864896688413,0.0897593323682098
Tonga,TON,776,2009,Exports,7777694.000000001,1207383.4058,6570310.594200001,0.8447633185620315,168,89,5011,4070,0.2334404697071418,0.0799835733870864
Tonga,TON,776,2010,Exports,8228865.0,824591.1716,7404273.8284,0.8997928424393886,168,84,5010,4069,0.0699249001992855,0.0722417635760902
Tonga,TON,776,2011,Exports,14349898.0,2082100.6027,12267797.3973,0.8549048500065993,333,245,5011,4071,0.1160648876434061,0.0683596153891894
Tonga,TON,776,2012,Exports,15573194.0,4562317.888,11010876.112,0.7070403227494629,637,551,5007,4067,0.1069903488579491,0.0570282820338404
Tonga,TON,776,2013,Exports,17073619.0,3572257.0326000005,13501361.9674,0.7907732957728528,812,717,5006,4066,0.0999983395990296,0.0490135944097336
Tonga,TON,776,2014,Exports,18879497.0,2901672.8425,15977824.1575,0.8463056064205524,726,628,5003,4063,0.0741126990140447,0.084215420925161
Tonga,TON,776,2017,Exports,33275420.717999995,23616738.16207439,9658682.555925604,0.2902647764480657,801,686,4994,4055,0.072797041576003,0.0591285206141545
Tonga,TON,776,2018,Exports,24630808.063000005,19105289.971205123,5525518.091794882,0.2243336100732815,585,488,4990,4051,0.0474756470089311,0.0735005549686184
Tonga,TON,776,2019,Exports,42473688.47099999,29261607.6155873,13212080.855412692,0.3110650694825711,747,640,4987,4048,0.0659789191450294,0.0484488138777681
Tonga,TON,776,2020,Exports,16962908.524,7188844.722848299,9774063.8011517,0.5762021169496286,507,407,4982,4043,0.1307724618240888,0.1187002462671516
Tonga,TON,776,2021,Exports,12792868.860999998,3469133.8120244,9323735.048975598,0.7288228426541361,535,399,4982,4043,0.0998215647481335,0.0896319893576368
Tonga,TON,776,2022,Exports,61864443.339,11427588.09618088,50436855.24281912,0.815280191990723,490,378,4988,4049,0.0608614486433715,0.1402032420661045
Tonga,TON,776,2023,Exports,11933803.561,8354303.859031431,3579499.7019685693,0.2999462563357816,589,496,4982,4043,0.0764850830226508,0.0777809282364832
Trinidad and Tobago,TTO,780,2000,Exports,4272973575.999999,1300995686.1209,2971977889.8791,0.6955291992844985,2735,2298,5035,4076,-0.1162635424811585,-0.009848810887799
Trinidad and Tobago,TTO,780,2001,Exports,5111494991.0,2240072427.1025,2871422563.8975,0.5617578749374343,2849,2409,5033,4073,-0.0595710438217925,-0.0014968300788187
Trinidad and Tobago,TTO,780,2002,Exports,3853029070.000001,1291900039.0837,2561129030.916301,0.6647053485418682,2749,2314,5032,4073,-0.1150350858240143,-0.0019030983714911
Trinidad and Tobago,TTO,780,2003,Exports,5240766868.0,1524932308.4452,3715834559.5548,0.7090249677472965,2748,2298,5035,4074,-0.0927329082826093,-0.00046421133174
Trinidad and Tobago,TTO,780,2004,Exports,6516588317.999999,2323417038.47843,4193171279.5215697,0.6434611294899925,2762,2302,5027,4074,-0.0846736344505949,-0.0211719475220493
Trinidad and Tobago,TTO,780,2005,Exports,9611191892.0,2624239882.2043815,6986952009.795618,0.7269599950045007,2817,2363,5034,4074,-0.0922660820618013,-0.0072837941228927
Trinidad and Tobago,TTO,780,2006,Exports,14018381401.0,2935264288.5297,11083117112.4703,0.7906131810395519,2712,2265,5031,4074,-0.0971596338940097,-0.0108582719789619
Trinidad and Tobago,TTO,780,2007,Exports,13395753412.999998,3814757889.6728106,9580995523.327188,0.7152263279218954,2764,2327,5019,4074,-0.0841523075467348,0.0070021352146317
Trinidad and Tobago,TTO,780,2008,Exports,18650037826.0,4638996671.297664,14011041154.702335,0.7512607365959095,2758,2277,5015,4072,-0.0567256081716778,0.0051403984852195
Trinidad and Tobago,TTO,780,2009,Exports,9125583410.0,1718103482.5659187,7407479927.434081,0.8117267241584591,2670,2216,5011,4070,-0.1001733196774625,-0.0033148502376053
Trinidad and Tobago,TTO,780,2010,Exports,10981183592.000002,3361961029.318508,7619222562.681494,0.6938434731418424,2536,2098,5010,4069,-0.0686251500920233,0.0105197649078083
Trinidad and Tobago,TTO,780,2011,Exports,14832864767.059002,5370676391.185328,9462188375.873674,0.6379204910495383,2625,2170,5011,4071,-0.0471083139918625,0.0071317620492956
Trinidad and Tobago,TTO,780,2012,Exports,12858179340.626,5282224682.117032,7575954658.508967,0.5891934198314062,2729,2268,5007,4067,-0.0294150621266233,0.0110695367483684
Trinidad and Tobago,TTO,780,2013,Exports,18656466590.322,6490870788.023954,12165595802.298044,0.6520846669116284,2719,2224,5006,4066,-0.0626491172331323,0.0013655729877516
Trinidad and Tobago,TTO,780,2014,Exports,14509625652.55,5326946712.737776,9182678939.812223,0.6328680807969991,2656,2184,5003,4063,-0.0506221653709584,-0.0103897496601144
Trinidad and Tobago,TTO,780,2015,Exports,10741754294.022,5183672005.601618,5558082288.420382,0.5174277996205485,2753,2261,5002,4062,-0.0365550463371461,-0.0070125081584582
Trinidad and Tobago,TTO,780,2016,Exports,7604884377.02,4486494871.099144,3118389505.9208555,0.4100508766897002,2802,2296,5003,4064,-0.0383234020161749,0.0047760157443683
Trinidad and Tobago,TTO,780,2017,Exports,8736327873.688,3821928069.451184,4914399804.236816,0.56252465283932,2816,2295,4994,4055,-0.0469536117931169,-0.0085342812838458
Trinidad and Tobago,TTO,780,2018,Exports,10515910158.602,4797475803.122897,5718434355.479104,0.5437888180131923,2895,2369,4990,4051,-0.0430510369911231,-0.0118434668209156
Trinidad and Tobago,TTO,780,2019,Exports,7137185172.102001,3419773276.6380777,3717411895.463923,0.5208512608016156,2912,2416,4987,4048,-0.0403960761876824,0.008363961818096
Trinidad and Tobago,TTO,780,2020,Exports,5470638970.006,2884564001.1110797,2586074968.89492,0.4727189973737352,2821,2328,4982,4043,-0.0319197870024515,0.0019118526432955
Trinidad and Tobago,TTO,780,2021,Exports,8563189674.135,5280180793.482752,3283008880.6522484,0.3833862153688517,2868,2375,4982,4043,-0.0174415974714919,0.0012950398943412
Trinidad and Tobago,TTO,780,2022,Exports,11473897854.359003,7196127018.138205,4277770836.2207985,0.3728262958690753,1996,1609,4988,4049,-0.0074334306880388,-0.0075014096650996
Trinidad and Tobago,TTO,780,2023,Exports,7814242849.393001,4575088420.295538,3239154429.0974627,0.4145192940028829,2911,2405,4982,4043,-0.0180953217150572,0.0028184796422842
Trinidad and Tobago,TTO,780,2024,Exports,7854796597.731,4434641329.767577,3420155267.963423,0.4354225122712148,2905,2410,4982,4043,-0.0317935950295334,-0.0015671395052651
Tunisia,TUN,788,2000,Exports,5850024789.0,4600545827.2646,1249478961.7354002,0.2135852422514239,2453,2153,5035,4076,-0.0227841300479649,0.0026398296278939
Tunisia,TUN,788,2001,Exports,6606592020.0,5455420748.7792,1151171271.2208004,0.174245854403584,2540,2235,5033,4073,-0.0140970430027574,0.0111509030410691
Tunisia,TUN,788,2002,Exports,6842559134.0,5723284037.0453,1119275096.9547005,0.1635755095477557,2656,2303,5032,4073,-0.0143707732312997,0.0009627609716024
Tunisia,TUN,788,2003,Exports,8026031713.0,6618205130.4890995,1407826582.5109005,0.1754075529293763,2739,2383,5035,4074,-0.0163324944377514,0.0046736316069783
Tunisia,TUN,788,2004,Exports,9684614952.0,7636443878.9991,2048171073.0009005,0.2114870940303027,2729,2383,5027,4074,-0.0207265588539512,-0.0019030079211821
Tunisia,TUN,788,2005,Exports,10493518184.0,8080292902.306001,2413225281.6939993,0.2299729451437523,2759,2419,5034,4074,-0.0203268114059063,0.0113027233288471
Tunisia,TUN,788,2006,Exports,11694350670.0,8753115990.181295,2941234679.8187046,0.2515090202796787,2834,2477,5031,4074,-0.0197794424183691,0.0067505962716075
Tunisia,TUN,788,2007,Exports,14764992400.999998,10741442341.443,4023550059.556998,0.2725060704592365,2856,2493,5019,4074,-0.0224763122019999,0.0181548519726287
Tunisia,TUN,788,2008,Exports,19313790349.0,14031754859.96087,5282035489.039129,0.2734851830527721,3043,2645,5015,4072,-0.0194409587951021,0.0047749805386547
Tunisia,TUN,788,2009,Exports,14443642504.0,11145749865.093948,3297892638.9060516,0.2283283207814606,3015,2607,5011,4070,-0.0145301645612241,0.0096139619335893
Tunisia,TUN,788,2010,Exports,16425992380.0,12750488265.00697,3675504114.9930305,0.2237614647543767,2991,2592,5010,4069,-0.0159985954860288,0.0099977103679796
Tunisia,TUN,788,2011,Exports,17846781979.0,13512441647.34901,4334340331.65099,0.2428639704766457,2993,2578,5011,4071,-0.0135235698866188,0.0010984598267886
Tunisia,TUN,788,2012,Exports,16944273995.0,12564838324.54655,4379435670.453449,0.2584610985248323,3092,2676,5007,4067,-0.0160948783456011,0.0093391426419093
Tunisia,TUN,788,2013,Exports,17060194888.0,12835780979.311954,4224413908.6880455,0.2476181506964767,3110,2671,5006,4066,-0.0146493171477395,0.0112593055312724
Tunisia,TUN,788,2014,Exports,16759601139.0,13116661568.394545,3642939570.6054554,0.217364335844977,3055,2641,5003,4063,-0.0115626632912398,0.0117975044296645
Tunisia,TUN,788,2015,Exports,14073470736.0,10998975520.420223,3074495215.579777,0.2184603409672927,3007,2591,5002,4062,-0.0028779285927486,0.0161864353791196
Tunisia,TUN,788,2016,Exports,13574046662.0,11363520148.439556,2210526513.560444,0.1628494853895503,2986,2570,5003,4064,-0.0002903941266019,0.016492755632616
Tunisia,TUN,788,2017,Exports,14076136798.652,11698180343.769297,2377956454.8827057,0.1689353044018747,3023,2592,4994,4055,-0.0005886960738819,0.016584979684218
Tunisia,TUN,788,2018,Exports,15504783504.371,12521942963.119017,2982840541.2519836,0.1923819536345723,3037,2620,4990,4051,-0.0024032370966535,0.0089390532384022
Tunisia,TUN,788,2019,Exports,14927944856.696,12492928844.487186,2435016012.2088127,0.1631179667117121,3033,2620,4987,4048,-6.0538872202253735e-05,0.0186835469764443
Tunisia,TUN,788,2020,Exports,13843354373.52,11163844974.195757,2679509399.3242416,0.1935592578955929,2933,2543,4982,4043,-0.0018536811803275,0.0187546015996586
Tunisia,TUN,788,2021,Exports,16671880156.648,13616345364.477234,3055534792.170767,0.1832747574635339,3000,2604,4982,4043,-0.0018612389473701,0.0164497941872582
Tunisia,TUN,788,2022,Exports,18519293226.405,14777047368.446224,3742245857.9587746,0.2020728227696639,3006,2588,4988,4049,-0.0033800423804091,0.0093235547927576
Tunisia,TUN,788,2023,Exports,18634652815.521,15616805445.174484,3017847370.3465157,0.161948140393199,3311,2919,4982,4043,-0.0011873787776426,0.0137882695606444
Tunisia,TUN,788,2024,Exports,19975662776.652,15802838212.920742,4172824563.7312584,0.2088954249171921,3329,2942,4982,4043,-0.0043845800995453,0.0100017822774765
Türkiye,TUR,792,2000,Exports,27026779349.0,23740305364.9375,3286473984.0625,0.1216006517692645,4456,3745,5035,4076,0.004567751619858,0.019131569445687
Türkiye,TUR,792,2001,Exports,31023256880.0,26767773804.7782,4255483075.2218018,0.1371707390904278,4456,3746,5033,4073,0.0065570135215012,0.0140820097795581
Türkiye,TUR,792,2002,Exports,35258530870.0,31358116086.76347,3900414783.2365303,0.1106232927746637,4276,3713,5032,4073,0.0061550494248537,0.0088434357215337
Türkiye,TUR,792,2003,Exports,45642633972.0,41111450086.97723,4531183885.022774,0.0992752497106648,4463,3763,5035,4074,0.00349959717407,0.0198864879937995
Türkiye,TUR,792,2004,Exports,59728596791.0,55612657293.49259,4115939497.507408,0.0689107013832878,4247,3786,5027,4074,-0.0024213261742241,0.0130852351266951
Türkiye,TUR,792,2005,Exports,71626625483.0,62707823002.47676,8918802480.52324,0.1245179766655354,4394,3799,5034,4074,0.0029608091179262,0.0171754022145976
Türkiye,TUR,792,2006,Exports,80903974294.0,72575464140.7004,8328510153.299606,0.1029431523726426,4389,3818,5031,4074,-0.005813727379476,0.0201387415100829
Türkiye,TUR,792,2007,Exports,101918668757.0,91010691147.24992,10907977609.750092,0.1070262959944804,4349,3857,5019,4074,-0.0077869627569027,0.0098494351565092
Türkiye,TUR,792,2008,Exports,127598696941.0,108324047375.6492,19274649565.350815,0.1510567899785306,4547,3873,5015,4072,-0.0084585070025872,0.01576294488285
Türkiye,TUR,792,2009,Exports,95927961188.0,81766545440.3084,14161415747.691605,0.1476255262002077,4374,3880,5011,4070,-0.0132481740313941,0.0136225119872031
Türkiye,TUR,792,2010,Exports,112283990932.0,93265412278.45663,19018578653.543365,0.1693792542969117,4656,3891,5010,4069,0.002611607814464,0.020369960552767
Türkiye,TUR,792,2011,Exports,132791673548.0,110480562922.51956,22311110625.48044,0.1680158855548701,4675,3899,5011,4071,0.0035492987995944,0.0288324116291367
Türkiye,TUR,792,2012,Exports,150453684677.0,114734710106.55592,35718974570.44409,0.2374084399935237,4704,3921,5007,4067,-0.0087538013286445,0.0243022855559037
Türkiye,TUR,792,2013,Exports,159363364861.0,128455758362.63158,30907606498.368423,0.193944238848914,4730,3924,5006,4066,-0.0009280046738372,0.029569402035264
Türkiye,TUR,792,2014,Exports,163223136100.0,135477523971.57852,27745612128.42148,0.1699857801495916,4763,3942,5003,4063,0.0012248483270074,0.0275666379840426
Türkiye,TUR,792,2015,Exports,148082915028.0,120392314251.84012,27690600776.15988,0.1869938930559548,4732,3919,5002,4062,-0.0028714005526145,0.0231529792893925
Türkiye,TUR,792,2016,Exports,147404444809.99997,119821623582.77742,27582821227.22255,0.1871234023015791,4733,3936,5003,4064,-0.0002420040075113,0.0197881844055439
Türkiye,TUR,792,2017,Exports,154424877502.0,133478243870.87952,20946633631.120483,0.1356428703066265,4462,3924,4994,4055,-0.0061596654036665,0.0221317945369606
Türkiye,TUR,792,2018,Exports,166806356516.0,148241954524.32324,18564401991.67676,0.1112931328243241,4459,3927,4990,4051,-0.0021137446880182,0.0159573848496143
Türkiye,TUR,792,2019,Exports,171930812283.0,149812781831.35016,22118030451.64984,0.1286449482670001,4664,3906,4987,4048,-0.0025366779973881,0.0326225737446512
Türkiye,TUR,792,2020,Exports,167441668834.0,141139541491.2906,26302127342.70941,0.1570823291828575,4769,3931,4982,4043,0.0040151598356871,0.0199840925012207
Türkiye,TUR,792,2021,Exports,222333696881.0,185318151871.2953,37015545009.70471,0.1664864369592909,4823,3959,4982,4043,0.0029695651086734,0.0226038819463915
Türkiye,TUR,792,2022,Exports,249105888735.00003,201805630562.69452,47300258172.30551,0.18988012853692,4856,3980,4988,4049,-0.0007383094325077,0.0227108359545924
Türkiye,TUR,792,2023,Exports,249914534288.0,199795441557.3101,50119092730.68991,0.2005449297836074,4859,3987,4982,4043,-0.0027686661724058,0.0284311785939527
Türkiye,TUR,792,2024,Exports,254982397156.0,206027910584.7604,48954486571.239624,0.1919916320391675,4843,3980,4982,4043,-0.0013919420171415,0.0274537380865248
USA,USA,842,2000,Exports,739814668116.0,666474200709.009,73340467406.99097,0.0991335675916761,4937,4045,5035,4076,-0.0036225634861072,0.0553494010281389
USA,USA,842,2001,Exports,687403599211.0,617175187178.8673,70228412032.13269,0.1021647429730374,4922,4043,5033,4073,-0.0038127226897911,0.0544779377025222
USA,USA,842,2002,Exports,653258059859.0,585203029128.1302,68055030730.86975,0.1041778661644968,4909,4041,5032,4073,-0.0035962761337224,0.0542530393443607
USA,USA,842,2003,Exports,683002255597.0,604723432892.5126,78278822704.48743,0.1146099036467534,4903,4042,5035,4074,-0.0045344022183853,0.0544096386732999
USA,USA,842,2004,Exports,725961511832.0,634808641696.2485,91152870135.75146,0.1255615740643366,4902,4036,5027,4074,-0.0056180077046735,0.0565488940434505
USA,USA,842,2005,Exports,796856149452.0,692291478055.0862,104564671396.91382,0.1312215152870731,4882,4035,5034,4074,-0.0063740015238715,0.059102832058989
USA,USA,842,2006,Exports,982793672483.0,850132434202.042,132661238280.95811,0.1349838139940332,4837,4040,5031,4074,-0.0055863230028172,0.0457378497188764
USA,USA,842,2007,Exports,1099403993909.0,931429998351.6044,167973995557.3955,0.1527864156288476,4891,4018,5019,4074,-0.0068777699130336,0.0462009565383617
USA,USA,842,2008,Exports,1230007717061.0,995816786234.1168,234190930826.8833,0.1903979361905654,4678,4045,5015,4072,-0.0112802470353055,0.0138155028671158
USA,USA,842,2009,Exports,922025372755.0,748076604359.616,173948768395.38403,0.1886594160371393,4901,4037,5011,4070,-0.0121169451368199,0.0492344260220131
USA,USA,842,2010,Exports,1131153730305.0,896862481893.2865,234291248411.7135,0.2071259123625398,4675,4041,5010,4069,-0.0131683401382186,0.0124120227706679
USA,USA,842,2011,Exports,1319806732479.0,995579039418.2592,324227693060.7407,0.245663008895054,4675,4040,5011,4071,-0.0173430801722397,0.0140557612008375
USA,USA,842,2012,Exports,1365205518980.0,1039002042277.361,326203476702.63904,0.238940930261078,4666,4037,5007,4067,-0.0175170885732049,0.0137684703918635
USA,USA,842,2013,Exports,1382496722007.0,1050695194356.702,331801527650.298,0.2400016740499859,4673,4039,5006,4066,-0.0170877486992768,0.0150108362458468
USA,USA,842,2014,Exports,1412734755023.0,1079957160718.0009,332777594304.99927,0.2355556081010985,4659,4032,5003,4063,-0.0163253416908552,0.0143757342824905
USA,USA,842,2015,Exports,1296601719787.0,1038747170668.9144,257854549118.0857,0.1988695103384907,4658,4033,5002,4062,-0.0132539408183532,0.0101728888898134
USA,USA,842,2016,Exports,1279708234696.0,999025048892.9731,280683185803.02673,0.2193337342005181,4965,4033,5003,4064,-0.0082155634249945,0.0170779323187091
USA,USA,842,2017,Exports,1329956061821.0,1035713824786.2334,294242237034.7666,0.2212420736906787,4614,4024,4994,4055,-0.014237934861925,0.010841189064874
USA,USA,842,2018,Exports,1435986436782.0,1078823468663.0952,357162968118.9049,0.2487230791115937,4622,4025,4990,4051,-0.0172236932035253,0.0092961848244101
USA,USA,842,2019,Exports,1468656007258.0,1066138178567.1428,402517828690.8573,0.2740722311430594,4935,4023,4987,4048,-0.0127061003568751,0.0164632020755044
USA,USA,842,2020,Exports,1267400855671.0,947646704124.4462,319754151546.55383,0.252291254275086,4630,4020,4982,4043,-0.0152593624068781,0.0101577936390799
USA,USA,842,2021,Exports,1565693059602.0,1111542739533.018,454150320068.98193,0.2900634433318796,4621,4022,4982,4043,-0.0192448647783129,0.0115216373297903
USA,USA,842,2022,Exports,1905342892488.0,1229312555002.9531,676030337485.0466,0.3548077042459718,4952,4019,4988,4049,-0.0206187308368532,0.0164254534077797
USA,USA,842,2023,Exports,1823162611415.0,1259086577400.3906,564076034014.6094,0.309394252867448,4951,4022,4982,4043,-0.0166529497083625,0.0243424558039044
USA,USA,842,2024,Exports,1861265103937.0,1287415873754.7708,573849230182.2292,0.3083113893708141,4947,4014,4982,4043,-0.0140925895049747,0.0176785573862252
Uganda,UGA,800,2000,Exports,402823581.0,26692270.9391,376131310.0609,0.9337370695309418,662,473,5035,4076,-0.0169119001839161,0.0362061920603809
Uganda,UGA,800,2001,Exports,450527182.0,33044802.5164,417482379.4836,0.9266530326323352,982,703,5033,4073,-0.0891862002023301,0.0242407775921338
Uganda,UGA,800,2002,Exports,461256899.99999994,40272251.842020795,420984648.15797913,0.9126901909933036,1049,803,5032,4073,-0.0876314785003991,0.0101238529281527
Uganda,UGA,800,2003,Exports,531512466.0,79388769.6929244,452123696.3070756,0.8506361096469102,1269,995,5035,4074,-0.0728501434099864,0.0206835874707537
Uganda,UGA,800,2004,Exports,653063195.0,96936635.90367812,556126559.0963218,0.8515662241482187,1326,1045,5027,4074,-0.0497645201267491,0.0364850724855573
Uganda,UGA,800,2005,Exports,812746553.0,144686261.91013816,668060291.0898619,0.8219786212859667,1538,1233,5034,4074,-0.0272480584558649,0.0131252920875926
Uganda,UGA,800,2006,Exports,962000925.0,194486992.16528612,767513932.8347139,0.7978307638682509,1596,1276,5031,4074,0.0155195274504111,0.0434501844980658
Uganda,UGA,800,2007,Exports,1336173621.0,416276629.82370937,919896991.1762906,0.6884561831776281,2020,1679,5019,4074,0.0069667666003825,0.0314581189494092
Uganda,UGA,800,2008,Exports,1720414258.9999998,589787782.9903696,1130626476.0096302,0.6571826931188149,2263,1826,5015,4072,0.0098349817504718,0.0581851743656185
Uganda,UGA,800,2009,Exports,1564104298.0,507640887.7815012,1056463410.2184988,0.6754430708804936,2280,1884,5011,4070,0.0043758992548305,0.048589209267736
Uganda,UGA,800,2010,Exports,1617535133.0,496801415.3825813,1120733717.6174188,0.6928651469466529,2417,2018,5010,4069,0.0033048460638314,0.0375577654325035
Uganda,UGA,800,2011,Exports,2158923569.0,665888398.054825,1493035170.9451752,0.6915646261793046,2452,2066,5011,4071,0.0004504128051505,0.0359421115642711
Uganda,UGA,800,2012,Exports,2238072866.0,815692294.7534176,1422380571.2465825,0.6355380974654034,2626,2192,5007,4067,-0.009180196006939,0.0277685798005877
Uganda,UGA,800,2013,Exports,2375804565.0,773284124.689692,1602520440.310308,0.6745169463508914,2708,2241,5006,4066,-0.0264455566422897,0.0318173726240026
Uganda,UGA,800,2014,Exports,2224427644.0,662408174.9415784,1562019469.0584216,0.7022118580802988,2708,2273,5003,4063,-0.0340174345127174,0.0350255666336767
Uganda,UGA,800,2015,Exports,2217614351.0,656881200.2871394,1560733150.7128606,0.7037892544341947,2729,2283,5002,4062,-0.0148645099291798,0.0354441980177758
Uganda,UGA,800,2016,Exports,2288044504.0,610585421.4038243,1677459082.5961757,0.7331409330822071,2656,2218,5003,4064,-0.0483525373806791,0.0232986137191181
Uganda,UGA,800,2017,Exports,2691465945.69,546452623.7783419,2145013321.9116583,0.7969684050235122,2433,2017,4994,4055,-0.0601644441442802,0.0205062492468406
Uganda,UGA,800,2018,Exports,2854913256.52,593781529.6871357,2261131726.8328643,0.7920141607346325,2466,2069,4990,4051,-0.053028636826407,0.0236009322631456
Uganda,UGA,800,2019,Exports,3518810939.0800004,543876169.6298949,2974934769.4501057,0.8454375131128551,2530,2127,4987,4048,-0.1004334882249471,0.0504657733130171
Uganda,UGA,800,2020,Exports,4143225879.0,610313436.2416717,3532912442.7583284,0.8526960744923288,2397,1979,4982,4043,-0.1076870261559965,0.0428401072528704
Uganda,UGA,800,2021,Exports,3965128740.52,823258740.7547246,3141869999.7652755,0.7923752809481894,2588,2167,4982,4043,-0.0652292017631501,0.0384158135698551
Uganda,UGA,800,2022,Exports,3562486885.51,990319035.1569704,2572167850.3530293,0.7220146860933081,2735,2298,4988,4049,-0.0367045977572945,0.0256417399768698
Uganda,UGA,800,2023,Exports,6302862217.940001,1213138969.367483,5089723248.572517,0.8075257038120722,3061,2612,4982,4043,-0.0884437084845715,0.026662140322421
Uganda,UGA,800,2024,Exports,8039344375.929998,1212480678.3477223,6826863697.582275,0.8491816469539579,2741,2295,4982,4043,-0.1201420480649633,0.0346964520207805
Ukraine,UKR,804,2000,Exports,14222680590.0,9908373190.0,4314307400.0,0.303339962723581,3472,2973,5035,4076,-0.0113911465365061,0.0158226221984546
Ukraine,UKR,804,2001,Exports,15199484940.0,10499354601.942,4700130338.058001,0.3092295795950833,3543,3036,5033,4073,-0.0157478529307903,0.0124969898928351
Ukraine,UKR,804,2002,Exports,17716988530.0,11875086976.556,5841901553.444,0.3297344547890837,3494,2989,5032,4073,-0.0233007463744733,0.0137223586115688
Ukraine,UKR,804,2003,Exports,22769273770.0,15553254236.752,7216019533.248001,0.3169191782811965,3603,3076,5035,4074,-0.0216211569027502,0.0197571980943822
Ukraine,UKR,804,2004,Exports,32305776360.0,22943005416.394,9362770943.606,0.2898172400895676,3675,3142,5027,4074,-0.0152323642285246,0.0173136124684235
Ukraine,UKR,804,2005,Exports,33962449978.0,23820315935.1235,10142134042.8765,0.2986278684089726,3707,3161,5034,4074,-0.0145085073577766,0.0164985857388758
Ukraine,UKR,804,2006,Exports,37964840791.0,28041452493.7841,9923388297.2159,0.2613836405068858,3731,3192,5031,4074,-0.0053865959190598,0.021981377847658
Ukraine,UKR,804,2007,Exports,48868267331.0,36639552920.583496,12228714410.416504,0.250238346442439,3739,3188,5019,4074,-0.0040981905291996,0.0191562743409536
Ukraine,UKR,804,2008,Exports,66639039976.0,46777696444.632,19861343531.367996,0.2980436623715024,3924,3321,5015,4072,-0.0111729180957668,0.0254580683073381
Ukraine,UKR,804,2009,Exports,39368661758.0,25597075717.0279,13771586040.9721,0.3498108756052296,3931,3313,5011,4070,-0.0127095611948205,0.0302487723177519
Ukraine,UKR,804,2010,Exports,51084629437.0,33540788627.485897,17543840809.514103,0.3434269956122517,3956,3326,5010,4069,-0.0142214105578609,0.0333458199527177
Ukraine,UKR,804,2011,Exports,67995679302.0,43877768636.33234,24117910665.667664,0.3546976942247898,4036,3383,5011,4071,-0.0201731473656875,0.0320719654217016
Ukraine,UKR,804,2012,Exports,68284880525.0,42306602871.52554,25978277653.474457,0.3804396735228008,4026,3380,5007,4067,-0.0236417391567742,0.025046130021029
Ukraine,UKR,804,2013,Exports,62746181461.0,37824542687.63138,24921638773.36862,0.3971817597993387,3958,3324,5006,4066,-0.0251705277923615,0.0337646063876706
Ukraine,UKR,804,2014,Exports,53768523226.0,29403895859.250298,24364627366.749702,0.4531392328619522,3961,3336,5003,4063,-0.023829712470485,0.0387516953797877
Ukraine,UKR,804,2015,Exports,38015425892.0,19011380676.992695,19004045215.007305,0.4999035199289069,3991,3367,5002,4062,-0.0255957955898831,0.0380379402854942
Ukraine,UKR,804,2016,Exports,35160614359.74,17038587878.943558,18122026480.79644,0.5154069919081598,3817,3416,5003,4064,-0.0339530432421638,0.033938050212539
Ukraine,UKR,804,2017,Exports,42876949261.66,19661155969.555527,23215793292.10447,0.5414516119238858,4102,3430,4994,4055,-0.0286611827475932,0.0372942895540124
Ukraine,UKR,804,2018,Exports,46240385518.03,22314655833.25128,23925729684.778717,0.5174206360249661,4071,3416,4990,4051,-0.0264587346020753,0.0350392767195563
Ukraine,UKR,804,2019,Exports,49846885614.46001,21564303277.442085,28282582337.01792,0.5673891555787283,4134,3436,4987,4048,-0.0341315613136758,0.0425661167846666
Ukraine,UKR,804,2020,Exports,48747192646.95,20317862871.8855,28429329775.064495,0.5831993235172129,4140,3447,4982,4043,-0.0372162562837233,0.0424144611643695
Ukraine,UKR,804,2021,Exports,63921019452.920006,28318901630.358337,35602117822.56167,0.5569704320623959,4097,3480,4982,4043,-0.0352318802831345,0.0581939122942989
Ukraine,UKR,804,2022,Exports,43837137922.91,15296594280.714436,28540543642.195557,0.6510585543332155,4122,3460,4988,4049,-0.0435987196431594,0.0522859664106082
Ukraine,UKR,804,2023,Exports,36083289458.01,11261393665.558607,24821895792.451393,0.687905569732952,4042,3418,4982,4043,-0.0405098985671248,0.0536151278520066
Ukraine,UKR,804,2024,Exports,41587217109.34999,13574824347.507145,28012392761.84285,0.6735818049134349,4029,3405,4982,4043,-0.0328169804181193,0.0521217841940307
United Arab Emirates,ARE,784,2005,Exports,81801065301.0,20858829909.61073,60942235391.38927,0.7450054002003842,4386,3648,5034,4074,-0.0800822065165548,0.023446961821631
United Arab Emirates,ARE,784,2007,Exports,121711511070.0,28454465043.852753,93257046026.14725,0.7662138544357754,4567,3781,5019,4074,-0.0856261957060812,0.0160438744397679
United Arab Emirates,ARE,784,2008,Exports,163141563357.0,35581586884.16083,127559976472.83916,0.7818974751008225,4548,3770,5015,4072,-0.0876641113561138,0.0213299465090154
United Arab Emirates,ARE,784,2012,Exports,271006142920.0,97934544233.11104,173071598686.88895,0.6386261094383349,4717,3892,5007,4067,-0.0431691448427613,0.0322011079467153
United Arab Emirates,ARE,784,2013,Exports,231025691745.139,57139824477.14072,173885867267.9983,0.7526689605579636,4349,3833,5006,4066,-0.0619974907834229,0.0154525123514757
United Arab Emirates,ARE,784,2014,Exports,202058961518.286,64905326704.56237,137153634813.72363,0.6787802618757468,4372,3851,5003,4063,-0.0544463527690446,0.01525721494173
United Arab Emirates,ARE,784,2015,Exports,163220711209.29,62515559595.69795,100705151613.59206,0.6169875799919945,4358,3847,5002,4062,-0.0472680919955635,0.0196234042836253
United Arab Emirates,ARE,784,2016,Exports,149172349277.491,62765515869.9043,86406833407.5867,0.5792416210249016,4482,3832,5003,4064,-0.0423964687711936,0.0244178301771897
United Arab Emirates,ARE,784,2017,Exports,209877281829.36304,103173793853.7676,106703487975.59544,0.5084089475789418,4692,3887,4994,4055,-0.0289433690577952,0.0358047822992348
United Arab Emirates,ARE,784,2018,Exports,290745970446.045,125672949765.3328,165073020680.7122,0.567756864961764,4774,3923,4990,4051,-0.0341547931792933,0.0331954735758701
United Arab Emirates,ARE,784,2019,Exports,389358934663.09296,130999578031.4686,258359356631.62433,0.663550604932642,4780,3916,4987,4048,-0.0407479149097601,0.0335546738163387
United Arab Emirates,ARE,784,2020,Exports,335253692404.09,111058898618.56654,224194793785.5235,0.6687317660182417,4781,3917,4982,4043,-0.0430704748811329,0.0348556715808674
United Arab Emirates,ARE,784,2021,Exports,425122240271.131,136932490876.88116,288189749394.2498,0.6778985479810478,4797,3937,4982,4043,-0.044605848559897,0.0372135435274318
United Arab Emirates,ARE,784,2022,Exports,511575233185.765,163422015177.84467,348153218007.92035,0.6805513547632939,4825,3956,4988,4049,-0.0458770740390308,0.0298813051455995
United Arab Emirates,ARE,784,2023,Exports,551400163099.8771,175055094013.1043,376345069086.7728,0.6825262201066924,4821,3950,4982,4043,-0.0440069848294721,0.0326547607233543
United Kingdom,GBR,826,2000,Exports,271801756341.0,226884559537.5843,44917196803.41571,0.1652571985114879,4856,3942,5035,4076,-0.0109958134491283,0.032864929043554
United Kingdom,GBR,826,2001,Exports,257573696302.0,219448045525.2885,38125650776.71149,0.148018416958267,4886,3977,5033,4073,-0.0101802269324442,0.0324957877977616
United Kingdom,GBR,826,2002,Exports,269944689854.0,227733140330.613,42211549523.38699,0.1563711053038945,4892,3974,5032,4073,-0.009545753692538,0.0314110957231209
United Kingdom,GBR,826,2003,Exports,294541327594.0,246382280405.8504,48159047188.1496,0.1635052288979043,4879,3973,5035,4074,-0.0108438570730169,0.0319766448305588
United Kingdom,GBR,826,2004,Exports,334429933291.0,275311590711.8726,59118342579.12738,0.1767734783706885,4892,3977,5027,4074,-0.0114787101871501,0.025592976315928
United Kingdom,GBR,826,2005,Exports,367332842648.0,300188681252.90247,67144161395.097534,0.1827883423411694,4901,3985,5034,4074,-0.0107649877936308,0.0261502523699103
United Kingdom,GBR,826,2006,Exports,435427565379.0,360172798059.8353,75254767319.16467,0.1728295893569858,4909,3992,5031,4074,-0.0088218203170583,0.0236459114280066
United Kingdom,GBR,826,2007,Exports,424760884651.0,339766843718.3837,84994040932.61627,0.200098558986783,4899,3976,5019,4074,-0.0126988320806283,0.0256875213608891
United Kingdom,GBR,826,2008,Exports,441658022394.0,337590770519.33936,104067251874.66064,0.2356285782166161,4899,3981,5015,4072,-0.0156442589245924,0.0313770101437933
United Kingdom,GBR,826,2009,Exports,316274820312.0,248273948577.3378,68000871734.6622,0.2150056449880532,4727,3830,5011,4070,-0.0116875028482522,0.0317119834321956
United Kingdom,GBR,826,2010,Exports,387018137711.0,296196317561.30945,90821820149.69057,0.2346707073907486,4906,3984,5010,4069,-0.0132655256290599,0.0271230577808897
United Kingdom,GBR,826,2011,Exports,451451313183.0,337313065773.5292,114138247409.47084,0.2528251531814768,4901,3981,5011,4071,-0.0146384211420902,0.0319078665582436
United Kingdom,GBR,826,2012,Exports,438775646298.0,329878698326.9441,108896947971.05592,0.2481836649090072,4906,3988,5007,4067,-0.01515237757807,0.0324107450419135
United Kingdom,GBR,826,2013,Exports,516660236750.0,337022319772.83154,179637916977.16846,0.347690617933292,4904,3984,5006,4066,-0.0265154100955614,0.0329586438175453
United Kingdom,GBR,826,2014,Exports,497576918759.0,370579120961.7226,126997797797.2774,0.2552324937298557,4904,3985,5003,4063,-0.0143940816553952,0.0340730823202213
United Kingdom,GBR,826,2015,Exports,450419861624.0,351292805381.48254,99127056242.51746,0.2200770096707378,4907,3985,5002,4062,-0.0120833509374472,0.0291279553615588
United Kingdom,GBR,826,2016,Exports,399408440925.0,329926223346.66235,69482217578.33765,0.1739628171538439,4906,3983,5003,4064,-0.004699665405969,0.0344931618132349
United Kingdom,GBR,826,2017,Exports,417340091153.61,341838861240.5385,75501229913.07147,0.1809105607476416,4564,3980,4994,4055,-0.0098662252987574,0.0251001599326082
United Kingdom,GBR,826,2018,Exports,460630240042.518,357307869918.081,103322370124.437,0.2243065286267352,4824,3989,4990,4051,-0.014453484270221,0.0700338574673729
United Kingdom,GBR,826,2019,Exports,441790869175.6971,353578763526.87964,88212105648.81744,0.19966937255495,4648,3986,4987,4048,-0.0111518990858904,0.0385694926581001
United Kingdom,GBR,826,2020,Exports,370911813930.443,293325863144.2184,77585950786.22461,0.2091762728290296,4608,3983,4982,4043,-0.0123573590025448,0.035696251219931
United Kingdom,GBR,826,2021,Exports,432015436477.10095,315887834046.45483,116127602430.64612,0.2688042894430266,4616,3969,4982,4043,-0.0186293349699792,0.042262434032695
United Kingdom,GBR,826,2022,Exports,518596107641.736,326212468056.6792,192383639585.0568,0.3709700800877627,4886,3972,4988,4049,-0.0244611706278036,0.0380875493834721
United Kingdom,GBR,826,2023,Exports,494424017923.989,351167786222.12317,143256231701.86584,0.2897436744747492,4874,3966,4982,4043,-0.0152775769390338,0.0427286279849616
United Kingdom,GBR,826,2024,Exports,494267654806.127,350572939550.55615,143694715255.57086,0.290722473660418,4877,3970,4982,4043,-0.0150357369956045,0.0420563421936596
United Rep. of Tanzania,TZA,834,2000,Exports,655840658.0,47867331.0956,607973326.9044,0.9270137791676832,1016,660,5035,4076,-0.1895308311261863,0.0247082010872864
United Rep. of Tanzania,TZA,834,2001,Exports,768321728.0,43820839.1437,724500888.8563,0.9429655083974144,1156,726,5033,4073,-0.2187837647990881,0.0375025699047477
United Rep. of Tanzania,TZA,834,2002,Exports,901362108.0,58026420.2654,843335687.7346,0.9356236303363664,1182,771,5032,4073,-0.1598471408466864,0.0588622814110401
United Rep. of Tanzania,TZA,834,2003,Exports,1131989099.0,68678197.0286,1063310901.9714,0.939329630391962,1343,892,5035,4074,-0.1736239251453749,0.071417619597847
United Rep. of Tanzania,TZA,834,2004,Exports,1473090070.0,152443910.29909998,1320646159.7009,0.8965141959723482,2011,1538,5027,4074,-0.1528543382349055,0.0819885733121823
United Rep. of Tanzania,TZA,834,2005,Exports,1669709092.0,173505082.2923971,1496204009.707603,0.8960866398082733,2030,1532,5034,4074,-0.1368269035024597,0.0500560552129749
United Rep. of Tanzania,TZA,834,2006,Exports,1864516545.0,284975549.9891846,1579540995.0108154,0.8471584761457911,2091,1642,5031,4074,-0.0987837799799057,0.0641461678122487
United Rep. of Tanzania,TZA,834,2007,Exports,2136926931.0,407771782.64660823,1729155148.3533916,0.8091784156345548,2220,1778,5019,4074,-0.1143902197383323,0.032803253667753
United Rep. of Tanzania,TZA,834,2008,Exports,3062495845.0,671009726.1926669,2391486118.807333,0.7808944860159747,2399,1905,5015,4072,-0.0996888506607783,0.0591643777060753
United Rep. of Tanzania,TZA,834,2009,Exports,2884738256.0,508652752.1044484,2376085503.8955517,0.8236745565922677,2381,1896,5011,4070,-0.1150343771037993,0.0742470945342741
United Rep. of Tanzania,TZA,834,2010,Exports,4039619272.999999,800372412.3502963,3239246860.649703,0.8018693450395624,2488,2013,5010,4069,-0.1060473521981029,0.0389096265915961
United Rep. of Tanzania,TZA,834,2011,Exports,4722620272.0,720244004.75998,4002376267.24002,0.8474905956275495,2616,2118,5011,4071,-0.1324870462359544,0.0425600703884412
United Rep. of Tanzania,TZA,834,2012,Exports,5496592357.0,919900123.864053,4576692233.135947,0.8326417416251461,2706,2191,5007,4067,-0.1021904417595536,0.0610437290911325
United Rep. of Tanzania,TZA,834,2013,Exports,4408929314.0,787605572.9297664,3621323741.070234,0.8213612610143637,2605,2122,5006,4066,-0.1300898761286409,0.029666904408761
United Rep. of Tanzania,TZA,834,2014,Exports,5704616470.0,925626459.646851,4778990010.353149,0.8377408079027527,2664,2155,5003,4063,-0.1848175395807516,0.0540313656478088
United Rep. of Tanzania,TZA,834,2015,Exports,5854213893.0,1229440989.085916,4624772903.9140835,0.7899904220178932,2438,1971,5002,4062,-0.0633907785361554,0.063417461204008
United Rep. of Tanzania,TZA,834,2016,Exports,4738967529.0,773591248.0490057,3965376280.9509945,0.836759538166271,2460,2001,5003,4064,-0.0983598581792308,0.0490552233573745
United Rep. of Tanzania,TZA,834,2017,Exports,4159620166.411,609668081.962115,3549952084.448885,0.8534317900261195,2397,1936,4994,4055,-0.1460635445573533,0.0524677482574847
United Rep. of Tanzania,TZA,834,2018,Exports,3647734806.058,2713685035.8469906,934049770.211009,0.256062959582418,2498,2060,4990,4051,0.0171077569508275,0.0124716825058731
United Rep. of Tanzania,TZA,834,2019,Exports,4988667504.773001,765762587.7069275,4222904917.0660734,0.8464995738893664,2660,2199,4987,4048,-0.1177526998487338,0.0762884145368958
United Rep. of Tanzania,TZA,834,2020,Exports,6070430812.861,708125911.2100618,5362304901.650938,0.8833483268255352,2588,2136,4982,4043,-0.1202797637681116,0.0660800906848517
United Rep. of Tanzania,TZA,834,2021,Exports,6390862886.742,947948027.1921188,5442914859.549881,0.851671355810393,2789,2287,4982,4043,-0.0867785095296247,0.0665667312230378
United Rep. of Tanzania,TZA,834,2022,Exports,6813550524.143,1041741752.6420532,5771808771.500946,0.8471073562967257,3079,2571,4988,4049,-0.1024441735675294,0.0700670513658245
United Rep. of Tanzania,TZA,834,2023,Exports,7274328787.87,1000740590.5429684,6273588197.327031,0.8624284631990086,3067,2559,4982,4043,-0.0802845706866446,0.0717617526662939
United Rep. of Tanzania,TZA,834,2024,Exports,8702027903.891,1103478978.6438053,7598548925.247195,0.8731928935610056,3045,2542,4982,4043,-0.0859211401085408,0.085351456520289
Uruguay,URY,858,2000,Exports,2295400680.0,1056343723.9656,1239056956.0344,0.539799855785701,1666,1404,5035,4076,0.0063898759770666,0.0299607924226888
Uruguay,URY,858,2001,Exports,2057565975.0,953993735.289,1103572239.711,0.5363484102671361,1652,1395,5033,4073,0.0030192409048392,0.0342621023991059
Uruguay,URY,858,2002,Exports,1860688017.0,771251800.5304999,1089436216.4695,0.5855018178845508,1659,1415,5032,4073,0.0002429037521155,0.0350111169494153
Uruguay,URY,858,2003,Exports,2208149687.0,815181002.0762,1392968684.9238,0.6308307326829333,1821,1538,5035,4074,-0.0018329158814248,0.0397928596600858
Uruguay,URY,858,2004,Exports,2937228124.0,988155384.1558,1949072739.8442,0.663575540462243,1779,1500,5027,4074,-0.0172026216998851,0.0355721935603163
Uruguay,URY,858,2005,Exports,3421891841.0,1136352817.2384171,2285539023.761583,0.6679167928036165,1884,1590,5034,4074,-0.0275730904073234,0.0348692633945666
Uruguay,URY,858,2006,Exports,3989321194.999999,1304440875.763661,2684880319.2363386,0.6730168336912613,1889,1584,5031,4074,-0.0196938320513238,0.0445886575680486
Uruguay,URY,858,2007,Exports,4517095519.0,1467934507.2153676,3049161011.7846327,0.6750269058865639,1963,1634,5019,4074,-0.0082990719548676,0.0271896922658477
Uruguay,URY,858,2008,Exports,5941894999.0,1638515962.846953,4303379036.153048,0.7242435345756347,2016,1700,5015,4072,-0.0173695172714857,0.0416274323855727
Uruguay,URY,858,2009,Exports,5404763196.0,1383383028.0436137,4021380167.9563866,0.7440437299699941,2086,1749,5011,4070,-0.0339834232222765,0.0279013671988827
Uruguay,URY,858,2010,Exports,6724161707.0,1726572765.987006,4997588941.012994,0.7432285478516071,2074,1737,5010,4069,-0.015927581367458,0.0310918115952043
Uruguay,URY,858,2011,Exports,7911749310.0,2188269057.200397,5723480252.7996025,0.7234152686771116,2063,1740,5011,4071,-0.0093201063944395,0.02613338816884
Uruguay,URY,858,2012,Exports,8652153951.0,2144635386.2879183,6507518564.712082,0.7521269965336151,1994,1664,5007,4067,-0.0230877915290593,0.032123720047218
Uruguay,URY,858,2013,Exports,9065753626.0,2240370737.8142834,6825382888.185717,0.7528754000782634,1997,1663,5006,4066,-0.0168481775471868,0.0402892791813639
Uruguay,URY,858,2014,Exports,9165707594.0,2212989436.0336285,6952718157.966372,0.7585577094470827,2001,1685,5003,4063,-0.011302701618256,0.0512725227117849
Uruguay,URY,858,2015,Exports,7669514564.0,1964890246.3157463,5704624317.684254,0.7438051352638717,2090,1779,5002,4062,0.0014307374837363,0.0516329212376782
Uruguay,URY,858,2016,Exports,6963552024.999999,1544566044.247339,5418985980.75266,0.7781927903026847,2026,1706,5003,4064,-0.0062203258090345,0.0559157771648033
Uruguay,URY,858,2017,Exports,7888223824.000001,1608148994.2944107,6280074829.70559,0.7961329406752378,2145,1815,4994,4055,-0.0153937682553338,0.0476660055488463
Uruguay,URY,858,2018,Exports,7502144832.0,1672091179.2818203,5830053652.71818,0.7771182486174348,2222,1896,4990,4051,-0.008598342712312,0.0565325566686718
Uruguay,URY,858,2019,Exports,7680345441.0,1491353678.0865948,6188991762.913405,0.8058220571531459,2138,1808,4987,4048,-0.0184891419659729,0.0537050211813399
Uruguay,URY,858,2020,Exports,6863945565.0,1256241084.271905,5607704480.728095,0.8169797425728995,2051,1703,4982,4043,-0.0148087478592141,0.0475623277226501
Uruguay,URY,858,2021,Exports,9535273938.0,1630919937.667009,7904354000.332991,0.8289592990960163,2007,1682,4982,4043,-0.0073504075137679,0.0458322005810978
Uruguay,URY,858,2022,Exports,11182783571.0,2060047938.9294865,9122735632.070517,0.8157839749065922,2527,2202,4988,4049,-0.0185808039958245,0.0438460005785756
Uruguay,URY,858,2023,Exports,9192776209.0,1889773241.8463056,7303002967.153694,0.7944284513315834,2515,2194,4982,4043,0.0047715818017605,0.0490993130818144
Uruguay,URY,858,2024,Exports,10248387373.0,2049931115.7515273,8198456257.248472,0.7999752506279968,2595,2260,4982,4043,0.0018169713916015,0.0333740051383181
Viet Nam,VNM,704,2000,Exports,14018974000.0,6304234382.3,7714739617.7,0.5503070066111828,1182,973,5035,4076,-0.0574952063507158,-0.0071278374990677
Viet Nam,VNM,704,2001,Exports,14664842579.0,7109179085.633699,7555663493.366301,0.5152229526272571,2456,2046,5033,4073,-0.0434295060566735,0.0168434635733765
Viet Nam,VNM,704,2002,Exports,16532367565.000002,8643507966.3903,7888859598.609701,0.4771766395583221,2865,2393,5032,4073,-0.049535780600233,0.0074221749683042
Viet Nam,VNM,704,2003,Exports,19983421552.0,10961797838.5621,9021623713.4379,0.4514554071715006,2956,2494,5035,4074,-0.0528787044712822,0.0059580052298412
Viet Nam,VNM,704,2004,Exports,26365980806.0,14319732365.9044,12046248440.0956,0.4568860354079558,3299,2769,5027,4074,-0.0558127692405376,0.0093691145109474
Viet Nam,VNM,704,2005,Exports,32308338752.0,16892590981.541857,15415747770.458143,0.4771445504762716,3374,2822,5034,4074,-0.063486769003037,0.0044410568189935
Viet Nam,VNM,704,2006,Exports,39675864832.0,21309193103.346817,18366671728.653183,0.4629179932541711,3526,2961,5031,4074,-0.0601665612402451,0.0071874510672214
Viet Nam,VNM,704,2007,Exports,48219483472.0,27431599775.206497,20787883696.793503,0.4311096303813493,3517,2964,5019,4074,-0.0426534583868706,0.0129307693466744
Viet Nam,VNM,704,2008,Exports,62257577238.0,35391608266.56134,26865968971.43866,0.4315293039549979,3590,3024,5015,4072,-0.0433051249130835,0.011779840219954
Viet Nam,VNM,704,2009,Exports,56727800422.0,34826041011.21054,21901759410.78946,0.386085116078211,3635,3055,5011,4070,-0.0309783299786277,0.0174330133086896
Viet Nam,VNM,704,2010,Exports,71811156527.0,47735420755.91005,24075735771.08995,0.3352645596515049,3635,3048,5010,4069,-0.0203622361664908,0.0271150191573493
Viet Nam,VNM,704,2011,Exports,96342971601.0,63925915305.50666,32417056295.49334,0.3364755701095362,3650,3078,5011,4071,-0.0174431683220596,0.0272559455361766
Viet Nam,VNM,704,2012,Exports,114159552445.0,79906099457.54303,34253452987.45697,0.3000489425005381,3896,3269,5007,4067,-0.0135026621680844,0.0293408808111843
Viet Nam,VNM,704,2013,Exports,131505153158.0,99388043505.55128,32117109652.44873,0.2442270046547975,3859,3251,5006,4066,-0.0059891842625668,0.0298499302770698
Viet Nam,VNM,704,2014,Exports,149666299460.0,115339567036.76248,34326732423.23752,0.2293551223427671,3953,3336,5003,4063,-0.0044645174411585,0.0301056955793324
Viet Nam,VNM,704,2015,Exports,161398079117.0,133223796593.76044,28174282523.239548,0.1745639271382875,4050,3419,5002,4062,0.0020557030555685,0.0375927004536029
Viet Nam,VNM,704,2016,Exports,176334711602.97,148900650534.30255,27434061068.66745,0.1555794705380365,4153,3509,5003,4064,0.0027582932948742,0.0417963197233982
Viet Nam,VNM,704,2017,Exports,214831535695.99997,182840665604.95703,31990870091.042908,0.148911424886484,4204,3523,4994,4055,0.0028525750051455,0.0427572059533095
Viet Nam,VNM,704,2018,Exports,239813716352.97,207972072213.11688,31841644139.85312,0.1327765760194757,4193,3523,4990,4051,0.0038286922560197,0.045157796442612
Viet Nam,VNM,704,2019,Exports,260138233769.43,229457473655.68463,30680760113.74533,0.1179402184337839,4190,3540,4987,4048,0.0042557848707005,0.042660301617508
Viet Nam,VNM,704,2020,Exports,278552821018.633,249812535706.3014,28740285312.331604,0.1031771468234712,4130,3492,4982,4043,0.0048209491544388,0.0405114297668989
Viet Nam,VNM,704,2021,Exports,330876759439.967,297235457872.77747,33641301567.18951,0.1016732079464567,4143,3491,4982,4043,0.0057413028699655,0.0446192765181071
Viet Nam,VNM,704,2022,Exports,365198624198.396,326817192357.4265,38381431840.96948,0.1050974163038428,4262,3609,4988,4049,0.0052986494098588,0.0428789177480798
Viet Nam,VNM,704,2023,Exports,344073460651.46204,308818904121.05786,35254556530.404175,0.1024622953007008,4275,3626,4982,4043,0.0050417075293663,0.0425128398099007
Zambia,ZMB,894,2000,Exports,885185721.0,167698964.79389998,717486756.2061,0.8105494013115695,1399,1119,5035,4076,-0.2233614446034543,0.0280885167385896
Zambia,ZMB,894,2001,Exports,1014413553.0,171864271.4642,842549281.5357999,0.8305777057533063,1433,1131,5033,4073,-0.2296355031544191,0.0283087207930174
Zambia,ZMB,894,2002,Exports,998618798.0,199369865.761,799248932.239,0.8003543833139419,1668,1311,5032,4073,-0.1816960779848394,0.0209727518320543
Zambia,ZMB,894,2003,Exports,1019305335.0,228903691.02733052,790401643.9726695,0.7754316757036002,1471,1144,5035,4074,-0.1444063085489912,0.0070175814998577
Zambia,ZMB,894,2004,Exports,1616172583.0,584806199.3208482,1031366383.6791518,0.6381536195625166,1579,1256,5027,4074,-0.1382026135320703,0.025464959775304
Zambia,ZMB,894,2005,Exports,2205836028.0,872146448.8406243,1333689579.1593757,0.6046186399306448,1637,1337,5034,4074,-0.1150792418050262,0.0143326617087309
Zambia,ZMB,894,2006,Exports,3805184358.000001,1403576426.3350194,2401607931.664981,0.6311410185989681,1869,1563,5031,4074,-0.1228224562784818,0.032264666856238
Zambia,ZMB,894,2007,Exports,4684543898.0,1600046079.596,3084497818.4040003,0.6584414375369357,2109,1749,5019,4074,-0.1510373244986048,0.0104146359558701
Zambia,ZMB,894,2008,Exports,4741789231.571,1682780427.8283403,3059008803.7426596,0.6451169915726475,2386,1989,5015,4072,-0.1339718325045967,0.0253873905649587
Zambia,ZMB,894,2009,Exports,3778757948.873,1009169369.8786564,2769588578.994344,0.7329362230836624,2426,2019,5011,4070,-0.1347273579241711,0.024985984257084
Zambia,ZMB,894,2010,Exports,6499776408.558,1397998527.7071404,5101777880.850859,0.7849159048199794,2249,1878,5010,4069,-0.144223274234981,-0.0015778371822435
Zambia,ZMB,894,2011,Exports,8776840788.379002,1344411861.6712303,7432428926.707771,0.8468228040035428,2070,1736,5011,4071,-0.1792350545488915,0.0073231621306935
Zambia,ZMB,894,2012,Exports,9327826950.995,1666311128.454002,7661515822.540998,0.8213612734018123,2257,1871,5007,4067,-0.1779591730091767,0.0205272453615323
Zambia,ZMB,894,2013,Exports,10556439608.007,2148302220.138651,8408137387.868349,0.7964936759066783,2238,1876,5006,4066,-0.1541634397795845,0.0141451518645239
Zambia,ZMB,894,2014,Exports,9670131028.237,1266291492.1668916,8403839536.070108,0.8690512580988519,2134,1773,5003,4063,-0.1886023738439417,0.0079801058271025
Zambia,ZMB,894,2015,Exports,6544391567.5130005,802344730.5413425,5742046836.971658,0.8773996448311161,2019,1733,5002,4062,-0.1377790962032453,0.0334873301132185
Zambia,ZMB,894,2016,Exports,6368665055.949999,1001486975.2642956,5367178080.685703,0.8427477396807601,1893,1596,5003,4064,-0.0954693867903377,0.018311771878613
Zambia,ZMB,894,2017,Exports,8019280111.855999,969316761.2367904,7049963350.619208,0.8791267111615522,1975,1653,4994,4055,-0.155980818285364,0.003088054943139
Zambia,ZMB,894,2018,Exports,9013936370.415997,1525979954.7956738,7487956415.620323,0.8307088166492961,2028,1721,4990,4051,-0.1741528243223845,0.0025819404807835
Zambia,ZMB,894,2019,Exports,7023210631.078999,1022368992.318307,6000841638.760692,0.8544299685682021,2119,1821,4987,4048,-0.1544321957711193,0.0121016902368599
Zambia,ZMB,894,2020,Exports,7901527357.158999,873326604.7462102,7028200752.412789,0.8894736972650038,2218,1859,4982,4043,-0.1443024893709513,0.0140818520397257
Zambia,ZMB,894,2021,Exports,11000128723.198002,1148791131.6272016,9851337591.5708,0.8955656646813112,2303,1909,4982,4043,-0.0974390375580753,0.0109107559578686
Zambia,ZMB,894,2022,Exports,11640274054.713,1412022588.4131525,10228251466.299849,0.8786950735200738,2691,2333,4988,4049,-0.0949200957585612,0.0143251523593845
Zambia,ZMB,894,2023,Exports,10427629299.688,1473970190.9443393,8953659108.74366,0.8586476227162734,2424,2076,4982,4043,-0.0774110890277702,0.0022800432468456
Zambia,ZMB,894,2024,Exports,11273958331.748,1533552170.9980648,9740406160.749935,0.8639739365827255,2434,2090,4982,4043,-0.0916625189357113,0.0284840375315224
Zimbabwe,ZWE,716,2000,Exports,1594750679.87,427301567.861718,1167449112.0082822,0.7320574474396522,2908,2426,5035,4076,-0.0611296352232175,0.0274917342612165
Zimbabwe,ZWE,716,2001,Exports,1102458484.07,41227897.86464,1061230586.20536,0.9626036730993832,1444,1197,5033,4073,-0.1887878671003586,0.0185518950781007
Zimbabwe,ZWE,716,2002,Exports,2142578951.275,460519341.4931398,1682059609.78186,0.7850630702690815,2831,2382,5032,4073,-0.0195699611679458,0.0205394507796757
Zimbabwe,ZWE,716,2003,Exports,1506816169.098,381256062.6086874,1125560106.4893126,0.7469790473267138,2496,2106,5035,4074,-0.0729510220239763,0.0119829280115789
Zimbabwe,ZWE,716,2004,Exports,2711482411.3460007,812769595.878752,1898712815.467249,0.7002489883475633,2317,1942,5027,4074,-0.0806303732654603,0.0198818958020359
Zimbabwe,ZWE,716,2005,Exports,1878268248.361,451817437.1534569,1426450811.2075431,0.7594499946705066,1958,1621,5034,4074,-0.1097198788507829,0.0283866740957022
Zimbabwe,ZWE,716,2006,Exports,5773676470.192,1052899250.9224888,4720777219.269511,0.8176379891810122,1993,1667,5031,4074,-0.0749863893094069,0.0283855739423669
Zimbabwe,ZWE,716,2007,Exports,2640950132.182,736800808.852726,1904149323.3292744,0.7210091929134732,1920,1592,5019,4074,-0.0448438966002501,-0.0021432634632779
Zimbabwe,ZWE,716,2008,Exports,1166271396.936,416834749.4548464,749436647.4811535,0.642591981120394,1718,1411,5015,4072,-0.0229934616516627,0.0125903695810406
Zimbabwe,ZWE,716,2009,Exports,1795126716.755,260646874.77029264,1534479841.9847074,0.8548030775000348,1582,1313,5011,4070,-0.0722564158822661,0.011461287916002
Zimbabwe,ZWE,716,2010,Exports,2640538603.0080004,244005220.0676281,2396533382.9403725,0.907592632885705,1670,1400,5010,4069,-0.0889363379272705,0.0054210650429128
Zimbabwe,ZWE,716,2011,Exports,3121194291.0599995,247532925.29867876,2873661365.7613206,0.9206928815653403,1644,1370,5011,4071,-0.0740555859249038,0.0171402337101566
Zimbabwe,ZWE,716,2012,Exports,3982030974.01,266280724.86641604,3715750249.143584,0.9331294189813232,1660,1371,5007,4067,-0.0712077742037388,0.0182488289704895
Zimbabwe,ZWE,716,2013,Exports,3898876468.3,286471338.8621621,3612405129.437838,0.9265246433962884,1801,1489,5006,4066,-0.0755485951543791,0.0278538045834601
Zimbabwe,ZWE,716,2014,Exports,3871210904.18,245280675.7934066,3625930228.386594,0.936639805511872,1769,1495,5003,4063,-0.0819252880269186,0.0522352962799679
Zimbabwe,ZWE,716,2015,Exports,3409168191.6,218824538.3630255,3190343653.2369742,0.9358129238380796,1771,1477,5002,4062,-0.0985275659079777,0.017302214512058
Zimbabwe,ZWE,716,2016,Exports,3339143040.97,193596877.02116245,3145546163.9488373,0.9420219874842728,1604,1351,5003,4064,-0.1027796090426246,0.0320319715605866
Zimbabwe,ZWE,716,2017,Exports,3479646768.1400003,200002198.861376,3279644569.2786245,0.9425222695899432,1481,1243,4994,4055,-0.0987907520591356,0.0203361956259715
Zimbabwe,ZWE,716,2018,Exports,4028020544.709999,262088209.803116,3765932334.9068832,0.9349337455223964,1523,1262,4990,4051,-0.073097643688955,0.027535589476516
Zimbabwe,ZWE,716,2019,Exports,4277771247.250001,397792221.15383005,3879979026.0961704,0.9070094686784492,1562,1282,4987,4048,-0.007794047966802,0.0026674265275288
Zimbabwe,ZWE,716,2020,Exports,4392997266.999,282529031.157559,4110468235.8414407,0.9356864996752972,1369,1116,4982,4043,-0.0161846907494043,0.022373865551848
Zimbabwe,ZWE,716,2021,Exports,6034892288.650999,236339129.5766608,5798553159.074338,0.9608378876916972,1381,1133,4982,4043,-0.0791364452301831,0.0349253824967489
Zimbabwe,ZWE,716,2022,Exports,6584995526.425001,266396504.85232383,6318599021.572678,0.9595449224250346,1377,1140,4988,4049,-0.0990152621150529,0.0308347559953711
Zimbabwe,ZWE,716,2023,Exports,7213275601.73,299782784.8055332,6913492816.924467,0.95844013159103,2025,1769,4982,4043,-0.0817181931031675,0.0323523530953447
Zimbabwe,ZWE,716,2024,Exports,7422001438.788,296286897.7813296,7125714541.006671,0.9600799191128004,2019,1788,4982,4043,-0.0775248999739981,0.0473459726222793
