variant,variant_label,outcome,outcome_label,excluded_reporter_code,excluded_country,excluded_iso3,years,mean_spearman,median_spearman,min_spearman,max_spearman,share_positive,min_year_countries,max_year_countries
baseline,Inclusive world export basket,world_share_exposure,World-share percentile exposure,8,Albania,ALB,25,0.4110377455013438,0.4132359037143436,0.2712562996320335,0.4617069553509797,1.0,129,154
baseline,Inclusive world export basket,world_share_exposure,World-share percentile exposure,12,Algeria,DZA,25,0.4132010526041065,0.4158661554548623,0.27583041197614544,0.4655958077010708,1.0,129,154
baseline,Inclusive world export basket,world_share_exposure,World-share percentile exposure,20,Andorra,AND,25,0.4147640603095049,0.4186878270369732,0.27874030026671903,0.46486785721608265,1.0,130,154
baseline,Inclusive world export basket,world_share_exposure,World-share percentile exposure,24,Angola,AGO,25,0.41520882513875806,0.41841843964794234,0.2747017355627923,0.4661493039181514,1.0,129,154
baseline,Inclusive world export basket,world_share_exposure,World-share percentile exposure,28,Antigua and Barbuda,ATG,25,0.41125001058504174,0.4177515508239579,0.2630809450770312,0.4795899858220089,1.0,129,154
baseline,Inclusive world export basket,world_share_exposure,World-share percentile exposure,32,Argentina,ARG,25,0.412686181342622,0.41643642813762255,0.2714980846096306,0.4631148381276526,1.0,129,154
baseline,Inclusive world export basket,world_share_exposure,World-share percentile exposure,51,Armenia,ARM,25,0.41847906156098935,0.4256158171594413,0.28197417434208044,0.47008249099570115,1.0,129,154
baseline,Inclusive world export basket,world_share_exposure,World-share percentile exposure,533,Aruba,ABW,25,0.4209876782838796,0.422312033317726,0.28766745498643737,0.4724121464294044,1.0,130,154
baseline,Inclusive world export basket,world_share_exposure,World-share percentile exposure,36,Australia,AUS,25,0.410005436952542,0.415682931253401,0.2668323901200613,0.4597352360253965,1.0,129,154
baseline,Inclusive world export basket,world_share_exposure,World-share percentile exposure,40,Austria,AUT,25,0.4192118657680707,0.4234367375392123,0.2811128153593907,0.47169882243591055,1.0,129,154
baseline,Inclusive world export basket,world_share_exposure,World-share percentile exposure,31,Azerbaijan,AZE,25,0.4199118719077972,0.4235146257916657,0.2790727546109151,0.4715142941108126,1.0,129,154
baseline,Inclusive world export basket,world_share_exposure,World-share percentile exposure,44,Bahamas,BHS,25,0.4102193036031174,0.41584618175222204,0.26751241036955326,0.46012137863161995,1.0,129,154
baseline,Inclusive world export basket,world_share_exposure,World-share percentile exposure,48,Bahrain,BHR,25,0.4192605552582144,0.42419095177041066,0.27639800829624706,0.4695084028731743,1.0,129,154
baseline,Inclusive world export basket,world_share_exposure,World-share percentile exposure,52,Barbados,BRB,25,0.41256007204800227,0.4152178459393517,0.27393860172725143,0.4628756347432664,1.0,129,154
baseline,Inclusive world export basket,world_share_exposure,World-share percentile exposure,112,Belarus,BLR,25,0.41530131858082847,0.41816867509467137,0.27583041197614544,0.46648077146508654,1.0,130,154
baseline,Inclusive world export basket,world_share_exposure,World-share percentile exposure,56,Belgium,BEL,25,0.41625521406441585,0.42015717950521414,0.2773047019622362,0.4682542937007497,1.0,129,154
baseline,Inclusive world export basket,world_share_exposure,World-share percentile exposure,84,Belize,BLZ,25,0.40830208534603407,0.41266838678152196,0.2641954227081429,0.45756531960989344,1.0,129,154
baseline,Inclusive world export basket,world_share_exposure,World-share percentile exposure,204,Benin,BEN,25,0.41222990172354956,0.41603694667131397,0.2730167965001624,0.4618538945728169,1.0,129,154
baseline,Inclusive world export basket,world_share_exposure,World-share percentile exposure,60,Bermuda,BMU,25,0.41234759617621886,0.4177515508239579,0.26592947434434716,0.46131777579524463,1.0,129,154
baseline,Inclusive world export basket,world_share_exposure,World-share percentile exposure,68,Bolivia (Plurinational State of),BOL,25,0.4174128728728666,0.42110840013942136,0.2773953713288351,0.4677314634463056,1.0,129,154
baseline,Inclusive world export basket,world_share_exposure,World-share percentile exposure,70,Bosnia Herzegovina,BIH,25,0.41345513469545314,0.41636701917422625,0.27251433709359346,0.46366500591174076,1.0,129,154
baseline,Inclusive world export basket,world_share_exposure,World-share percentile exposure,72,Botswana,BWA,25,0.4242068036657317,0.4276977977840874,0.28663609094137477,0.47656831990377185,1.0,130,154
baseline,Inclusive world export basket,world_share_exposure,World-share percentile exposure,76,Brazil,BRA,25,0.4112986218619616,0.41628604205026376,0.26885733930743716,0.46230496381194514,1.0,129,154
baseline,Inclusive world export basket,world_share_exposure,World-share percentile exposure,96,Brunei Darussalam,BRN,25,0.42613304942046637,0.430055768560474,0.28976796197931226,0.47994450481482237,1.0,129,154
baseline,Inclusive world export basket,world_share_exposure,World-share percentile exposure,100,Bulgaria,BGR,25,0.4153735793617786,0.4186510979435342,0.27680602044594216,0.46634750100807143,1.0,129,154
baseline,Inclusive world export basket,world_share_exposure,World-share percentile exposure,854,Burkina Faso,BFA,25,0.4213365127633458,0.4251318288297842,0.28564628368933653,0.47324681005200964,1.0,129,154
baseline,Inclusive world export basket,world_share_exposure,World-share percentile exposure,108,Burundi,BDI,25,0.42331042748452746,0.4273684210526315,0.28339843897573835,0.4753568217364695,1.0,130,154
baseline,Inclusive world export basket,world_share_exposure,World-share percentile exposure,132,Cabo Verde,CPV,25,0.41405195084454116,0.4185851623435516,0.2863678607318529,0.46269115300754804,1.0,129,154
baseline,Inclusive world export basket,world_share_exposure,World-share percentile exposure,116,Cambodia,KHM,25,0.4121390517470686,0.41631221403517427,0.2734172528693077,0.4657734128855445,1.0,129,154
baseline,Inclusive world export basket,world_share_exposure,World-share percentile exposure,120,Cameroon,CMR,25,0.41743891683641166,0.420989891948414,0.2778676076132045,0.4666242934957182,1.0,130,154
baseline,Inclusive world export basket,world_share_exposure,World-share percentile exposure,124,Canada,CAN,25,0.411255176055921,0.4144266294876263,0.2717323138066778,0.4626432657412913,1.0,129,154
baseline,Inclusive world export basket,world_share_exposure,World-share percentile exposure,140,Central African Rep.,CAF,25,0.40804999564756,0.4115726464719754,0.2740406047646752,0.45576445984458613,1.0,129,154
baseline,Inclusive world export basket,world_share_exposure,World-share percentile exposure,152,Chile,CHL,25,0.4148031615109529,0.4174274338927825,0.2762846715879984,0.4654487797210205,1.0,129,154
baseline,Inclusive world export basket,world_share_exposure,World-share percentile exposure,156,China,CHN,25,0.4218281900194391,0.424750079531104,0.2843240220931023,0.4723207512353146,1.0,129,154
baseline,Inclusive world export basket,world_share_exposure,World-share percentile exposure,344,"China, Hong Kong SAR",HKG,25,0.41279459360433557,0.4173734491434742,0.27062161406584107,0.4620657604275589,1.0,129,154
baseline,Inclusive world export basket,world_share_exposure,World-share percentile exposure,446,"China, Macao SAR",MAC,25,0.4180106764178382,0.4210456605088881,0.2789858631345911,0.46656278405401896,1.0,129,154
baseline,Inclusive world export basket,world_share_exposure,World-share percentile exposure,170,Colombia,COL,25,0.4122923502780389,0.4166805731906403,0.27109385035021044,0.4629576473321988,1.0,129,154
baseline,Inclusive world export basket,world_share_exposure,World-share percentile exposure,174,Comoros,COM,25,0.40437381834390107,0.40662251655629134,0.2614828974907253,0.45550817050417236,1.0,130,154
baseline,Inclusive world export basket,world_share_exposure,World-share percentile exposure,188,Costa Rica,CRI,25,0.41553959867775964,0.41903450679679327,0.27692691293474075,0.46624156808070033,1.0,129,154
baseline,Inclusive world export basket,world_share_exposure,World-share percentile exposure,191,Croatia,HRV,25,0.41550881348544744,0.41820494945974207,0.27660579226136955,0.46691817193939267,1.0,129,154
baseline,Inclusive world export basket,world_share_exposure,World-share percentile exposure,196,Cyprus,CYP,25,0.4181355910317493,0.4225485586942922,0.28137348978836263,0.4721396401014222,1.0,129,154
baseline,Inclusive world export basket,world_share_exposure,World-share percentile exposure,203,Czechia,CZE,25,0.41516505463844305,0.4187346360367482,0.2751890834082615,0.46441678797695446,1.0,129,154
baseline,Inclusive world export basket,world_share_exposure,World-share percentile exposure,384,Côte d'Ivoire,CIV,25,0.41630896617807067,0.4200906239107703,0.2772215883761872,0.4661185491973018,1.0,129,154
baseline,Inclusive world export basket,world_share_exposure,World-share percentile exposure,208,Denmark,DNK,25,0.41995436283705234,0.4234817680737985,0.28125259729956403,0.4714356987130857,1.0,129,154
baseline,Inclusive world export basket,world_share_exposure,World-share percentile exposure,212,Dominica,DMA,25,0.40646850355482056,0.41069901568463413,0.2622271418748914,0.45980016265830137,1.0,130,154
baseline,Inclusive world export basket,world_share_exposure,World-share percentile exposure,214,Dominican Rep.,DOM,25,0.41633920166495153,0.41957238164134725,0.27732359141361096,0.4662928259487831,1.0,129,154
baseline,Inclusive world export basket,world_share_exposure,World-share percentile exposure,218,Ecuador,ECU,25,0.41489546848951553,0.4179364329576895,0.27405949421605,0.46555471264839143,1.0,129,154
baseline,Inclusive world export basket,world_share_exposure,World-share percentile exposure,818,Egypt,EGY,25,0.419975094918483,0.42274904096535976,0.28382534057680825,0.47244377011871325,1.0,129,154
baseline,Inclusive world export basket,world_share_exposure,World-share percentile exposure,222,El Salvador,SLV,25,0.4138560937382257,0.41734645676882,0.2729639060363131,0.46458081315481925,1.0,129,154
baseline,Inclusive world export basket,world_share_exposure,World-share percentile exposure,233,Estonia,EST,25,0.4153762101510784,0.4181910073196235,0.2751021919319375,0.46568114872299565,1.0,129,154
baseline,Inclusive world export basket,world_share_exposure,World-share percentile exposure,748,Eswatini,SWZ,25,0.4146732633992248,0.4197350993377483,0.2815246053993608,0.4694639793875026,1.0,130,154
baseline,Inclusive world export basket,world_share_exposure,World-share percentile exposure,231,Ethiopia,ETH,25,0.4171412503542342,0.42068557628329933,0.27940898684538606,0.47106322487168445,1.0,130,154
baseline,Inclusive world export basket,world_share_exposure,World-share percentile exposure,242,Fiji,FJI,25,0.4079693021897393,0.41161234451267514,0.2665339367883399,0.4593456762279676,1.0,129,154
baseline,Inclusive world export basket,world_share_exposure,World-share percentile exposure,246,Finland,FIN,25,0.4168938378454026,0.42018942474350446,0.2794052089551111,0.4677246290638946,1.0,129,154
baseline,Inclusive world export basket,world_share_exposure,World-share percentile exposure,251,France,FRA,25,0.41585624309359287,0.4169118159637504,0.28116570582324,0.4660570397556024,1.0,129,154
baseline,Inclusive world export basket,world_share_exposure,World-share percentile exposure,258,French Polynesia,PYF,25,0.40757276076021076,0.4117089065196225,0.2650681153616574,0.4587203302373581,1.0,129,154
baseline,Inclusive world export basket,world_share_exposure,World-share percentile exposure,266,Gabon,GAB,25,0.42352690084601063,0.42856032309531833,0.2827259745067964,0.4728538330633752,1.0,130,154
baseline,Inclusive world export basket,world_share_exposure,World-share percentile exposure,270,Gambia,GMB,25,0.40524496944047966,0.4077603077130711,0.28493981820791997,0.45560043466672134,1.0,129,154
baseline,Inclusive world export basket,world_share_exposure,World-share percentile exposure,268,Georgia,GEO,25,0.4153340914022745,0.41860568274230514,0.27929942802741237,0.46752643197397464,1.0,129,154
baseline,Inclusive world export basket,world_share_exposure,World-share percentile exposure,276,Germany,DEU,25,0.41635339555665984,0.4182278189868323,0.2797036622868326,0.4674512537674533,1.0,129,154
baseline,Inclusive world export basket,world_share_exposure,World-share percentile exposure,288,Ghana,GHA,25,0.41659245687846863,0.41958709839822017,0.2774104828899349,0.4670241048667637,1.0,130,154
baseline,Inclusive world export basket,world_share_exposure,World-share percentile exposure,300,Greece,GRC,25,0.4180786644436855,0.4231090150553238,0.2779204980770538,0.46730613756054074,1.0,129,154
baseline,Inclusive world export basket,world_share_exposure,World-share percentile exposure,304,Greenland,GRL,25,0.40974329710098095,0.41280246689642663,0.27583041197614544,0.45605833828826053,1.0,130,154
baseline,Inclusive world export basket,world_share_exposure,World-share percentile exposure,308,Grenada,GRD,25,0.40450967956420114,0.4067689090275357,0.26200424634866903,0.45585343732994743,1.0,129,154
baseline,Inclusive world export basket,world_share_exposure,World-share percentile exposure,320,Guatemala,GTM,25,0.41642501677027416,0.41953293830602995,0.2773047019622362,0.4687873755288103,1.0,129,154
baseline,Inclusive world export basket,world_share_exposure,World-share percentile exposure,328,Guyana,GUY,25,0.41601785859869267,0.41688065255427686,0.2875276730462641,0.4682064530238725,1.0,129,154
baseline,Inclusive world export basket,world_share_exposure,World-share percentile exposure,340,Honduras,HND,25,0.4150987533004287,0.41858487277797135,0.27725936727893674,0.4661253835797128,1.0,129,154
baseline,Inclusive world export basket,world_share_exposure,World-share percentile exposure,348,Hungary,HUN,25,0.4142314346376343,0.41693621470895775,0.27430505708392205,0.46477559305353366,1.0,129,154
baseline,Inclusive world export basket,world_share_exposure,World-share percentile exposure,352,Iceland,ISL,25,0.41297256622202366,0.41744603664066754,0.27262389591156716,0.4648029305831778,1.0,129,154
baseline,Inclusive world export basket,world_share_exposure,World-share percentile exposure,699,India,IND,25,0.4244108859916,0.42746253049843147,0.28436180099585184,0.4742138751631709,1.0,129,154
baseline,Inclusive world export basket,world_share_exposure,World-share percentile exposure,360,Indonesia,IDN,25,0.417552405675689,0.42102729654911825,0.2801947880225767,0.46968267962465565,1.0,129,154
baseline,Inclusive world export basket,world_share_exposure,World-share percentile exposure,364,Iran,IRN,25,0.41285074243974745,0.41521894446151403,0.27583041197614544,0.4618436429992004,1.0,130,154
baseline,Inclusive world export basket,world_share_exposure,World-share percentile exposure,372,Ireland,IRL,25,0.41176462009186254,0.4145469619118313,0.26949202487362955,0.4620965151484086,1.0,129,154
baseline,Inclusive world export basket,world_share_exposure,World-share percentile exposure,376,Israel,ISR,25,0.41429613625814155,0.41628989810378575,0.27924275967328804,0.46365817152932975,1.0,129,154
baseline,Inclusive world export basket,world_share_exposure,World-share percentile exposure,380,Italy,ITA,25,0.4258878085991135,0.42908598229787115,0.28691187693144643,0.47852637046453295,1.0,129,154
baseline,Inclusive world export basket,world_share_exposure,World-share percentile exposure,388,Jamaica,JAM,25,0.4180636985046337,0.42221279631361286,0.27908031039146497,0.47053014304362384,1.0,129,154
baseline,Inclusive world export basket,world_share_exposure,World-share percentile exposure,392,Japan,JPN,25,0.41275803111053394,0.41627026286661956,0.275230640201286,0.46337796185047736,1.0,129,154
baseline,Inclusive world export basket,world_share_exposure,World-share percentile exposure,400,Jordan,JOR,25,0.41542499898003643,0.41825374695015677,0.2768022425556672,0.4670343564403802,1.0,129,154
baseline,Inclusive world export basket,world_share_exposure,World-share percentile exposure,398,Kazakhstan,KAZ,25,0.4140058208257244,0.418009697974608,0.2728619029988893,0.46496695576104263,1.0,129,154
baseline,Inclusive world export basket,world_share_exposure,World-share percentile exposure,404,Kenya,KEN,25,0.41748224445767773,0.4205804315861243,0.2795147677730848,0.47060532125014515,1.0,129,154
baseline,Inclusive world export basket,world_share_exposure,World-share percentile exposure,414,Kuwait,KWT,25,0.41384991881377703,0.4164634205122767,0.27289212612108893,0.46488836036331566,1.0,129,154
baseline,Inclusive world export basket,world_share_exposure,World-share percentile exposure,417,Kyrgyzstan,KGZ,25,0.41941377248914724,0.42505099264447305,0.27924275967328804,0.46763236490134563,1.0,129,154
baseline,Inclusive world export basket,world_share_exposure,World-share percentile exposure,428,Latvia,LVA,25,0.41457857013645083,0.41791715269007945,0.27422194349787304,0.4648610228336716,1.0,129,154
baseline,Inclusive world export basket,world_share_exposure,World-share percentile exposure,422,Lebanon,LBN,25,0.41537164705549173,0.41879400487974905,0.2770629169846391,0.4663338322432493,1.0,130,154
baseline,Inclusive world export basket,world_share_exposure,World-share percentile exposure,426,Lesotho,LSO,25,0.4094120071840733,0.4195155106308818,0.2626956002689858,0.4605143556202544,1.0,129,154
baseline,Inclusive world export basket,world_share_exposure,World-share percentile exposure,440,Lithuania,LTU,25,0.41552029116092143,0.41799233182293477,0.2766020143710946,0.46650810899473066,1.0,129,154
baseline,Inclusive world export basket,world_share_exposure,World-share percentile exposure,442,Luxembourg,LUX,25,0.4160172402239912,0.41918089926803753,0.27673424053071805,0.46722913633909474,1.0,129,154
baseline,Inclusive world export basket,world_share_exposure,World-share percentile exposure,450,Madagascar,MDG,25,0.40933033029309407,0.41160370306480365,0.26769374910275107,0.4611567875668915,1.0,129,154
baseline,Inclusive world export basket,world_share_exposure,World-share percentile exposure,454,Malawi,MWI,25,0.4104905125532183,0.41534480652409705,0.266530158898065,0.4605143556202544,1.0,129,154
baseline,Inclusive world export basket,world_share_exposure,World-share percentile exposure,458,Malaysia,MYS,25,0.4130856811106507,0.41659811781108397,0.2724198898367196,0.4634360541009711,1.0,129,154
baseline,Inclusive world export basket,world_share_exposure,World-share percentile exposure,462,Maldives,MDV,25,0.40637045203203337,0.40929051972695235,0.2650114470075331,0.4694366418578585,1.0,129,154
baseline,Inclusive world export basket,world_share_exposure,World-share percentile exposure,466,Mali,MLI,25,0.4213853763115598,0.42927708636595874,0.28025523426697596,0.4722816190526562,1.0,130,154
baseline,Inclusive world export basket,world_share_exposure,World-share percentile exposure,470,Malta,MLT,25,0.4231700353677224,0.4263207187464139,0.28202706480592976,0.47289483935784143,1.0,129,154
baseline,Inclusive world export basket,world_share_exposure,World-share percentile exposure,478,Mauritania,MRT,25,0.4146489563137405,0.4153299992226167,0.2853440524673402,0.4734300976962425,1.0,129,154
baseline,Inclusive world export basket,world_share_exposure,World-share percentile exposure,480,Mauritius,MUS,25,0.41395118848465584,0.4183747505895157,0.2671232876712329,0.462793622154334,1.0,129,154
baseline,Inclusive world export basket,world_share_exposure,World-share percentile exposure,484,Mexico,MEX,25,0.409676313888418,0.411947981837988,0.2686722226839644,0.46054511034110396,1.0,129,154
baseline,Inclusive world export basket,world_share_exposure,World-share percentile exposure,496,Mongolia,MNG,25,0.4180242345947373,0.42496955248633106,0.2831604318884162,0.47239251225063045,1.0,130,154
baseline,Inclusive world export basket,world_share_exposure,World-share percentile exposure,499,Montenegro,MNE,25,0.41864572668291605,0.42331483654590085,0.2819099502074062,0.47146645343393545,1.0,129,154
baseline,Inclusive world export basket,world_share_exposure,World-share percentile exposure,500,Montserrat,MSR,25,0.41508167469670654,0.4177515508239579,0.27583041197614544,0.4655958077010708,1.0,130,155
baseline,Inclusive world export basket,world_share_exposure,World-share percentile exposure,504,Morocco,MAR,25,0.41868199313230486,0.42194287256707136,0.2777844940271555,0.46956649512366816,1.0,129,154
baseline,Inclusive world export basket,world_share_exposure,World-share percentile exposure,508,Mozambique,MOZ,25,0.4177769706082789,0.42303590101080507,0.28002856085047867,0.47021889096253083,1.0,129,154
baseline,Inclusive world export basket,world_share_exposure,World-share percentile exposure,516,Namibia,NAM,25,0.4109092684180289,0.4164970372952248,0.26796197931227284,0.46493278384898745,1.0,129,154
baseline,Inclusive world export basket,world_share_exposure,World-share percentile exposure,528,Netherlands,NLD,25,0.41599325753632366,0.41814569536423835,0.28025523426697596,0.46644318236182586,1.0,129,154
baseline,Inclusive world export basket,world_share_exposure,World-share percentile exposure,554,New Zealand,NZL,25,0.4202146881074419,0.4239711567196553,0.2801758985712019,0.47153821444925126,1.0,129,154
baseline,Inclusive world export basket,world_share_exposure,World-share percentile exposure,558,Nicaragua,NIC,25,0.41378847788690004,0.41775531544092015,0.27794316541870356,0.46565381119335153,1.0,129,154
baseline,Inclusive world export basket,world_share_exposure,World-share percentile exposure,562,Niger,NER,25,0.4093952349853187,0.410613787319368,0.2677579732374253,0.4601726364997027,1.0,129,154
baseline,Inclusive world export basket,world_share_exposure,World-share percentile exposure,566,Nigeria,NGA,25,0.4100422916439566,0.41572646471975333,0.26773908378605055,0.4607296386662019,1.0,129,154
baseline,Inclusive world export basket,world_share_exposure,World-share percentile exposure,807,North Macedonia,MKD,25,0.41371677438027715,0.41798657718120813,0.278328510226749,0.4684832455115193,1.0,129,154
baseline,Inclusive world export basket,world_share_exposure,World-share percentile exposure,579,Norway,NOR,25,0.41019329715046937,0.41337144828605926,0.26950335854445445,0.46165911467410237,1.0,129,154
baseline,Inclusive world export basket,world_share_exposure,World-share percentile exposure,512,Oman,OMN,25,0.41539104004091615,0.418526409146559,0.27517397184716164,0.4661253835797128,1.0,129,154
baseline,Inclusive world export basket,world_share_exposure,World-share percentile exposure,586,Pakistan,PAK,25,0.42541429697624844,0.4297590930562117,0.28710832722574403,0.4786733096863702,1.0,129,154
baseline,Inclusive world export basket,world_share_exposure,World-share percentile exposure,591,Panama,PAN,25,0.41564911925458886,0.41921278667347905,0.27664357116411914,0.46633041505204376,1.0,129,154
baseline,Inclusive world export basket,world_share_exposure,World-share percentile exposure,600,Paraguay,PRY,25,0.4210293339996917,0.42550698349356064,0.2792540933441129,0.4705540633820624,1.0,129,154
baseline,Inclusive world export basket,world_share_exposure,World-share percentile exposure,604,Peru,PER,25,0.41455541567721665,0.41768211920529796,0.2745468420615192,0.4646833288909848,1.0,129,154
baseline,Inclusive world export basket,world_share_exposure,World-share percentile exposure,608,Philippines,PHL,25,0.4137847825489051,0.4168246775880097,0.2736137031636053,0.4642561799902951,1.0,129,154
baseline,Inclusive world export basket,world_share_exposure,World-share percentile exposure,616,Poland,POL,25,0.417752656976415,0.4204818584325226,0.2808294735887691,0.4693170401656654,1.0,129,154
baseline,Inclusive world export basket,world_share_exposure,World-share percentile exposure,620,Portugal,PRT,25,0.41849642672008897,0.4222551411641686,0.279919002032505,0.46881813024965996,1.0,129,154
baseline,Inclusive world export basket,world_share_exposure,World-share percentile exposure,634,Qatar,QAT,25,0.4141983523623992,0.418009697974608,0.2723821109339701,0.4646833288909848,1.0,129,154
baseline,Inclusive world export basket,world_share_exposure,World-share percentile exposure,410,Rep. of Korea,KOR,25,0.4104256616250144,0.41288515406162474,0.27110140613076034,0.46191540401451614,1.0,129,154
baseline,Inclusive world export basket,world_share_exposure,World-share percentile exposure,498,Rep. of Moldova,MDA,25,0.4107349246957092,0.41396402566105345,0.2742106098270482,0.46422200807824,1.0,129,154
baseline,Inclusive world export basket,world_share_exposure,World-share percentile exposure,642,Romania,ROU,25,0.41514102742541215,0.41875777235788036,0.2763753409545973,0.46459106472843575,1.0,129,154
baseline,Inclusive world export basket,world_share_exposure,World-share percentile exposure,643,Russian Federation,RUS,25,0.40927665547474007,0.4119711181591201,0.27583041197614544,0.4596839781573138,1.0,130,154
baseline,Inclusive world export basket,world_share_exposure,World-share percentile exposure,646,Rwanda,RWA,25,0.4096624497995654,0.4131934752655674,0.27583041197614544,0.4593832653312283,1.0,130,154
baseline,Inclusive world export basket,world_share_exposure,World-share percentile exposure,662,Saint Lucia,LCA,25,0.4207169644748425,0.42622867328749686,0.27583041197614544,0.4713719335004091,1.0,130,154
baseline,Inclusive world export basket,world_share_exposure,World-share percentile exposure,670,Saint Vincent and the Grenadines,VCT,25,0.4066178650482037,0.4103939922686127,0.2627522686231101,0.4571279191355873,1.0,130,154
baseline,Inclusive world export basket,world_share_exposure,World-share percentile exposure,882,Samoa,WSM,25,0.41296130093874134,0.41942604856512133,0.2627522686231101,0.47472213617027703,1.0,129,154
baseline,Inclusive world export basket,world_share_exposure,World-share percentile exposure,678,Sao Tome and Principe,STP,25,0.4268310724667983,0.4336284419658417,0.28315665399814127,0.48492999569320505,1.0,130,154
baseline,Inclusive world export basket,world_share_exposure,World-share percentile exposure,682,Saudi Arabia,SAU,25,0.40879574144359393,0.4129201109066882,0.26592569645407216,0.4598138314231235,1.0,129,154
baseline,Inclusive world export basket,world_share_exposure,World-share percentile exposure,686,Senegal,SEN,25,0.4131597310863858,0.4160469667318983,0.2735041443456316,0.46364108557330214,1.0,129,154
baseline,Inclusive world export basket,world_share_exposure,World-share percentile exposure,688,Serbia,SRB,25,0.41550582189793434,0.4182676890902753,0.2769382466055656,0.46642951359700374,1.0,129,154
baseline,Inclusive world export basket,world_share_exposure,World-share percentile exposure,690,Seychelles,SYC,25,0.4208578027340721,0.4314743813175322,0.28435802310557695,0.4714046706169397,1.0,129,154
baseline,Inclusive world export basket,world_share_exposure,World-share percentile exposure,702,Singapore,SGP,25,0.4118626722429677,0.41578475509240076,0.269624251033253,0.4620965151484086,1.0,129,154
baseline,Inclusive world export basket,world_share_exposure,World-share percentile exposure,703,Slovakia,SVK,25,0.4148074937448856,0.4174081536251723,0.2750455235778132,0.46501821362912543,1.0,129,154
baseline,Inclusive world export basket,world_share_exposure,World-share percentile exposure,705,Slovenia,SVN,25,0.41565932294111824,0.4181631230393865,0.27714980846096304,0.4667541467615279,1.0,129,154
baseline,Inclusive world export basket,world_share_exposure,World-share percentile exposure,710,South Africa,ZAF,25,0.41905671724851445,0.42277163069109375,0.279752774860407,0.46888305688256476,1.0,129,154
baseline,Inclusive world export basket,world_share_exposure,World-share percentile exposure,724,Spain,ESP,25,0.4197753759439473,0.42493742064211865,0.28384045213790815,0.4738584872777971,1.0,129,154
baseline,Inclusive world export basket,world_share_exposure,World-share percentile exposure,144,Sri Lanka,LKA,25,0.4183940273376408,0.4212277286281082,0.27929187224686247,0.4655958077010708,1.0,129,154
baseline,Inclusive world export basket,world_share_exposure,World-share percentile exposure,740,Suriname,SUR,25,0.4250344599155976,0.4330745510611282,0.2940860905635857,0.4851420526384133,1.0,129,154
baseline,Inclusive world export basket,world_share_exposure,World-share percentile exposure,752,Sweden,SWE,25,0.4155134510714943,0.41882254368022875,0.2783587333489487,0.4668156562032272,1.0,129,154
baseline,Inclusive world export basket,world_share_exposure,World-share percentile exposure,757,Switzerland,CHE,25,0.4136606462755396,0.420716647547068,0.26886867297826206,0.463683140786859,1.0,129,154
baseline,Inclusive world export basket,world_share_exposure,World-share percentile exposure,764,Thailand,THA,25,0.41527947765602824,0.4181600840619668,0.2777656045757807,0.4651343981301129,1.0,129,154
baseline,Inclusive world export basket,world_share_exposure,World-share percentile exposure,768,Togo,TGO,25,0.4089994104162609,0.41187870338096894,0.268366213571693,0.46270477518299047,1.0,129,154
baseline,Inclusive world export basket,world_share_exposure,World-share percentile exposure,776,Tonga,TON,25,0.4051579474215711,0.409458904185654,0.26152445428374976,0.45542274072403444,1.0,130,154
baseline,Inclusive world export basket,world_share_exposure,World-share percentile exposure,780,Trinidad and Tobago,TTO,25,0.4195955986959439,0.4235971195280191,0.27457706518371877,0.47207471346851737,1.0,129,154
baseline,Inclusive world export basket,world_share_exposure,World-share percentile exposure,788,Tunisia,TUN,25,0.41518143285775116,0.4188850221241072,0.27444106113382044,0.4653189264552109,1.0,129,154
baseline,Inclusive world export basket,world_share_exposure,World-share percentile exposure,792,Türkiye,TUR,25,0.42378434075775034,0.4270895782502614,0.2861676325472803,0.47422412673678743,1.0,129,154
baseline,Inclusive world export basket,world_share_exposure,World-share percentile exposure,842,USA,USA,25,0.4136367108525494,0.41716907830680694,0.2736288147247051,0.4632481085846677,1.0,129,154
baseline,Inclusive world export basket,world_share_exposure,World-share percentile exposure,800,Uganda,UGA,25,0.41363666419326905,0.41662600209132095,0.2771951431442625,0.46486785721608265,1.0,129,154
baseline,Inclusive world export basket,world_share_exposure,World-share percentile exposure,804,Ukraine,UKR,25,0.41653438664459885,0.41929761985096353,0.2775918216231328,0.46635433539048243,1.0,129,154
baseline,Inclusive world export basket,world_share_exposure,World-share percentile exposure,784,United Arab Emirates,ARE,25,0.4121744702144259,0.416162909930887,0.2679846466539226,0.46135498465681146,1.0,130,154
baseline,Inclusive world export basket,world_share_exposure,World-share percentile exposure,826,United Kingdom,GBR,25,0.4124948639235468,0.41571534612900435,0.271377192120832,0.4626398485500858,1.0,129,154
baseline,Inclusive world export basket,world_share_exposure,World-share percentile exposure,834,United Rep. of Tanzania,TZA,25,0.4155280912750141,0.41885325897525266,0.27629600525882325,0.4690402476780185,1.0,129,154
baseline,Inclusive world export basket,world_share_exposure,World-share percentile exposure,858,Uruguay,URY,25,0.4152519772146553,0.41847425187083637,0.2758086574133541,0.46622448212467277,1.0,129,154
baseline,Inclusive world export basket,world_share_exposure,World-share percentile exposure,704,Viet Nam,VNM,25,0.4153673211221752,0.41895057503398153,0.2749208531987397,0.46402381098832,1.0,130,154
baseline,Inclusive world export basket,world_share_exposure,World-share percentile exposure,894,Zambia,ZMB,25,0.4151865069275078,0.4181216942975244,0.2782793976531746,0.4673384864576713,1.0,129,154
baseline,Inclusive world export basket,world_share_exposure,World-share percentile exposure,716,Zimbabwe,ZWE,25,0.41372388910953206,0.41772394562565346,0.2760806655131508,0.4655410438835694,1.0,129,154
baseline,Inclusive world export basket,spearman_product_alignment,Within-country product-rank alignment,8,Albania,ALB,25,0.7366210688297515,0.7366299322195775,0.7001378559767822,0.8045615304235996,1.0,129,154
baseline,Inclusive world export basket,spearman_product_alignment,Within-country product-rank alignment,12,Algeria,DZA,25,0.7426180135068294,0.7371523178807945,0.7013640486123708,0.8068121533638775,1.0,129,154
baseline,Inclusive world export basket,spearman_product_alignment,Within-country product-rank alignment,20,Andorra,AND,25,0.7390266371541107,0.7389429489842778,0.7019191003083621,0.8109597299252472,1.0,130,154
baseline,Inclusive world export basket,spearman_product_alignment,Within-country product-rank alignment,24,Angola,AGO,25,0.7375027168745575,0.7346756060388602,0.7018623883436924,0.8038773421508424,1.0,129,154
baseline,Inclusive world export basket,spearman_product_alignment,Within-country product-rank alignment,28,Antigua and Barbuda,ATG,25,0.7373478382903419,0.7382496999866661,0.7009976419372392,0.8038773421508424,1.0,129,154
baseline,Inclusive world export basket,spearman_product_alignment,Within-country product-rank alignment,32,Argentina,ARG,25,0.7354608736050803,0.7359092120640518,0.6976927262833303,0.8017281569005706,1.0,129,154
baseline,Inclusive world export basket,spearman_product_alignment,Within-country product-rank alignment,51,Armenia,ARM,25,0.7373399360253658,0.7361928389341097,0.7014402321784873,0.803524636283257,1.0,129,154
baseline,Inclusive world export basket,spearman_product_alignment,Within-country product-rank alignment,533,Aruba,ABW,25,0.736880669756968,0.7374998611815488,0.7003631490688059,0.8038773421508424,1.0,130,154
baseline,Inclusive world export basket,spearman_product_alignment,Within-country product-rank alignment,36,Australia,AUS,25,0.7332515547693245,0.7329328385240467,0.6958099038635952,0.8007314524555905,1.0,129,154
baseline,Inclusive world export basket,spearman_product_alignment,Within-country product-rank alignment,40,Austria,AUT,25,0.7328064817290298,0.73179164646087,0.6961037547614729,0.8006269592476489,1.0,129,154
baseline,Inclusive world export basket,spearman_product_alignment,Within-country product-rank alignment,31,Azerbaijan,AZE,25,0.7382112049757202,0.7371723187697232,0.7007444370819252,0.8050237119202637,1.0,129,154
baseline,Inclusive world export basket,spearman_product_alignment,Within-country product-rank alignment,44,Bahamas,BHS,25,0.7365619031206008,0.736152396746836,0.6996444766914566,0.8037818503335745,1.0,129,154
baseline,Inclusive world export basket,spearman_product_alignment,Within-country product-rank alignment,48,Bahrain,BHR,25,0.736990925718679,0.7364374373003328,0.700838019227281,0.8040913109878626,1.0,129,154
baseline,Inclusive world export basket,spearman_product_alignment,Within-country product-rank alignment,52,Barbados,BRB,25,0.7400817123778165,0.7390304170037832,0.7034863050970434,0.8090788521823005,1.0,129,154
baseline,Inclusive world export basket,spearman_product_alignment,Within-country product-rank alignment,112,Belarus,BLR,25,0.7363747477193623,0.7360732372419166,0.6992998367495012,0.8041194437746162,1.0,130,154
baseline,Inclusive world export basket,spearman_product_alignment,Within-country product-rank alignment,56,Belgium,BEL,25,0.7325494739762406,0.731676889874397,0.6959840377290042,0.800739490394663,1.0,129,154
baseline,Inclusive world export basket,spearman_product_alignment,Within-country product-rank alignment,84,Belize,BLZ,25,0.734194657972044,0.7327241210720477,0.6978995102485036,0.8020376175548589,1.0,129,154
baseline,Inclusive world export basket,spearman_product_alignment,Within-country product-rank alignment,204,Benin,BEN,25,0.7361172529695661,0.7360117273827724,0.6991764919281698,0.8045776063017442,1.0,129,154
baseline,Inclusive world export basket,spearman_product_alignment,Within-country product-rank alignment,60,Bermuda,BMU,25,0.7360621236396675,0.7360593804169074,0.6990786156653847,0.8038773421508424,1.0,129,154
baseline,Inclusive world export basket,spearman_product_alignment,Within-country product-rank alignment,68,Bolivia (Plurinational State of),BOL,25,0.7376312303385185,0.7367122519973481,0.7013096317794304,0.8037255847600676,1.0,129,154
baseline,Inclusive world export basket,spearman_product_alignment,Within-country product-rank alignment,70,Bosnia Herzegovina,BIH,25,0.738159925223162,0.7378034108618962,0.7021041175403592,0.8038773421508424,1.0,129,154
baseline,Inclusive world export basket,spearman_product_alignment,Within-country product-rank alignment,72,Botswana,BWA,25,0.7372306692972269,0.7371148713430593,0.7012812017605883,0.8048549151997427,1.0,130,154
baseline,Inclusive world export basket,spearman_product_alignment,Within-country product-rank alignment,76,Brazil,BRA,25,0.7332456386126935,0.7333087295566535,0.6961980772719027,0.8007877180290974,1.0,129,154
baseline,Inclusive world export basket,spearman_product_alignment,Within-country product-rank alignment,96,Brunei Darussalam,BRN,25,0.7371153989617754,0.7370112202326968,0.7009577362597497,0.8043846957640062,1.0,129,154
baseline,Inclusive world export basket,spearman_product_alignment,Within-country product-rank alignment,100,Bulgaria,BGR,25,0.7366060020648881,0.7358921261080241,0.7000399056774896,0.8041194437746162,1.0,129,154
baseline,Inclusive world export basket,spearman_product_alignment,Within-country product-rank alignment,854,Burkina Faso,BFA,25,0.73608134148533,0.736359698967561,0.699709776890985,0.8036813760951692,1.0,129,154
baseline,Inclusive world export basket,spearman_product_alignment,Within-country product-rank alignment,108,Burundi,BDI,25,0.7346923350237431,0.7340275489844044,0.6962488663159804,0.8016196447230929,1.0,130,154
baseline,Inclusive world export basket,spearman_product_alignment,Within-country product-rank alignment,132,Cabo Verde,CPV,25,0.7383376064096506,0.7349154972993981,0.7034356641259805,0.8038582107547624,1.0,129,154
baseline,Inclusive world export basket,spearman_product_alignment,Within-country product-rank alignment,116,Cambodia,KHM,25,0.7383040643220737,0.7391965500037588,0.7006675131507346,0.8048589341692791,1.0,129,154
baseline,Inclusive world export basket,spearman_product_alignment,Within-country product-rank alignment,120,Cameroon,CMR,25,0.7373608122578333,0.7375442830859897,0.7018253700899915,0.804288240495137,1.0,130,154
baseline,Inclusive world export basket,spearman_product_alignment,Within-country product-rank alignment,124,Canada,CAN,25,0.7316187862566561,0.7309513321018595,0.6948267730818067,0.800152720842376,1.0,129,154
baseline,Inclusive world export basket,spearman_product_alignment,Within-country product-rank alignment,140,Central African Rep.,CAF,25,0.7330536531250815,0.732399756695986,0.6954072192998367,0.8022546419098143,1.0,129,154
baseline,Inclusive world export basket,spearman_product_alignment,Within-country product-rank alignment,152,Chile,CHL,25,0.7349416780395316,0.7344261510808576,0.6975367313622348,0.8026083112290008,1.0,129,154
baseline,Inclusive world export basket,spearman_product_alignment,Within-country product-rank alignment,156,China,CHN,25,0.7325482491460764,0.7323395166156433,0.6957580783084139,0.802419419660799,1.0,129,154
baseline,Inclusive world export basket,spearman_product_alignment,Within-country product-rank alignment,344,"China, Hong Kong SAR",HKG,25,0.7342240164374298,0.7336436142947942,0.6972719027752585,0.8011855960131822,1.0,129,154
baseline,Inclusive world export basket,spearman_product_alignment,Within-country product-rank alignment,446,"China, Macao SAR",MAC,25,0.7374590585783425,0.7366268222172102,0.7004026845637584,0.8066915842777912,1.0,129,154
baseline,Inclusive world export basket,spearman_product_alignment,Within-country product-rank alignment,170,Colombia,COL,25,0.7346620821595847,0.73401267094499,0.6979067658262289,0.802250622940278,1.0,129,154
baseline,Inclusive world export basket,spearman_product_alignment,Within-country product-rank alignment,174,Comoros,COM,25,0.7319700432185364,0.7322512111649407,0.6945474333393796,0.800550598826461,1.0,130,154
baseline,Inclusive world export basket,spearman_product_alignment,Within-country product-rank alignment,188,Costa Rica,CRI,25,0.7359591948656943,0.7353565042922666,0.6989624523852712,0.8038019451812555,1.0,129,154
baseline,Inclusive world export basket,spearman_product_alignment,Within-country product-rank alignment,191,Croatia,HRV,25,0.7376087688203884,0.7376417280052487,0.7008634137493198,0.8038582107547624,1.0,129,154
baseline,Inclusive world export basket,spearman_product_alignment,Within-country product-rank alignment,196,Cyprus,CYP,25,0.7367853679917167,0.7365484920614356,0.7010157808815527,0.8041274817136886,1.0,129,154
baseline,Inclusive world export basket,spearman_product_alignment,Within-country product-rank alignment,203,Czechia,CZE,25,0.7352134663641046,0.7345115808609954,0.698207872301832,0.8033759344104171,1.0,129,154
baseline,Inclusive world export basket,spearman_product_alignment,Within-country product-rank alignment,384,Côte d'Ivoire,CIV,25,0.7374348122291942,0.7375813013396907,0.7019481226192636,0.8042078611044129,1.0,129,154
baseline,Inclusive world export basket,spearman_product_alignment,Within-country product-rank alignment,208,Denmark,DNK,25,0.7335663040603567,0.7332232997765156,0.6968510792671866,0.8011454063178202,1.0,129,154
baseline,Inclusive world export basket,spearman_product_alignment,Within-country product-rank alignment,212,Dominica,DMA,25,0.7338013985870806,0.7321605533115999,0.697857013293255,0.801752270717788,1.0,130,154
baseline,Inclusive world export basket,spearman_product_alignment,Within-country product-rank alignment,214,Dominican Rep.,DOM,25,0.7387168449776973,0.7376025601137828,0.7034319623006104,0.8067197170645446,1.0,129,154
baseline,Inclusive world export basket,spearman_product_alignment,Within-country product-rank alignment,218,Ecuador,ECU,25,0.7376113084335831,0.7363411898407106,0.7005151460185017,0.8053693433003777,1.0,129,154
baseline,Inclusive world export basket,spearman_product_alignment,Within-country product-rank alignment,818,Egypt,EGY,25,0.7464212649292016,0.7457173470949686,0.7083439143841829,0.812937062937063,1.0,129,154
baseline,Inclusive world export basket,spearman_product_alignment,Within-country product-rank alignment,222,El Salvador,SLV,25,0.7366919414679368,0.7361264839692454,0.7007255577725376,0.8039546660236316,1.0,129,154
baseline,Inclusive world export basket,spearman_product_alignment,Within-country product-rank alignment,233,Estonia,EST,25,0.7414976726841671,0.7413756723440329,0.7057609287139489,0.8103166947994533,1.0,129,154
baseline,Inclusive world export basket,spearman_product_alignment,Within-country product-rank alignment,748,Eswatini,SWZ,25,0.735927029994056,0.7352195367535732,0.6991148195175041,0.8088136001929106,1.0,130,154
baseline,Inclusive world export basket,spearman_product_alignment,Within-country product-rank alignment,231,Ethiopia,ETH,25,0.742327573680006,0.7418198913884437,0.7039579176491928,0.8080660718591754,1.0,130,154
baseline,Inclusive world export basket,spearman_product_alignment,Within-country product-rank alignment,242,Fiji,FJI,25,0.7361161289373126,0.735415733498188,0.6982804280790857,0.8039466280845591,1.0,129,154
baseline,Inclusive world export basket,spearman_product_alignment,Within-country product-rank alignment,246,Finland,FIN,25,0.734334016504377,0.7340297569010176,0.6970469798657718,0.8012217667390081,1.0,129,154
baseline,Inclusive world export basket,spearman_product_alignment,Within-country product-rank alignment,251,France,FRA,25,0.7312881737502375,0.7306625897229925,0.6942608380192273,0.7998713929748412,1.0,129,154
baseline,Inclusive world export basket,spearman_product_alignment,Within-country product-rank alignment,258,French Polynesia,PYF,25,0.7371458981610582,0.7361471377459751,0.7011627433487453,0.8045534924845269,1.0,129,154
baseline,Inclusive world export basket,spearman_product_alignment,Within-country product-rank alignment,266,Gabon,GAB,25,0.736745032883949,0.7369038672969642,0.7007545800834392,0.803962703962704,1.0,130,154
baseline,Inclusive world export basket,spearman_product_alignment,Within-country product-rank alignment,270,Gambia,GMB,25,0.7320539957959923,0.731425165749231,0.6947215672047887,0.800819869785387,1.0,129,154
baseline,Inclusive world export basket,spearman_product_alignment,Within-country product-rank alignment,268,Georgia,GEO,25,0.7385904008427111,0.738403761644079,0.7017123163431889,0.8039747608713126,1.0,129,154
baseline,Inclusive world export basket,spearman_product_alignment,Within-country product-rank alignment,276,Germany,DEU,25,0.7312091707750419,0.7306625897229925,0.6942717213858154,0.799863355035769,1.0,129,154
baseline,Inclusive world export basket,spearman_product_alignment,Within-country product-rank alignment,288,Ghana,GHA,25,0.7384673221903513,0.737986864317006,0.7019626337747144,0.8038773421508424,1.0,130,154
baseline,Inclusive world export basket,spearman_product_alignment,Within-country product-rank alignment,300,Greece,GRC,25,0.7345438934376926,0.7342894634326369,0.6973553419191003,0.8019291053773814,1.0,129,154
baseline,Inclusive world export basket,spearman_product_alignment,Within-country product-rank alignment,304,Greenland,GRL,25,0.7341696202888999,0.7322391487093269,0.6989987302738981,0.8020135037376418,1.0,130,154
baseline,Inclusive world export basket,spearman_product_alignment,Within-country product-rank alignment,308,Grenada,GRD,25,0.7359559359384267,0.735846181752222,0.697897733372326,0.8034603327706776,1.0,129,154
baseline,Inclusive world export basket,spearman_product_alignment,Within-country product-rank alignment,320,Guatemala,GTM,25,0.7358533749101547,0.7349558157177126,0.698929802285507,0.8029057149746806,1.0,129,154
baseline,Inclusive world export basket,spearman_product_alignment,Within-country product-rank alignment,328,Guyana,GUY,25,0.7358166741398583,0.7352121331028331,0.6982622891347723,0.8034723896792862,1.0,129,154
baseline,Inclusive world export basket,spearman_product_alignment,Within-country product-rank alignment,340,Honduras,HND,25,0.7367543212663109,0.736233836904978,0.7004933792853256,0.8037778313640384,1.0,129,154
baseline,Inclusive world export basket,spearman_product_alignment,Within-country product-rank alignment,348,Hungary,HUN,25,0.7360570146796687,0.7352496941613871,0.7001995283874479,0.8031830238726789,1.0,129,154
baseline,Inclusive world export basket,spearman_product_alignment,Within-country product-rank alignment,352,Iceland,ISL,25,0.737395784962155,0.7361860045516986,0.7003772900417196,0.8064062374407203,1.0,129,154
baseline,Inclusive world export basket,spearman_product_alignment,Within-country product-rank alignment,699,India,IND,25,0.7362075407195107,0.735051497071467,0.6992417921276982,0.8045133027891649,1.0,129,154
baseline,Inclusive world export basket,spearman_product_alignment,Within-country product-rank alignment,360,Indonesia,IDN,25,0.7354174828340863,0.7350862710402501,0.6986758570651187,0.8030061892130858,1.0,129,154
baseline,Inclusive world export basket,spearman_product_alignment,Within-country product-rank alignment,364,Iran,IRN,25,0.74267718631173,0.7411626541397534,0.7089055420006971,0.806651394582429,1.0,130,154
baseline,Inclusive world export basket,spearman_product_alignment,Within-country product-rank alignment,372,Ireland,IRL,25,0.7342990019829237,0.7336094423827391,0.697242880464357,0.8018728398038745,1.0,129,154
baseline,Inclusive world export basket,spearman_product_alignment,Within-country product-rank alignment,376,Israel,ISR,25,0.7361112389872866,0.7354749627041094,0.699720660257573,0.8045695683626718,1.0,129,154
baseline,Inclusive world export basket,spearman_product_alignment,Within-country product-rank alignment,380,Italy,ITA,25,0.7314744657193221,0.7307477317065046,0.6944458552512244,0.8000401896953622,1.0,129,154
baseline,Inclusive world export basket,spearman_product_alignment,Within-country product-rank alignment,388,Jamaica,JAM,25,0.7366990634815296,0.736981605629736,0.700855491843028,0.8040069126276024,1.0,129,154
baseline,Inclusive world export basket,spearman_product_alignment,Within-country product-rank alignment,392,Japan,JPN,25,0.7344596032150694,0.7341937820788823,0.6979321603482678,0.8010529700184874,1.0,129,154
baseline,Inclusive world export basket,spearman_product_alignment,Within-country product-rank alignment,400,Jordan,JOR,25,0.736583680610037,0.736359698967561,0.7005852585910113,0.8044650751547304,1.0,129,154
baseline,Inclusive world export basket,spearman_product_alignment,Within-country product-rank alignment,398,Kazakhstan,KAZ,25,0.7367349622490572,0.7351751148491322,0.7001706541495611,0.8087774294670846,1.0,129,154
baseline,Inclusive world export basket,spearman_product_alignment,Within-country product-rank alignment,404,Kenya,KEN,25,0.7365861234181073,0.7359487963514809,0.7001431174718877,0.8041114058355439,1.0,129,154
baseline,Inclusive world export basket,spearman_product_alignment,Within-country product-rank alignment,414,Kuwait,KWT,25,0.7357273721023168,0.7349307943747062,0.6981861055686559,0.8027851458885942,1.0,129,154
baseline,Inclusive world export basket,spearman_product_alignment,Within-country product-rank alignment,417,Kyrgyzstan,KGZ,25,0.7360492837051147,0.7349085834224857,0.7009795029929258,0.8027771079495217,1.0,129,154
baseline,Inclusive world export basket,spearman_product_alignment,Within-country product-rank alignment,428,Latvia,LVA,25,0.7403558045997891,0.7401191916292484,0.705877017957555,0.8058074109798249,1.0,129,154
baseline,Inclusive world export basket,spearman_product_alignment,Within-country product-rank alignment,422,Lebanon,LBN,25,0.7360421856815048,0.735242859778976,0.6989080355523308,0.8032473273852585,1.0,130,154
baseline,Inclusive world export basket,spearman_product_alignment,Within-country product-rank alignment,426,Lesotho,LSO,25,0.73316201226146,0.7329038058136049,0.6953636858334846,0.8024837231733783,1.0,129,154
baseline,Inclusive world export basket,spearman_product_alignment,Within-country product-rank alignment,440,Lithuania,LTU,25,0.739914075864158,0.7402353761302359,0.7033448213313985,0.8060043404870991,1.0,129,154
baseline,Inclusive world export basket,spearman_product_alignment,Within-country product-rank alignment,442,Luxembourg,LUX,25,0.7367105847234144,0.7359339890500006,0.7009178305822601,0.8041033678964713,1.0,129,154
baseline,Inclusive world export basket,spearman_product_alignment,Within-country product-rank alignment,450,Madagascar,MDG,25,0.7362044478121814,0.7360709565886939,0.6998947941229822,0.8047825737480909,1.0,129,154
baseline,Inclusive world export basket,spearman_product_alignment,Within-country product-rank alignment,454,Malawi,MWI,25,0.7354385019568306,0.7357933196859372,0.6991341430459361,0.8038501728156902,1.0,129,154
baseline,Inclusive world export basket,spearman_product_alignment,Within-country product-rank alignment,458,Malaysia,MYS,25,0.7342238694588699,0.7334130459729694,0.6972864139307093,0.8016638533879913,1.0,129,154
baseline,Inclusive world export basket,spearman_product_alignment,Within-country product-rank alignment,462,Maldives,MDV,25,0.7365844225471827,0.7359194636376684,0.6986195893194935,0.8032875170806205,1.0,129,154
baseline,Inclusive world export basket,spearman_product_alignment,Within-country product-rank alignment,466,Mali,MLI,25,0.7368258938822436,0.735857954195969,0.7004970070741884,0.8038742866329073,1.0,130,154
baseline,Inclusive world export basket,spearman_product_alignment,Within-country product-rank alignment,470,Malta,MLT,25,0.7399770902591927,0.7406675852260102,0.7037688284092887,0.8082187927015514,1.0,129,154
baseline,Inclusive world export basket,spearman_product_alignment,Within-country product-rank alignment,478,Mauritania,MRT,25,0.7385084616437871,0.7345055335792703,0.698723240429856,0.8027891648581303,1.0,129,154
baseline,Inclusive world export basket,spearman_product_alignment,Within-country product-rank alignment,480,Mauritius,MUS,25,0.7370785037159968,0.7368890599954839,0.7011572646471975,0.8051965276103208,1.0,129,154
baseline,Inclusive world export basket,spearman_product_alignment,Within-country product-rank alignment,484,Mexico,MEX,25,0.7322066050320281,0.7316509770968065,0.6953419191003084,0.8003576882887227,1.0,129,154
baseline,Inclusive world export basket,spearman_product_alignment,Within-country product-rank alignment,496,Mongolia,MNG,25,0.7356975654774424,0.735846181752222,0.7001431174718877,0.8022747367574954,1.0,130,154
baseline,Inclusive world export basket,spearman_product_alignment,Within-country product-rank alignment,499,Montenegro,MNE,25,0.738906866165826,0.7399742210764924,0.7035985444422646,0.8038773421508424,1.0,129,154
baseline,Inclusive world export basket,spearman_product_alignment,Within-country product-rank alignment,500,Montserrat,MSR,25,0.7364267240436716,0.735846181752222,0.7001431174718877,0.8038773421508424,1.0,130,155
baseline,Inclusive world export basket,spearman_product_alignment,Within-country product-rank alignment,504,Morocco,MAR,25,0.7382928446663952,0.7379119071958754,0.7006666987491532,0.8059641507917371,1.0,129,154
baseline,Inclusive world export basket,spearman_product_alignment,Within-country product-rank alignment,508,Mozambique,MOZ,25,0.7366502868442449,0.7367065202897908,0.7000399056774896,0.8041435575918335,1.0,129,154
baseline,Inclusive world export basket,spearman_product_alignment,Within-country product-rank alignment,516,Namibia,NAM,25,0.7386971988894778,0.7387297213209476,0.7022782514057682,0.8090788521823005,1.0,129,154
baseline,Inclusive world export basket,spearman_product_alignment,Within-country product-rank alignment,528,Netherlands,NLD,25,0.7319573155146473,0.7313289182896088,0.6948630509704335,0.8003576882887227,1.0,129,154
baseline,Inclusive world export basket,spearman_product_alignment,Within-country product-rank alignment,554,New Zealand,NZL,25,0.7349008490234713,0.7341288554459775,0.6983457282786142,0.8025359697773491,1.0,129,154
baseline,Inclusive world export basket,spearman_product_alignment,Within-country product-rank alignment,558,Nicaragua,NIC,25,0.7378099387344312,0.7379070619722586,0.7028692848443568,0.8045052648500924,1.0,129,154
baseline,Inclusive world export basket,spearman_product_alignment,Within-country product-rank alignment,562,Niger,NER,25,0.7354985667132802,0.7352602568326443,0.6981861055686559,0.8035125793746485,1.0,129,154
baseline,Inclusive world export basket,spearman_product_alignment,Within-country product-rank alignment,566,Nigeria,NGA,25,0.7517911980471089,0.7514165074003288,0.7100961364048614,0.8172373603408086,1.0,129,154
baseline,Inclusive world export basket,spearman_product_alignment,Within-country product-rank alignment,807,North Macedonia,MKD,25,0.7404664730074302,0.7399430659258082,0.7043497188463632,0.8079575596816977,1.0,129,154
baseline,Inclusive world export basket,spearman_product_alignment,Within-country product-rank alignment,579,Norway,NOR,25,0.7342278728243032,0.7332540544973652,0.6974387810629422,0.8019291053773814,1.0,129,154
baseline,Inclusive world export basket,spearman_product_alignment,Within-country product-rank alignment,512,Oman,OMN,25,0.7372070754666994,0.7371758744833105,0.7004556947030581,0.8038541917852263,1.0,129,154
baseline,Inclusive world export basket,spearman_product_alignment,Within-country product-rank alignment,586,Pakistan,PAK,25,0.7495750471660714,0.7483943332457236,0.7131725013604208,0.8094955317979815,1.0,129,154
baseline,Inclusive world export basket,spearman_product_alignment,Within-country product-rank alignment,591,Panama,PAN,25,0.7373729735241676,0.7365642917462999,0.7005187738073644,0.8052126034884657,1.0,129,154
baseline,Inclusive world export basket,spearman_product_alignment,Within-country product-rank alignment,600,Paraguay,PRY,25,0.7382685087342741,0.7378959564961484,0.7012923072366986,0.8062776304155614,1.0,129,154
baseline,Inclusive world export basket,spearman_product_alignment,Within-country product-rank alignment,604,Peru,PER,25,0.7374105311882243,0.7373252144539757,0.7018216682646214,0.8043726388553976,1.0,129,154
baseline,Inclusive world export basket,spearman_product_alignment,Within-country product-rank alignment,608,Philippines,PHL,25,0.7372134564216742,0.7374147191980367,0.7015403295364946,0.8026525198938993,1.0,129,154
baseline,Inclusive world export basket,spearman_product_alignment,Within-country product-rank alignment,616,Poland,POL,25,0.7326620712541704,0.7315769405894047,0.6959259931072013,0.8015593601800498,1.0,129,154
baseline,Inclusive world export basket,spearman_product_alignment,Within-country product-rank alignment,620,Portugal,PRT,25,0.7345427318243941,0.7342484571381706,0.6974387810629422,0.8016919861747449,1.0,129,154
baseline,Inclusive world export basket,spearman_product_alignment,Within-country product-rank alignment,634,Qatar,QAT,25,0.7398033972351699,0.7389731012022033,0.6983856339561039,0.8048549151997427,1.0,129,154
baseline,Inclusive world export basket,spearman_product_alignment,Within-country product-rank alignment,410,Rep. of Korea,KOR,25,0.7328020973965202,0.7322767378125875,0.6955523308543442,0.8003215175628969,1.0,129,154
baseline,Inclusive world export basket,spearman_product_alignment,Within-country product-rank alignment,498,Rep. of Moldova,MDA,25,0.7390243753689121,0.7381476806213144,0.704875748231453,0.8049674463467568,1.0,129,154
baseline,Inclusive world export basket,spearman_product_alignment,Within-country product-rank alignment,642,Romania,ROU,25,0.7350912687174558,0.7341904293006882,0.6987012515871577,0.8027811269190579,1.0,129,154
baseline,Inclusive world export basket,spearman_product_alignment,Within-country product-rank alignment,643,Russian Federation,RUS,25,0.7334889848989825,0.7328841281834748,0.6978233266823871,0.8023912868740456,1.0,130,154
baseline,Inclusive world export basket,spearman_product_alignment,Within-country product-rank alignment,646,Rwanda,RWA,25,0.7354039889339912,0.7355025663105953,0.6989805913295847,0.8029137529137529,1.0,130,154
baseline,Inclusive world export basket,spearman_product_alignment,Within-country product-rank alignment,662,Saint Lucia,LCA,25,0.7414452061360833,0.7406923093743851,0.7013640486123708,0.8071135760790933,1.0,130,154
baseline,Inclusive world export basket,spearman_product_alignment,Within-country product-rank alignment,670,Saint Vincent and the Grenadines,VCT,25,0.7361440773916748,0.7348088764958753,0.6978450934155632,0.8050639016156258,1.0,130,154
baseline,Inclusive world export basket,spearman_product_alignment,Within-country product-rank alignment,882,Samoa,WSM,25,0.7336570867403139,0.7350529546119193,0.698142053846752,0.8019210674383087,1.0,129,154
baseline,Inclusive world export basket,spearman_product_alignment,Within-country product-rank alignment,678,Sao Tome and Principe,STP,25,0.7352040486655875,0.735475051264525,0.6971703246871033,0.8047504219918014,1.0,130,154
baseline,Inclusive world export basket,spearman_product_alignment,Within-country product-rank alignment,682,Saudi Arabia,SAU,25,0.7405515070169437,0.7382425885594915,0.7028100556384353,0.80655493931356,1.0,129,154
baseline,Inclusive world export basket,spearman_product_alignment,Within-country product-rank alignment,686,Senegal,SEN,25,0.7368792397137335,0.7362577655670145,0.7005985851623436,0.8038943814805883,1.0,129,154
baseline,Inclusive world export basket,spearman_product_alignment,Within-country product-rank alignment,688,Serbia,SRB,25,0.7383667626298365,0.738820658971152,0.7013894431344097,0.8038773421508424,1.0,129,154
baseline,Inclusive world export basket,spearman_product_alignment,Within-country product-rank alignment,690,Seychelles,SYC,25,0.7347261885616219,0.7341357393661941,0.6945655722836932,0.8038501728156902,1.0,129,154
baseline,Inclusive world export basket,spearman_product_alignment,Within-country product-rank alignment,702,Singapore,SGP,25,0.734070746688296,0.7335315043848122,0.69705786323236,0.8025520456554939,1.0,129,154
baseline,Inclusive world export basket,spearman_product_alignment,Within-country product-rank alignment,703,Slovakia,SVK,25,0.7366174546073019,0.7362930661108994,0.7006094685289317,0.8036733381560968,1.0,129,154
baseline,Inclusive world export basket,spearman_product_alignment,Within-country product-rank alignment,705,Slovenia,SVN,25,0.7391183670006825,0.738820658971152,0.702898603301288,0.8045977011494253,1.0,129,154
baseline,Inclusive world export basket,spearman_product_alignment,Within-country product-rank alignment,710,South Africa,ZAF,25,0.7337173589477266,0.7330490230250342,0.6965826228913478,0.801237842617153,1.0,129,154
baseline,Inclusive world export basket,spearman_product_alignment,Within-country product-rank alignment,724,Spain,ESP,25,0.731612891220137,0.7308143645631662,0.6946889171050245,0.8000763604211881,1.0,129,154
baseline,Inclusive world export basket,spearman_product_alignment,Within-country product-rank alignment,144,Sri Lanka,LKA,25,0.7401878617994577,0.7404293524156629,0.7050237472097493,0.8053050397877985,1.0,129,154
baseline,Inclusive world export basket,spearman_product_alignment,Within-country product-rank alignment,740,Suriname,SUR,25,0.7360483553246866,0.7348669392753275,0.7004445892269479,0.804686118479222,1.0,129,154
baseline,Inclusive world export basket,spearman_product_alignment,Within-country product-rank alignment,752,Sweden,SWE,25,0.7324494534165977,0.7315769405894047,0.6958606929076728,0.8005224660397076,1.0,129,154
baseline,Inclusive world export basket,spearman_product_alignment,Within-country product-rank alignment,757,Switzerland,CHE,25,0.7337813204213042,0.7336436142947942,0.6971340467984765,0.8008158508158507,1.0,129,154
baseline,Inclusive world export basket,spearman_product_alignment,Within-country product-rank alignment,764,Thailand,THA,25,0.7339382085105451,0.7333760277192684,0.6974968256847451,0.8018728398038745,1.0,129,154
baseline,Inclusive world export basket,spearman_product_alignment,Within-country product-rank alignment,768,Togo,TGO,25,0.7349915436974552,0.7349530053269268,0.6976854707056049,0.8032955550196931,1.0,129,154
baseline,Inclusive world export basket,spearman_product_alignment,Within-country product-rank alignment,776,Tonga,TON,25,0.7322687582626783,0.7306329751200317,0.6941556321422094,0.7999156016397397,1.0,130,154
baseline,Inclusive world export basket,spearman_product_alignment,Within-country product-rank alignment,780,Trinidad and Tobago,TTO,25,0.7367781616519627,0.736567001188286,0.7006820243061854,0.8043203922514267,1.0,129,154
baseline,Inclusive world export basket,spearman_product_alignment,Within-country product-rank alignment,788,Tunisia,TUN,25,0.7361636834779486,0.7356637557979842,0.6999455831670598,0.8033357447150551,1.0,129,154
baseline,Inclusive world export basket,spearman_product_alignment,Within-country product-rank alignment,792,Türkiye,TUR,25,0.7339042496476913,0.7333612204177881,0.6973263196081989,0.8021340728237278,1.0,129,154
baseline,Inclusive world export basket,spearman_product_alignment,Within-country product-rank alignment,842,USA,USA,25,0.731093747534128,0.7305367276604093,0.6940758207872302,0.7998713929748412,1.0,129,154
baseline,Inclusive world export basket,spearman_product_alignment,Within-country product-rank alignment,800,Uganda,UGA,25,0.737526103942923,0.7369705001536259,0.7013713041900962,0.8049795032553653,1.0,129,154
baseline,Inclusive world export basket,spearman_product_alignment,Within-country product-rank alignment,804,Ukraine,UKR,25,0.7351138118764928,0.7344637401841182,0.6988354797750772,0.8027851458885942,1.0,129,154
baseline,Inclusive world export basket,spearman_product_alignment,Within-country product-rank alignment,784,United Arab Emirates,ARE,25,0.7346918703974548,0.7348611049379973,0.6978051877380738,0.8038773421508424,1.0,130,154
baseline,Inclusive world export basket,spearman_product_alignment,Within-country product-rank alignment,826,United Kingdom,GBR,25,0.7313257516146873,0.7307477317065046,0.6942971159078543,0.7999276585483481,1.0,129,154
baseline,Inclusive world export basket,spearman_product_alignment,Within-country product-rank alignment,834,United Rep. of Tanzania,TZA,25,0.7408880750357327,0.740785543914324,0.7031924541991657,0.8120006430351259,1.0,129,154
baseline,Inclusive world export basket,spearman_product_alignment,Within-country product-rank alignment,858,Uruguay,URY,25,0.7374374257827719,0.7370704494386183,0.7017994573124008,0.804059159231573,1.0,129,154
baseline,Inclusive world export basket,spearman_product_alignment,Within-country product-rank alignment,704,Viet Nam,VNM,25,0.7368407161759005,0.7362869460864928,0.6999300355005054,0.8059520938831284,1.0,130,154
baseline,Inclusive world export basket,spearman_product_alignment,Within-country product-rank alignment,894,Zambia,ZMB,25,0.736893778782619,0.736373950068002,0.7011137311808453,0.8040270074752834,1.0,129,154
baseline,Inclusive world export basket,spearman_product_alignment,Within-country product-rank alignment,716,Zimbabwe,ZWE,25,0.7375129243607728,0.7382192333189811,0.7,0.8048107065348444,1.0,129,154
noncommodity_broad,Broad-primary-excluded non-commodity basket,world_share_exposure,World-share percentile exposure,8,Albania,ALB,25,0.37829386357367867,0.3872146355367832,0.27562216800278844,0.4562482527257478,1.0,129,154
noncommodity_broad,Broad-primary-excluded non-commodity basket,world_share_exposure,World-share percentile exposure,12,Algeria,DZA,25,0.38656403826862124,0.39343325200418255,0.28340885325897525,0.46971265366568693,1.0,129,154
noncommodity_broad,Broad-primary-excluded non-commodity basket,world_share_exposure,World-share percentile exposure,20,Andorra,AND,25,0.3864132083959525,0.38613000070334685,0.2823980481003834,0.46129551413308756,1.0,130,154
noncommodity_broad,Broad-primary-excluded non-commodity basket,world_share_exposure,World-share percentile exposure,24,Angola,AGO,25,0.38022364423404176,0.38797721156302184,0.276831648658069,0.457570514321982,1.0,129,154
noncommodity_broad,Broad-primary-excluded non-commodity basket,world_share_exposure,World-share percentile exposure,28,Antigua and Barbuda,ATG,25,0.3745073187062741,0.3891492835116997,0.26615196932729174,0.45828598081714095,1.0,129,154
noncommodity_broad,Broad-primary-excluded non-commodity basket,world_share_exposure,World-share percentile exposure,32,Argentina,ARG,25,0.3753241979541961,0.3868148383968135,0.27377483443708606,0.4549977710447378,1.0,129,154
noncommodity_broad,Broad-primary-excluded non-commodity basket,world_share_exposure,World-share percentile exposure,51,Armenia,ARM,25,0.38297205234768605,0.3847603253164135,0.2809271523178808,0.4562482527257478,1.0,129,154
noncommodity_broad,Broad-primary-excluded non-commodity basket,world_share_exposure,World-share percentile exposure,533,Aruba,ABW,25,0.3916340937390334,0.3925847995646654,0.2966329731613802,0.45828598081714095,1.0,130,154
noncommodity_broad,Broad-primary-excluded non-commodity basket,world_share_exposure,World-share percentile exposure,36,Australia,AUS,25,0.3760380855320822,0.38433831722422324,0.2744475426978041,0.4535130601666806,1.0,129,154
noncommodity_broad,Broad-primary-excluded non-commodity basket,world_share_exposure,World-share percentile exposure,40,Austria,AUT,25,0.3778973209896821,0.3857820291185584,0.2783792262112234,0.4567998247058912,1.0,129,154
noncommodity_broad,Broad-primary-excluded non-commodity basket,world_share_exposure,World-share percentile exposure,31,Azerbaijan,AZE,25,0.38062445975785975,0.39149394566460727,0.2779609620076681,0.4588587749057417,1.0,129,154
noncommodity_broad,Broad-primary-excluded non-commodity basket,world_share_exposure,World-share percentile exposure,44,Bahamas,BHS,25,0.3778965995875456,0.38714076181163604,0.27407110491460435,0.4561235823466743,1.0,129,154
noncommodity_broad,Broad-primary-excluded non-commodity basket,world_share_exposure,World-share percentile exposure,48,Bahrain,BHR,25,0.38051229866810937,0.39169384423459214,0.27855698849773436,0.4578047435190292,1.0,129,154
noncommodity_broad,Broad-primary-excluded non-commodity basket,world_share_exposure,World-share percentile exposure,52,Barbados,BRB,25,0.37741348976560646,0.38613000070334685,0.27496688741721853,0.4554171168652578,1.0,129,154
noncommodity_broad,Broad-primary-excluded non-commodity basket,world_share_exposure,World-share percentile exposure,112,Belarus,BLR,25,0.38005138124011206,0.38832888497318035,0.2792750087138376,0.45697360765853917,1.0,130,154
noncommodity_broad,Broad-primary-excluded non-commodity basket,world_share_exposure,World-share percentile exposure,56,Belgium,BEL,25,0.3762251598411467,0.38406438214683664,0.2764726385500174,0.45478998707961527,1.0,129,154
noncommodity_broad,Broad-primary-excluded non-commodity basket,world_share_exposure,World-share percentile exposure,84,Belize,BLZ,25,0.37138403410159293,0.38019597463509264,0.2684524224468456,0.44972383622090084,1.0,129,154
noncommodity_broad,Broad-primary-excluded non-commodity basket,world_share_exposure,World-share percentile exposure,204,Benin,BEN,25,0.3781926202447005,0.3903835726032268,0.27884628790519345,0.4551715539973857,1.0,129,154
noncommodity_broad,Broad-primary-excluded non-commodity basket,world_share_exposure,World-share percentile exposure,60,Bermuda,BMU,25,0.3787043393715193,0.38637272767678565,0.2709236667828511,0.45828598081714095,1.0,129,154
noncommodity_broad,Broad-primary-excluded non-commodity basket,world_share_exposure,World-share percentile exposure,68,Bolivia (Plurinational State of),BOL,25,0.3801929738258054,0.38953568004382966,0.2778947368421052,0.4570680549154131,1.0,129,154
noncommodity_broad,Broad-primary-excluded non-commodity basket,world_share_exposure,World-share percentile exposure,70,Bosnia Herzegovina,BIH,25,0.3803441792839333,0.39026123781636735,0.27972115719762974,0.45784630031205376,1.0,129,154
noncommodity_broad,Broad-primary-excluded non-commodity basket,world_share_exposure,World-share percentile exposure,72,Botswana,BWA,25,0.3800987352673532,0.3870887734742002,0.27887068665040077,0.4562822537382224,1.0,130,154
noncommodity_broad,Broad-primary-excluded non-commodity basket,world_share_exposure,World-share percentile exposure,76,Brazil,BRA,25,0.3777383361632418,0.3841236113527581,0.27791216451725337,0.45429130556332126,1.0,129,154
noncommodity_broad,Broad-primary-excluded non-commodity basket,world_share_exposure,World-share percentile exposure,96,Brunei Darussalam,BRN,25,0.38422433689955066,0.38875459489074066,0.2760404322063436,0.45848098587824615,1.0,129,154
noncommodity_broad,Broad-primary-excluded non-commodity basket,world_share_exposure,World-share percentile exposure,100,Bulgaria,BGR,25,0.38037717407916105,0.38950236361549884,0.27862669919832694,0.45888144224739136,1.0,129,154
noncommodity_broad,Broad-primary-excluded non-commodity basket,world_share_exposure,World-share percentile exposure,854,Burkina Faso,BFA,25,0.3769807504108227,0.3838496762753715,0.2736876960613454,0.4545368684311933,1.0,129,154
noncommodity_broad,Broad-primary-excluded non-commodity basket,world_share_exposure,World-share percentile exposure,108,Burundi,BDI,25,0.38575327457442965,0.389807547002089,0.2834471941443011,0.4589456663820656,1.0,130,154
noncommodity_broad,Broad-primary-excluded non-commodity basket,world_share_exposure,World-share percentile exposure,132,Cabo Verde,CPV,25,0.37961716034946213,0.38434597093204137,0.2693691181596375,0.45828598081714095,1.0,129,154
noncommodity_broad,Broad-primary-excluded non-commodity basket,world_share_exposure,World-share percentile exposure,116,Cambodia,KHM,25,0.37861439328598145,0.38585236380059007,0.2774869292436388,0.4559309099426516,1.0,129,154
noncommodity_broad,Broad-primary-excluded non-commodity basket,world_share_exposure,World-share percentile exposure,120,Cameroon,CMR,25,0.38031352798005424,0.38955789099605026,0.27775531544092014,0.4581031968507506,1.0,130,154
noncommodity_broad,Broad-primary-excluded non-commodity basket,world_share_exposure,World-share percentile exposure,124,Canada,CAN,25,0.3731318513492207,0.37997756693825724,0.27052980132450327,0.45145788785710506,1.0,129,154
noncommodity_broad,Broad-primary-excluded non-commodity basket,world_share_exposure,World-share percentile exposure,140,Central African Rep.,CAF,25,0.3822818544799461,0.3926267042278548,0.30192052980132444,0.4530143786503865,1.0,129,154
noncommodity_broad,Broad-primary-excluded non-commodity basket,world_share_exposure,World-share percentile exposure,152,Chile,CHL,25,0.3855657875713376,0.39445910778604937,0.28422098292087833,0.4644878314154243,1.0,129,154
noncommodity_broad,Broad-primary-excluded non-commodity basket,world_share_exposure,World-share percentile exposure,156,China,CHN,25,0.3778756729749204,0.38628177554352056,0.27508191007319616,0.45804652849662636,1.0,129,154
noncommodity_broad,Broad-primary-excluded non-commodity basket,world_share_exposure,World-share percentile exposure,344,"China, Hong Kong SAR",HKG,25,0.37454328632069644,0.38451970666735774,0.272168002788428,0.4549033237878639,1.0,129,154
noncommodity_broad,Broad-primary-excluded non-commodity basket,world_share_exposure,World-share percentile exposure,446,"China, Macao SAR",MAC,25,0.38525240727624327,0.39577695761780135,0.2823074241896131,0.4661236579044798,1.0,129,154
noncommodity_broad,Broad-primary-excluded non-commodity basket,world_share_exposure,World-share percentile exposure,170,Colombia,COL,25,0.3810051489504457,0.3892284285381121,0.2806204252352736,0.46373980914098334,1.0,129,154
noncommodity_broad,Broad-primary-excluded non-commodity basket,world_share_exposure,World-share percentile exposure,174,Comoros,COM,25,0.37013487904444553,0.37814516338006277,0.2655559428372255,0.44842424196631636,1.0,130,154
noncommodity_broad,Broad-primary-excluded non-commodity basket,world_share_exposure,World-share percentile exposure,188,Costa Rica,CRI,25,0.3826977041949903,0.3921565724058534,0.27912513070756356,0.4625044390210731,1.0,129,154
noncommodity_broad,Broad-primary-excluded non-commodity basket,world_share_exposure,World-share percentile exposure,191,Croatia,HRV,25,0.37950885220625447,0.3875292906932409,0.27889159986057854,0.4566449312046181,1.0,129,154
noncommodity_broad,Broad-primary-excluded non-commodity basket,world_share_exposure,World-share percentile exposure,196,Cyprus,CYP,25,0.3859976403128631,0.3943887731040176,0.28806552805855695,0.4621342057741275,1.0,129,154
noncommodity_broad,Broad-primary-excluded non-commodity basket,world_share_exposure,World-share percentile exposure,203,Czechia,CZE,25,0.3769795154223856,0.38631879379722145,0.27546531892645515,0.4555720103665309,1.0,129,154
noncommodity_broad,Broad-primary-excluded non-commodity basket,world_share_exposure,World-share percentile exposure,384,Côte d'Ivoire,CIV,25,0.3807737194416688,0.38993917900916947,0.2804426629487626,0.45861698992814454,1.0,129,154
noncommodity_broad,Broad-primary-excluded non-commodity basket,world_share_exposure,World-share percentile exposure,208,Denmark,DNK,25,0.3778422013216271,0.38614480800482726,0.2757650749390031,0.4568791604016653,1.0,129,154
noncommodity_broad,Broad-primary-excluded non-commodity basket,world_share_exposure,World-share percentile exposure,212,Dominica,DMA,25,0.37294979035216885,0.37869303353483613,0.27878129292846454,0.4491987094726821,1.0,130,154
noncommodity_broad,Broad-primary-excluded non-commodity basket,world_share_exposure,World-share percentile exposure,214,Dominican Rep.,DOM,25,0.38123450603122633,0.3886509437803781,0.27910770303241544,0.45983347059668,1.0,129,154
noncommodity_broad,Broad-primary-excluded non-commodity basket,world_share_exposure,World-share percentile exposure,218,Ecuador,ECU,25,0.38134272540319797,0.38980961512121626,0.2800766817706518,0.45935367853176073,1.0,129,154
noncommodity_broad,Broad-primary-excluded non-commodity basket,world_share_exposure,World-share percentile exposure,818,Egypt,EGY,25,0.3877032362765296,0.3951365418287758,0.28744161728825374,0.4665505595055497,1.0,129,154
noncommodity_broad,Broad-primary-excluded non-commodity basket,world_share_exposure,World-share percentile exposure,222,El Salvador,SLV,25,0.3807204608551498,0.38946534536179794,0.2797072150575113,0.45775940883572974,1.0,129,154
noncommodity_broad,Broad-primary-excluded non-commodity basket,world_share_exposure,World-share percentile exposure,233,Estonia,EST,25,0.38253382539355407,0.39166422963163133,0.28067967933077725,0.4600412545618025,1.0,129,154
noncommodity_broad,Broad-primary-excluded non-commodity basket,world_share_exposure,World-share percentile exposure,748,Eswatini,SWZ,25,0.38635528278844755,0.3944146858816082,0.28313698152666433,0.45266681274509063,1.0,130,154
noncommodity_broad,Broad-primary-excluded non-commodity basket,world_share_exposure,World-share percentile exposure,231,Ethiopia,ETH,25,0.3834231000310404,0.3895171709169792,0.28313349599163473,0.4603094847713243,1.0,130,154
noncommodity_broad,Broad-primary-excluded non-commodity basket,world_share_exposure,World-share percentile exposure,242,Fiji,FJI,25,0.37512236632851476,0.38228010231845333,0.2713837574067619,0.4519301241414744,1.0,129,154
noncommodity_broad,Broad-primary-excluded non-commodity basket,world_share_exposure,World-share percentile exposure,246,Finland,FIN,25,0.3784084250060352,0.3857153962618967,0.27976995468804455,0.45560601137900547,1.0,129,154
noncommodity_broad,Broad-primary-excluded non-commodity basket,world_share_exposure,World-share percentile exposure,251,France,FRA,25,0.3737008153618912,0.3824318771586269,0.271317532241199,0.4529917113087368,1.0,129,154
noncommodity_broad,Broad-primary-excluded non-commodity basket,world_share_exposure,World-share percentile exposure,258,French Polynesia,PYF,25,0.38286252217047717,0.3865492519768451,0.28189961659114676,0.455485118890207,1.0,129,154
noncommodity_broad,Broad-primary-excluded non-commodity basket,world_share_exposure,World-share percentile exposure,266,Gabon,GAB,25,0.3836411257226433,0.3893468869499551,0.2899616591146741,0.458072973728551,1.0,130,154
noncommodity_broad,Broad-primary-excluded non-commodity basket,world_share_exposure,World-share percentile exposure,270,Gambia,GMB,25,0.3711053281491339,0.3796888245593903,0.2656709654932032,0.45492976901978854,1.0,129,154
noncommodity_broad,Broad-primary-excluded non-commodity basket,world_share_exposure,World-share percentile exposure,268,Georgia,GEO,25,0.38676921711348666,0.39078319519355004,0.2835970721505751,0.45819764410762454,1.0,129,154
noncommodity_broad,Broad-primary-excluded non-commodity basket,world_share_exposure,World-share percentile exposure,276,Germany,DEU,25,0.3742027353744197,0.3834943010398428,0.2727953990937608,0.45296148818653714,1.0,129,154
noncommodity_broad,Broad-primary-excluded non-commodity basket,world_share_exposure,World-share percentile exposure,288,Ghana,GHA,25,0.380961202047434,0.39037229257747,0.27867201115371204,0.4599694746465784,1.0,130,154
noncommodity_broad,Broad-primary-excluded non-commodity basket,world_share_exposure,World-share percentile exposure,300,Greece,GRC,25,0.38184650385589974,0.3907239659876286,0.2805228302544441,0.46332424121073823,1.0,129,154
noncommodity_broad,Broad-primary-excluded non-commodity basket,world_share_exposure,World-share percentile exposure,304,Greenland,GRL,25,0.3835152139761807,0.38905444274571804,0.2829557337051237,0.4611632879734641,1.0,130,154
noncommodity_broad,Broad-primary-excluded non-commodity basket,world_share_exposure,World-share percentile exposure,308,Grenada,GRD,25,0.3777360947289378,0.38861022370130716,0.2714778668525618,0.45760643764623565,1.0,129,154
noncommodity_broad,Broad-primary-excluded non-commodity basket,world_share_exposure,World-share percentile exposure,320,Guatemala,GTM,25,0.38109180993374103,0.3910534284455665,0.27938654583478556,0.458745438197493,1.0,129,154
noncommodity_broad,Broad-primary-excluded non-commodity basket,world_share_exposure,World-share percentile exposure,328,Guyana,GUY,25,0.3747353810744903,0.3816248792279473,0.26932729173928194,0.4510007631338355,1.0,129,154
noncommodity_broad,Broad-primary-excluded non-commodity basket,world_share_exposure,World-share percentile exposure,340,Honduras,HND,25,0.3801538655120273,0.3883473941000307,0.27933774834437086,0.45828598081714095,1.0,129,154
noncommodity_broad,Broad-primary-excluded non-commodity basket,world_share_exposure,World-share percentile exposure,348,Hungary,HUN,25,0.3778338145155346,0.38605596419594507,0.27642732659463226,0.4566184859726934,1.0,129,154
noncommodity_broad,Broad-primary-excluded non-commodity basket,world_share_exposure,World-share percentile exposure,352,Iceland,ISL,25,0.37986730252215645,0.39118669415888985,0.27750784245381666,0.46096305978889157,1.0,129,154
noncommodity_broad,Broad-primary-excluded non-commodity basket,world_share_exposure,World-share percentile exposure,699,India,IND,25,0.391898362811657,0.4024402432839634,0.28980481003834085,0.47246673567612907,1.0,129,154
noncommodity_broad,Broad-primary-excluded non-commodity basket,world_share_exposure,World-share percentile exposure,360,Indonesia,IDN,25,0.3852272112674534,0.3959953653146367,0.28445451376786335,0.4685906202540254,1.0,129,154
noncommodity_broad,Broad-primary-excluded non-commodity basket,world_share_exposure,World-share percentile exposure,364,Iran,IRN,25,0.38620122920652133,0.3966914085070448,0.28605088881143254,0.45828598081714095,1.0,130,154
noncommodity_broad,Broad-primary-excluded non-commodity basket,world_share_exposure,World-share percentile exposure,372,Ireland,IRL,25,0.3737532344473429,0.38313892580431413,0.2720529801324503,0.4533203877626578,1.0,129,154
noncommodity_broad,Broad-primary-excluded non-commodity basket,world_share_exposure,World-share percentile exposure,376,Israel,ISR,25,0.37753113025467727,0.3880734590226441,0.2739281979783897,0.4560744697730999,1.0,129,154
noncommodity_broad,Broad-primary-excluded non-commodity basket,world_share_exposure,World-share percentile exposure,380,Italy,ITA,25,0.3836986557409543,0.3921565724058534,0.2843882886023004,0.4639400373255559,1.0,129,154
noncommodity_broad,Broad-primary-excluded non-commodity basket,world_share_exposure,World-share percentile exposure,388,Jamaica,JAM,25,0.38794848732022336,0.39690119560869375,0.28811432554897176,0.46995443864328407,1.0,129,154
noncommodity_broad,Broad-primary-excluded non-commodity basket,world_share_exposure,World-share percentile exposure,392,Japan,JPN,25,0.3719866017235791,0.379474118687925,0.2703555245730219,0.44966338997650146,1.0,129,154
noncommodity_broad,Broad-primary-excluded non-commodity basket,world_share_exposure,World-share percentile exposure,400,Jordan,JOR,25,0.3809467269922896,0.38850287076557455,0.2785256186824677,0.45857921102539495,1.0,129,154
noncommodity_broad,Broad-primary-excluded non-commodity basket,world_share_exposure,World-share percentile exposure,398,Kazakhstan,KAZ,25,0.38291135407333415,0.38840292148058214,0.281111885674451,0.45630114318959725,1.0,129,154
noncommodity_broad,Broad-primary-excluded non-commodity basket,world_share_exposure,World-share percentile exposure,404,Kenya,KEN,25,0.3833005492547185,0.3923268563728775,0.281934471941443,0.46143529607326084,1.0,129,154
noncommodity_broad,Broad-primary-excluded non-commodity basket,world_share_exposure,World-share percentile exposure,414,Kuwait,KWT,25,0.3796064553277539,0.3872220391875234,0.2767549668874172,0.4564598145811453,1.0,129,154
noncommodity_broad,Broad-primary-excluded non-commodity basket,world_share_exposure,World-share percentile exposure,417,Kyrgyzstan,KGZ,25,0.37574343261007437,0.3835572320711343,0.2762460787730916,0.453811513498402,1.0,129,154
noncommodity_broad,Broad-primary-excluded non-commodity basket,world_share_exposure,World-share percentile exposure,428,Latvia,LVA,25,0.38132552041164125,0.38883603504888264,0.2796514464970372,0.45696227398771433,1.0,129,154
noncommodity_broad,Broad-primary-excluded non-commodity basket,world_share_exposure,World-share percentile exposure,422,Lebanon,LBN,25,0.3809257345594467,0.3909238645576134,0.278943882886023,0.4580351948258015,1.0,130,154
noncommodity_broad,Broad-primary-excluded non-commodity basket,world_share_exposure,World-share percentile exposure,426,Lesotho,LSO,25,0.3813908049338277,0.39393195264036757,0.2720913210177762,0.4787795903255786,1.0,129,154
noncommodity_broad,Broad-primary-excluded non-commodity basket,world_share_exposure,World-share percentile exposure,440,Lithuania,LTU,25,0.3803826594276736,0.3883436922746607,0.2790623910770303,0.45630869897014703,1.0,129,154
noncommodity_broad,Broad-primary-excluded non-commodity basket,world_share_exposure,World-share percentile exposure,442,Luxembourg,LUX,25,0.37996086521126193,0.3885139762416849,0.2794876263506448,0.4565391502769194,1.0,129,154
noncommodity_broad,Broad-primary-excluded non-commodity basket,world_share_exposure,World-share percentile exposure,450,Madagascar,MDG,25,0.37725551384265915,0.386133702528717,0.2731753224119902,0.45836387127972256,1.0,129,154
noncommodity_broad,Broad-primary-excluded non-commodity basket,world_share_exposure,World-share percentile exposure,454,Malawi,MWI,25,0.3754836199712446,0.38359054849946517,0.2720669222725688,0.4540155195732495,1.0,129,154
noncommodity_broad,Broad-primary-excluded non-commodity basket,world_share_exposure,World-share percentile exposure,458,Malaysia,MYS,25,0.3753128672483975,0.38379414889482005,0.27371558034158244,0.4555720103665309,1.0,129,154
noncommodity_broad,Broad-primary-excluded non-commodity basket,world_share_exposure,World-share percentile exposure,462,Maldives,MDV,25,0.39574440253194326,0.4044022107301111,0.29134193098640637,0.47709087337267375,1.0,129,154
noncommodity_broad,Broad-primary-excluded non-commodity basket,world_share_exposure,World-share percentile exposure,466,Mali,MLI,25,0.3785168328495856,0.38616701895704775,0.27878129292846454,0.45597246673567615,1.0,130,154
noncommodity_broad,Broad-primary-excluded non-commodity basket,world_share_exposure,World-share percentile exposure,470,Malta,MLT,25,0.39305090353574507,0.40229521312058314,0.2904217497385848,0.47350187761146667,1.0,129,154
noncommodity_broad,Broad-primary-excluded non-commodity basket,world_share_exposure,World-share percentile exposure,478,Mauritania,MRT,25,0.37539391304617675,0.3869309747099871,0.2716660857441617,0.4538341808400517,1.0,129,154
noncommodity_broad,Broad-primary-excluded non-commodity basket,world_share_exposure,World-share percentile exposure,480,Mauritius,MUS,25,0.3839927185208027,0.39236410507133646,0.282345765074939,0.46160530113563386,1.0,129,154
noncommodity_broad,Broad-primary-excluded non-commodity basket,world_share_exposure,World-share percentile exposure,484,Mexico,MEX,25,0.37051509960141965,0.3794482059103344,0.2682293482049494,0.45043785748286724,1.0,129,154
noncommodity_broad,Broad-primary-excluded non-commodity basket,world_share_exposure,World-share percentile exposure,496,Mongolia,MNG,25,0.3775448758716585,0.3828316742985967,0.2730115022655977,0.45828598081714095,1.0,130,154
noncommodity_broad,Broad-primary-excluded non-commodity basket,world_share_exposure,World-share percentile exposure,499,Montenegro,MNE,25,0.3805622354922757,0.39053291257389217,0.2762007668177065,0.45891922115014094,1.0,129,154
noncommodity_broad,Broad-primary-excluded non-commodity basket,world_share_exposure,World-share percentile exposure,500,Montserrat,MSR,25,0.38023364813248534,0.3891492835116997,0.27878129292846454,0.45828598081714095,1.0,130,155
noncommodity_broad,Broad-primary-excluded non-commodity basket,world_share_exposure,World-share percentile exposure,504,Morocco,MAR,25,0.3798366252165102,0.39136438177665406,0.2770128964796096,0.45638803466592115,1.0,129,154
noncommodity_broad,Broad-primary-excluded non-commodity basket,world_share_exposure,World-share percentile exposure,508,Mozambique,MOZ,25,0.37810108075403415,0.3860633678466853,0.27586266991983266,0.45739295347905917,1.0,129,154
noncommodity_broad,Broad-primary-excluded non-commodity basket,world_share_exposure,World-share percentile exposure,516,Namibia,NAM,25,0.37967818915379853,0.3870660918263034,0.27439177413733007,0.4620019796145041,1.0,129,154
noncommodity_broad,Broad-primary-excluded non-commodity basket,world_share_exposure,World-share percentile exposure,528,Netherlands,NLD,25,0.37511098164799145,0.38307969659839275,0.2746148483792262,0.45422330353837204,1.0,129,154
noncommodity_broad,Broad-primary-excluded non-commodity basket,world_share_exposure,World-share percentile exposure,554,New Zealand,NZL,25,0.38183040119218925,0.3915605785212689,0.2814430115022656,0.4609441703375167,1.0,129,154
noncommodity_broad,Broad-primary-excluded non-commodity basket,world_share_exposure,World-share percentile exposure,558,Nicaragua,NIC,25,0.380513122258837,0.3847862380940042,0.2837155803415824,0.4580314169355265,1.0,129,154
noncommodity_broad,Broad-primary-excluded non-commodity basket,world_share_exposure,World-share percentile exposure,562,Niger,NER,25,0.3793567718849745,0.3896911567093735,0.2817357964447542,0.45408352159819876,1.0,129,154
noncommodity_broad,Broad-primary-excluded non-commodity basket,world_share_exposure,World-share percentile exposure,566,Nigeria,NGA,25,0.38827497258773674,0.39665058840514267,0.28460439177413727,0.4627386682181203,1.0,129,154
noncommodity_broad,Broad-primary-excluded non-commodity basket,world_share_exposure,World-share percentile exposure,807,North Macedonia,MKD,25,0.38580459608345374,0.3904209296126955,0.28738236319275007,0.4588852201376663,1.0,129,154
noncommodity_broad,Broad-primary-excluded non-commodity basket,world_share_exposure,World-share percentile exposure,579,Norway,NOR,25,0.3793943578074035,0.3885176780670549,0.2781735796444754,0.4567998247058912,1.0,129,154
noncommodity_broad,Broad-primary-excluded non-commodity basket,world_share_exposure,World-share percentile exposure,512,Oman,OMN,25,0.3798114280512208,0.38830667402095975,0.2776890902753572,0.4567204890101172,1.0,129,154
noncommodity_broad,Broad-primary-excluded non-commodity basket,world_share_exposure,World-share percentile exposure,586,Pakistan,PAK,25,0.3906918309600074,0.40255499987043614,0.288794004879749,0.47110291728687037,1.0,129,154
noncommodity_broad,Broad-primary-excluded non-commodity basket,world_share_exposure,World-share percentile exposure,591,Panama,PAN,25,0.38072035102041724,0.389098864650159,0.278121296619031,0.4581031968507506,1.0,129,154
noncommodity_broad,Broad-primary-excluded non-commodity basket,world_share_exposure,World-share percentile exposure,600,Paraguay,PRY,25,0.3802946048869329,0.3882881648941094,0.27931683513419303,0.457819855080129,1.0,129,154
noncommodity_broad,Broad-primary-excluded non-commodity basket,world_share_exposure,World-share percentile exposure,604,Peru,PER,25,0.3860572367538112,0.3941629617564421,0.284046706169397,0.46465028069724745,1.0,129,154
noncommodity_broad,Broad-primary-excluded non-commodity basket,world_share_exposure,World-share percentile exposure,608,Philippines,PHL,25,0.37527264856196146,0.3850379622191703,0.2722481700941094,0.4551337750946362,1.0,129,154
noncommodity_broad,Broad-primary-excluded non-commodity basket,world_share_exposure,World-share percentile exposure,616,Poland,POL,25,0.37567736476873653,0.384775132617894,0.27405367723945623,0.4536792873387785,1.0,129,154
noncommodity_broad,Broad-primary-excluded non-commodity basket,world_share_exposure,World-share percentile exposure,620,Portugal,PRT,25,0.3786099114510838,0.3863891284792532,0.2790623910770303,0.4565127050449947,1.0,129,154
noncommodity_broad,Broad-primary-excluded non-commodity basket,world_share_exposure,World-share percentile exposure,634,Qatar,QAT,25,0.38469815655358613,0.388439939734283,0.2860718020216103,0.4573853976985092,1.0,129,154
noncommodity_broad,Broad-primary-excluded non-commodity basket,world_share_exposure,World-share percentile exposure,410,Rep. of Korea,KOR,25,0.37086380484209963,0.37874856091538744,0.2683408853258975,0.4499807327595977,1.0,129,154
noncommodity_broad,Broad-primary-excluded non-commodity basket,world_share_exposure,World-share percentile exposure,498,Rep. of Moldova,MDA,25,0.3827889277877534,0.38667787085812017,0.28355873126524916,0.4569320508655147,1.0,129,154
noncommodity_broad,Broad-primary-excluded non-commodity basket,world_share_exposure,World-share percentile exposure,642,Romania,ROU,25,0.377990053939101,0.38679632926996305,0.2763506448239805,0.4556286787206552,1.0,129,154
noncommodity_broad,Broad-primary-excluded non-commodity basket,world_share_exposure,World-share percentile exposure,643,Russian Federation,RUS,25,0.38320814071630765,0.3927784790680285,0.2834402230742419,0.45676582369341656,1.0,130,154
noncommodity_broad,Broad-primary-excluded non-commodity basket,world_share_exposure,World-share percentile exposure,646,Rwanda,RWA,25,0.37689861104669314,0.38740342863065785,0.2723771348902056,0.45970502232733157,1.0,130,154
noncommodity_broad,Broad-primary-excluded non-commodity basket,world_share_exposure,World-share percentile exposure,662,Saint Lucia,LCA,25,0.38580994289941883,0.39641050713365045,0.28231788079470194,0.46121995632758844,1.0,130,154
noncommodity_broad,Broad-primary-excluded non-commodity basket,world_share_exposure,World-share percentile exposure,670,Saint Vincent and the Grenadines,VCT,25,0.37551710335296984,0.38241694308230517,0.2807842453816661,0.45203212717889824,1.0,130,154
noncommodity_broad,Broad-primary-excluded non-commodity basket,world_share_exposure,World-share percentile exposure,882,Samoa,WSM,25,0.3989467625282315,0.40624031915617037,0.30379923318229346,0.4867471609154584,1.0,129,154
noncommodity_broad,Broad-primary-excluded non-commodity basket,world_share_exposure,World-share percentile exposure,678,Sao Tome and Principe,STP,25,0.3862161664757592,0.3852100093337482,0.2958243290345068,0.47721932164202224,1.0,130,154
noncommodity_broad,Broad-primary-excluded non-commodity basket,world_share_exposure,World-share percentile exposure,682,Saudi Arabia,SAU,25,0.3781559188225612,0.38603745506909465,0.27452422446845587,0.4555984555984556,1.0,129,154
noncommodity_broad,Broad-primary-excluded non-commodity basket,world_share_exposure,World-share percentile exposure,686,Senegal,SEN,25,0.3793033472196157,0.38810677545097494,0.2763192750087138,0.45883988545436694,1.0,129,154
noncommodity_broad,Broad-primary-excluded non-commodity basket,world_share_exposure,World-share percentile exposure,688,Serbia,SRB,25,0.38046501418772694,0.38851027441631475,0.2790798187521784,0.45811075263130063,1.0,129,154
noncommodity_broad,Broad-primary-excluded non-commodity basket,world_share_exposure,World-share percentile exposure,690,Seychelles,SYC,25,0.39563890865511275,0.39772688441009024,0.29659463227605437,0.47986762272476563,1.0,129,154
noncommodity_broad,Broad-primary-excluded non-commodity basket,world_share_exposure,World-share percentile exposure,702,Singapore,SGP,25,0.37444361084824423,0.3857376072141173,0.272168002788428,0.454978881593363,1.0,129,154
noncommodity_broad,Broad-primary-excluded non-commodity basket,world_share_exposure,World-share percentile exposure,703,Slovakia,SVK,25,0.3790675480098045,0.3880845644987544,0.2776856047403276,0.45763851634693126,1.0,129,154
noncommodity_broad,Broad-primary-excluded non-commodity basket,world_share_exposure,World-share percentile exposure,705,Slovenia,SVN,25,0.38078593894416585,0.3884473433850232,0.279149529452771,0.4575327354192325,1.0,129,154
noncommodity_broad,Broad-primary-excluded non-commodity basket,world_share_exposure,World-share percentile exposure,710,South Africa,ZAF,25,0.38077553117839275,0.38825484846577857,0.28095503659811777,0.45642581356867074,1.0,129,154
noncommodity_broad,Broad-primary-excluded non-commodity basket,world_share_exposure,World-share percentile exposure,724,Spain,ESP,25,0.3761304450066937,0.3841236113527581,0.2743325200418264,0.45510355197243657,1.0,129,154
noncommodity_broad,Broad-primary-excluded non-commodity basket,world_share_exposure,World-share percentile exposure,144,Sri Lanka,LKA,25,0.38252845460850765,0.3913791890781344,0.2811327988846288,0.45979191380365547,1.0,129,154
noncommodity_broad,Broad-primary-excluded non-commodity basket,world_share_exposure,World-share percentile exposure,740,Suriname,SUR,25,0.38997275365128803,0.3984103226511936,0.2979644475426978,0.4602641500880248,1.0,129,154
noncommodity_broad,Broad-primary-excluded non-commodity basket,world_share_exposure,World-share percentile exposure,752,Sweden,SWE,25,0.3760373500339855,0.3841236113527581,0.27605785988149173,0.4546766503713667,1.0,129,154
noncommodity_broad,Broad-primary-excluded non-commodity basket,world_share_exposure,World-share percentile exposure,757,Switzerland,CHE,25,0.3747598918826362,0.3856117451515343,0.2714046706169396,0.4549486584711634,1.0,129,154
noncommodity_broad,Broad-primary-excluded non-commodity basket,world_share_exposure,World-share percentile exposure,764,Thailand,THA,25,0.37557112954699806,0.3846566742060511,0.27382711746253047,0.4551299972043612,1.0,129,154
noncommodity_broad,Broad-primary-excluded non-commodity basket,world_share_exposure,World-share percentile exposure,768,Togo,TGO,25,0.37701043881686014,0.3891492835116997,0.27390728476821186,0.4530143786503865,1.0,129,154
noncommodity_broad,Broad-primary-excluded non-commodity basket,world_share_exposure,World-share percentile exposure,776,Tonga,TON,25,0.37153412223242993,0.38065500098098376,0.27878129292846454,0.4491382632282828,1.0,130,154
noncommodity_broad,Broad-primary-excluded non-commodity basket,world_share_exposure,World-share percentile exposure,780,Trinidad and Tobago,TTO,25,0.38216681853149126,0.38955789099605026,0.2817323109097246,0.4635886935299851,1.0,129,154
noncommodity_broad,Broad-primary-excluded non-commodity basket,world_share_exposure,World-share percentile exposure,788,Tunisia,TUN,25,0.3805228602118211,0.3898207205973266,0.27953293830603,0.45780852140930417,1.0,129,154
noncommodity_broad,Broad-primary-excluded non-commodity basket,world_share_exposure,World-share percentile exposure,792,Türkiye,TUR,25,0.38052203984409005,0.38624105546444953,0.2811502265597769,0.4562066959327234,1.0,129,154
noncommodity_broad,Broad-primary-excluded non-commodity basket,world_share_exposure,World-share percentile exposure,842,USA,USA,25,0.3742280510385618,0.3818432869247826,0.2735099337748344,0.452885930381038,1.0,129,154
noncommodity_broad,Broad-primary-excluded non-commodity basket,world_share_exposure,World-share percentile exposure,800,Uganda,UGA,25,0.3797357475861328,0.3893950106797663,0.27745904496340185,0.4576498500177561,1.0,129,154
noncommodity_broad,Broad-primary-excluded non-commodity basket,world_share_exposure,World-share percentile exposure,804,Ukraine,UKR,25,0.38008328531948377,0.38780692759599766,0.2795782502614151,0.4558666858079774,1.0,129,154
noncommodity_broad,Broad-primary-excluded non-commodity basket,world_share_exposure,World-share percentile exposure,784,United Arab Emirates,ARE,25,0.3767828692072515,0.3877345659807102,0.27273265946322756,0.45565512395257995,1.0,130,154
noncommodity_broad,Broad-primary-excluded non-commodity basket,world_share_exposure,World-share percentile exposure,826,United Kingdom,GBR,25,0.3732256248197322,0.3796925263847603,0.27039735099337747,0.45334305510430756,1.0,129,154
noncommodity_broad,Broad-primary-excluded non-commodity basket,world_share_exposure,World-share percentile exposure,834,United Rep. of Tanzania,TZA,25,0.3831129813294808,0.39031676519691866,0.2806134541652143,0.4612879583525376,1.0,129,154
noncommodity_broad,Broad-primary-excluded non-commodity basket,world_share_exposure,World-share percentile exposure,858,Uruguay,URY,25,0.3802317714272455,0.3888582460011032,0.27811781108400135,0.45814853153405016,1.0,129,154
noncommodity_broad,Broad-primary-excluded non-commodity basket,world_share_exposure,World-share percentile exposure,704,Viet Nam,VNM,25,0.3792323543268557,0.38815769589759547,0.27509585221331473,0.4603170405518743,1.0,130,154
noncommodity_broad,Broad-primary-excluded non-commodity basket,world_share_exposure,World-share percentile exposure,894,Zambia,ZMB,25,0.3784674533835743,0.3875737125976819,0.2768560474032764,0.4573060620027352,1.0,129,154
noncommodity_broad,Broad-primary-excluded non-commodity basket,world_share_exposure,World-share percentile exposure,716,Zimbabwe,ZWE,25,0.37873541138824945,0.3867148891118211,0.2765318926455211,0.45233813629116953,1.0,129,154
noncommodity_broad,Broad-primary-excluded non-commodity basket,spearman_product_alignment,Within-country product-rank alignment,8,Albania,ALB,25,0.7259725376760648,0.7272928310080011,0.688242111477991,0.7712416691289931,1.0,129,154
noncommodity_broad,Broad-primary-excluded non-commodity basket,spearman_product_alignment,Within-country product-rank alignment,12,Algeria,DZA,25,0.7324113053462448,0.7300077228521245,0.6908092978504736,0.7764412817229719,1.0,129,154
noncommodity_broad,Broad-primary-excluded non-commodity basket,spearman_product_alignment,Within-country product-rank alignment,20,Andorra,AND,25,0.7274582074806741,0.7289229696758451,0.6923190825396004,0.7770076167963491,1.0,130,154
noncommodity_broad,Broad-primary-excluded non-commodity basket,spearman_product_alignment,Within-country product-rank alignment,24,Angola,AGO,25,0.7265498008709897,0.7291859327463043,0.6885483111434564,0.7702917771883291,1.0,129,154
noncommodity_broad,Broad-primary-excluded non-commodity basket,spearman_product_alignment,Within-country product-rank alignment,28,Antigua and Barbuda,ATG,25,0.7257063802406246,0.7263177998472116,0.690616242869359,0.7702917771883291,1.0,129,154
noncommodity_broad,Broad-primary-excluded non-commodity basket,spearman_product_alignment,Within-country product-rank alignment,32,Argentina,ARG,25,0.7237964845890533,0.7257296693916411,0.6836937744637117,0.7674866213598607,1.0,129,154
noncommodity_broad,Broad-primary-excluded non-commodity basket,spearman_product_alignment,Within-country product-rank alignment,51,Armenia,ARM,25,0.726158684498087,0.7282879659040649,0.6882071242701888,0.7694031320791884,1.0,129,154
noncommodity_broad,Broad-primary-excluded non-commodity basket,spearman_product_alignment,Within-country product-rank alignment,533,Aruba,ABW,25,0.7256891879140926,0.7289446879230161,0.6885483111434564,0.7702917771883291,1.0,130,154
noncommodity_broad,Broad-primary-excluded non-commodity basket,spearman_product_alignment,Within-country product-rank alignment,36,Australia,AUS,25,0.7219603034149051,0.7248703309074825,0.6832214471583828,0.7663580550904494,1.0,129,154
noncommodity_broad,Broad-primary-excluded non-commodity basket,spearman_product_alignment,Within-country product-rank alignment,40,Austria,AUT,25,0.7218350321211137,0.7248535777947542,0.6833613959895913,0.7663293279490463,1.0,129,154
noncommodity_broad,Broad-primary-excluded non-commodity basket,spearman_product_alignment,Within-country product-rank alignment,31,Azerbaijan,AZE,25,0.72705925436114,0.7293099057804939,0.6891167916730446,0.7711760070914999,1.0,129,154
noncommodity_broad,Broad-primary-excluded non-commodity basket,spearman_product_alignment,Within-country product-rank alignment,44,Bahamas,BHS,25,0.7258110089723175,0.729145725275756,0.6897990422251866,0.7702403230572245,1.0,129,154
noncommodity_broad,Broad-primary-excluded non-commodity basket,spearman_product_alignment,Within-country product-rank alignment,48,Bahrain,BHR,25,0.7261576748456497,0.7294070738343185,0.6894054361374123,0.7705727371220328,1.0,129,154
noncommodity_broad,Broad-primary-excluded non-commodity basket,spearman_product_alignment,Within-country product-rank alignment,52,Barbados,BRB,25,0.7284783186621006,0.7298024472947073,0.6929743056301063,0.7753496503496503,1.0,129,154
noncommodity_broad,Broad-primary-excluded non-commodity basket,spearman_product_alignment,Within-country product-rank alignment,112,Belarus,BLR,25,0.725386542038245,0.7295075925106884,0.6878485053902168,0.7701500377556715,1.0,130,154
noncommodity_broad,Broad-primary-excluded non-commodity basket,spearman_product_alignment,Within-country product-rank alignment,56,Belgium,BEL,25,0.7215178659636937,0.724481658692185,0.6834663576129979,0.7662882891756131,1.0,129,154
noncommodity_broad,Broad-primary-excluded non-commodity basket,spearman_product_alignment,Within-country product-rank alignment,84,Belize,BLZ,25,0.7237527312876982,0.727112676056338,0.6867595285473751,0.7685249023277192,1.0,129,154
noncommodity_broad,Broad-primary-excluded non-commodity basket,spearman_product_alignment,Within-country product-rank alignment,204,Benin,BEN,25,0.7254311702238658,0.7272124160669052,0.6877829043755879,0.7705686332446895,1.0,129,154
noncommodity_broad,Broad-primary-excluded non-commodity basket,spearman_product_alignment,Within-country product-rank alignment,60,Bermuda,BMU,25,0.7250195345414805,0.7286029244233578,0.6885483111434564,0.7702917771883291,1.0,129,154
noncommodity_broad,Broad-primary-excluded non-commodity basket,spearman_product_alignment,Within-country product-rank alignment,68,Bolivia (Plurinational State of),BOL,25,0.7266533420493473,0.7282913165266106,0.6896197327852006,0.770182868774418,1.0,129,154
noncommodity_broad,Broad-primary-excluded non-commodity basket,spearman_product_alignment,Within-country product-rank alignment,70,Bosnia Herzegovina,BIH,25,0.7272649388150312,0.729993569648742,0.6885483111434564,0.7702917771883291,1.0,129,154
noncommodity_broad,Broad-primary-excluded non-commodity basket,spearman_product_alignment,Within-country product-rank alignment,72,Botswana,BWA,25,0.7263547594335962,0.729145725275756,0.6908574052612015,0.7713442660625759,1.0,130,154
noncommodity_broad,Broad-primary-excluded non-commodity basket,spearman_product_alignment,Within-country product-rank alignment,76,Brazil,BRA,25,0.7220069051448939,0.7251633343182639,0.6832039535544817,0.766431924882629,1.0,129,154
noncommodity_broad,Broad-primary-excluded non-commodity basket,spearman_product_alignment,Within-country product-rank alignment,96,Brunei Darussalam,BRN,25,0.7260233493697851,0.7294271775695923,0.6885483111434564,0.7707040611970188,1.0,129,154
noncommodity_broad,Broad-primary-excluded non-commodity basket,spearman_product_alignment,Within-country product-rank alignment,100,Bulgaria,BGR,25,0.7254335272966799,0.728824065511372,0.6881065360477577,0.7702526346892544,1.0,129,154
noncommodity_broad,Broad-primary-excluded non-commodity basket,spearman_product_alignment,Within-country product-rank alignment,854,Burkina Faso,BFA,25,0.725428979085895,0.7278155281251256,0.6883951805121254,0.7699448438885058,1.0,129,154
noncommodity_broad,Broad-primary-excluded non-commodity basket,spearman_product_alignment,Within-country product-rank alignment,108,Burundi,BDI,25,0.7237095733190496,0.7251450819562274,0.6856399378977064,0.7682294231590006,1.0,130,154
noncommodity_broad,Broad-primary-excluded non-commodity basket,spearman_product_alignment,Within-country product-rank alignment,132,Cabo Verde,CPV,25,0.726654215883123,0.7233960569873881,0.6953841939460349,0.7683238123378968,1.0,129,154
noncommodity_broad,Broad-primary-excluded non-commodity basket,spearman_product_alignment,Within-country product-rank alignment,116,Cambodia,KHM,25,0.7277490011680949,0.7303588430348994,0.6884651549277296,0.7709092550641846,1.0,129,154
noncommodity_broad,Broad-primary-excluded non-commodity basket,spearman_product_alignment,Within-country product-rank alignment,120,Cameroon,CMR,25,0.7269189565969589,0.729410424456864,0.6893879425335113,0.7706507107915559,1.0,130,154
noncommodity_broad,Broad-primary-excluded non-commodity basket,spearman_product_alignment,Within-country product-rank alignment,124,Canada,CAN,25,0.7205739598415916,0.7233625507619315,0.6826835188384248,0.7658122394037886,1.0,129,154
noncommodity_broad,Broad-primary-excluded non-commodity basket,spearman_product_alignment,Within-country product-rank alignment,140,Central African Rep.,CAF,25,0.722573199725712,0.7236808599037701,0.6853337998294375,0.7699448438885058,1.0,129,154
noncommodity_broad,Broad-primary-excluded non-commodity basket,spearman_product_alignment,Within-country product-rank alignment,152,Chile,CHL,25,0.7239394186825631,0.7272660260276358,0.6850845159738471,0.7681596572441642,1.0,129,154
noncommodity_broad,Broad-primary-excluded non-commodity basket,spearman_product_alignment,Within-country product-rank alignment,156,China,CHN,25,0.7209477376226934,0.7230877997131867,0.6850320351621441,0.7678641780754456,1.0,129,154
noncommodity_broad,Broad-primary-excluded non-commodity basket,spearman_product_alignment,Within-country product-rank alignment,344,"China, Hong Kong SAR",HKG,25,0.7232524531252735,0.7257214616369545,0.6837462552754151,0.7670064677106931,1.0,129,154
noncommodity_broad,Broad-primary-excluded non-commodity basket,spearman_product_alignment,Within-country product-rank alignment,446,"China, Macao SAR",MAC,25,0.7268752435580003,0.7291088684277537,0.6911897837353218,0.7735603598279653,1.0,129,154
noncommodity_broad,Broad-primary-excluded non-commodity basket,spearman_product_alignment,Within-country product-rank alignment,170,Colombia,COL,25,0.7237970120023595,0.7270850924101697,0.6851676105923773,0.7680816835746412,1.0,129,154
noncommodity_broad,Broad-primary-excluded non-commodity basket,spearman_product_alignment,Within-country product-rank alignment,174,Comoros,COM,25,0.7217483794236824,0.7231514615415543,0.6856076731436272,0.7659230440920581,1.0,130,154
noncommodity_broad,Broad-primary-excluded non-commodity basket,spearman_product_alignment,Within-country product-rank alignment,188,Costa Rica,CRI,25,0.7250773132225012,0.7278088268800342,0.6872449760556297,0.7695960143143241,1.0,129,154
noncommodity_broad,Broad-primary-excluded non-commodity basket,spearman_product_alignment,Within-country product-rank alignment,191,Croatia,HRV,25,0.7263765921922507,0.7283848780327653,0.6862303470293675,0.769920220624446,1.0,129,154
noncommodity_broad,Broad-primary-excluded non-commodity basket,spearman_product_alignment,Within-country product-rank alignment,196,Cyprus,CYP,25,0.7259991323944363,0.7287335987026389,0.687979707419475,0.7702321153025378,1.0,129,154
noncommodity_broad,Broad-primary-excluded non-commodity basket,spearman_product_alignment,Within-country product-rank alignment,203,Czechia,CZE,25,0.724174347605162,0.727152104861083,0.6860729045942578,0.7692718080042024,1.0,129,154
noncommodity_broad,Broad-primary-excluded non-commodity basket,spearman_product_alignment,Within-country product-rank alignment,384,Côte d'Ivoire,CIV,25,0.726510342005374,0.7293233082706766,0.6895497583695962,0.7707245805837354,1.0,129,154
noncommodity_broad,Broad-primary-excluded non-commodity basket,spearman_product_alignment,Within-country product-rank alignment,208,Denmark,DNK,25,0.7225294580937645,0.7255860336846252,0.684087380551486,0.7668874552677369,1.0,129,154
noncommodity_broad,Broad-primary-excluded non-commodity basket,spearman_product_alignment,Within-country product-rank alignment,212,Dominica,DMA,25,0.7245416772991203,0.7261469180973824,0.6880496818350791,0.7691076529104697,1.0,130,154
noncommodity_broad,Broad-primary-excluded non-commodity basket,spearman_product_alignment,Within-country product-rank alignment,214,Dominican Rep.,DOM,25,0.7288323450247024,0.7300973020787263,0.6885483111434564,0.7774508355494271,1.0,129,154
noncommodity_broad,Broad-primary-excluded non-commodity basket,spearman_product_alignment,Within-country product-rank alignment,218,Ecuador,ECU,25,0.7265713635221178,0.7276882044683901,0.6911604111987621,0.7745945369184805,1.0,129,154
noncommodity_broad,Broad-primary-excluded non-commodity basket,spearman_product_alignment,Within-country product-rank alignment,818,Egypt,EGY,25,0.7370464068757024,0.7381931448832857,0.7015678642496339,0.7814808431005614,1.0,129,154
noncommodity_broad,Broad-primary-excluded non-commodity basket,spearman_product_alignment,Within-country product-rank alignment,222,El Salvador,SLV,25,0.7259682693914765,0.7281170841542358,0.6898558964378649,0.7707943464985718,1.0,129,154
noncommodity_broad,Broad-primary-excluded non-commodity basket,spearman_product_alignment,Within-country product-rank alignment,233,Estonia,EST,25,0.7302287355022983,0.7339036092906062,0.6938969189390131,0.776404346826882,1.0,129,154
noncommodity_broad,Broad-primary-excluded non-commodity basket,spearman_product_alignment,Within-country product-rank alignment,748,Eswatini,SWZ,25,0.7247862998195614,0.7250345114122203,0.6897553082154338,0.7747340687481532,1.0,130,154
noncommodity_broad,Broad-primary-excluded non-commodity basket,spearman_product_alignment,Within-country product-rank alignment,231,Ethiopia,ETH,25,0.7307086206463778,0.733596802258774,0.6924974306269271,0.7737122032896679,1.0,130,154
noncommodity_broad,Broad-primary-excluded non-commodity basket,spearman_product_alignment,Within-country product-rank alignment,242,Fiji,FJI,25,0.7256153541935911,0.7288006111535523,0.6885483111434564,0.7705850487540629,1.0,129,154
noncommodity_broad,Broad-primary-excluded non-commodity basket,spearman_product_alignment,Within-country product-rank alignment,246,Finland,FIN,25,0.7232445143708433,0.7262467579368987,0.6843060506002493,0.7669613250599167,1.0,129,154
noncommodity_broad,Broad-primary-excluded non-commodity basket,spearman_product_alignment,Within-country product-rank alignment,251,France,FRA,25,0.7203061630707651,0.7230140860171819,0.6824123679779582,0.7655290718671,1.0,129,154
noncommodity_broad,Broad-primary-excluded non-commodity basket,spearman_product_alignment,Within-country product-rank alignment,258,French Polynesia,PYF,25,0.7275818917998849,0.7287503518153672,0.6906999628260917,0.7737696575724745,1.0,129,154
noncommodity_broad,Broad-primary-excluded non-commodity basket,spearman_product_alignment,Within-country product-rank alignment,266,Gabon,GAB,25,0.726013488924305,0.727862436840765,0.6890380704554898,0.7708928395548112,1.0,130,154
noncommodity_broad,Broad-primary-excluded non-commodity basket,spearman_product_alignment,Within-country product-rank alignment,270,Gambia,GMB,25,0.7212791503708508,0.7232821358208354,0.6856399378977064,0.7662513542795233,1.0,129,154
noncommodity_broad,Broad-primary-excluded non-commodity basket,spearman_product_alignment,Within-country product-rank alignment,268,Georgia,GEO,25,0.727763455020514,0.7309128664762468,0.6890118300496383,0.7705399061032864,1.0,129,154
noncommodity_broad,Broad-primary-excluded non-commodity basket,spearman_product_alignment,Within-country product-rank alignment,276,Germany,DEU,25,0.720209495332994,0.7230174366397276,0.6824036211760077,0.7655208641124133,1.0,129,154
noncommodity_broad,Broad-primary-excluded non-commodity basket,spearman_product_alignment,Within-country product-rank alignment,288,Ghana,GHA,25,0.7276084015966245,0.7303383236481826,0.6890774310642672,0.7702917771883291,1.0,130,154
noncommodity_broad,Broad-primary-excluded non-commodity basket,spearman_product_alignment,Within-country product-rank alignment,300,Greece,GRC,25,0.7233951175232657,0.7263862897665714,0.6842623165904967,0.767712334613743,1.0,129,154
noncommodity_broad,Broad-primary-excluded non-commodity basket,spearman_product_alignment,Within-country product-rank alignment,304,Greenland,GRL,25,0.7239775371000903,0.724692747912562,0.6880802956419061,0.7687711349683181,1.0,130,154
noncommodity_broad,Broad-primary-excluded non-commodity basket,spearman_product_alignment,Within-country product-rank alignment,308,Grenada,GRD,25,0.7256757902180353,0.7270756361101428,0.6913380988165265,0.7700884795955218,1.0,129,154
noncommodity_broad,Broad-primary-excluded non-commodity basket,spearman_product_alignment,Within-country product-rank alignment,320,Guatemala,GTM,25,0.7249777621922309,0.7281036816640531,0.6870394262097921,0.7691445878065596,1.0,129,154
noncommodity_broad,Broad-primary-excluded non-commodity basket,spearman_product_alignment,Within-country product-rank alignment,328,Guyana,GUY,25,0.7259202736042397,0.7272425716698162,0.6883601933043232,0.7699038051150727,1.0,129,154
noncommodity_broad,Broad-primary-excluded non-commodity basket,spearman_product_alignment,Within-country product-rank alignment,340,Honduras,HND,25,0.7260793288654089,0.7284052376931632,0.6899302442544446,0.7717095111461308,1.0,129,154
noncommodity_broad,Broad-primary-excluded non-commodity basket,spearman_product_alignment,Within-country product-rank alignment,348,Hungary,HUN,25,0.7250967279631984,0.7281058143734199,0.6861603726137632,0.7690501986276633,1.0,129,154
noncommodity_broad,Broad-primary-excluded non-commodity basket,spearman_product_alignment,Within-country product-rank alignment,352,Iceland,ISL,25,0.726095801276662,0.7279026443113129,0.6894360499442392,0.7713360583078893,1.0,129,154
noncommodity_broad,Broad-primary-excluded non-commodity basket,spearman_product_alignment,Within-country product-rank alignment,699,India,IND,25,0.7253334302151961,0.7284957045018963,0.6882989656906695,0.7705932565087493,1.0,129,154
noncommodity_broad,Broad-primary-excluded non-commodity basket,spearman_product_alignment,Within-country product-rank alignment,360,Indonesia,IDN,25,0.724484842083275,0.7276379451302053,0.6857842601298901,0.7686439147706752,1.0,129,154
noncommodity_broad,Broad-primary-excluded non-commodity basket,spearman_product_alignment,Within-country product-rank alignment,364,Iran,IRN,25,0.7327218906444011,0.7378633670268386,0.6951870722267173,0.7738927738927739,1.0,130,154
noncommodity_broad,Broad-primary-excluded non-commodity basket,spearman_product_alignment,Within-country product-rank alignment,372,Ireland,IRL,25,0.7232546648396007,0.726550444860304,0.6846034418665676,0.767712334613743,1.0,129,154
noncommodity_broad,Broad-primary-excluded non-commodity basket,spearman_product_alignment,Within-country product-rank alignment,376,Israel,ISR,25,0.7253583304261059,0.7281673434924208,0.6892961011130307,0.7703552316228371,1.0,129,154
noncommodity_broad,Broad-primary-excluded non-commodity basket,spearman_product_alignment,Within-country product-rank alignment,380,Italy,ITA,25,0.7204963249553843,0.7232787851982898,0.6826091710218453,0.7656932269608325,1.0,129,154
noncommodity_broad,Broad-primary-excluded non-commodity basket,spearman_product_alignment,Within-country product-rank alignment,388,Jamaica,JAM,25,0.7260246856980156,0.7286632356291797,0.6896197327852006,0.7704414130470467,1.0,129,154
noncommodity_broad,Broad-primary-excluded non-commodity basket,spearman_product_alignment,Within-country product-rank alignment,392,Japan,JPN,25,0.7230215991329807,0.72529465839325,0.6830333909164463,0.766587872221675,1.0,129,154
noncommodity_broad,Broad-primary-excluded non-commodity basket,spearman_product_alignment,Within-country product-rank alignment,400,Jordan,JOR,25,0.7258150359964557,0.7283415758647956,0.6889418556340339,0.7703798548868971,1.0,129,154
noncommodity_broad,Broad-primary-excluded non-commodity basket,spearman_product_alignment,Within-country product-rank alignment,398,Kazakhstan,KAZ,25,0.7257711946838544,0.7271856110865399,0.6904866789814059,0.7755302209527561,1.0,129,154
noncommodity_broad,Broad-primary-excluded non-commodity basket,spearman_product_alignment,Within-country product-rank alignment,404,Kenya,KEN,25,0.7257675034140884,0.7281237853993272,0.6898034156261619,0.7701007912275517,1.0,129,154
noncommodity_broad,Broad-primary-excluded non-commodity basket,spearman_product_alignment,Within-country product-rank alignment,414,Kuwait,KWT,25,0.7251387120961319,0.7283643586460488,0.6857317793181869,0.7685207984503758,1.0,129,154
noncommodity_broad,Broad-primary-excluded non-commodity basket,spearman_product_alignment,Within-country product-rank alignment,417,Kyrgyzstan,KGZ,25,0.7253266210034858,0.7283750820902523,0.6873718046839127,0.7690748218917233,1.0,129,154
noncommodity_broad,Broad-primary-excluded non-commodity basket,spearman_product_alignment,Within-country product-rank alignment,428,Latvia,LVA,25,0.7290764955109885,0.7323451196690632,0.6900526994817521,0.7717710693062805,1.0,129,154
noncommodity_broad,Broad-primary-excluded non-commodity basket,spearman_product_alignment,Within-country product-rank alignment,422,Lebanon,LBN,25,0.7252052032382429,0.7280500717033224,0.6869519581902868,0.7693210545323221,1.0,130,154
noncommodity_broad,Broad-primary-excluded non-commodity basket,spearman_product_alignment,Within-country product-rank alignment,426,Lesotho,LSO,25,0.7222749067201962,0.7245453205205526,0.6865553404383702,0.7682294231590006,1.0,129,154
noncommodity_broad,Broad-primary-excluded non-commodity basket,spearman_product_alignment,Within-country product-rank alignment,440,Lithuania,LTU,25,0.7287381868365712,0.7320947831511211,0.6890205768515888,0.7718203158344003,1.0,129,154
noncommodity_broad,Broad-primary-excluded non-commodity basket,spearman_product_alignment,Within-country product-rank alignment,442,Luxembourg,LUX,25,0.7255672671524568,0.7286665862517255,0.687231855852704,0.7700720640861485,1.0,129,154
noncommodity_broad,Broad-primary-excluded non-commodity basket,spearman_product_alignment,Within-country product-rank alignment,450,Madagascar,MDG,25,0.7255627657422,0.7272392210472705,0.6891342852769458,0.7712252536196197,1.0,129,154
noncommodity_broad,Broad-primary-excluded non-commodity basket,spearman_product_alignment,Within-country product-rank alignment,454,Malawi,MWI,25,0.7248622562089004,0.7265355903126801,0.688290218888719,0.7707943464985718,1.0,129,154
noncommodity_broad,Broad-primary-excluded non-commodity basket,spearman_product_alignment,Within-country product-rank alignment,458,Malaysia,MYS,25,0.7231820031718611,0.7267299264203289,0.6849795543504408,0.7674578942184576,1.0,129,154
noncommodity_broad,Broad-primary-excluded non-commodity basket,spearman_product_alignment,Within-country product-rank alignment,462,Maldives,MDV,25,0.7326006521468365,0.7364183735536737,0.6886400909667404,0.771044683016514,1.0,129,154
noncommodity_broad,Broad-primary-excluded non-commodity basket,spearman_product_alignment,Within-country product-rank alignment,466,Mali,MLI,25,0.7261452891088535,0.7290485572219318,0.688163390260436,0.7709995403657376,1.0,130,154
noncommodity_broad,Broad-primary-excluded non-commodity basket,spearman_product_alignment,Within-country product-rank alignment,470,Malta,MLT,25,0.7287333160064959,0.7310934370793525,0.6913647197743326,0.7745576020223908,1.0,129,154
noncommodity_broad,Broad-primary-excluded non-commodity basket,spearman_product_alignment,Within-country product-rank alignment,478,Mauritania,MRT,25,0.726030807422681,0.7275705820843499,0.6895279062105526,0.7702917771883291,1.0,129,154
noncommodity_broad,Broad-primary-excluded non-commodity basket,spearman_product_alignment,Within-country product-rank alignment,480,Mauritius,MUS,25,0.7258746280386965,0.7283482771098869,0.6889024950252566,0.7710364752618273,1.0,129,154
noncommodity_broad,Broad-primary-excluded non-commodity basket,spearman_product_alignment,Within-country product-rank alignment,484,Mexico,MEX,25,0.7211941423564241,0.7241298433248897,0.6830158973125453,0.7660297449029843,1.0,129,154
noncommodity_broad,Broad-primary-excluded non-commodity basket,spearman_product_alignment,Within-country product-rank alignment,496,Mongolia,MNG,25,0.7250436364224468,0.7271688579738115,0.685832367540618,0.7687670310909747,1.0,130,154
noncommodity_broad,Broad-primary-excluded non-commodity basket,spearman_product_alignment,Within-country product-rank alignment,499,Montenegro,MNE,25,0.7286608372660368,0.729993569648742,0.6885483111434564,0.7702917771883291,1.0,129,154
noncommodity_broad,Broad-primary-excluded non-commodity basket,spearman_product_alignment,Within-country product-rank alignment,500,Montserrat,MSR,25,0.7256551287849581,0.7282305297485563,0.6885483111434564,0.7702917771883291,1.0,130,155
noncommodity_broad,Broad-primary-excluded non-commodity basket,spearman_product_alignment,Within-country product-rank alignment,504,Morocco,MAR,25,0.7268918582215249,0.7283013683942475,0.6913603463733573,0.7721034833710889,1.0,129,154
noncommodity_broad,Broad-primary-excluded non-commodity basket,spearman_product_alignment,Within-country product-rank alignment,508,Mozambique,MOZ,25,0.7258738827487186,0.727477115248013,0.6896590933939779,0.7709954364883942,1.0,129,154
noncommodity_broad,Broad-primary-excluded non-commodity basket,spearman_product_alignment,Within-country product-rank alignment,516,Namibia,NAM,25,0.7284876382538087,0.7305998954605765,0.6915484026152939,0.7753496503496503,1.0,129,154
noncommodity_broad,Broad-primary-excluded non-commodity basket,spearman_product_alignment,Within-country product-rank alignment,528,Netherlands,NLD,25,0.7209548039453506,0.7238282872957794,0.6829459228969409,0.766013329393611,1.0,129,154
noncommodity_broad,Broad-primary-excluded non-commodity basket,spearman_product_alignment,Within-country product-rank alignment,554,New Zealand,NZL,25,0.7240516067385494,0.7268538994545186,0.6858236207386674,0.7683935782527331,1.0,129,154
noncommodity_broad,Broad-primary-excluded non-commodity basket,spearman_product_alignment,Within-country product-rank alignment,558,Nicaragua,NIC,25,0.7277813547847761,0.7292898020452199,0.6893354617218082,0.7716274335992646,1.0,129,154
noncommodity_broad,Broad-primary-excluded non-commodity basket,spearman_product_alignment,Within-country product-rank alignment,562,Niger,NER,25,0.725209679213674,0.7264585259941295,0.6895871354164739,0.7707081650743622,1.0,129,154
noncommodity_broad,Broad-primary-excluded non-commodity basket,spearman_product_alignment,Within-country product-rank alignment,566,Nigeria,NGA,25,0.7424474550832109,0.739760028409735,0.6999929665317969,0.7873658032108736,1.0,129,154
noncommodity_broad,Broad-primary-excluded non-commodity basket,spearman_product_alignment,Within-country product-rank alignment,807,North Macedonia,MKD,25,0.729572295914024,0.7325097503116078,0.6912203975421488,0.7739994747037,1.0,129,154
noncommodity_broad,Broad-primary-excluded non-commodity basket,spearman_product_alignment,Within-country product-rank alignment,579,Norway,NOR,25,0.7231166149492507,0.7257748120424176,0.6840961273534364,0.7674866213598607,1.0,129,154
noncommodity_broad,Broad-primary-excluded non-commodity basket,spearman_product_alignment,Within-country product-rank alignment,512,Oman,OMN,25,0.7265171804838725,0.729372603694667,0.6899827250661478,0.7707697232345119,1.0,129,154
noncommodity_broad,Broad-primary-excluded non-commodity basket,spearman_product_alignment,Within-country product-rank alignment,586,Pakistan,PAK,25,0.7395095680577457,0.7333451707228615,0.6885483111434564,0.7759559481216459,1.0,129,154
noncommodity_broad,Broad-primary-excluded non-commodity basket,spearman_product_alignment,Within-country product-rank alignment,591,Panama,PAN,25,0.7264737403622806,0.7283248227520673,0.6895235179637446,0.7706548146688992,1.0,129,154
noncommodity_broad,Broad-primary-excluded non-commodity basket,spearman_product_alignment,Within-country product-rank alignment,600,Paraguay,PRY,25,0.7272211941607074,0.7292529451972175,0.6921825457567078,0.772862700679602,1.0,129,154
noncommodity_broad,Broad-primary-excluded non-commodity basket,spearman_product_alignment,Within-country product-rank alignment,604,Peru,PER,25,0.7263565867050198,0.7280199161004115,0.6896547199930027,0.7698997012377293,1.0,129,154
noncommodity_broad,Broad-primary-excluded non-commodity basket,spearman_product_alignment,Within-country product-rank alignment,608,Philippines,PHL,25,0.7267836342525288,0.7282945927312124,0.6854037742450417,0.7686562264027053,1.0,129,154
noncommodity_broad,Broad-primary-excluded non-commodity basket,spearman_product_alignment,Within-country product-rank alignment,616,Poland,POL,25,0.721685121130331,0.7246525404420141,0.6846121886685181,0.7673183623887848,1.0,129,154
noncommodity_broad,Broad-primary-excluded non-commodity basket,spearman_product_alignment,Within-country product-rank alignment,620,Portugal,PRT,25,0.7234318296695111,0.7265955875110804,0.6841442347641644,0.7674127515676811,1.0,129,154
noncommodity_broad,Broad-primary-excluded non-commodity basket,spearman_product_alignment,Within-country product-rank alignment,634,Qatar,QAT,25,0.7312879999834192,0.7351399890099579,0.6896833828760963,0.7706876456876456,1.0,129,154
noncommodity_broad,Broad-primary-excluded non-commodity basket,spearman_product_alignment,Within-country product-rank alignment,410,Rep. of Korea,KOR,25,0.7212097982599961,0.7241801026630746,0.6829940303076688,0.7659928100068945,1.0,129,154
noncommodity_broad,Broad-primary-excluded non-commodity basket,spearman_product_alignment,Within-country product-rank alignment,498,Rep. of Moldova,MDA,25,0.7283483017015624,0.7301002987622704,0.6879097330038706,0.7715371482977116,1.0,129,154
noncommodity_broad,Broad-primary-excluded non-commodity basket,spearman_product_alignment,Within-country product-rank alignment,642,Romania,ROU,25,0.7241325845898436,0.7271789098414485,0.6857317793181869,0.7686316031386453,1.0,129,154
noncommodity_broad,Broad-primary-excluded non-commodity basket,spearman_product_alignment,Within-country product-rank alignment,643,Russian Federation,RUS,25,0.7227223556716847,0.724146596437618,0.6842754367934225,0.7682253192816572,1.0,130,154
noncommodity_broad,Broad-primary-excluded non-commodity basket,spearman_product_alignment,Within-country product-rank alignment,646,Rwanda,RWA,25,0.7245685704177908,0.726190476190476,0.6885483111434564,0.7690994451557831,1.0,130,154
noncommodity_broad,Broad-primary-excluded non-commodity basket,spearman_product_alignment,Within-country product-rank alignment,662,Saint Lucia,LCA,25,0.729695635905114,0.7300077228521245,0.695606918720343,0.772366131521061,1.0,130,154
noncommodity_broad,Broad-primary-excluded non-commodity basket,spearman_product_alignment,Within-country product-rank alignment,670,Saint Vincent and the Grenadines,VCT,25,0.7261933685554044,0.7251015238631338,0.6908457560423045,0.7727395843593027,1.0,130,154
noncommodity_broad,Broad-primary-excluded non-commodity basket,spearman_product_alignment,Within-country product-rank alignment,882,Samoa,WSM,25,0.7227785769235691,0.7243241794325385,0.6885483111434564,0.7679749827637151,1.0,129,154
noncommodity_broad,Broad-primary-excluded non-commodity basket,spearman_product_alignment,Within-country product-rank alignment,678,Sao Tome and Principe,STP,25,0.7258393689549483,0.725078069505314,0.6859548227679256,0.7753865852457402,1.0,130,154
noncommodity_broad,Broad-primary-excluded non-commodity basket,spearman_product_alignment,Within-country product-rank alignment,682,Saudi Arabia,SAU,25,0.7309973749361689,0.7314883234576507,0.6958430823730074,0.7744426934567779,1.0,129,154
noncommodity_broad,Broad-primary-excluded non-commodity basket,spearman_product_alignment,Within-country product-rank alignment,686,Senegal,SEN,25,0.7260836859767028,0.7282712127913366,0.6895278913647198,0.7711924226008733,1.0,129,154
noncommodity_broad,Broad-primary-excluded non-commodity basket,spearman_product_alignment,Within-country product-rank alignment,688,Serbia,SRB,25,0.7273993182354705,0.729993569648742,0.6885483111434564,0.7702917771883291,1.0,129,154
noncommodity_broad,Broad-primary-excluded non-commodity basket,spearman_product_alignment,Within-country product-rank alignment,690,Seychelles,SYC,25,0.7247491588002376,0.7236037955852197,0.6857668516345411,0.772312781115598,1.0,129,154
noncommodity_broad,Broad-primary-excluded non-commodity basket,spearman_product_alignment,Within-country product-rank alignment,702,Singapore,SGP,25,0.7229737680477417,0.7259090238966399,0.6857448995211127,0.7684017860074198,1.0,129,154
noncommodity_broad,Broad-primary-excluded non-commodity basket,spearman_product_alignment,Within-country product-rank alignment,703,Slovakia,SVK,25,0.7254044128086202,0.7286464825164515,0.686580219107389,0.7695221445221444,1.0,129,154
noncommodity_broad,Broad-primary-excluded non-commodity basket,spearman_product_alignment,Within-country product-rank alignment,705,Slovenia,SVN,25,0.7278013750200081,0.7298499622443284,0.6870656666156438,0.7706712301782724,1.0,129,154
noncommodity_broad,Broad-primary-excluded non-commodity basket,spearman_product_alignment,Within-country product-rank alignment,710,South Africa,ZAF,25,0.7228280426617824,0.725688630618208,0.6839080711115,0.7670146754653796,1.0,129,154
noncommodity_broad,Broad-primary-excluded non-commodity basket,spearman_product_alignment,Within-country product-rank alignment,724,Spain,ESP,25,0.7206487868256508,0.7234061088550252,0.6827053858433012,0.7657342657342657,1.0,129,154
noncommodity_broad,Broad-primary-excluded non-commodity basket,spearman_product_alignment,Within-country product-rank alignment,144,Sri Lanka,LKA,25,0.7291546563550267,0.7299900821572648,0.6908574052612015,0.7736916839029515,1.0,129,154
noncommodity_broad,Broad-primary-excluded non-commodity basket,spearman_product_alignment,Within-country product-rank alignment,740,Suriname,SUR,25,0.726916390102162,0.7263211504697573,0.6926411413467982,0.7761170754128501,1.0,129,154
noncommodity_broad,Broad-primary-excluded non-commodity basket,spearman_product_alignment,Within-country product-rank alignment,752,Sweden,SWE,25,0.721458445679066,0.7244481524667282,0.6832127003564323,0.7662103155060901,1.0,129,154
noncommodity_broad,Broad-primary-excluded non-commodity basket,spearman_product_alignment,Within-country product-rank alignment,757,Switzerland,CHE,25,0.7224312232382987,0.7253028661479365,0.683273927970086,0.7664401326373156,1.0,129,154
noncommodity_broad,Broad-primary-excluded non-commodity basket,spearman_product_alignment,Within-country product-rank alignment,764,Thailand,THA,25,0.7227238603671554,0.7258487126908179,0.6840217795368569,0.7676056338028169,1.0,129,154
noncommodity_broad,Broad-primary-excluded non-commodity basket,spearman_product_alignment,Within-country product-rank alignment,768,Togo,TGO,25,0.723963085937097,0.7258152064653611,0.6872143622488028,0.7694646902393381,1.0,129,154
noncommodity_broad,Broad-primary-excluded non-commodity basket,spearman_product_alignment,Within-country product-rank alignment,776,Tonga,TON,25,0.7226646384958277,0.7269571279191355,0.6828846952832871,0.7675851144161003,1.0,130,154
noncommodity_broad,Broad-primary-excluded non-commodity basket,spearman_product_alignment,Within-country product-rank alignment,780,Trinidad and Tobago,TTO,25,0.7258567445919941,0.7282745634138822,0.6892436203013275,0.7703306083587773,1.0,129,154
noncommodity_broad,Broad-primary-excluded non-commodity basket,spearman_product_alignment,Within-country product-rank alignment,788,Tunisia,TUN,25,0.7253885532597855,0.7287201962124562,0.6877129299599835,0.7698997012377293,1.0,129,154
noncommodity_broad,Broad-primary-excluded non-commodity basket,spearman_product_alignment,Within-country product-rank alignment,792,Türkiye,TUR,25,0.7230895450954412,0.7258185570879068,0.6850582755679956,0.767868281952789,1.0,129,154
noncommodity_broad,Broad-primary-excluded non-commodity basket,spearman_product_alignment,Within-country product-rank alignment,842,USA,USA,25,0.7200994261875704,0.7228767104928094,0.6823642605672302,0.7654634098296069,1.0,129,154
noncommodity_broad,Broad-primary-excluded non-commodity basket,spearman_product_alignment,Within-country product-rank alignment,800,Uganda,UGA,25,0.7266822834331879,0.7291222709179365,0.6904375587675757,0.7713155389211727,1.0,129,154
noncommodity_broad,Broad-primary-excluded non-commodity basket,spearman_product_alignment,Within-country product-rank alignment,804,Ukraine,UKR,25,0.7242605452781293,0.7275809845469288,0.6856880453084342,0.7686316031386453,1.0,129,154
noncommodity_broad,Broad-primary-excluded non-commodity basket,spearman_product_alignment,Within-country product-rank alignment,784,United Arab Emirates,ARE,25,0.7238807190720695,0.7260933081366516,0.6885483111434564,0.7702917771883291,1.0,130,154
noncommodity_broad,Broad-primary-excluded non-commodity basket,spearman_product_alignment,Within-country product-rank alignment,826,United Kingdom,GBR,25,0.720356736174455,0.72305429348773,0.6823992477750325,0.76551676023507,1.0,129,154
noncommodity_broad,Broad-primary-excluded non-commodity basket,spearman_product_alignment,Within-country product-rank alignment,834,United Rep. of Tanzania,TZA,25,0.7290879310430999,0.7313976995468804,0.6940552386381725,0.7774754588134869,1.0,129,154
noncommodity_broad,Broad-primary-excluded non-commodity basket,spearman_product_alignment,Within-country product-rank alignment,858,Uruguay,URY,25,0.7262216110223476,0.7286699368742712,0.6899827250661478,0.7701007912275517,1.0,129,154
noncommodity_broad,Broad-primary-excluded non-commodity basket,spearman_product_alignment,Within-country product-rank alignment,704,Viet Nam,VNM,25,0.7260407586565847,0.7271789098414485,0.6905014862828862,0.7745288748809875,1.0,130,154
noncommodity_broad,Broad-primary-excluded non-commodity basket,spearman_product_alignment,Within-country product-rank alignment,894,Zambia,ZMB,25,0.7262358633526743,0.7284990551244421,0.6882945922896941,0.7707861387438852,1.0,129,154
noncommodity_broad,Broad-primary-excluded non-commodity basket,spearman_product_alignment,Within-country product-rank alignment,716,Zimbabwe,ZWE,25,0.7267372462017835,0.7286062750459034,0.6902013951149113,0.7715740831938015,1.0,129,154
